epoch,step,batch_loss,running_acc,timestamp
0,1,0.8357337713241577,0.28125,1786404812.043227
0,2,0.720399022102356,0.3125,1786404812.20251
0,3,0.7776748538017273,0.3229166666666667,1786404812.3622088
0,4,0.8198801875114441,0.30859375,1786404812.519564
0,5,0.7374723553657532,0.278125,1786404812.6778216
0,6,0.7443199157714844,0.2890625,1786404812.8336623
0,7,0.7227702140808105,0.27901785714285715,1786404812.9901242
0,8,0.8028402328491211,0.275390625,1786404813.148214
0,9,0.7565195560455322,0.2795138888888889,1786404813.3318603
0,10,0.7302086353302002,0.278125,1786404813.4894469
0,11,0.6454731225967407,0.2869318181818182,1786404813.6505935
0,12,0.7527683973312378,0.28515625,1786404813.8075454
0,13,0.6758453845977783,0.2800480769230769,1786404813.9666808
0,14,0.7634462118148804,0.2767857142857143,1786404814.124731
0,15,0.6962018609046936,0.27395833333333336,1786404814.2829924
0,16,0.6708405017852783,0.2724609375,1786404814.4408717
0,17,0.7877280712127686,0.27297794117647056,1786404814.5982535
0,18,0.7024676203727722,0.2664930555555556,1786404814.7734456
0,19,0.678281843662262,0.2598684210526316,1786404814.9295275
0,20,0.6572281122207642,0.2640625,1786404815.0896506
0,21,0.6708869934082031,0.26785714285714285,1786404815.2465065
0,22,0.6794536113739014,0.2734375,1786404815.402778
0,23,0.7059336304664612,0.2764945652173913,1786404815.5614438
0,24,0.6951557397842407,0.2766927083333333,1786404815.723542
0,25,0.5999565124511719,0.276875,1786404815.879887
0,26,0.6658149361610413,0.27584134615384615,1786404816.039417
0,27,0.6222230792045593,0.27488425925925924,1786404816.2016606
0,28,0.6296597719192505,0.27901785714285715,1786404816.3608088
0,29,0.6701326370239258,0.2790948275862069,1786404816.5181115
0,30,0.7000302076339722,0.278125,1786404816.689499
0,31,0.6856247186660767,0.2777217741935484,1786404816.8635106
0,32,0.6581407189369202,0.27734375,1786404817.0283117
0,33,0.6290172338485718,0.2774621212121212,1786404817.1871624
0,34,0.6395394802093506,0.27941176470588236,1786404817.3434777
0,35,0.7138941884040833,0.2767857142857143,1786404817.5030284
0,36,0.6740560531616211,0.2764756944444444,1786404817.6616247
0,37,0.6536883115768433,0.2778716216216216,1786404817.8279014
0,38,0.6183869242668152,0.27837171052631576,1786404817.9862392
0,39,0.7192498445510864,0.2776442307692308,1786404818.145807
0,40,0.6171135306358337,0.27890625,1786404818.302874
0,41,0.6350741982460022,0.28010670731707316,1786404818.4612732
0,42,0.6493237018585205,0.28087797619047616,1786404818.630339
0,43,0.7231763005256653,0.28234011627906974,1786404818.7903702
0,44,0.6276140809059143,0.28267045454545453,1786404818.9486704
0,45,0.6485687494277954,0.28368055555555555,1786404819.1090353
0,46,0.6330584287643433,0.2836277173913043,1786404819.2685254
0,47,0.754416823387146,0.2839095744680851,1786404819.4288201
0,48,0.6388294696807861,0.2828776041666667,1786404819.587188
0,49,0.6003033518791199,0.28348214285714285,1786404819.7446277
0,50,0.7413093447685242,0.28375,1786404819.9156091
0,51,0.6213972568511963,0.28431372549019607,1786404820.0751376
0,52,0.6267874240875244,0.28455528846153844,1786404820.2390568
0,53,0.6226722002029419,0.2847877358490566,1786404820.4010634
0,54,0.6080377101898193,0.28530092592592593,1786404820.5720649
0,55,0.6811375021934509,0.2840909090909091,1786404820.7308795
0,56,0.7068456411361694,0.28487723214285715,1786404820.8928754
0,57,0.6173957586288452,0.28536184210526316,1786404821.051837
0,58,0.6572017669677734,0.28529094827586204,1786404821.2081861
0,59,0.7076563835144043,0.2841631355932203,1786404821.3665588
0,60,0.6161454319953918,0.28489583333333335,1786404821.5243995
0,61,0.6098277568817139,0.28662909836065575,1786404821.6833143
0,62,0.5964420437812805,0.2862903225806452,1786404821.840876
0,63,0.641271710395813,0.2847222222222222,1786404822.0029376
0,64,0.6133259534835815,0.285888671875,1786404822.159196
0,65,0.6922239661216736,0.2865384615384615,1786404822.3322704
0,66,0.6348385810852051,0.2869318181818182,1786404822.4877548
0,67,0.647844135761261,0.28661380597014924,1786404822.6475153
0,68,0.5345276594161987,0.28699448529411764,1786404822.8092465
0,69,0.6184483766555786,0.2857789855072464,1786404822.970636
0,70,0.7210312485694885,0.28415178571428573,1786404823.1301572
0,71,0.6155475974082947,0.28565140845070425,1786404823.28886
0,72,0.6582732796669006,0.2864583333333333,1786404823.444502
0,73,0.6063814759254456,0.2857448630136986,1786404823.6027477
0,74,0.6390482783317566,0.28652871621621623,1786404823.762272
0,75,0.6189801692962646,0.285,1786404823.9351006
0,76,0.6485931277275085,0.2837171052631579,1786404824.0939844
0,77,0.6331772804260254,0.2846996753246753,1786404824.2526197
0,78,0.6804134845733643,0.2854567307692308,1786404824.4191408
0,79,0.7356052398681641,0.28560126582278483,1786404824.5782235
0,80,0.7289934158325195,0.2859375,1786404824.7550137
0,81,0.6681833267211914,0.2862654320987654,1786404824.9176915
0,82,0.7128355503082275,0.2862042682926829,1786404825.0758228
0,83,0.6625384092330933,0.286144578313253,1786404825.2339272
0,84,0.6546448469161987,0.28720238095238093,1786404825.3899715
0,85,0.6846063733100891,0.2869485294117647,1786404825.5501986
0,86,0.7261530160903931,0.2870639534883721,1786404825.718146
0,87,0.6040146946907043,0.28663793103448276,1786404825.876922
0,88,0.622615396976471,0.28657670454545453,1786404826.0511956
0,89,0.6585730910301208,0.2870435393258427,1786404826.2117307
0,90,0.6719966530799866,0.28680555555555554,1786404826.3851955
0,91,0.6966783404350281,0.2865728021978022,1786404826.542179
0,92,0.6040926575660706,0.28566576086956524,1786404826.7160165
0,93,0.6550399661064148,0.2857862903225806,1786404826.8868082
0,94,0.7663595080375671,0.2855718085106383,1786404827.045063
0,95,0.5922200679779053,0.2850328947368421,1786404827.216376
0,96,0.5955977439880371,0.28515625,1786404827.3756504
0,97,0.7301207780838013,0.28398840206185566,1786404827.531958
0,98,0.7173281908035278,0.28380102040816324,1786404827.6919906
0,99,0.7271329164505005,0.2840909090909091,1786404827.8494074
0,100,0.6114208698272705,0.28515625,1786404828.0072737
0,101,0.6450879573822021,0.2841893564356436,1786404828.1659765
0,102,0.6265032291412354,0.2844669117647059,1786404828.3240294
0,103,0.7060249447822571,0.28398058252427183,1786404828.494054
0,104,0.5819631814956665,0.2839543269230769,1786404828.653719
0,105,0.5701472163200378,0.28526785714285713,1786404828.8122783
0,106,0.662718653678894,0.28537735849056606,1786404828.9700255
0,107,0.7202951908111572,0.2846086448598131,1786404829.1303234
0,108,0.6404320001602173,0.2842881944444444,1786404829.29042
0,109,0.5440452098846436,0.28411697247706424,1786404829.4674351
0,110,0.6609675884246826,0.28480113636363635,1786404829.62453
0,111,0.5997772216796875,0.2853322072072072,1786404829.7823255
0,112,0.6779069900512695,0.28543526785714285,1786404829.941199
0,113,0.922485888004303,0.2853982300884956,1786404830.097767
0,114,0.6658370494842529,0.2856359649122807,1786404830.2758586
0,115,0.6514010429382324,0.2854619565217391,1786404830.4347417
0,116,0.5636478662490845,0.2862338362068966,1786404830.5923
0,117,0.6406823396682739,0.28699252136752135,1786404830.7517526
0,118,0.61695796251297,0.2877383474576271,1786404830.9097795
0,119,0.6247624158859253,0.28807773109243695,1786404831.0681043
0,120,0.6102218627929688,0.28854166666666664,1786404831.227882
0,121,0.6866421699523926,0.2892561983471074,1786404831.4052424
0,122,0.541327178478241,0.289702868852459,1786404831.5627387
0,123,0.7048882842063904,0.29026930894308944,1786404831.7208877
0,124,0.5911116600036621,0.29057459677419356,1786404831.8943508
0,125,0.699295163154602,0.29025,1786404832.053401
0,126,0.6160571575164795,0.2904265873015873,1786404832.21289
0,127,0.6119247078895569,0.2907234251968504,1786404832.3718038
0,128,0.6776443719863892,0.290771484375,1786404832.5407982
0,129,0.6563549041748047,0.2911821705426357,1786404832.7000966
0,130,0.6280220746994019,0.2915865384615385,1786404832.8693569
0,131,0.6090087890625,0.2909112595419847,1786404833.0296502
0,132,0.6134365797042847,0.2908380681818182,1786404833.1880674
0,133,0.6797799468040466,0.2908834586466165,1786404833.3460622
0,134,0.6099544167518616,0.2916277985074627,1786404833.503568
0,135,0.7226331233978271,0.29108796296296297,1786404833.6637626
0,136,0.5971503257751465,0.29021139705882354,1786404833.8231869
0,137,0.5534337162971497,0.28946167883211676,1786404833.9833493
0,138,0.6515093445777893,0.2896286231884058,1786404834.1402547
0,139,0.645447313785553,0.28990557553956836,1786404834.3020475
0,140,0.6917676329612732,0.28995535714285714,1786404834.462691
0,141,0.6476870179176331,0.29055851063829785,1786404834.6231434
0,142,0.5414419174194336,0.2911531690140845,1786404834.793593
0,143,0.7316157817840576,0.29086538461538464,1786404834.967434
0,144,0.5340718626976013,0.2913411458333333,1786404835.124427
0,145,0.6320908069610596,0.29116379310344825,1786404835.2839916
0,146,0.6143613457679749,0.2909888698630137,1786404835.4443944
0,147,0.5915017127990723,0.29209183673469385,1786404835.6020834
0,148,0.7173131704330444,0.29212415540540543,1786404835.7607725
0,149,0.5639809966087341,0.291631711409396,1786404835.9343119
0,150,0.5896037817001343,0.2916666666666667,1786404836.0929525
0,151,0.6624311208724976,0.29149420529801323,1786404836.2494876
0,152,0.720859169960022,0.29214638157894735,1786404836.4193811
0,153,0.6632226705551147,0.2920751633986928,1786404836.5774066
0,154,0.5004028677940369,0.2930194805194805,1786404836.7349384
0,155,0.7489591836929321,0.29254032258064516,1786404836.8953896
0,156,0.7734372019767761,0.2922676282051282,1786404837.0555418
0,157,0.6294987797737122,0.29249601910828027,1786404837.2173073
0,158,0.729733943939209,0.2926226265822785,1786404837.3772542
0,159,0.6442016363143921,0.29245283018867924,1786404837.5517378
0,160,0.6329606771469116,0.29306640625,1786404837.7266824
0,161,0.5911071300506592,0.29299301242236025,1786404837.8853145
0,162,0.647102952003479,0.29301697530864196,1786404838.0424943
0,163,0.5997965335845947,0.29399923312883436,1786404838.2022746
0,164,0.5503416657447815,0.2943978658536585,1786404838.3613453
0,165,0.5493765473365784,0.2950757575757576,1786404838.5180597
0,166,0.6891746520996094,0.2958396084337349,1786404838.6798205
0,167,0.5796562433242798,0.2964071856287425,1786404838.8401618
0,168,0.55622798204422,0.2966889880952381,1786404839.0057652
0,169,0.7172846794128418,0.29659763313609466,1786404839.1658797
0,170,0.6041728258132935,0.29724264705882353,1786404839.3337784
0,171,0.6234803199768066,0.29733187134502925,1786404839.4918537
0,172,0.663818359375,0.2973292151162791,1786404839.6504028
0,173,0.5403061509132385,0.29759754335260113,1786404839.8094096
0,174,0.6682909727096558,0.2978627873563218,1786404839.9675665
0,175,0.4741286337375641,0.2980357142857143,1786404840.126886
0,176,0.5603038668632507,0.2976740056818182,1786404840.2864406
0,177,0.6852818727493286,0.2976694915254237,1786404840.4448712
0,178,0.6037604212760925,0.29810393258426965,1786404840.6064987
0,179,0.6774322986602783,0.29800977653631283,1786404840.7675276
0,180,0.62408846616745,0.29878472222222224,1786404840.9265902
0,181,0.5997344255447388,0.2994647790055249,1786404841.0890214
0,182,0.5375978350639343,0.29945054945054944,1786404841.2464082
0,183,0.6383790969848633,0.2996072404371585,1786404841.405782
0,184,0.7836113572120667,0.2990828804347826,1786404841.5652626
0,185,0.6147063970565796,0.29907094594594597,1786404841.7261581
0,186,0.7886772155761719,0.2991431451612903,1786404841.8865519
0,187,0.6040259599685669,0.29913101604278075,1786404842.0443003
0,188,0.6262146234512329,0.2990359042553192,1786404842.2033057
0,189,0.668054461479187,0.2986111111111111,1786404842.363162
0,190,0.6246083974838257,0.29827302631578945,1786404842.5268712
0,191,0.6031480431556702,0.29785667539267013,1786404842.6942437
0,192,0.6193639636039734,0.2979329427083333,1786404842.863075
0,193,0.6706891059875488,0.2975226683937824,1786404843.0387938
0,194,0.5721691846847534,0.29776095360824745,1786404843.1966412
0,195,0.5365321040153503,0.29783653846153846,1786404843.3552036
0,196,0.663733959197998,0.2973533163265306,1786404843.5115333
0,197,0.6257761120796204,0.29774746192893403,1786404843.6723833
0,198,0.6630653142929077,0.2970328282828283,1786404843.8325598
0,199,0.6064887046813965,0.2972675879396985,1786404843.9913077
0,200,0.5652226209640503,0.297421875,1786404844.1643145
0,201,0.6119343638420105,0.29780783582089554,1786404844.3221247
0,202,0.6598067879676819,0.2980352722772277,1786404844.480153
0,203,0.6898279190063477,0.29779864532019706,1786404844.637228
0,204,0.6578578352928162,0.2974877450980392,1786404844.796095
0,205,0.679063081741333,0.29778963414634146,1786404844.9731612
0,206,0.6743887662887573,0.29816444174757284,1786404845.13191
0,207,0.5733279585838318,0.29785628019323673,1786404845.2911284
0,208,0.723179817199707,0.2981520432692308,1786404845.4495118
0,209,0.6259557008743286,0.29799641148325356,1786404845.6086292
0,210,0.6164512634277344,0.2984375,1786404845.7659948
0,211,0.611305832862854,0.2984300947867299,1786404845.92679
0,212,0.5596641302108765,0.29879127358490565,1786404846.0994287
0,213,0.6106606125831604,0.2992957746478873,1786404846.2600043
0,214,0.6686112284660339,0.2995035046728972,1786404846.4193423
0,215,0.6571797132492065,0.29992732558139534,1786404846.5771894
0,216,0.5532264113426208,0.30049189814814814,1786404846.7357605
0,217,0.7551765441894531,0.300043202764977,1786404846.90044
0,218,0.6369717121124268,0.3001003440366973,1786404847.0738919
0,219,0.6057791709899902,0.299300799086758,1786404847.2323723
0,220,0.6714819669723511,0.2995028409090909,1786404847.3937893
0,221,0.6084492206573486,0.2993495475113122,1786404847.5495594
0,222,0.5511574745178223,0.299268018018018,1786404847.709126
0,223,0.6051583290100098,0.29953755605381166,1786404847.8685489
0,224,0.6788660287857056,0.2992466517857143,1786404848.0426126
0,225,0.5988647937774658,0.2995138888888889,1786404848.2009892
0,226,0.6722112894058228,0.29943307522123896,1786404848.3591256
0,227,0.5974319577217102,0.29990363436123346,1786404848.51567
0,228,0.6051895618438721,0.30002741228070173,1786404848.6763897
0,229,0.6333631277084351,0.30049126637554585,1786404848.8362606
0,230,0.6031743288040161,0.3011548913043478,1786404848.9935126
0,231,0.7330819368362427,0.3007981601731602,1786404849.1534138
0,232,0.5940257906913757,0.3005792025862069,1786404849.3294983
0,233,0.5892579555511475,0.3002280042918455,1786404849.4920745
0,234,0.6978095173835754,0.2998130341880342,1786404849.6519017
0,235,0.6591669321060181,0.29960106382978724,1786404849.8135457
0,236,0.7153415679931641,0.2997219279661017,1786404849.9760456
0,237,0.6726494431495667,0.2997758438818565,1786404850.1332445
0,238,0.6338253617286682,0.29976365546218486,1786404850.2928104
0,239,0.6184393167495728,0.2998169456066946,1786404850.4503186
0,240,0.533570408821106,0.29986979166666666,1786404850.6065364
0,241,0.6736793518066406,0.300051867219917,1786404850.7685063
0,242,0.5716273188591003,0.30049070247933884,1786404850.9336503
0,243,0.5836690664291382,0.3004115226337449,1786404851.1105938
0,244,0.5013895034790039,0.3007172131147541,1786404851.2681031
0,245,0.5270510911941528,0.3010204081632653,1786404851.4262228
0,246,0.5740674138069153,0.3011305894308943,1786404851.5824604
0,247,0.5431810617446899,0.3007970647773279,1786404851.7452137
0,248,0.691771388053894,0.30052923387096775,1786404851.904947
0,249,0.6139376163482666,0.3003890562248996,1786404852.0708334
0,250,0.6518436670303345,0.300125,1786404852.2301745
0,251,0.6497372984886169,0.30004980079681276,1786404852.3903964
0,252,0.5877851247787476,0.3005952380952381,1786404852.5488214
0,253,0.6242600679397583,0.3005187747035573,1786404852.7119317
0,254,0.6577650308609009,0.30056594488188976,1786404852.892177
0,255,0.6360660791397095,0.30073529411764705,1786404853.048744
0,256,0.61783766746521,0.3006591796875,1786404853.206681
0,257,0.6556549072265625,0.3006444552529183,1786404853.3653338
0,258,0.6705304384231567,0.3004481589147287,1786404853.5243497
0,259,0.6195391416549683,0.30073600386100385,1786404853.6854362
0,260,0.5529520511627197,0.3004807692307692,1786404853.8498337
0,261,0.6353562474250793,0.3004669540229885,1786404854.0073066
0,262,0.6532250642776489,0.30051288167938933,1786404854.1675305
0,263,0.6063138246536255,0.30055846007604564,1786404854.328382
0,264,0.6522402763366699,0.3006628787878788,1786404854.4874043
0,265,0.5609005093574524,0.30100235849056606,1786404854.65694
0,266,0.6316103935241699,0.30122180451127817,1786404854.814638
0,267,0.6116527915000916,0.30161516853932585,1786404854.9726021
0,268,0.7595380544662476,0.30188899253731344,1786404855.1294472
0,269,0.5073570013046265,0.3021026951672863,1786404855.287285
0,270,0.6816723346710205,0.30214120370370373,1786404855.4483504
0,271,0.5521759390830994,0.30217942804428044,1786404855.6226115
0,272,0.5787090063095093,0.30193014705882354,1786404855.8019805
0,273,0.6571781635284424,0.3023695054945055,1786404855.9602382
0,274,0.5917107462882996,0.30280565693430656,1786404856.1173608
0,275,0.6520949602127075,0.30261363636363636,1786404856.2763746
0,276,0.6416435837745667,0.30264945652173914,1786404856.4345906
0,277,0.6523442268371582,0.30245938628158847,1786404856.5939536
0,278,0.5652151107788086,0.30260791366906475,1786404856.7524154
0,279,0.5783447623252869,0.30286738351254483,1786404856.9114249
0,280,0.6235882043838501,0.302734375,1786404857.068973
0,281,0.5323829054832458,0.3024354982206406,1786404857.2392478
0,282,0.6965517401695251,0.3028590425531915,1786404857.3983736
0,283,0.7706523537635803,0.3031691696113074,1786404857.5574636
0,284,0.6581069231033325,0.3028719190140845,1786404857.7319815
0,285,0.7069416046142578,0.3028508771929825,1786404857.8910797
0,286,0.5667755603790283,0.30277534965034963,1786404858.0482175
0,287,0.6342889070510864,0.30313588850174217,1786404858.2066064
0,288,0.6146655678749084,0.3033854166666667,1786404858.367506
0,289,0.6307877898216248,0.3032006920415225,1786404858.5266387
0,290,0.6405593156814575,0.30344827586206896,1786404858.6872168
0,291,0.5988051891326904,0.30315721649484534,1786404858.8465014
0,292,0.6232101917266846,0.3029751712328767,1786404859.0038579
0,293,0.5807291269302368,0.30306100682593856,1786404859.161839
0,294,0.7302923798561096,0.30309311224489793,1786404859.3276842
0,295,0.615739643573761,0.30360169491525424,1786404859.4848797
0,296,0.6580972671508789,0.30331503378378377,1786404859.6540549
0,297,0.6036922335624695,0.30339856902356904,1786404859.8140044
0,298,0.6329568028450012,0.3031669463087248,1786404859.9725459
0,299,0.7042142748832703,0.30319816053511706,1786404860.1441662
0,300,0.5554099082946777,0.30364583333333334,1786404860.303078
0,301,0.6025533080101013,0.30398671096345514,1786404860.4613645
0,302,0.5952168703079224,0.3045322847682119,1786404860.617833
0,303,0.5530772805213928,0.30466171617161714,1786404860.7772462
0,304,0.5857254266738892,0.30463610197368424,1786404860.93455
0,305,0.619235634803772,0.304405737704918,1786404861.0946188
0,306,0.8053600192070007,0.3043300653594771,1786404861.2736545
0,307,0.6590002775192261,0.3045093648208469,1786404861.438189
0,308,0.5423248410224915,0.30499188311688313,1786404861.5966833
0,309,0.7683267593383789,0.3051173139158576,1786404861.754169
0,310,0.5759038329124451,0.3056451612903226,1786404861.911002
0,311,0.6414631009101868,0.30541599678456594,1786404862.0691862
0,312,0.6188403964042664,0.30513822115384615,1786404862.2392166
0,313,0.6541263461112976,0.3053614217252396,1786404862.3977182
0,314,0.6897573471069336,0.3053343949044586,1786404862.5562675
0,315,0.6390150785446167,0.30545634920634923,1786404862.7183824
0,316,0.619217038154602,0.3056764240506329,1786404862.8757155
0,317,0.7274357676506042,0.3056979495268139,1786404863.0341537
0,318,0.6508618593215942,0.3058667452830189,1786404863.2075324
0,319,0.6515458822250366,0.30578957680250785,1786404863.3677578
0,320,0.6609761714935303,0.305859375,1786404863.5242517
0,321,0.5963050127029419,0.3061721183800623,1786404863.6955113
0,322,0.5798360109329224,0.3063858695652174,1786404863.8537915
0,323,0.6331794261932373,0.3063564241486068,1786404864.0115907
0,324,0.6384521722793579,0.306616512345679,1786404864.1829958
0,325,0.6366386413574219,0.30620192307692307,1786404864.3411763
0,326,0.6615439653396606,0.3064608895705521,1786404864.4972985
0,327,0.6427196264266968,0.30609709480122327,1786404864.6570847
0,328,0.5218527913093567,0.30621189024390244,1786404864.8127978
0,329,0.6289376020431519,0.3061360182370821,1786404864.9691322
0,330,0.6323516964912415,0.3062026515151515,1786404865.1270947
0,331,0.5439213514328003,0.3063632930513595,1786404865.283563
0,332,0.6513875126838684,0.3060523343373494,1786404865.4412713
0,333,0.5709540843963623,0.30593093093093093,1786404865.597766
0,334,0.5707240700721741,0.30618450598802394,1786404865.7556992
0,335,0.6123396158218384,0.3061100746268657,1786404865.911944
0,336,0.632481575012207,0.3060825892857143,1786404866.0681894
0,337,0.5773177742958069,0.3057770771513353,1786404866.225823
0,338,0.6609830856323242,0.30561205621301774,1786404866.3829281
0,339,0.6252002120018005,0.30549410029498525,1786404866.5392435
0,340,0.6896570324897766,0.3056525735294118,1786404866.6992648
0,341,0.6720561981201172,0.3060850439882698,1786404866.855312
0,342,0.6552244424819946,0.305875365497076,1786404867.013236
0,343,0.5678784847259521,0.30598578717201164,1786404867.1706858
0,344,0.6248884797096252,0.30636809593023256,1786404867.3289585
0,345,0.5958037972450256,0.3058876811594203,1786404867.485919
0,346,0.6562435030937195,0.30626806358381503,1786404867.6438432
1,347,0.5574696660041809,0.40625,1786404877.5246878
1,348,0.6259815692901611,0.3203125,1786404877.7001302
1,349,0.6571760773658752,0.3489583333333333,1786404877.8650863
1,350,0.5988715887069702,0.3515625,1786404878.0309286
1,351,0.5976470708847046,0.359375,1786404878.1989305
1,352,0.5962490439414978,0.3411458333333333,1786404878.3680146
1,353,0.506011426448822,0.3392857142857143,1786404878.5582507
1,354,0.4827421307563782,0.36328125,1786404878.733015
1,355,0.570565938949585,0.375,1786404878.9286091
1,356,0.5768983960151672,0.3640625,1786404879.0903187
1,357,0.5640049576759338,0.3664772727272727,1786404879.2542646
1,358,0.6714564561843872,0.3567708333333333,1786404879.4246778
1,359,0.5856367349624634,0.35096153846153844,1786404879.5889385
1,360,0.6368353962898254,0.3482142857142857,1786404879.753796
1,361,0.55526202917099,0.35104166666666664,1786404879.9348795
1,362,0.5876491665840149,0.3544921875,1786404880.1445594
1,363,0.6461943984031677,0.35202205882352944,1786404880.3345914
1,364,0.622376561164856,0.3454861111111111,1786404880.4972985
1,365,0.5357428193092346,0.3379934210526316,1786404880.6811936
1,366,0.7076407670974731,0.33671875,1786404880.842145
1,367,0.6171501874923706,0.3325892857142857,1786404881.0051808
1,368,0.5990259647369385,0.33451704545454547,1786404881.1673405
1,369,0.7135563492774963,0.3335597826086957,1786404881.3517914
1,370,0.6499200463294983,0.3313802083333333,1786404881.5119083
1,371,0.6161478757858276,0.33125,1786404881.7142212
1,372,0.5993490219116211,0.3347355769230769,1786404881.8851461
1,373,0.5942371487617493,0.33622685185185186,1786404882.046633
1,374,0.6300733089447021,0.33761160714285715,1786404882.206059
1,375,0.5626769065856934,0.33728448275862066,1786404882.3808196
1,376,0.6473312377929688,0.33489583333333334,1786404882.5394778
1,377,0.46189749240875244,0.34274193548387094,1786404882.698317
1,378,0.6867040991783142,0.34130859375,1786404882.859114
1,379,0.5242366790771484,0.3390151515151515,1786404883.0200384
1,380,0.579849123954773,0.3368566176470588,1786404883.1774561
1,381,0.606879472732544,0.33973214285714287,1786404883.3354409
1,382,0.6254004836082458,0.3368055555555556,1786404883.4957716
1,383,0.5439057946205139,0.34121621621621623,1786404883.6545618
1,384,0.6773301959037781,0.34004934210526316,1786404883.8141909
1,385,0.640472412109375,0.33613782051282054,1786404883.975644
1,386,0.6018667817115784,0.334375,1786404884.135689
1,387,0.5294409990310669,0.3326981707317073,1786404884.2976408
1,388,0.6624732613563538,0.33035714285714285,1786404884.4608762
1,389,0.7177293300628662,0.33103197674418605,1786404884.6222265
1,390,0.636018693447113,0.33167613636363635,1786404884.7817612
1,391,0.6351380348205566,0.33229166666666665,1786404884.9463198
1,392,0.5786682367324829,0.3335597826086957,1786404885.1032486
1,393,0.6069822311401367,0.3337765957446808,1786404885.264044
1,394,0.6333596110343933,0.3346354166666667,1786404885.4222648
1,395,0.6248458027839661,0.33322704081632654,1786404885.5907261
1,396,0.609627366065979,0.3325,1786404885.748964
1,397,0.6289078593254089,0.33118872549019607,1786404885.908698
1,398,0.6617403626441956,0.33143028846153844,1786404886.0855358
1,399,0.5761132836341858,0.3313679245283019,1786404886.2432268
1,400,0.6647577285766602,0.33130787037037035,1786404886.4017265
1,401,0.7086198329925537,0.3309659090909091,1786404886.5602303
1,402,0.6743399500846863,0.32840401785714285,1786404886.7191887
1,403,0.5871527194976807,0.3275767543859649,1786404886.879534
1,404,0.586293637752533,0.32677801724137934,1786404887.0369608
1,405,0.5793411731719971,0.3254766949152542,1786404887.2013705
1,406,0.570144772529602,0.3234375,1786404887.3597004
1,407,0.5545108318328857,0.32325819672131145,1786404887.5300086
1,408,0.6138185262680054,0.3238407258064516,1786404887.6867225
1,409,0.5865280032157898,0.3239087301587302,1786404887.84587
1,410,0.5914505124092102,0.323974609375,1786404888.0044868
1,411,0.5736896991729736,0.32548076923076924,1786404888.1636884
1,412,0.62308669090271,0.32646780303030304,1786404888.3233593
1,413,0.5828357934951782,0.3257929104477612,1786404888.4866881
1,414,0.6161949038505554,0.32628676470588236,1786404888.6476514
1,415,0.672605037689209,0.32608695652173914,1786404888.8179164
1,416,0.6078586578369141,0.3234375,1786404888.978344
1,417,0.5256276726722717,0.3221830985915493,1786404889.139695
1,418,0.6750346422195435,0.3216145833333333,1786404889.298176
1,419,0.6447011828422546,0.3217037671232877,1786404889.4694364
1,420,0.793653130531311,0.32263513513513514,1786404889.6277058
1,421,0.7510161399841309,0.32145833333333335,1786404889.7864988
1,422,0.5741541981697083,0.3223684210526316,1786404889.9492412
1,423,0.6400065422058105,0.32305194805194803,1786404890.1108694
1,424,0.5466887950897217,0.3233173076923077,1786404890.2685187
1,425,0.6378747224807739,0.32416930379746833,1786404890.4274304
1,426,0.5928454399108887,0.3228515625,1786404890.584946
1,427,0.6656173467636108,0.3221450617283951,1786404890.7428281
1,428,0.6318227648735046,0.32183689024390244,1786404890.9027634
1,429,0.5812267661094666,0.32379518072289154,1786404891.0628426
1,430,0.608788013458252,0.3240327380952381,1786404891.218868
1,431,0.5394190549850464,0.32371323529411766,1786404891.3830304
1,432,0.5578300952911377,0.3226744186046512,1786404891.5414302
1,433,0.6036525368690491,0.32076149425287354,1786404891.7008052
1,434,0.593269944190979,0.32084517045454547,1786404891.86873
1,435,0.5344304442405701,0.3204002808988764,1786404892.025393
1,436,0.6874245405197144,0.3199652777777778,1786404892.1859372
1,437,0.5932273864746094,0.3203983516483517,1786404892.3447385
1,438,0.5787014365196228,0.32082201086956524,1786404892.504161
1,439,0.6712716221809387,0.32039650537634407,1786404892.6629353
1,440,0.48828980326652527,0.3211436170212766,1786404892.8286629
1,441,0.5146487951278687,0.3213815789473684,1786404892.987189
1,442,0.5686494708061218,0.3224283854166667,1786404893.151302
1,443,0.6615524291992188,0.32200386597938147,1786404893.3122182
1,444,0.5907448530197144,0.32302295918367346,1786404893.4689941
1,445,0.5609344244003296,0.32323232323232326,1786404893.6255765
1,446,0.5756495594978333,0.32390625,1786404893.7835546
1,447,0.6494019031524658,0.3239480198019802,1786404893.9428928
1,448,0.581538736820221,0.3241421568627451,1786404894.109309
1,449,0.6845818758010864,0.32524271844660196,1786404894.2695258
1,450,0.5283518433570862,0.32481971153846156,1786404894.4408147
1,451,0.6386350393295288,0.32470238095238096,1786404894.5987198
1,452,0.5967967510223389,0.32547169811320753,1786404894.7560802
1,453,0.6301881074905396,0.3249123831775701,1786404894.9164977
1,454,0.6041197776794434,0.3237847222222222,1786404895.0938437
1,455,0.5660209059715271,0.3228211009174312,1786404895.2527647
1,456,0.5345144271850586,0.32386363636363635,1786404895.4101257
1,457,0.49226003885269165,0.32460585585585583,1786404895.5672162
1,458,0.5742819309234619,0.32505580357142855,1786404895.7233717
1,459,0.550415575504303,0.325912610619469,1786404895.8814979
1,460,0.5218513011932373,0.32524671052631576,1786404896.0417223
1,461,0.5999858975410461,0.32540760869565216,1786404896.216803
1,462,0.6936166286468506,0.32448814655172414,1786404896.37606
1,463,0.6053247451782227,0.32385149572649574,1786404896.5338047
1,464,0.6957806348800659,0.3244173728813559,1786404896.7027328
1,465,0.5210822820663452,0.3241859243697479,1786404896.8613727
1,466,0.49149173498153687,0.32317708333333334,1786404897.0198877
1,467,0.5769065022468567,0.32257231404958675,1786404897.1871462
1,468,0.5768355131149292,0.32364241803278687,1786404897.343706
1,469,0.573036253452301,0.3238058943089431,1786404897.50143
1,470,0.619263231754303,0.3243447580645161,1786404897.676995
1,471,0.7157971858978271,0.325,1786404897.8375452
1,472,0.6745477914810181,0.32502480158730157,1786404897.9965234
1,473,0.5795710682868958,0.3245570866141732,1786404898.1565645
1,474,0.6691884398460388,0.3245849609375,1786404898.315688
1,475,0.6047296524047852,0.3237645348837209,1786404898.4746346
1,476,0.5148672461509705,0.32463942307692306,1786404898.6304548
1,477,0.5134181976318359,0.32466603053435117,1786404898.801801
1,478,0.6013524532318115,0.32469223484848486,1786404898.9592
1,479,0.5951665639877319,0.32530545112781956,1786404899.116189
1,480,0.5832126140594482,0.32544309701492535,1786404899.2732122
1,481,0.6005994081497192,0.32592592592592595,1786404899.4337356
1,482,0.6811397671699524,0.3259420955882353,1786404899.5915525
1,483,0.6781945824623108,0.3258439781021898,1786404899.7714455
1,484,0.6293946504592896,0.32687952898550726,1786404899.9298108
1,485,0.567131519317627,0.32677607913669066,1786404900.0882008
1,486,0.584942102432251,0.3275669642857143,1786404900.2482493
1,487,0.5600652694702148,0.32790336879432624,1786404900.4068937
1,488,0.5864781737327576,0.3277948943661972,1786404900.5637774
1,489,0.5862795114517212,0.328125,1786404900.7214043
1,490,0.5603026151657104,0.3280164930555556,1786404900.8950255
1,491,0.5753107666969299,0.3276939655172414,1786404901.056914
1,492,0.5986064076423645,0.3278039383561644,1786404901.2201204
1,493,0.615878164768219,0.3284438775510204,1786404901.3793223
1,494,0.6111508011817932,0.32896959459459457,1786404901.5379474
1,495,0.6396788954734802,0.32875419463087246,1786404901.6971126
1,496,0.5026676058769226,0.32927083333333335,1786404901.8552985
1,497,0.5233610272407532,0.3289528145695364,1786404902.0136542
1,498,0.5578874349594116,0.3286389802631579,1786404902.1804557
1,499,0.5413896441459656,0.3290441176470588,1786404902.3391767
1,500,0.6006128191947937,0.3286323051948052,1786404902.5023046
1,501,0.6025614738464355,0.3280241935483871,1786404902.6610253
1,502,0.5554253458976746,0.32752403846153844,1786404902.830324
1,503,0.5866749882698059,0.3278264331210191,1786404902.9894876
1,504,0.5605688691139221,0.32772943037974683,1786404903.1484647
1,505,0.6361092329025269,0.3275353773584906,1786404903.3077111
1,506,0.7271472811698914,0.32763671875,1786404903.4656382
1,507,0.5607065558433533,0.32725155279503104,1786404903.6250799
1,508,0.5601890683174133,0.32648533950617287,1786404903.785515
1,509,0.7086086869239807,0.32611196319018404,1786404903.9433575
1,510,0.5753806829452515,0.32650533536585363,1786404904.1214018
1,511,0.634903609752655,0.32698863636363634,1786404904.2919598
1,512,0.6533570885658264,0.32699548192771083,1786404904.4508386
1,513,0.6729428768157959,0.32681511976047906,1786404904.6078098
1,514,0.5908666849136353,0.32700892857142855,1786404904.7670054
1,515,0.6086676120758057,0.32729289940828404,1786404904.9241972
1,516,0.5977147221565247,0.32738970588235294,1786404905.080727
1,517,0.5622146129608154,0.32803362573099415,1786404905.2558198
1,518,0.5768640637397766,0.3274890988372093,1786404905.413592
1,519,0.6292588710784912,0.32704118497109824,1786404905.573705
1,520,0.6224420070648193,0.3265086206896552,1786404905.736613
1,521,0.5748128294944763,0.32723214285714286,1786404905.8939078
1,522,0.6852604150772095,0.3270596590909091,1786404906.0740004
1,523,0.6750162839889526,0.3272422316384181,1786404906.2306998
1,524,0.5014904141426086,0.32698384831460675,1786404906.3925815
1,525,0.5736736059188843,0.32672835195530725,1786404906.5486648
1,526,0.4723506569862366,0.32647569444444446,1786404906.7070632
1,527,0.5407887101173401,0.3263121546961326,1786404906.8674612
1,528,0.5600358843803406,0.32615041208791207,1786404907.0289204
1,529,0.6139141917228699,0.32564890710382516,1786404907.1881733
1,530,0.5363293886184692,0.32523777173913043,1786404907.3498952
1,531,0.5631273984909058,0.3253378378378378,1786404907.5091376
1,532,0.5550107955932617,0.32543682795698925,1786404907.6654298
1,533,0.5590591430664062,0.3256183155080214,1786404907.8275218
1,534,0.5590400695800781,0.3254654255319149,1786404908.001853
1,535,0.6578075289726257,0.32523148148148145,1786404908.158811
1,536,0.5901064872741699,0.3259046052631579,1786404908.3173273
1,537,0.6673866510391235,0.3261616492146597,1786404908.476532
1,538,0.6333309412002563,0.3260091145833333,1786404908.6506708
1,539,0.5159903764724731,0.32626295336787564,1786404908.8260605
1,540,0.5533042550086975,0.32619201030927836,1786404908.9863408
1,541,0.573137640953064,0.3262820512820513,1786404909.147455
1,542,0.6212965250015259,0.32645089285714285,1786404909.307948
1,543,0.5958533883094788,0.326380076142132,1786404909.4711766
1,544,0.6181396245956421,0.32591540404040403,1786404909.630982
1,545,0.540187418460846,0.3259265075376884,1786404909.7995224
1,546,0.5130832195281982,0.326484375,1786404909.959104
1,547,0.5461141467094421,0.32703669154228854,1786404910.1386724
1,548,0.6240800023078918,0.3265006188118812,1786404910.3095255
1,549,0.5295629501342773,0.3266625615763547,1786404910.4695787
1,550,0.6504668593406677,0.32697610294117646,1786404910.63043
1,551,0.7189810276031494,0.3270579268292683,1786404910.7888062
1,552,0.655569314956665,0.3269872572815534,1786404910.9672296
1,553,0.5430485606193542,0.32669082125603865,1786404911.1496437
1,554,0.6349338889122009,0.32699819711538464,1786404911.3244913
1,555,0.6306130290031433,0.3273773923444976,1786404911.4811418
1,556,0.6525392532348633,0.32708333333333334,1786404911.6393971
1,557,0.5892212986946106,0.3275325829383886,1786404911.7989678
1,558,0.6138728857040405,0.3275353773584906,1786404911.9569268
1,559,0.5893679857254028,0.3279782863849765,1786404912.1141837
1,560,0.5446904301643372,0.3274678738317757,1786404912.2749603
1,561,0.5905184149742126,0.3276162790697674,1786404912.4418595
1,562,0.5840958952903748,0.32740162037037035,1786404912.6001475
1,563,0.5922356843948364,0.3274049539170507,1786404912.757821
1,564,0.5925993323326111,0.3266915137614679,1786404912.9331417
1,565,0.4839356243610382,0.3267694063926941,1786404913.090476
1,566,0.5531401038169861,0.3269176136363636,1786404913.2496755
1,567,0.6644032001495361,0.3269230769230769,1786404913.4208674
1,568,0.5789111256599426,0.32713963963963966,1786404913.577711
1,569,0.6651250720024109,0.3272841928251121,1786404913.7344534
1,570,0.6112563014030457,0.3277064732142857,1786404913.9139926
1,571,0.6369794607162476,0.32819444444444446,1786404914.072201
1,572,0.5431690812110901,0.32798672566371684,1786404914.2306058
1,573,0.6186764240264893,0.32819383259911894,1786404914.3878472
1,574,0.612691342830658,0.3281935307017544,1786404914.5446885
1,575,0.6494845151901245,0.32839792576419213,1786404914.7052195
1,576,0.5111417770385742,0.3286684782608696,1786404914.882393
1,577,0.5539480447769165,0.3287337662337662,1786404915.0462027
1,578,0.541178286075592,0.32839439655172414,1786404915.2084806
1,579,0.6681575775146484,0.3279908798283262,1786404915.3865352
1,580,0.48320749402046204,0.32819177350427353,1786404915.5526028
1,581,0.7445143461227417,0.32799202127659577,1786404915.7113223
1,582,0.5621436238288879,0.3279925847457627,1786404915.8691335
1,583,0.6125066876411438,0.3275975738396624,1786404916.0275128
1,584,0.6610303521156311,0.32753413865546216,1786404916.1864831
1,585,0.5254690051078796,0.32727510460251047,1786404916.3520281
1,586,0.5936113595962524,0.3274739583333333,1786404916.5115438
1,587,0.5183684229850769,0.32747665975103735,1786404916.6704562
1,588,0.5191701650619507,0.3275439049586777,1786404916.828004
1,589,0.56410151720047,0.3273533950617284,1786404916.9893072
1,590,0.649440348148346,0.32716444672131145,1786404917.1494164
1,591,0.5524098873138428,0.32723214285714286,1786404917.3120008
1,592,0.6830811500549316,0.32710873983739835,1786404917.4719687
1,593,0.5668153166770935,0.32679655870445345,1786404917.635798
1,594,0.5056753158569336,0.32673891129032256,1786404917.8052845
1,595,0.6007217764854431,0.3268699799196787,1786404917.965905
1,596,0.5792176127433777,0.327125,1786404918.1228588
1,597,0.5789440274238586,0.32737798804780877,1786404918.2797518
1,598,0.6428217887878418,0.32688492063492064,1786404918.454145
1,599,0.5598331689834595,0.3268280632411067,1786404918.613223
1,600,0.5461684465408325,0.32726377952755903,1786404918.7704465
1,601,0.5821300745010376,0.32708333333333334,1786404918.9333625
1,602,0.5653479099273682,0.32708740234375,1786404919.1004033
1,603,0.5775655508041382,0.32660505836575876,1786404919.259074
1,604,0.5548679828643799,0.32648982558139533,1786404919.417826
1,605,0.5256589651107788,0.3268581081081081,1786404919.5744674
1,606,0.5460848808288574,0.3270432692307692,1786404919.7339745
1,607,0.6502406597137451,0.3269276819923372,1786404919.9051368
1,608,0.5263532996177673,0.3263955152671756,1786404920.0642865
1,609,0.5493765473365784,0.32658032319391633,1786404920.2259033
1,610,0.5671971440315247,0.326171875,1786404920.3939025
1,611,0.5784503817558289,0.3263561320754717,1786404920.5495908
1,612,0.6400167346000671,0.32589285714285715,1786404920.7093296
1,613,0.545845091342926,0.3261938202247191,1786404920.8676732
1,614,0.6245895624160767,0.326201026119403,1786404921.0274389
1,615,0.643639326095581,0.32591775092936803,1786404921.1839557
1,616,0.5974452495574951,0.3254050925925926,1786404921.36113
1,617,0.5542769432067871,0.32553044280442806,1786404921.5176368
1,618,0.6442956328392029,0.3258846507352941,1786404921.691053
1,619,0.5708457827568054,0.32589285714285715,1786404921.8494217
1,620,0.530032753944397,0.3258439781021898,1786404922.008947
1,621,0.5138689875602722,0.3259659090909091,1786404922.1676602
1,622,0.6313404440879822,0.3255774456521739,1786404922.3275516
1,623,0.5855176448822021,0.3259250902527076,1786404922.4868615
1,624,0.5225200057029724,0.3254271582733813,1786404922.646487
1,625,0.5941442251205444,0.325548835125448,1786404922.814966
1,626,0.6335752010345459,0.3255022321428571,1786404922.9720094
1,627,0.5732001066207886,0.3254003558718861,1786404923.141485
1,628,0.6542441844940186,0.32502216312056736,1786404923.3008423
1,629,0.5517209768295288,0.3248674911660777,1786404923.4593306
1,630,0.5231139659881592,0.32498899647887325,1786404923.6328337
1,631,0.5780689120292664,0.325,1786404923.7917788
1,632,0.5359477400779724,0.32517482517482516,1786404923.9606552
1,633,0.6527867913246155,0.3249128919860627,1786404924.1212034
1,634,0.6607397794723511,0.3251953125,1786404924.2806458
1,635,0.5537495017051697,0.32536764705882354,1786404924.440056
1,636,0.6539497375488281,0.32532327586206894,1786404924.599081
1,637,0.6108949184417725,0.32538659793814434,1786404924.7681441
1,638,0.5442508459091187,0.3254494863013699,1786404924.932328
1,639,0.6263271570205688,0.3256719283276451,1786404925.107009
1,640,0.6279714107513428,0.32541454081632654,1786404925.2650552
1,641,0.5779063701629639,0.32515889830508476,1786404925.4226086
1,642,0.6045105457305908,0.32511613175675674,1786404925.5902975
1,643,0.5139006972312927,0.32523148148148145,1786404925.7483168
1,644,0.5803757309913635,0.3252936241610738,1786404925.9071107
1,645,0.513103723526001,0.3258256688963211,1786404926.066
1,646,0.593611478805542,0.32536458333333335,1786404926.22465
1,647,0.5398312211036682,0.3251142026578073,1786404926.3841023
1,648,0.5729101300239563,0.32548634105960267,1786404926.5457702
1,649,0.5755852460861206,0.32513407590759075,1786404926.723014
1,650,0.6433574557304382,0.32498972039473684,1786404926.8820498
1,651,0.6734799146652222,0.3250512295081967,1786404927.0415
1,652,0.568912148475647,0.32501021241830064,1786404927.2156568
1,653,0.5716166496276855,0.32512214983713356,1786404927.374308
1,654,0.5698065757751465,0.3249289772727273,1786404927.5342116
1,655,0.5356152653694153,0.32498988673139156,1786404927.6909769
1,656,0.5551167726516724,0.3243951612903226,1786404927.850182
1,657,0.5819370150566101,0.3242564308681672,1786404928.0088048
1,658,0.5945003628730774,0.32431891025641024,1786404928.169482
1,659,0.6198019981384277,0.3241313897763578,1786404928.3288107
1,660,0.607489287853241,0.32414410828025475,1786404928.4942765
1,661,0.541711151599884,0.3240079365079365,1786404928.6554236
1,662,0.5250025987625122,0.32372428797468356,1786404928.8195515
1,663,0.6085807085037231,0.32383675078864355,1786404928.9810338
1,664,0.5883798599243164,0.3235062893081761,1786404929.151348
1,665,0.6311014890670776,0.32337382445141066,1786404929.308809
1,666,0.6828710436820984,0.323291015625,1786404929.4680374
1,667,0.54976886510849,0.3232573987538941,1786404929.6241128
1,668,0.522607684135437,0.3233210403726708,1786404929.7856388
1,669,0.5706465244293213,0.32362616099071206,1786404929.944221
1,670,0.5720744132995605,0.32315779320987653,1786404930.103262
1,671,0.5663942098617554,0.32269230769230767,1786404930.2610703
1,672,0.7346758842468262,0.322708972392638,1786404930.417367
1,673,0.5135350823402405,0.3229166666666667,1786404930.5719504
1,674,0.6341786980628967,0.32259908536585363,1786404930.7300186
1,675,0.6360840797424316,0.3226158814589666,1786404930.8852208
1,676,0.6355229020118713,0.3228693181818182,1786404931.0413485
1,677,0.6633626818656921,0.3228851963746224,1786404931.1982665
1,678,0.5311973094940186,0.3230421686746988,1786404931.3531368
1,679,0.6748449206352234,0.3230105105105105,1786404931.5106423
1,680,0.5360977053642273,0.3226047904191617,1786404931.6676621
1,681,0.5381361842155457,0.32243470149253733,1786404931.8253186
1,682,0.6701512932777405,0.32231212797619047,1786404931.9829059
1,683,0.5960692763328552,0.322236646884273,1786404932.140831
1,684,0.6162325739860535,0.32169933431952663,1786404932.2983062
1,685,0.653698205947876,0.3216261061946903,1786404932.4580765
1,686,0.5693109631538391,0.3221047794117647,1786404932.6147723
1,687,0.6090301275253296,0.3222598973607038,1786404932.7700095
1,688,0.6363953948020935,0.32232273391812866,1786404932.9283545
1,689,0.5708943009376526,0.3219752186588921,1786404933.086369
1,690,0.6179373860359192,0.3221747819767442,1786404933.2429101
1,691,0.6271411180496216,0.32205615942028987,1786404933.39993
1,692,0.5867782235145569,0.3218479046242775,1786404933.5583653
2,693,0.5399699807167053,0.265625,1786404940.7552228
2,694,0.5245938897132874,0.3203125,1786404940.974616
2,695,0.5706024765968323,0.3541666666666667,1786404941.1506987
2,696,0.5463083386421204,0.34765625,1786404941.313482
2,697,0.5480961203575134,0.3375,1786404941.4766123
2,698,0.5656384229660034,0.3489583333333333,1786404941.6432264
2,699,0.6526714563369751,0.33705357142857145,1786404941.8238642
2,700,0.5414848923683167,0.3515625,1786404941.9881396
2,701,0.5435954928398132,0.3541666666666667,1786404942.1561077
2,702,0.45328348875045776,0.3625,1786404942.3521953
2,703,0.5690943002700806,0.3693181818181818,1786404942.5441256
2,704,0.5690531730651855,0.359375,1786404942.748863
2,705,0.5955486297607422,0.3605769230769231,1786404942.9181516
2,706,0.5869907140731812,0.35044642857142855,1786404943.0880954
2,707,0.4906793534755707,0.35104166666666664,1786404943.251516
2,708,0.5383300185203552,0.3544921875,1786404943.4179678
2,709,0.62038654088974,0.3474264705882353,1786404943.6091115
2,710,0.6757890582084656,0.3463541666666667,1786404943.7840452
2,711,0.47651147842407227,0.34457236842105265,1786404943.9709167
2,712,0.5983772873878479,0.34609375,1786404944.1402555
2,713,0.6300764083862305,0.3482142857142857,1786404944.3166316
2,714,0.5727863311767578,0.34801136363636365,1786404944.481706
2,715,0.56850266456604,0.3423913043478261,1786404944.649338
2,716,0.693191409111023,0.33984375,1786404944.816259
2,717,0.5196920037269592,0.335,1786404945.0003138
2,718,0.6536074876785278,0.33353365384615385,1786404945.165028
2,719,0.5045778155326843,0.33101851851851855,1786404945.328844
2,720,0.6156943440437317,0.3275669642857143,1786404945.5089052
2,721,0.551616907119751,0.32165948275862066,1786404945.6731272
2,722,0.5518116354942322,0.3229166666666667,1786404945.8370001
2,723,0.5231980681419373,0.3235887096774194,1786404946.0094972
2,724,0.5564892888069153,0.32275390625,1786404946.1675167
2,725,0.4807443916797638,0.32670454545454547,1786404946.3290598
2,726,0.6359429359436035,0.3249080882352941,1786404946.4894502
2,727,0.4961189925670624,0.32767857142857143,1786404946.6509862
2,728,0.6061475872993469,0.328125,1786404946.830952
2,729,0.551982045173645,0.3260135135135135,1786404946.991617
2,730,0.5390192270278931,0.3256578947368421,1786404947.1627934
2,731,0.6836279630661011,0.3269230769230769,1786404947.3237839
2,732,0.6156255006790161,0.326953125,1786404947.4827266
2,733,0.4753870964050293,0.32964939024390244,1786404947.6409693
2,734,0.6614340543746948,0.32924107142857145,1786404947.8022082
2,735,0.5858714580535889,0.3288517441860465,1786404947.958442
2,736,0.6262373924255371,0.3299005681818182,1786404948.116732
2,737,0.607927143573761,0.32881944444444444,1786404948.2769241
2,738,0.5097296237945557,0.32608695652173914,1786404948.4544337
2,739,0.6370139718055725,0.3257978723404255,1786404948.6350267
2,740,0.5701401233673096,0.3251953125,1786404948.795453
2,741,0.5678889751434326,0.32653061224489793,1786404948.9550474
2,742,0.5218096375465393,0.328125,1786404949.1115046
2,743,0.5627912282943726,0.3278186274509804,1786404949.2711754
2,744,0.6064862012863159,0.3278245192307692,1786404949.4276397
2,745,0.6604363918304443,0.3263561320754717,1786404949.5858734
2,746,0.5578629970550537,0.3287037037037037,1786404949.7456746
2,747,0.45788708329200745,0.3309659090909091,1786404949.9220243
2,748,0.5081783533096313,0.3314732142857143,1786404950.0948014
2,749,0.4953168034553528,0.32922149122807015,1786404950.284693
2,750,0.5711318850517273,0.3302801724137931,1786404950.4433377
2,751,0.5996339917182922,0.3283898305084746,1786404950.6027238
2,752,0.5774545669555664,0.328125,1786404950.7767656
2,753,0.5948237180709839,0.3276127049180328,1786404950.9544868
2,754,0.578766405582428,0.32888104838709675,1786404951.110803
2,755,0.5733296871185303,0.32837301587301587,1786404951.2841206
2,756,0.6202332377433777,0.328125,1786404951.4538476
2,757,0.5973710417747498,0.32908653846153846,1786404951.614114
2,758,0.7467790246009827,0.32836174242424243,1786404951.7728724
2,759,0.5546165108680725,0.3257929104477612,1786404951.9432354
2,760,0.57490473985672,0.3251378676470588,1786404952.1127949
2,761,0.5454545021057129,0.32563405797101447,1786404952.2693365
2,762,0.5686526298522949,0.3263392857142857,1786404952.427342
2,763,0.5865218639373779,0.3263644366197183,1786404952.5840273
2,764,0.5854718685150146,0.3255208333333333,1786404952.744058
2,765,0.51118004322052,0.3274828767123288,1786404952.9007256
2,766,0.6002907156944275,0.3268581081081081,1786404953.0642488
2,767,0.6953167915344238,0.32708333333333334,1786404953.2227767
2,768,0.5688544511795044,0.3275082236842105,1786404953.3799717
2,769,0.5673670172691345,0.3287337662337662,1786404953.5388505
2,770,0.5383323431015015,0.32992788461538464,1786404953.6966457
2,771,0.6089873313903809,0.33010284810126583,1786404953.8706026
2,772,0.6282011270523071,0.328125,1786404954.0461295
2,773,0.625368595123291,0.3296682098765432,1786404954.2051003
2,774,0.5355144143104553,0.32964939024390244,1786404954.3615959
2,775,0.48150163888931274,0.3307605421686747,1786404954.5190718
2,776,0.6207144856452942,0.33017113095238093,1786404954.6783285
2,777,0.6179307699203491,0.33143382352941175,1786404954.838392
2,778,0.6025998592376709,0.3324854651162791,1786404955.0066855
2,779,0.610702633857727,0.33135775862068967,1786404955.1653266
2,780,0.6974465847015381,0.33203125,1786404955.3234153
2,781,0.5604420900344849,0.3316362359550562,1786404955.4809754
2,782,0.594943642616272,0.3324652777777778,1786404955.6414244
2,783,0.4944532811641693,0.33396291208791207,1786404955.7979567
2,784,0.6317788362503052,0.33474864130434784,1786404955.9767683
2,785,0.5357546210289001,0.3331653225806452,1786404956.1357598
2,786,0.7123236060142517,0.3326130319148936,1786404956.3029633
2,787,0.6748935580253601,0.33223684210526316,1786404956.4627368
2,788,0.6704063415527344,0.330078125,1786404956.6208892
2,789,0.6988354921340942,0.32989690721649484,1786404956.7794337
2,790,0.6496791839599609,0.32924107142857145,1786404956.9395573
2,791,0.50745689868927,0.33033459595959597,1786404957.0970712
2,792,0.5729690194129944,0.33046875,1786404957.253757
2,793,0.5880820155143738,0.3312190594059406,1786404957.4133265
2,794,0.5888647437095642,0.3318014705882353,1786404957.5835083
2,795,0.5144405961036682,0.33206917475728154,1786404957.743334
2,796,0.5050311088562012,0.33248197115384615,1786404957.9064784
2,797,0.7038724422454834,0.33154761904761904,1786404958.0669234
2,798,0.5584738254547119,0.3316627358490566,1786404958.2241747
2,799,0.5375192761421204,0.3326518691588785,1786404958.3929698
2,800,0.6013010740280151,0.3324652777777778,1786404958.5488472
2,801,0.560241162776947,0.33142201834862384,1786404958.7118597
2,802,0.6353365778923035,0.3302556818181818,1786404958.8844743
2,803,0.5811759829521179,0.330518018018018,1786404959.0425625
2,804,0.6557577848434448,0.33035714285714285,1786404959.1993527
2,805,0.6466923356056213,0.32964601769911506,1786404959.380967
2,806,0.46867042779922485,0.3282620614035088,1786404959.5380776
2,807,0.5495318174362183,0.3293478260869565,1786404959.6955273
2,808,0.7196129560470581,0.32893318965517243,1786404959.861695
2,809,0.6656557321548462,0.328392094017094,1786404960.0280943
2,810,0.5493189096450806,0.3282574152542373,1786404960.185491
2,811,0.5751763582229614,0.327468487394958,1786404960.345566
2,812,0.5932331085205078,0.3265625,1786404960.5046303
2,813,0.7206978797912598,0.3265754132231405,1786404960.6636212
2,814,0.5865533947944641,0.32620389344262296,1786404960.825781
2,815,0.5272635221481323,0.32634654471544716,1786404960.9830973
2,816,0.5872513055801392,0.3251008064516129,1786404961.1463585
2,817,0.5932695865631104,0.325125,1786404961.3034217
2,818,0.5971845984458923,0.3257688492063492,1786404961.461954
2,819,0.6172322630882263,0.3254183070866142,1786404961.6336637
2,820,0.5005351901054382,0.32568359375,1786404961.8067148
2,821,0.5530905723571777,0.32546027131782945,1786404961.9635673
2,822,0.6668692231178284,0.3247596153846154,1786404962.1239514
2,823,0.5566517114639282,0.32502385496183206,1786404962.280737
2,824,0.6111892461776733,0.3254024621212121,1786404962.4388611
2,825,0.5838309526443481,0.3250704887218045,1786404962.5944383
2,826,0.6807378530502319,0.32520988805970147,1786404962.754261
2,827,0.5907959938049316,0.3246527777777778,1786404962.9136283
2,828,0.5364950895309448,0.32479319852941174,1786404963.0720537
2,829,0.5574538111686707,0.32527372262773724,1786404963.2296944
2,830,0.5819048881530762,0.32518115942028986,1786404963.3864348
2,831,0.4927237331867218,0.3255395683453237,1786404963.564321
2,832,0.6918225288391113,0.3248883928571429,1786404963.7260807
2,833,0.5198507308959961,0.3254654255319149,1786404963.8830502
2,834,0.6755004525184631,0.32504401408450706,1786404964.0446475
2,835,0.5048035383224487,0.3256118881118881,1786404964.2023556
2,836,0.6052688360214233,0.3255208333333333,1786404964.3619788
2,837,0.7076423168182373,0.3254310344827586,1786404964.5184126
2,838,0.5293880105018616,0.324486301369863,1786404964.6878996
2,839,0.6366966962814331,0.3242984693877551,1786404964.8518255
2,840,0.5512421131134033,0.32485219594594594,1786404965.0098052
2,841,0.6208372712135315,0.32445469798657717,1786404965.1701481
2,842,0.5414366722106934,0.3252083333333333,1786404965.327096
2,843,0.4935608208179474,0.32522764900662254,1786404965.484148
2,844,0.5963205099105835,0.3255550986842105,1786404965.6432376
2,845,0.609346866607666,0.3257761437908497,1786404965.7998912
2,846,0.5958415269851685,0.3260957792207792,1786404965.9630089
2,847,0.6483253836631775,0.3257056451612903,1786404966.1241372
2,848,0.5695388317108154,0.3252203525641026,1786404966.3035738
2,849,0.5807704925537109,0.3252388535031847,1786404966.4605145
2,850,0.6027946472167969,0.3256526898734177,1786404966.6186125
2,851,0.539238452911377,0.32586477987421386,1786404966.77487
2,852,0.5693470239639282,0.32578125,1786404966.9363005
2,853,0.6295425891876221,0.3261840062111801,1786404967.1096094
2,854,0.5339493751525879,0.32677469135802467,1786404967.268404
2,855,0.7196460962295532,0.3270705521472393,1786404967.443999
2,856,0.5011739730834961,0.3275533536585366,1786404967.6004357
2,857,0.5398065447807312,0.32784090909090907,1786404967.756806
2,858,0.6242560744285583,0.32727786144578314,1786404967.9192543
2,859,0.6304685473442078,0.32709580838323354,1786404968.0778084
2,860,0.5801123380661011,0.3274739583333333,1786404968.235908
2,861,0.5697493553161621,0.32747781065088755,1786404968.3931413
2,862,0.5484212636947632,0.32794117647058824,1786404968.5662162
2,863,0.548488438129425,0.32785087719298245,1786404968.7240384
2,864,0.5077039003372192,0.32794331395348836,1786404968.9019265
2,865,0.5167381763458252,0.32821531791907516,1786404969.0620933
2,866,0.5092521905899048,0.3290229885057471,1786404969.2194228
2,867,0.4827883839607239,0.32785714285714285,1786404969.3781683
2,868,0.5637243986129761,0.3272372159090909,1786404969.5581565
2,869,0.5962694883346558,0.3274187853107345,1786404969.7174983
2,870,0.5520174503326416,0.3283005617977528,1786404969.875718
2,871,0.5954092741012573,0.328125,1786404970.0339768
2,872,0.6076061725616455,0.32829861111111114,1786404970.19073
2,873,0.5693837404251099,0.32786602209944754,1786404970.350724
2,874,0.525151252746582,0.3270947802197802,1786404970.5097067
2,875,0.551990270614624,0.3280396174863388,1786404970.667463
2,876,0.551912784576416,0.32846467391304346,1786404970.829168
2,877,0.49647465348243713,0.32863175675675677,1786404970.9881377
2,878,0.5661098957061768,0.32904905913978494,1786404971.1458907
2,879,0.5767580270767212,0.32879344919786097,1786404971.3041468
2,880,0.49976521730422974,0.3298703457446808,1786404971.4664562
2,881,0.6448838114738464,0.33019179894179895,1786404971.633241
2,882,0.6061180830001831,0.3301809210526316,1786404971.796358
2,883,0.5883866548538208,0.32967931937172773,1786404971.954534
2,884,0.5223315954208374,0.3299967447916667,1786404972.1129313
2,885,0.6109492778778076,0.33006800518134716,1786404972.2724352
2,886,0.5548925995826721,0.3307828608247423,1786404972.4320216
2,887,0.5609168410301208,0.3311698717948718,1786404972.5921555
2,888,0.6161362528800964,0.331234056122449,1786404972.753796
2,889,0.6962730884552002,0.3309010152284264,1786404972.9124222
2,890,0.5803472399711609,0.3313604797979798,1786404973.0698252
2,891,0.47987669706344604,0.33157977386934673,1786404973.2324786
2,892,0.5469385385513306,0.331796875,1786404973.404077
2,893,0.5101940631866455,0.3310012437810945,1786404973.5626874
2,894,0.6016453504562378,0.33145111386138615,1786404973.7201211
2,895,0.4808503985404968,0.3318195812807882,1786404973.8792164
2,896,0.5701146721839905,0.3314950980392157,1786404974.039388
2,897,0.5417436361312866,0.33239329268292683,1786404974.20196
2,898,0.567853569984436,0.33184162621359226,1786404974.3671641
2,899,0.5681517124176025,0.3322765700483092,1786404974.5231698
2,900,0.5004903078079224,0.33263221153846156,1786404974.6806357
2,901,0.5121064186096191,0.33276016746411485,1786404974.852386
2,902,0.5367584228515625,0.33229166666666665,1786404975.011297
2,903,0.5471514463424683,0.33197571090047395,1786404975.169847
2,904,0.7013019919395447,0.33203125,1786404975.3269572
2,905,0.5891943573951721,0.3316461267605634,1786404975.485926
2,906,0.6115485429763794,0.3314106308411215,1786404975.6456888
2,907,0.5907800197601318,0.33175872093023256,1786404975.8047001
2,908,0.4955524504184723,0.33203125,1786404975.9620185
2,909,0.55023592710495,0.3313652073732719,1786404976.1305406
2,910,0.5893778800964355,0.33127866972477066,1786404976.2894776
2,911,0.6053661108016968,0.3310502283105023,1786404976.4507911
2,912,0.5802946090698242,0.3314630681818182,1786404976.6255665
2,913,0.5167286396026611,0.33201357466063347,1786404976.7854874
2,914,0.5381373763084412,0.3322775900900901,1786404976.941726
2,915,0.5239874720573425,0.3321889013452915,1786404977.1111782
2,916,0.6085698008537292,0.33182198660714285,1786404977.2715302
2,917,0.550875723361969,0.3322222222222222,1786404977.4402258
2,918,0.5263906121253967,0.3328954646017699,1786404977.6050923
2,919,0.5366297960281372,0.3331497797356828,1786404977.7664173
2,920,0.571627676486969,0.33319627192982454,1786404977.923114
2,921,0.5472923517227173,0.3333788209606987,1786404978.0816348
2,922,0.5743198990821838,0.33322010869565216,1786404978.2399678
2,923,0.6710414886474609,0.33306277056277056,1786404978.3992267
2,924,0.7445489168167114,0.3332435344827586,1786404978.5560927
2,925,0.5820118188858032,0.33322156652360513,1786404978.718941
2,926,0.5975556969642639,0.33373397435897434,1786404978.8805647
2,927,0.6395244598388672,0.33331117021276596,1786404979.0404997
2,928,0.5192049741744995,0.3336864406779661,1786404979.203555
2,929,0.5643775463104248,0.33405854430379744,1786404979.359895
2,930,0.5135565400123596,0.33344275210084034,1786404979.5417278
2,931,0.6368584036827087,0.33407426778242677,1786404979.7003944
2,932,0.5332110524177551,0.3338541666666667,1786404979.857394
2,933,0.5151867866516113,0.33402489626556015,1786404980.01726
2,934,0.5375232696533203,0.33322572314049587,1786404980.175799
2,935,0.5095207691192627,0.33301183127572015,1786404980.3343248
2,936,0.4901820421218872,0.3335681352459016,1786404980.509801
2,937,0.5699189305305481,0.33341836734693875,1786404980.666857
2,938,0.6129905581474304,0.3334603658536585,1786404980.8261101
2,939,0.588987410068512,0.3335652834008097,1786404980.9837384
2,940,0.6193838119506836,0.3333543346774194,1786404981.1432376
2,941,0.4905308485031128,0.3332078313253012,1786404981.3012955
2,942,0.5213014483451843,0.3328125,1786404981.4617043
2,943,0.550607442855835,0.33266932270916333,1786404981.6190598
2,944,0.5890645384788513,0.3330233134920635,1786404981.779173
2,945,0.6408978700637817,0.33300395256917,1786404981.9377115
2,946,0.6119006276130676,0.3329232283464567,1786404982.110509
2,947,0.5178948044776917,0.33290441176470587,1786404982.2675674
2,948,0.6571931838989258,0.33251953125,1786404982.429185
2,949,0.6079384684562683,0.33250243190661477,1786404982.587832
2,950,0.5598195791244507,0.3328488372093023,1786404982.7613425
2,951,0.5023718476295471,0.3328305984555985,1786404982.9184546
2,952,0.49674850702285767,0.3333533653846154,1786404983.0776997
2,953,0.5964964628219604,0.3336925287356322,1786404983.2343576
2,954,0.6143569946289062,0.3337905534351145,1786404983.392958
2,955,0.6268433928489685,0.33388783269961975,1786404983.5502532
2,956,0.5585407018661499,0.33428030303030304,1786404983.708382
2,957,0.5812953114509583,0.33443396226415095,1786404983.86947
2,958,0.5458908677101135,0.33458646616541354,1786404984.0486703
2,959,0.6612979769706726,0.3342696629213483,1786404984.209374
2,960,0.554046094417572,0.3345965485074627,1786404984.3692245
2,961,0.5480166673660278,0.33486291821561337,1786404984.529263
2,962,0.5548381805419922,0.33489583333333334,1786404984.6887903
2,963,0.6030218005180359,0.3345825645756458,1786404984.8460395
2,964,0.5833818316459656,0.33438648897058826,1786404985.0181124
2,965,0.5468525886535645,0.3345924908424908,1786404985.1953378
2,966,0.6500976085662842,0.33405565693430656,1786404985.354403
2,967,0.5496890544891357,0.33335227272727275,1786404985.513941
2,968,0.5593208074569702,0.3333899456521739,1786404985.6741824
2,969,0.5785701870918274,0.3331453068592058,1786404985.8311558
2,970,0.5541882514953613,0.33318345323741005,1786404985.9881668
2,971,0.5461429953575134,0.3335573476702509,1786404986.1504495
2,972,0.6129783391952515,0.3333147321428571,1786404986.319347
2,973,0.6237779259681702,0.33324065836298933,1786404986.4782417
2,974,0.4801356792449951,0.33322251773049644,1786404986.6528127
2,975,0.5592353940010071,0.33320450530035334,1786404986.8173928
2,976,0.6243513822555542,0.33285651408450706,1786404986.9756198
2,977,0.6834133863449097,0.33283991228070176,1786404987.1367915
2,978,0.5818960070610046,0.33320585664335667,1786404987.2933967
2,979,0.5382195115089417,0.33280705574912894,1786404987.4533353
2,980,0.5001170635223389,0.3332790798611111,1786404987.612211
2,981,0.5779550671577454,0.33326124567474047,1786404987.7756126
2,982,0.5414515137672424,0.33329741379310346,1786404987.9455767
2,983,0.5750769376754761,0.3332259450171821,1786404988.1071548
2,984,0.5885652303695679,0.3327268835616438,1786404988.2760742
2,985,0.7432376146316528,0.33260452218430037,1786404988.4399068
2,986,0.5835049152374268,0.3330144557823129,1786404988.5974326
2,987,0.6268495917320251,0.3329978813559322,1786404988.767308
2,988,0.6770948171615601,0.33266469594594594,1786404988.9286282
2,989,0.572275698184967,0.3328072390572391,1786404989.0925338
2,990,0.6599307060241699,0.3326866610738255,1786404989.254442
2,991,0.6217666268348694,0.33214882943143814,1786404989.4408112
2,992,0.5179181694984436,0.3315625,1786404989.5998924
2,993,0.6717752814292908,0.3311357973421927,1786404989.7800922
2,994,0.5768240094184875,0.33107408940397354,1786404989.9626746
2,995,0.4579019546508789,0.3313737623762376,1786404990.133208
2,996,0.6817343235015869,0.3313116776315789,1786404990.2910426
2,997,0.6459202766418457,0.33078893442622953,1786404990.4519527
2,998,0.5670667290687561,0.3308312908496732,1786404990.6118104
2,999,0.6203727126121521,0.330567996742671,1786404990.7697709
2,1000,0.483864963054657,0.330762987012987,1786404990.9423578
2,1001,0.5036190152168274,0.33085558252427183,1786404991.1014056
2,1002,0.5987684726715088,0.3310483870967742,1786404991.2746556
2,1003,0.5913107395172119,0.3309385048231511,1786404991.4316707
2,1004,0.6014775037765503,0.3307792467948718,1786404991.5877833
2,1005,0.5153599381446838,0.330870607028754,1786404991.747206
2,1006,0.6374337673187256,0.33081210191082805,1786404991.9083958
2,1007,0.6513093709945679,0.3304563492063492,1786404992.066988
2,1008,0.5021386742591858,0.3298556170886076,1786404992.226537
2,1009,0.58497154712677,0.32970228706624605,1786404992.3847888
2,1010,0.5187219381332397,0.32974646226415094,1786404992.54437
2,1011,0.5283348560333252,0.3295944357366771,1786404992.7032607
2,1012,0.5888842344284058,0.329345703125,1786404992.8772197
2,1013,0.48181700706481934,0.3296826323987539,1786404993.0348265
2,1014,0.6298880577087402,0.3295807453416149,1786404993.194095
2,1015,0.5602526068687439,0.3292859907120743,1786404993.35071
2,1016,0.6077888607978821,0.32904128086419754,1786404993.510214
2,1017,0.5589495301246643,0.32865384615384613,1786404993.6711037
2,1018,0.5568371415138245,0.3286522239263804,1786404993.8289144
2,1019,0.5646641254425049,0.3284594801223242,1786404993.9862204
2,1020,0.5361546277999878,0.32874428353658536,1786404994.1441615
2,1021,0.5244548916816711,0.32845744680851063,1786404994.3016403
2,1022,0.5686815977096558,0.32850378787878787,1786404994.4594307
2,1023,0.5886365175247192,0.32850264350453173,1786404994.6137297
2,1024,0.48724624514579773,0.32901920180722893,1786404994.7734985
2,1025,0.6477611064910889,0.32906343843843844,1786404994.9310029
2,1026,0.6153239011764526,0.32924775449101795,1786404995.0863748
2,1027,0.5447916984558105,0.3294309701492537,1786404995.2448826
2,1028,0.5270900726318359,0.32970610119047616,1786404995.4013312
2,1029,0.5520881414413452,0.3300259643916914,1786404995.5586348
2,1030,0.6260805130004883,0.3300665680473373,1786404995.7168067
2,1031,0.6483508348464966,0.32996865781710916,1786404995.8751564
2,1032,0.5678243041038513,0.3302389705882353,1786404996.0338378
2,1033,0.6097578406333923,0.3301869501466276,1786404996.1895936
2,1034,0.5504000186920166,0.3300438596491228,1786404996.3473158
2,1035,0.6805790066719055,0.3302204810495627,1786404996.5038557
2,1036,0.5965607166290283,0.33030523255813954,1786404996.6611216
2,1037,0.6632026433944702,0.33029891304347825,1786404996.8196166
2,1038,0.651411235332489,0.3301119942196532,1786404996.9781904
3,1039,0.6373615860939026,0.390625,1786405004.4397142
3,1040,0.5464065074920654,0.3828125,1786405004.8725452
3,1041,0.5318102836608887,0.3802083333333333,1786405005.0479875
3,1042,0.5089339017868042,0.36328125,1786405005.2324395
3,1043,0.5312349796295166,0.3625,1786405005.4249694
3,1044,0.5709995031356812,0.3333333333333333,1786405005.5933812
3,1045,0.6627798080444336,0.34375,1786405005.7729561
3,1046,0.6423769593238831,0.33984375,1786405005.960651
3,1047,0.5286679863929749,0.3298611111111111,1786405006.1582778
3,1048,0.4982545077800751,0.3390625,1786405006.3244803
3,1049,0.5337507128715515,0.34517045454545453,1786405006.4897451
3,1050,0.6017640233039856,0.34375,1786405006.653111
3,1051,0.67338627576828,0.34615384615384615,1786405006.8206322
3,1052,0.5095481276512146,0.3482142857142857,1786405006.990099
3,1053,0.5365267992019653,0.346875,1786405007.154878
3,1054,0.5154032707214355,0.3369140625,1786405007.3695443
3,1055,0.5402817726135254,0.3382352941176471,1786405007.5517967
3,1056,0.6400419473648071,0.3385416666666667,1786405007.7143195
3,1057,0.526404857635498,0.3371710526315789,1786405007.8780112
3,1058,0.5882226228713989,0.34140625,1786405008.0399206
3,1059,0.5527610778808594,0.34151785714285715,1786405008.205052
3,1060,0.5772548317909241,0.3430397727272727,1786405008.3692424
3,1061,0.6135433912277222,0.34103260869565216,1786405008.5621214
3,1062,0.6173738241195679,0.3365885416666667,1786405008.7475297
3,1063,0.5899959206581116,0.33625,1786405008.9359987
3,1064,0.46530985832214355,0.33774038461538464,1786405009.10339
3,1065,0.6337625980377197,0.34085648148148145,1786405009.265655
3,1066,0.5877232551574707,0.34375,1786405009.4278274
3,1067,0.600071370601654,0.3415948275862069,1786405009.5851307
3,1068,0.5415575504302979,0.34270833333333334,1786405009.7430825
3,1069,0.4986070394515991,0.34173387096774194,1786405009.902931
3,1070,0.5316362977027893,0.34228515625,1786405010.0624723
3,1071,0.6160625219345093,0.3418560606060606,1786405010.220371
3,1072,0.5229923725128174,0.3414522058823529,1786405010.380214
3,1073,0.5570799112319946,0.340625,1786405010.5410964
3,1074,0.5599807500839233,0.3407118055555556,1786405010.7023306
3,1075,0.5933124423027039,0.34121621621621623,1786405010.8601596
3,1076,0.5791694521903992,0.3416940789473684,1786405011.0250285
3,1077,0.5574748516082764,0.34655448717948717,1786405011.1938207
3,1078,0.5448925495147705,0.344921875,1786405011.3517609
3,1079,0.5254419445991516,0.3471798780487805,1786405011.5261974
3,1080,0.49879682064056396,0.3489583333333333,1786405011.6843514
3,1081,0.5688894987106323,0.3481104651162791,1786405011.8446982
3,1082,0.6066278219223022,0.34339488636363635,1786405012.0035868
3,1083,0.7009660601615906,0.3416666666666667,1786405012.177712
3,1084,0.5172670483589172,0.33967391304347827,1786405012.3366687
3,1085,0.5319945216178894,0.3410904255319149,1786405012.498446
3,1086,0.8070013523101807,0.3408203125,1786405012.6568854
3,1087,0.681944727897644,0.3396045918367347,1786405012.8352015
3,1088,0.5463685393333435,0.339375,1786405012.9921894
3,1089,0.6176120638847351,0.3397671568627451,1786405013.1664522
3,1090,0.5852484703063965,0.34044471153846156,1786405013.3259141
3,1091,0.5870156288146973,0.34139150943396224,1786405013.4826748
3,1092,0.6111043691635132,0.3420138888888889,1786405013.6419313
3,1093,0.624578595161438,0.3431818181818182,1786405013.7991874
3,1094,0.5875093340873718,0.341796875,1786405013.957858
3,1095,0.5394138693809509,0.34265350877192985,1786405014.1169941
3,1096,0.5445988178253174,0.34375,1786405014.2746742
3,1097,0.6056293249130249,0.3442796610169492,1786405014.4325738
3,1098,0.5699579119682312,0.34348958333333335,1786405014.5906487
3,1099,0.5551415681838989,0.34349385245901637,1786405014.7504265
3,1100,0.5098696351051331,0.3432459677419355,1786405014.911628
3,1101,0.5644094347953796,0.3427579365079365,1786405015.0726078
3,1102,0.6505711078643799,0.341064453125,1786405015.241775
3,1103,0.61710125207901,0.3401442307692308,1786405015.4029686
3,1104,0.5615113377571106,0.34019886363636365,1786405015.5655353
3,1105,0.5841148495674133,0.33955223880597013,1786405015.7225657
3,1106,0.6838210225105286,0.3396139705882353,1786405015.8974404
3,1107,0.5393228530883789,0.34125905797101447,1786405016.0541906
3,1108,0.4659372866153717,0.3430803571428571,1786405016.212472
3,1109,0.6300430297851562,0.34286971830985913,1786405016.369036
3,1110,0.6398875713348389,0.341796875,1786405016.5322068
3,1111,0.6085385084152222,0.3413955479452055,1786405016.6890194
3,1112,0.6006447076797485,0.34121621621621623,1786405016.8474464
3,1113,0.5300499200820923,0.34208333333333335,1786405017.0041695
3,1114,0.5577754974365234,0.34375,1786405017.171661
3,1115,0.6761735677719116,0.34415584415584416,1786405017.3301082
3,1116,0.5195544958114624,0.34435096153846156,1786405017.4864297
3,1117,0.6952604055404663,0.34375,1786405017.645421
3,1118,0.6578251123428345,0.34453125,1786405017.8036053
3,1119,0.5714825987815857,0.3443287037037037,1786405017.9636524
3,1120,0.5352752804756165,0.3443216463414634,1786405018.1225748
3,1121,0.49233537912368774,0.34356174698795183,1786405018.2799652
3,1122,0.5184677839279175,0.34412202380952384,1786405018.4555488
3,1123,0.5248508453369141,0.34338235294117647,1786405018.6125884
3,1124,0.5729719400405884,0.34284156976744184,1786405018.7699108
3,1125,0.5662524700164795,0.3442887931034483,1786405018.9382722
3,1126,0.6093661785125732,0.34534801136363635,1786405019.09897
3,1127,0.5045576691627502,0.34620786516853935,1786405019.2572322
3,1128,0.5413141846656799,0.34652777777777777,1786405019.4183378
3,1129,0.6412298083305359,0.34563873626373626,1786405019.5760653
3,1130,0.6029194593429565,0.3452785326086957,1786405019.744054
3,1131,0.5522644519805908,0.34694220430107525,1786405019.9016566
3,1132,0.6012126207351685,0.34757313829787234,1786405020.0603642
3,1133,0.4996573328971863,0.34901315789473686,1786405020.2200012
3,1134,0.5267379879951477,0.3483072916666667,1786405020.37982
3,1135,0.5510624647140503,0.34954896907216493,1786405020.5431075
3,1136,0.6479847431182861,0.34901147959183676,1786405020.700967
3,1137,0.49596458673477173,0.34785353535353536,1786405020.859143
3,1138,0.579128086566925,0.346875,1786405021.0393686
3,1139,0.5050645470619202,0.3469987623762376,1786405021.1979449
3,1140,0.5370154976844788,0.34528186274509803,1786405021.3575406
3,1141,0.5245970487594604,0.3449635922330097,1786405021.5143142
3,1142,0.6231624484062195,0.34390024038461536,1786405021.690303
3,1143,0.5986206531524658,0.3436011904761905,1786405021.850826
3,1144,0.6528305411338806,0.3425707547169811,1786405022.0134141
3,1145,0.5754079222679138,0.34375,1786405022.1730347
3,1146,0.48181959986686707,0.34447337962962965,1786405022.3424
3,1147,0.594273030757904,0.3447534403669725,1786405022.4989452
3,1148,0.5532738566398621,0.34474431818181817,1786405022.657417
3,1149,0.5899868607521057,0.34628378378378377,1786405022.8173082
3,1150,0.5465549230575562,0.34681919642857145,1786405022.9773397
3,1151,0.5901820063591003,0.34623893805309736,1786405023.13553
3,1152,0.5233452916145325,0.34649122807017546,1786405023.2946358
3,1153,0.6066889762878418,0.3483695652173913,1786405023.4554493
3,1154,0.5312541723251343,0.3472521551724138,1786405023.6169362
3,1155,0.5469150543212891,0.3470886752136752,1786405023.7754233
3,1156,0.5426669716835022,0.3473252118644068,1786405023.9336064
3,1157,0.6311450004577637,0.34611344537815125,1786405024.0934846
3,1158,0.46803829073905945,0.3455729166666667,1786405024.2555068
3,1159,0.5718638896942139,0.34633264462809915,1786405024.4277496
3,1160,0.5364007353782654,0.34515881147540983,1786405024.5878701
3,1161,0.5601522326469421,0.34463922764227645,1786405024.747748
3,1162,0.6250879168510437,0.3450100806451613,1786405024.9071138
3,1163,0.5079835057258606,0.344875,1786405025.063581
3,1164,0.5639133453369141,0.34561011904761907,1786405025.2244108
3,1165,0.5455068349838257,0.3454724409448819,1786405025.382794
3,1166,0.5171338319778442,0.34521484375,1786405025.5610209
3,1167,0.5175676345825195,0.34435562015503873,1786405025.7197962
3,1168,0.5986121892929077,0.34447115384615384,1786405025.8807006
3,1169,0.5376655459403992,0.3449427480916031,1786405026.055956
3,1170,0.4631114602088928,0.3445785984848485,1786405026.2150526
3,1171,0.6947854161262512,0.34410244360902253,1786405026.3747725
3,1172,0.552146852016449,0.3431669776119403,1786405026.5444102
3,1173,0.5536477565765381,0.3435185185185185,1786405026.7041707
3,1174,0.4737102687358856,0.34329044117647056,1786405026.8624458
3,1175,0.5973339676856995,0.34397810218978103,1786405027.0217927
3,1176,0.5374487042427063,0.3445425724637681,1786405027.1792645
3,1177,0.5601148009300232,0.34464928057553956,1786405027.3467987
3,1178,0.5493195652961731,0.3439732142857143,1786405027.5260847
3,1179,0.49039584398269653,0.34452570921985815,1786405027.683094
3,1180,0.561419665813446,0.3444102112676056,1786405027.84002
3,1181,0.5125949382781982,0.34484265734265734,1786405027.9976225
3,1182,0.4615703821182251,0.3454861111111111,1786405028.1546073
3,1183,0.5350370407104492,0.3446120689655172,1786405028.3140614
3,1184,0.5428174734115601,0.3446061643835616,1786405028.472532
3,1185,0.5932217240333557,0.34566326530612246,1786405028.6334572
3,1186,0.5687035918235779,0.3459670608108108,1786405028.792104
3,1187,0.5806594491004944,0.3464765100671141,1786405028.9534526
3,1188,0.521709144115448,0.3463541666666667,1786405029.1122468
3,1189,0.5579531788825989,0.34716473509933776,1786405029.2700365
3,1190,0.5195192694664001,0.34765625,1786405029.4380739
3,1191,0.5242742300033569,0.3475285947712418,1786405029.6144564
3,1192,0.6917575001716614,0.34801136363636365,1786405029.7736633
3,1193,0.6542350649833679,0.34818548387096776,1786405029.9324968
3,1194,0.5947765707969666,0.34845753205128205,1786405030.0918326
3,1195,0.610084056854248,0.3487261146496815,1786405030.253893
3,1196,0.5213181972503662,0.348496835443038,1786405030.4160616
3,1197,0.5543432235717773,0.3490566037735849,1786405030.5760264
3,1198,0.5773029327392578,0.3490234375,1786405030.7534053
3,1199,0.6216484904289246,0.3494759316770186,1786405030.9118433
3,1200,0.5976418256759644,0.3500192901234568,1786405031.0708396
3,1201,0.5249078273773193,0.35017254601226994,1786405031.2274344
3,1202,0.6348075866699219,0.3503239329268293,1786405031.4119437
3,1203,0.6932082772254944,0.350094696969697,1786405031.5682757
3,1204,0.5008071660995483,0.3508094879518072,1786405031.7250562
3,1205,0.6274590492248535,0.35058008982035926,1786405031.8930953
3,1206,0.6185532212257385,0.35007440476190477,1786405032.0530553
3,1207,0.5629003047943115,0.3499445266272189,1786405032.213152
3,1208,0.6374261379241943,0.34935661764705883,1786405032.3727274
3,1209,0.5860309600830078,0.3496893274853801,1786405032.5498462
3,1210,0.6565212607383728,0.3495639534883721,1786405032.707722
3,1211,0.6843971610069275,0.3488078034682081,1786405032.868859
3,1212,0.5962831377983093,0.3487787356321839,1786405033.0257616
3,1213,0.6144179105758667,0.349375,1786405033.1845732
3,1214,0.5872343182563782,0.34916548295454547,1786405033.3443038
3,1215,0.581506073474884,0.3493114406779661,1786405033.5029705
3,1216,0.5653260946273804,0.34910463483146065,1786405033.6615071
3,1217,0.5490477681159973,0.34977304469273746,1786405033.8198333
3,1218,0.5518636703491211,0.3490451388888889,1786405033.9953258
3,1219,0.5763666033744812,0.34867058011049723,1786405034.1556547
3,1220,0.5449584126472473,0.3480425824175824,1786405034.3208094
3,1221,0.5431222915649414,0.3478483606557377,1786405034.4803786
3,1222,0.5445643067359924,0.3485054347826087,1786405034.6376162
3,1223,0.5658336281776428,0.34864864864864864,1786405034.7956345
3,1224,0.5938349366188049,0.34870631720430106,1786405034.9597623
3,1225,0.6378180980682373,0.3486798128342246,1786405035.1189907
3,1226,0.5673726201057434,0.3490691489361702,1786405035.2987907
3,1227,0.5045374035835266,0.3492063492063492,1786405035.4548593
3,1228,0.5348476767539978,0.3497532894736842,1786405035.6120336
3,1229,0.6612550020217896,0.3490674083769634,1786405035.771585
3,1230,0.6556795835494995,0.3485514322916667,1786405035.92867
3,1231,0.5010133981704712,0.3485265544041451,1786405036.099579
3,1232,0.5707992911338806,0.3481797680412371,1786405036.2707238
3,1233,0.5539408922195435,0.3485576923076923,1786405036.4278436
3,1234,0.5228661894798279,0.34909119897959184,1786405036.5835435
3,1235,0.5753473043441772,0.3489847715736041,1786405036.758206
3,1236,0.5461856126785278,0.3492739898989899,1786405036.9187188
3,1237,0.6559919118881226,0.34853957286432163,1786405037.078271
3,1238,0.5488680601119995,0.348828125,1786405037.25957
3,1239,0.5585524439811707,0.34872512437810943,1786405037.418514
3,1240,0.5903898477554321,0.3484684405940594,1786405037.6084619
3,1241,0.546440839767456,0.3485221674876847,1786405037.7719738
3,1242,0.5719027519226074,0.3489583333333333,1786405037.9289303
3,1243,0.6641479730606079,0.34839939024390243,1786405038.0904455
3,1244,0.6236327886581421,0.3481492718446602,1786405038.2610202
3,1245,0.6144496202468872,0.34782608695652173,1786405038.41955
3,1246,0.6106826066970825,0.3479567307692308,1786405038.574347
3,1247,0.6150898337364197,0.34763755980861244,1786405038.7352335
3,1248,0.498342365026474,0.3478422619047619,1786405038.892461
3,1249,0.48702138662338257,0.34826718009478674,1786405039.050801
3,1250,0.5445598363876343,0.3482458726415094,1786405039.2236185
3,1251,0.5423319935798645,0.3484448356807512,1786405039.3861368
3,1252,0.5911917686462402,0.3476197429906542,1786405039.5660906
3,1253,0.5417575240135193,0.34781976744186044,1786405039.723335
3,1254,0.47315943241119385,0.34837962962962965,1786405039.8807993
3,1255,0.5513876676559448,0.3485023041474654,1786405040.0386515
3,1256,0.5311108231544495,0.34840883027522934,1786405040.1985037
3,1257,0.5461688041687012,0.3487442922374429,1786405040.3580606
3,1258,0.4930347502231598,0.34928977272727274,1786405040.5357404
3,1259,0.7091308236122131,0.34975961538461536,1786405040.6957755
3,1260,0.5815021395683289,0.34980292792792794,1786405040.8550022
3,1261,0.5638459920883179,0.3498458520179372,1786405041.0141675
3,1262,0.6802488565444946,0.34974888392857145,1786405041.1754537
3,1263,0.5877923965454102,0.3497222222222222,1786405041.3338997
3,1264,0.5777578353881836,0.3499032079646018,1786405041.4927595
3,1265,0.5248594880104065,0.3494631057268722,1786405041.6513848
3,1266,0.6319640874862671,0.3496436403508772,1786405041.8106303
3,1267,0.49242502450942993,0.349549672489083,1786405041.9756472
3,1268,0.5952064990997314,0.34898097826086955,1786405042.1583095
3,1269,0.6599141359329224,0.34889069264069267,1786405042.317683
3,1270,0.48693689703941345,0.34832974137931033,1786405042.4781253
3,1271,0.5989187955856323,0.3480418454935622,1786405042.637516
3,1272,0.524956464767456,0.3483573717948718,1786405042.7957523
3,1273,0.5960914492607117,0.3478058510638298,1786405042.9551737
3,1274,0.5804805159568787,0.3474576271186441,1786405043.1157424
3,1275,0.6175798773765564,0.3477716244725738,1786405043.3000278
3,1276,0.5997334718704224,0.3476234243697479,1786405043.4590147
3,1277,0.5458680987358093,0.3479994769874477,1786405043.617622
3,1278,0.5270612835884094,0.34817708333333336,1786405043.775729
3,1279,0.5638501644134521,0.3486125518672199,1786405043.9424164
3,1280,0.5151676535606384,0.3487215909090909,1786405044.099071
3,1281,0.5218601226806641,0.34863683127572015,1786405044.268414
3,1282,0.5394869446754456,0.3486808401639344,1786405044.4334817
3,1283,0.5649293661117554,0.3489158163265306,1786405044.590509
3,1284,0.5241120457649231,0.3483866869918699,1786405044.7519124
3,1285,0.5756922364234924,0.3487474696356275,1786405044.9142184
3,1286,0.5798160433769226,0.34866431451612906,1786405045.074916
3,1287,0.5428105592727661,0.3488955823293173,1786405045.2318413
3,1288,0.600630521774292,0.3493125,1786405045.3900402
3,1289,0.5952657461166382,0.34916583665338646,1786405045.547995
3,1290,0.5278170108795166,0.3493923611111111,1786405045.7067173
3,1291,0.5968818664550781,0.3488759881422925,1786405045.8832982
3,1292,0.589190661907196,0.3482406496062992,1786405046.0433836
3,1293,0.5110312700271606,0.34852941176470587,1786405046.2023418
3,1294,0.5421825647354126,0.34844970703125,1786405046.3603342
3,1295,0.5980672240257263,0.34861381322957197,1786405046.5176055
3,1296,0.5328595042228699,0.3489583333333333,1786405046.6764529
3,1297,0.5107908844947815,0.3490588803088803,1786405046.8342507
3,1298,0.5610554218292236,0.3485576923076923,1786405046.9938347
3,1299,0.5801445841789246,0.3484195402298851,1786405047.1577387
3,1300,0.567557692527771,0.3487595419847328,1786405047.317816
3,1301,0.5586293339729309,0.34897813688212925,1786405047.493629
3,1302,0.5646505355834961,0.3490175189393939,1786405047.672805
3,1303,0.5262455940246582,0.3491745283018868,1786405047.8304598
3,1304,0.5289843678474426,0.34927161654135336,1786405047.9880183
3,1305,0.5283511877059937,0.34901685393258425,1786405048.1460242
3,1306,0.4952515959739685,0.3493470149253731,1786405048.3029757
3,1307,0.619611382484436,0.34944237918215615,1786405048.4660442
3,1308,0.5811601877212524,0.3488425925925926,1786405048.6343331
3,1309,0.6514211893081665,0.349169741697417,1786405048.7941473
3,1310,0.5175918340682983,0.3493221507352941,1786405048.963536
3,1311,0.6720374822616577,0.34935897435897434,1786405049.124065
3,1312,0.5436131954193115,0.34956660583941607,1786405049.2833
3,1313,0.562612771987915,0.34988636363636366,1786405049.4411924
3,1314,0.6636173129081726,0.34997735507246375,1786405049.6040523
3,1315,0.6302312612533569,0.34933438628158847,1786405049.765159
3,1316,0.6063735485076904,0.34875224820143885,1786405049.9271922
3,1317,0.5781869888305664,0.34901433691756273,1786405050.0888908
3,1318,0.598892092704773,0.34877232142857145,1786405050.2481337
3,1319,0.5423927307128906,0.3485320284697509,1786405050.4125128
3,1320,0.6858944892883301,0.3486258865248227,1786405050.5693302
3,1321,0.5502987504005432,0.34905035335689044,1786405050.7274127
3,1322,0.5387963056564331,0.34892165492957744,1786405050.900731
3,1323,0.5133070349693298,0.34912280701754383,1786405051.0616546
3,1324,0.7497940063476562,0.3489401223776224,1786405051.2203958
3,1325,0.5118579268455505,0.34957534843205573,1786405051.3783407
3,1326,0.52925044298172,0.3495551215277778,1786405051.5379384
3,1327,0.5837187767028809,0.3492106401384083,1786405051.6978817
3,1328,0.6584541201591492,0.34870689655172415,1786405051.86692
3,1329,0.6391138434410095,0.3487435567010309,1786405052.0441296
3,1330,0.4768938720226288,0.3489404965753425,1786405052.2032943
3,1331,0.6010707020759583,0.34902943686006827,1786405052.365046
3,1332,0.5618497133255005,0.34885204081632654,1786405052.524498
3,1333,0.6096992492675781,0.3489406779661017,1786405052.6832113
3,1334,0.6088280081748962,0.34855363175675674,1786405052.8421347
3,1335,0.5535715818405151,0.34864267676767674,1786405053.0104182
3,1336,0.6362169981002808,0.3485738255033557,1786405053.169363
3,1337,0.5944787859916687,0.34845317725752506,1786405053.3284495
3,1338,0.5733951330184937,0.3480729166666667,1786405053.4907086
3,1339,0.6203370094299316,0.3480066445182724,1786405053.6483462
3,1340,0.529721736907959,0.3480960264900662,1786405053.8140368
3,1341,0.6797763109207153,0.3481332508250825,1786405053.9689317
3,1342,0.5688014626502991,0.3483758223684211,1786405054.1404052
3,1343,0.4649754464626312,0.3485655737704918,1786405054.309173
3,1344,0.5547383427619934,0.3483455882352941,1786405054.4692204
3,1345,0.6110281944274902,0.3482797231270358,1786405054.630729
3,1346,0.5571469664573669,0.3481635551948052,1786405054.7891843
3,1347,0.5528162717819214,0.3480481391585761,1786405054.946916
3,1348,0.6125520467758179,0.3482862903225806,1786405055.1033707
3,1349,0.5818357467651367,0.3481209807073955,1786405055.2631319
3,1350,0.5724312663078308,0.3479567307692308,1786405055.4279282
3,1351,0.639062762260437,0.34749400958466453,1786405055.5868142
3,1352,0.46602320671081543,0.3473825636942675,1786405055.7428012
3,1353,0.588655412197113,0.34732142857142856,1786405055.8975258
3,1354,0.5488666892051697,0.3473101265822785,1786405056.059791
3,1355,0.5514415502548218,0.3474467665615142,1786405056.2202024
3,1356,0.5950723886489868,0.3477299528301887,1786405056.379406
3,1357,0.6594007015228271,0.34752155172413796,1786405056.5398629
3,1358,0.553037166595459,0.34755859375,1786405056.6986759
3,1359,0.49251383543014526,0.347838785046729,1786405056.8560057
3,1360,0.5822068452835083,0.34787461180124224,1786405057.0141842
3,1361,0.7303858995437622,0.34761996904024767,1786405057.173982
3,1362,0.5283083915710449,0.3479938271604938,1786405057.343272
3,1363,0.5410378575325012,0.34802884615384616,1786405057.4991066
3,1364,0.5476086735725403,0.3478240030674847,1786405057.6583383
3,1365,0.5845515727996826,0.34790711009174313,1786405057.813533
3,1366,0.6163299083709717,0.34760861280487804,1786405057.9719176
3,1367,0.5597501397132874,0.3477868541033435,1786405058.1273909
3,1368,0.6640856266021729,0.3475378787878788,1786405058.2868733
3,1369,0.5914311408996582,0.3472432024169184,1786405058.4454296
3,1370,0.6149418354034424,0.3471856174698795,1786405058.5997224
3,1371,0.5412361025810242,0.3471753003003003,1786405058.7565255
3,1372,0.5897393226623535,0.34697791916167664,1786405058.9125519
3,1373,0.4789721667766571,0.3466884328358209,1786405059.0681467
3,1374,0.5178194642066956,0.3463541666666667,1786405059.2233694
3,1375,0.5752526521682739,0.34616097922848665,1786405059.3779764
3,1376,0.5442706346511841,0.34610761834319526,1786405059.533729
3,1377,0.5893963575363159,0.3460084808259587,1786405059.6909738
3,1378,0.6231410503387451,0.3460018382352941,1786405059.8459375
3,1379,0.582528293132782,0.34576612903225806,1786405060.0047903
3,1380,0.5417498350143433,0.3453033625730994,1786405060.162366
3,1381,0.5219097137451172,0.34543549562682213,1786405060.3182404
3,1382,0.5900048613548279,0.34556686046511625,1786405060.472762
3,1383,0.5253294706344604,0.34547101449275364,1786405060.625199
3,1384,0.5696321725845337,0.3454208815028902,1786405060.779458
4,1385,0.6350998878479004,0.3125,1786405067.8367891
4,1386,0.6701523065567017,0.2734375,1786405068.0384338
4,1387,0.5374560356140137,0.3125,1786405068.201816
4,1388,0.5364000201225281,0.33203125,1786405068.3636045
4,1389,0.5880257487297058,0.325,1786405068.5254521
4,1390,0.5579685568809509,0.3307291666666667,1786405068.6858664
4,1391,0.6615288853645325,0.33705357142857145,1786405068.8474607
4,1392,0.5453530550003052,0.3203125,1786405069.0081017
4,1393,0.6004265546798706,0.3229166666666667,1786405069.1996312
4,1394,0.5588611960411072,0.3328125,1786405069.3629348
4,1395,0.5249379873275757,0.33948863636363635,1786405069.5972452
4,1396,0.5424861907958984,0.3411458333333333,1786405069.7706528
4,1397,0.6143584847450256,0.3425480769230769,1786405069.9664123
4,1398,0.4770841896533966,0.35379464285714285,1786405070.143262
4,1399,0.6083124876022339,0.359375,1786405070.3120399
4,1400,0.5078973770141602,0.3623046875,1786405070.4755156
4,1401,0.6606128811836243,0.3556985294117647,1786405070.6404865
4,1402,0.6079474687576294,0.3532986111111111,1786405070.8424926
4,1403,0.6115816831588745,0.3527960526315789,1786405071.0403628
4,1404,0.5726708769798279,0.3515625,1786405071.2644827
4,1405,0.6100485324859619,0.34672619047619047,1786405071.4541757
4,1406,0.5036138296127319,0.3409090909090909,1786405071.6148121
4,1407,0.7055341005325317,0.33967391304347827,1786405071.7768042
4,1408,0.5569669008255005,0.3391927083333333,1786405071.949826
4,1409,0.7126489877700806,0.33625,1786405072.115869
4,1410,0.5629348754882812,0.3371394230769231,1786405072.2818143
4,1411,0.6326242089271545,0.33449074074074076,1786405072.4656699
4,1412,0.5921667218208313,0.33035714285714285,1786405072.6311955
4,1413,0.5467663407325745,0.3275862068965517,1786405072.7935278
4,1414,0.5565838813781738,0.33125,1786405072.964186
4,1415,0.5036220550537109,0.3336693548387097,1786405073.129995
4,1416,0.5705543160438538,0.33447265625,1786405073.2905254
4,1417,0.522477924823761,0.3333333333333333,1786405073.4538977
4,1418,0.5794196128845215,0.3336397058823529,1786405073.614963
4,1419,0.6335663795471191,0.33482142857142855,1786405073.7928805
4,1420,0.5543108582496643,0.3315972222222222,1786405073.9683864
4,1421,0.5512251853942871,0.33192567567567566,1786405074.125758
4,1422,0.5497113466262817,0.33305921052631576,1786405074.2864501
4,1423,0.495604008436203,0.3369391025641026,1786405074.4434102
4,1424,0.6363979578018188,0.337890625,1786405074.61779
4,1425,0.5285334587097168,0.3353658536585366,1786405074.7775798
4,1426,0.5643730163574219,0.3318452380952381,1786405074.9404309
4,1427,0.5080442428588867,0.3339389534883721,1786405075.1008642
4,1428,0.5219646692276001,0.33735795454545453,1786405075.2770605
4,1429,0.7492637038230896,0.3350694444444444,1786405075.4358363
4,1430,0.5770468711853027,0.33627717391304346,1786405075.5942855
4,1431,0.5109300017356873,0.3377659574468085,1786405075.7502365
4,1432,0.5951913595199585,0.3372395833333333,1786405075.9083188
4,1433,0.6246451139450073,0.33769132653061223,1786405076.0633805
4,1434,0.5591360926628113,0.3375,1786405076.2206094
4,1435,0.4714755415916443,0.33731617647058826,1786405076.382981
4,1436,0.4883913993835449,0.3371394230769231,1786405076.540157
4,1437,0.44301581382751465,0.33903301886792453,1786405076.7053523
4,1438,0.6712111234664917,0.3382523148148148,1786405076.8830023
4,1439,0.4949255585670471,0.3392045454545455,1786405077.0405369
4,1440,0.5130618214607239,0.3392857142857143,1786405077.1983516
4,1441,0.599816620349884,0.3385416666666667,1786405077.356944
4,1442,0.588131308555603,0.33997844827586204,1786405077.5134363
4,1443,0.5878677368164062,0.3387182203389831,1786405077.6706452
4,1444,0.5050012469291687,0.34010416666666665,1786405077.841399
4,1445,0.6025357246398926,0.3396516393442623,1786405078.004641
4,1446,0.6198186874389648,0.3404737903225806,1786405078.162062
4,1447,0.5905417799949646,0.34151785714285715,1786405078.3208523
4,1448,0.5682902932167053,0.340087890625,1786405078.5004952
4,1449,0.5236431360244751,0.34134615384615385,1786405078.6603835
4,1450,0.6848180890083313,0.3397253787878788,1786405078.8196793
4,1451,0.6542149782180786,0.34071828358208955,1786405078.999027
4,1452,0.4809281527996063,0.33938419117647056,1786405079.1886566
4,1453,0.6388832330703735,0.3374094202898551,1786405079.3605406
4,1454,0.5781916379928589,0.33839285714285716,1786405079.5191245
4,1455,0.588951826095581,0.339568661971831,1786405079.6929789
4,1456,0.5649488568305969,0.33984375,1786405079.852557
4,1457,0.5524827837944031,0.3420376712328767,1786405080.0084739
4,1458,0.5190668702125549,0.34121621621621623,1786405080.168083
4,1459,0.477558970451355,0.34270833333333334,1786405080.325011
4,1460,0.5839815735816956,0.3412828947368421,1786405080.4838097
4,1461,0.6133627891540527,0.3409090909090909,1786405080.6428697
4,1462,0.5573967099189758,0.3411458333333333,1786405080.8104906
4,1463,0.5629296898841858,0.34117879746835444,1786405080.9673254
4,1464,0.6338403224945068,0.33984375,1786405081.1355717
4,1465,0.6829898357391357,0.3387345679012346,1786405081.2932932
4,1466,0.5573691129684448,0.3387957317073171,1786405081.4632983
4,1467,0.5971809029579163,0.33960843373493976,1786405081.6192622
4,1468,0.5005837678909302,0.34095982142857145,1786405081.7746716
4,1469,0.5126841068267822,0.3417279411764706,1786405081.9315856
4,1470,0.5957126617431641,0.342296511627907,1786405082.0895946
4,1471,0.5694297552108765,0.3430316091954023,1786405082.2678893
4,1472,0.6171731948852539,0.34232954545454547,1786405082.4269598
4,1473,0.603386640548706,0.3402387640449438,1786405082.5869281
4,1474,0.5707637071609497,0.3407986111111111,1786405082.7425206
4,1475,0.5758087635040283,0.34134615384615385,1786405082.899241
4,1476,0.5490765571594238,0.34086277173913043,1786405083.0548112
4,1477,0.5001760721206665,0.34173387096774194,1786405083.211817
4,1478,0.5718215703964233,0.34075797872340424,1786405083.3934698
4,1479,0.5190316438674927,0.34161184210526313,1786405083.5507936
4,1480,0.45295023918151855,0.3419596354166667,1786405083.7181108
4,1481,0.5923442840576172,0.34213917525773196,1786405083.8739262
4,1482,0.49370408058166504,0.3424744897959184,1786405084.0328174
4,1483,0.657604992389679,0.34264520202020204,1786405084.191179
4,1484,0.5047292709350586,0.34375,1786405084.3496184
4,1485,0.6588975191116333,0.343904702970297,1786405084.5118062
4,1486,0.5990232229232788,0.3440563725490196,1786405084.6753588
4,1487,0.6351714134216309,0.3439016990291262,1786405084.8352003
4,1488,0.593653678894043,0.3440504807692308,1786405085.0071301
4,1489,0.5501562356948853,0.34285714285714286,1786405085.1692302
4,1490,0.5518327355384827,0.3443396226415094,1786405085.3256953
4,1491,0.5553560853004456,0.3456483644859813,1786405085.4832633
4,1492,0.5584335327148438,0.3459201388888889,1786405085.644785
4,1493,0.6125971674919128,0.34575688073394495,1786405085.809194
4,1494,0.6031512022018433,0.3453125,1786405085.9724674
4,1495,0.5955531001091003,0.3458614864864865,1786405086.1318307
4,1496,0.5164356231689453,0.34681919642857145,1786405086.2931602
4,1497,0.5867918133735657,0.34527101769911506,1786405086.4587436
4,1498,0.5699582695960999,0.3441611842105263,1786405086.6181562
4,1499,0.553080141544342,0.3448369565217391,1786405086.7770178
4,1500,0.5937266945838928,0.3448275862068966,1786405086.9393942
4,1501,0.567840576171875,0.34455128205128205,1786405087.100876
4,1502,0.5579177141189575,0.3444120762711864,1786405087.2562137
4,1503,0.5661344528198242,0.3440126050420168,1786405087.426958
4,1504,0.6010779738426208,0.344140625,1786405087.5839612
4,1505,0.5013858675956726,0.34517045454545453,1786405087.7427547
4,1506,0.4843391478061676,0.34567110655737704,1786405087.914059
4,1507,0.5513395667076111,0.3461636178861789,1786405088.0919688
4,1508,0.516611635684967,0.3471522177419355,1786405088.2465374
4,1509,0.4780375063419342,0.346375,1786405088.4053335
4,1510,0.503455638885498,0.3464781746031746,1786405088.56414
4,1511,0.5203396081924438,0.34621062992125984,1786405088.72098
4,1512,0.6624636650085449,0.3463134765625,1786405088.8951735
4,1513,0.6515746116638184,0.34689922480620156,1786405089.0526497
4,1514,0.48617830872535706,0.3467548076923077,1786405089.209409
4,1515,0.6723934412002563,0.3460162213740458,1786405089.3691227
4,1516,0.4897933006286621,0.3464725378787879,1786405089.5245178
4,1517,0.49721261858940125,0.34750939849624063,1786405089.694088
4,1518,0.5273087620735168,0.3474813432835821,1786405089.8691268
4,1519,0.6560337543487549,0.34814814814814815,1786405090.030242
4,1520,0.5785437822341919,0.3483455882352941,1786405090.1875217
4,1521,0.5657551884651184,0.3479698905109489,1786405090.356086
4,1522,0.5829198360443115,0.34725996376811596,1786405090.5186543
4,1523,0.5610926151275635,0.34768435251798563,1786405090.67589
4,1524,0.4984470009803772,0.34732142857142856,1786405090.8486576
4,1525,0.5114902257919312,0.347406914893617,1786405091.0065718
4,1526,0.6271101236343384,0.34749119718309857,1786405091.1643765
4,1527,0.6138582825660706,0.3465909090909091,1786405091.321463
4,1528,0.5714880228042603,0.3470052083333333,1786405091.4786253
4,1529,0.4877563416957855,0.34676724137931036,1786405091.6368845
4,1530,0.5676261186599731,0.3471746575342466,1786405091.800613
4,1531,0.6410828232765198,0.3473639455782313,1786405091.964133
4,1532,0.5184177160263062,0.3472339527027027,1786405092.1208882
4,1533,0.4906312823295593,0.34763003355704697,1786405092.2814696
4,1534,0.5717002749443054,0.346875,1786405092.455247
4,1535,0.5355392098426819,0.34757864238410596,1786405092.6123009
4,1536,0.7713927626609802,0.3471422697368421,1786405092.787466
4,1537,0.5926746726036072,0.34671160130718953,1786405092.9443045
4,1538,0.5412241816520691,0.34598214285714285,1786405093.1040003
4,1539,0.662488579750061,0.345866935483871,1786405093.2641728
4,1540,0.5964877605438232,0.3457532051282051,1786405093.421785
4,1541,0.4719003438949585,0.3463375796178344,1786405093.5796373
4,1542,0.48646703362464905,0.346815664556962,1786405093.759334
4,1543,0.5307619571685791,0.3469929245283019,1786405093.9179115
4,1544,0.5787680745124817,0.34638671875,1786405094.0767303
4,1545,0.5183617472648621,0.3463703416149068,1786405094.234983
4,1546,0.5632297992706299,0.3465470679012346,1786405094.3928869
4,1547,0.4933108389377594,0.34681748466257667,1786405094.548839
4,1548,0.5934765338897705,0.3469893292682927,1786405094.7091072
4,1549,0.5841310620307922,0.34668560606060606,1786405094.8739069
4,1550,0.5459010004997253,0.346667921686747,1786405095.0315888
4,1551,0.5754649639129639,0.3471182634730539,1786405095.1899266
4,1552,0.6045523285865784,0.34672619047619047,1786405095.3491223
4,1553,0.6525266766548157,0.3468010355029586,1786405095.5185742
4,1554,0.6160686016082764,0.3464154411764706,1786405095.684991
4,1555,0.6200055480003357,0.3470394736842105,1786405095.8609815
4,1556,0.5290840864181519,0.34747456395348836,1786405096.018673
4,1557,0.498058944940567,0.3468208092485549,1786405096.1793253
4,1558,0.5113479495048523,0.34698275862068967,1786405096.347844
4,1559,0.5680410861968994,0.34669642857142857,1786405096.507811
4,1560,0.5251712203025818,0.3474786931818182,1786405096.6649814
4,1561,0.5442533493041992,0.3476341807909605,1786405096.8236098
4,1562,0.5317122936248779,0.3476123595505618,1786405096.9832358
4,1563,0.5725542306900024,0.3474162011173184,1786405097.1440976
4,1564,0.5675845742225647,0.346875,1786405097.3052566
4,1565,0.5360971093177795,0.3470303867403315,1786405097.4730306
4,1566,0.506139874458313,0.3471840659340659,1786405097.6367977
4,1567,0.5811957120895386,0.3468237704918033,1786405097.8099375
4,1568,0.5004059076309204,0.34689198369565216,1786405097.9676616
4,1569,0.5525491833686829,0.3470439189189189,1786405098.1243947
4,1570,0.5438699722290039,0.3465221774193548,1786405098.2832072
4,1571,0.5430732369422913,0.3474264705882353,1786405098.4421673
4,1572,0.574027955532074,0.3469082446808511,1786405098.6148922
4,1573,0.5350895524024963,0.3464781746031746,1786405098.774074
4,1574,0.5693914890289307,0.34629934210526314,1786405098.9325771
4,1575,0.5806347727775574,0.3460405759162304,1786405099.091702
4,1576,0.5320397019386292,0.345703125,1786405099.2499735
4,1577,0.5986528992652893,0.34561204663212436,1786405099.4080715
4,1578,0.550290048122406,0.34600515463917525,1786405099.565558
4,1579,0.6230359673500061,0.34607371794871794,1786405099.7518618
4,1580,0.522311270236969,0.34598214285714285,1786405099.9106388
4,1581,0.5983853340148926,0.34525697969543145,1786405100.073315
4,1582,0.582073450088501,0.3456439393939394,1786405100.2322624
4,1583,0.624038577079773,0.34492776381909546,1786405100.3912947
4,1584,0.5847985148429871,0.345,1786405100.5515964
4,1585,0.5976807475090027,0.3446050995024876,1786405100.7111924
4,1586,0.5028999447822571,0.34367264851485146,1786405100.8735964
4,1587,0.5505308508872986,0.3430572660098522,1786405101.0324082
4,1588,0.5910506248474121,0.34290747549019607,1786405101.1900692
4,1589,0.6432707905769348,0.34222560975609756,1786405101.348727
4,1590,0.5807979106903076,0.3423847087378641,1786405101.5244107
4,1591,0.504386305809021,0.34276871980676327,1786405101.6816676
4,1592,0.661761999130249,0.3427734375,1786405101.8403788
4,1593,0.6152448654174805,0.3427033492822967,1786405101.9994628
4,1594,0.4768989384174347,0.3429315476190476,1786405102.1596184
4,1595,0.4952735900878906,0.3431575829383886,1786405102.3159618
4,1596,0.6777986884117126,0.3425707547169811,1786405102.4759133
4,1597,0.5730180740356445,0.34264964788732394,1786405102.6445706
4,1598,0.6269866228103638,0.342508761682243,1786405102.8031201
4,1599,0.6076528429985046,0.34222383720930233,1786405102.960574
4,1600,0.6466883420944214,0.3423755787037037,1786405103.1201591
4,1601,0.5104719400405884,0.34230990783410137,1786405103.285419
4,1602,0.5929981470108032,0.3415997706422018,1786405103.4596853
4,1603,0.6076250076293945,0.3419663242009132,1786405103.6186132
4,1604,0.5465741157531738,0.34225852272727275,1786405103.7769952
4,1605,0.5589679479598999,0.34212386877828055,1786405103.9349747
4,1606,0.551632821559906,0.3421311936936937,1786405104.0915127
4,1607,0.5467405319213867,0.34255885650224216,1786405104.2491758
4,1608,0.523785412311554,0.3427734375,1786405104.4065313
4,1609,0.5945104360580444,0.34305555555555556,1786405104.5805812
4,1610,0.580876350402832,0.3425055309734513,1786405104.7508028
4,1611,0.5281304717063904,0.34257984581497797,1786405104.9075904
4,1612,0.5839735269546509,0.34292763157894735,1786405105.0650396
4,1613,0.5970523953437805,0.34320414847161573,1786405105.2344568
4,1614,0.5362522602081299,0.3436820652173913,1786405105.3911545
4,1615,0.5996319651603699,0.3430059523809524,1786405105.550096
4,1616,0.5179426074028015,0.34314385775862066,1786405105.7095966
4,1617,0.6275182366371155,0.343012339055794,1786405105.8702211
4,1618,0.5377576351165771,0.343482905982906,1786405106.0281456
4,1619,0.5604712963104248,0.34308510638297873,1786405106.2057312
4,1620,0.5172441005706787,0.3433527542372881,1786405106.3657813
4,1621,0.578903317451477,0.34335443037974683,1786405106.5308402
4,1622,0.6608742475509644,0.343093487394958,1786405106.6898816
4,1623,0.5305991768836975,0.34309623430962344,1786405106.8521771
4,1624,0.5136629343032837,0.3424479166666667,1786405107.012084
4,1625,0.557721734046936,0.342777489626556,1786405107.1893704
4,1626,0.663801908493042,0.3424586776859504,1786405107.348894
4,1627,0.7376043200492859,0.34272119341563784,1786405107.5074284
4,1628,0.5825124979019165,0.3428534836065574,1786405107.6690233
4,1629,0.5924030542373657,0.3424744897959184,1786405107.8279033
4,1630,0.5001031160354614,0.34267022357723576,1786405107.986221
4,1631,0.554645836353302,0.34229504048583,1786405108.1485388
4,1632,0.5739899277687073,0.3424269153225806,1786405108.3090198
4,1633,0.6022798418998718,0.34243222891566266,1786405108.4777098
4,1634,0.5777257084846497,0.3426875,1786405108.6422005
4,1635,0.5761289596557617,0.3431274900398406,1786405108.8003187
4,1636,0.5417012572288513,0.3427579365079365,1786405108.9583201
4,1637,0.6603312492370605,0.34251482213438733,1786405109.1176884
4,1638,0.5865071415901184,0.34276574803149606,1786405109.274893
4,1639,0.5583886504173279,0.34332107843137255,1786405109.436539
4,1640,0.6256518959999084,0.342529296875,1786405109.6037893
4,1641,0.5286840796470642,0.3420476653696498,1786405109.7827263
4,1642,0.5200715661048889,0.3417514534883721,1786405109.9429116
4,1643,0.6758909225463867,0.3416988416988417,1786405110.101438
4,1644,0.5681477785110474,0.3411658653846154,1786405110.2618544
4,1645,0.541856050491333,0.34129549808429116,1786405110.4207008
4,1646,0.532615065574646,0.3409470419847328,1786405110.5796895
4,1647,0.5957480669021606,0.34060123574144485,1786405110.7385018
4,1648,0.6105137467384338,0.3409090909090909,1786405110.913578
4,1649,0.6845982670783997,0.3402122641509434,1786405111.072792
4,1650,0.508053719997406,0.34051926691729323,1786405111.2320611
4,1651,0.6170094609260559,0.3408239700374532,1786405111.389721
4,1652,0.5040271878242493,0.3410097947761194,1786405111.5498936
4,1653,0.5611340999603271,0.3411942379182156,1786405111.7063923
4,1654,0.583363950252533,0.34056712962962965,1786405111.867499
4,1655,0.5840420722961426,0.34127075645756455,1786405112.024347
4,1656,0.5752381682395935,0.3410500919117647,1786405112.2029924
4,1657,0.6288978457450867,0.3411172161172161,1786405112.362284
4,1658,0.5913945436477661,0.340841697080292,1786405112.5209067
4,1659,0.53160160779953,0.3409090909090909,1786405112.677543
4,1660,0.5844931602478027,0.340919384057971,1786405112.8354328
4,1661,0.5135825872421265,0.3408731949458484,1786405112.9921267
4,1662,0.5043661594390869,0.34099595323741005,1786405113.1527674
4,1663,0.5734750628471375,0.3408378136200717,1786405113.3258777
4,1664,0.6371647715568542,0.34068080357142855,1786405113.4852715
4,1665,0.5294641256332397,0.34041370106761565,1786405113.6532052
4,1666,0.6669344305992126,0.3404255319148936,1786405113.8094766
4,1667,0.5724933743476868,0.3404924911660777,1786405113.9668493
4,1668,0.5821049213409424,0.34094410211267606,1786405114.1258183
4,1669,0.5347367525100708,0.34150219298245615,1786405114.2922707
4,1670,0.6368685960769653,0.34178321678321677,1786405114.4495075
4,1671,0.5867449641227722,0.34135452961672474,1786405114.6077683
4,1672,0.501999020576477,0.3413628472222222,1786405114.7642772
4,1673,0.5657932758331299,0.3416955017301038,1786405114.9377222
4,1674,0.546072781085968,0.3415948275862069,1786405115.1118917
4,1675,0.5971757769584656,0.34122637457044674,1786405115.270486
4,1676,0.6630095839500427,0.3414490582191781,1786405115.429588
4,1677,0.5903087258338928,0.3416168941979522,1786405115.5869732
4,1678,0.6778666377067566,0.34188988095238093,1786405115.7456384
4,1679,0.5990039110183716,0.3421080508474576,1786405115.90314
4,1680,0.5953496694564819,0.3420608108108108,1786405116.085539
4,1681,0.5241946578025818,0.3420664983164983,1786405116.2467806
4,1682,0.5115060210227966,0.3421770134228188,1786405116.4040706
4,1683,0.6659775376319885,0.3424435618729097,1786405116.5614827
4,1684,0.4688100814819336,0.34260416666666665,1786405116.7193274
4,1685,0.5066536664962769,0.34245224252491696,1786405116.8765752
4,1686,0.6392781138420105,0.3422495860927152,1786405117.035729
4,1687,0.6602988243103027,0.342151402640264,1786405117.2051673
4,1688,0.541000485420227,0.34210526315789475,1786405117.3661406
4,1689,0.5282543897628784,0.3420594262295082,1786405117.5229208
4,1690,0.5573176145553589,0.34211601307189543,1786405117.6820376
4,1691,0.5036283731460571,0.3421722312703583,1786405117.839726
4,1692,0.5092543959617615,0.342481737012987,1786405118.0116286
4,1693,0.6117013096809387,0.34213187702265374,1786405118.1758163
4,1694,0.5551678538322449,0.34269153225806454,1786405118.3406515
4,1695,0.48044171929359436,0.3430968649517685,1786405118.4963803
4,1696,0.580016016960144,0.34329927884615385,1786405118.657056
4,1697,0.6965546607971191,0.34330071884984026,1786405118.8157883
4,1698,0.6255673766136169,0.343202627388535,1786405118.974709
4,1699,0.46433550119400024,0.3437003968253968,1786405119.135939
4,1700,0.5943191051483154,0.3435027689873418,1786405119.2970088
4,1701,0.605901837348938,0.3436021293375394,1786405119.4542596
4,1702,0.4889296889305115,0.34355345911949686,1786405119.6183355
4,1703,0.5885475277900696,0.34335815047021945,1786405119.7912521
4,1704,0.503948986530304,0.3435546875,1786405119.9492185
4,1705,0.5410937070846558,0.34336059190031154,1786405120.1094801
4,1706,0.542844295501709,0.34341032608695654,1786405120.275982
4,1707,0.6225982904434204,0.3436048761609907,1786405120.4345849
4,1708,0.561789870262146,0.3435570987654321,1786405120.6035962
4,1709,0.6682400703430176,0.3434615384615385,1786405120.7609277
4,1710,0.6046805381774902,0.34370207055214724,1786405120.9162724
4,1711,0.5878971815109253,0.34370221712538224,1786405121.0729477
4,1712,0.47671130299568176,0.34417873475609756,1786405121.228948
4,1713,0.6046411991119385,0.34422492401215804,1786405121.3860312
4,1714,0.570306658744812,0.34427083333333336,1786405121.5412042
4,1715,0.5488360524177551,0.34412764350453173,1786405121.6997964
4,1716,0.5130795240402222,0.34431475903614456,1786405121.8554122
4,1717,0.550032377243042,0.34459459459459457,1786405122.0117052
4,1718,0.5640113353729248,0.34482597305389223,1786405122.1669629
4,1719,0.5463240146636963,0.3449160447761194,1786405122.3233604
4,1720,0.5324356555938721,0.3449590773809524,1786405122.4776824
4,1721,0.5667259693145752,0.34509458456973297,1786405122.633471
4,1722,0.5616422295570374,0.34509060650887574,1786405122.7909284
4,1723,0.5869871973991394,0.34485619469026546,1786405122.9497843
4,1724,0.5523709058761597,0.34489889705882354,1786405123.1050417
4,1725,0.5558661222457886,0.34517045454545453,1786405123.2602036
4,1726,0.5848979353904724,0.34502923976608185,1786405123.4164746
4,1727,0.5275083184242249,0.34520772594752186,1786405123.5704124
4,1728,0.5063779950141907,0.34533975290697677,1786405123.7261403
4,1729,0.5874274969100952,0.34506340579710143,1786405123.8829548
4,1730,0.5724947452545166,0.34510476878612717,1786405124.0419376
