epoch,step,batch_loss,running_acc,timestamp
0,381,0.430103600025177,0.5,1786409081.0170343
0,382,0.37504690885543823,0.34375,1786409081.066363
0,383,0.6685313582420349,0.4375,1786409081.115871
0,384,0.7409746646881104,0.421875,1786409081.1652172
0,385,0.3029932677745819,0.3875,1786409081.2136862
0,386,0.7528270483016968,0.3645833333333333,1786409081.2689605
0,387,0.490066260099411,0.33035714285714285,1786409081.3219965
0,388,0.5030977725982666,0.34375,1786409081.3719244
0,389,0.5321913361549377,0.3680555555555556,1786409081.4231708
0,390,0.4596950113773346,0.3875,1786409081.4718852
0,391,0.3621084690093994,0.4147727272727273,1786409081.5202873
0,392,0.49300631880760193,0.4114583333333333,1786409081.5734708
0,393,0.5552262663841248,0.39903846153846156,1786409081.6232412
0,394,0.4816395044326782,0.4107142857142857,1786409081.6727688
0,395,0.6063319444656372,0.39166666666666666,1786409081.7220654
0,396,0.5431241393089294,0.38671875,1786409081.7719965
0,397,0.46548283100128174,0.3897058823529412,1786409081.8259172
0,398,0.4710957705974579,0.3958333333333333,1786409081.8804681
0,399,0.31356558203697205,0.4144736842105263,1786409081.9305234
0,400,0.5402160882949829,0.4125,1786409081.9850502
0,401,0.6893482208251953,0.41369047619047616,1786409082.0350668
0,402,0.7988895177841187,0.4090909090909091,1786409082.0847511
0,403,0.39713338017463684,0.3967391304347826,1786409082.135898
0,404,0.5171482563018799,0.3984375,1786409082.1851144
0,405,0.5488147735595703,0.395,1786409082.2401564
0,406,0.48669713735580444,0.3942307692307692,1786409082.2954211
0,407,0.5410459637641907,0.3888888888888889,1786409082.3463607
0,408,0.4235958755016327,0.39285714285714285,1786409082.396953
0,409,0.6118720173835754,0.3900862068965517,1786409082.4473946
0,410,0.5152751803398132,0.3875,1786409082.4976902
0,411,0.3865565061569214,0.3911290322580645,1786409082.553282
0,412,0.5450143814086914,0.390625,1786409082.606621
0,413,0.6173798441886902,0.39015151515151514,1786409082.6563716
0,414,0.3205335736274719,0.3860294117647059,1786409082.7076616
0,415,0.31838110089302063,0.39107142857142857,1786409082.7620413
0,416,0.4089098274707794,0.3819444444444444,1786409082.81518
0,417,0.6215041279792786,0.3766891891891892,1786409082.865033
0,418,0.5373915433883667,0.3815789473684211,1786409082.9155295
0,419,0.371777206659317,0.38782051282051283,1786409082.9654903
0,420,0.5672380328178406,0.3875,1786409083.0203862
0,421,0.6641187071800232,0.3902439024390244,1786409083.0697563
0,422,0.4903802275657654,0.3898809523809524,1786409083.1235287
0,423,0.7857518792152405,0.38808139534883723,1786409083.1733356
0,424,0.575345516204834,0.39204545454545453,1786409083.2289736
0,425,0.5810893774032593,0.39166666666666666,1786409083.2834194
0,426,0.4598785638809204,0.38315217391304346,1786409083.333972
0,427,0.6864218711853027,0.386968085106383,1786409083.3826702
0,428,0.5603654384613037,0.3854166666666667,1786409083.4330463
0,429,0.6167668104171753,0.38392857142857145,1786409083.4876585
0,430,0.6521909832954407,0.38375,1786409083.5359755
0,431,0.5981835722923279,0.38235294117647056,1786409083.584584
0,432,0.5221245288848877,0.38341346153846156,1786409083.6343212
0,433,0.5193835496902466,0.37971698113207547,1786409083.6868815
0,434,0.4881282150745392,0.3819444444444444,1786409083.7402864
0,435,0.5758934617042542,0.38181818181818183,1786409083.7974596
0,436,0.7896956205368042,0.3828125,1786409083.8562493
0,437,0.5622935891151428,0.3826754385964912,1786409083.9049218
0,438,0.4733448922634125,0.38685344827586204,1786409083.9547188
0,439,0.39036834239959717,0.3834745762711864,1786409084.0048692
0,440,0.5094055533409119,0.37916666666666665,1786409084.055587
0,441,0.43146541714668274,0.3831967213114754,1786409084.1092205
0,442,0.5447940826416016,0.3840725806451613,1786409084.158484
0,443,0.3816186189651489,0.3869047619047619,1786409084.2088869
0,444,0.5643333792686462,0.3857421875,1786409084.25934
0,445,0.5572448372840881,0.38846153846153847,1786409084.3148317
0,446,0.5821582674980164,0.38825757575757575,1786409084.3650906
0,447,0.35636305809020996,0.3908582089552239,1786409084.414822
0,448,0.4705241322517395,0.39246323529411764,1786409084.4649575
0,449,0.61118483543396,0.391304347826087,1786409084.519253
0,450,0.528398871421814,0.39464285714285713,1786409084.5716398
0,451,0.4728941321372986,0.39348591549295775,1786409084.621372
0,452,0.5322797894477844,0.3975694444444444,1786409084.674899
0,453,0.6130452752113342,0.3946917808219178,1786409084.7245076
0,454,0.590100109577179,0.3918918918918919,1786409084.7748744
0,455,0.4422931969165802,0.38916666666666666,1786409084.827447
0,456,0.6588364839553833,0.39144736842105265,1786409084.8761413
0,457,0.5309300422668457,0.3912337662337662,1786409084.9268398
0,458,0.5430365204811096,0.391025641025641,1786409084.9781225
0,459,0.7624826431274414,0.3924050632911392,1786409085.0325346
0,460,0.4138708710670471,0.390625,1786409085.0827796
0,461,0.6819473505020142,0.3896604938271605,1786409085.132578
0,462,0.5815004706382751,0.38948170731707316,1786409085.1826305
0,463,0.5156015753746033,0.3885542168674699,1786409085.2338037
0,464,0.5066187381744385,0.3861607142857143,1786409085.285583
0,465,0.5230429768562317,0.3860294117647059,1786409085.3354921
0,466,0.5363122820854187,0.38299418604651164,1786409085.384457
0,467,0.5318758487701416,0.3829022988505747,1786409085.4382162
0,468,0.3813588321208954,0.3849431818181818,1786409085.4876814
0,469,0.5366916060447693,0.386938202247191,1786409085.5430486
0,470,0.6557254195213318,0.38819444444444445,1786409085.5985882
0,471,0.547407865524292,0.38873626373626374,1786409085.647439
0,472,0.7207916378974915,0.38722826086956524,1786409085.6988084
0,473,0.4719148874282837,0.3864247311827957,1786409085.7487564
0,474,0.6047930717468262,0.386968085106383,1786409085.7991269
0,475,0.4821068048477173,0.38421052631578945,1786409085.8488178
0,476,0.4403797388076782,0.384765625,1786409085.8974633
0,477,0.5665407180786133,0.38273195876288657,1786409085.9472406
0,478,0.527987539768219,0.3832908163265306,1786409086.002303
0,479,0.42805910110473633,0.38573232323232326,1786409086.0572963
0,480,0.5494639277458191,0.385625,1786409086.1063647
0,481,0.4123362898826599,0.3873762376237624,1786409086.1584954
0,482,0.5507649779319763,0.3872549019607843,1786409086.211967
0,483,0.5430334806442261,0.3871359223300971,1786409086.2625973
0,484,0.590839684009552,0.38882211538461536,1786409086.3129287
0,485,0.7294735312461853,0.3898809523809524,1786409086.3641012
0,486,0.5626249313354492,0.3920990566037736,1786409086.417895
0,487,0.45421716570854187,0.39310747663551404,1786409086.4685404
0,488,0.41641777753829956,0.39351851851851855,1786409086.5213487
0,489,0.620230495929718,0.3944954128440367,1786409086.5766187
0,490,0.38655418157577515,0.39545454545454545,1786409086.6307218
0,491,0.4612751007080078,0.39414414414414417,1786409086.68074
0,492,0.46096858382225037,0.39341517857142855,1786409086.733631
0,493,0.5060262084007263,0.3938053097345133,1786409086.7836397
0,494,0.6321582794189453,0.3930921052631579,1786409086.8389835
0,495,0.6569404006004333,0.39619565217391306,1786409086.8941967
0,496,0.7322351336479187,0.39655172413793105,1786409086.943252
0,497,0.4409515857696533,0.3936965811965812,1786409086.9924932
0,498,0.45209404826164246,0.392478813559322,1786409087.0438147
0,499,0.48816442489624023,0.39285714285714285,1786409087.0939155
0,500,0.6783053874969482,0.39114583333333336,1786409087.1510472
0,501,0.4754602313041687,0.3915289256198347,1786409087.202771
0,502,0.45019418001174927,0.39190573770491804,1786409087.2516112
0,503,0.6451559066772461,0.3907520325203252,1786409087.305164
0,504,0.4622381925582886,0.3911290322580645,1786409087.355025
0,505,0.5520937442779541,0.3905,1786409087.4083326
0,506,0.5743545293807983,0.39037698412698413,1786409087.4666302
0,507,0.5562970042228699,0.38927165354330706,1786409087.5153577
0,508,0.5392613410949707,0.38671875,1786409087.5651274
0,509,0.6334495544433594,0.3866279069767442,1786409087.6217148
0,510,0.5574358105659485,0.38653846153846155,1786409087.6718802
0,511,0.5220212340354919,0.3869274809160305,1786409087.7319238
0,512,0.695952832698822,0.3854166666666667,1786409087.7814112
0,513,0.6637741923332214,0.38533834586466165,1786409087.8306398
0,514,0.5286481976509094,0.3843283582089552,1786409087.8897405
0,515,0.634562611579895,0.3837962962962963,1786409087.9394522
0,516,0.4245472252368927,0.38419117647058826,1786409087.9903703
0,517,0.5857743620872498,0.38321167883211676,1786409088.04171
0,518,0.45838236808776855,0.3822463768115942,1786409088.0922685
0,519,0.5938135385513306,0.38219424460431656,1786409088.1430116
0,520,0.4703275263309479,0.3830357142857143,1786409088.1932418
0,521,0.3621528148651123,0.38386524822695034,1786409088.2440488
0,522,0.5519366264343262,0.3842429577464789,1786409088.2993224
0,523,0.5159847140312195,0.38505244755244755,1786409088.350701
0,524,0.7380607724189758,0.3845486111111111,1786409088.400621
0,525,0.5517045855522156,0.3857758620689655,1786409088.4542248
0,526,0.4234646260738373,0.3857020547945205,1786409088.5086815
0,527,0.5015385150909424,0.3852040816326531,1786409088.5578322
0,528,0.6143614053726196,0.38344594594594594,1786409088.6132102
0,529,0.6854066252708435,0.38171140939597314,1786409088.6645806
0,530,0.3723165690898895,0.38166666666666665,1786409088.7194862
0,531,0.5837675333023071,0.38120860927152317,1786409088.770012
0,532,0.5900728702545166,0.3807565789473684,1786409088.821476
0,533,0.4249887466430664,0.37949346405228757,1786409088.8722458
0,534,0.4618534743785858,0.380275974025974,1786409088.92221
0,535,0.3858986794948578,0.3818548387096774,1786409088.9736392
0,536,0.4705946445465088,0.38221153846153844,1786409089.0279107
0,537,0.9140398502349854,0.3821656050955414,1786409089.079339
0,538,0.32382673025131226,0.3840981012658228,1786409089.1364017
0,539,0.7065176963806152,0.3848270440251572,1786409089.1855912
0,540,0.6544293165206909,0.384375,1786409089.2363138
0,541,0.5450633764266968,0.38509316770186336,1786409089.2906806
0,542,0.4563504159450531,0.3869598765432099,1786409089.340831
0,543,0.5773568749427795,0.3861196319018405,1786409089.3900132
0,544,0.5348536372184753,0.38490853658536583,1786409089.4427836
0,545,0.481014221906662,0.3837121212121212,1786409089.4999902
0,546,0.5590981245040894,0.3825301204819277,1786409089.5502813
0,547,0.3177899122238159,0.3843562874251497,1786409089.6006382
0,548,0.48969224095344543,0.3828125,1786409089.651846
0,549,0.4396962523460388,0.382396449704142,1786409089.700691
0,550,0.49680060148239136,0.3834558823529412,1786409089.7517447
0,551,0.49934354424476624,0.38377192982456143,1786409089.8022547
0,552,0.4225437343120575,0.38444767441860467,1786409089.854018
0,553,0.39586490392684937,0.3847543352601156,1786409089.9067166
0,554,0.5509699583053589,0.3843390804597701,1786409089.9613867
0,555,0.38978028297424316,0.3846428571428571,1786409090.0121133
0,556,0.3974950611591339,0.3856534090909091,1786409090.0635822
0,557,0.4229447543621063,0.3870056497175141,1786409090.1165304
0,558,0.4562205374240875,0.3865870786516854,1786409090.1688206
0,559,0.4382834732532501,0.38722067039106145,1786409090.2177691
0,560,0.40797048807144165,0.3861111111111111,1786409090.2692213
0,561,0.5430823564529419,0.3863950276243094,1786409090.3218627
0,562,0.4051392078399658,0.3853021978021978,1786409090.3736892
0,563,0.5139797329902649,0.3866120218579235,1786409090.4226184
0,564,0.5540162324905396,0.38688858695652173,1786409090.4765272
0,565,0.6017591953277588,0.3875,1786409090.5261436
0,566,0.3843049705028534,0.38810483870967744,1786409090.576914
0,567,0.5131632685661316,0.38736631016042783,1786409090.6279862
0,568,0.5685181021690369,0.38763297872340424,1786409090.677051
0,569,0.6771385669708252,0.38822751322751325,1786409090.7276554
0,570,0.4751334488391876,0.38914473684210527,1786409090.7813015
0,571,0.44465452432632446,0.38972513089005234,1786409090.8332849
0,572,0.4871561825275421,0.388671875,1786409090.8848143
0,573,0.4779418408870697,0.38860103626943004,1786409090.9335456
0,574,0.40348467230796814,0.38917525773195877,1786409090.9834847
0,575,0.38409411907196045,0.3891025641025641,1786409091.0351698
0,576,0.5239238142967224,0.38871173469387754,1786409091.0859852
0,577,0.6763033270835876,0.3889593908629442,1786409091.1363063
0,578,0.32435107231140137,0.38762626262626265,1786409091.1862888
0,579,0.5940051078796387,0.38819095477386933,1786409091.2388656
0,580,0.615397572517395,0.3878125,1786409091.2925344
0,581,0.6928498148918152,0.38681592039800994,1786409091.3481164
0,582,0.6841254234313965,0.3876856435643564,1786409091.3977587
0,583,0.41107720136642456,0.3888546798029557,1786409091.4460402
0,584,0.52738356590271,0.3872549019607843,1786409091.4952629
0,585,0.47991934418678284,0.3871951219512195,1786409091.545152
0,586,0.4096076488494873,0.3883495145631068,1786409091.6006372
0,587,0.5065360069274902,0.3873792270531401,1786409091.654545
0,588,0.5627874135971069,0.3879206730769231,1786409091.707753
0,589,0.41528210043907166,0.38636363636363635,1786409091.7585342
0,590,0.7125725746154785,0.3860119047619048,1786409091.8141599
0,591,0.4853484630584717,0.3859597156398104,1786409091.8635902
0,592,0.7332340478897095,0.38502358490566035,1786409091.9144208
0,593,0.3576892614364624,0.38321596244131456,1786409091.970906
0,594,0.497773677110672,0.384053738317757,1786409092.0205843
0,595,0.36555802822113037,0.38546511627906976,1786409092.0757973
0,596,0.4909367263317108,0.38483796296296297,1786409092.1257584
0,597,0.5631935596466064,0.38392857142857145,1786409092.1774802
0,598,0.6527364253997803,0.3830275229357798,1786409092.2282195
0,599,0.426540732383728,0.3818493150684932,1786409092.2774405
0,600,0.36712685227394104,0.38323863636363636,1786409092.3337827
0,601,0.5051465034484863,0.38235294117647056,1786409092.3851628
0,602,0.29285508394241333,0.38400900900900903,1786409092.435859
0,603,0.544236958026886,0.38312780269058294,1786409092.4883938
0,604,0.4848686456680298,0.38392857142857145,1786409092.5376375
0,605,0.3690561354160309,0.385,1786409092.5955074
0,606,0.4815196394920349,0.38495575221238937,1786409092.6454434
0,607,0.7583181858062744,0.3838105726872247,1786409092.697583
0,608,0.42082679271698,0.38459429824561403,1786409092.7477534
0,609,0.5023359656333923,0.3845524017467249,1786409092.7971046
0,610,0.5113775134086609,0.38369565217391305,1786409092.8468928
0,611,0.6354467868804932,0.38392857142857145,1786409092.8971395
0,612,0.5683193802833557,0.3838900862068966,1786409092.9537337
0,613,0.48883259296417236,0.3833154506437768,1786409093.004047
0,614,0.6336634159088135,0.38247863247863245,1786409093.0538254
0,615,0.46790811419487,0.38324468085106383,1786409093.1081178
0,616,0.6377362012863159,0.3834745762711864,1786409093.160213
0,617,0.7435722351074219,0.38343881856540085,1786409093.2100658
0,618,0.6042848825454712,0.38392857142857145,1786409093.2606394
0,619,0.5566260814666748,0.38467573221757323,1786409093.309953
0,620,0.4942367374897003,0.38385416666666666,1786409093.359832
0,621,0.33161866664886475,0.38511410788381745,1786409093.4104817
0,622,0.6129477024078369,0.38455578512396693,1786409093.4610572
0,623,0.584322988986969,0.38348765432098764,1786409093.5101345
0,624,0.49963659048080444,0.3831967213114754,1786409093.5652318
0,625,0.5063734650611877,0.38316326530612244,1786409093.6195931
0,626,0.5805083513259888,0.3833841463414634,1786409093.669623
0,627,0.3991183340549469,0.3833502024291498,1786409093.7203858
0,628,0.39734891057014465,0.38205645161290325,1786409093.7716715
0,629,0.5335028767585754,0.3815261044176707,1786409093.8264754
0,630,0.31563901901245117,0.3825,1786409093.877979
0,631,0.5249640941619873,0.3827191235059761,1786409093.9282494
0,632,0.36648279428482056,0.38293650793650796,1786409093.9782133
0,633,0.4619561731815338,0.38191699604743085,1786409094.0281746
0,634,0.44238293170928955,0.3823818897637795,1786409094.0777063
0,635,0.5106778740882874,0.3816176470588235,1786409094.1329012
0,636,0.6375946998596191,0.381103515625,1786409094.1865864
0,637,0.5574002861976624,0.38156614785992216,1786409094.2428827
0,638,0.36021754145622253,0.3817829457364341,1786409094.294268
0,639,0.6981970071792603,0.382480694980695,1786409094.3429253
0,640,0.5981932878494263,0.3819711538461538,1786409094.3949873
0,641,0.32211822271347046,0.3829022988505747,1786409094.445317
0,642,0.48479509353637695,0.38287213740458015,1786409094.498684
0,643,0.4736597537994385,0.3828422053231939,1786409094.5532277
0,644,0.45969533920288086,0.38304924242424243,1786409094.6049256
0,645,0.3093699812889099,0.38443396226415094,1786409094.6564553
0,646,0.48895832896232605,0.38345864661654133,1786409094.7067127
0,647,0.4109250009059906,0.38436329588014984,1786409094.762463
0,648,0.374875009059906,0.38526119402985076,1786409094.8125226
0,649,0.6272742748260498,0.38522304832713755,1786409094.873174
0,650,0.463303804397583,0.3849537037037037,1786409094.9217894
0,651,0.6206194162368774,0.38468634686346864,1786409094.9714763
0,652,0.6439829468727112,0.38488051470588236,1786409095.0214772
0,653,0.6963129639625549,0.3850732600732601,1786409095.072942
0,654,0.4981285333633423,0.3841240875912409,1786409095.1310291
0,655,0.497822642326355,0.3845454545454545,1786409095.179719
0,656,0.46405717730522156,0.3842844202898551,1786409095.231528
0,657,0.6258455514907837,0.3837996389891697,1786409095.282038
0,658,0.6568138003349304,0.38444244604316546,1786409095.332218
0,659,0.524860143661499,0.3850806451612903,1786409095.386986
0,660,0.627675473690033,0.38504464285714285,1786409095.4362361
0,661,0.4888550341129303,0.3845640569395018,1786409095.4961724
0,662,0.5679949522018433,0.3840868794326241,1786409095.5447788
0,663,0.49461624026298523,0.3840547703180212,1786409095.594046
0,664,0.6800233125686646,0.38380281690140844,1786409095.6436791
0,665,0.4510515332221985,0.38377192982456143,1786409095.6913116
0,666,0.32278335094451904,0.3843968531468531,1786409095.7398682
0,667,0.37530088424682617,0.38501742160278746,1786409095.7886965
0,668,0.5292937159538269,0.3854166666666667,1786409095.8384495
0,669,0.40137767791748047,0.38624567474048443,1786409095.8859813
0,670,0.41324570775032043,0.3855603448275862,1786409095.9350457
0,671,0.48945263028144836,0.3850945017182131,1786409095.985026
0,672,0.4910281300544739,0.3848458904109589,1786409096.0340133
0,673,0.5374623537063599,0.3856655290102389,1786409096.0815902
0,674,0.3503013849258423,0.38456632653061223,1786409096.1309361
0,675,0.390613317489624,0.38495762711864406,1786409096.1796262
0,676,0.6301555037498474,0.3857685810810811,1786409096.228305
0,677,0.4103807508945465,0.38615319865319864,1786409096.275882
0,678,0.3949388265609741,0.38695469798657717,1786409096.3241267
0,679,0.5579923987388611,0.38691471571906355,1786409096.373048
0,680,0.5037267804145813,0.38645833333333335,1786409096.4223845
0,681,0.3792891204357147,0.38725083056478404,1786409096.4698784
0,682,0.5311052799224854,0.3878311258278146,1786409096.5174966
0,683,0.6524955034255981,0.38716996699669964,1786409096.5663145
0,684,0.41512730717658997,0.38692434210526316,1786409096.616482
0,685,0.6796393394470215,0.38729508196721313,1786409096.664679
1,686,0.7963993549346924,0.3125,1786409098.9827006
1,687,0.4734536111354828,0.40625,1786409099.0517576
1,688,0.5507568717002869,0.375,1786409099.1093953
1,689,0.3827289044857025,0.296875,1786409099.1888623
1,690,0.4160359501838684,0.3625,1786409099.2539885
1,691,0.37184205651283264,0.3958333333333333,1786409099.3055692
1,692,0.5459913015365601,0.36607142857142855,1786409099.3559446
1,693,0.4148302972316742,0.359375,1786409099.419053
1,694,0.4422297477722168,0.375,1786409099.4724462
1,695,0.5431718230247498,0.375,1786409099.521612
1,696,0.5850574374198914,0.3806818181818182,1786409099.5720098
1,697,0.45577436685562134,0.3802083333333333,1786409099.622168
1,698,0.43841445446014404,0.38461538461538464,1786409099.6724596
1,699,0.42949914932250977,0.39732142857142855,1786409099.7234612
1,700,0.43956804275512695,0.3958333333333333,1786409099.7736156
1,701,0.4903501570224762,0.40625,1786409099.8298674
1,702,0.4036053419113159,0.4117647058823529,1786409099.884607
1,703,0.5426191091537476,0.40625,1786409099.934024
1,704,0.4179466664791107,0.39473684210526316,1786409099.986893
1,705,0.5185240507125854,0.403125,1786409100.0370975
1,706,0.3762994110584259,0.3898809523809524,1786409100.0880802
1,707,0.3437134027481079,0.4034090909090909,1786409100.1382048
1,708,0.4694187641143799,0.4076086956521739,1786409100.1892533
1,709,0.7091063261032104,0.4114583333333333,1786409100.2390022
1,710,0.6797976493835449,0.4125,1786409100.292855
1,711,0.37815526127815247,0.4182692307692308,1786409100.3435702
1,712,0.5296252965927124,0.41898148148148145,1786409100.393981
1,713,0.44793030619621277,0.41964285714285715,1786409100.4429016
1,714,0.48412030935287476,0.41810344827586204,1786409100.4918196
1,715,0.43826204538345337,0.41041666666666665,1786409100.5426533
1,716,0.5715718865394592,0.4032258064516129,1786409100.5985746
1,717,0.3404659628868103,0.396484375,1786409100.651152
1,718,0.6971724629402161,0.3958333333333333,1786409100.705264
1,719,0.5265728235244751,0.38786764705882354,1786409100.7559423
1,720,0.41342049837112427,0.38035714285714284,1786409100.8095205
1,721,0.48006147146224976,0.3767361111111111,1786409100.860542
1,722,0.49878859519958496,0.3783783783783784,1786409100.9115405
1,723,0.2895260155200958,0.3815789473684211,1786409100.9599202
1,724,0.42691364884376526,0.38301282051282054,1786409101.0102286
1,725,0.5756904482841492,0.3859375,1786409101.0627468
1,726,0.9028210043907166,0.38871951219512196,1786409101.1162279
1,727,0.4499613344669342,0.3913690476190476,1786409101.1696074
1,728,0.5908268094062805,0.39244186046511625,1786409101.2188172
1,729,0.3672589361667633,0.390625,1786409101.2693107
1,730,0.3207714855670929,0.39444444444444443,1786409101.3240159
1,731,0.5877828598022461,0.3953804347826087,1786409101.3834991
1,732,0.5049566030502319,0.3962765957446808,1786409101.4372668
1,733,0.4513908326625824,0.3958333333333333,1786409101.4882832
1,734,0.47022637724876404,0.39540816326530615,1786409101.5379317
1,735,0.5225681066513062,0.3975,1786409101.5888374
1,736,0.5842218995094299,0.39950980392156865,1786409101.6415663
1,737,0.5511664748191833,0.39663461538461536,1786409101.6915617
1,738,0.589655876159668,0.3915094339622642,1786409101.743829
1,739,0.598264753818512,0.3958333333333333,1786409101.795715
1,740,0.5186783075332642,0.39431818181818185,1786409101.8446817
1,741,0.3691911995410919,0.3984375,1786409101.9036658
1,742,0.4967097342014313,0.40021929824561403,1786409101.953911
1,743,0.29754385352134705,0.39762931034482757,1786409102.0078855
1,744,0.6356263756752014,0.3972457627118644,1786409102.057424
1,745,0.7284166812896729,0.39375,1786409102.1074424
1,746,0.4715402126312256,0.39651639344262296,1786409102.157286
1,747,0.31525400280952454,0.4002016129032258,1786409102.2072027
1,748,0.5862120389938354,0.4007936507936508,1786409102.2573626
1,749,0.47416654229164124,0.396484375,1786409102.3126209
1,750,0.6760029792785645,0.39615384615384613,1786409102.367081
1,751,0.5298073291778564,0.39488636363636365,1786409102.4224997
1,752,0.514433741569519,0.396455223880597,1786409102.472648
1,753,0.4514400064945221,0.39889705882352944,1786409102.5229168
1,754,0.5428686141967773,0.39945652173913043,1786409102.5808148
1,755,0.5445488691329956,0.3982142857142857,1786409102.629899
1,756,0.46711239218711853,0.3996478873239437,1786409102.6803384
1,757,0.4893290400505066,0.3975694444444444,1786409102.7306163
1,758,0.5858224034309387,0.398972602739726,1786409102.7819872
1,759,0.34687232971191406,0.39611486486486486,1786409102.8353982
1,760,0.3728397786617279,0.3975,1786409102.8845327
1,761,0.6698306798934937,0.3963815789473684,1786409102.934037
1,762,0.7580490708351135,0.3961038961038961,1786409102.9907727
1,763,0.5914642810821533,0.3974358974358974,1786409103.0407557
1,764,0.38863009214401245,0.3971518987341772,1786409103.0911875
1,765,0.39421993494033813,0.4,1786409103.1398308
1,766,0.3776131272315979,0.4020061728395062,1786409103.1899025
1,767,0.5618836879730225,0.4009146341463415,1786409103.241496
1,768,0.4373244047164917,0.4036144578313253,1786409103.2927868
1,769,0.5792427659034729,0.4055059523809524,1786409103.3435998
1,770,0.40632787346839905,0.40588235294117647,1786409103.3967562
1,771,0.6003708243370056,0.40406976744186046,1786409103.4468176
1,772,0.38631492853164673,0.40373563218390807,1786409103.4968243
1,773,0.41669297218322754,0.4034090909090909,1786409103.5470457
1,774,0.6676149368286133,0.40519662921348315,1786409103.6056108
1,775,0.40501031279563904,0.40694444444444444,1786409103.6541262
1,776,0.8526146411895752,0.4065934065934066,1786409103.7035928
1,777,0.5149532556533813,0.4076086956521739,1786409103.7534707
1,778,0.48803824186325073,0.40860215053763443,1786409103.804984
1,779,0.40085041522979736,0.40757978723404253,1786409103.8550942
1,780,0.4558843970298767,0.40657894736842104,1786409103.9061577
1,781,0.5363126397132874,0.4069010416666667,1786409103.9564347
1,782,0.5336969494819641,0.4072164948453608,1786409104.0066288
1,783,0.5517157316207886,0.40816326530612246,1786409104.06221
1,784,0.5974881649017334,0.4090909090909091,1786409104.111188
1,785,0.5046596527099609,0.40625,1786409104.1613286
1,786,0.41623950004577637,0.4084158415841584,1786409104.2158208
1,787,0.4179691970348358,0.40808823529411764,1786409104.26594
1,788,0.6308157444000244,0.4065533980582524,1786409104.3168318
1,789,0.4392733573913574,0.40685096153846156,1786409104.365676
1,790,0.6014660000801086,0.40595238095238095,1786409104.4202328
1,791,0.4873497486114502,0.4056603773584906,1786409104.4772158
1,792,0.3951113224029541,0.4077102803738318,1786409104.5277953
1,793,0.5088544487953186,0.4074074074074074,1786409104.5775714
1,794,0.4060806632041931,0.4099770642201835,1786409104.6267052
1,795,0.46219614148139954,0.41306818181818183,1786409104.67579
1,796,0.33133551478385925,0.4166666666666667,1786409104.7255223
1,797,0.5277959108352661,0.41573660714285715,1786409104.7826612
1,798,0.6520287990570068,0.41814159292035397,1786409104.835367
1,799,0.41538143157958984,0.41831140350877194,1786409104.8847854
1,800,0.5318210124969482,0.4190217391304348,1786409104.935851
1,801,0.41267818212509155,0.4175646551724138,1786409104.9861877
1,802,0.543333888053894,0.4155982905982906,1786409105.036508
1,803,0.5113700032234192,0.4152542372881356,1786409105.0913868
1,804,0.35648804903030396,0.4164915966386555,1786409105.1419203
1,805,0.3490879237651825,0.4140625,1786409105.1961274
1,806,0.34025445580482483,0.4121900826446281,1786409105.2457883
1,807,0.47580796480178833,0.4144467213114754,1786409105.2959006
1,808,0.6202640533447266,0.41260162601626016,1786409105.3460562
1,809,0.6369284391403198,0.4128024193548387,1786409105.3945813
1,810,0.38961631059646606,0.4125,1786409105.4506824
1,811,0.3426496386528015,0.4131944444444444,1786409105.4996388
1,812,0.40334030985832214,0.4109251968503937,1786409105.5497801
1,813,0.7365498542785645,0.4111328125,1786409105.6054814
1,814,0.40191662311553955,0.4103682170542636,1786409105.6549277
1,815,0.4719693958759308,0.4115384615384615,1786409105.70589
1,816,0.4749836027622223,0.4098282442748092,1786409105.7570763
1,817,0.5248299241065979,0.41051136363636365,1786409105.8122754
1,818,0.47261595726013184,0.41024436090225563,1786409105.8624215
1,819,0.39710551500320435,0.4099813432835821,1786409105.9118257
1,820,0.6763859987258911,0.4097222222222222,1786409105.9608958
1,821,0.6456374526023865,0.4099264705882353,1786409106.0126228
1,822,0.4755774736404419,0.4101277372262774,1786409106.067111
1,823,0.43149858713150024,0.4116847826086957,1786409106.1168487
1,824,0.4011867046356201,0.41276978417266186,1786409106.1701605
1,825,0.3395579159259796,0.4142857142857143,1786409106.2199209
1,826,0.6836490631103516,0.4148936170212766,1786409106.271537
1,827,0.5270224809646606,0.4141725352112676,1786409106.3218074
1,828,0.36594727635383606,0.4147727272727273,1786409106.373035
1,829,0.3786981999874115,0.4184027777777778,1786409106.4259334
1,830,0.4172876179218292,0.4189655172413793,1786409106.4755847
1,831,0.63088059425354,0.418236301369863,1786409106.5264175
1,832,0.7134103775024414,0.4166666666666667,1786409106.5766685
1,833,0.4107542634010315,0.41596283783783783,1786409106.6262054
1,834,0.4907437562942505,0.41568791946308725,1786409106.6758718
1,835,0.3919917345046997,0.4170833333333333,1786409106.725776
1,836,0.470164030790329,0.41846026490066224,1786409106.7766674
1,837,0.5800577402114868,0.41817434210526316,1786409106.8263943
1,838,0.6821833252906799,0.41625816993464054,1786409106.8818655
1,839,0.5091438293457031,0.41761363636363635,1786409106.9353788
1,840,0.5193696022033691,0.41774193548387095,1786409106.9862692
1,841,0.5412194132804871,0.4166666666666667,1786409107.042271
1,842,0.4182954430580139,0.4171974522292994,1786409107.0926986
1,843,0.4684125781059265,0.4173259493670886,1786409107.143052
1,844,0.3996443748474121,0.41745283018867924,1786409107.2018547
1,845,0.5894627571105957,0.418359375,1786409107.251393
1,846,0.5098288655281067,0.41770186335403725,1786409107.3015223
1,847,0.46411076188087463,0.41628086419753085,1786409107.3556466
1,848,0.5960357189178467,0.41526073619631904,1786409107.4061108
1,849,0.45965033769607544,0.41501524390243905,1786409107.464291
1,850,0.3792814016342163,0.41628787878787876,1786409107.515884
1,851,0.30276864767074585,0.4182981927710843,1786409107.5649297
1,852,0.43097174167633057,0.4195359281437126,1786409107.6168694
1,853,0.8648312091827393,0.41964285714285715,1786409107.666907
1,854,0.44686663150787354,0.4208579881656805,1786409107.7171466
1,855,0.3825681209564209,0.42205882352941176,1786409107.7680852
1,856,0.5748364925384521,0.42214912280701755,1786409107.8171835
1,857,0.5370001792907715,0.42151162790697677,1786409107.8681998
1,858,0.4309619665145874,0.42052023121387283,1786409107.918284
1,859,0.5916967988014221,0.4202586206896552,1786409107.9719381
1,860,0.4317789077758789,0.4207142857142857,1786409108.0219052
1,861,0.3217329978942871,0.42223011363636365,1786409108.0707543
1,862,0.3822647035121918,0.4230225988700565,1786409108.1265452
1,863,0.4149872362613678,0.42485955056179775,1786409108.1766245
1,864,0.2629128694534302,0.42562849162011174,1786409108.2276483
1,865,0.5174737572669983,0.42569444444444443,1786409108.276937
1,866,0.5573174953460693,0.4261049723756906,1786409108.3267431
1,867,0.4561460018157959,0.4251373626373626,1786409108.3779187
1,868,0.2877334654331207,0.4245218579234973,1786409108.4281473
1,869,0.45072004199028015,0.4235733695652174,1786409108.4775145
1,870,0.44882404804229736,0.4239864864864865,1786409108.526478
1,871,0.3681603670120239,0.42439516129032256,1786409108.577469
1,872,0.5292945504188538,0.4234625668449198,1786409108.632388
1,873,0.5544639825820923,0.42220744680851063,1786409108.6829126
1,874,0.4935551881790161,0.42162698412698413,1786409108.7388911
1,875,0.43520069122314453,0.42236842105263156,1786409108.7891355
1,876,0.42996078729629517,0.4224476439790576,1786409108.8390186
1,877,0.4759458303451538,0.4215494791666667,1786409108.8951077
1,878,0.6160821318626404,0.4209844559585492,1786409108.9456067
1,879,0.4899829030036926,0.41978092783505155,1786409108.9956849
1,880,0.38625845313072205,0.42115384615384616,1786409109.0453913
1,881,0.6839138269424438,0.42091836734693877,1786409109.1000435
1,882,0.5685145258903503,0.42100253807106597,1786409109.1586814
1,883,0.6041007041931152,0.4198232323232323,1786409109.2090394
1,884,0.6552124619483948,0.41959798994974873,1786409109.2593815
1,885,0.2862898111343384,0.420625,1786409109.3086307
1,886,0.3881024122238159,0.4210199004975124,1786409109.3614607
1,887,0.49729958176612854,0.4214108910891089,1786409109.4176378
1,888,0.6695306897163391,0.42210591133004927,1786409109.469361
1,889,0.6279318332672119,0.4212622549019608,1786409109.5196948
1,890,0.5147796869277954,0.4216463414634146,1786409109.5690322
1,891,0.4694159924983978,0.4217233009708738,1786409109.6180913
1,892,0.5161787271499634,0.421195652173913,1786409109.6744423
1,893,0.4948015511035919,0.42037259615384615,1786409109.724939
1,894,0.6852019429206848,0.42075358851674644,1786409109.7751193
1,895,0.41713711619377136,0.42083333333333334,1786409109.8244047
1,896,0.4232499897480011,0.4194312796208531,1786409109.873609
1,897,0.5453357100486755,0.419811320754717,1786409109.9238057
1,898,0.562728762626648,0.41960093896713613,1786409109.975356
1,899,0.48935794830322266,0.4205607476635514,1786409110.029349
1,900,0.4612836241722107,0.42093023255813955,1786409110.079294
1,901,0.34232982993125916,0.421875,1786409110.131339
1,902,0.3100598156452179,0.4210829493087558,1786409110.1824439
1,903,0.3682110905647278,0.4228784403669725,1786409110.2338564
1,904,0.4496230483055115,0.4226598173515982,1786409110.2839646
1,905,0.4290241301059723,0.42159090909090907,1786409110.3389404
1,906,0.4034130573272705,0.4216628959276018,1786409110.3936684
1,907,0.4087727665901184,0.42257882882882886,1786409110.443889
1,908,0.39042192697525024,0.42376681614349776,1786409110.493734
1,909,0.552086591720581,0.4224330357142857,1786409110.5425828
1,910,0.44316044449806213,0.42194444444444446,1786409110.597483
1,911,0.6531141996383667,0.4209070796460177,1786409110.6525784
1,912,0.6898030042648315,0.42070484581497797,1786409110.7032142
1,913,0.6152178049087524,0.4199561403508772,1786409110.7542965
1,914,0.4572390913963318,0.41975982532751094,1786409110.804736
1,915,0.412573903799057,0.42038043478260867,1786409110.8542466
1,916,0.4628601372241974,0.4185606060606061,1786409110.907593
1,917,0.42848604917526245,0.41864224137931033,1786409110.9573646
1,918,0.36478129029273987,0.4189914163090129,1786409111.0130112
1,919,0.41105756163597107,0.41933760683760685,1786409111.0632617
1,920,0.5364097356796265,0.42021276595744683,1786409111.117439
1,921,0.3928878605365753,0.420021186440678,1786409111.167187
1,922,0.31244564056396484,0.42114978902953587,1786409111.2222629
1,923,0.3989751935005188,0.4214810924369748,1786409111.272255
1,924,0.49894416332244873,0.4212866108786611,1786409111.323805
1,925,0.46123042702674866,0.42135416666666664,1786409111.378077
1,926,0.5697938799858093,0.42142116182572614,1786409111.4273894
1,927,0.5426203608512878,0.4214876033057851,1786409111.4787388
1,928,0.43002691864967346,0.42155349794238683,1786409111.5288281
1,929,0.49562931060791016,0.42161885245901637,1786409111.5809028
1,930,0.38049545884132385,0.42117346938775513,1786409111.6329854
1,931,0.6390547752380371,0.42047764227642276,1786409111.6819851
1,932,0.6241124868392944,0.42054655870445345,1786409111.73344
1,933,0.3323237895965576,0.42111895161290325,1786409111.7836492
1,934,0.615196704864502,0.419929718875502,1786409111.8337245
1,935,0.5720875263214111,0.42,1786409111.8847446
1,936,0.5593898296356201,0.42156374501992033,1786409111.93455
1,937,0.3567695915699005,0.4226190476190476,1786409111.9873605
1,938,0.43483611941337585,0.4226778656126482,1786409112.0372252
1,939,0.49959611892700195,0.422490157480315,1786409112.0868526
1,940,0.41825929284095764,0.42083333333333334,1786409112.1442885
1,941,0.4124603867530823,0.421142578125,1786409112.1941533
1,942,0.5200895667076111,0.42047665369649806,1786409112.2497683
1,943,0.341749906539917,0.42102713178294576,1786409112.3023257
1,944,0.4215897023677826,0.42084942084942084,1786409112.352272
1,945,0.6394144296646118,0.41971153846153847,1786409112.405934
1,946,0.4697614014148712,0.4193007662835249,1786409112.4568233
1,947,0.4473932385444641,0.42008587786259544,1786409112.507391
1,948,0.5996012091636658,0.42015209125475284,1786409112.5568376
1,949,0.4639846980571747,0.4199810606060606,1786409112.6109514
1,950,0.3726368248462677,0.42004716981132073,1786409112.6606052
1,951,0.6499382257461548,0.41987781954887216,1786409112.7110527
1,952,0.44733694195747375,0.4204119850187266,1786409112.7614627
1,953,0.4629759192466736,0.42117537313432835,1786409112.810811
1,954,0.5045458674430847,0.42146840148698883,1786409112.8607304
1,955,0.47284984588623047,0.4203703703703704,1786409112.9134629
1,956,0.590785026550293,0.4208948339483395,1786409112.9636624
1,957,0.4163287580013275,0.4209558823529412,1786409113.0169897
1,958,0.30252644419670105,0.42216117216117216,1786409113.0694633
1,959,0.6170231103897095,0.42130474452554745,1786409113.1248176
1,960,0.7276158928871155,0.42113636363636364,1786409113.174626
1,961,0.4827125668525696,0.421195652173913,1786409113.2252343
1,962,0.5146775245666504,0.4217057761732852,1786409113.275094
1,963,0.6005993485450745,0.42198741007194246,1786409113.324228
1,964,0.4127516448497772,0.4220430107526882,1786409113.3740788
1,965,0.4175671935081482,0.4225446428571429,1786409113.424693
1,966,0.654967188835144,0.422153024911032,1786409113.4808757
1,967,0.4573773443698883,0.42109929078014185,1786409113.5352712
1,968,0.40015435218811035,0.4211572438162544,1786409113.5833228
1,969,0.4265615940093994,0.4216549295774648,1786409113.632663
1,970,0.5219005942344666,0.42105263157894735,1786409113.6812432
1,971,0.5253262519836426,0.4215472027972028,1786409113.731096
1,972,0.45231056213378906,0.42269163763066203,1786409113.779573
1,973,0.5044626593589783,0.4227430555555556,1786409113.8275888
1,974,0.4297707676887512,0.4227941176470588,1786409113.876121
1,975,0.4381411075592041,0.4234913793103448,1786409113.925281
1,976,0.43768319487571716,0.4228951890034364,1786409113.9736278
1,977,0.5501503944396973,0.4225171232876712,1786409114.0222573
1,978,0.4886208772659302,0.4232081911262799,1786409114.0708873
1,979,0.36584165692329407,0.42304421768707484,1786409114.120363
1,980,0.39416924118995667,0.4235169491525424,1786409114.1691215
1,981,0.277136892080307,0.42377533783783783,1786409114.2174797
1,982,0.432156503200531,0.42424242424242425,1786409114.2661054
1,983,0.5014817714691162,0.42428691275167785,1786409114.3152082
1,984,0.47919386625289917,0.4243311036789298,1786409114.3636396
1,985,0.6703377962112427,0.42375,1786409114.4119127
1,986,0.4977397322654724,0.42338039867109634,1786409114.4604177
1,987,0.5188385844230652,0.42280629139072845,1786409114.507734
1,988,0.7234545350074768,0.42264851485148514,1786409114.5561175
1,989,0.5925962328910828,0.4222861842105263,1786409114.6040976
1,990,0.624907910823822,0.4223360655737705,1786409114.6529632
2,991,0.4049760401248932,0.375,1786409116.5529716
2,992,0.535672128200531,0.25,1786409116.6151674
2,993,0.4903900921344757,0.2708333333333333,1786409116.6896493
2,994,0.35420212149620056,0.359375,1786409116.7501173
2,995,0.42445629835128784,0.4125,1786409116.8096077
2,996,0.5467169880867004,0.40625,1786409116.8611448
2,997,0.594306468963623,0.375,1786409116.9132466
2,998,0.5417033433914185,0.3828125,1786409116.9685657
2,999,0.5914039611816406,0.3819444444444444,1786409117.0240228
2,1000,0.5975898504257202,0.375,1786409117.0810266
2,1001,0.487301766872406,0.3977272727272727,1786409117.1366563
2,1002,0.40883296728134155,0.4114583333333333,1786409117.1923652
2,1003,0.37270399928092957,0.4375,1786409117.2418122
2,1004,0.4618099331855774,0.4419642857142857,1786409117.291587
2,1005,0.43746867775917053,0.44583333333333336,1786409117.347011
2,1006,0.6297196745872498,0.453125,1786409117.3995478
2,1007,0.3622247278690338,0.4485294117647059,1786409117.4495893
2,1008,0.3912736177444458,0.4305555555555556,1786409117.499078
2,1009,0.42451012134552,0.4309210526315789,1786409117.548644
2,1010,0.3583844304084778,0.446875,1786409117.6011617
2,1011,0.4229150116443634,0.44345238095238093,1786409117.6567497
2,1012,0.45498377084732056,0.4460227272727273,1786409117.70541
2,1013,0.4049387574195862,0.45108695652173914,1786409117.7555766
2,1014,0.4870210587978363,0.4427083333333333,1786409117.805939
2,1015,0.5248342752456665,0.4425,1786409117.8584163
2,1016,0.3815916180610657,0.43028846153846156,1786409117.9093623
2,1017,0.398654967546463,0.41898148148148145,1786409117.9600327
2,1018,0.4747145175933838,0.41964285714285715,1786409118.0149682
2,1019,0.4876563549041748,0.41594827586206895,1786409118.0672574
2,1020,0.4058617651462555,0.42291666666666666,1786409118.1211174
2,1021,0.4382563531398773,0.42338709677419356,1786409118.1713524
2,1022,0.48893797397613525,0.427734375,1786409118.227719
2,1023,0.4178393483161926,0.42803030303030304,1786409118.276677
2,1024,0.44193312525749207,0.43566176470588236,1786409118.3275235
2,1025,0.4290473163127899,0.4357142857142857,1786409118.3781369
2,1026,0.4997134804725647,0.4427083333333333,1786409118.42831
2,1027,0.4336174726486206,0.44425675675675674,1786409118.478659
2,1028,0.3364619016647339,0.4473684210526316,1786409118.5282097
2,1029,0.39174556732177734,0.4519230769230769,1786409118.5856342
2,1030,0.33974456787109375,0.45625,1786409118.6359875
2,1031,0.58767169713974,0.4496951219512195,1786409118.6911597
2,1032,0.41218680143356323,0.4494047619047619,1786409118.7410054
2,1033,0.4487016499042511,0.45058139534883723,1786409118.7905805
2,1034,0.44720935821533203,0.4446022727272727,1786409118.841572
2,1035,0.7502997517585754,0.44305555555555554,1786409118.8970044
2,1036,0.3605971038341522,0.4429347826086957,1786409118.9479978
2,1037,0.4947816729545593,0.44148936170212766,1786409118.9977145
2,1038,0.5941206216812134,0.4401041666666667,1786409119.047623
2,1039,0.5481196045875549,0.44387755102040816,1786409119.1002579
2,1040,0.5378512740135193,0.44,1786409119.1510115
2,1041,0.44893795251846313,0.4411764705882353,1786409119.2028987
2,1042,0.44673997163772583,0.44350961538461536,1786409119.256423
2,1043,0.35588809847831726,0.4481132075471698,1786409119.3060615
2,1044,0.542535126209259,0.44212962962962965,1786409119.3567157
2,1045,0.3539412319660187,0.44431818181818183,1786409119.4075353
2,1046,0.4227742850780487,0.44642857142857145,1786409119.462093
2,1047,0.46356403827667236,0.44627192982456143,1786409119.51652
2,1048,0.29974842071533203,0.4525862068965517,1786409119.570553
2,1049,0.45710596442222595,0.451271186440678,1786409119.6217062
2,1050,0.5128057599067688,0.44895833333333335,1786409119.6715412
2,1051,0.532585620880127,0.45184426229508196,1786409119.7220337
2,1052,0.3905324935913086,0.4526209677419355,1786409119.7715986
2,1053,0.3155401051044464,0.4573412698412698,1786409119.8240883
2,1054,0.5024703145027161,0.4541015625,1786409119.8746011
2,1055,0.5619642734527588,0.45576923076923076,1786409119.930073
2,1056,0.3928977847099304,0.4583333333333333,1786409119.9808333
2,1057,0.3831641674041748,0.45802238805970147,1786409120.0304506
2,1058,0.4883982539176941,0.46139705882352944,1786409120.0846725
2,1059,0.488289475440979,0.46195652173913043,1786409120.1392622
2,1060,0.3796629011631012,0.46517857142857144,1786409120.1895876
2,1061,0.4087691307067871,0.46566901408450706,1786409120.2395623
2,1062,0.6803528070449829,0.4652777777777778,1786409120.2894285
2,1063,0.4948267340660095,0.4657534246575342,1786409120.338865
2,1064,0.48642560839653015,0.46790540540540543,1786409120.3887534
2,1065,0.623948335647583,0.4691666666666667,1786409120.4455206
2,1066,0.49101904034614563,0.47039473684210525,1786409120.494437
2,1067,0.4873977303504944,0.4667207792207792,1786409120.5439181
2,1068,0.460421621799469,0.4671474358974359,1786409120.5937917
2,1069,0.5816601514816284,0.46360759493670883,1786409120.6491292
2,1070,0.4600203335285187,0.4640625,1786409120.6998765
2,1071,0.578947901725769,0.4637345679012346,1786409120.7512326
2,1072,0.5720072388648987,0.46189024390243905,1786409120.8098524
2,1073,0.7094011306762695,0.45933734939759036,1786409120.858821
2,1074,0.46621468663215637,0.45535714285714285,1786409120.909863
2,1075,0.4477086067199707,0.45588235294117646,1786409120.9603713
2,1076,0.34870219230651855,0.45930232558139533,1786409121.0107553
2,1077,0.30073800683021545,0.46120689655172414,1786409121.0657415
2,1078,0.5833638906478882,0.4609375,1786409121.1144102
2,1079,0.431499719619751,0.46348314606741575,1786409121.1643734
2,1080,0.33768799901008606,0.4666666666666667,1786409121.2203934
2,1081,0.42747411131858826,0.4677197802197802,1786409121.2708244
2,1082,0.38584837317466736,0.46671195652173914,1786409121.322768
2,1083,0.5133922100067139,0.4657258064516129,1786409121.3749065
2,1084,0.2777305841445923,0.4634308510638298,1786409121.4251635
2,1085,0.42386820912361145,0.46381578947368424,1786409121.4753509
2,1086,0.6572827100753784,0.462890625,1786409121.525643
2,1087,0.5560053586959839,0.4639175257731959,1786409121.5755103
2,1088,0.5532882213592529,0.4630102040816326,1786409121.6310809
2,1089,0.2672622501850128,0.46085858585858586,1786409121.6819456
2,1090,0.5578569173812866,0.459375,1786409121.7337592
2,1091,0.5284308195114136,0.4597772277227723,1786409121.7844892
2,1092,0.5150917172431946,0.45894607843137253,1786409121.8339255
2,1093,0.3585242033004761,0.46116504854368934,1786409121.8839035
2,1094,0.4598153531551361,0.46153846153846156,1786409121.9361835
2,1095,0.48178377747535706,0.4625,1786409121.991076
2,1096,0.3238329291343689,0.46403301886792453,1786409122.0443828
2,1097,0.46175599098205566,0.46261682242990654,1786409122.0937538
2,1098,0.4046517312526703,0.46238425925925924,1786409122.145462
2,1099,0.2696751654148102,0.463302752293578,1786409122.19576
2,1100,0.4089581072330475,0.4647727272727273,1786409122.2461658
2,1101,0.5835902690887451,0.4650900900900901,1786409122.30273
2,1102,0.6351268291473389,0.4614955357142857,1786409122.3532603
2,1103,0.4890804588794708,0.461283185840708,1786409122.4033535
2,1104,0.4044564962387085,0.4616228070175439,1786409122.4558594
2,1105,0.39297276735305786,0.46304347826086956,1786409122.50636
2,1106,0.3757186532020569,0.46228448275862066,1786409122.5612466
2,1107,0.4461531639099121,0.46260683760683763,1786409122.6109583
2,1108,0.45227324962615967,0.4623940677966102,1786409122.6606781
2,1109,0.5399513244628906,0.46165966386554624,1786409122.7118347
2,1110,0.5004852414131165,0.4609375,1786409122.7626035
2,1111,0.46639585494995117,0.4612603305785124,1786409122.812697
2,1112,0.41179338097572327,0.45901639344262296,1786409122.863771
2,1113,0.47934696078300476,0.45884146341463417,1786409122.913857
2,1114,0.5762289762496948,0.4576612903225806,1786409122.9641068
2,1115,0.876667857170105,0.4565,1786409123.0219312
2,1116,0.6047263145446777,0.45634920634920634,1786409123.0721538
2,1117,0.5956882834434509,0.4547244094488189,1786409123.1211064
2,1118,0.3938228487968445,0.45556640625,1786409123.1712403
2,1119,0.6449272632598877,0.45542635658914726,1786409123.2225637
2,1120,0.43298354744911194,0.45576923076923076,1786409123.2760398
2,1121,0.29604026675224304,0.4570610687022901,1786409123.3263354
2,1122,0.4249841570854187,0.4583333333333333,1786409123.3750243
2,1123,0.4725586175918579,0.4567669172932331,1786409123.4289541
2,1124,0.4699443280696869,0.4556902985074627,1786409123.4799545
2,1125,0.391806036233902,0.45555555555555555,1786409123.5296938
2,1126,0.5739501714706421,0.45588235294117646,1786409123.5842528
2,1127,0.669766902923584,0.4543795620437956,1786409123.6337714
2,1128,0.468344509601593,0.4542572463768116,1786409123.6840665
2,1129,0.5904207229614258,0.45323741007194246,1786409123.734316
2,1130,0.4047152101993561,0.4517857142857143,1786409123.7849314
2,1131,0.3601885139942169,0.4530141843971631,1786409123.8400893
2,1132,0.4093371629714966,0.4533450704225352,1786409123.8940544
2,1133,0.5636150240898132,0.4527972027972028,1786409123.94411
2,1134,0.527187705039978,0.4522569444444444,1786409123.9941535
2,1135,0.48441964387893677,0.4517241379310345,1786409124.044217
2,1136,0.354326069355011,0.4524828767123288,1786409124.0950859
2,1137,0.47613054513931274,0.45110544217687076,1786409124.1445882
2,1138,0.5813970565795898,0.4510135135135135,1786409124.196245
2,1139,0.3502880930900574,0.4513422818791946,1786409124.2475538
2,1140,0.4915745258331299,0.45,1786409124.302132
2,1141,0.2939252257347107,0.4503311258278146,1786409124.3552418
2,1142,0.38330942392349243,0.44901315789473684,1786409124.4080102
2,1143,0.45732083916664124,0.44893790849673204,1786409124.4578316
2,1144,0.7146444320678711,0.4484577922077922,1786409124.5123026
2,1145,0.46811628341674805,0.4495967741935484,1786409124.562554
2,1146,0.4854803681373596,0.44911858974358976,1786409124.6117158
2,1147,0.3273515999317169,0.4494426751592357,1786409124.6616254
2,1148,0.41311147809028625,0.45055379746835444,1786409124.7130816
2,1149,0.45879316329956055,0.45086477987421386,1786409124.7664464
2,1150,0.37938278913497925,0.45078125,1786409124.8185523
2,1151,0.4922851324081421,0.4483695652173913,1786409124.8714237
2,1152,0.43061769008636475,0.44830246913580246,1786409124.9231164
2,1153,0.7490707635879517,0.4486196319018405,1786409124.9728322
2,1154,0.4606040120124817,0.44664634146341464,1786409125.023786
2,1155,0.3065115213394165,0.4481060606060606,1786409125.0782366
2,1156,0.4884447753429413,0.4484186746987952,1786409125.1318789
2,1157,0.43909797072410583,0.4476047904191617,1786409125.186783
2,1158,0.3507991433143616,0.4460565476190476,1786409125.2374284
2,1159,0.5770820379257202,0.4460059171597633,1786409125.2872071
2,1160,0.4006386697292328,0.44485294117647056,1786409125.344125
2,1161,0.4252137839794159,0.44371345029239767,1786409125.3988876
2,1162,0.4930245876312256,0.44476744186046513,1786409125.4548903
2,1163,0.5009244680404663,0.44508670520231214,1786409125.5038064
2,1164,0.3701910078525543,0.44504310344827586,1786409125.553264
2,1165,0.3899754583835602,0.4467857142857143,1786409125.6055422
2,1166,0.394081711769104,0.4460227272727273,1786409125.6611178
2,1167,0.38324734568595886,0.4449152542372881,1786409125.7112353
2,1168,0.29498326778411865,0.44627808988764045,1786409125.761984
2,1169,0.534365177154541,0.44727653631284914,1786409125.8155248
2,1170,0.572152316570282,0.4461805555555556,1786409125.8678718
2,1171,0.7207525968551636,0.4447513812154696,1786409125.9193263
2,1172,0.43414053320884705,0.44402472527472525,1786409125.9728825
2,1173,0.40713411569595337,0.4453551912568306,1786409126.025194
2,1174,0.40800774097442627,0.4439538043478261,1786409126.0758533
2,1175,0.44704321026802063,0.44324324324324327,1786409126.1286135
2,1176,0.33748963475227356,0.44455645161290325,1786409126.1787348
2,1177,0.4142860770225525,0.4461898395721925,1786409126.2374775
2,1178,0.36008670926094055,0.44581117021276595,1786409126.290502
2,1179,0.4752609431743622,0.44642857142857145,1786409126.3393092
2,1180,0.5550171136856079,0.4473684210526316,1786409126.3894448
2,1181,0.5087466835975647,0.44731675392670156,1786409126.4415798
2,1182,0.3863261640071869,0.4479166666666667,1786409126.4904199
2,1183,0.5397149324417114,0.4478626943005181,1786409126.5406454
2,1184,0.3915914297103882,0.4487757731958763,1786409126.5903034
2,1185,0.5210326313972473,0.4477564102564103,1786409126.6456242
2,1186,0.4494207501411438,0.4486607142857143,1786409126.6960926
2,1187,0.3501499593257904,0.4489213197969543,1786409126.750857
2,1188,0.4970140755176544,0.44886363636363635,1786409126.799714
2,1189,0.45181381702423096,0.4484924623115578,1786409126.8496058
2,1190,0.34607353806495667,0.4496875,1786409126.9019594
2,1191,0.31125181913375854,0.451181592039801,1786409126.9533281
2,1192,0.42236438393592834,0.45173267326732675,1786409127.0046525
2,1193,0.3257979154586792,0.45320197044334976,1786409127.0554805
2,1194,0.4495275318622589,0.4543504901960784,1786409127.1096103
2,1195,0.5035455226898193,0.4548780487804878,1786409127.1668506
2,1196,0.43602454662323,0.45479368932038833,1786409127.2161975
2,1197,0.44121235609054565,0.4553140096618358,1786409127.2674165
2,1198,0.3667771518230438,0.45522836538461536,1786409127.3214731
2,1199,0.4005104899406433,0.45663875598086123,1786409127.3800466
2,1200,0.33081305027008057,0.45714285714285713,1786409127.4300895
2,1201,0.4123876988887787,0.45793838862559244,1786409127.4785976
2,1202,0.8639401793479919,0.4584316037735849,1786409127.5368938
2,1203,0.4816690683364868,0.45892018779342725,1786409127.589668
2,1204,0.30769187211990356,0.4602803738317757,1786409127.6393068
2,1205,0.6176677942276001,0.45988372093023255,1786409127.6936343
2,1206,0.6206262111663818,0.4597800925925926,1786409127.7448905
2,1207,0.28199467062950134,0.46140552995391704,1786409127.7987838
2,1208,0.36849045753479004,0.46272935779816515,1786409127.8548253
2,1209,0.43281883001327515,0.4631849315068493,1786409127.9051735
2,1210,0.5452409386634827,0.4630681818181818,1786409127.95524
2,1211,0.771155834197998,0.4623868778280543,1786409128.009187
2,1212,0.6590432524681091,0.46311936936936937,1786409128.0617483
2,1213,0.4780048429965973,0.46356502242152464,1786409128.116844
2,1214,0.5699775815010071,0.46261160714285715,1786409128.170166
2,1215,0.5013824105262756,0.4625,1786409128.2190945
2,1216,0.526634693145752,0.4626659292035398,1786409128.2716753
2,1217,0.2974957823753357,0.463931718061674,1786409128.321444
2,1218,0.5446861386299133,0.46326754385964913,1786409128.3752873
2,1219,0.37520602345466614,0.46179039301310043,1786409128.4280078
2,1220,0.36404481530189514,0.46195652173913043,1786409128.4795218
2,1221,0.5602292418479919,0.4621212121212121,1786409128.5304983
2,1222,0.35508328676223755,0.4630926724137931,1786409128.5842817
2,1223,0.5741260051727295,0.4637875536480687,1786409128.6354613
2,1224,0.47728392481803894,0.46287393162393164,1786409128.6901455
2,1225,0.5174252390861511,0.4627659574468085,1786409128.7398548
2,1226,0.4552342891693115,0.4615995762711864,1786409128.7903092
2,1227,0.47787904739379883,0.462289029535865,1786409128.840597
2,1228,0.3582358956336975,0.46271008403361347,1786409128.8953245
2,1229,0.6497580409049988,0.46129707112970714,1786409128.9461904
2,1230,0.37551406025886536,0.46197916666666666,1786409129.0021002
2,1231,0.5668307542800903,0.4616182572614108,1786409129.0513241
2,1232,0.5575584173202515,0.4615185950413223,1786409129.10533
2,1233,0.47853797674179077,0.4619341563786008,1786409129.1550164
2,1234,0.4108399450778961,0.46234631147540983,1786409129.2131066
2,1235,0.359969824552536,0.4627551020408163,1786409129.2657568
2,1236,0.4368341863155365,0.46316056910569103,1786409129.3149855
2,1237,0.6256148815155029,0.46229757085020245,1786409129.364631
2,1238,0.43430835008621216,0.46295362903225806,1786409129.4209154
2,1239,0.34016749262809753,0.46335341365461846,1786409129.4713984
2,1240,0.5290634036064148,0.463,1786409129.522057
2,1241,0.421084463596344,0.461902390438247,1786409129.5712628
2,1242,0.39074254035949707,0.46304563492063494,1786409129.6237497
2,1243,0.5374986529350281,0.462203557312253,1786409129.6740196
2,1244,0.4886084496974945,0.4613681102362205,1786409129.7282672
2,1245,0.5007171034812927,0.4602941176470588,1786409129.7821426
2,1246,0.45836126804351807,0.4609375,1786409129.8314283
2,1247,0.5224621295928955,0.4596303501945525,1786409129.8813882
2,1248,0.35403335094451904,0.46051356589147285,1786409129.9359612
2,1249,0.37257835268974304,0.4609073359073359,1786409129.985767
2,1250,0.4072178304195404,0.46129807692307695,1786409130.0358825
2,1251,0.5456235408782959,0.46096743295019155,1786409130.084885
2,1252,0.4856226444244385,0.4594465648854962,1786409130.1386669
2,1253,0.5672184228897095,0.45960076045627374,1786409130.1930275
2,1254,0.6140621304512024,0.46046401515151514,1786409130.243257
2,1255,0.5639615058898926,0.46037735849056605,1786409130.2931504
2,1256,0.3688589036464691,0.46076127819548873,1786409130.3425186
2,1257,0.4168970584869385,0.46114232209737827,1786409130.3984106
2,1258,0.47843700647354126,0.4605876865671642,1786409130.4494762
2,1259,0.6085096597671509,0.4595724907063197,1786409130.5003996
2,1260,0.5532904267311096,0.45925925925925926,1786409130.5503442
2,1261,0.4124119281768799,0.4598708487084871,1786409130.6006339
2,1262,0.7032887935638428,0.4586397058823529,1786409130.650726
2,1263,0.6223669052124023,0.45787545787545786,1786409130.7012937
2,1264,0.46097806096076965,0.4573448905109489,1786409130.7518256
2,1265,0.41797083616256714,0.45681818181818185,1786409130.8104398
2,1266,0.40401649475097656,0.4576539855072464,1786409130.8613782
2,1267,0.32870203256607056,0.4584837545126354,1786409130.9126081
2,1268,0.5939387083053589,0.4575089928057554,1786409130.9731789
2,1269,0.606611967086792,0.4567652329749104,1786409131.0283554
2,1270,0.42268794775009155,0.45558035714285716,1786409131.0775967
2,1271,0.4492921829223633,0.45462633451957296,1786409131.1279957
2,1272,0.4098609387874603,0.4550088652482269,1786409131.178117
2,1273,0.48016196489334106,0.4542844522968198,1786409131.2285445
2,1274,0.4794681668281555,0.4533450704225352,1786409131.281695
2,1275,0.4579504132270813,0.4532894736842105,1786409131.3317015
2,1276,0.48849838972091675,0.45301573426573427,1786409131.3812373
2,1277,0.47350016236305237,0.45339721254355403,1786409131.4310057
2,1278,0.4445260763168335,0.4542100694444444,1786409131.4801114
2,1279,0.5039056539535522,0.45436851211072665,1786409131.5281713
2,1280,0.48403283953666687,0.4545258620689655,1786409131.5771601
2,1281,0.32835274934768677,0.45489690721649484,1786409131.6264465
2,1282,0.3923657536506653,0.4556934931506849,1786409131.6761014
2,1283,0.47191187739372253,0.4560580204778157,1786409131.7242033
2,1284,0.3479284942150116,0.45514455782312924,1786409131.7730434
2,1285,0.4192754626274109,0.4555084745762712,1786409131.821549
2,1286,0.39112788438796997,0.45544763513513514,1786409131.870489
2,1287,0.4744809865951538,0.45580808080808083,1786409131.9190435
2,1288,0.6003490686416626,0.45553691275167785,1786409131.9673336
2,1289,0.5146015286445618,0.4558946488294314,1786409132.0172253
2,1290,0.598130464553833,0.4558333333333333,1786409132.0672436
2,1291,0.6646308898925781,0.454734219269103,1786409132.1164014
2,1292,0.39701786637306213,0.45405629139072845,1786409132.1650102
2,1293,0.37069573998451233,0.45503300330033003,1786409132.2139552
2,1294,0.2465520054101944,0.4555921052631579,1786409132.2628741
2,1295,0.6273545622825623,0.455327868852459,1786409132.312893
3,1296,0.4490133821964264,0.5,1786409134.2427776
3,1297,0.2711029350757599,0.625,1786409134.3295121
3,1298,0.693085253238678,0.4791666666666667,1786409134.3889399
3,1299,0.49429571628570557,0.453125,1786409134.4511995
3,1300,0.4988945722579956,0.45,1786409134.5036309
3,1301,0.29195165634155273,0.4791666666666667,1786409134.5543098
3,1302,0.3926892578601837,0.49107142857142855,1786409134.6060205
3,1303,0.4360033869743347,0.4921875,1786409134.662747
3,1304,0.3296932578086853,0.4930555555555556,1786409134.7127204
3,1305,0.3931611478328705,0.5,1786409134.7672064
3,1306,0.42465439438819885,0.4943181818181818,1786409134.818916
3,1307,0.43385404348373413,0.5052083333333334,1786409134.8677185
3,1308,0.40368005633354187,0.47596153846153844,1786409134.9177554
3,1309,0.5700734257698059,0.46875,1786409134.9762201
3,1310,0.5071139335632324,0.4666666666666667,1786409135.026916
3,1311,0.7398978471755981,0.44921875,1786409135.0770795
3,1312,0.630557119846344,0.4338235294117647,1786409135.126575
3,1313,0.4358665943145752,0.4305555555555556,1786409135.1782243
3,1314,0.45602065324783325,0.4375,1786409135.2287452
3,1315,0.5112014412879944,0.434375,1786409135.281905
3,1316,0.6054635643959045,0.4226190476190476,1786409135.334593
3,1317,0.5415997505187988,0.42329545454545453,1786409135.3835208
3,1318,0.33010485768318176,0.4320652173913043,1786409135.4336343
3,1319,0.5496163368225098,0.4244791666666667,1786409135.4839156
3,1320,0.2845280170440674,0.4375,1786409135.5386858
3,1321,0.47956013679504395,0.44471153846153844,1786409135.594625
3,1322,0.5701321959495544,0.4444444444444444,1786409135.6438146
3,1323,0.45649808645248413,0.45089285714285715,1786409135.6950943
3,1324,0.5005667209625244,0.4504310344827586,1786409135.7459922
3,1325,0.5570770502090454,0.45208333333333334,1786409135.7973003
3,1326,0.5004916787147522,0.4475806451612903,1786409135.8477573
3,1327,0.5511048436164856,0.44921875,1786409135.8965898
3,1328,0.5852213501930237,0.44507575757575757,1786409135.9475877
3,1329,0.4878135025501251,0.4430147058823529,1786409135.998671
3,1330,0.48194244503974915,0.44107142857142856,1786409136.0510051
3,1331,0.3311699628829956,0.4496527777777778,1786409136.1010096
3,1332,0.4625757336616516,0.4560810810810811,1786409136.1538215
3,1333,0.3650614321231842,0.4588815789473684,1786409136.2034695
3,1334,0.38165438175201416,0.44871794871794873,1786409136.2576816
3,1335,0.5078742504119873,0.4515625,1786409136.3122833
3,1336,0.541187047958374,0.45121951219512196,1786409136.3625214
3,1337,0.3869786262512207,0.44047619047619047,1786409136.4116368
3,1338,0.38727298378944397,0.436046511627907,1786409136.461637
3,1339,0.4718816876411438,0.4346590909090909,1786409136.5120077
3,1340,0.4170876741409302,0.4388888888888889,1786409136.562921
3,1341,0.3673481047153473,0.44429347826086957,1786409136.6160853
3,1342,0.5388386845588684,0.44680851063829785,1786409136.665324
3,1343,0.7178947925567627,0.4505208333333333,1786409136.722575
3,1344,0.6646450161933899,0.4451530612244898,1786409136.773029
3,1345,0.49481484293937683,0.44125,1786409136.8230958
3,1346,0.4945124387741089,0.4424019607843137,1786409136.8723657
3,1347,0.6181316375732422,0.4375,1786409136.9236171
3,1348,0.3949759006500244,0.4410377358490566,1786409136.9731023
3,1349,0.3682123124599457,0.44328703703703703,1786409137.0270565
3,1350,0.35130277276039124,0.43977272727272726,1786409137.0772955
3,1351,0.6691942811012268,0.43191964285714285,1786409137.1322193
3,1352,0.689728856086731,0.4342105263157895,1786409137.1820471
3,1353,0.4254237413406372,0.4331896551724138,1786409137.231828
3,1354,0.41573163866996765,0.4322033898305085,1786409137.2857926
3,1355,0.6967121362686157,0.4322916666666667,1786409137.336118
3,1356,0.2907569706439972,0.4375,1786409137.385231
3,1357,0.6039358377456665,0.43548387096774194,1786409137.4402647
3,1358,0.4101716876029968,0.43452380952380953,1786409137.4948547
3,1359,0.6771197319030762,0.435546875,1786409137.5464272
3,1360,0.5248113870620728,0.4375,1786409137.596406
3,1361,0.5909420251846313,0.4365530303030303,1786409137.6467109
3,1362,0.47445201873779297,0.439365671641791,1786409137.6954684
3,1363,0.40273767709732056,0.44393382352941174,1786409137.749055
3,1364,0.5438751578330994,0.44021739130434784,1786409137.7993453
3,1365,0.340806782245636,0.44285714285714284,1786409137.8500361
3,1366,0.49312296509742737,0.44278169014084506,1786409137.9052434
3,1367,0.49670952558517456,0.4418402777777778,1786409137.954716
3,1368,0.5603028535842896,0.4409246575342466,1786409138.0050347
3,1369,0.44022178649902344,0.4375,1786409138.0561225
3,1370,0.44649142026901245,0.4375,1786409138.111119
3,1371,0.523796021938324,0.43832236842105265,1786409138.1631215
3,1372,0.5884103775024414,0.4383116883116883,1786409138.2146878
3,1373,0.4519975185394287,0.4358974358974359,1786409138.2685614
3,1374,0.4227665662765503,0.43433544303797467,1786409138.3185513
3,1375,0.4026196599006653,0.43203125,1786409138.3726444
3,1376,0.37110790610313416,0.43287037037037035,1786409138.423455
3,1377,0.4571627676486969,0.4291158536585366,1786409138.4727328
3,1378,0.4299944341182709,0.4292168674698795,1786409138.522009
3,1379,0.42498981952667236,0.4255952380952381,1786409138.5746727
3,1380,0.6417865753173828,0.4227941176470588,1786409138.6252265
3,1381,0.4520530104637146,0.42223837209302323,1786409138.678724
3,1382,0.5082941055297852,0.4238505747126437,1786409138.728969
3,1383,0.36354878544807434,0.42542613636363635,1786409138.7792816
3,1384,0.38846081495285034,0.4297752808988764,1786409138.8325198
3,1385,0.5456693768501282,0.42777777777777776,1786409138.883232
3,1386,0.5373226404190063,0.4251373626373626,1786409138.9352212
3,1387,0.39164918661117554,0.42866847826086957,1786409138.9895992
3,1388,0.4037710726261139,0.4280913978494624,1786409139.0409834
3,1389,0.6744986176490784,0.4275265957446808,1786409139.0904298
3,1390,0.5196549296379089,0.42828947368421055,1786409139.140761
3,1391,0.4200381934642792,0.4270833333333333,1786409139.19497
3,1392,0.4710328280925751,0.42396907216494845,1786409139.2451348
3,1393,0.2961462140083313,0.42091836734693877,1786409139.301048
3,1394,0.3837452232837677,0.4236111111111111,1786409139.351345
3,1395,0.41504716873168945,0.425,1786409139.403884
3,1396,0.33348724246025085,0.4251237623762376,1786409139.4535704
3,1397,0.4413611888885498,0.42769607843137253,1786409139.507313
3,1398,0.4096592664718628,0.43021844660194175,1786409139.5568802
3,1399,0.4087674915790558,0.4326923076923077,1786409139.6122017
3,1400,0.5067430138587952,0.43273809523809526,1786409139.6625729
3,1401,0.6063600182533264,0.43101415094339623,1786409139.7171516
3,1402,0.42955195903778076,0.4316588785046729,1786409139.7672238
3,1403,0.6831076145172119,0.42939814814814814,1786409139.820748
3,1404,0.48850685358047485,0.43176605504587157,1786409139.8696475
3,1405,0.4634885787963867,0.4340909090909091,1786409139.9196076
3,1406,0.4321869909763336,0.4329954954954955,1786409139.9706147
3,1407,0.422194242477417,0.4330357142857143,1786409140.021132
3,1408,0.5082308650016785,0.43307522123893805,1786409140.071866
3,1409,0.6179497838020325,0.43201754385964913,1786409140.1228118
3,1410,0.3368207812309265,0.4342391304347826,1786409140.1729023
3,1411,0.5112276077270508,0.4326508620689655,1786409140.2264981
3,1412,0.4692598581314087,0.4305555555555556,1786409140.2818449
3,1413,0.4203128516674042,0.4290254237288136,1786409140.3358927
3,1414,0.5304909944534302,0.42857142857142855,1786409140.38498
3,1415,0.4171037971973419,0.428125,1786409140.4347243
3,1416,0.3857788145542145,0.4271694214876033,1786409140.4843783
3,1417,0.7126730680465698,0.4287909836065574,1786409140.5414064
3,1418,0.7062796950340271,0.42784552845528456,1786409140.5960062
3,1419,0.36633971333503723,0.42943548387096775,1786409140.6484346
3,1420,0.557742178440094,0.429,1786409140.6984863
3,1421,0.43325310945510864,0.42956349206349204,1786409140.7488358
3,1422,0.7898833155632019,0.4301181102362205,1786409140.7994576
3,1423,0.28320154547691345,0.431640625,1786409140.8559287
3,1424,0.6284943222999573,0.4316860465116279,1786409140.9092329
3,1425,0.3739714026451111,0.43317307692307694,1786409140.9593441
3,1426,0.5781024098396301,0.4312977099236641,1786409141.013186
3,1427,0.42877382040023804,0.4322916666666667,1786409141.0633337
3,1428,0.3944806754589081,0.43280075187969924,1786409141.1140316
3,1429,0.7391685247421265,0.4314365671641791,1786409141.163748
3,1430,0.4148217439651489,0.43287037037037035,1786409141.2222252
3,1431,0.5606985092163086,0.43474264705882354,1786409141.2756093
3,1432,0.4251581132411957,0.43613138686131386,1786409141.3260677
3,1433,0.33695945143699646,0.4365942028985507,1786409141.3761754
3,1434,0.4278028905391693,0.4375,1786409141.4259195
3,1435,0.5363480448722839,0.4375,1786409141.477503
3,1436,0.5082970261573792,0.4379432624113475,1786409141.5275874
3,1437,0.3826797604560852,0.43882042253521125,1786409141.5776534
3,1438,0.6315680146217346,0.4383741258741259,1786409141.6320577
3,1439,0.39901188015937805,0.4383680555555556,1786409141.6814437
3,1440,0.405036598443985,0.4387931034482759,1786409141.7303712
3,1441,0.43504756689071655,0.4370719178082192,1786409141.780935
3,1442,0.5280769467353821,0.4375,1786409141.83286
3,1443,0.4803084433078766,0.43665540540540543,1786409141.8840806
3,1444,0.454311728477478,0.436241610738255,1786409141.9351864
3,1445,0.5819404125213623,0.4370833333333333,1786409141.9863918
3,1446,0.41629791259765625,0.4366721854304636,1786409142.0357928
3,1447,0.5176057815551758,0.4342105263157895,1786409142.0861506
3,1448,0.5142558813095093,0.43423202614379086,1786409142.1388988
3,1449,0.40039119124412537,0.43506493506493504,1786409142.1928725
3,1450,0.5799429416656494,0.4334677419354839,1786409142.2419968
3,1451,0.6081327199935913,0.43349358974358976,1786409142.2923772
3,1452,0.6660362482070923,0.4315286624203822,1786409142.3441048
3,1453,0.8024926781654358,0.4311708860759494,1786409142.399691
3,1454,0.41081225872039795,0.4335691823899371,1786409142.4498837
3,1455,0.4871390461921692,0.434375,1786409142.5029788
3,1456,0.3387134075164795,0.4359472049689441,1786409142.552089
3,1457,0.4508872628211975,0.4375,1786409142.602394
3,1458,0.4039228558540344,0.43558282208588955,1786409142.662503
3,1459,0.4242335259914398,0.43559451219512196,1786409142.7131953
3,1460,0.5647323131561279,0.4340909090909091,1786409142.7627554
3,1461,0.6486815214157104,0.432605421686747,1786409142.812478
3,1462,0.4064992368221283,0.43300898203592814,1786409142.8640156
3,1463,0.341816246509552,0.4337797619047619,1786409142.9143872
3,1464,0.585928738117218,0.4334319526627219,1786409142.964436
3,1465,0.5418006777763367,0.43308823529411766,1786409143.015159
3,1466,0.4851144552230835,0.4334795321637427,1786409143.0711162
3,1467,0.4052368104457855,0.43386627906976744,1786409143.1210134
3,1468,0.29608815908432007,0.43460982658959535,1786409143.1722262
3,1469,0.2942987084388733,0.4364224137931034,1786409143.2293835
3,1470,0.3739795684814453,0.43714285714285717,1786409143.279827
3,1471,0.4478423297405243,0.43785511363636365,1786409143.3300447
3,1472,0.47895264625549316,0.4367937853107345,1786409143.3804953
3,1473,0.3228212296962738,0.4353932584269663,1786409143.4362235
3,1474,0.5179652571678162,0.43575418994413406,1786409143.4918623
3,1475,0.4402967095375061,0.4357638888888889,1786409143.5458272
3,1476,0.25080496072769165,0.43853591160220995,1786409143.595806
3,1477,0.35634544491767883,0.4385302197802198,1786409143.6458435
3,1478,0.45450901985168457,0.4368169398907104,1786409143.6954567
3,1479,0.47208935022354126,0.43716032608695654,1786409143.7457173
3,1480,0.5089882612228394,0.43682432432432433,1786409143.801361
3,1481,0.5490952730178833,0.43649193548387094,1786409143.8529499
3,1482,0.440541535615921,0.4354946524064171,1786409143.908843
3,1483,0.4604499638080597,0.43617021276595747,1786409143.9607713
3,1484,0.4188942611217499,0.43783068783068785,1786409144.0109723
3,1485,0.5289585590362549,0.43717105263157896,1786409144.0625482
3,1486,0.2386312186717987,0.43848167539267013,1786409144.1140556
3,1487,0.6101818680763245,0.4388020833333333,1786409144.1654525
3,1488,0.3474162220954895,0.44009067357512954,1786409144.214648
3,1489,0.5162782073020935,0.43878865979381443,1786409144.270495
3,1490,0.39522072672843933,0.4394230769230769,1786409144.3258085
3,1491,0.2975514531135559,0.43973214285714285,1786409144.3760946
3,1492,0.42555633187294006,0.440989847715736,1786409144.4292502
3,1493,0.5414491295814514,0.4412878787878788,1786409144.4819224
3,1494,0.4054951071739197,0.4393844221105528,1786409144.5312686
3,1495,0.5068535804748535,0.4403125,1786409144.5865266
3,1496,0.622148871421814,0.4399875621890547,1786409144.6369536
3,1497,0.3108258843421936,0.43873762376237624,1786409144.6869018
3,1498,0.38921719789505005,0.4399630541871921,1786409144.738547
3,1499,0.35228201746940613,0.4414828431372549,1786409144.7902384
3,1500,0.3660135865211487,0.4426829268292683,1786409144.8401902
3,1501,0.4861431419849396,0.44356796116504854,1786409144.8912182
3,1502,0.5399208068847656,0.4444444444444444,1786409144.9435623
3,1503,0.4499146342277527,0.44471153846153844,1786409144.9925058
3,1504,0.4897554814815521,0.4440789473684211,1786409145.0423994
3,1505,0.2632898986339569,0.44583333333333336,1786409145.0957086
3,1506,0.5732421278953552,0.44638625592417064,1786409145.1458442
3,1507,0.5324927568435669,0.44604952830188677,1786409145.2012749
3,1508,0.32216280698776245,0.44688967136150237,1786409145.2554302
3,1509,0.4084203839302063,0.44567757009345793,1786409145.3055055
3,1510,0.4069691598415375,0.44651162790697674,1786409145.3566206
3,1511,0.2772461175918579,0.4487847222222222,1786409145.4071085
3,1512,0.49472492933273315,0.44786866359447003,1786409145.45762
3,1513,0.5199829936027527,0.44724770642201833,1786409145.5069683
3,1514,0.25743839144706726,0.4486301369863014,1786409145.5567045
3,1515,0.588576078414917,0.4480113636363636,1786409145.6071477
3,1516,0.45670005679130554,0.44768099547511314,1786409145.6635723
3,1517,0.47334563732147217,0.44819819819819817,1786409145.7126074
3,1518,0.4706578850746155,0.44815022421524664,1786409145.763247
3,1519,0.46052002906799316,0.44810267857142855,1786409145.8183014
3,1520,0.3245198428630829,0.4483333333333333,1786409145.8779604
3,1521,0.49758464097976685,0.4482853982300885,1786409145.9284117
3,1522,0.6014792919158936,0.4487885462555066,1786409145.978065
3,1523,0.39035478234291077,0.44901315789473684,1786409146.0271695
3,1524,0.4005492925643921,0.4500545851528384,1786409146.0785012
3,1525,0.3809526860713959,0.45054347826086955,1786409146.1288419
3,1526,0.4315275549888611,0.45156926406926406,1786409146.1789145
3,1527,0.4685588479042053,0.45231681034482757,1786409146.2341673
3,1528,0.4864204227924347,0.4530579399141631,1786409146.28366
3,1529,0.4995430111885071,0.453525641025641,1786409146.3357413
3,1530,0.4460538625717163,0.4542553191489362,1786409146.3854172
3,1531,0.68314528465271,0.4525953389830508,1786409146.443855
3,1532,0.45313262939453125,0.4520042194092827,1786409146.4934356
3,1533,0.5425121188163757,0.452468487394958,1786409146.548537
3,1534,0.3335770070552826,0.45083682008368203,1786409146.5982034
3,1535,0.37781476974487305,0.4510416666666667,1786409146.6480982
3,1536,0.63570237159729,0.45098547717842324,1786409146.6985865
3,1537,0.4118046760559082,0.45144628099173556,1786409146.7477915
3,1538,0.39586344361305237,0.45164609053497945,1786409146.7970526
3,1539,0.5200231075286865,0.4510758196721312,1786409146.8483968
3,1540,0.3708980977535248,0.45229591836734695,1786409146.9036336
3,1541,0.43645232915878296,0.4527439024390244,1786409146.9547617
3,1542,0.4121089577674866,0.4534412955465587,1786409147.004763
3,1543,0.3695032298564911,0.45388104838709675,1786409147.0589163
3,1544,0.5207422971725464,0.45306224899598396,1786409147.1190271
3,1545,0.3472474217414856,0.4535,1786409147.168858
3,1546,0.4333633780479431,0.45393426294820716,1786409147.2189336
3,1547,0.34286612272262573,0.45362103174603174,1786409147.268827
3,1548,0.4293771982192993,0.4540513833992095,1786409147.3190699
3,1549,0.2437828630208969,0.4554625984251969,1786409147.3691676
3,1550,0.3062779903411865,0.4566176470588235,1786409147.4200344
3,1551,0.4181272089481354,0.456298828125,1786409147.4743898
3,1552,0.3928799033164978,0.4567120622568093,1786409147.5298042
3,1553,0.6792319416999817,0.4571220930232558,1786409147.5788643
3,1554,0.6603321433067322,0.4572876447876448,1786409147.6310897
3,1555,0.2840251922607422,0.4581730769230769,1786409147.684616
3,1556,0.40500569343566895,0.4578544061302682,1786409147.7347448
3,1557,0.6311017870903015,0.45658396946564883,1786409147.7860444
3,1558,0.4184562861919403,0.45651140684410646,1786409147.8351278
3,1559,0.5609504580497742,0.4564393939393939,1786409147.8908877
3,1560,0.41958653926849365,0.4563679245283019,1786409147.9408643
3,1561,0.41619187593460083,0.4570018796992481,1786409147.9908338
3,1562,0.6178879141807556,0.45646067415730335,1786409148.0405545
3,1563,0.5003477931022644,0.45592350746268656,1786409148.09015
3,1564,0.434318870306015,0.45515799256505574,1786409148.1443233
3,1565,0.5224056243896484,0.45532407407407405,1786409148.1949773
3,1566,0.5115419626235962,0.45502767527675275,1786409148.2452583
3,1567,0.48174628615379333,0.4554227941176471,1786409148.29534
3,1568,0.5716168284416199,0.4555860805860806,1786409148.353463
3,1569,0.5305070877075195,0.45483576642335766,1786409148.4028957
3,1570,0.4248616695404053,0.45431818181818184,1786409148.4530883
3,1571,0.47476181387901306,0.4544836956521739,1786409148.503079
3,1572,0.3269002139568329,0.4562274368231047,1786409148.5541854
3,1573,0.3900836110115051,0.45481115107913667,1786409148.603401
3,1574,0.44883811473846436,0.4549731182795699,1786409148.6531043
3,1575,0.48811280727386475,0.45558035714285716,1786409148.707719
3,1576,0.2962273061275482,0.45662811387900354,1786409148.7634676
3,1577,0.43235427141189575,0.4570035460992908,1786409148.8169382
3,1578,0.4090002179145813,0.4573763250883392,1786409148.866102
3,1579,0.56231689453125,0.4581866197183099,1786409148.914756
3,1580,0.6895139813423157,0.45767543859649124,1786409148.963702
3,1581,0.36251363158226013,0.45607517482517484,1786409149.0130882
3,1582,0.3181779682636261,0.4570993031358885,1786409149.061447
3,1583,0.5183126926422119,0.4563802083333333,1786409149.1100378
3,1584,0.5955128073692322,0.45588235294117646,1786409149.1594174
3,1585,0.4649463891983032,0.4556034482758621,1786409149.2091377
3,1586,0.59967440366745,0.45446735395189003,1786409149.2579305
3,1587,0.3924107849597931,0.4535530821917808,1786409149.3061373
3,1588,0.48696860671043396,0.45349829351535836,1786409149.3548481
3,1589,0.369493693113327,0.4523809523809524,1786409149.4041455
3,1590,0.38081127405166626,0.45296610169491525,1786409149.4535494
3,1591,0.34641164541244507,0.453125,1786409149.5015414
3,1592,0.5534007549285889,0.4537037037037037,1786409149.549352
3,1593,0.6975434422492981,0.45322986577181207,1786409149.5995266
3,1594,0.42401888966560364,0.4535953177257525,1786409149.6487553
3,1595,0.4567336440086365,0.45375,1786409149.696581
3,1596,0.5369668006896973,0.4528654485049834,1786409149.74713
3,1597,0.5443833470344543,0.45260761589403975,1786409149.7965152
3,1598,0.3893715739250183,0.45255775577557755,1786409149.8456638
3,1599,0.6253179907798767,0.45291940789473684,1786409149.893549
3,1600,0.4266117811203003,0.4534836065573771,1786409149.942701
4,1601,0.34528934955596924,0.75,1786409151.661885
4,1602,0.42173638939857483,0.46875,1786409151.7601151
4,1603,0.5822767615318298,0.4375,1786409151.822192
4,1604,0.2971206307411194,0.53125,1786409151.8873415
4,1605,0.9647976160049438,0.5,1786409151.9419777
4,1606,0.603047788143158,0.4791666666666667,1786409152.013263
4,1607,0.4199061095714569,0.48214285714285715,1786409152.0862682
4,1608,0.2982305586338043,0.5078125,1786409152.1409738
4,1609,0.49705708026885986,0.5,1786409152.198415
4,1610,0.47223156690597534,0.45625,1786409152.2671962
4,1611,0.45719796419143677,0.44886363636363635,1786409152.324854
4,1612,0.5097030997276306,0.4427083333333333,1786409152.381689
4,1613,0.3927481770515442,0.47115384615384615,1786409152.4351664
4,1614,0.40334612131118774,0.46875,1786409152.4853408
4,1615,0.3731451630592346,0.44583333333333336,1786409152.5359864
4,1616,0.32268694043159485,0.4609375,1786409152.58624
4,1617,0.5371150970458984,0.46691176470588236,1786409152.6410224
4,1618,0.30429506301879883,0.4826388888888889,1786409152.6916015
4,1619,0.5153356194496155,0.47368421052631576,1786409152.7440348
4,1620,0.2786625623703003,0.490625,1786409152.7966363
4,1621,0.5346236228942871,0.4791666666666667,1786409152.8463948
4,1622,0.280138224363327,0.48863636363636365,1786409152.9020736
4,1623,0.45266562700271606,0.49728260869565216,1786409152.952061
4,1624,0.4511069357395172,0.4817708333333333,1786409153.0007105
4,1625,0.4362735152244568,0.4825,1786409153.0503852
4,1626,0.5683199167251587,0.4735576923076923,1786409153.1004739
4,1627,0.4889404773712158,0.4699074074074074,1786409153.1554272
4,1628,0.3152569830417633,0.47767857142857145,1786409153.2120492
4,1629,0.482892245054245,0.4676724137931034,1786409153.2680712
4,1630,0.45032480359077454,0.4708333333333333,1786409153.3168976
4,1631,0.45214155316352844,0.46774193548387094,1786409153.3706756
4,1632,0.31789907813072205,0.470703125,1786409153.4217548
4,1633,0.3115447163581848,0.4772727272727273,1786409153.472246
4,1634,0.53114914894104,0.4724264705882353,1786409153.5219095
4,1635,0.4384709894657135,0.4732142857142857,1786409153.5754359
4,1636,0.4069928526878357,0.4635416666666667,1786409153.6277857
4,1637,0.6431586742401123,0.4594594594594595,1786409153.678005
4,1638,0.3720895051956177,0.4621710526315789,1786409153.7280548
4,1639,0.5123505592346191,0.4599358974358974,1786409153.7836678
4,1640,0.35941120982170105,0.4578125,1786409153.8358269
4,1641,0.4226791560649872,0.4496951219512195,1786409153.8858945
4,1642,0.36427927017211914,0.4419642857142857,1786409153.9361937
4,1643,0.6415069699287415,0.4375,1786409153.9862936
4,1644,0.3938276767730713,0.4346590909090909,1786409154.0385656
4,1645,0.2939836084842682,0.44027777777777777,1786409154.093358
4,1646,0.33781537413597107,0.44429347826086957,1786409154.1441715
4,1647,0.5724010467529297,0.4401595744680851,1786409154.1943574
4,1648,0.37362906336784363,0.4453125,1786409154.2449677
4,1649,0.4258277118206024,0.4375,1786409154.2952192
4,1650,0.45455583930015564,0.44125,1786409154.3448682
4,1651,0.4834400415420532,0.44485294117647056,1786409154.397048
4,1652,0.3156381845474243,0.4495192307692308,1786409154.4473288
4,1653,0.49402865767478943,0.44693396226415094,1786409154.498514
4,1654,0.5686319470405579,0.44328703703703703,1786409154.550703
4,1655,0.4610634744167328,0.4420454545454545,1786409154.5993311
4,1656,0.42217984795570374,0.4419642857142857,1786409154.6568427
4,1657,0.4042263627052307,0.4451754385964912,1786409154.7069898
4,1658,0.39070427417755127,0.4385775862068966,1786409154.7596483
4,1659,0.40388286113739014,0.4427966101694915,1786409154.8099084
4,1660,0.36563387513160706,0.44479166666666664,1786409154.8593042
4,1661,0.5193984508514404,0.444672131147541,1786409154.9088843
4,1662,0.42683660984039307,0.44556451612903225,1786409154.9589057
4,1663,0.3819071650505066,0.44742063492063494,1786409155.0105221
4,1664,0.6291102170944214,0.4443359375,1786409155.0620925
4,1665,0.5801376104354858,0.44519230769230766,1786409155.113393
4,1666,0.250583291053772,0.4479166666666667,1786409155.1628942
4,1667,0.38852357864379883,0.4496268656716418,1786409155.213264
4,1668,0.5769092440605164,0.4485294117647059,1786409155.2698007
4,1669,0.44616255164146423,0.447463768115942,1786409155.3193426
4,1670,0.354676753282547,0.4517857142857143,1786409155.3696718
4,1671,0.5005387663841248,0.4480633802816901,1786409155.4229956
4,1672,0.403219997882843,0.4505208333333333,1786409155.4729023
4,1673,0.5304945111274719,0.4503424657534247,1786409155.525616
4,1674,0.48114508390426636,0.4501689189189189,1786409155.5787735
4,1675,0.30850857496261597,0.44666666666666666,1786409155.6279087
4,1676,0.2951951324939728,0.44901315789473684,1786409155.6827316
4,1677,0.23581576347351074,0.4537337662337662,1786409155.7323864
4,1678,0.6852911114692688,0.453525641025641,1786409155.782498
4,1679,0.5338196754455566,0.45332278481012656,1786409155.8318262
4,1680,0.3779219388961792,0.45234375,1786409155.882366
4,1681,0.3818550109863281,0.45601851851851855,1786409155.932407
4,1682,0.33881837129592896,0.4580792682926829,1786409155.9872856
4,1683,0.4531121551990509,0.4585843373493976,1786409156.0379255
4,1684,0.3877665102481842,0.45907738095238093,1786409156.0877376
4,1685,0.4381055235862732,0.4602941176470588,1786409156.1395342
4,1686,0.5743620991706848,0.46148255813953487,1786409156.1897955
4,1687,0.30651575326919556,0.4640804597701149,1786409156.241152
4,1688,0.312393456697464,0.45951704545454547,1786409156.2914515
4,1689,0.5715873837471008,0.4592696629213483,1786409156.341603
4,1690,0.5049623250961304,0.4576388888888889,1786409156.3913932
4,1691,0.4645993411540985,0.4581043956043956,1786409156.441468
4,1692,0.322512149810791,0.45991847826086957,1786409156.4952986
4,1693,0.4645928740501404,0.45698924731182794,1786409156.5499516
4,1694,0.31062209606170654,0.4587765957446808,1786409156.6009483
4,1695,0.3244398534297943,0.4611842105263158,1786409156.6506171
4,1696,0.4946627914905548,0.4609375,1786409156.701204
4,1697,0.5315991640090942,0.45940721649484534,1786409156.7510629
4,1698,0.6196780204772949,0.4604591836734694,1786409156.8032231
4,1699,0.3639374375343323,0.46275252525252525,1786409156.8530128
4,1700,0.8787823915481567,0.460625,1786409156.9095216
4,1701,0.4452400207519531,0.4597772277227723,1786409156.9583912
4,1702,0.36102595925331116,0.46139705882352944,1786409157.009524
4,1703,0.303219735622406,0.4587378640776699,1786409157.0598767
4,1704,0.5253163576126099,0.4567307692307692,1786409157.1125185
4,1705,0.38884153962135315,0.45654761904761904,1786409157.1636844
4,1706,0.3452034294605255,0.45754716981132076,1786409157.2176156
4,1707,0.5175663232803345,0.4567757009345794,1786409157.274174
4,1708,0.3488629162311554,0.4583333333333333,1786409157.32426
4,1709,0.3771842420101166,0.455848623853211,1786409157.3747416
4,1710,0.48747456073760986,0.45681818181818185,1786409157.425008
4,1711,0.4085066616535187,0.4577702702702703,1786409157.4756029
4,1712,0.3083774149417877,0.45982142857142855,1786409157.52548
4,1713,0.3466724455356598,0.46017699115044247,1786409157.5782635
4,1714,0.42717188596725464,0.4616228070175439,1786409157.6327171
4,1715,0.29963254928588867,0.4597826086956522,1786409157.6827874
4,1716,0.3535924553871155,0.46066810344827586,1786409157.7319818
4,1717,0.3626219630241394,0.46100427350427353,1786409157.7857301
4,1718,0.4620010256767273,0.4608050847457627,1786409157.8405633
4,1719,0.2814909517765045,0.4642857142857143,1786409157.8918335
4,1720,0.5161887407302856,0.46510416666666665,1786409157.9409494
4,1721,0.49476125836372375,0.4659090909090909,1786409157.990243
4,1722,0.307513028383255,0.4646516393442623,1786409158.0403438
4,1723,0.4411753714084625,0.46290650406504064,1786409158.097164
4,1724,0.34154951572418213,0.4647177419354839,1786409158.1515827
4,1725,0.42851462960243225,0.4645,1786409158.2008371
4,1726,0.46359312534332275,0.4652777777777778,1786409158.2536018
4,1727,0.4553276300430298,0.4655511811023622,1786409158.30473
4,1728,0.4662732183933258,0.4658203125,1786409158.3574967
4,1729,0.4117424786090851,0.4675387596899225,1786409158.4086223
4,1730,0.4542536437511444,0.46442307692307694,1786409158.4585545
4,1731,0.28746476769447327,0.4666030534351145,1786409158.5103073
4,1732,0.6720398664474487,0.4654356060606061,1786409158.5588167
4,1733,0.1934826672077179,0.4680451127819549,1786409158.6107764
4,1734,0.4235303997993469,0.46921641791044777,1786409158.6607258
4,1735,0.47700923681259155,0.4708333333333333,1786409158.7108562
4,1736,0.6499731540679932,0.46920955882352944,1786409158.761759
4,1737,0.4153347611427307,0.4698905109489051,1786409158.8129141
4,1738,0.4559939205646515,0.4673913043478261,1786409158.8634777
4,1739,0.4125518500804901,0.46672661870503596,1786409158.9154904
4,1740,0.5037941932678223,0.46651785714285715,1786409158.9727566
4,1741,0.3966735899448395,0.4645390070921986,1786409159.0233338
4,1742,0.3260002136230469,0.46566901408450706,1786409159.072221
4,1743,0.39606791734695435,0.4637237762237762,1786409159.1231508
4,1744,0.3012458384037018,0.46484375,1786409159.1762214
4,1745,0.6291056871414185,0.4650862068965517,1786409159.2292166
4,1746,0.3284006118774414,0.4657534246575342,1786409159.279134
4,1747,0.6716817617416382,0.46598639455782315,1786409159.334166
4,1748,0.5283845663070679,0.4641047297297297,1786409159.3840766
4,1749,0.46082860231399536,0.462248322147651,1786409159.4415393
4,1750,0.570538341999054,0.46166666666666667,1786409159.4906638
4,1751,0.4294322431087494,0.4594370860927152,1786409159.5415227
4,1752,0.5356161594390869,0.4597039473684211,1786409159.597033
4,1753,0.2610503137111664,0.46078431372549017,1786409159.6467667
4,1754,0.36267638206481934,0.4590097402597403,1786409159.6975813
4,1755,0.3623165488243103,0.4596774193548387,1786409159.7478573
4,1756,0.3337746560573578,0.46073717948717946,1786409159.7984502
4,1757,0.4813828766345978,0.4593949044585987,1786409159.8475494
4,1758,0.3230285346508026,0.46044303797468356,1786409159.8991072
4,1759,0.4586721658706665,0.4606918238993711,1786409159.952648
4,1760,0.4509083926677704,0.462109375,1786409160.0027242
4,1761,0.3693366050720215,0.4623447204968944,1786409160.0523403
4,1762,0.46621569991111755,0.46141975308641975,1786409160.1032546
4,1763,0.2944316565990448,0.4624233128834356,1786409160.1593158
4,1764,0.3279968798160553,0.4637957317073171,1786409160.2095952
4,1765,0.6296563148498535,0.4643939393939394,1786409160.2598999
4,1766,0.30715519189834595,0.46498493975903615,1786409160.309745
4,1767,0.44457879662513733,0.4648203592814371,1786409160.3594966
4,1768,0.6500169038772583,0.4661458333333333,1786409160.4148269
4,1769,0.6771685481071472,0.46449704142011833,1786409160.4638467
4,1770,0.31292828917503357,0.4650735294117647,1786409160.5141323
4,1771,0.5812820196151733,0.464546783625731,1786409160.5665743
4,1772,0.41737449169158936,0.46584302325581395,1786409160.616371
4,1773,0.47759032249450684,0.4653179190751445,1786409160.666725
4,1774,0.24747782945632935,0.4644396551724138,1786409160.723735
4,1775,0.440977543592453,0.46464285714285714,1786409160.7787175
4,1776,0.29623380303382874,0.4655539772727273,1786409160.828856
4,1777,0.32673510909080505,0.4636299435028249,1786409160.8779452
4,1778,0.5415750741958618,0.46348314606741575,1786409160.9296796
4,1779,0.4634588360786438,0.46298882681564246,1786409160.9842749
4,1780,0.43644052743911743,0.4635416666666667,1786409161.0358186
4,1781,0.36224502325057983,0.46408839779005523,1786409161.0880973
4,1782,0.2824489176273346,0.4642857142857143,1786409161.1382697
4,1783,0.3830623924732208,0.46584699453551914,1786409161.1875923
4,1784,0.4323945641517639,0.46671195652173914,1786409161.2380743
4,1785,0.9884117841720581,0.46587837837837837,1786409161.2907293
4,1786,0.5916911363601685,0.4674059139784946,1786409161.3473525
4,1787,0.28269273042678833,0.46858288770053474,1786409161.3973417
4,1788,0.3730088174343109,0.46675531914893614,1786409161.4471762
4,1789,0.3449777066707611,0.4666005291005291,1786409161.4972763
4,1790,0.561917781829834,0.4667763157894737,1786409161.5464525
4,1791,0.5926385521888733,0.4653141361256545,1786409161.5960565
4,1792,0.5806962251663208,0.4654947916666667,1786409161.6465802
4,1793,0.42587023973464966,0.4650259067357513,1786409161.6966236
4,1794,0.5943052172660828,0.4652061855670103,1786409161.7478619
4,1795,0.4906337857246399,0.46602564102564104,1786409161.7975643
4,1796,0.45564717054367065,0.4646045918367347,1786409161.8468335
4,1797,0.33948904275894165,0.4660532994923858,1786409161.8978858
4,1798,0.3961678743362427,0.46622474747474746,1786409161.9483614
4,1799,0.32403475046157837,0.46733668341708545,1786409162.004633
4,1800,0.593189537525177,0.46625,1786409162.057388
4,1801,0.5104024410247803,0.46610696517412936,1786409162.10852
4,1802,0.35822322964668274,0.46751237623762376,1786409162.1641366
4,1803,0.5368930697441101,0.46736453201970446,1786409162.217576
4,1804,0.4924635589122772,0.46660539215686275,1786409162.2674751
4,1805,0.4045490026473999,0.46737804878048783,1786409162.3179677
4,1806,0.3336848318576813,0.4681432038834951,1786409162.3672931
4,1807,0.5262114405632019,0.46890096618357485,1786409162.4167697
4,1808,0.6347157955169678,0.46814903846153844,1786409162.4674153
4,1809,0.4214876890182495,0.46830143540669855,1786409162.5210469
4,1810,0.37183213233947754,0.46875,1786409162.5770607
4,1811,0.505607545375824,0.46830568720379145,1786409162.6272693
4,1812,0.2545161843299866,0.4696344339622642,1786409162.6833336
4,1813,0.4689716696739197,0.4703638497652582,1786409162.7328563
4,1814,0.37575283646583557,0.46904205607476634,1786409162.7831912
4,1815,0.628253161907196,0.4694767441860465,1786409162.8344905
4,1816,0.6060137152671814,0.46903935185185186,1786409162.8835843
4,1817,0.46658098697662354,0.4691820276497696,1786409162.9407938
4,1818,0.47772443294525146,0.4684633027522936,1786409162.9907358
4,1819,0.3776712119579315,0.4691780821917808,1786409163.0410953
4,1820,0.33930128812789917,0.4693181818181818,1786409163.0965009
4,1821,0.37917613983154297,0.4697398190045249,1786409163.146754
4,1822,0.4794059693813324,0.47072072072072074,1786409163.2021883
4,1823,0.4088050127029419,0.4711322869955157,1786409163.2523584
4,1824,0.3353497087955475,0.47237723214285715,1786409163.302722
4,1825,0.2768198847770691,0.4736111111111111,1786409163.3573542
4,1826,0.6019359230995178,0.47345132743362833,1786409163.4077477
4,1827,0.42380955815315247,0.4743942731277533,1786409163.4564927
4,1828,0.5518967509269714,0.47478070175438597,1786409163.5108697
4,1829,0.5392917990684509,0.4751637554585153,1786409163.5610304
4,1830,0.45698198676109314,0.475,1786409163.6117604
4,1831,0.4864140450954437,0.4734848484848485,1786409163.664686
4,1832,0.37810826301574707,0.4722521551724138,1786409163.7134361
4,1833,0.3666972219944,0.47237124463519314,1786409163.764012
4,1834,0.3792515993118286,0.4732905982905983,1786409163.8152003
4,1835,0.47234299778938293,0.4734042553191489,1786409163.8653665
4,1836,0.2260819375514984,0.4745762711864407,1786409163.9157364
4,1837,0.2827095687389374,0.4733649789029536,1786409163.9685469
4,1838,0.36979857087135315,0.4737394957983193,1786409164.0197773
4,1839,0.46736130118370056,0.473326359832636,1786409164.069887
4,1840,0.3585365414619446,0.4734375,1786409164.1219223
4,1841,0.5237612128257751,0.4717323651452282,1786409164.173345
4,1842,0.33568423986434937,0.47210743801652894,1786409164.225945
4,1843,0.4444914162158966,0.47247942386831276,1786409164.2760527
4,1844,0.45532524585723877,0.4731045081967213,1786409164.3340266
4,1845,0.47892045974731445,0.4732142857142857,1786409164.383672
4,1846,0.44853460788726807,0.4738313008130081,1786409164.4345126
4,1847,0.5333231687545776,0.47469635627530365,1786409164.4839947
4,1848,0.4214116930961609,0.4732862903225806,1786409164.5345323
4,1849,0.5438638925552368,0.47213855421686746,1786409164.5909572
4,1850,0.577189564704895,0.47125,1786409164.6412985
4,1851,0.3245564103126526,0.4706175298804781,1786409164.6970904
4,1852,0.334902286529541,0.4694940476190476,1786409164.7505481
4,1853,0.4170314073562622,0.46788537549407117,1786409164.8094082
4,1854,0.5331780910491943,0.468503937007874,1786409164.8674722
4,1855,0.3268589377403259,0.46911764705882353,1786409164.9168518
4,1856,0.37754642963409424,0.4697265625,1786409164.971104
4,1857,0.38458436727523804,0.4693579766536965,1786409165.021851
4,1858,0.39342862367630005,0.4694767441860465,1786409165.0728207
4,1859,0.37520816922187805,0.4700772200772201,1786409165.1216896
4,1860,0.21612009406089783,0.47115384615384615,1786409165.1763742
4,1861,0.5329012870788574,0.4707854406130268,1786409165.2264078
4,1862,0.4052082896232605,0.47161259541984735,1786409165.2775228
4,1863,0.5236056447029114,0.47029467680608367,1786409165.3281815
4,1864,0.19613182544708252,0.4713541666666667,1786409165.3800998
4,1865,0.2555789351463318,0.4721698113207547,1786409165.4310427
4,1866,0.47077620029449463,0.4708646616541353,1786409165.4811432
4,1867,0.4304649829864502,0.4714419475655431,1786409165.5299973
4,1868,0.4020076096057892,0.4713152985074627,1786409165.5799706
4,1869,0.40249010920524597,0.4721189591078067,1786409165.6322434
4,1870,0.3518843650817871,0.4724537037037037,1786409165.6828873
4,1871,0.39242953062057495,0.4720940959409594,1786409165.7385685
4,1872,0.638027548789978,0.47150735294117646,1786409165.7928858
4,1873,0.5159164667129517,0.47206959706959706,1786409165.8488286
4,1874,0.5289123058319092,0.4717153284671533,1786409165.8987691
4,1875,0.5369270443916321,0.4706818181818182,1786409165.9486713
4,1876,0.5011032819747925,0.47033514492753625,1786409165.9986126
4,1877,0.28379392623901367,0.4711191335740072,1786409166.0521798
4,1878,0.32899346947669983,0.4716726618705036,1786409166.1025057
4,1879,0.33963361382484436,0.4715501792114695,1786409166.152846
4,1880,0.6505871415138245,0.47165178571428573,1786409166.2024868
4,1881,0.5318365097045898,0.47130782918149466,1786409166.260111
4,1882,0.343092143535614,0.47185283687943264,1786409166.3153605
4,1883,0.39219334721565247,0.4715106007067138,1786409166.370285
4,1884,0.4680651128292084,0.4711707746478873,1786409166.4194858
4,1885,0.4035191535949707,0.47149122807017546,1786409166.4676664
4,1886,0.2735153138637543,0.47246503496503495,1786409166.517205
4,1887,0.45850932598114014,0.4719076655052265,1786409166.5661783
4,1888,0.3324058949947357,0.4720052083333333,1786409166.6155245
4,1889,0.3899768888950348,0.47296712802768165,1786409166.6634455
4,1890,0.49012285470962524,0.4730603448275862,1786409166.7123735
4,1891,0.3288079500198364,0.4729381443298969,1786409166.761704
4,1892,0.7211676836013794,0.4726027397260274,1786409166.8112
4,1893,0.422931045293808,0.4726962457337884,1786409166.861171
4,1894,0.37116312980651855,0.47278911564625853,1786409166.9099221
4,1895,0.6994943022727966,0.4722457627118644,1786409166.9596543
4,1896,0.3522856533527374,0.47233952702702703,1786409167.0085192
4,1897,0.4581720232963562,0.4720117845117845,1786409167.0573676
4,1898,0.3910413682460785,0.4725251677852349,1786409167.1057184
4,1899,0.35783299803733826,0.47261705685618727,1786409167.1547692
4,1900,0.5277796983718872,0.47229166666666667,1786409167.2042475
4,1901,0.37685972452163696,0.47279900332225916,1786409167.2531483
4,1902,0.29162871837615967,0.4733029801324503,1786409167.3013353
4,1903,0.4331531524658203,0.4735973597359736,1786409167.3502698
4,1904,0.4107746183872223,0.4730674342105263,1786409167.3995686
4,1905,0.5300906896591187,0.47295081967213115,1786409167.4488275
5,1906,0.39010053873062134,0.625,1786409169.2700057
5,1907,0.3049589991569519,0.65625,1786409169.3579211
5,1908,0.2808367609977722,0.6875,1786409169.4310446
5,1909,0.42214617133140564,0.671875,1786409169.4971278
5,1910,0.37514597177505493,0.6625,1786409169.581793
5,1911,0.44607865810394287,0.6354166666666666,1786409169.6506634
5,1912,0.2935747802257538,0.6428571428571429,1786409169.7020426
5,1913,0.5439832210540771,0.609375,1786409169.7554498
5,1914,0.328996479511261,0.5555555555555556,1786409169.8155823
5,1915,0.3054642975330353,0.55,1786409169.8753166
5,1916,0.5135700106620789,0.5284090909090909,1786409169.9338312
5,1917,0.4153553247451782,0.5364583333333334,1786409169.9842436
5,1918,0.5076852440834045,0.5240384615384616,1786409170.0342064
5,1919,0.562833309173584,0.4955357142857143,1786409170.0864415
5,1920,0.4345513582229614,0.5083333333333333,1786409170.1398153
5,1921,0.2897692322731018,0.515625,1786409170.1940002
5,1922,0.31663599610328674,0.4963235294117647,1786409170.2439084
5,1923,0.3213232159614563,0.5138888888888888,1786409170.2954009
5,1924,0.5120902061462402,0.5131578947368421,1786409170.3458974
5,1925,0.6631780862808228,0.50625,1786409170.3948364
5,1926,0.4585527777671814,0.49702380952380953,1786409170.4450731
5,1927,0.4246372580528259,0.4943181818181818,1786409170.4955776
5,1928,0.493305504322052,0.4891304347826087,1786409170.5472188
5,1929,0.2797919511795044,0.4973958333333333,1786409170.5976162
5,1930,0.34171420335769653,0.5,1786409170.6479597
5,1931,0.4677649736404419,0.5072115384615384,1786409170.6978385
5,1932,0.5599337816238403,0.4976851851851852,1786409170.75247
5,1933,0.2060021609067917,0.48660714285714285,1786409170.8074977
5,1934,0.3954727053642273,0.47629310344827586,1786409170.8614433
5,1935,0.36056020855903625,0.46875,1786409170.9104185
5,1936,0.31168490648269653,0.4717741935483871,1786409170.965223
5,1937,0.2697191834449768,0.48046875,1786409171.0159342
5,1938,0.38664761185646057,0.4753787878787879,1786409171.0683162
5,1939,0.28776299953460693,0.4889705882352941,1786409171.1190221
5,1940,0.6132296323776245,0.49107142857142855,1786409171.169849
5,1941,0.3675794303417206,0.484375,1786409171.2194598
5,1942,0.2942677438259125,0.4864864864864865,1786409171.2735553
5,1943,0.4110439419746399,0.4917763157894737,1786409171.3231266
5,1944,0.5135324001312256,0.49198717948717946,1786409171.3806472
5,1945,0.3742242455482483,0.49375,1786409171.4301326
5,1946,0.596053421497345,0.48628048780487804,1786409171.4796736
5,1947,0.59469074010849,0.4851190476190476,1786409171.5288596
5,1948,0.3246355652809143,0.4898255813953488,1786409171.5790899
5,1949,0.3540835380554199,0.48863636363636365,1786409171.630159
5,1950,0.380950391292572,0.49166666666666664,1786409171.6821926
5,1951,0.690454363822937,0.4891304347826087,1786409171.7340584
5,1952,0.36935317516326904,0.48936170212765956,1786409171.7886877
5,1953,0.46823370456695557,0.4908854166666667,1786409171.8394644
5,1954,0.4663274884223938,0.4923469387755102,1786409171.8896189
5,1955,0.2735336422920227,0.4975,1786409171.9385767
5,1956,0.39197689294815063,0.49019607843137253,1786409171.9888773
5,1957,0.26779013872146606,0.4951923076923077,1786409172.0399098
5,1958,0.2737608551979065,0.4988207547169811,1786409172.090833
5,1959,0.20357325673103333,0.5034722222222222,1786409172.1407216
5,1960,0.41477829217910767,0.5045454545454545,1786409172.1894772
5,1961,0.4010928273200989,0.5066964285714286,1786409172.2396176
5,1962,0.639490008354187,0.5043859649122807,1786409172.295456
5,1963,0.32538169622421265,0.5043103448275862,1786409172.3521583
5,1964,0.42153993248939514,0.4968220338983051,1786409172.4028728
5,1965,0.37205082178115845,0.49583333333333335,1786409172.4514651
5,1966,0.25295838713645935,0.4989754098360656,1786409172.5002592
5,1967,0.2754196524620056,0.49899193548387094,1786409172.550669
5,1968,0.2905624210834503,0.501984126984127,1786409172.6011753
5,1969,0.6450713872909546,0.501953125,1786409172.6521428
5,1970,0.35584744811058044,0.5067307692307692,1786409172.7023222
5,1971,0.37176015973091125,0.5,1786409172.755903
5,1972,0.3478367030620575,0.5018656716417911,1786409172.805959
5,1973,0.42251598834991455,0.5018382352941176,1786409172.8612406
5,1974,0.44124361872673035,0.4963768115942029,1786409172.9155164
5,1975,0.4056625962257385,0.49642857142857144,1786409172.9668565
5,1976,0.5279711484909058,0.49295774647887325,1786409173.0175166
5,1977,0.43491488695144653,0.4921875,1786409173.067435
5,1978,0.5450485944747925,0.4922945205479452,1786409173.1183105
5,1979,0.5015296339988708,0.4890202702702703,1786409173.1735775
5,1980,0.3480927646160126,0.4891666666666667,1786409173.2229037
5,1981,0.5860977172851562,0.48848684210526316,1786409173.2737355
5,1982,0.39138635993003845,0.48457792207792205,1786409173.3260348
5,1983,0.2739678621292114,0.4879807692307692,1786409173.3762276
5,1984,0.34468841552734375,0.4889240506329114,1786409173.4303608
5,1985,0.35599106550216675,0.4875,1786409173.4800203
5,1986,0.3665506839752197,0.48919753086419754,1786409173.5326152
5,1987,0.3272288739681244,0.4923780487804878,1786409173.5834856
5,1988,0.2866753935813904,0.4924698795180723,1786409173.634316
5,1989,0.3746154308319092,0.4947916666666667,1786409173.6882708
5,1990,0.3326103389263153,0.4963235294117647,1786409173.7413957
5,1991,0.5579780340194702,0.4949127906976744,1786409173.7907302
5,1992,0.32083117961883545,0.49712643678160917,1786409173.8451257
5,1993,0.339332640171051,0.49644886363636365,1786409173.8953493
5,1994,0.5057904720306396,0.49508426966292135,1786409173.953792
5,1995,0.3488260805606842,0.4965277777777778,1786409174.0040224
5,1996,0.3329122066497803,0.49244505494505497,1786409174.060934
5,1997,0.31917649507522583,0.49252717391304346,1786409174.1109822
5,1998,0.4565750062465668,0.4905913978494624,1786409174.160966
5,1999,0.511236310005188,0.4900265957446808,1786409174.2116826
5,2000,0.5912343263626099,0.4868421052631579,1786409174.2624755
5,2001,0.5455302596092224,0.4856770833333333,1786409174.3121605
5,2002,0.3153870701789856,0.4884020618556701,1786409174.361941
5,2003,0.550356924533844,0.4885204081632653,1786409174.4162235
5,2004,0.30935660004615784,0.49053030303030304,1786409174.46635
5,2005,0.5119672417640686,0.491875,1786409174.5160246
5,2006,0.4887434244155884,0.4931930693069307,1786409174.5675805
5,2007,0.29378649592399597,0.4944852941176471,1786409174.6174436
5,2008,0.6269340515136719,0.49271844660194175,1786409174.6675515
5,2009,0.35971537232398987,0.49399038461538464,1786409174.7177696
5,2010,0.5298349261283875,0.49107142857142855,1786409174.7674456
5,2011,0.3927561640739441,0.49174528301886794,1786409174.8181045
5,2012,0.29740041494369507,0.4935747663551402,1786409174.8686414
5,2013,0.3822607398033142,0.4947916666666667,1786409174.92427
5,2014,0.2936970591545105,0.4959862385321101,1786409174.9772592
5,2015,0.36457252502441406,0.4965909090909091,1786409175.0314581
5,2016,0.7148618102073669,0.49493243243243246,1786409175.0810437
5,2017,0.36329126358032227,0.49330357142857145,1786409175.1306314
5,2018,0.5912920236587524,0.49336283185840707,1786409175.1806943
5,2019,0.5449093580245972,0.4934210526315789,1786409175.2368782
5,2020,0.36923420429229736,0.4940217391304348,1786409175.289692
5,2021,0.5982087850570679,0.49353448275862066,1786409175.342332
5,2022,0.20998530089855194,0.49572649572649574,1786409175.391421
5,2023,0.3710155487060547,0.493114406779661,1786409175.4416544
5,2024,0.3504042327404022,0.49317226890756305,1786409175.4906478
5,2025,0.6104313731193542,0.4947916666666667,1786409175.546897
5,2026,0.3712940216064453,0.49535123966942146,1786409175.5968394
5,2027,0.40163636207580566,0.4964139344262295,1786409175.64656
5,2028,0.2869870066642761,0.49898373983739835,1786409175.696581
5,2029,0.30692559480667114,0.5,1786409175.7464404
5,2030,0.40600287914276123,0.5005,1786409175.7977858
5,2031,0.4279278516769409,0.5004960317460317,1786409175.851998
5,2032,0.4933837652206421,0.4985236220472441,1786409175.9068787
5,2033,0.33224835991859436,0.49951171875,1786409175.96017
5,2034,0.38984471559524536,0.500484496124031,1786409176.0116556
5,2035,0.620362401008606,0.5004807692307692,1786409176.0625782
5,2036,0.2840859889984131,0.4976145038167939,1786409176.112364
5,2037,0.4629231095314026,0.49763257575757575,1786409176.162304
5,2038,0.4283638298511505,0.49859022556390975,1786409176.2186124
5,2039,0.3373560309410095,0.49673507462686567,1786409176.268999
5,2040,0.2829383611679077,0.4981481481481482,1786409176.3237128
5,2041,0.4357241094112396,0.49724264705882354,1786409176.3750384
5,2042,0.42813581228256226,0.4977189781021898,1786409176.4281702
5,2043,0.29704779386520386,0.4963768115942029,1786409176.4818206
5,2044,0.4763781726360321,0.49550359712230213,1786409176.5316136
5,2045,0.48566126823425293,0.49598214285714287,1786409176.5832424
5,2046,0.48301467299461365,0.49556737588652483,1786409176.6340194
5,2047,0.4033660590648651,0.49295774647887325,1786409176.6852417
5,2048,0.3468952178955078,0.49344405594405594,1786409176.7362955
5,2049,0.33726179599761963,0.4908854166666667,1786409176.7868984
5,2050,0.3488541543483734,0.49137931034482757,1786409176.8368144
5,2051,0.6312357187271118,0.4918664383561644,1786409176.8875837
5,2052,0.27512386441230774,0.4931972789115646,1786409176.9407465
5,2053,0.3689063489437103,0.49239864864864863,1786409176.9940803
5,2054,0.3599390685558319,0.4911912751677852,1786409177.045609
5,2055,0.4560152292251587,0.49125,1786409177.0958567
5,2056,0.35959309339523315,0.492135761589404,1786409177.14558
5,2057,0.34776055812835693,0.4897203947368421,1786409177.1952474
5,2058,0.5036773085594177,0.4897875816993464,1786409177.246845
5,2059,0.5317318439483643,0.48863636363636365,1786409177.301953
5,2060,0.4654330611228943,0.4870967741935484,1786409177.3522575
5,2061,0.36357736587524414,0.4879807692307692,1786409177.4030209
5,2062,0.45895785093307495,0.4880573248407643,1786409177.4550564
5,2063,0.5581219792366028,0.4861550632911392,1786409177.504351
5,2064,0.3174534738063812,0.48742138364779874,1786409177.554557
5,2065,0.47201478481292725,0.487890625,1786409177.609239
5,2066,0.43519702553749084,0.4891304347826087,1786409177.6649425
5,2067,0.43107596039772034,0.4888117283950617,1786409177.7209997
5,2068,0.2849253714084625,0.4869631901840491,1786409177.7697952
5,2069,0.40833815932273865,0.4881859756097561,1786409177.8226783
5,2070,0.3134531080722809,0.48863636363636365,1786409177.8741472
5,2071,0.36909186840057373,0.4871987951807229,1786409177.9247174
5,2072,0.36524608731269836,0.4876497005988024,1786409177.9749932
5,2073,0.42511236667633057,0.4884672619047619,1786409178.0237203
5,2074,0.5156434178352356,0.48668639053254437,1786409178.0737288
5,2075,0.4897556006908417,0.4849264705882353,1786409178.1277158
5,2076,0.38254061341285706,0.4868421052631579,1786409178.1801767
5,2077,0.5625516176223755,0.48728197674418605,1786409178.2296252
5,2078,0.4725315272808075,0.4866329479768786,1786409178.2839441
5,2079,0.34776297211647034,0.48455459770114945,1786409178.334841
5,2080,0.5874547958374023,0.4853571428571429,1786409178.3853302
5,2081,0.2215876579284668,0.4865056818181818,1786409178.4418385
5,2082,0.4825459420681,0.4869350282485876,1786409178.4986522
5,2083,0.22912843525409698,0.4884129213483146,1786409178.5542026
5,2084,0.37153106927871704,0.4891759776536313,1786409178.6033146
5,2085,0.33068549633026123,0.49027777777777776,1786409178.6534812
5,2086,0.42698410153388977,0.4906767955801105,1786409178.7031622
5,2087,0.3432651460170746,0.49107142857142855,1786409178.7535336
5,2088,0.5085877776145935,0.49043715846994534,1786409178.8107064
5,2089,0.4622190296649933,0.49014945652173914,1786409178.8597488
5,2090,0.6023856401443481,0.48986486486486486,1786409178.9104614
5,2091,0.37420156598091125,0.4909274193548387,1786409178.961264
5,2092,0.3516618609428406,0.4899732620320856,1786409179.0112553
5,2093,0.3122701346874237,0.49168882978723405,1786409179.0606859
5,2094,0.6953381299972534,0.4904100529100529,1786409179.116377
5,2095,0.31718161702156067,0.4888157894736842,1786409179.167713
5,2096,0.4242972135543823,0.49018324607329844,1786409179.2175848
5,2097,0.4276992380619049,0.4886067708333333,1786409179.2680054
5,2098,0.34586623311042786,0.4893134715025907,1786409179.3213239
5,2099,0.42656898498535156,0.4893685567010309,1786409179.3753865
5,2100,0.34327298402786255,0.491025641025641,1786409179.4261334
5,2101,0.27784690260887146,0.4926658163265306,1786409179.476787
5,2102,0.3933846354484558,0.49333756345177665,1786409179.5252855
5,2103,0.3891671299934387,0.4930555555555556,1786409179.5797296
5,2104,0.35778576135635376,0.49152010050251255,1786409179.6294677
5,2105,0.3344647288322449,0.4921875,1786409179.6838021
5,2106,0.24950450658798218,0.4937810945273632,1786409179.7368073
5,2107,0.31134510040283203,0.4938118811881188,1786409179.7869272
5,2108,0.40500277280807495,0.4941502463054187,1786409179.8364413
5,2109,0.6441211104393005,0.49325980392156865,1786409179.886055
5,2110,0.44110560417175293,0.49390243902439024,1786409179.9395761
5,2111,0.5110575556755066,0.49271844660194175,1786409179.9901795
5,2112,0.5069624185562134,0.4927536231884058,1786409180.0449903
5,2113,0.4357779026031494,0.4930889423076923,1786409180.0967472
5,2114,0.31433141231536865,0.4934210526315789,1786409180.1467547
5,2115,0.6101120710372925,0.4919642857142857,1786409180.1984067
5,2116,0.39146775007247925,0.49200236966824645,1786409180.2483423
5,2117,0.45566320419311523,0.49233490566037735,1786409180.3036132
5,2118,0.330064594745636,0.4923708920187793,1786409180.3563154
5,2119,0.6635342836380005,0.490946261682243,1786409180.405459
5,2120,0.4079705476760864,0.49040697674418604,1786409180.4558983
5,2121,0.4582977294921875,0.48929398148148145,1786409180.5084455
5,2122,0.35366272926330566,0.48963133640552997,1786409180.5589461
5,2123,0.6458112001419067,0.4893922018348624,1786409180.6129348
5,2124,0.4348689913749695,0.4897260273972603,1786409180.6617188
5,2125,0.3013170063495636,0.48806818181818185,1786409180.711915
5,2126,0.3045850396156311,0.4889705882352941,1786409180.7668214
5,2127,0.4088427424430847,0.48761261261261263,1786409180.821548
5,2128,0.37630701065063477,0.4876681614349776,1786409180.871376
5,2129,0.2636740803718567,0.48856026785714285,1786409180.9277873
5,2130,0.4297059178352356,0.48833333333333334,1786409180.9772065
5,2131,0.246116042137146,0.4894911504424779,1786409181.0327468
5,2132,0.514238178730011,0.48926211453744495,1786409181.0861082
5,2133,0.4495416581630707,0.4895833333333333,1786409181.136798
5,2134,0.3674555718898773,0.48990174672489084,1786409181.1870227
5,2135,0.3954510986804962,0.4880434782608696,1786409181.239753
5,2136,0.36251169443130493,0.4889069264069264,1786409181.2910764
5,2137,0.5030894875526428,0.48895474137931033,1786409181.3458457
5,2138,0.5728104114532471,0.4873927038626609,1786409181.4042745
5,2139,0.43437936902046204,0.4863782051282051,1786409181.4534364
5,2140,0.5086442232131958,0.48696808510638295,1786409181.502677
5,2141,0.531463086605072,0.4875529661016949,1786409181.554422
5,2142,0.43951624631881714,0.4873417721518987,1786409181.6043358
5,2143,0.35953205823898315,0.4884453781512605,1786409181.6606827
5,2144,0.37936708331108093,0.4871861924686193,1786409181.710929
5,2145,0.25176364183425903,0.48776041666666664,1786409181.7604039
5,2146,0.3604511618614197,0.4880705394190871,1786409181.8148253
5,2147,0.5483789443969727,0.48863636363636365,1786409181.8658388
5,2148,0.47853174805641174,0.48842592592592593,1786409181.915727
5,2149,0.4696989953517914,0.4889856557377049,1786409181.9663374
5,2150,0.44683635234832764,0.48801020408163265,1786409182.0239785
5,2151,0.7284159660339355,0.4872967479674797,1786409182.0735981
5,2152,0.39741280674934387,0.4876012145748988,1786409182.1296537
5,2153,0.6976597309112549,0.4871471774193548,1786409182.1856015
5,2154,0.2547353506088257,0.4859437751004016,1786409182.2370915
5,2155,0.709463357925415,0.48525,1786409182.2872078
5,2156,0.44623038172721863,0.48406374501992033,1786409182.3368094
5,2157,0.3378448486328125,0.4833829365079365,1786409182.3868608
5,2158,0.3502773344516754,0.4841897233201581,1786409182.4407609
5,2159,0.566450834274292,0.484005905511811,1786409182.4907026
5,2160,0.4657524824142456,0.4838235294117647,1786409182.5443292
5,2161,0.49666666984558105,0.48486328125,1786409182.5936756
5,2162,0.42362603545188904,0.48492217898832685,1786409182.6444626
5,2163,0.4460470974445343,0.48498062015503873,1786409182.6947374
5,2164,0.4585501551628113,0.48527992277992277,1786409182.7456653
5,2165,0.3612635135650635,0.4860576923076923,1786409182.797297
5,2166,0.3215581774711609,0.4863505747126437,1786409182.8463595
5,2167,0.6153061389923096,0.48497137404580154,1786409182.9032285
5,2168,0.46795982122421265,0.4840779467680608,1786409182.956966
5,2169,0.34690919518470764,0.48295454545454547,1786409183.0071366
5,2170,0.345617413520813,0.4832547169811321,1786409183.0567892
5,2171,0.274633526802063,0.48449248120300753,1786409183.1065454
5,2172,0.24314841628074646,0.4859550561797753,1786409183.156523
5,2173,0.7352492809295654,0.4855410447761194,1786409183.2069514
5,2174,0.314714252948761,0.48629182156133827,1786409183.2625465
5,2175,0.3435096740722656,0.48541666666666666,1786409183.316509
5,2176,0.594925582408905,0.4850092250922509,1786409183.3659708
5,2177,0.3456707298755646,0.4852941176470588,1786409183.4219327
5,2178,0.2828313112258911,0.48626373626373626,1786409183.4761963
5,2179,0.4656945466995239,0.4865419708029197,1786409183.5247936
5,2180,0.35695680975914,0.4865909090909091,1786409183.5746179
5,2181,0.4232097268104553,0.48686594202898553,1786409183.6234117
5,2182,0.34234893321990967,0.486913357400722,1786409183.673602
5,2183,0.390916109085083,0.48741007194244607,1786409183.7279546
5,2184,0.6101146340370178,0.48723118279569894,1786409183.7791457
5,2185,0.3871844708919525,0.4861607142857143,1786409183.8284826
5,2186,0.47808757424354553,0.48554270462633453,1786409183.8826778
5,2187,0.39209288358688354,0.48404255319148937,1786409183.9330325
5,2188,0.3676557242870331,0.48454063604240283,1786409183.9866998
5,2189,0.38674598932266235,0.48349471830985913,1786409184.036334
5,2190,0.33026206493377686,0.48355263157894735,1786409184.0848417
5,2191,0.4232252836227417,0.48448426573426573,1786409184.132544
5,2192,0.4171810448169708,0.48410278745644597,1786409184.1817617
5,2193,0.36679989099502563,0.484375,1786409184.2305353
5,2194,0.6315392255783081,0.48313148788927335,1786409184.2793458
5,2195,0.2518129050731659,0.4836206896551724,1786409184.3273275
5,2196,0.4034055173397064,0.4845360824742268,1786409184.37585
5,2197,0.520495593547821,0.4852311643835616,1786409184.4247627
5,2198,0.4331020712852478,0.4852815699658703,1786409184.472208
5,2199,0.3678392767906189,0.4851190476190476,1786409184.519594
5,2200,0.34240078926086426,0.4853813559322034,1786409184.5688272
5,2201,0.363645076751709,0.4860641891891892,1786409184.6188471
5,2202,0.31915727257728577,0.48569023569023567,1786409184.6679244
5,2203,0.3888847529888153,0.4859479865771812,1786409184.7158864
5,2204,0.4058528542518616,0.4862040133779264,1786409184.7645485
5,2205,0.46303504705429077,0.4866666666666667,1786409184.8135862
5,2206,0.40787336230278015,0.48546511627906974,1786409184.8626952
5,2207,0.2805568277835846,0.4857201986754967,1786409184.9103386
5,2208,0.4402220845222473,0.4861798679867987,1786409184.9589972
5,2209,0.3334687352180481,0.48725328947368424,1786409185.0073833
5,2210,0.228013813495636,0.48790983606557375,1786409185.0560346
6,2211,0.38632142543792725,0.1875,1786409186.5311778
6,2212,0.3922434449195862,0.4375,1786409186.6709998
6,2213,0.3705832362174988,0.5208333333333334,1786409186.7474916
6,2214,0.3993247151374817,0.515625,1786409186.8168547
6,2215,0.5340734720230103,0.5,1786409186.880982
6,2216,0.4403517246246338,0.4895833333333333,1786409186.9550707
6,2217,0.6013361215591431,0.48214285714285715,1786409187.0174403
6,2218,0.4223830997943878,0.4921875,1786409187.0718358
6,2219,0.5012205243110657,0.4930555555555556,1786409187.1278586
6,2220,0.6093482971191406,0.4875,1786409187.1866937
6,2221,0.3976118266582489,0.4602272727272727,1786409187.2420673
6,2222,0.6796318888664246,0.4583333333333333,1786409187.2954855
6,2223,0.40538209676742554,0.46153846153846156,1786409187.3495343
6,2224,0.6158174276351929,0.45535714285714285,1786409187.4050035
6,2225,0.5372695922851562,0.43333333333333335,1786409187.4544656
6,2226,0.4362567961215973,0.43359375,1786409187.5036197
6,2227,0.3934904634952545,0.41911764705882354,1786409187.5536866
6,2228,0.6563413143157959,0.40625,1786409187.6092203
6,2229,0.41515684127807617,0.40789473684210525,1786409187.660717
6,2230,0.3686968684196472,0.40625,1786409187.7112527
6,2231,0.5151007175445557,0.41369047619047616,1786409187.7613041
6,2232,0.34959477186203003,0.41761363636363635,1786409187.8131866
6,2233,0.47159770131111145,0.4157608695652174,1786409187.8636112
6,2234,0.3451661169528961,0.4244791666666667,1786409187.912457
6,2235,0.28559574484825134,0.4375,1786409187.9626746
6,2236,0.4594860076904297,0.4230769230769231,1786409188.0187511
6,2237,0.27455374598503113,0.4351851851851852,1786409188.0700603
6,2238,0.24919232726097107,0.4486607142857143,1786409188.120359
6,2239,0.27355772256851196,0.45905172413793105,1786409188.169038
6,2240,0.3325192928314209,0.4625,1786409188.2218626
6,2241,0.36193785071372986,0.4637096774193548,1786409188.2721357
6,2242,0.32288122177124023,0.46484375,1786409188.3228104
6,2243,0.4165496528148651,0.4678030303030303,1786409188.3765206
6,2244,0.6129810214042664,0.45955882352941174,1786409188.425654
6,2245,0.42957979440689087,0.4517857142857143,1786409188.4808965
6,2246,0.4297434687614441,0.4513888888888889,1786409188.5341532
6,2247,0.3789064586162567,0.44932432432432434,1786409188.584558
6,2248,0.6264061331748962,0.45723684210526316,1786409188.634291
6,2249,0.3624669015407562,0.46314102564102566,1786409188.683675
6,2250,0.45278188586235046,0.4671875,1786409188.7342427
6,2251,0.23513509333133698,0.4634146341463415,1786409188.7876985
6,2252,0.35586827993392944,0.45982142857142855,1786409188.8381734
6,2253,0.4274647533893585,0.45494186046511625,1786409188.8904035
6,2254,0.42143547534942627,0.4474431818181818,1786409188.939811
6,2255,0.3255392014980316,0.4513888888888889,1786409188.9962592
6,2256,0.2937321960926056,0.45516304347826086,1786409189.0472038
6,2257,0.38353943824768066,0.4587765957446808,1786409189.0989628
6,2258,0.3641203045845032,0.4544270833333333,1786409189.1487098
6,2259,0.5805914402008057,0.45408163265306123,1786409189.2056708
6,2260,0.5857981443405151,0.455,1786409189.2555497
6,2261,0.597131609916687,0.4571078431372549,1786409189.3065083
6,2262,0.25893303751945496,0.46153846153846156,1786409189.3567393
6,2263,0.4998834431171417,0.46226415094339623,1786409189.4068732
6,2264,0.3274887502193451,0.46875,1786409189.4607966
6,2265,0.2559354305267334,0.4727272727272727,1786409189.5111675
6,2266,0.49085646867752075,0.4732142857142857,1786409189.5663507
6,2267,0.39475083351135254,0.4725877192982456,1786409189.6242363
6,2268,0.3426012098789215,0.4730603448275862,1786409189.674627
6,2269,0.4678463041782379,0.4745762711864407,1786409189.7247531
6,2270,0.3239445388317108,0.478125,1786409189.776713
6,2271,0.6302093267440796,0.4723360655737705,1786409189.8312292
6,2272,0.45374470949172974,0.4747983870967742,1786409189.8808112
6,2273,0.3766402006149292,0.47023809523809523,1786409189.9317956
6,2274,0.4502451717853546,0.474609375,1786409189.981427
6,2275,0.43771252036094666,0.4778846153846154,1786409190.035308
6,2276,0.36629632115364075,0.48200757575757575,1786409190.086704
6,2277,0.5510799884796143,0.47761194029850745,1786409190.137805
6,2278,0.6312829256057739,0.47610294117647056,1786409190.1906617
6,2279,0.3389672338962555,0.4791666666666667,1786409190.2404141
6,2280,0.29876765608787537,0.4830357142857143,1786409190.293462
6,2281,0.633549153804779,0.4788732394366197,1786409190.3459873
6,2282,0.510542631149292,0.4817708333333333,1786409190.3957858
6,2283,0.36111485958099365,0.4845890410958904,1786409190.451383
6,2284,0.4628935158252716,0.4890202702702703,1786409190.5008452
6,2285,0.32922500371932983,0.49,1786409190.553635
6,2286,0.43393412232398987,0.48848684210526316,1786409190.6056688
6,2287,0.31947678327560425,0.49107142857142855,1786409190.6554127
6,2288,0.35011720657348633,0.4911858974358974,1786409190.708416
6,2289,0.3300202488899231,0.4912974683544304,1786409190.7586951
6,2290,0.3855486810207367,0.49453125,1786409190.813696
6,2291,0.33038806915283203,0.49537037037037035,1786409190.8643498
6,2292,0.4361351728439331,0.49085365853658536,1786409190.9167821
6,2293,0.31372544169425964,0.4924698795180723,1786409190.9700077
6,2294,0.4603149890899658,0.49032738095238093,1786409191.0209808
6,2295,0.5735795497894287,0.48970588235294116,1786409191.0775087
6,2296,0.2801463305950165,0.49200581395348836,1786409191.131032
6,2297,0.3514319658279419,0.49137931034482757,1786409191.182365
6,2298,0.3937825858592987,0.49076704545454547,1786409191.2328417
6,2299,0.35980692505836487,0.49297752808988765,1786409191.283596
6,2300,0.40057191252708435,0.4951388888888889,1786409191.3389924
6,2301,0.4324057102203369,0.4951923076923077,1786409191.3878639
6,2302,0.2798495590686798,0.49252717391304346,1786409191.4430032
6,2303,0.40746554732322693,0.4946236559139785,1786409191.4955451
6,2304,0.3604124188423157,0.4966755319148936,1786409191.5450542
6,2305,0.6432007551193237,0.49736842105263157,1786409191.5955164
6,2306,0.37973207235336304,0.4954427083333333,1786409191.649476
6,2307,0.36579078435897827,0.4948453608247423,1786409191.6997705
6,2308,0.325300395488739,0.49808673469387754,1786409191.7540116
6,2309,0.4365081191062927,0.49558080808080807,1786409191.8054142
6,2310,0.324381947517395,0.49625,1786409191.856818
6,2311,0.3335590362548828,0.49814356435643564,1786409191.9088793
6,2312,0.2059049904346466,0.5006127450980392,1786409191.9690435
6,2313,0.46188884973526,0.5024271844660194,1786409192.0189338
6,2314,0.33485743403434753,0.5042067307692307,1786409192.0756276
6,2315,0.22897391021251678,0.5017857142857143,1786409192.1299217
6,2316,0.4370829164981842,0.5029481132075472,1786409192.1842434
6,2317,0.3717323839664459,0.5035046728971962,1786409192.233686
6,2318,0.3667607307434082,0.5023148148148148,1786409192.2834182
6,2319,0.45163825154304504,0.5,1786409192.333903
6,2320,0.4332060217857361,0.5,1786409192.3900428
6,2321,0.4767676889896393,0.5,1786409192.4452374
6,2322,0.5172607898712158,0.5011160714285714,1786409192.4962015
6,2323,0.33906394243240356,0.5027654867256637,1786409192.5516129
6,2324,0.24675977230072021,0.5060307017543859,1786409192.6046703
6,2325,0.3078598380088806,0.5076086956521739,1786409192.6539927
6,2326,0.42195701599121094,0.5086206896551724,1786409192.7046938
6,2327,0.430891752243042,0.5069444444444444,1786409192.7550693
6,2328,0.3910742402076721,0.5074152542372882,1786409192.8089547
6,2329,0.43515849113464355,0.5078781512605042,1786409192.857769
6,2330,0.47652456164360046,0.5046875,1786409192.9139361
6,2331,0.6443399786949158,0.5025826446280992,1786409192.9641182
6,2332,0.36755692958831787,0.5046106557377049,1786409193.0144207
6,2333,0.3538939952850342,0.5035569105691057,1786409193.0693982
6,2334,0.2634764611721039,0.5070564516129032,1786409193.1178918
6,2335,0.37626567482948303,0.5075,1786409193.1762176
6,2336,0.4926608204841614,0.5089285714285714,1786409193.2293894
6,2337,0.34588339924812317,0.5073818897637795,1786409193.2795444
6,2338,0.45128047466278076,0.5048828125,1786409193.3307195
6,2339,0.35421377420425415,0.5053294573643411,1786409193.380428
6,2340,0.39698898792266846,0.5057692307692307,1786409193.435381
6,2341,0.4150577187538147,0.5057251908396947,1786409193.4865386
6,2342,0.47192448377609253,0.5052083333333334,1786409193.5363975
6,2343,0.36061999201774597,0.506578947368421,1786409193.5866327
6,2344,0.2782687544822693,0.5083955223880597,1786409193.642939
6,2345,0.3146992325782776,0.5092592592592593,1786409193.6917536
6,2346,0.2902159094810486,0.5105698529411765,1786409193.7416472
6,2347,0.4462706744670868,0.510492700729927,1786409193.8007712
6,2348,0.5038366317749023,0.511322463768116,1786409193.852126
6,2349,0.5922088027000427,0.5098920863309353,1786409193.901831
6,2350,0.3531375527381897,0.5107142857142857,1786409193.9535913
6,2351,0.6390708088874817,0.5101950354609929,1786409194.0039442
6,2352,0.6623436212539673,0.5096830985915493,1786409194.0626817
6,2353,0.5468398332595825,0.5096153846153846,1786409194.1127887
6,2354,0.30137524008750916,0.5104166666666666,1786409194.162967
6,2355,0.26304101943969727,0.5107758620689655,1786409194.2130725
6,2356,0.30427154898643494,0.5111301369863014,1786409194.263422
6,2357,0.2760106027126312,0.5119047619047619,1786409194.3133504
6,2358,0.23471862077713013,0.5097128378378378,1786409194.3741457
6,2359,0.3596723675727844,0.5100671140939598,1786409194.4249494
6,2360,0.3509957790374756,0.51125,1786409194.4746068
6,2361,0.4027740955352783,0.5120033112582781,1786409194.524378
6,2362,0.34306198358535767,0.5123355263157895,1786409194.5783536
6,2363,0.5138435959815979,0.5118464052287581,1786409194.6289864
6,2364,0.29427045583724976,0.510551948051948,1786409194.6793637
6,2365,0.44445931911468506,0.5120967741935484,1786409194.7294862
6,2366,0.43283703923225403,0.5128205128205128,1786409194.7794273
6,2367,0.47695186734199524,0.5131369426751592,1786409194.8294356
6,2368,0.4069909453392029,0.5118670886075949,1786409194.884137
6,2369,0.26596978306770325,0.5125786163522013,1786409194.9359107
6,2370,0.3694289028644562,0.51328125,1786409194.9857872
6,2371,0.39366787672042847,0.5120341614906833,1786409195.0405605
6,2372,0.5449851751327515,0.5100308641975309,1786409195.093941
6,2373,0.527872622013092,0.5076687116564417,1786409195.1441476
6,2374,0.3681468665599823,0.5080030487804879,1786409195.1940737
6,2375,0.44327306747436523,0.5071969696969697,1786409195.2429519
6,2376,0.3470514714717865,0.5075301204819277,1786409195.2975438
6,2377,0.29419878125190735,0.5078592814371258,1786409195.347456
6,2378,0.6419533491134644,0.5074404761904762,1786409195.4024334
6,2379,0.30903390049934387,0.5085059171597633,1786409195.4527066
6,2380,0.5051103830337524,0.5084558823529411,1786409195.502321
6,2381,0.3580423891544342,0.5091374269005848,1786409195.5509186
6,2382,0.5882567167282104,0.5083575581395349,1786409195.6061075
6,2383,0.30580857396125793,0.5090317919075145,1786409195.6620183
6,2384,0.4309195578098297,0.5089798850574713,1786409195.7139666
6,2385,0.5601105093955994,0.5085714285714286,1786409195.762932
6,2386,0.41489335894584656,0.5088778409090909,1786409195.812977
6,2387,0.3285210132598877,0.5095338983050848,1786409195.8639007
6,2388,0.42616716027259827,0.5105337078651685,1786409195.9192736
6,2389,0.3934735655784607,0.5083798882681564,1786409195.9696174
6,2390,0.2991361618041992,0.5059027777777778,1786409196.0188057
6,2391,0.3436200022697449,0.506560773480663,1786409196.0687935
6,2392,0.32100191712379456,0.5072115384615384,1786409196.1191943
6,2393,0.3970908522605896,0.5075136612021858,1786409196.169243
6,2394,0.3747854232788086,0.5084918478260869,1786409196.2231834
6,2395,0.29481589794158936,0.5091216216216217,1786409196.2735686
6,2396,0.2289821207523346,0.5104166666666666,1786409196.3237784
6,2397,0.4454238712787628,0.5100267379679144,1786409196.3749053
6,2398,0.31920284032821655,0.5116356382978723,1786409196.4256215
6,2399,0.2705259621143341,0.5125661375661376,1786409196.4749858
6,2400,0.29614418745040894,0.5131578947368421,1786409196.5244954
6,2401,0.3083874583244324,0.5143979057591623,1786409196.575328
6,2402,0.29452085494995117,0.5143229166666666,1786409196.6297088
6,2403,0.39421525597572327,0.5129533678756477,1786409196.6866608
6,2404,0.42483270168304443,0.5135309278350515,1786409196.741874
6,2405,0.6386964917182922,0.5137820512820512,1786409196.7947075
6,2406,0.675327479839325,0.5127551020408163,1786409196.8485153
6,2407,0.40639373660087585,0.513007614213198,1786409196.8987474
6,2408,0.4295993745326996,0.5129419191919192,1786409196.9548926
6,2409,0.5503506064414978,0.5113065326633166,1786409197.0051632
6,2410,0.2347506731748581,0.5128125,1786409197.05873
6,2411,0.3112865388393402,0.5143034825870647,1786409197.107741
6,2412,0.6658321619033813,0.5123762376237624,1786409197.158099
6,2413,0.48768821358680725,0.5129310344827587,1786409197.2084205
6,2414,0.382485568523407,0.5110294117647058,1786409197.2586184
6,2415,0.32603511214256287,0.5088414634146341,1786409197.3078253
6,2416,0.6295744180679321,0.5091019417475728,1786409197.3659105
6,2417,0.34613436460494995,0.5090579710144928,1786409197.4184415
6,2418,0.3318620026111603,0.5093149038461539,1786409197.469139
6,2419,0.4592701196670532,0.5083732057416268,1786409197.5191698
6,2420,0.2266319990158081,0.5098214285714285,1786409197.5729792
6,2421,0.5302594304084778,0.5091824644549763,1786409197.6241689
6,2422,1.0749402046203613,0.5076650943396226,1786409197.6783552
6,2423,0.32025790214538574,0.5085093896713615,1786409197.7283914
6,2424,0.2583474814891815,0.5067172897196262,1786409197.785984
6,2425,0.456409752368927,0.5046511627906977,1786409197.836361
6,2426,0.31524354219436646,0.5043402777777778,1786409197.886324
6,2427,0.5144858360290527,0.5046082949308756,1786409197.9355755
6,2428,0.31423401832580566,0.505447247706422,1786409197.985516
6,2429,0.292256236076355,0.5065639269406392,1786409198.0366085
6,2430,0.35782942175865173,0.5076704545454546,1786409198.0883005
6,2431,0.4150073826313019,0.5082013574660633,1786409198.142788
6,2432,0.5689312815666199,0.5084459459459459,1786409198.1966515
6,2433,0.2698904275894165,0.5092488789237668,1786409198.2497537
6,2434,0.45165857672691345,0.5075334821428571,1786409198.2997508
6,2435,0.3264733850955963,0.5083333333333333,1786409198.3501647
6,2436,0.3255588412284851,0.5091261061946902,1786409198.4005358
6,2437,0.7055489420890808,0.5079845814977973,1786409198.4493215
6,2438,0.6059162020683289,0.5074013157894737,1786409198.5000894
6,2439,0.3208456039428711,0.5081877729257642,1786409198.5510325
6,2440,0.4678860306739807,0.5084239130434782,1786409198.6037939
6,2441,0.43357792496681213,0.5083874458874459,1786409198.654318
6,2442,0.3139903247356415,0.5088900862068966,1786409198.7058663
6,2443,0.3843870162963867,0.5077789699570815,1786409198.7560427
6,2444,0.6172314286231995,0.5069444444444444,1786409198.8116608
6,2445,0.4369829297065735,0.5063829787234042,1786409198.8621373
6,2446,0.41828691959381104,0.5066207627118644,1786409198.9119048
6,2447,0.46824973821640015,0.507120253164557,1786409198.965135
6,2448,0.4272799491882324,0.5052521008403361,1786409199.0172212
6,2449,0.3147619068622589,0.5039225941422594,1786409199.0673344
6,2450,0.3788975477218628,0.5044270833333333,1786409199.1193905
6,2451,0.33247992396354675,0.5049273858921162,1786409199.1732695
6,2452,0.6804119348526001,0.5041322314049587,1786409199.2224383
6,2453,0.41837555170059204,0.5048868312757202,1786409199.2745674
6,2454,0.3461427092552185,0.5043545081967213,1786409199.3242927
6,2455,0.20765496790409088,0.5056122448979592,1786409199.374117
6,2456,0.2710052728652954,0.5063516260162602,1786409199.4263577
6,2457,0.6271434426307678,0.5060728744939271,1786409199.4753838
6,2458,0.5068625807762146,0.5052923387096774,1786409199.5331142
6,2459,0.3894466459751129,0.5052710843373494,1786409199.5826716
6,2460,0.30285483598709106,0.506,1786409199.635581
6,2461,0.705717146396637,0.5064741035856574,1786409199.684753
6,2462,0.2550935447216034,0.5074404761904762,1786409199.7339947
6,2463,0.31741517782211304,0.5059288537549407,1786409199.7885532
6,2464,0.3705558776855469,0.5054133858267716,1786409199.8385115
6,2465,0.2747054696083069,0.5053921568627451,1786409199.894194
6,2466,0.534295380115509,0.50439453125,1786409199.9496276
6,2467,0.3348220884799957,0.504863813229572,1786409199.9983683
6,2468,0.3865499794483185,0.5048449612403101,1786409200.048418
6,2469,0.3753577768802643,0.5053088803088803,1786409200.0991838
6,2470,0.44019556045532227,0.5057692307692307,1786409200.1509469
6,2471,0.338962197303772,0.5064655172413793,1786409200.200298
6,2472,0.5864434242248535,0.5059637404580153,1786409200.2505155
6,2473,0.395894318819046,0.5064163498098859,1786409200.3062425
6,2474,0.32843852043151855,0.5075757575757576,1786409200.3564582
6,2475,0.4183069169521332,0.5066037735849057,1786409200.40672
6,2476,0.608737051486969,0.505874060150376,1786409200.4566603
6,2477,0.7514880895614624,0.5049157303370787,1786409200.5083504
6,2478,0.4956437945365906,0.5048973880597015,1786409200.5628755
6,2479,0.3740212917327881,0.5039498141263941,1786409200.6145918
6,2480,0.3726857006549835,0.5037037037037037,1786409200.664577
6,2481,0.26507267355918884,0.5043819188191881,1786409200.7144578
6,2482,0.2643980383872986,0.5048253676470589,1786409200.7645402
6,2483,0.3867829740047455,0.50503663003663,1786409200.8147056
6,2484,0.28220364451408386,0.5054744525547445,1786409200.8667796
6,2485,0.4454098641872406,0.5047727272727273,1786409200.922644
6,2486,0.4503633379936218,0.5045289855072463,1786409200.9724936
6,2487,0.3865608870983124,0.5045126353790613,1786409201.0227473
6,2488,0.45264458656311035,0.5049460431654677,1786409201.0728843
6,2489,0.37533947825431824,0.505600358422939,1786409201.1292715
6,2490,0.46398985385894775,0.5049107142857143,1786409201.182365
6,2491,0.2520270347595215,0.5057829181494662,1786409201.2369142
6,2492,0.46598106622695923,0.506427304964539,1786409201.2853816
6,2493,0.27786993980407715,0.5072879858657244,1786409201.3347087
6,2494,0.3836628198623657,0.5077024647887324,1786409201.3872046
6,2495,0.2515251040458679,0.5083333333333333,1786409201.4368823
6,2496,0.4818854331970215,0.5083041958041958,1786409201.4858253
6,2497,0.3809919059276581,0.5082752613240418,1786409201.5336235
6,2498,0.3536502420902252,0.5078125,1786409201.5825236
6,2499,0.2914053797721863,0.5082179930795848,1786409201.6316364
6,2500,0.40176570415496826,0.5084051724137931,1786409201.680348
6,2501,0.3371194005012512,0.5083762886597938,1786409201.72996
6,2502,0.36528444290161133,0.508347602739726,1786409201.7792077
6,2503,0.5358780026435852,0.5087457337883959,1786409201.8288062
6,2504,0.46397846937179565,0.5087159863945578,1786409201.877388
6,2505,0.542292594909668,0.5082627118644067,1786409201.926413
6,2506,0.44168558716773987,0.5076013513513513,1786409201.975767
6,2507,0.453464150428772,0.5063131313131313,1786409202.025177
6,2508,0.39399468898773193,0.5069211409395973,1786409202.0742388
6,2509,0.24425208568572998,0.507943143812709,1786409202.1221688
6,2510,0.4121183753013611,0.506875,1786409202.1717467
6,2511,0.43258097767829895,0.5058139534883721,1786409202.2208364
6,2512,0.523333728313446,0.5060016556291391,1786409202.2702997
6,2513,0.24232792854309082,0.5063943894389439,1786409202.3195126
6,2514,0.5466873049736023,0.5053453947368421,1786409202.3690684
6,2515,0.42652636766433716,0.5051229508196722,1786409202.4180195
7,2516,0.3500334322452545,0.25,1786409204.3210285
7,2517,0.5307090282440186,0.3125,1786409204.3888805
7,2518,0.32484254240989685,0.3958333333333333,1786409204.45925
7,2519,0.41590169072151184,0.453125,1786409204.5187678
7,2520,0.4144962430000305,0.4625,1786409204.594576
7,2521,0.4900655448436737,0.4583333333333333,1786409204.6520042
7,2522,0.40667951107025146,0.45535714285714285,1786409204.7032733
7,2523,0.2680332660675049,0.4296875,1786409204.7605207
7,2524,0.40729570388793945,0.4027777777777778,1786409204.8185892
7,2525,0.30936911702156067,0.4375,1786409204.8734152
7,2526,0.7636358737945557,0.42613636363636365,1786409204.9308908
7,2527,0.5424166917800903,0.4322916666666667,1786409204.9864635
7,2528,0.2642117738723755,0.40865384615384615,1786409205.0370307
7,2529,0.4213803708553314,0.39732142857142855,1786409205.0893
7,2530,0.31942224502563477,0.4166666666666667,1786409205.1403167
7,2531,0.44645267724990845,0.43359375,1786409205.190026
7,2532,0.5492824912071228,0.4411764705882353,1786409205.2406657
7,2533,0.3469756841659546,0.4513888888888889,1786409205.2928448
7,2534,0.3143378794193268,0.46381578947368424,1786409205.3442423
7,2535,0.3617790937423706,0.465625,1786409205.3949356
7,2536,0.2602929472923279,0.4791666666666667,1786409205.4450264
7,2537,0.27214884757995605,0.46875,1786409205.4998822
7,2538,0.3352566659450531,0.45652173913043476,1786409205.5555696
7,2539,0.33076679706573486,0.4661458333333333,1786409205.6056433
7,2540,0.2576659917831421,0.4725,1786409205.6548104
7,2541,0.25468650460243225,0.47836538461538464,1786409205.7044723
7,2542,0.3428828716278076,0.4861111111111111,1786409205.7543643
7,2543,0.2380625307559967,0.4732142857142857,1786409205.8080416
7,2544,0.27529311180114746,0.48060344827586204,1786409205.8648822
7,2545,0.24590465426445007,0.4875,1786409205.9141252
7,2546,0.5510106682777405,0.4879032258064516,1786409205.9637456
7,2547,0.37902218103408813,0.498046875,1786409206.0185943
7,2548,0.24895529448986053,0.5056818181818182,1786409206.0690653
7,2549,0.293570339679718,0.5128676470588235,1786409206.1269875
7,2550,0.6057244539260864,0.5089285714285714,1786409206.1771076
7,2551,0.36546459794044495,0.5069444444444444,1786409206.2262354
7,2552,0.46090108156204224,0.4966216216216216,1786409206.27791
7,2553,0.3494515120983124,0.4967105263157895,1786409206.3280606
7,2554,0.33558014035224915,0.48878205128205127,1786409206.3832445
7,2555,0.41936588287353516,0.48125,1786409206.4326384
7,2556,0.4868338108062744,0.4817073170731707,1786409206.4864955
7,2557,0.4627404808998108,0.4836309523809524,1786409206.5352685
7,2558,0.5012194514274597,0.4752906976744186,1786409206.5855393
7,2559,0.23181617259979248,0.46875,1786409206.6408372
7,2560,0.3058130741119385,0.4722222222222222,1786409206.692159
7,2561,0.5180149674415588,0.4741847826086957,1786409206.7420094
7,2562,0.3081477880477905,0.4773936170212766,1786409206.7919495
7,2563,0.4289203882217407,0.4752604166666667,1786409206.842169
7,2564,0.4851268231868744,0.475765306122449,1786409206.8927894
7,2565,0.26675188541412354,0.48,1786409206.9428856
7,2566,0.5509051084518433,0.48284313725490197,1786409206.9937735
7,2567,0.40126118063926697,0.4795673076923077,1786409207.0490425
7,2568,0.3249167799949646,0.47995283018867924,1786409207.0993135
7,2569,0.32448700070381165,0.4837962962962963,1786409207.1548905
7,2570,0.46844977140426636,0.48295454545454547,1786409207.2053564
7,2571,0.42136242985725403,0.48325892857142855,1786409207.2595394
7,2572,0.36669906973838806,0.48793859649122806,1786409207.3112745
7,2573,0.4887695610523224,0.4892241379310345,1786409207.3615613
7,2574,0.4573150873184204,0.4851694915254237,1786409207.411273
7,2575,0.3372333347797394,0.4864583333333333,1786409207.4622452
7,2576,0.45320263504981995,0.48770491803278687,1786409207.5111854
7,2577,0.3378525376319885,0.49193548387096775,1786409207.5648465
7,2578,0.7061780095100403,0.4871031746031746,1786409207.6149497
7,2579,0.4210060238838196,0.4833984375,1786409207.6648974
7,2580,0.3047834038734436,0.48653846153846153,1786409207.7200139
7,2581,0.28884223103523254,0.48390151515151514,1786409207.7735796
7,2582,0.5030854940414429,0.48507462686567165,1786409207.8244615
7,2583,0.3516574203968048,0.4852941176470588,1786409207.8774824
7,2584,0.35893818736076355,0.48188405797101447,1786409207.9299512
7,2585,0.33471015095710754,0.48482142857142857,1786409207.9790795
7,2586,0.29983940720558167,0.4876760563380282,1786409208.0295682
7,2587,0.3589131534099579,0.4869791666666667,1786409208.079705
7,2588,0.5280858874320984,0.4828767123287671,1786409208.1306329
7,2589,0.6959051489830017,0.4839527027027027,1786409208.1823165
7,2590,0.23214054107666016,0.48583333333333334,1786409208.2365277
7,2591,0.3711183965206146,0.484375,1786409208.2863662
7,2592,0.34230369329452515,0.48214285714285715,1786409208.3362432
7,2593,0.4599490761756897,0.483974358974359,1786409208.386522
7,2594,0.33020997047424316,0.48575949367088606,1786409208.4366305
7,2595,0.3424636125564575,0.4859375,1786409208.4864933
7,2596,0.41004231572151184,0.4861111111111111,1786409208.5368567
7,2597,0.3848002552986145,0.48551829268292684,1786409208.59214
7,2598,0.3308705687522888,0.4879518072289157,1786409208.6464858
7,2599,0.3645317852497101,0.4888392857142857,1786409208.695602
7,2600,0.3759647607803345,0.4919117647058823,1786409208.746613
7,2601,0.22303099930286407,0.4876453488372093,1786409208.7968585
7,2602,0.42297375202178955,0.4870689655172414,1786409208.8463378
7,2603,0.40114307403564453,0.484375,1786409208.8968706
7,2604,0.4774259030818939,0.48103932584269665,1786409208.9516053
7,2605,0.3158273994922638,0.4826388888888889,1786409209.0068648
7,2606,0.41777503490448,0.4800824175824176,1786409209.0614681
7,2607,0.29605981707572937,0.4830163043478261,1786409209.1129158
7,2608,0.3261314928531647,0.4845430107526882,1786409209.1656299
7,2609,0.3415994644165039,0.4853723404255319,1786409209.217569
7,2610,0.314796507358551,0.4881578947368421,1786409209.2665627
7,2611,0.3472065329551697,0.4895833333333333,1786409209.316945
7,2612,0.2834543287754059,0.49097938144329895,1786409209.3710494
7,2613,0.4191513955593109,0.4917091836734694,1786409209.4210973
7,2614,0.5940977931022644,0.4917929292929293,1786409209.4734454
7,2615,0.2914378046989441,0.491875,1786409209.5221272
7,2616,0.29494351148605347,0.4931930693069307,1786409209.5758393
7,2617,0.35148885846138,0.4957107843137255,1786409209.630588
7,2618,0.45549726486206055,0.49271844660194175,1786409209.681147
7,2619,0.42158663272857666,0.4885817307692308,1786409209.7380738
7,2620,0.27453961968421936,0.49107142857142855,1786409209.7879436
7,2621,0.4228436350822449,0.49056603773584906,1786409209.838193
7,2622,0.4593414068222046,0.49007009345794394,1786409209.8898866
7,2623,0.3681315779685974,0.4913194444444444,1786409209.9406912
7,2624,0.5995116233825684,0.48853211009174313,1786409209.9946666
7,2625,0.3300454020500183,0.48920454545454545,1786409210.0435262
7,2626,0.41954195499420166,0.49155405405405406,1786409210.0944192
7,2627,0.31739699840545654,0.49330357142857145,1786409210.1443698
7,2628,0.34571513533592224,0.4950221238938053,1786409210.1991465
7,2629,0.27330711483955383,0.49780701754385964,1786409210.24901
7,2630,0.3285396099090576,0.4945652173913043,1786409210.2992237
7,2631,0.2742786705493927,0.49622844827586204,1786409210.3494065
7,2632,0.39373087882995605,0.4967948717948718,1786409210.3995268
7,2633,0.2173452377319336,0.4989406779661017,1786409210.451257
7,2634,0.30996957421302795,0.4989495798319328,1786409210.5016513
7,2635,0.4501151442527771,0.5,1786409210.550442
7,2636,0.25611862540245056,0.5020661157024794,1786409210.6005893
7,2637,0.29388248920440674,0.5010245901639344,1786409210.652071
7,2638,0.791595458984375,0.49898373983739835,1786409210.7027886
7,2639,0.40245530009269714,0.4969758064516129,1786409210.7528844
7,2640,0.2364402711391449,0.4955,1786409210.8068776
7,2641,0.5666359663009644,0.4945436507936508,1786409210.8610587
7,2642,0.7150594592094421,0.49311023622047245,1786409210.9113345
7,2643,0.3749639093875885,0.4931640625,1786409210.9629252
7,2644,0.4926230311393738,0.4932170542635659,1786409211.012471
7,2645,0.3024444878101349,0.49375,1786409211.0641134
7,2646,0.20800933241844177,0.49570610687022904,1786409211.1138306
7,2647,0.3501538038253784,0.4933712121212121,1786409211.169125
7,2648,0.4689454436302185,0.4924812030075188,1786409211.219432
7,2649,0.4891115128993988,0.49113805970149255,1786409211.2690215
7,2650,0.23947365581989288,0.49444444444444446,1786409211.318154
7,2651,0.39520278573036194,0.49402573529411764,1786409211.3678775
7,2652,0.4116109013557434,0.4936131386861314,1786409211.421111
7,2653,0.5091795325279236,0.4927536231884058,1786409211.4707956
7,2654,0.3111167848110199,0.49280575539568344,1786409211.5210617
7,2655,0.575407862663269,0.4928571428571429,1786409211.5764956
7,2656,0.4024288058280945,0.4942375886524823,1786409211.6268046
7,2657,0.49771541357040405,0.4942781690140845,1786409211.6776242
7,2658,0.5530661344528198,0.49475524475524474,1786409211.7277777
7,2659,0.40498173236846924,0.4947916666666667,1786409211.7773633
7,2660,0.39551201462745667,0.49439655172413793,1786409211.82772
7,2661,0.3149287700653076,0.4965753424657534,1786409211.878081
7,2662,0.7238888144493103,0.4953231292517007,1786409211.932052
7,2663,0.2506060004234314,0.4970439189189189,1786409211.9864814
7,2664,0.626063883304596,0.4966442953020134,1786409212.0367832
7,2665,0.3590816557407379,0.4979166666666667,1786409212.0865262
7,2666,0.6031039953231812,0.49710264900662254,1786409212.1365824
7,2667,0.41843295097351074,0.4987664473684211,1786409212.1932914
7,2668,0.315861314535141,0.4963235294117647,1786409212.2514844
7,2669,0.262477308511734,0.4979707792207792,1786409212.3018963
7,2670,0.3306232690811157,0.49838709677419357,1786409212.3515759
7,2671,0.45012837648391724,0.49759615384615385,1786409212.4023392
7,2672,0.30821263790130615,0.49880573248407645,1786409212.4524589
7,2673,0.29450541734695435,0.49960443037974683,1786409212.5080361
7,2674,0.5162104964256287,0.4992138364779874,1786409212.557979
7,2675,0.293296217918396,0.500390625,1786409212.6073754
7,2676,0.29426687955856323,0.5007763975155279,1786409212.6580367
7,2677,0.5876803398132324,0.498070987654321,1786409212.7102451
7,2678,0.40599772334098816,0.4988496932515337,1786409212.761233
7,2679,0.4053499698638916,0.4996189024390244,1786409212.8107069
7,2680,0.3517831861972809,0.49886363636363634,1786409212.8642728
7,2681,0.46846815943717957,0.4996234939759036,1786409212.9208272
7,2682,0.3561304211616516,0.499625748502994,1786409212.9723148
7,2683,0.4494582414627075,0.5,1786409213.0231798
7,2684,0.37220069766044617,0.5007396449704142,1786409213.0727212
7,2685,0.3351996839046478,0.49926470588235294,1786409213.1236095
7,2686,0.3860929012298584,0.5003654970760234,1786409213.173292
7,2687,0.4292600750923157,0.5003633720930233,1786409213.2295904
7,2688,0.5369817018508911,0.4985549132947977,1786409213.2810595
7,2689,0.30483293533325195,0.49964080459770116,1786409213.3363655
7,2690,0.3331755995750427,0.5007142857142857,1786409213.3897543
7,2691,0.3200976848602295,0.49964488636363635,1786409213.4455783
7,2692,0.4708666205406189,0.5007062146892656,1786409213.495557
7,2693,0.26850903034210205,0.5014044943820225,1786409213.545915
7,2694,0.33859333395957947,0.5031424581005587,1786409213.596122
7,2695,0.40271085500717163,0.503125,1786409213.645381
7,2696,0.5194903016090393,0.5027624309392266,1786409213.7011583
7,2697,0.38209426403045654,0.501717032967033,1786409213.7517502
7,2698,0.36147215962409973,0.5013661202185792,1786409213.8021727
7,2699,0.2762417495250702,0.5027173913043478,1786409213.862851
7,2700,0.5383903384208679,0.5006756756756757,1786409213.9125435
7,2701,0.4243098795413971,0.49831989247311825,1786409213.9691725
7,2702,0.35394591093063354,0.4989973262032086,1786409214.018645
7,2703,0.4206770360469818,0.49800531914893614,1786409214.0698526
7,2704,0.4208715856075287,0.49834656084656087,1786409214.1217449
7,2705,0.2804883122444153,0.4986842105263158,1786409214.1717374
7,2706,0.6887916326522827,0.4993455497382199,1786409214.2214022
7,2707,0.40706053376197815,0.5,1786409214.2762363
7,2708,0.3829793632030487,0.49838082901554404,1786409214.3269155
7,2709,0.30533847212791443,0.5,1786409214.3778367
7,2710,0.40834861993789673,0.4980769230769231,1786409214.4281049
7,2711,0.4466724991798401,0.49904336734693877,1786409214.4775798
7,2712,0.3851066827774048,0.4987309644670051,1786409214.5274289
7,2713,0.38970088958740234,0.49873737373737376,1786409214.5793555
7,2714,0.3584277629852295,0.49905778894472363,1786409214.6339033
7,2715,0.2613919675350189,0.4996875,1786409214.6836395
7,2716,0.3270725607872009,0.49968905472636815,1786409214.7382476
7,2717,0.278211385011673,0.5009282178217822,1786409214.788655
7,2718,0.3238559365272522,0.5015394088669951,1786409214.8389769
7,2719,0.5707172155380249,0.4993872549019608,1786409214.8896132
7,2720,0.36031466722488403,0.4996951219512195,1786409214.9414883
7,2721,0.37232810258865356,0.4990898058252427,1786409214.9913046
7,2722,0.39966222643852234,0.4990942028985507,1786409215.0413456
7,2723,0.7654422521591187,0.4969951923076923,1786409215.0922763
7,2724,0.3427286744117737,0.4979066985645933,1786409215.143771
7,2725,0.3200628161430359,0.49851190476190477,1786409215.1998944
7,2726,0.33725401759147644,0.49644549763033174,1786409215.2494311
7,2727,0.33110713958740234,0.497936320754717,1786409215.3039486
7,2728,0.3756932318210602,0.49911971830985913,1786409215.3537455
7,2729,0.6488308310508728,0.4985397196261682,1786409215.4050992
7,2730,0.264748752117157,0.4994186046511628,1786409215.453916
7,2731,0.35743239521980286,0.4988425925925926,1786409215.506995
7,2732,0.3285110294818878,0.49827188940092165,1786409215.55599
7,2733,0.30046167969703674,0.49827981651376146,1786409215.6061656
7,2734,0.39176300168037415,0.4985730593607306,1786409215.6638138
7,2735,0.32906392216682434,0.49971590909090907,1786409215.715718
7,2736,0.44229114055633545,0.498868778280543,1786409215.7674115
7,2737,0.33542200922966003,0.4988738738738739,1786409215.8226938
7,2738,0.30310019850730896,0.4994394618834081,1786409215.8741
7,2739,0.3918551504611969,0.49916294642857145,1786409215.9259853
7,2740,0.2497761994600296,0.5,1786409215.9749293
7,2741,0.25940409302711487,0.5008296460176991,1786409216.026416
7,2742,0.3288838863372803,0.501101321585903,1786409216.0761242
7,2743,0.26582932472229004,0.5021929824561403,1786409216.1271698
7,2744,0.290264755487442,0.5032751091703057,1786409216.1805036
7,2745,0.36262547969818115,0.502445652173913,1786409216.2297916
7,2746,0.2422865629196167,0.503517316017316,1786409216.279705
7,2747,0.4175335168838501,0.5035021551724138,1786409216.3303847
7,2748,0.2929336428642273,0.5040236051502146,1786409216.382685
7,2749,0.2768300175666809,0.5048076923076923,1786409216.4354987
7,2750,0.5292520523071289,0.5037234042553191,1786409216.4845023
7,2751,0.2727479934692383,0.5021186440677966,1786409216.5350568
7,2752,0.3407963514328003,0.5010548523206751,1786409216.586012
7,2753,0.2882286608219147,0.5010504201680672,1786409216.6363723
7,2754,0.1983109414577484,0.5023535564853556,1786409216.6855578
7,2755,0.5255217552185059,0.5026041666666666,1786409216.7354765
7,2756,0.510219931602478,0.5023340248962656,1786409216.7856581
7,2757,0.3255840241909027,0.5028409090909091,1786409216.8401525
7,2758,0.35607463121414185,0.5030864197530864,1786409216.890213
7,2759,0.3990819454193115,0.5033299180327869,1786409216.9394684
7,2760,0.4079868793487549,0.5035714285714286,1786409216.990603
7,2761,0.3444574177265167,0.5040650406504065,1786409217.0483649
7,2762,0.6736117005348206,0.5025303643724697,1786409217.0988452
7,2763,0.4303715229034424,0.5020161290322581,1786409217.1501527
7,2764,0.49126407504081726,0.5022590361445783,1786409217.2002153
7,2765,0.3581622838973999,0.5025,1786409217.2543073
7,2766,0.35673558712005615,0.5024900398406374,1786409217.3051534
7,2767,0.221695214509964,0.5037202380952381,1786409217.3553097
7,2768,0.17476727068424225,0.5049407114624506,1786409217.405238
7,2769,0.3100637197494507,0.5056594488188977,1786409217.4565432
7,2770,0.34500283002853394,0.5061274509803921,1786409217.505133
7,2771,0.2937070429325104,0.506591796875,1786409217.5552838
7,2772,0.4000159800052643,0.5070525291828794,1786409217.6084526
7,2773,0.1932145208120346,0.5087209302325582,1786409217.6595507
7,2774,0.3062008321285248,0.507480694980695,1786409217.7096264
7,2775,0.23137156665325165,0.5064903846153846,1786409217.7635348
7,2776,0.26808807253837585,0.5069444444444444,1786409217.81995
7,2777,0.27165520191192627,0.5071564885496184,1786409217.873988
7,2778,0.39557114243507385,0.5057034220532319,1786409217.924446
7,2779,0.4429932236671448,0.5059185606060606,1786409217.9746327
7,2780,0.5308226943016052,0.505188679245283,1786409218.0245316
7,2781,0.24816660583019257,0.5056390977443609,1786409218.0739682
7,2782,0.3530197739601135,0.5060861423220974,1786409218.1290267
7,2783,0.5086254477500916,0.5048973880597015,1786409218.1855135
7,2784,0.7777427434921265,0.5034851301115242,1786409218.2358751
7,2785,0.3164995014667511,0.5041666666666667,1786409218.2857695
7,2786,0.2284637689590454,0.5050738007380073,1786409218.3341932
7,2787,0.25724178552627563,0.5055147058823529,1786409218.3848917
7,2788,0.509881854057312,0.5045787545787546,1786409218.43637
7,2789,0.3153834939002991,0.5052463503649635,1786409218.4904327
7,2790,0.35700321197509766,0.5056818181818182,1786409218.5394
7,2791,0.21904653310775757,0.5063405797101449,1786409218.5885851
7,2792,0.33983364701271057,0.5069945848375451,1786409218.6386023
7,2793,0.4168357253074646,0.5076438848920863,1786409218.690641
7,2794,0.18929220736026764,0.5082885304659498,1786409218.741932
7,2795,0.30810022354125977,0.5073660714285714,1786409218.7924411
7,2796,0.432961642742157,0.5080071174377224,1786409218.8445513
7,2797,0.5450358986854553,0.5075354609929078,1786409218.8983805
7,2798,0.34338870644569397,0.5079505300353356,1786409218.9478853
7,2799,0.28572630882263184,0.508362676056338,1786409218.9975433
7,2800,0.6386928558349609,0.5081140350877194,1786409219.046046
7,2801,0.4831596910953522,0.5072115384615384,1786409219.0949197
7,2802,0.32135704159736633,0.5065331010452961,1786409219.1440694
7,2803,0.6505995988845825,0.5062934027777778,1786409219.193696
7,2804,0.3961195647716522,0.5054065743944637,1786409219.242792
7,2805,0.3488635718822479,0.5058189655172414,1786409219.2914815
7,2806,0.4085772931575775,0.5060137457044673,1786409219.340297
7,2807,0.41477447748184204,0.5064212328767124,1786409219.3895898
7,2808,0.30091068148612976,0.5072525597269625,1786409219.4384623
7,2809,0.41492557525634766,0.5082908163265306,1786409219.4870346
7,2810,0.35106712579727173,0.5080508474576271,1786409219.5351331
7,2811,0.37483513355255127,0.5071790540540541,1786409219.5841718
7,2812,0.44932591915130615,0.5063131313131313,1786409219.6330795
7,2813,0.34249967336654663,0.5067114093959731,1786409219.6827335
7,2814,0.395859032869339,0.5071070234113713,1786409219.7318048
7,2815,0.3242320418357849,0.5072916666666667,1786409219.7808425
7,2816,0.48441195487976074,0.5070598006644518,1786409219.8304455
7,2817,0.466549277305603,0.5068294701986755,1786409219.878324
7,2818,0.6099931597709656,0.5066006600660066,1786409219.927989
7,2819,0.32365259528160095,0.5071957236842105,1786409219.977305
7,2820,0.3405612111091614,0.5061475409836066,1786409220.0268984
8,2821,0.32023659348487854,0.625,1786409221.634956
8,2822,0.6230507493019104,0.40625,1786409221.693433
8,2823,0.561678409576416,0.3958333333333333,1786409221.7679703
8,2824,0.41370776295661926,0.421875,1786409221.8350172
8,2825,0.3778907060623169,0.3625,1786409221.895691
8,2826,0.5975918769836426,0.40625,1786409221.9596198
8,2827,0.3579971492290497,0.4375,1786409222.0225759
8,2828,0.26959869265556335,0.4765625,1786409222.0773792
8,2829,0.37128809094429016,0.4444444444444444,1786409222.130028
8,2830,0.34422558546066284,0.45625,1786409222.1837494
8,2831,0.5870001316070557,0.4602272727272727,1786409222.233903
8,2832,0.4667965769767761,0.4791666666666667,1786409222.2881181
8,2833,0.36094874143600464,0.4951923076923077,1786409222.338999
8,2834,0.2561865746974945,0.5133928571428571,1786409222.3935862
8,2835,0.5903788805007935,0.5083333333333333,1786409222.4444926
8,2836,0.47111207246780396,0.515625,1786409222.495146
8,2837,0.5274028182029724,0.4963235294117647,1786409222.545253
8,2838,0.359127014875412,0.5034722222222222,1786409222.6018648
8,2839,0.5063178539276123,0.5098684210526315,1786409222.6521418
8,2840,0.46933311223983765,0.521875,1786409222.7023633
8,2841,0.43604910373687744,0.5148809523809523,1786409222.758358
8,2842,0.3224778175354004,0.5170454545454546,1786409222.811586
8,2843,0.2876855432987213,0.5244565217391305,1786409222.8603802
8,2844,0.588682234287262,0.5104166666666666,1786409222.9107716
8,2845,0.2839778661727905,0.5025,1786409222.961312
8,2846,0.3622572720050812,0.5072115384615384,1786409223.0113668
8,2847,0.6249405741691589,0.5023148148148148,1786409223.063762
8,2848,0.3324505388736725,0.5044642857142857,1786409223.117672
8,2849,0.2966040372848511,0.5129310344827587,1786409223.167322
8,2850,0.3562816083431244,0.5041666666666667,1786409223.221475
8,2851,0.44218385219573975,0.5060483870967742,1786409223.2720222
8,2852,0.307819128036499,0.513671875,1786409223.327054
8,2853,0.41002458333969116,0.5170454545454546,1786409223.3774383
8,2854,0.4158663749694824,0.5238970588235294,1786409223.427731
8,2855,0.5118468999862671,0.5142857142857142,1786409223.4764433
8,2856,0.5048658847808838,0.5052083333333334,1786409223.52709
8,2857,0.40169113874435425,0.5067567567567568,1786409224.050296
8,2858,0.35144782066345215,0.49835526315789475,1786409224.0995555
8,2859,0.5468924045562744,0.5,1786409224.1479976
8,2860,0.3464595377445221,0.4890625,1786409224.1975925
8,2861,0.6104305386543274,0.4878048780487805,1786409224.2480428
8,2862,0.5611804723739624,0.49255952380952384,1786409224.2989893
8,2863,0.2732551097869873,0.498546511627907,1786409224.3488436
8,2864,0.4351195991039276,0.5028409090909091,1786409224.3991647
8,2865,0.38216590881347656,0.5041666666666667,1786409224.449801
8,2866,0.5196787118911743,0.5027173913043478,1786409224.5053713
8,2867,0.3515024185180664,0.5013297872340425,1786409224.5562212
8,2868,0.36677104234695435,0.50390625,1786409224.6048248
8,2869,0.3630712032318115,0.5063775510204082,1786409224.6551104
8,2870,0.3111741542816162,0.51125,1786409224.7056358
8,2871,0.5531880855560303,0.5098039215686274,1786409224.764073
8,2872,0.2399974912405014,0.5120192307692307,1786409224.813854
8,2873,0.5522050261497498,0.5106132075471698,1786409224.8630471
8,2874,0.3410969078540802,0.5138888888888888,1786409224.9128554
8,2875,0.5275917053222656,0.5125,1786409224.9631612
8,2876,0.3285006284713745,0.5145089285714286,1786409225.0132937
8,2877,0.32307714223861694,0.5164473684210527,1786409225.063519
8,2878,0.573623538017273,0.5172413793103449,1786409225.1172974
8,2879,0.46509820222854614,0.5190677966101694,1786409225.167267
8,2880,0.5854806303977966,0.5145833333333333,1786409225.2216854
8,2881,0.39048469066619873,0.5092213114754098,1786409225.2721283
8,2882,0.2942057251930237,0.5050403225806451,1786409225.3218656
8,2883,0.6620059013366699,0.5,1786409225.371648
8,2884,0.21546365320682526,0.50390625,1786409225.4277706
8,2885,0.38961219787597656,0.5038461538461538,1786409225.4795744
8,2886,0.32201117277145386,0.5009469696969697,1786409225.530113
8,2887,0.5081478953361511,0.503731343283582,1786409225.581205
8,2888,0.4254777133464813,0.5036764705882353,1786409225.6325617
8,2889,0.4107699394226074,0.5063405797101449,1786409225.6909997
8,2890,0.42059725522994995,0.50625,1786409225.7416482
8,2891,0.31902679800987244,0.5096830985915493,1786409225.7921996
8,2892,0.424111545085907,0.5104166666666666,1786409225.84227
8,2893,0.4619026184082031,0.5136986301369864,1786409225.8918095
8,2894,0.3906799852848053,0.5084459459459459,1786409225.9432666
8,2895,0.2024984359741211,0.5108333333333334,1786409225.9931035
8,2896,0.31536203622817993,0.5106907894736842,1786409226.0438688
8,2897,0.3205978274345398,0.5064935064935064,1786409226.0955813
8,2898,0.310580313205719,0.5064102564102564,1786409226.1489344
8,2899,0.5079110264778137,0.502373417721519,1786409226.199505
8,2900,0.31443655490875244,0.50546875,1786409226.254242
8,2901,0.31751638650894165,0.5092592592592593,1786409226.3049464
8,2902,0.6633174419403076,0.506859756097561,1786409226.355121
8,2903,0.3727388083934784,0.5067771084337349,1786409226.4054425
8,2904,0.33695080876350403,0.5096726190476191,1786409226.4565089
8,2905,0.3713895082473755,0.5051470588235294,1786409226.507042
8,2906,0.5496811270713806,0.5043604651162791,1786409226.5620646
8,2907,0.3740597665309906,0.5035919540229885,1786409226.6119945
8,2908,0.3280757665634155,0.5042613636363636,1786409226.6619518
8,2909,0.3108174204826355,0.5049157303370787,1786409226.7128441
8,2910,0.43903645873069763,0.5013888888888889,1786409226.763404
8,2911,0.4420921206474304,0.4993131868131868,1786409226.8149416
8,2912,0.38050395250320435,0.5006793478260869,1786409226.8656023
8,2913,0.267402321100235,0.5040322580645161,1786409226.9203894
8,2914,0.24063973128795624,0.5066489361702128,1786409226.9711878
8,2915,0.31855154037475586,0.506578947368421,1786409227.0215209
8,2916,0.2539636492729187,0.509765625,1786409227.0729427
8,2917,0.36813732981681824,0.5103092783505154,1786409227.1221135
8,2918,0.34815943241119385,0.5114795918367347,1786409227.1785023
8,2919,0.3535086214542389,0.5132575757575758,1786409227.2340639
8,2920,0.5897440910339355,0.511875,1786409227.2844913
8,2921,0.6626101136207581,0.5117574257425742,1786409227.3347402
8,2922,0.351523756980896,0.5122549019607843,1786409227.3877525
8,2923,0.5629338622093201,0.5109223300970874,1786409227.4376009
8,2924,0.2891259789466858,0.5120192307692307,1786409227.4909575
8,2925,0.3995564579963684,0.5101190476190476,1786409227.5399818
8,2926,0.5070234537124634,0.5076650943396226,1786409227.5962992
8,2927,0.3613271713256836,0.5093457943925234,1786409227.6460109
8,2928,0.39576196670532227,0.5081018518518519,1786409227.6955063
8,2929,0.2598956823348999,0.5097477064220184,1786409227.7466764
8,2930,0.29881682991981506,0.5107954545454545,1786409227.800118
8,2931,0.36641377210617065,0.5101351351351351,1786409227.8553848
8,2932,0.39220380783081055,0.51171875,1786409227.9063966
8,2933,0.5127855539321899,0.5138274336283186,1786409227.9600806
8,2934,0.4117445945739746,0.5148026315789473,1786409228.011973
8,2935,0.41105616092681885,0.5152173913043478,1786409228.0624778
8,2936,0.3823000192642212,0.5150862068965517,1786409228.119202
8,2937,0.302162230014801,0.5170940170940171,1786409228.1693344
8,2938,0.34066343307495117,0.5169491525423728,1786409228.2195415
8,2939,0.3793640434741974,0.5194327731092437,1786409228.269303
8,2940,0.2995753586292267,0.5177083333333333,1786409228.320086
8,2941,0.36304596066474915,0.5191115702479339,1786409228.3718572
8,2942,0.3556981682777405,0.5194672131147541,1786409228.4220033
8,2943,0.6561017036437988,0.5182926829268293,1786409228.478863
8,2944,0.44889387488365173,0.5161290322580645,1786409228.5276673
8,2945,0.31654879450798035,0.514,1786409228.5821846
8,2946,0.5839309692382812,0.5114087301587301,1786409228.6376007
8,2947,0.5060381889343262,0.5113188976377953,1786409228.6882265
8,2948,0.3073834478855133,0.513671875,1786409228.7460454
8,2949,0.5168689489364624,0.5130813953488372,1786409228.7966437
8,2950,0.36428913474082947,0.5139423076923076,1786409228.8462539
8,2951,0.2952756881713867,0.5133587786259542,1786409228.8961768
8,2952,0.4978348910808563,0.5127840909090909,1786409228.9512544
8,2953,0.384875625371933,0.5136278195488722,1786409229.0058405
8,2954,0.33116334676742554,0.5144589552238806,1786409229.056401
8,2955,0.4374740421772003,0.5148148148148148,1786409229.1059453
8,2956,0.6624270677566528,0.5151654411764706,1786409229.1617606
8,2957,0.30234581232070923,0.5155109489051095,1786409229.2141047
8,2958,0.6258288621902466,0.5163043478260869,1786409229.2720356
8,2959,0.487062007188797,0.5161870503597122,1786409229.3272176
8,2960,0.2874448299407959,0.5183035714285714,1786409229.376041
8,2961,0.7638354897499084,0.5155141843971631,1786409229.429925
8,2962,0.3421129584312439,0.5158450704225352,1786409229.481093
8,2963,0.4138650596141815,0.5166083916083916,1786409229.5318162
8,2964,0.25471732020378113,0.5173611111111112,1786409229.581659
8,2965,0.5562116503715515,0.5159482758620689,1786409229.6315422
8,2966,0.2863510251045227,0.516695205479452,1786409229.681856
8,2967,0.4914417266845703,0.516156462585034,1786409229.7348669
8,2968,0.48276856541633606,0.5135135135135135,1786409229.7880876
8,2969,0.3228606879711151,0.5151006711409396,1786409229.8451045
8,2970,0.27564385533332825,0.5166666666666667,1786409229.9008029
8,2971,0.2969841957092285,0.5182119205298014,1786409229.9500043
8,2972,0.29098421335220337,0.516858552631579,1786409230.0053282
8,2973,0.29703280329704285,0.5171568627450981,1786409230.0558083
8,2974,0.2742837965488434,0.518262987012987,1786409230.106302
8,2975,0.39122727513313293,0.5165322580645161,1786409230.1563592
8,2976,0.418641060590744,0.516426282051282,1786409230.2061727
8,2977,0.22744663059711456,0.5179140127388535,1786409230.2575674
8,2978,0.3829960823059082,0.5185917721518988,1786409230.3080153
8,2979,0.6128804683685303,0.5169025157232704,1786409230.3593884
8,2980,0.19681787490844727,0.519140625,1786409230.4083674
8,2981,0.29501673579216003,0.5201863354037267,1786409230.4604986
8,2982,0.422193318605423,0.5200617283950617,1786409230.5138502
8,2983,0.36976271867752075,0.5210889570552147,1786409230.56446
8,2984,0.29400625824928284,0.522484756097561,1786409230.6167705
8,2985,0.5961306095123291,0.5208333333333334,1786409230.6687975
8,2986,0.394585520029068,0.5192018072289156,1786409230.7218666
8,2987,0.8382595777511597,0.5179640718562875,1786409230.7724876
8,2988,0.5581902861595154,0.5178571428571429,1786409230.8229568
8,2989,0.3037070035934448,0.5166420118343196,1786409230.8734562
8,2990,0.3204769492149353,0.5169117647058824,1786409230.922475
8,2991,0.3988341987133026,0.5138888888888888,1786409230.9739153
8,2992,0.4958767890930176,0.5130813953488372,1786409231.0243511
8,2993,0.2831681966781616,0.5144508670520231,1786409231.0759914
8,2994,0.49501848220825195,0.5132902298850575,1786409231.1271358
8,2995,0.4349028766155243,0.5139285714285714,1786409231.1771874
8,2996,0.2918315827846527,0.51171875,1786409231.2294092
8,2997,0.7650299072265625,0.5112994350282486,1786409231.2845688
8,2998,0.3926241397857666,0.5122893258426966,1786409231.3369412
8,2999,0.4139827787876129,0.5125698324022346,1786409231.387606
8,3000,0.5282253623008728,0.5121527777777778,1786409231.4365711
8,3001,0.3318851888179779,0.513121546961326,1786409231.487408
8,3002,0.20956221222877502,0.5147664835164835,1786409231.5368006
8,3003,0.4410476088523865,0.5150273224043715,1786409231.5879483
8,3004,0.5373860597610474,0.5132472826086957,1786409231.6375287
8,3005,0.307196706533432,0.5128378378378379,1786409231.6929612
8,3006,0.44300955533981323,0.511760752688172,1786409231.7432153
8,3007,0.39762309193611145,0.5106951871657754,1786409231.7934198
8,3008,0.29266488552093506,0.5106382978723404,1786409231.8488414
8,3009,0.2509754002094269,0.5112433862433863,1786409231.9005842
8,3010,0.41689831018447876,0.5092105263157894,1786409231.9504375
8,3011,0.34767091274261475,0.5088350785340314,1786409232.0011878
8,3012,0.3191467225551605,0.5094401041666666,1786409232.054103
8,3013,0.27602434158325195,0.5110103626943006,1786409232.104527
8,3014,0.328233003616333,0.5122422680412371,1786409232.1548302
8,3015,0.5018836259841919,0.5121794871794871,1786409232.206941
8,3016,0.6169980764389038,0.5114795918367347,1786409232.2572632
8,3017,0.2929133176803589,0.5126903553299492,1786409232.3086643
8,3018,0.3750162720680237,0.5132575757575758,1786409232.3594234
8,3019,0.26038068532943726,0.5147613065326633,1786409232.4091341
8,3020,0.7337700128555298,0.5134375,1786409232.463692
8,3021,0.4610569179058075,0.5130597014925373,1786409232.5138493
8,3022,0.31077519059181213,0.5139232673267327,1786409232.5648704
8,3023,0.3564395010471344,0.5144704433497537,1786409232.6174018
8,3024,0.19684864580631256,0.5162377450980392,1786409232.6668453
8,3025,0.4089066684246063,0.5149390243902439,1786409232.7170918
8,3026,0.3401419520378113,0.5151699029126213,1786409232.772104
8,3027,0.6529842615127563,0.5144927536231884,1786409232.823892
8,3028,0.3149009346961975,0.5150240384615384,1786409232.8743083
8,3029,0.390375554561615,0.5152511961722488,1786409232.9243848
8,3030,0.30941125750541687,0.5160714285714286,1786409232.9744663
8,3031,0.4337095618247986,0.5156990521327014,1786409233.0250936
8,3032,0.4938192367553711,0.5135613207547169,1786409233.0840201
8,3033,0.5203083753585815,0.5134976525821596,1786409233.1351905
8,3034,0.39399346709251404,0.5134345794392523,1786409233.1920197
8,3035,0.2894696295261383,0.5148255813953488,1786409233.2409616
8,3036,0.46875855326652527,0.5141782407407407,1786409233.2921422
8,3037,0.7475149631500244,0.5129608294930875,1786409233.3425303
8,3038,0.5192797780036926,0.5134747706422018,1786409233.393708
8,3039,0.5959907174110413,0.5114155251141552,1786409233.443514
8,3040,0.5214382410049438,0.5110795454545455,1786409233.4946647
8,3041,0.43316274881362915,0.5113122171945701,1786409233.5453377
8,3042,0.3836063742637634,0.5112612612612613,1786409233.59676
8,3043,0.4621923863887787,0.5120515695067265,1786409233.6477196
8,3044,0.4356270432472229,0.5114397321428571,1786409233.7019656
8,3045,0.6699517965316772,0.5111111111111111,1786409233.7552235
8,3046,0.36142322421073914,0.509679203539823,1786409233.807078
8,3047,0.48119598627090454,0.5090859030837004,1786409233.8575113
8,3048,0.40453508496284485,0.509046052631579,1786409233.9086905
8,3049,0.511021077632904,0.5090065502183406,1786409233.9577472
8,3050,0.3316265344619751,0.5089673913043479,1786409234.0088627
8,3051,0.5208767652511597,0.5089285714285714,1786409234.062266
8,3052,0.3103466033935547,0.509698275862069,1786409234.11856
8,3053,0.44992178678512573,0.5085836909871244,1786409234.1748824
8,3054,0.5902873277664185,0.5077457264957265,1786409234.2262077
8,3055,0.42238184809684753,0.5085106382978724,1786409234.2776177
8,3056,0.38547489047050476,0.5090042372881356,1786409234.3276334
8,3057,0.3192838430404663,0.5097573839662447,1786409234.3785028
8,3058,0.4247185289859772,0.5102415966386554,1786409234.4337218
8,3059,0.4213740825653076,0.5083682008368201,1786409234.4830337
8,3060,0.29128018021583557,0.50703125,1786409234.5319653
8,3061,0.5102417469024658,0.5072614107883817,1786409234.5825043
8,3062,0.45890504121780396,0.5072314049586777,1786409234.6332426
8,3063,0.3608556389808655,0.5082304526748971,1786409234.6843095
8,3064,0.3519158959388733,0.5089651639344263,1786409234.7337859
8,3065,0.3207957446575165,0.5096938775510204,1786409234.7911127
8,3066,0.46480593085289,0.5088922764227642,1786409234.8420293
8,3067,0.3355691730976105,0.5083502024291497,1786409234.8934534
8,3068,0.28237512707710266,0.5085685483870968,1786409234.9478643
8,3069,0.23943161964416504,0.5100401606425703,1786409234.9980004
8,3070,0.43769681453704834,0.50975,1786409235.0472174
8,3071,0.3048059940338135,0.5107071713147411,1786409235.0987296
8,3072,0.2704717516899109,0.5119047619047619,1786409235.1490362
8,3073,0.36718377470970154,0.5121047430830039,1786409235.200045
8,3074,0.4422655701637268,0.5113188976377953,1786409235.250114
8,3075,0.33722925186157227,0.5115196078431372,1786409235.299923
8,3076,0.4871910810470581,0.511962890625,1786409235.351841
8,3077,0.6827573776245117,0.5114299610894941,1786409235.4092882
8,3078,0.2777935862541199,0.5123546511627907,1786409235.4637945
8,3079,0.3403639495372772,0.5106177606177607,1786409235.513418
8,3080,0.5103697180747986,0.5103365384615385,1786409235.5672967
8,3081,0.39306193590164185,0.5107758620689655,1786409235.617323
8,3082,0.4755801558494568,0.5109732824427481,1786409235.6741178
8,3083,0.4130926728248596,0.5111692015209125,1786409235.7247403
8,3084,0.3075753152370453,0.5118371212121212,1786409235.7829068
8,3085,0.36328890919685364,0.5129716981132075,1786409235.8328354
8,3086,0.35386788845062256,0.5136278195488722,1786409235.882575
8,3087,0.4949169158935547,0.5131086142322098,1786409235.9333446
8,3088,0.47081512212753296,0.5123600746268657,1786409235.9907606
8,3089,0.29351913928985596,0.5132434944237918,1786409236.0501816
8,3090,0.6688573360443115,0.512962962962963,1786409236.100571
8,3091,0.27836140990257263,0.5136070110701108,1786409236.1511974
8,3092,0.3285520076751709,0.5135569852941176,1786409236.2007017
8,3093,0.34282904863357544,0.5139652014652014,1786409236.2559514
8,3094,0.5230163335800171,0.5136861313868614,1786409236.3109095
8,3095,0.5036612153053284,0.5122727272727273,1786409236.3615055
8,3096,0.542340874671936,0.5120018115942029,1786409236.4111576
8,3097,0.2835425138473511,0.5117328519855595,1786409236.4638376
8,3098,0.3115857243537903,0.5128147482014388,1786409236.5154893
8,3099,0.4263206124305725,0.5127688172043011,1786409236.5655205
8,3100,0.3346603214740753,0.5129464285714286,1786409236.6177835
8,3101,0.3971560001373291,0.5124555160142349,1786409236.6705587
8,3102,0.21678167581558228,0.512854609929078,1786409236.7202742
8,3103,0.2163703292608261,0.5136925795053003,1786409236.7728791
8,3104,0.5329045653343201,0.5121038732394366,1786409236.822617
8,3105,0.5059304237365723,0.512280701754386,1786409236.8724477
8,3106,0.35560500621795654,0.5113636363636364,1786409236.9208179
8,3107,0.37575995922088623,0.510670731707317,1786409236.9709988
8,3108,0.5831588506698608,0.5108506944444444,1786409237.0208552
8,3109,0.40116891264915466,0.5099480968858131,1786409237.070349
8,3110,0.34419435262680054,0.5103448275862069,1786409237.1188989
8,3111,0.3558374047279358,0.5105240549828178,1786409237.1674037
8,3112,0.6472289562225342,0.509845890410959,1786409237.216168
8,3113,0.3916560113430023,0.509598976109215,1786409237.265206
8,3114,0.6101778149604797,0.5085034013605442,1786409237.313758
8,3115,0.4237687885761261,0.5074152542372882,1786409237.3625076
8,3116,0.31523963809013367,0.5078125,1786409237.4115438
8,3117,0.2950499355792999,0.5082070707070707,1786409237.4605372
8,3118,0.33698585629463196,0.5079697986577181,1786409237.508443
8,3119,0.3405948579311371,0.5083612040133779,1786409237.5561094
8,3120,0.5527667999267578,0.50875,1786409237.6050425
8,3121,0.38772472739219666,0.5083056478405316,1786409237.6541598
8,3122,0.4589417576789856,0.5082781456953642,1786409237.7031043
8,3123,0.7666743993759155,0.5074257425742574,1786409237.751954
8,3124,0.4034881591796875,0.5074013157894737,1786409237.8022685
8,3125,0.5606088042259216,0.5069672131147541,1786409237.8518515
9,3126,0.24318574368953705,0.5625,1786409239.728878
9,3127,0.2823255956172943,0.375,1786409239.7927573
9,3128,0.4067133367061615,0.375,1786409239.8506153
9,3129,0.29969725012779236,0.40625,1786409239.9286408
9,3130,0.4706317186355591,0.3625,1786409239.9997277
9,3131,0.5654674768447876,0.34375,1786409240.0574117
9,3132,0.3861619234085083,0.375,1786409240.1096566
9,3133,0.29828864336013794,0.390625,1786409240.1610317
9,3134,0.29577645659446716,0.4027777777777778,1786409240.2228339
9,3135,0.3592125177383423,0.4375,1786409240.2791567
9,3136,0.37337470054626465,0.45454545454545453,1786409240.3294756
9,3137,0.4407407343387604,0.4270833333333333,1786409240.380881
9,3138,0.46129703521728516,0.4375,1786409240.4312012
9,3139,0.5798187255859375,0.4330357142857143,1786409240.4807687
9,3140,0.31988877058029175,0.4583333333333333,1786409240.5304286
9,3141,0.4389696717262268,0.46875,1786409240.5866265
9,3142,0.5731905698776245,0.45955882352941174,1786409240.6373384
9,3143,0.2700391113758087,0.4826388888888889,1786409240.691939
9,3144,0.49957096576690674,0.4769736842105263,1786409240.7410333
9,3145,0.25303447246551514,0.4875,1786409240.794623
9,3146,0.5079189538955688,0.49702380952380953,1786409240.8481762
9,3147,0.359880656003952,0.5,1786409240.8982203
9,3148,0.5824924111366272,0.5027173913043478,1786409240.9486318
9,3149,0.42156124114990234,0.5052083333333334,1786409240.997354
9,3150,0.23029933869838715,0.52,1786409241.048067
9,3151,0.26978540420532227,0.5288461538461539,1786409241.1020994
9,3152,0.5690984725952148,0.5277777777777778,1786409241.1527715
9,3153,0.21128687262535095,0.5379464285714286,1786409241.2075324
9,3154,0.3682321608066559,0.5366379310344828,1786409241.2629044
9,3155,0.20734021067619324,0.5479166666666667,1786409241.316953
9,3156,0.31540486216545105,0.5504032258064516,1786409241.3667185
9,3157,0.4779013991355896,0.54296875,1786409241.42174
9,3158,0.32399266958236694,0.5321969696969697,1786409241.4723325
9,3159,0.34921255707740784,0.5330882352941176,1786409241.5226507
9,3160,0.40700870752334595,0.5357142857142857,1786409241.5716763
9,3161,0.37173059582710266,0.5381944444444444,1786409241.6218739
9,3162,0.4735499322414398,0.535472972972973,1786409241.6749227
9,3163,0.3503033220767975,0.537828947368421,1786409241.7281191
9,3164,0.28278088569641113,0.5416666666666666,1786409241.778295
9,3165,0.6234468817710876,0.540625,1786409241.8275325
9,3166,0.3855906128883362,0.5442073170731707,1786409241.8856256
9,3167,0.23221565783023834,0.5476190476190477,1786409241.9355588
9,3168,0.6457691192626953,0.5406976744186046,1786409241.9860282
9,3169,0.263810396194458,0.5454545454545454,1786409242.0393953
9,3170,0.33825942873954773,0.5472222222222223,1786409242.0944905
9,3171,0.5131930708885193,0.5407608695652174,1786409242.1474538
9,3172,0.40027299523353577,0.5412234042553191,1786409242.197939
9,3173,0.79953932762146,0.5377604166666666,1786409242.2485054
9,3174,0.3322390019893646,0.5357142857142857,1786409242.298711
9,3175,0.524597704410553,0.535,1786409242.3476408
9,3176,0.6563310623168945,0.5318627450980392,1786409242.397562
9,3177,0.5042332410812378,0.5300480769230769,1786409242.4537659
9,3178,0.2935698628425598,0.5306603773584906,1786409242.5062735
9,3179,0.33080247044563293,0.53125,1786409242.5620017
9,3180,0.28327542543411255,0.5352272727272728,1786409242.6116195
9,3181,0.2952209711074829,0.5368303571428571,1786409242.6606193
9,3182,0.26199573278427124,0.5405701754385965,1786409242.7109675
9,3183,0.31924891471862793,0.5366379310344828,1786409242.7648866
9,3184,0.6183168888092041,0.5360169491525424,1786409242.815665
9,3185,0.6693511009216309,0.5375,1786409242.8661072
9,3186,0.30733734369277954,0.5409836065573771,1786409242.9164588
9,3187,0.41430556774139404,0.5383064516129032,1786409242.9665222
9,3188,0.4070521593093872,0.5406746031746031,1786409243.0170126
9,3189,0.33552443981170654,0.5419921875,1786409243.0695446
9,3190,0.5175282955169678,0.5384615384615384,1786409243.1242065
9,3191,0.2630453407764435,0.540719696969697,1786409243.1776202
9,3192,0.24674516916275024,0.542910447761194,1786409243.227344
9,3193,0.28487205505371094,0.5431985294117647,1786409243.2819667
9,3194,0.33240681886672974,0.5443840579710145,1786409243.3331883
9,3195,0.2876836359500885,0.5419642857142857,1786409243.3885334
9,3196,0.5140769481658936,0.5387323943661971,1786409243.4397998
9,3197,0.43497946858406067,0.5399305555555556,1786409243.4911854
9,3198,0.42364752292633057,0.541095890410959,1786409243.540406
9,3199,0.4424394369125366,0.5413851351351351,1786409243.591344
9,3200,0.37172359228134155,0.5425,1786409243.6423142
9,3201,0.5014618635177612,0.5411184210526315,1786409243.6930244
9,3202,0.4049592614173889,0.538961038961039,1786409243.7461433
9,3203,0.3596874177455902,0.5376602564102564,1786409243.796339
9,3204,0.41593992710113525,0.5363924050632911,1786409243.8537552
9,3205,0.46273598074913025,0.53671875,1786409243.9071019
9,3206,0.35436883568763733,0.5385802469135802,1786409243.9575276
9,3207,0.4097924530506134,0.5403963414634146,1786409244.0064135
9,3208,0.4433261454105377,0.5353915662650602,1786409244.0566044
9,3209,0.2971002161502838,0.5364583333333334,1786409244.1088705
9,3210,0.2686411142349243,0.538235294117647,1786409244.1589794
9,3211,0.30246472358703613,0.5414244186046512,1786409244.2144954
9,3212,0.31913623213768005,0.5438218390804598,1786409244.2649136
9,3213,0.6655621528625488,0.5390625,1786409244.314695
9,3214,0.4710409343242645,0.5400280898876404,1786409244.3672469
9,3215,0.45540791749954224,0.5395833333333333,1786409244.4206653
9,3216,0.28419363498687744,0.5432692307692307,1786409244.4698195
9,3217,0.35580694675445557,0.5448369565217391,1786409244.5220945
9,3218,0.4430185556411743,0.543010752688172,1786409244.5721796
9,3219,0.38555505871772766,0.5398936170212766,1786409244.6237247
9,3220,0.17002743482589722,0.5440789473684211,1786409244.6741343
9,3221,0.6311146020889282,0.5442708333333334,1786409244.7242255
9,3222,0.42817285656929016,0.5444587628865979,1786409244.774955
9,3223,0.34503287076950073,0.5446428571428571,1786409244.8265047
9,3224,0.28963780403137207,0.5460858585858586,1786409244.8813293
9,3225,0.7363263368606567,0.54375,1786409244.9319816
9,3226,0.8009867668151855,0.5402227722772277,1786409244.9866288
9,3227,0.3606545627117157,0.5410539215686274,1786409245.0429301
9,3228,0.4268280863761902,0.5424757281553398,1786409245.0918303
9,3229,0.35121363401412964,0.5432692307692307,1786409245.148097
9,3230,0.39656853675842285,0.5452380952380952,1786409245.1983888
9,3231,0.2902984321117401,0.5477594339622641,1786409245.2486527
9,3232,0.4537501335144043,0.5473130841121495,1786409245.2977545
9,3233,0.40868180990219116,0.5439814814814815,1786409245.3506565
9,3234,0.5124619007110596,0.5407110091743119,1786409245.4009192
9,3235,0.5354319214820862,0.5392045454545454,1786409245.4510612
9,3236,0.18212100863456726,0.5427927927927928,1786409245.5029004
9,3237,0.2244510054588318,0.5440848214285714,1786409245.552361
9,3238,0.2932645380496979,0.5448008849557522,1786409245.6023424
9,3239,0.7124418020248413,0.5433114035087719,1786409245.6586854
9,3240,0.257325679063797,0.5445652173913044,1786409245.7087882
9,3241,0.3500902056694031,0.5447198275862069,1786409245.7610862
9,3242,0.601286768913269,0.5448717948717948,1786409245.8109753
9,3243,0.53724205493927,0.5429025423728814,1786409245.8618445
9,3244,0.446694940328598,0.5414915966386554,1786409245.9147198
9,3245,0.2465234398841858,0.5427083333333333,1786409245.9652863
9,3246,0.24272534251213074,0.5444214876033058,1786409246.0160835
9,3247,0.34306544065475464,0.5435450819672131,1786409246.0685217
9,3248,0.3446158170700073,0.5442073170731707,1786409246.118097
9,3249,0.2769993841648102,0.5453629032258065,1786409246.1727977
9,3250,0.39406225085258484,0.546,1786409246.2228718
9,3251,0.21169446408748627,0.5481150793650794,1786409246.2730227
9,3252,0.35749322175979614,0.5497047244094488,1786409246.3227499
9,3253,0.19289308786392212,0.55126953125,1786409246.3747842
9,3254,0.4049138128757477,0.5518410852713178,1786409246.4255693
9,3255,0.5595951676368713,0.5524038461538462,1786409246.4797704
9,3256,0.31263506412506104,0.5505725190839694,1786409246.535327
9,3257,0.5376775860786438,0.5506628787878788,1786409246.5866895
9,3258,0.6806257963180542,0.549812030075188,1786409246.6374545
9,3259,0.31486982107162476,0.550839552238806,1786409246.6873112
9,3260,0.5261276960372925,0.5509259259259259,1786409246.7374446
9,3261,0.34668031334877014,0.5510110294117647,1786409246.790963
9,3262,0.3649512827396393,0.5483576642335767,1786409246.8442752
9,3263,0.3360837399959564,0.5493659420289855,1786409246.8969767
9,3264,0.2645880877971649,0.549910071942446,1786409246.9468367
9,3265,0.3679667115211487,0.5495535714285714,1786409246.9980254
9,3266,0.38067740201950073,0.5492021276595744,1786409247.0542157
9,3267,0.47683337330818176,0.5492957746478874,1786409247.1037645
9,3268,0.4128875732421875,0.548513986013986,1786409247.1538801
9,3269,0.4135512113571167,0.5486111111111112,1786409247.203636
9,3270,0.29472365975379944,0.5487068965517241,1786409247.2539964
9,3271,0.4149722754955292,0.5496575342465754,1786409247.307322
9,3272,0.3399887979030609,0.5497448979591837,1786409247.3570392
9,3273,0.36037546396255493,0.5494087837837838,1786409247.4070692
9,3274,0.6220579743385315,0.5499161073825504,1786409247.457956
9,3275,0.35048240423202515,0.5495833333333333,1786409247.5093617
9,3276,0.3416121006011963,0.5509105960264901,1786409247.5603974
9,3277,0.3531074821949005,0.5513980263157895,1786409247.6127043
9,3278,0.364263117313385,0.5514705882352942,1786409247.6637287
9,3279,0.2959635555744171,0.551948051948052,1786409247.7144618
9,3280,0.4070935547351837,0.5528225806451613,1786409247.764936
9,3281,0.46914705634117126,0.5540865384615384,1786409247.8189006
9,3282,0.415187269449234,0.554140127388535,1786409247.87027
9,3283,0.4790041446685791,0.5522151898734177,1786409247.9209793
9,3284,0.37791121006011963,0.5522798742138365,1786409247.9711628
9,3285,0.3840121924877167,0.549609375,1786409248.0219593
9,3286,0.3320159614086151,0.547360248447205,1786409248.073014
9,3287,0.6037921905517578,0.5462962962962963,1786409248.122683
9,3288,0.24858133494853973,0.5463957055214724,1786409248.1724162
9,3289,0.3433432877063751,0.5464939024390244,1786409248.2261403
9,3290,0.36490124464035034,0.546969696969697,1786409248.2756119
9,3291,0.30328598618507385,0.547816265060241,1786409248.3264415
9,3292,0.40697646141052246,0.5486526946107785,1786409248.3792927
9,3293,0.2650778293609619,0.5461309523809523,1786409248.4291291
9,3294,0.3285469114780426,0.5465976331360947,1786409248.4793334
9,3295,0.3719537854194641,0.5481617647058824,1786409248.529216
9,3296,0.25614678859710693,0.5500730994152047,1786409248.5787003
9,3297,0.562492847442627,0.548328488372093,1786409248.6278267
9,3298,0.5141834020614624,0.5458815028901735,1786409248.6791615
9,3299,0.32560792565345764,0.5431034482758621,1786409248.7301767
9,3300,0.459348201751709,0.5439285714285714,1786409248.7814152
9,3301,0.3877370357513428,0.5422585227272727,1786409248.8334954
9,3302,0.3382636606693268,0.5399011299435028,1786409248.8840272
9,3303,0.43724170327186584,0.5375702247191011,1786409248.9367518
9,3304,0.26084741950035095,0.5387569832402235,1786409248.9868767
9,3305,0.3753284215927124,0.5395833333333333,1786409249.037558
9,3306,0.2717483341693878,0.5410911602209945,1786409249.0864778
9,3307,0.5764602422714233,0.540521978021978,1786409249.1436946
9,3308,0.36947372555732727,0.5409836065573771,1786409249.1939368
9,3309,0.22269797325134277,0.5427989130434783,1786409249.2444625
9,3310,0.2785518765449524,0.5412162162162162,1786409249.295241
9,3311,0.21569250524044037,0.542002688172043,1786409249.349323
9,3312,0.4961487054824829,0.5397727272727273,1786409249.4038827
9,3313,0.5216590166091919,0.5405585106382979,1786409249.4607658
9,3314,0.33838126063346863,0.5403439153439153,1786409249.5124753
9,3315,0.5214976072311401,0.5404605263157894,1786409249.5634
9,3316,0.18673644959926605,0.5415575916230366,1786409249.6159992
9,3317,0.2603220045566559,0.5419921875,1786409249.6686518
9,3318,0.46584421396255493,0.540479274611399,1786409249.7183414
9,3319,0.31246769428253174,0.5405927835051546,1786409249.7684205
9,3320,0.3286370038986206,0.541025641025641,1786409249.8227763
9,3321,0.4160062372684479,0.5395408163265306,1786409249.8779132
9,3322,0.2404593974351883,0.5393401015228426,1786409249.926989
9,3323,0.3679509162902832,0.5391414141414141,1786409249.9769628
9,3324,0.6330855488777161,0.5392587939698492,1786409250.0334165
9,3325,0.290483683347702,0.5396875,1786409250.0832827
9,3326,0.4535558521747589,0.5376243781094527,1786409250.1342392
9,3327,0.31716322898864746,0.5383663366336634,1786409250.1837492
9,3328,0.5753886699676514,0.5384852216748769,1786409250.2367659
9,3329,0.3714253902435303,0.5389093137254902,1786409250.287272
9,3330,0.4378093481063843,0.5396341463414634,1786409250.3406549
9,3331,0.6274773478507996,0.537621359223301,1786409250.3921244
9,3332,0.29103177785873413,0.5383454106280193,1786409250.44223
9,3333,0.31903913617134094,0.5387620192307693,1786409250.4957297
9,3334,0.36986979842185974,0.5391746411483254,1786409250.5461566
9,3335,0.3603595495223999,0.5392857142857143,1786409250.5969124
9,3336,0.4967738687992096,0.5390995260663507,1786409250.6473207
9,3337,0.3277928829193115,0.5397995283018868,1786409250.7003164
9,3338,0.3601169288158417,0.5404929577464789,1786409250.7510684
9,3339,0.29670843482017517,0.5391355140186916,1786409250.805706
9,3340,0.47340571880340576,0.5375,1786409250.856159
9,3341,0.16990026831626892,0.5393518518518519,1786409250.9086154
9,3342,0.3175327479839325,0.5380184331797235,1786409250.9630253
9,3343,0.26476410031318665,0.5369839449541285,1786409251.0132647
9,3344,0.5375421047210693,0.536244292237443,1786409251.0636072
9,3345,0.22258706390857697,0.5369318181818182,1786409251.1186433
9,3346,0.305625855922699,0.5373303167420814,1786409251.1710467
9,3347,0.258707731962204,0.5382882882882883,1786409251.2234979
9,3348,0.36909234523773193,0.5367152466367713,1786409251.277779
9,3349,0.32818251848220825,0.5357142857142857,1786409251.3273468
9,3350,0.2620169520378113,0.5361111111111111,1786409251.3789046
9,3351,0.34211060404777527,0.5367809734513275,1786409251.43026
9,3352,0.2715694308280945,0.5379955947136564,1786409251.4842024
9,3353,0.3339659571647644,0.5386513157894737,1786409251.5338814
9,3354,0.5128006935119629,0.5379366812227074,1786409251.5838199
9,3355,0.7825642228126526,0.5377717391304347,1786409251.634327
9,3356,0.34473609924316406,0.5378787878787878,1786409251.68799
9,3357,0.6411809921264648,0.5379849137931034,1786409251.7377868
9,3358,0.39165544509887695,0.5380901287553648,1786409251.7876031
9,3359,0.29056698083877563,0.5389957264957265,1786409251.8386574
9,3360,0.4516317546367645,0.5388297872340425,1786409251.8893683
9,3361,0.23957954347133636,0.5389300847457628,1786409251.9399793
9,3362,0.35747578740119934,0.5390295358649789,1786409251.990399
9,3363,0.3289509415626526,0.5372899159663865,1786409252.0444465
9,3364,0.3779159188270569,0.5358263598326359,1786409252.0949967
9,3365,0.6877404451370239,0.5356770833333333,1786409252.1465933
9,3366,0.31786322593688965,0.5357883817427386,1786409252.1977665
9,3367,0.33216071128845215,0.5364152892561983,1786409252.2480233
9,3368,0.28946349024772644,0.5352366255144033,1786409252.3024828
9,3369,0.2660066485404968,0.5358606557377049,1786409252.3543835
9,3370,0.5101373791694641,0.5344387755102041,1786409252.409695
9,3371,0.4043235778808594,0.5348069105691057,1786409252.4607475
9,3372,0.252803236246109,0.5359311740890689,1786409252.5115542
9,3373,0.2637503743171692,0.5365423387096774,1786409252.560298
9,3374,0.48536020517349243,0.5358935742971888,1786409252.6103232
9,3375,0.24609637260437012,0.53625,1786409252.661238
9,3376,0.2974565625190735,0.5368525896414342,1786409252.7141502
9,3377,0.48037368059158325,0.5369543650793651,1786409252.764017
9,3378,0.3671509623527527,0.5375494071146245,1786409252.8130395
9,3379,0.44657406210899353,0.5361712598425197,1786409252.8650002
9,3380,0.41634872555732727,0.5355392156862745,1786409252.9167213
9,3381,0.236042782664299,0.53662109375,1786409252.9665473
9,3382,0.59648197889328,0.5357490272373541,1786409253.0169752
9,3383,0.49390050768852234,0.5356104651162791,1786409253.0698419
9,3384,0.3243687152862549,0.5357142857142857,1786409253.1202133
9,3385,0.3503381609916687,0.5360576923076923,1786409253.1713998
9,3386,0.18507471680641174,0.5371168582375478,1786409253.222449
9,3387,0.37428706884384155,0.5369751908396947,1786409253.27148
9,3388,0.38147103786468506,0.5354087452471483,1786409253.3289642
9,3389,0.34515196084976196,0.5362215909090909,1786409253.3792686
9,3390,0.27095404267311096,0.5349056603773585,1786409253.4296236
9,3391,0.3750012218952179,0.5359492481203008,1786409253.4809992
9,3392,0.2784755527973175,0.5360486891385767,1786409253.536244
9,3393,0.3710569441318512,0.535214552238806,1786409253.5890348
9,3394,0.31564125418663025,0.5339219330855018,1786409253.6397586
9,3395,0.40547651052474976,0.5337962962962963,1786409253.692335
9,3396,0.3362787365913391,0.5348247232472325,1786409253.744018
9,3397,0.32381752133369446,0.5356158088235294,1786409253.8000455
9,3398,0.36341214179992676,0.5357142857142857,1786409253.8494356
9,3399,0.274677574634552,0.5358120437956204,1786409253.905844
9,3400,0.2739315330982208,0.5368181818181819,1786409253.9559228
9,3401,0.24680554866790771,0.5373641304347826,1786409254.0096307
9,3402,0.36542367935180664,0.536326714801444,1786409254.0623388
9,3403,0.44327834248542786,0.5357464028776978,1786409254.1117334
9,3404,0.4623778164386749,0.5351702508960573,1786409254.1613255
9,3405,0.36347296833992004,0.5350446428571428,1786409254.213334
9,3406,0.20814171433448792,0.5360320284697508,1786409254.2645833
9,3407,0.4526926279067993,0.535904255319149,1786409254.321023
9,3408,0.46364066004753113,0.5357773851590106,1786409254.3699176
9,3409,0.2789608836174011,0.5365316901408451,1786409254.422451
9,3410,0.5331940650939941,0.5366228070175438,1786409254.4712825
9,3411,0.677032470703125,0.5362762237762237,1786409254.5192764
9,3412,0.42359253764152527,0.537020905923345,1786409254.5679872
9,3413,0.3221699893474579,0.5364583333333334,1786409254.6161928
9,3414,0.3140297532081604,0.5365484429065744,1786409254.664792
9,3415,0.28487035632133484,0.5370689655172414,1786409254.7139664
9,3416,0.7558528780937195,0.5369415807560137,1786409254.763651
9,3417,0.32076704502105713,0.5376712328767124,1786409254.8122783
9,3418,0.5124427080154419,0.5369027303754266,1786409254.861965
9,3419,0.40732377767562866,0.5374149659863946,1786409254.9115498
9,3420,0.2958737015724182,0.5375,1786409254.9623835
9,3421,0.2564633786678314,0.5358952702702703,1786409255.0110044
9,3422,0.35189470648765564,0.5349326599326599,1786409255.060014
9,3423,0.25037500262260437,0.5350251677852349,1786409255.1092405
9,3424,0.27310827374458313,0.5342809364548495,1786409255.15865
9,3425,0.35456863045692444,0.5335416666666667,1786409255.2073674
9,3426,0.32149964570999146,0.5340531561461794,1786409255.2568972
9,3427,0.2704787254333496,0.5345612582781457,1786409255.306338
9,3428,0.25073233246803284,0.5352722772277227,1786409255.3553686
9,3429,0.4282897114753723,0.5347450657894737,1786409255.4042597
9,3430,0.32415971159935,0.5358606557377049,1786409255.4522831
10,3431,0.3687766492366791,0.125,1786409257.0395086
10,3432,0.35178813338279724,0.375,1786409257.1038144
10,3433,0.3679761290550232,0.5,1786409257.1807141
10,3434,0.36823779344558716,0.453125,1786409257.2724822
10,3435,0.22670845687389374,0.4125,1786409257.3396263
10,3436,0.41761457920074463,0.3854166666666667,1786409257.3975143
10,3437,0.27108272910118103,0.44642857142857145,1786409257.4510238
10,3438,0.5577747821807861,0.4453125,1786409257.5038016
10,3439,0.39628955721855164,0.4166666666666667,1786409257.5558257
10,3440,0.4025563895702362,0.4375,1786409257.6084538
10,3441,0.4663563668727875,0.4375,1786409257.6592813
10,3442,0.5037901401519775,0.4375,1786409257.7097042
10,3443,0.28466886281967163,0.46153846153846156,1786409257.763005
10,3444,0.603333055973053,0.4419642857142857,1786409257.8186138
10,3445,0.40178051590919495,0.42083333333333334,1786409257.870423
10,3446,0.44113317131996155,0.42578125,1786409257.9203393
10,3447,0.31046566367149353,0.4411764705882353,1786409257.971464
10,3448,0.36054834723472595,0.4444444444444444,1786409258.025495
10,3449,0.2790323793888092,0.4605263157894737,1786409258.0756733
10,3450,0.43711578845977783,0.459375,1786409258.1267712
10,3451,0.2745676040649414,0.47023809523809523,1786409258.1791677
10,3452,0.29429757595062256,0.45738636363636365,1786409258.233909
10,3453,0.26420098543167114,0.46467391304347827,1786409258.2837086
10,3454,0.6501333117485046,0.4609375,1786409258.3361588
10,3455,0.6796256899833679,0.4475,1786409258.3865893
10,3456,0.4052915573120117,0.4519230769230769,1786409258.4368927
10,3457,0.31889069080352783,0.46296296296296297,1786409258.4896345
10,3458,0.3976251780986786,0.4642857142857143,1786409258.5411055
10,3459,0.346263587474823,0.45905172413793105,1786409258.5968764
10,3460,0.5282951593399048,0.46875,1786409258.652195
10,3461,0.3956553339958191,0.46169354838709675,1786409258.702323
10,3462,0.36314356327056885,0.4609375,1786409258.7531857
10,3463,0.3086414635181427,0.4678030303030303,1786409258.8069785
10,3464,0.31459352374076843,0.47610294117647056,1786409258.8567123
10,3465,0.3583793342113495,0.4785714285714286,1786409258.9071968
10,3466,0.21765145659446716,0.4878472222222222,1786409258.9618304
10,3467,0.3556004464626312,0.48986486486486486,1786409259.0123472
10,3468,0.6647176742553711,0.4901315789473684,1786409259.062818
10,3469,0.5392106771469116,0.4855769230769231,1786409259.1154811
10,3470,0.25922781229019165,0.478125,1786409259.165847
10,3471,0.35376977920532227,0.4695121951219512,1786409259.219778
10,3472,0.23817116022109985,0.4642857142857143,1786409259.27057
10,3473,0.2534349262714386,0.47238372093023256,1786409259.3203325
10,3474,0.4572709798812866,0.4715909090909091,1786409259.3707142
10,3475,0.3348904550075531,0.4722222222222222,1786409259.4216437
10,3476,0.3659597635269165,0.4741847826086957,1786409259.4705846
10,3477,0.3769892454147339,0.4787234042553192,1786409259.5203354
10,3478,0.2681717872619629,0.484375,1786409259.5743651
10,3479,0.26801013946533203,0.4897959183673469,1786409259.6238976
10,3480,0.7227533459663391,0.48125,1786409259.6744356
10,3481,0.2154790312051773,0.4877450980392157,1786409259.7294288
10,3482,0.23024113476276398,0.49038461538461536,1786409259.7795815
10,3483,0.4598989486694336,0.4893867924528302,1786409259.8316648
10,3484,0.3133038282394409,0.48726851851851855,1786409259.8812835
10,3485,0.3536795377731323,0.4909090909090909,1786409259.930891
10,3486,0.37412482500076294,0.4955357142857143,1786409259.985
10,3487,0.37302839756011963,0.49890350877192985,1786409260.0373173
10,3488,0.4002765119075775,0.49245689655172414,1786409260.0932202
10,3489,0.4222371578216553,0.4936440677966102,1786409260.144082
10,3490,0.3976641893386841,0.49375,1786409260.1928272
10,3491,0.330059677362442,0.4948770491803279,1786409260.2431374
10,3492,0.4093521237373352,0.4939516129032258,1786409260.29467
10,3493,0.41829952597618103,0.49503968253968256,1786409260.3483553
10,3494,0.3939240872859955,0.490234375,1786409260.3979108
10,3495,0.22278718650341034,0.49423076923076925,1786409260.4507675
10,3496,0.4360533654689789,0.4943181818181818,1786409260.5055363
10,3497,0.2934686839580536,0.4962686567164179,1786409260.5541716
10,3498,0.3755270540714264,0.4963235294117647,1786409260.60524
10,3499,0.4174048602581024,0.49728260869565216,1786409260.655416
10,3500,0.24646572768688202,0.49375,1786409260.7047834
10,3501,0.33475056290626526,0.49735915492957744,1786409260.7548614
10,3502,0.8212690353393555,0.4939236111111111,1786409260.805465
10,3503,0.3619954586029053,0.4931506849315068,1786409260.858951
10,3504,0.3592442572116852,0.49324324324324326,1786409260.908113
10,3505,0.6612378358840942,0.495,1786409260.9580164
10,3506,0.28373026847839355,0.4975328947368421,1786409261.0079768
10,3507,0.3783922791481018,0.49594155844155846,1786409261.059958
10,3508,0.34874096512794495,0.49599358974358976,1786409261.1103895
10,3509,0.5199683308601379,0.4944620253164557,1786409261.1600714
10,3510,0.6138699054718018,0.49453125,1786409261.2111454
10,3511,0.3044487237930298,0.49691358024691357,1786409261.2659094
10,3512,0.4180758595466614,0.49847560975609756,1786409261.320347
10,3513,0.34358322620391846,0.4954819277108434,1786409261.3704543
10,3514,0.2616327702999115,0.4992559523809524,1786409261.4197464
10,3515,0.6828342080116272,0.4985294117647059,1786409261.4705055
10,3516,0.4158034920692444,0.4992732558139535,1786409261.5199037
10,3517,0.303352952003479,0.5014367816091954,1786409261.5697272
10,3518,0.5669838190078735,0.5007102272727273,1786409261.6193113
10,3519,0.38082125782966614,0.5021067415730337,1786409261.6795325
10,3520,0.3011716604232788,0.5041666666666667,1786409261.729089
10,3521,0.5140635967254639,0.5041208791208791,1786409261.7795682
10,3522,0.3702980875968933,0.5047554347826086,1786409261.8301718
10,3523,0.29230737686157227,0.5073924731182796,1786409261.8794856
10,3524,0.3536963164806366,0.5026595744680851,1786409261.9341645
10,3525,0.3112429976463318,0.5032894736842105,1786409261.98547
10,3526,0.26066410541534424,0.5052083333333334,1786409262.038364
10,3527,0.40162622928619385,0.5032216494845361,1786409262.0891304
10,3528,0.4423491656780243,0.49936224489795916,1786409262.1386158
10,3529,0.49457821249961853,0.49873737373737376,1786409262.192699
10,3530,0.341471791267395,0.5,1786409262.24424
10,3531,0.31753742694854736,0.5024752475247525,1786409262.2984679
10,3532,0.35676199197769165,0.5036764705882353,1786409262.348945
10,3533,0.4924998879432678,0.504247572815534,1786409262.3987217
10,3534,0.42384427785873413,0.5048076923076923,1786409262.4497066
10,3535,0.3517436385154724,0.5059523809523809,1786409262.4983685
10,3536,0.26937243342399597,0.5082547169811321,1786409262.5505145
10,3537,0.3568764925003052,0.508177570093458,1786409262.6010287
10,3538,0.24656645953655243,0.5052083333333334,1786409262.650332
10,3539,0.28366202116012573,0.5068807339449541,1786409262.700605
10,3540,0.3164288401603699,0.5073863636363637,1786409262.755184
10,3541,0.4054853022098541,0.5067567567567568,1786409262.8054585
10,3542,0.21983860433101654,0.5083705357142857,1786409262.8596435
10,3543,0.2562553286552429,0.5105088495575221,1786409262.915666
10,3544,0.23287487030029297,0.5120614035087719,1786409262.970102
10,3545,0.2892548441886902,0.5141304347826087,1786409263.0205624
10,3546,0.3465331494808197,0.5107758620689655,1786409263.0710566
10,3547,0.37854665517807007,0.5101495726495726,1786409263.1228514
10,3548,0.2577749788761139,0.5111228813559322,1786409263.1727874
10,3549,0.36655279994010925,0.5120798319327731,1786409263.2234335
10,3550,0.28644102811813354,0.5119791666666667,1786409263.2737489
10,3551,0.5040881633758545,0.512396694214876,1786409263.32832
10,3552,0.3860456645488739,0.5122950819672131,1786409263.3788624
10,3553,0.2578538656234741,0.5137195121951219,1786409263.4284499
10,3554,0.511090874671936,0.514616935483871,1786409263.479899
10,3555,0.3584190905094147,0.5145,1786409263.5297549
10,3556,0.3394373953342438,0.5138888888888888,1786409263.5873952
10,3557,0.2919849157333374,0.515255905511811,1786409263.6371028
10,3558,0.31535604596138,0.51708984375,1786409263.6877382
10,3559,0.4315219521522522,0.5164728682170543,1786409263.7441716
10,3560,0.3627798557281494,0.5177884615384616,1786409263.7937934
10,3561,0.3405296802520752,0.5176526717557252,1786409263.844376
10,3562,0.19774840772151947,0.5194128787878788,1786409263.8945606
10,3563,0.5994039177894592,0.5197368421052632,1786409263.9451044
10,3564,0.3918856382369995,0.5200559701492538,1786409263.995222
10,3565,0.3472821116447449,0.5208333333333334,1786409264.0461614
10,3566,0.41209203004837036,0.5206801470588235,1786409264.1015253
10,3567,0.6173610687255859,0.5191605839416058,1786409264.1565888
10,3568,0.47909316420555115,0.5185688405797102,1786409264.2068214
10,3569,0.2215023785829544,0.5197841726618705,1786409264.2571516
10,3570,0.34123116731643677,0.5209821428571428,1786409264.3117754
10,3571,0.3138192892074585,0.5212765957446809,1786409264.3627708
10,3572,0.5131403803825378,0.5206866197183099,1786409264.4122217
10,3573,0.4972802400588989,0.5196678321678322,1786409264.4627767
10,3574,0.39131805300712585,0.51953125,1786409264.5116458
10,3575,0.319985955953598,0.5211206896551724,1786409264.5646489
10,3576,0.4577133357524872,0.519263698630137,1786409264.6138027
10,3577,0.2858935296535492,0.5204081632653061,1786409264.6681848
10,3578,0.2567695379257202,0.5223817567567568,1786409264.7185705
10,3579,0.39119401574134827,0.5234899328859061,1786409264.777352
10,3580,0.6539402604103088,0.52125,1786409264.8289537
10,3581,0.27349117398262024,0.5215231788079471,1786409264.8793173
10,3582,0.3703044652938843,0.522203947368421,1786409264.9327114
10,3583,0.26609107851982117,0.5236928104575164,1786409264.982857
10,3584,0.3075266480445862,0.5223214285714286,1786409265.0328097
10,3585,0.2673477232456207,0.5225806451612903,1786409265.0835319
10,3586,0.419463574886322,0.5224358974358975,1786409265.133102
10,3587,0.38760799169540405,0.5226910828025477,1786409265.1867108
10,3588,0.6597472429275513,0.5221518987341772,1786409265.238913
10,3589,0.3682885468006134,0.5224056603773585,1786409265.2883942
10,3590,0.3247864842414856,0.52265625,1786409265.3398874
10,3591,0.3158431351184845,0.5232919254658385,1786409265.3912084
10,3592,0.3064437806606293,0.5243055555555556,1786409265.4429991
10,3593,0.2990278899669647,0.5256901840490797,1786409265.491875
10,3594,0.30643317103385925,0.526295731707317,1786409265.5474896
10,3595,0.2629287838935852,0.5265151515151515,1786409265.5979052
10,3596,0.3045459985733032,0.5256024096385542,1786409265.6471274
10,3597,0.5488553047180176,0.5247005988023952,1786409265.6973276
10,3598,0.3011993169784546,0.5256696428571429,1786409265.7504396
10,3599,0.42336153984069824,0.525887573964497,1786409265.8006895
10,3600,0.3898357152938843,0.5264705882352941,1786409265.8517356
10,3601,0.46421581506729126,0.5255847953216374,1786409265.9046445
10,3602,0.27874693274497986,0.5257994186046512,1786409265.9575021
10,3603,0.30213460326194763,0.525650289017341,1786409266.009418
10,3604,0.38592496514320374,0.524066091954023,1786409266.0600126
10,3605,0.4341644048690796,0.5221428571428571,1786409266.1098764
10,3606,0.35842666029930115,0.5220170454545454,1786409266.1632602
10,3607,0.32684576511383057,0.5218926553672316,1786409266.212616
10,3608,0.34992361068725586,0.5231741573033708,1786409266.262753
10,3609,0.30415859818458557,0.5237430167597765,1786409266.3138044
10,3610,0.5385776162147522,0.5232638888888889,1786409266.363652
10,3611,0.4212871789932251,0.523135359116022,1786409266.413357
10,3612,0.4699757993221283,0.5216346153846154,1786409266.4643192
10,3613,0.34297889471054077,0.5208333333333334,1786409266.5218878
10,3614,0.7218265533447266,0.5190217391304348,1786409266.5760896
10,3615,0.3326502740383148,0.5192567567567568,1786409266.6291742
10,3616,0.26713043451309204,0.5201612903225806,1786409266.6782894
10,3617,0.5620361566543579,0.5190508021390374,1786409266.728475
10,3618,0.43428295850753784,0.5179521276595744,1786409266.7806914
10,3619,0.2777625620365143,0.5185185185185185,1786409266.8335025
10,3620,0.29072535037994385,0.5194078947368421,1786409266.8853269
10,3621,0.5242928266525269,0.5199607329842932,1786409266.9344766
10,3622,0.5500388145446777,0.5208333333333334,1786409266.9848447
10,3623,0.42072415351867676,0.522020725388601,1786409267.0366774
10,3624,0.44340258836746216,0.5219072164948454,1786409267.0910463
10,3625,0.5461426377296448,0.5221153846153846,1786409267.1409323
10,3626,0.42266467213630676,0.5216836734693877,1786409267.1970246
10,3627,0.18100963532924652,0.5234771573604061,1786409267.253739
10,3628,0.2152174562215805,0.5220959595959596,1786409267.30476
10,3629,0.48103177547454834,0.5226130653266332,1786409267.3551378
10,3630,0.4923660159111023,0.5228125,1786409267.406369
10,3631,0.24882367253303528,0.5217661691542289,1786409267.462212
10,3632,0.2697104513645172,0.5201113861386139,1786409267.5114505
10,3633,0.24862214922904968,0.521551724137931,1786409267.5612137
10,3634,0.24144215881824493,0.5223651960784313,1786409267.6146424
10,3635,0.5358028411865234,0.5228658536585366,1786409267.6653786
10,3636,0.38287198543548584,0.522754854368932,1786409267.7200499
10,3637,0.3722584843635559,0.5211352657004831,1786409267.7734146
10,3638,0.4023420810699463,0.5210336538461539,1786409267.8301623
10,3639,0.6361337900161743,0.5188397129186603,1786409267.8807733
10,3640,0.22589311003684998,0.5205357142857143,1786409267.9318693
10,3641,0.41041526198387146,0.5207345971563981,1786409267.9827003
10,3642,0.5872588753700256,0.5209316037735849,1786409268.033706
10,3643,0.3032721281051636,0.5211267605633803,1786409268.0886602
10,3644,0.2146560698747635,0.5219042056074766,1786409268.138966
10,3645,0.2905445396900177,0.5203488372093024,1786409268.1895335
10,3646,0.28065764904022217,0.5202546296296297,1786409268.2403293
10,3647,0.3417747914791107,0.5213133640552995,1786409268.2951126
10,3648,0.3070383667945862,0.5215022935779816,1786409268.350249
10,3649,0.4284681975841522,0.5208333333333334,1786409268.3999193
10,3650,0.32392260432243347,0.5215909090909091,1786409268.449786
10,3651,0.3550291657447815,0.5217760180995475,1786409268.503046
10,3652,0.22049517929553986,0.5233671171171171,1786409268.5534215
10,3653,0.22596579790115356,0.524103139013453,1786409268.6023982
10,3654,0.42725497484207153,0.5248325892857143,1786409268.6637464
10,3655,0.3291643559932709,0.525,1786409268.7145946
10,3656,0.4858294129371643,0.5257190265486725,1786409268.7651982
10,3657,0.39802825450897217,0.5242290748898678,1786409268.8155146
10,3658,0.33194300532341003,0.5241228070175439,1786409268.8645902
10,3659,0.3681934177875519,0.5245633187772926,1786409268.9145296
10,3660,0.2633487284183502,0.5255434782608696,1786409268.9651806
10,3661,0.33060169219970703,0.5254329004329005,1786409269.020478
10,3662,0.47191885113716125,0.5250538793103449,1786409269.074947
10,3663,0.2810544967651367,0.5252145922746781,1786409269.1248164
10,3664,0.3806000351905823,0.5251068376068376,1786409269.1769261
10,3665,0.33694350719451904,0.5252659574468085,1786409269.2260754
10,3666,0.27029064297676086,0.526218220338983,1786409269.2761786
10,3667,0.4170554280281067,0.5261075949367089,1786409269.3330097
10,3668,0.43563300371170044,0.5267857142857143,1786409269.386881
10,3669,0.3995041251182556,0.5274581589958159,1786409269.4366233
10,3670,0.40162694454193115,0.5260416666666666,1786409269.4863718
10,3671,0.43683451414108276,0.5241182572614108,1786409269.5368357
10,3672,0.27940288186073303,0.5245351239669421,1786409269.5888186
10,3673,0.4918859004974365,0.5249485596707819,1786409269.6428835
10,3674,0.36180752515792847,0.5238217213114754,1786409269.693374
10,3675,0.44700440764427185,0.5237244897959183,1786409269.7431712
10,3676,0.6725260019302368,0.523119918699187,1786409269.8008976
10,3677,0.31117868423461914,0.5220141700404858,1786409269.851041
10,3678,0.279337078332901,0.5219254032258065,1786409269.9015849
10,3679,0.3246798813343048,0.5215863453815262,1786409269.9513671
10,3680,0.262773334980011,0.52275,1786409270.0047894
10,3681,0.564728856086731,0.522410358565737,1786409270.0547175
10,3682,0.280229389667511,0.5210813492063492,1786409270.1049812
10,3683,0.6235523819923401,0.52149209486166,1786409270.1604426
10,3684,0.40267497301101685,0.5216535433070866,1786409270.2166655
10,3685,0.6772662997245789,0.5205882352941177,1786409270.2696583
10,3686,0.3708447515964508,0.519287109375,1786409270.323804
10,3687,0.3806208372116089,0.5199416342412452,1786409270.3757424
10,3688,0.2796037793159485,0.5201065891472868,1786409270.4290397
10,3689,0.3337184488773346,0.5207528957528957,1786409270.4782138
10,3690,0.3415326774120331,0.5209134615384615,1786409270.529394
10,3691,0.35574793815612793,0.5198754789272031,1786409270.5849457
10,3692,0.23560291528701782,0.5207538167938931,1786409270.6361911
10,3693,0.47828492522239685,0.5201996197718631,1786409270.6868474
10,3694,0.2831241488456726,0.5208333333333334,1786409270.737016
10,3695,0.2784550189971924,0.519811320754717,1786409270.7933574
10,3696,0.48873186111450195,0.5206766917293233,1786409270.8438203
10,3697,0.5319833755493164,0.5194288389513109,1786409270.8995047
10,3698,0.40943843126296997,0.519589552238806,1786409270.950297
10,3699,0.26923468708992004,0.5204460966542751,1786409271.0004838
10,3700,0.4854748547077179,0.5194444444444445,1786409271.0508573
10,3701,0.33550265431404114,0.5193726937269373,1786409271.099821
10,3702,0.5415812730789185,0.5179227941176471,1786409271.1513982
10,3703,0.3178733289241791,0.5171703296703297,1786409271.207743
10,3704,0.3001142144203186,0.5177919708029197,1786409271.2648962
10,3705,0.5602841377258301,0.5165909090909091,1786409271.3155963
10,3706,0.4639221131801605,0.5163043478260869,1786409271.3661246
10,3707,0.2894483208656311,0.5166967509025271,1786409271.4163444
10,3708,0.2959175407886505,0.516636690647482,1786409271.4678373
10,3709,0.38640445470809937,0.5172491039426523,1786409271.518346
10,3710,0.16120882332324982,0.51875,1786409271.5755734
10,3711,0.3051474690437317,0.5189056939501779,1786409271.6312277
10,3712,0.4839884042739868,0.519281914893617,1786409271.6800435
10,3713,0.6790769100189209,0.5185512367491166,1786409271.7300856
10,3714,0.39105910062789917,0.5191461267605634,1786409271.7830124
10,3715,0.3873043656349182,0.5197368421052632,1786409271.8331091
10,3716,0.25803855061531067,0.5203234265734266,1786409271.8818731
10,3717,0.32365161180496216,0.5209059233449478,1786409271.9302812
10,3718,0.2706860899925232,0.5217013888888888,1786409271.9794066
10,3719,0.33519455790519714,0.5216262975778547,1786409272.0293312
10,3720,0.36995869874954224,0.5219827586206897,1786409272.0790749
10,3721,0.3735004961490631,0.5208333333333334,1786409272.127335
10,3722,0.27809616923332214,0.5211900684931506,1786409272.1765108
10,3723,0.23921331763267517,0.5219709897610921,1786409272.225885
10,3724,0.2733800709247589,0.5223214285714286,1786409272.2753434
10,3725,0.30624890327453613,0.5224576271186441,1786409272.3235738
10,3726,0.3163248598575592,0.5236486486486487,1786409272.372377
10,3727,0.2843402624130249,0.5246212121212122,1786409272.421168
10,3728,0.4158293902873993,0.5245385906040269,1786409272.4703777
10,3729,0.5110045075416565,0.5244565217391305,1786409272.5199015
10,3730,0.2216467559337616,0.5245833333333333,1786409272.5678868
10,3731,0.44747674465179443,0.5245016611295681,1786409272.616856
10,3732,0.30048659443855286,0.5250413907284768,1786409272.667657
10,3733,0.2717514634132385,0.5253712871287128,1786409272.716685
10,3734,0.5683995485305786,0.5252878289473685,1786409272.765493
10,3735,0.2797948718070984,0.5258196721311476,1786409272.8148885
11,3736,0.5396609902381897,0.6875,1786409274.3075144
11,3737,0.31428781151771545,0.4375,1786409274.4360445
11,3738,0.43700742721557617,0.5416666666666666,1786409274.4969234
11,3739,0.19083309173583984,0.625,1786409274.555178
11,3740,0.4286400377750397,0.6375,1786409274.6271055
11,3741,0.48766592144966125,0.6354166666666666,1786409274.7057076
11,3742,0.2637547552585602,0.6517857142857143,1786409274.766382
11,3743,0.32505786418914795,0.65625,1786409274.8219402
11,3744,0.3923245668411255,0.6527777777777778,1786409274.8753965
11,3745,0.43167805671691895,0.65625,1786409274.9369373
11,3746,0.290660560131073,0.6079545454545454,1786409275.000266
11,3747,0.3013635575771332,0.5989583333333334,1786409275.0506546
11,3748,0.3183290958404541,0.6057692307692307,1786409275.108701
11,3749,0.4710891842842102,0.6071428571428571,1786409275.1631093
11,3750,0.3701271414756775,0.6083333333333333,1786409275.2132437
11,3751,0.3851686418056488,0.6015625,1786409275.2673206
11,3752,0.3512538969516754,0.6066176470588235,1786409275.3175898
11,3753,0.4311443269252777,0.5972222222222222,1786409275.3678274
11,3754,0.32195112109184265,0.5986842105263158,1786409275.4192429
11,3755,0.34650784730911255,0.578125,1786409275.4709473
11,3756,0.2723523676395416,0.5625,1786409275.5205488
11,3757,0.4438319802284241,0.5681818181818182,1786409275.5734613
11,3758,0.5137933492660522,0.5625,1786409275.6244202
11,3759,0.33463215827941895,0.5651041666666666,1786409275.6757603
11,3760,0.28599268198013306,0.5675,1786409275.7282252
11,3761,0.4806622266769409,0.5576923076923077,1786409275.7785048
11,3762,0.20597435534000397,0.5416666666666666,1786409275.837098
11,3763,0.30261385440826416,0.5290178571428571,1786409275.8861365
11,3764,0.2085484117269516,0.5366379310344828,1786409275.940385
11,3765,0.33134162425994873,0.5416666666666666,1786409275.990329
11,3766,0.4885682761669159,0.5362903225806451,1786409276.0450332
11,3767,0.3234741985797882,0.529296875,1786409276.0949078
11,3768,0.36095118522644043,0.5378787878787878,1786409276.1459954
11,3769,0.37866291403770447,0.5404411764705882,1786409276.2013726
11,3770,0.3205965459346771,0.5428571428571428,1786409276.2515256
11,3771,0.37830039858818054,0.5434027777777778,1786409276.305978
11,3772,0.39648735523223877,0.5472972972972973,1786409276.361996
11,3773,0.3037095069885254,0.5476973684210527,1786409276.4146483
11,3774,0.4040188789367676,0.5448717948717948,1786409276.4635575
11,3775,0.4400392770767212,0.5421875,1786409276.5126956
11,3776,0.3535599112510681,0.5426829268292683,1786409276.5698864
11,3777,0.33151477575302124,0.5342261904761905,1786409276.620021
11,3778,0.30344054102897644,0.5334302325581395,1786409276.6700966
11,3779,0.41619396209716797,0.5326704545454546,1786409276.7238739
11,3780,0.4108990728855133,0.5319444444444444,1786409276.7737327
11,3781,0.4501993656158447,0.53125,1786409276.8258507
11,3782,0.5984315872192383,0.5345744680851063,1786409276.8787112
11,3783,0.44418931007385254,0.5325520833333334,1786409276.9291039
11,3784,0.19488953053951263,0.5395408163265306,1786409276.9782958
11,3785,0.6257929801940918,0.54,1786409277.0299747
11,3786,0.4115145802497864,0.5392156862745098,1786409277.0798283
11,3787,0.46108388900756836,0.5408653846153846,1786409277.1303282
11,3788,0.41928115487098694,0.5448113207547169,1786409277.1804278
11,3789,0.25826579332351685,0.5462962962962963,1786409277.2319474
11,3790,0.4027940332889557,0.5465909090909091,1786409277.2826264
11,3791,0.22694218158721924,0.5513392857142857,1786409277.3338866
11,3792,0.5874977111816406,0.5471491228070176,1786409277.3878934
11,3793,0.2758313715457916,0.5517241379310345,1786409277.4409497
11,3794,0.6973806619644165,0.551906779661017,1786409277.4905396
11,3795,0.283328652381897,0.55,1786409277.5427103
11,3796,0.4040554463863373,0.5491803278688525,1786409277.5946226
11,3797,0.5373051762580872,0.5423387096774194,1786409277.6449513
11,3798,0.22694697976112366,0.5456349206349206,1786409277.6946104
11,3799,0.40175312757492065,0.5458984375,1786409277.7450309
11,3800,0.31493130326271057,0.5480769230769231,1786409277.799326
11,3801,0.6126415729522705,0.5435606060606061,1786409277.8496895
11,3802,0.5597560405731201,0.5457089552238806,1786409277.9001756
11,3803,0.5182137489318848,0.5450367647058824,1786409277.9500299
11,3804,0.5133056044578552,0.5452898550724637,1786409278.000661
11,3805,0.3788360357284546,0.54375,1786409278.0536263
11,3806,0.2885254919528961,0.5466549295774648,1786409278.104581
11,3807,0.24573667347431183,0.5486111111111112,1786409278.1551723
11,3808,0.31373804807662964,0.547945205479452,1786409278.2091193
11,3809,0.2873102128505707,0.549831081081081,1786409278.2587993
11,3810,0.48948267102241516,0.5508333333333333,1786409278.3106341
11,3811,0.3528345823287964,0.5509868421052632,1786409278.3634222
11,3812,0.27822497487068176,0.5511363636363636,1786409278.4132655
11,3813,0.3793133497238159,0.5520833333333334,1786409278.4645007
11,3814,0.3768728971481323,0.5450949367088608,1786409278.5136402
11,3815,0.48937106132507324,0.5453125,1786409278.5625784
11,3816,0.40211349725723267,0.5393518518518519,1786409278.6128988
11,3817,0.5177145600318909,0.5403963414634146,1786409278.6668978
11,3818,0.34444358944892883,0.5406626506024096,1786409278.7172174
11,3819,0.49431371688842773,0.5409226190476191,1786409278.773959
11,3820,0.3208511471748352,0.5419117647058823,1786409278.8238778
11,3821,0.3574008345603943,0.5414244186046512,1786409278.8741128
11,3822,0.38160234689712524,0.5431034482758621,1786409278.924282
11,3823,0.28364214301109314,0.5454545454545454,1786409278.9802272
11,3824,0.3537112772464752,0.547752808988764,1786409279.0335572
11,3825,0.5496363639831543,0.5444444444444444,1786409279.0836992
11,3826,0.29241451621055603,0.5439560439560439,1786409279.1342156
11,3827,0.24913707375526428,0.545516304347826,1786409279.184902
11,3828,0.2654201090335846,0.5483870967741935,1786409279.235204
11,3829,0.4033299684524536,0.5472074468085106,1786409279.2862756
11,3830,0.544519305229187,0.5440789473684211,1786409279.3365216
11,3831,0.4115143120288849,0.54296875,1786409279.3868575
11,3832,0.555290699005127,0.5431701030927835,1786409279.4371052
11,3833,0.3266676068305969,0.5446428571428571,1786409279.4942281
11,3834,0.3942541182041168,0.5448232323232324,1786409279.5429
11,3835,0.33624595403671265,0.545625,1786409279.5927062
11,3836,0.3265046775341034,0.5457920792079208,1786409279.6432796
11,3837,0.3075021505355835,0.5416666666666666,1786409279.693886
11,3838,0.3531138300895691,0.5424757281553398,1786409279.7437778
11,3839,0.5088769197463989,0.5402644230769231,1786409279.7989104
11,3840,0.3480648994445801,0.5398809523809524,1786409279.8487914
11,3841,0.4055977463722229,0.5395047169811321,1786409279.9049575
11,3842,0.40125343203544617,0.5362149532710281,1786409279.9554787
11,3843,0.5658703446388245,0.5335648148148148,1786409280.0080872
11,3844,0.2491607517004013,0.5315366972477065,1786409280.0581279
11,3845,0.2996333837509155,0.5318181818181819,1786409280.1078167
11,3846,0.6671385765075684,0.5304054054054054,1786409280.160811
11,3847,0.3822152018547058,0.5262276785714286,1786409280.2202594
11,3848,0.25553885102272034,0.5271017699115044,1786409280.270985
11,3849,0.2403012365102768,0.5235745614035088,1786409280.3208604
11,3850,0.6005368232727051,0.5228260869565218,1786409280.369873
11,3851,0.487091064453125,0.5210129310344828,1786409280.4261339
11,3852,0.3873160481452942,0.5229700854700855,1786409280.478791
11,3853,0.30567845702171326,0.5238347457627118,1786409280.5346246
11,3854,0.21783217787742615,0.5215336134453782,1786409280.5851648
11,3855,0.5903015732765198,0.5223958333333333,1786409280.6341553
11,3856,0.4101952910423279,0.5232438016528925,1786409280.6895783
11,3857,0.2972279191017151,0.5251024590163934,1786409280.744223
11,3858,0.32093626260757446,0.5274390243902439,1786409280.794813
11,3859,0.27589064836502075,0.5282258064516129,1786409280.8469098
11,3860,0.49659228324890137,0.5285,1786409280.8997931
11,3861,0.2834745943546295,0.529265873015873,1786409280.949963
11,3862,0.3090280592441559,0.5280511811023622,1786409281.0036597
11,3863,0.40652787685394287,0.52685546875,1786409281.0558522
11,3864,0.44533616304397583,0.5237403100775194,1786409281.1068285
11,3865,0.24809221923351288,0.5245192307692308,1786409281.1621594
11,3866,0.3945596516132355,0.5248091603053435,1786409281.21298
11,3867,0.36600762605667114,0.5260416666666666,1786409281.2637987
11,3868,0.494739294052124,0.5267857142857143,1786409281.3141549
11,3869,0.24834614992141724,0.5289179104477612,1786409281.3649817
11,3870,0.21477964520454407,0.5259259259259259,1786409281.4187965
11,3871,0.38484692573547363,0.5271139705882353,1786409281.470912
11,3872,0.3355768024921417,0.5255474452554745,1786409281.5209608
11,3873,0.6463881134986877,0.5235507246376812,1786409281.574666
11,3874,0.3191717565059662,0.5238309352517986,1786409281.6252246
11,3875,0.24031668901443481,0.5254464285714285,1786409281.6820235
11,3876,0.4052232503890991,0.524822695035461,1786409281.7366538
11,3877,0.3201332092285156,0.5268485915492958,1786409281.786858
11,3878,0.44760531187057495,0.5253496503496503,1786409281.8369153
11,3879,0.4393278956413269,0.5260416666666666,1786409281.8899486
11,3880,0.287794828414917,0.5228448275862069,1786409281.940443
11,3881,0.5701056718826294,0.5226883561643836,1786409281.9951842
11,3882,0.3622565269470215,0.5233843537414966,1786409282.0444534
11,3883,0.524276852607727,0.5236486486486487,1786409282.1017416
11,3884,0.5798584222793579,0.5226510067114094,1786409282.1562173
11,3885,0.4066362977027893,0.5204166666666666,1786409282.2068837
11,3886,0.4152655005455017,0.519453642384106,1786409282.2580876
11,3887,0.3207020163536072,0.516858552631579,1786409282.3119314
11,3888,0.3701919913291931,0.5171568627450981,1786409282.3617713
11,3889,0.32518938183784485,0.5174512987012987,1786409282.4132688
11,3890,0.4006585478782654,0.5173387096774194,1786409282.4654226
11,3891,0.40728238224983215,0.5192307692307693,1786409282.515219
11,3892,0.26639342308044434,0.5203025477707006,1786409282.5657067
11,3893,0.25540390610694885,0.5193829113924051,1786409282.6214013
11,3894,0.36603063344955444,0.5200471698113207,1786409282.6716685
11,3895,0.2817802131175995,0.5203125,1786409282.7275066
11,3896,0.6299704909324646,0.5205745341614907,1786409282.7828236
11,3897,0.4718306064605713,0.5196759259259259,1786409282.8323753
11,3898,0.5761935710906982,0.5191717791411042,1786409282.8814907
11,3899,0.18333700299263,0.5213414634146342,1786409282.937368
11,3900,0.24653300642967224,0.5234848484848484,1786409282.9929032
11,3901,0.5756810903549194,0.521460843373494,1786409283.0493922
11,3902,0.3907291293144226,0.5205838323353293,1786409283.1015198
11,3903,0.394905686378479,0.5193452380952381,1786409283.1514983
11,3904,0.2629048824310303,0.5207100591715976,1786409283.2013958
11,3905,0.4955177307128906,0.5191176470588236,1786409283.2518713
11,3906,0.6500326991081238,0.5179093567251462,1786409283.3027868
11,3907,0.40085360407829285,0.5188953488372093,1786409283.3577673
11,3908,0.49819615483283997,0.516257225433526,1786409283.413075
11,3909,0.33383214473724365,0.5172413793103449,1786409283.46284
11,3910,0.4980623424053192,0.5175,1786409283.5137148
11,3911,0.2109495997428894,0.5191761363636364,1786409283.564585
11,3912,0.4314064383506775,0.5204802259887006,1786409283.6151168
11,3913,0.27291199564933777,0.5224719101123596,1786409283.6656623
11,3914,0.31456422805786133,0.5233938547486033,1786409283.7163653
11,3915,0.5439642667770386,0.5225694444444444,1786409283.769009
11,3916,0.3457443118095398,0.5234806629834254,1786409283.8240478
11,3917,0.18248960375785828,0.5247252747252747,1786409283.8787498
11,3918,0.23527686297893524,0.5262978142076503,1786409283.9313414
11,3919,0.4841460585594177,0.5275135869565217,1786409283.9800084
11,3920,0.4446263015270233,0.5266891891891892,1786409284.030561
11,3921,0.3820490837097168,0.5262096774193549,1786409284.0884848
11,3922,0.45533668994903564,0.5260695187165776,1786409284.1390166
11,3923,0.5013391971588135,0.5262632978723404,1786409284.1897705
11,3924,0.3026069402694702,0.5264550264550265,1786409284.2451668
11,3925,0.23311714828014374,0.5276315789473685,1786409284.2949212
11,3926,0.26713836193084717,0.5284685863874345,1786409284.3474016
11,3927,0.3166947364807129,0.5299479166666666,1786409284.3979042
11,3928,0.23215711116790771,0.5310880829015544,1786409284.4480278
11,3929,0.36717721819877625,0.5315721649484536,1786409284.4968483
11,3930,0.3799084424972534,0.5317307692307692,1786409284.5456154
11,3931,0.30273374915122986,0.5293367346938775,1786409284.5966208
11,3932,0.31348684430122375,0.5301395939086294,1786409284.6473274
11,3933,0.403001070022583,0.5284090909090909,1786409284.7037594
11,3934,0.4774191379547119,0.5279522613065326,1786409284.7527857
11,3935,0.3597569763660431,0.5278125,1786409284.8115587
11,3936,0.3218262791633606,0.5282960199004975,1786409284.8627365
11,3937,0.21632863581180573,0.5297029702970297,1786409284.9134922
11,3938,0.5527753233909607,0.5277093596059114,1786409284.9693122
11,3939,0.47951120138168335,0.5269607843137255,1786409285.0229547
11,3940,0.19779272377490997,0.5289634146341463,1786409285.0725467
11,3941,0.48687222599983215,0.5276092233009708,1786409285.1237187
11,3942,0.26037704944610596,0.5289855072463768,1786409285.1752799
11,3943,0.5001057386398315,0.5294471153846154,1786409285.2266839
11,3944,0.26028206944465637,0.5308014354066986,1786409285.2763057
11,3945,0.505155086517334,0.530952380952381,1786409285.3263602
11,3946,0.28913986682891846,0.5316943127962085,1786409285.3766997
11,3947,0.30648359656333923,0.5318396226415094,1786409285.4272208
11,3948,0.25879284739494324,0.5331572769953051,1786409285.48077
11,3949,0.23508058488368988,0.5338785046728972,1786409285.532296
11,3950,0.4227938652038574,0.5343023255813953,1786409285.5846417
11,3951,0.2958359718322754,0.5353009259259259,1786409285.6349394
11,3952,0.4079785943031311,0.535426267281106,1786409285.6853013
11,3953,0.48633241653442383,0.5355504587155964,1786409285.73516
11,3954,0.3301708698272705,0.533675799086758,1786409285.7884064
11,3955,0.5817289352416992,0.5321022727272727,1786409285.8392208
11,3956,0.20945680141448975,0.5328054298642534,1786409285.897203
11,3957,0.36325252056121826,0.5309684684684685,1786409285.9485173
11,3958,0.3211807310581207,0.531390134529148,1786409285.9996412
11,3959,0.6986693143844604,0.5306919642857143,1786409286.0558243
11,3960,0.5884031653404236,0.5302777777777777,1786409286.1066453
11,3961,0.6855514049530029,0.5306969026548672,1786409286.1569405
11,3962,0.42036041617393494,0.5316629955947136,1786409286.2081132
11,3963,0.2671273648738861,0.5326206140350878,1786409286.2594404
11,3964,0.30046647787094116,0.5332969432314411,1786409286.3130348
11,3965,0.38485920429229736,0.533695652173913,1786409286.364318
11,3966,0.2357313185930252,0.5340909090909091,1786409286.4233654
11,3967,0.3690895438194275,0.5347521551724138,1786409286.4725397
11,3968,0.31943434476852417,0.5354077253218884,1786409286.5222046
11,3969,0.37812185287475586,0.5352564102564102,1786409286.5752497
11,3970,0.5303394794464111,0.5343085106382979,1786409286.6245577
11,3971,0.29242047667503357,0.5352224576271186,1786409286.675379
11,3972,0.3336712419986725,0.5337552742616034,1786409286.729177
11,3973,0.6398468017578125,0.5330882352941176,1786409286.7821932
11,3974,0.5479923486709595,0.5321652719665272,1786409286.8350663
11,3975,0.4172245264053345,0.5322916666666667,1786409286.8866105
11,3976,0.2532399296760559,0.5329356846473029,1786409286.9378924
11,3977,0.36198967695236206,0.5330578512396694,1786409286.9940825
11,3978,0.2937524914741516,0.5339506172839507,1786409287.0469675
11,3979,0.3322766125202179,0.5343237704918032,1786409287.099824
11,3980,0.2447795569896698,0.5352040816326531,1786409287.1500614
11,3981,0.39225372672080994,0.5353150406504065,1786409287.2051451
11,3982,0.45220470428466797,0.5336538461538461,1786409287.2555532
11,3983,0.2808224856853485,0.5342741935483871,1786409287.3065615
11,3984,0.42916274070739746,0.5328815261044176,1786409287.358155
11,3985,0.3590792417526245,0.5315,1786409287.4097636
11,3986,0.35724198818206787,0.5311254980079682,1786409287.4587202
11,3987,0.21468131244182587,0.5317460317460317,1786409287.5099633
11,3988,0.46995577216148376,0.5316205533596838,1786409287.5590255
11,3989,0.348967969417572,0.531988188976378,1786409287.6143591
11,3990,0.3484686613082886,0.5303921568627451,1786409287.6703053
11,3991,0.31797879934310913,0.53076171875,1786409287.719165
11,3992,0.29388484358787537,0.5316147859922179,1786409287.7728362
11,3993,0.16765768826007843,0.532703488372093,1786409287.8293293
11,3994,0.3050803542137146,0.5337837837837838,1786409287.880449
11,3995,0.5691972970962524,0.5341346153846154,1786409287.935708
11,3996,0.4777410924434662,0.5335249042145593,1786409287.9855049
11,3997,0.5243552327156067,0.5329198473282443,1786409288.0352776
11,3998,0.3179730176925659,0.5335076045627376,1786409288.089573
11,3999,0.39369404315948486,0.5336174242424242,1786409288.1423519
11,4000,0.22707338631153107,0.5341981132075472,1786409288.1928914
11,4001,0.359702467918396,0.5343045112781954,1786409288.245364
11,4002,0.3712258040904999,0.5330056179775281,1786409288.2949643
11,4003,0.2554607391357422,0.5319496268656716,1786409288.3454132
11,4004,0.32245439291000366,0.5318308550185874,1786409288.3971376
11,4005,0.3937363028526306,0.5324074074074074,1786409288.4531415
11,4006,0.4908725917339325,0.5322878228782287,1786409288.501804
11,4007,0.351852685213089,0.5321691176470589,1786409288.5526521
11,4008,0.3468382954597473,0.5325091575091575,1786409288.6037726
11,4009,0.5212224721908569,0.5323905109489051,1786409288.6603198
11,4010,0.6413965225219727,0.5311363636363636,1786409288.710975
11,4011,0.5933394432067871,0.5314764492753623,1786409288.762062
11,4012,0.4376280605792999,0.532716606498195,1786409288.8109636
11,4013,0.5356134176254272,0.5310251798561151,1786409288.863851
11,4014,0.32167673110961914,0.5309139784946236,1786409288.9142263
11,4015,0.35758402943611145,0.5314732142857143,1786409288.969598
11,4016,0.2617661952972412,0.531806049822064,1786409289.019678
11,4017,0.2578623294830322,0.53302304964539,1786409289.073798
11,4018,0.27676886320114136,0.5331272084805654,1786409289.1228309
11,4019,0.2828793227672577,0.5336707746478874,1786409289.1762054
11,4020,0.43329566717147827,0.5337719298245615,1786409289.2254367
11,4021,0.5766656398773193,0.5338723776223776,1786409289.274279
11,4022,0.5742005109786987,0.5337543554006968,1786409289.3227668
11,4023,0.376842200756073,0.5334201388888888,1786409289.3721864
11,4024,0.3205811381340027,0.5330882352941176,1786409289.4218516
11,4025,0.3271448612213135,0.5334051724137931,1786409289.469797
11,4026,0.47900283336639404,0.532860824742268,1786409289.517881
11,4027,0.3847105801105499,0.5321061643835616,1786409289.5667055
11,4028,0.34448695182800293,0.5326365187713311,1786409289.6160555
11,4029,0.32204747200012207,0.5318877551020408,1786409289.6653383
11,4030,0.36330997943878174,0.5322033898305085,1786409289.713207
11,4031,0.37111932039260864,0.5323057432432432,1786409289.7640848
11,4032,0.30031707882881165,0.5324074074074074,1786409289.8130772
11,4033,0.3431321382522583,0.5329278523489933,1786409289.8626237
11,4034,0.35089418292045593,0.5317725752508361,1786409289.9114237
11,4035,0.2044791728258133,0.5325,1786409289.9598627
11,4036,0.1658460944890976,0.5336378737541528,1786409290.008694
11,4037,1.3007594347000122,0.5329056291390728,1786409290.0575976
11,4038,0.4002743661403656,0.5332095709570958,1786409290.1064928
11,4039,0.19713059067726135,0.5341282894736842,1786409290.1554937
11,4040,0.21839115023612976,0.5344262295081967,1786409290.2046762
12,4041,0.39561110734939575,0.4375,1786409291.8621054
12,4042,0.30490636825561523,0.5625,1786409291.9556148
12,4043,0.4391491711139679,0.375,1786409292.0114448
12,4044,0.39429253339767456,0.390625,1786409292.0766246
12,4045,0.2495788037776947,0.4625,1786409292.1441095
12,4046,0.3175983130931854,0.5,1786409292.195719
12,4047,0.396003782749176,0.5,1786409292.2491107
12,4048,0.5220945477485657,0.515625,1786409292.3018045
12,4049,0.2863750457763672,0.5347222222222222,1786409292.3594434
12,4050,0.430004358291626,0.5375,1786409292.4112082
12,4051,0.5348567366600037,0.5568181818181818,1786409292.4658377
12,4052,0.3867078423500061,0.5520833333333334,1786409292.5172083
12,4053,0.31887006759643555,0.5721153846153846,1786409292.5674303
12,4054,0.37608665227890015,0.5401785714285714,1786409292.617803
12,4055,0.5203702449798584,0.525,1786409292.668914
12,4056,0.40159568190574646,0.51953125,1786409292.7232096
12,4057,0.2880297899246216,0.5294117647058824,1786409292.7719095
12,4058,0.3909710943698883,0.5243055555555556,1786409292.8235137
12,4059,0.2795965075492859,0.5361842105263158,1786409292.8747284
12,4060,0.35266247391700745,0.534375,1786409292.9305418
12,4061,0.3847104609012604,0.5208333333333334,1786409292.985472
12,4062,0.22129517793655396,0.53125,1786409293.035473
12,4063,0.6807398200035095,0.5217391304347826,1786409293.0856016
12,4064,0.43916380405426025,0.5052083333333334,1786409293.1366024
12,4065,0.2577665448188782,0.515,1786409293.1903172
12,4066,0.35316404700279236,0.5096153846153846,1786409293.2414224
12,4067,0.3101534843444824,0.5138888888888888,1786409293.295001
12,4068,0.34958893060684204,0.515625,1786409293.3497226
12,4069,0.44110795855522156,0.5129310344827587,1786409293.3999538
12,4070,0.5155881643295288,0.5,1786409293.450305
12,4071,0.3493131995201111,0.5040322580645161,1786409293.500463
12,4072,0.5885417461395264,0.498046875,1786409293.5545588
12,4073,0.4979310929775238,0.4962121212121212,1786409293.6044815
12,4074,0.42261821031570435,0.4889705882352941,1786409293.6675866
12,4075,0.2805701196193695,0.49464285714285716,1786409293.7177405
12,4076,0.31772753596305847,0.4982638888888889,1786409293.7680788
12,4077,0.439706027507782,0.49493243243243246,1786409293.8237808
12,4078,0.39882373809814453,0.4868421052631579,1786409293.8740416
12,4079,0.21115317940711975,0.4951923076923077,1786409293.9300056
12,4080,0.42709556221961975,0.4890625,1786409293.9840682
12,4081,0.4858495593070984,0.47865853658536583,1786409294.0370772
12,4082,0.4215613305568695,0.47470238095238093,1786409294.0891006
12,4083,0.3957073390483856,0.47674418604651164,1786409294.139438
12,4084,0.21292315423488617,0.48011363636363635,1786409294.1956363
12,4085,0.4374098777770996,0.48194444444444445,1786409294.2468803
12,4086,0.3154827952384949,0.48641304347826086,1786409294.296979
12,4087,0.34810787439346313,0.49069148936170215,1786409294.3500319
12,4088,0.47316795587539673,0.4895833333333333,1786409294.4025862
12,4089,0.29310518503189087,0.49362244897959184,1786409294.4531863
12,4090,0.620893120765686,0.49375,1786409294.5027926
12,4091,0.31347355246543884,0.4963235294117647,1786409294.5518994
12,4092,0.19524292647838593,0.5036057692307693,1786409294.6055248
12,4093,0.47274088859558105,0.5035377358490566,1786409294.662984
12,4094,0.23886407911777496,0.5,1786409294.713782
12,4095,0.3237760365009308,0.5022727272727273,1786409294.7638664
12,4096,0.23160722851753235,0.5033482142857143,1786409294.8132594
12,4097,0.3270159959793091,0.5043859649122807,1786409294.8678062
12,4098,0.4483068585395813,0.5032327586206896,1786409294.9190032
12,4099,0.3004671335220337,0.4968220338983051,1786409294.9733672
12,4100,0.3730802834033966,0.5,1786409295.0242164
12,4101,0.371670663356781,0.4948770491803279,1786409295.0745769
12,4102,0.7211360335350037,0.4949596774193548,1786409295.124481
12,4103,0.4629848599433899,0.49503968253968256,1786409295.1830363
12,4104,0.2658030092716217,0.4970703125,1786409295.2340577
12,4105,0.18925036489963531,0.5038461538461538,1786409295.284322
12,4106,0.28850463032722473,0.4981060606060606,1786409295.3349
12,4107,0.3966294825077057,0.5,1786409295.388239
12,4108,0.30385494232177734,0.5027573529411765,1786409295.438892
12,4109,0.20590198040008545,0.5063405797101449,1786409295.4898784
12,4110,0.26331642270088196,0.5107142857142857,1786409295.5405061
12,4111,0.46954619884490967,0.5105633802816901,1786409295.592451
12,4112,0.3027608096599579,0.5052083333333334,1786409295.646912
12,4113,0.3754638135433197,0.502568493150685,1786409295.6967018
12,4114,0.3375025689601898,0.5016891891891891,1786409295.747037
12,4115,0.18272285163402557,0.5058333333333334,1786409295.799276
12,4116,0.5274947285652161,0.5024671052631579,1786409295.851052
12,4117,0.32426702976226807,0.5048701298701299,1786409295.9022083
12,4118,0.31829798221588135,0.5064102564102564,1786409295.9529853
12,4119,0.2580493986606598,0.5087025316455697,1786409296.0031288
12,4120,0.4886932373046875,0.51015625,1786409296.0541213
12,4121,0.19386515021324158,0.5146604938271605,1786409296.103983
12,4122,0.39274507761001587,0.5167682926829268,1786409296.158167
12,4123,0.45152246952056885,0.5180722891566265,1786409296.212952
12,4124,0.2468554675579071,0.5126488095238095,1786409296.2634597
12,4125,0.3515665531158447,0.513235294117647,1786409296.3142226
12,4126,0.3267378807067871,0.5087209302325582,1786409296.3675785
12,4127,0.3588768243789673,0.5086206896551724,1786409296.4164767
12,4128,0.3232472836971283,0.5113636363636364,1786409296.4747157
12,4129,0.2942585349082947,0.5140449438202247,1786409296.526117
12,4130,0.2742730379104614,0.5166666666666667,1786409296.576417
12,4131,0.407617449760437,0.5192307692307693,1786409296.632318
12,4132,0.24630425870418549,0.5210597826086957,1786409296.688905
12,4133,0.27097201347351074,0.5228494623655914,1786409296.7386575
12,4134,0.22549155354499817,0.5246010638297872,1786409296.7878735
12,4135,0.31379616260528564,0.5256578947368421,1786409296.838306
12,4136,0.42913538217544556,0.525390625,1786409296.888671
12,4137,0.43585139513015747,0.5270618556701031,1786409296.939682
12,4138,0.40511104464530945,0.5280612244897959,1786409296.9929826
12,4139,0.21522827446460724,0.5290404040404041,1786409297.048722
12,4140,0.42383289337158203,0.525625,1786409297.0990536
12,4141,0.5665964484214783,0.5241336633663366,1786409297.149832
12,4142,0.26237189769744873,0.5257352941176471,1786409297.200545
12,4143,0.5626422762870789,0.5230582524271845,1786409297.2496262
12,4144,0.3918582797050476,0.5204326923076923,1786409297.3017485
12,4145,0.6027182340621948,0.518452380952381,1786409297.3524234
12,4146,0.46339136362075806,0.5200471698113207,1786409297.4037755
12,4147,0.3275422155857086,0.5204439252336449,1786409297.456416
12,4148,0.4145754277706146,0.5208333333333334,1786409297.5115983
12,4149,0.6077439188957214,0.5223623853211009,1786409297.5615933
12,4150,0.3546592891216278,0.5232954545454546,1786409297.612901
12,4151,0.3117963969707489,0.5247747747747747,1786409297.6666212
12,4152,0.4284017086029053,0.5239955357142857,1786409297.718348
12,4153,0.4723415970802307,0.5221238938053098,1786409297.7678144
12,4154,0.27983903884887695,0.5224780701754386,1786409297.8179505
12,4155,0.5546865463256836,0.5211956521739131,1786409297.8748415
12,4156,0.4597824811935425,0.5199353448275862,1786409297.925876
12,4157,0.3771260380744934,0.5197649572649573,1786409297.97697
12,4158,0.27405452728271484,0.5211864406779662,1786409298.025737
12,4159,0.5007940530776978,0.5225840336134454,1786409298.0775225
12,4160,0.28008222579956055,0.5234375,1786409298.1278276
12,4161,0.6145999431610107,0.5222107438016529,1786409298.1874552
12,4162,0.23915740847587585,0.5189549180327869,1786409298.237334
12,4163,0.2735297679901123,0.5198170731707317,1786409298.2920766
12,4164,0.25564831495285034,0.5206653225806451,1786409298.3417106
12,4165,0.30446913838386536,0.52,1786409298.3970563
12,4166,0.47333407402038574,0.5203373015873016,1786409298.4485066
12,4167,0.23709136247634888,0.5226377952755905,1786409298.4973593
12,4168,0.6625407934188843,0.52099609375,1786409298.5528917
12,4169,0.3793351650238037,0.5213178294573644,1786409298.6031778
12,4170,0.33925768733024597,0.5221153846153846,1786409298.657208
12,4171,0.6034103631973267,0.5224236641221374,1786409298.7070303
12,4172,0.5452019572257996,0.5208333333333334,1786409298.7586973
12,4173,0.25577694177627563,0.5220864661654135,1786409298.8089712
12,4174,0.4283097982406616,0.5191231343283582,1786409298.859628
12,4175,0.3255985379219055,0.5203703703703704,1786409298.9170804
12,4176,0.34882238507270813,0.5206801470588235,1786409298.9669235
12,4177,0.5895109176635742,0.5191605839416058,1786409299.0201552
12,4178,0.3107617199420929,0.5194746376811594,1786409299.0699642
12,4179,0.3400822877883911,0.5197841726618705,1786409299.1211946
12,4180,0.26154881715774536,0.5209821428571428,1786409299.1774917
12,4181,0.3477521240711212,0.5221631205673759,1786409299.2269802
12,4182,0.2547372877597809,0.5246478873239436,1786409299.277277
12,4183,0.3241827189922333,0.5270979020979021,1786409299.3288956
12,4184,0.8684674501419067,0.5238715277777778,1786409299.3840663
12,4185,0.416959285736084,0.5228448275862069,1786409299.4355533
12,4186,0.38119053840637207,0.5235445205479452,1786409299.484691
12,4187,0.6684408783912659,0.5238095238095238,1786409299.5369782
12,4188,0.473296582698822,0.5228040540540541,1786409299.58766
12,4189,0.32512933015823364,0.5239093959731543,1786409299.6380782
12,4190,0.3116960823535919,0.52375,1786409299.6954184
12,4191,0.4496571719646454,0.5244205298013245,1786409299.744783
12,4192,0.6390806436538696,0.5230263157894737,1786409299.8010035
12,4193,0.5840166807174683,0.5224673202614379,1786409299.8518517
12,4194,0.4010706841945648,0.5202922077922078,1786409299.902738
12,4195,0.5166788101196289,0.5201612903225806,1786409299.9540374
12,4196,0.5092981457710266,0.5184294871794872,1786409300.0073664
12,4197,0.3297395706176758,0.5171178343949044,1786409300.056763
12,4198,0.38885951042175293,0.5166139240506329,1786409300.1173499
12,4199,0.217629536986351,0.5145440251572327,1786409300.1682382
12,4200,0.39061999320983887,0.514453125,1786409300.2196033
12,4201,0.514647364616394,0.515139751552795,1786409300.2699695
12,4202,0.4640882909297943,0.5150462962962963,1786409300.319301
12,4203,0.3677136301994324,0.5157208588957055,1786409300.3715305
12,4204,0.3562028110027313,0.515625,1786409300.423171
12,4205,0.2537887990474701,0.5162878787878787,1786409300.472484
12,4206,0.6789389848709106,0.5169427710843374,1786409300.5231962
12,4207,0.47164618968963623,0.5164670658682635,1786409300.573374
12,4208,0.48260194063186646,0.5171130952380952,1786409300.6277666
12,4209,0.37326377630233765,0.514792899408284,1786409300.6827888
12,4210,0.5613293051719666,0.5147058823529411,1786409300.7329938
12,4211,0.4225468635559082,0.5138888888888888,1786409300.7819839
12,4212,0.2947159707546234,0.5119912790697675,1786409300.832344
12,4213,0.6560627222061157,0.5115606936416185,1786409300.8829968
12,4214,0.30436185002326965,0.5107758620689655,1786409300.938069
12,4215,0.3038930594921112,0.5121428571428571,1786409300.9891205
12,4216,0.34286242723464966,0.5124289772727273,1786409301.0463006
12,4217,0.4570782780647278,0.5109463276836158,1786409301.0955894
12,4218,0.46576476097106934,0.5112359550561798,1786409301.1456866
12,4219,0.35328128933906555,0.5118715083798883,1786409301.1975975
12,4220,0.4741779863834381,0.5107638888888889,1786409301.2512968
12,4221,0.4917263388633728,0.512085635359116,1786409301.3009596
12,4222,0.33951035141944885,0.5127060439560439,1786409301.357931
12,4223,0.18810777366161346,0.514344262295082,1786409301.4082217
12,4224,0.3351114094257355,0.5149456521739131,1786409301.4585626
12,4225,0.6748486757278442,0.5135135135135135,1786409301.5095637
12,4226,0.3766888976097107,0.5141129032258065,1786409301.5610719
12,4227,0.4346473217010498,0.5150401069518716,1786409301.6104639
12,4228,0.2717716097831726,0.5166223404255319,1786409301.6675313
12,4229,0.43135350942611694,0.5178571428571429,1786409301.71776
12,4230,0.5039771795272827,0.5180921052631579,1786409301.7729185
12,4231,0.24293957650661469,0.5160340314136126,1786409301.8238595
12,4232,0.5215649604797363,0.5143229166666666,1786409301.87296
12,4233,0.2978665828704834,0.5119818652849741,1786409301.9229188
12,4234,0.378042072057724,0.5112757731958762,1786409301.9760456
12,4235,0.26034241914749146,0.5102564102564102,1786409302.0316029
12,4236,0.38052356243133545,0.5114795918367347,1786409302.0867877
12,4237,0.5075275897979736,0.5114213197969543,1786409302.1371255
12,4238,0.17565210163593292,0.5129419191919192,1786409302.1862288
12,4239,0.2400556057691574,0.512248743718593,1786409302.236518
12,4240,0.35450229048728943,0.510625,1786409302.28863
12,4241,0.7537975907325745,0.5105721393034826,1786409302.3465614
12,4242,0.36477649211883545,0.5114480198019802,1786409302.4013214
12,4243,0.2617834806442261,0.5116995073891626,1786409302.4556808
12,4244,0.264740526676178,0.5122549019607843,1786409302.5055447
12,4245,0.2804465889930725,0.5131097560975609,1786409302.5555134
12,4246,0.711448073387146,0.5106189320388349,1786409302.6074576
12,4247,0.44570669531822205,0.5111714975845411,1786409302.6578562
12,4248,0.2994539737701416,0.5120192307692307,1786409302.7071054
12,4249,0.38149288296699524,0.5110645933014354,1786409302.7594478
12,4250,0.3262389302253723,0.5116071428571428,1786409302.8095224
12,4251,0.29449886083602905,0.5100710900473934,1786409302.8662417
12,4252,0.32115206122398376,0.5112028301886793,1786409302.9169838
12,4253,0.6232360601425171,0.5108568075117371,1786409302.9660673
12,4254,0.2600775957107544,0.5122663551401869,1786409303.018686
12,4255,0.2942858040332794,0.5107558139534883,1786409303.0693684
12,4256,0.37104305624961853,0.5095486111111112,1786409303.1198277
12,4257,0.6117699146270752,0.5080645161290323,1786409303.1697242
12,4258,0.2736186981201172,0.5086009174311926,1786409303.2249033
12,4259,0.23567655682563782,0.509417808219178,1786409303.2802925
12,4260,0.6944278478622437,0.5082386363636363,1786409303.3353527
12,4261,0.3894006907939911,0.5084841628959276,1786409303.385817
12,4262,0.48300299048423767,0.5078828828828829,1786409303.441198
12,4263,0.19727912545204163,0.5092488789237668,1786409303.4898198
12,4264,0.24820007383823395,0.5103236607142857,1786409303.5397356
12,4265,0.46388936042785645,0.5108333333333334,1786409303.5897548
12,4266,0.37961167097091675,0.5110619469026548,1786409303.6401048
12,4267,0.24202904105186462,0.5118392070484582,1786409303.6903267
12,4268,0.4060644507408142,0.5098684210526315,1786409303.743144
12,4269,0.38129717111587524,0.509825327510917,1786409303.7935486
12,4270,0.25716230273246765,0.5111413043478261,1786409303.8459039
12,4271,0.5853957533836365,0.5110930735930735,1786409303.9008594
12,4272,0.4005160629749298,0.5110452586206896,1786409303.9520638
12,4273,0.3201352059841156,0.5109978540772532,1786409304.007321
12,4274,0.643443763256073,0.5104166666666666,1786409304.0620987
12,4275,0.5338956117630005,0.5101063829787233,1786409304.1114087
12,4276,0.21767699718475342,0.5092690677966102,1786409304.1644373
12,4277,0.39594465494155884,0.5097573839662447,1786409304.2178137
12,4278,0.38935789465904236,0.5084033613445378,1786409304.2689116
12,4279,0.3764093816280365,0.5086297071129707,1786409304.3187864
12,4280,0.4039463996887207,0.509375,1786409304.3687644
12,4281,0.4486215114593506,0.5077800829875518,1786409304.4215355
12,4282,0.3570457100868225,0.5085227272727273,1786409304.4705734
12,4283,0.28599438071250916,0.5084876543209876,1786409304.521424
12,4284,0.25373101234436035,0.5094774590163934,1786409304.5746858
12,4285,0.25562784075737,0.5104591836734694,1786409304.6256423
12,4286,0.6049286127090454,0.5099085365853658,1786409304.6766002
12,4287,0.4074856638908386,0.5091093117408907,1786409304.7338462
12,4288,0.5872669816017151,0.5095766129032258,1786409304.786048
12,4289,0.3709765374660492,0.509789156626506,1786409304.8362653
12,4290,0.2672581970691681,0.5085,1786409304.8862493
12,4291,0.44970861077308655,0.5082171314741036,1786409304.9387639
12,4292,0.5322102308273315,0.5074404761904762,1786409304.9890606
12,4293,0.4309925436973572,0.5061758893280632,1786409305.0418508
12,4294,0.37289005517959595,0.5063976377952756,1786409305.09195
12,4295,0.3207729756832123,0.5073529411764706,1786409305.1424267
12,4296,0.2792128324508667,0.507568359375,1786409305.192947
12,4297,0.33460214734077454,0.5080252918287937,1786409305.2441404
12,4298,0.34976649284362793,0.5067829457364341,1786409305.2965145
12,4299,0.46135833859443665,0.5067567567567568,1786409305.3458924
12,4300,0.4810754954814911,0.5055288461538462,1786409305.3968043
12,4301,0.348677396774292,0.5055076628352491,1786409305.4462628
12,4302,0.27738603949546814,0.5064408396946565,1786409305.5025015
12,4303,0.31024405360221863,0.5071292775665399,1786409305.5567443
12,4304,0.3259566128253937,0.5078125,1786409305.605808
12,4305,0.3973526656627655,0.5058962264150944,1786409305.6618211
12,4306,0.26328885555267334,0.5051691729323309,1786409305.7118838
12,4307,0.2064460813999176,0.5063202247191011,1786409305.7622092
12,4308,0.6380439400672913,0.5060634328358209,1786409305.818013
12,4309,0.22062186896800995,0.5069702602230484,1786409305.8673046
12,4310,0.30924928188323975,0.5076388888888889,1786409305.9254375
12,4311,0.2998923063278198,0.5066881918819188,1786409305.975606
12,4312,0.41770705580711365,0.5062040441176471,1786409306.0307117
12,4313,0.28101029992103577,0.5068681318681318,1786409306.083181
12,4314,0.2794055938720703,0.5054744525547445,1786409306.1346736
12,4315,0.2242412120103836,0.5040909090909091,1786409306.1842947
12,4316,0.41896721720695496,0.5029438405797102,1786409306.2356055
12,4317,0.2736225724220276,0.5036101083032491,1786409306.285551
12,4318,0.35150036215782166,0.5042715827338129,1786409306.3354642
12,4319,0.6466599702835083,0.5047043010752689,1786409306.3875945
12,4320,0.3193414509296417,0.5042410714285714,1786409306.4420097
12,4321,0.28629353642463684,0.5048932384341637,1786409306.497224
12,4322,0.3652808368206024,0.505540780141844,1786409306.5457923
12,4323,0.4345267713069916,0.5055212014134276,1786409306.5978916
12,4324,0.2853025197982788,0.5063820422535211,1786409306.6473935
12,4325,0.5226007699966431,0.5057017543859649,1786409306.6955626
12,4326,0.31179431080818176,0.5065559440559441,1786409306.743902
12,4327,0.2547047436237335,0.507404181184669,1786409306.7923985
12,4328,0.24319450557231903,0.5080295138888888,1786409306.8414388
12,4329,0.3198084235191345,0.509083044982699,1786409306.8897636
12,4330,0.2401445508003235,0.5101293103448276,1786409306.9377985
12,4331,0.3125292956829071,0.5096649484536082,1786409306.9865916
12,4332,0.5728340148925781,0.5085616438356164,1786409307.0356607
12,4333,0.42269936203956604,0.5074658703071673,1786409307.0852618
12,4334,0.30415311455726624,0.5080782312925171,1786409307.133764
12,4335,0.19373871386051178,0.5091101694915254,1786409307.1822953
12,4336,0.3784099221229553,0.5101351351351351,1786409307.231622
12,4337,0.3812601864337921,0.5105218855218855,1786409307.2799554
12,4338,0.24059700965881348,0.5109060402684564,1786409307.328012
12,4339,0.20577239990234375,0.5119147157190636,1786409307.3766267
12,4340,0.31342291831970215,0.5122916666666667,1786409307.4253056
12,4341,0.25532862544059753,0.5130813953488372,1786409307.4739273
12,4342,0.36139529943466187,0.5130380794701986,1786409307.521537
12,4343,0.5498576760292053,0.5136138613861386,1786409307.570656
12,4344,0.7765954732894897,0.5127467105263158,1786409307.6199496
12,4345,0.3900708854198456,0.5131147540983606,1786409307.6681974
