epoch,step,batch_loss,running_acc,timestamp
0,1,0.7980725765228271,0.4375,1785199044.5402853
0,2,0.729312002658844,0.390625,1785199044.6910403
0,3,0.7735865116119385,0.3993055555555556,1785199044.8374124
0,4,0.7829490900039673,0.3880208333333333,1785199044.9848824
0,5,0.7360935211181641,0.3875,1785199045.1321514
0,6,0.7421633005142212,0.375,1785199045.2783031
0,7,0.7354133129119873,0.38392857142857145,1785199045.424879
0,8,0.7298561334609985,0.3841145833333333,1785199045.5729654
0,9,0.7168111801147461,0.3784722222222222,1785199045.7204068
0,10,0.7186814546585083,0.3802083333333333,1785199045.8686297
0,11,0.6994420289993286,0.3797348484848485,1785199046.017319
0,12,0.7640239000320435,0.3793402777777778,1785199046.162722
0,13,0.7948843240737915,0.38060897435897434,1785199046.3206587
0,14,0.7895029187202454,0.38095238095238093,1785199046.468505
0,15,0.6509652733802795,0.3875,1785199046.6159186
0,16,0.7730178833007812,0.38671875,1785199046.7619953
0,17,0.6580976247787476,0.3897058823529412,1785199046.909212
0,18,0.8045902252197266,0.3900462962962963,1785199047.2428007
0,19,0.7426764965057373,0.3887061403508772,1785199047.408175
0,20,0.6956281065940857,0.39114583333333336,1785199047.5742047
0,21,0.7110815644264221,0.39285714285714285,1785199047.7377567
0,22,0.7273383736610413,0.39204545454545453,1785199048.1067433
0,23,0.7826318144798279,0.3917572463768116,1785199048.2680006
0,24,0.7699600458145142,0.3875868055555556,1785199048.4373581
0,25,0.8251171112060547,0.3879166666666667,1785199048.6112885
0,26,0.6951041221618652,0.3870192307692308,1785199048.9748168
0,27,0.6915853023529053,0.3861882716049383,1785199049.1387281
0,28,0.6439117789268494,0.38578869047619047,1785199049.2881837
0,29,0.7798331379890442,0.3857758620689655,1785199049.4718971
0,30,0.7584995031356812,0.38680555555555557,1785199049.8572881
0,31,0.7507196068763733,0.38911290322580644,1785199050.0036967
0,32,0.7063844203948975,0.3899739583333333,1785199050.150257
0,33,0.6655169725418091,0.3926767676767677,1785199050.3332047
0,34,0.6790436506271362,0.39338235294117646,1785199050.7151659
0,35,0.7808830738067627,0.3925595238095238,1785199050.863183
0,36,0.6651040315628052,0.390625,1785199051.0100317
0,37,0.7099104523658752,0.38963963963963966,1785199051.199988
0,38,0.7191472053527832,0.3900767543859649,1785199051.5897806
0,39,0.7035452127456665,0.38969017094017094,1785199051.7427363
0,40,0.7089755535125732,0.38984375,1785199051.8884182
0,41,0.6623097658157349,0.3910060975609756,1785199052.0671759
0,42,0.7250397801399231,0.390625,1785199052.473342
0,43,0.6563801765441895,0.39219961240310075,1785199052.6245666
0,44,0.6847434639930725,0.3913352272727273,1785199052.7963896
0,45,0.617315411567688,0.3900462962962963,1785199052.9433477
0,46,0.5872442126274109,0.3903985507246377,1785199053.358717
0,47,0.7554399967193604,0.3911790780141844,1785199053.5064955
0,48,0.7381291389465332,0.3921440972222222,1785199053.6541605
0,49,0.766613245010376,0.39392006802721086,1785199053.8004322
0,50,0.7017126679420471,0.39395833333333335,1785199054.2096896
0,51,0.6685805916786194,0.39215686274509803,1785199054.356647
0,52,0.7395015358924866,0.39122596153846156,1785199054.5177174
0,53,0.8415194749832153,0.3903301886792453,1785199054.6662486
0,54,0.615355372428894,0.3900462962962963,1785199055.0928054
0,55,0.5980756282806396,0.390530303030303,1785199055.2461805
0,56,0.7219071984291077,0.3904389880952381,1785199055.3925977
0,57,0.7105575203895569,0.39016812865497075,1785199055.5404568
0,58,0.7448803186416626,0.39026580459770116,1785199055.9565918
0,59,0.8905353546142578,0.3908898305084746,1785199056.1041632
0,60,0.733951985836029,0.3902777777777778,1785199056.2644923
0,61,0.6789020895957947,0.38900273224043713,1785199056.4111922
0,62,0.8353477716445923,0.3894489247311828,1785199056.814853
0,63,0.7343785762786865,0.39037698412698413,1785199056.963161
0,64,0.6528906226158142,0.3909505208333333,1785199057.135335
0,65,0.7059800028800964,0.391025641025641,1785199057.2815235
0,66,0.6262449026107788,0.390625,1785199057.6801758
0,67,0.6425812840461731,0.39070273631840796,1785199057.8276293
0,68,0.5613859295845032,0.39139093137254904,1785199058.009002
0,69,0.7256739735603333,0.39221014492753625,1785199058.1565716
0,70,0.7884368300437927,0.3919642857142857,1785199058.5564446
0,71,0.7176221609115601,0.392018779342723,1785199058.7066133
0,72,0.6678293943405151,0.3929398148148148,1785199058.8864307
0,73,0.6741870641708374,0.394263698630137,1785199059.033374
0,74,0.6532647013664246,0.39372184684684686,1785199059.4212987
0,75,0.6851550340652466,0.3938888888888889,1785199059.5680144
0,76,0.7270796298980713,0.39432565789473684,1785199059.7654724
0,77,0.7526347041130066,0.395021645021645,1785199059.9124308
0,78,0.7436181902885437,0.39449786324786323,1785199060.2929685
0,79,0.7020622491836548,0.3941191983122363,1785199060.4397
0,80,0.7015189528465271,0.3946614583333333,1785199060.6398003
0,81,0.8196679949760437,0.39609053497942387,1785199060.7871363
0,82,0.7293930649757385,0.39634146341463417,1785199061.174884
0,83,0.767994225025177,0.39558232931726905,1785199061.3206248
0,84,0.7229040861129761,0.39657738095238093,1785199061.5191343
0,85,0.7586294412612915,0.39644607843137253,1785199061.6680837
0,86,0.6968637108802795,0.39704457364341084,1785199062.0341318
0,87,0.6353159546852112,0.397389846743295,1785199062.1799161
0,88,0.7259162664413452,0.39867424242424243,1785199062.3975146
0,89,0.6730537414550781,0.39864232209737827,1785199062.545666
0,90,0.7561542987823486,0.39814814814814814,1785199062.9085047
0,91,0.7398508787155151,0.39869505494505497,1785199063.0566547
0,92,0.6145481467247009,0.40092844202898553,1785199063.2883286
0,93,0.7599017024040222,0.40132168458781364,1785199063.4351053
0,94,0.7317778468132019,0.40115248226950356,1785199063.7849011
0,95,0.797870934009552,0.4017543859649123,1785199063.9319777
0,96,0.7782478928565979,0.4013671875,1785199064.1465063
0,97,0.6486258506774902,0.4020618556701031,1785199064.2935352
0,98,0.7095903158187866,0.40167942176870747,1785199064.6558452
0,99,0.693336546421051,0.4019360269360269,1785199064.8023052
0,100,0.7718534469604492,0.4025,1785199065.0137048
0,101,0.7764873504638672,0.40284653465346537,1785199065.160865
0,102,0.7466423511505127,0.4036968954248366,1785199065.5001688
0,103,0.7092624306678772,0.40351941747572817,1785199065.646866
0,104,0.6432999968528748,0.40294471153846156,1785199065.8780274
0,105,0.5777561664581299,0.4035714285714286,1785199066.0254846
0,106,0.7657287120819092,0.40467767295597484,1785199066.3584774
0,107,0.7013133764266968,0.40488707165109034,1785199066.5063362
0,108,0.771967887878418,0.4047067901234568,1785199066.7576077
0,109,0.7115381956100464,0.4050076452599388,1785199066.9052432
0,110,0.7621815204620361,0.40539772727272727,1785199067.2448575
0,111,0.8298993110656738,0.40615615615615613,1785199067.391941
0,112,0.6958128213882446,0.40634300595238093,1785199067.6254659
0,113,0.8754569292068481,0.40680309734513276,1785199067.7714233
0,114,0.7001903653144836,0.40634137426900585,1785199068.135546
0,115,0.7249128818511963,0.4067934782608696,1785199068.281275
0,116,0.7696536779403687,0.4071479885057471,1785199068.4893086
0,117,0.7809922695159912,0.40687321937321935,1785199068.6379876
0,118,0.6531878113746643,0.4067796610169492,1785199069.0175912
0,119,0.6731056571006775,0.4069502801120448,1785199069.1650844
0,120,0.8172051310539246,0.40694444444444444,1785199069.3590112
0,121,0.7083513140678406,0.40702479338842973,1785199069.505092
0,122,0.8347486257553101,0.40701844262295084,1785199069.8895082
0,123,0.7764062285423279,0.4074356368563686,1785199070.0357726
0,124,0.774508535861969,0.4080981182795699,1785199070.233778
0,125,0.6686116456985474,0.4083333333333333,1785199070.3815334
0,126,0.6543888449668884,0.4087301587301587,1785199070.7652915
0,127,0.6389064788818359,0.40871062992125984,1785199070.912396
0,128,0.6555803418159485,0.4095052083333333,1785199071.1182363
0,129,0.742617666721344,0.40964147286821706,1785199071.2649045
0,130,0.6852882504463196,0.41073717948717947,1785199071.6328108
0,131,0.6161893010139465,0.4115776081424936,1785199071.7814984
0,132,0.8835945725440979,0.4124842171717172,1785199072.013827
0,133,0.725088894367218,0.4132205513784461,1785199072.16151
0,134,0.6414769887924194,0.41363495024875624,1785199072.5052335
0,135,0.7418055534362793,0.41358024691358025,1785199072.655971
0,136,0.6927927136421204,0.4140625,1785199072.8904572
0,137,0.7397232055664062,0.4146897810218978,1785199073.0375223
0,138,0.7669280171394348,0.4149305555555556,1785199073.363736
0,139,0.6701515913009644,0.4155425659472422,1785199073.5094593
0,140,0.9546307921409607,0.41577380952380955,1785199073.7650335
0,141,0.7939947843551636,0.4162234042553192,1785199073.9130402
0,142,0.6807659864425659,0.4170334507042254,1785199074.2246068
0,143,0.684116542339325,0.4173951048951049,1785199074.372497
0,144,0.7215816378593445,0.41796875,1785199074.6526945
0,145,0.670509934425354,0.4180316091954023,1785199074.8006434
0,146,0.7307609915733337,0.4178082191780822,1785199075.1253493
0,147,0.7225478887557983,0.41829648526077096,1785199075.2719748
0,148,0.6573754549026489,0.4190596846846847,1785199075.5433555
0,149,0.6617578864097595,0.41960290827740493,1785199075.6915905
0,150,0.6986560821533203,0.42055555555555557,1785199075.9983308
0,151,0.7933016419410706,0.4208057395143488,1785199076.1451592
0,152,0.6034719347953796,0.42112116228070173,1785199076.4241226
0,153,0.7186774611473083,0.4215686274509804,1785199076.571914
0,154,0.680893063545227,0.42133387445887444,1785199076.8649185
0,155,0.7068673968315125,0.4215725806451613,1785199077.0120392
0,156,0.6748660802841187,0.422142094017094,1785199077.29312
0,157,0.8045579791069031,0.42283704883227174,1785199077.440623
0,158,0.7878246903419495,0.4229957805907173,1785199077.743976
0,159,0.8191335797309875,0.4229559748427673,1785199077.8915243
0,160,0.6698915958404541,0.423828125,1785199078.1646233
0,161,0.7912412881851196,0.42358954451345754,1785199078.3135915
0,162,0.7063387632369995,0.4234825102880658,1785199078.6065178
0,163,0.6209715604782104,0.4239519427402863,1785199078.753203
0,164,0.6612890362739563,0.4248602642276423,1785199079.044283
0,165,0.6776612997055054,0.4254419191919192,1785199079.1898205
0,166,0.7656678557395935,0.4259538152610442,1785199079.4960275
0,167,0.7015764713287354,0.4265843313373254,1785199079.6454253
0,168,0.8100653886795044,0.4267733134920635,1785199079.9211996
0,169,0.7066124677658081,0.42696005917159763,1785199080.068367
0,170,0.6916795372962952,0.42720588235294116,1785199080.3752306
0,171,0.5539473295211792,0.42805799220272905,1785199080.5226605
0,172,0.5970472097396851,0.4284156976744186,1785199080.8226545
0,173,0.6867550015449524,0.42864884393063585,1785199080.9720798
0,174,0.5996142625808716,0.4291786398467433,1785199081.2441714
0,175,0.7036594748497009,0.4295833333333333,1785199081.3918653
0,176,0.6874167919158936,0.43016098484848486,1785199081.6946063
0,177,0.6869323253631592,0.4303201506591337,1785199081.8439462
0,178,0.6799996495246887,0.43047752808988765,1785199082.1133385
0,179,0.7588836550712585,0.4308659217877095,1785199082.260302
0,180,0.6538459062576294,0.43125,1785199082.5767312
0,181,0.7962083220481873,0.4316873848987109,1785199082.7318788
0,182,0.8130329847335815,0.4321771978021978,1785199082.9857469
0,183,0.7700475454330444,0.4327755009107468,1785199083.1332357
0,184,0.7123996019363403,0.4330276268115942,1785199083.457136
0,185,0.7622528076171875,0.4332207207207207,1785199083.6048255
0,186,0.780086100101471,0.4329637096774194,1785199083.8786144
0,187,0.6382193565368652,0.4332107843137255,1785199084.0244129
0,188,0.7043251991271973,0.4332890070921986,1785199084.3392138
0,189,0.6371138691902161,0.4338073192239859,1785199084.4881704
0,190,0.7309421300888062,0.434265350877193,1785199084.7447
0,191,0.7616329789161682,0.43460951134380454,1785199084.8916147
0,192,0.6738896369934082,0.4350043402777778,1785199085.2057393
0,193,0.7115039229393005,0.43485535405872194,1785199085.3531415
0,194,0.6047667860984802,0.43551331615120276,1785199085.5982234
0,195,0.6896045804023743,0.4360576923076923,1785199085.747457
0,196,0.7048181295394897,0.43606505102040816,1785199086.0762737
0,197,0.6085900068283081,0.4363895939086294,1785199086.2233195
0,198,0.7676419019699097,0.43707912457912457,1785199086.4587414
0,199,0.6167105436325073,0.4373429648241206,1785199086.605642
0,200,0.7316563725471497,0.4377083333333333,1785199086.9407022
0,201,0.7920088768005371,0.43817371475953565,1785199087.0860267
0,202,0.6864539980888367,0.43822194719471946,1785199087.3378541
0,203,0.8539410829544067,0.4386288998357964,1785199087.484675
0,204,0.7193900942802429,0.43887867647058826,1785199087.8307984
0,205,0.6497926712036133,0.43877032520325204,1785199087.978012
0,206,0.6960790157318115,0.43911812297734626,1785199088.2041342
0,207,0.6118773221969604,0.4388083735909823,1785199088.351312
0,208,0.8010870814323425,0.43935296474358976,1785199088.7231565
0,209,0.662674069404602,0.439792663476874,1785199088.8704193
0,210,0.7160078287124634,0.439781746031746,1785199089.0655375
0,211,0.6614654660224915,0.44046208530805686,1785199089.2125142
0,212,0.6515786647796631,0.4410377358490566,1785199089.5836456
0,213,0.674200177192688,0.44141236306729265,1785199089.741035
0,214,0.7255125045776367,0.441588785046729,1785199089.9461758
0,215,0.5996280312538147,0.44215116279069766,1785199090.0923584
0,216,0.6089906692504883,0.4419367283950617,1785199090.4411407
0,217,0.5942564606666565,0.44210829493087556,1785199090.587513
0,218,0.6180784106254578,0.4422782874617737,1785199090.847557
0,219,0.640007734298706,0.4430650684931507,1785199090.9934735
0,220,0.7596546411514282,0.4433238636363636,1785199091.3227112
0,221,0.7967104911804199,0.4439102564102564,1785199091.4705222
0,222,0.6679016947746277,0.44411599099099097,1785199091.719581
0,223,0.8345087766647339,0.4446001494768311,1785199091.8664706
0,224,0.6985006928443909,0.4449869791666667,1785199092.2017052
0,225,0.7299014329910278,0.4452777777777778,1785199092.3487551
0,226,0.6853646636009216,0.4460269174041298,1785199092.6109676
0,227,0.6071346402168274,0.44658590308370044,1785199092.7576053
0,228,0.7012929916381836,0.44691154970760233,1785199093.075713
0,229,0.7805561423301697,0.4470524017467249,1785199093.2235792
0,230,0.7058533430099487,0.4472826086956522,1785199093.4777026
0,231,0.6222113966941833,0.4476461038961039,1785199093.62455
0,232,0.6081916093826294,0.4482309626436782,1785199093.9534082
0,233,0.6571613550186157,0.44863197424892703,1785199094.1027389
0,234,0.6393036842346191,0.4492076210826211,1785199094.3496106
0,235,0.7634379267692566,0.44951241134751774,1785199094.4975572
0,236,0.6084364056587219,0.4494173728813559,1785199094.8257852
0,237,0.5941584706306458,0.45002637130801687,1785199094.9795642
0,238,0.665900707244873,0.45032387955182074,1785199095.2199104
0,239,0.6789610385894775,0.4503573919107392,1785199095.3665004
0,240,0.6707205772399902,0.45091145833333335,1785199095.719591
0,241,0.722881019115448,0.451417704011065,1785199095.8646963
0,242,0.7342365980148315,0.4519628099173554,1785199096.074174
0,243,0.9504309892654419,0.4522033607681756,1785199096.2179983
0,244,0.7553748488426208,0.452484631147541,1785199096.5972319
0,245,0.6416435241699219,0.4528486394557823,1785199096.7419574
0,246,0.6658960580825806,0.453125,1785199096.9473643
0,247,0.7087859511375427,0.4537365047233468,1785199097.0952754
0,248,0.7391552329063416,0.4539650537634409,1785199097.4848835
0,249,0.6049966216087341,0.4539825970548862,1785199097.630717
0,250,0.6424646377563477,0.4544166666666667,1785199097.868665
0,251,0.6301460266113281,0.4546812749003984,1785199098.0156589
0,252,0.6774048805236816,0.4548197751322751,1785199098.3870842
0,253,0.569811224937439,0.45528656126482214,1785199098.5357683
0,254,0.6159675121307373,0.45579068241469817,1785199098.7846646
0,255,0.6375882625579834,0.45625,1785199098.9313216
0,256,0.507388710975647,0.4567057291666667,1785199099.2730136
0,257,0.694517970085144,0.4575226977950713,1785199099.4221716
0,258,0.6713893413543701,0.45788921188630494,1785199099.7312262
0,259,0.7101466059684753,0.45825289575289574,1785199099.8789392
0,260,0.6568045616149902,0.4590144230769231,1785199100.2030017
0,261,0.694814920425415,0.45925127713920816,1785199100.351893
0,262,0.6039748191833496,0.4597248727735369,1785199100.6075084
0,263,0.6204438805580139,0.45995722433460073,1785199100.7547112
0,264,0.7187129855155945,0.46046401515151514,1785199101.1027374
0,265,0.7945669889450073,0.46080974842767297,1785199101.2487907
0,266,0.6130920052528381,0.46158364661654133,1785199101.483039
0,267,0.5719135403633118,0.46211766541822724,1785199101.629963
0,268,0.6531279683113098,0.46225901741293535,1785199101.9760149
0,269,0.5656624436378479,0.4628252788104089,1785199102.1310072
0,270,0.8713861107826233,0.46280864197530863,1785199102.3684523
0,271,0.6881815195083618,0.46325338253382536,1785199102.5248666
0,272,0.7462326288223267,0.46377144607843135,1785199102.8930326
0,273,0.6547591686248779,0.464247557997558,1785199103.0472007
0,274,0.7368628978729248,0.46460614355231145,1785199103.3444018
0,275,0.6641383171081543,0.46511363636363634,1785199103.5383115
0,276,0.6797563433647156,0.4655042270531401,1785199104.0031533
0,277,0.7016507387161255,0.46600481347773764,1785199104.3523517
0,278,0.6166203022003174,0.4665392685851319,1785199104.7003727
0,279,0.7323522567749023,0.4668832138590203,1785199105.0503652
0,280,0.5688658356666565,0.4674479166666667,1785199105.3237457
0,281,0.6329772472381592,0.46760083036773425,1785199105.4944975
0,282,0.6750551462173462,0.46804816784869974,1785199105.6661315
0,283,0.6279637217521667,0.46878680800942285,1785199105.81386
0,284,0.6432955861091614,0.4692268192488263,1785199105.961236
0,285,0.9112212061882019,0.4697368421052632,1785199106.1104276
0,286,0.736366868019104,0.46980623543123545,1785199106.2578027
0,287,0.7031634449958801,0.470201800232288,1785199106.4040935
0,288,0.6908407211303711,0.47077546296296297,1785199106.5956824
0,289,0.6316433548927307,0.47116493656286046,1785199106.7431753
0,290,0.7128133773803711,0.47155172413793106,1785199107.0019312
0,291,0.8654232025146484,0.47204324169530354,1785199107.152594
0,292,0.6759479641914368,0.4722816780821918,1785199107.4993155
0,293,0.5291078686714172,0.4729095563139932,1785199107.6452067
0,294,0.7007894515991211,0.4730371315192744,1785199107.8842084
0,295,0.7009575366973877,0.4735169491525424,1785199108.0303886
0,296,0.7629829049110413,0.4739231418918919,1785199108.3935013
0,297,0.7619979381561279,0.47453703703703703,1785199108.5392675
0,298,0.8534062504768372,0.47511185682326623,1785199108.7717497
0,299,0.6434645056724548,0.4755086399108138,1785199108.9192803
0,300,0.598063588142395,0.4757638888888889,1785199109.2396462
0,301,0.6435409188270569,0.4757751937984496,1785199109.3851042
0,302,0.6480894684791565,0.4760623620309051,1785199109.6537197
0,303,0.569156289100647,0.4763820132013201,1785199109.7978227
0,304,0.6964913010597229,0.47683662280701755,1785199110.1223514
0,305,0.8156392574310303,0.47721994535519124,1785199110.2689533
0,306,0.6617982387542725,0.4774645969498911,1785199110.5469024
0,307,0.6733254194259644,0.47770765472312704,1785199110.6941006
0,308,0.9961444735527039,0.47821969696969696,1785199110.9995732
0,309,0.6893718242645264,0.4785598705501618,1785199111.1461484
0,310,0.5778726935386658,0.47896505376344084,1785199111.4365733
0,311,0.6449344158172607,0.47933413719185425,1785199111.5832112
0,312,0.6178527474403381,0.48010149572649574,1785199111.872195
0,313,0.8075051307678223,0.48039802981895635,1785199112.0203102
0,314,0.6247200965881348,0.4807590233545648,1785199112.3259807
0,315,0.7466622591018677,0.48131613756613756,1785199112.4717803
0,316,0.6808834075927734,0.4819026898734177,1785199112.7758439
0,317,0.705058217048645,0.48222266035751843,1785199112.9248378
0,318,0.5459468960762024,0.4827044025157233,1785199113.221493
0,319,0.5304604768753052,0.4832810867293626,1785199113.3683665
0,320,0.6555417776107788,0.48365885416666665,1785199113.668693
0,321,0.6692811250686646,0.48416407061266875,1785199113.8148096
0,322,0.5432037115097046,0.4846014492753623,1785199114.1109257
0,323,0.6387781500816345,0.48510061919504643,1785199114.2564635
0,324,0.6245688199996948,0.48572530864197533,1785199114.5683162
0,325,0.6917988061904907,0.48580128205128204,1785199114.714836
0,326,0.5882293581962585,0.48610046012269936,1785199114.9823074
0,327,0.5757173895835876,0.48630224260958205,1785199115.1296108
0,328,0.6256343126296997,0.48682037601626016,1785199115.4163194
0,329,0.8211978673934937,0.48701874366767983,1785199115.5618014
0,330,0.6482394337654114,0.48731060606060606,1785199115.8842642
0,331,0.6390283107757568,0.4876321752265861,1785199116.0310152
0,332,0.8604776859283447,0.48792043172690763,1785199116.3003783
0,333,0.753261923789978,0.48833208208208206,1785199116.4469953
0,334,0.5922994017601013,0.48871007984031933,1785199116.7619326
0,335,0.7188570499420166,0.4890858208955224,1785199116.9095685
0,336,0.6743410229682922,0.4892733134920635,1785199117.1876843
0,337,0.674865186214447,0.4895833333333333,1785199117.335553
0,338,0.7035515308380127,0.48998397435897434,1785199117.6753755
0,339,0.616483747959137,0.4901364306784661,1785199117.8224008
0,340,0.5794375538825989,0.4904411764705882,1785199118.1056979
0,341,0.6616048216819763,0.49089687194525905,1785199118.2527454
0,342,0.7778072357177734,0.49122807017543857,1785199118.5519772
0,343,0.6229037046432495,0.49152696793002915,1785199118.7001498
0,344,0.824210524559021,0.49182412790697677,1785199118.9930658
0,345,0.6308166980743408,0.49236111111111114,1785199119.1400826
0,346,0.5483713746070862,0.4926541425818882,1785199119.419537
0,347,0.672461748123169,0.4930655619596542,1785199119.5658288
0,348,0.7138469815254211,0.4934147509578544,1785199119.8687863
0,349,0.6271920800209045,0.49391117478510027,1785199120.0164905
0,350,0.6412438750267029,0.494375,1785199120.3018203
0,351,0.7012501955032349,0.4949845679012346,1785199120.4475696
0,352,0.7819561958312988,0.49535392992424243,1785199120.7509542
0,353,0.6123747229576111,0.49578021718602455,1785199120.8976195
0,354,0.6400585174560547,0.4960275423728814,1785199121.1641743
0,355,0.8190072774887085,0.4964201877934272,1785199121.3115628
0,356,0.5826970338821411,0.4968984082397004,1785199121.630707
0,357,0.6779791712760925,0.49711134453781514,1785199121.776372
0,358,0.894476056098938,0.49741038175046554,1785199122.040645
0,359,0.7684001326560974,0.49776578458681525,1785199122.1876986
0,360,0.5372453331947327,0.4982638888888889,1785199122.5137632
0,361,0.9423456192016602,0.49875923361034163,1785199122.660506
0,362,0.587399423122406,0.49925184162062614,1785199122.9024208
0,363,0.6401609778404236,0.49936868686868685,1785199123.0488653
0,364,0.6753051280975342,0.49997138278388276,1785199123.4099605
0,365,0.6935970783233643,0.5001712328767123,1785199123.5577922
0,366,0.9960575103759766,0.5006830601092896,1785199123.797319
0,367,0.8417932987213135,0.5010217983651226,1785199123.9454167
0,368,0.718173623085022,0.5016417572463768,1785199124.3139322
0,369,0.5415900349617004,0.5019196025293586,1785199124.462972
0,370,0.643690824508667,0.502195945945946,1785199124.6855402
0,371,0.7182066440582275,0.5026111859838275,1785199124.830986
0,372,0.5762015581130981,0.5029681899641577,1785199125.2195697
0,373,0.5675434470176697,0.5034349865951743,1785199125.3672705
0,374,0.6357508897781372,0.503954991087344,1785199125.5828464
0,375,0.670479416847229,0.5044722222222222,1785199125.730067
0,376,0.7133500576019287,0.5048204787234043,1785199126.1066139
0,377,0.7248986959457397,0.5051392572944297,1785199126.25327
0,378,0.5422471761703491,0.5054839065255732,1785199126.4744496
0,379,0.6036520004272461,0.5057992524186455,1785199126.6217625
0,380,0.640020489692688,0.5057565789473685,1785199126.9945645
0,381,0.7300572395324707,0.5060695538057742,1785199127.140034
0,382,0.5853606462478638,0.5064081588132635,1785199127.3521464
0,383,0.6007115244865417,0.5069625761531766,1785199127.4994905
0,384,0.6292084455490112,0.5073513454861112,1785199127.8870354
0,385,0.6939488649368286,0.5079545454545454,1785199128.035541
0,386,0.6333478689193726,0.5083657167530224,1785199128.2296236
0,387,0.5670833587646484,0.508694013781223,1785199128.3777084
0,388,0.565338134765625,0.5091280068728522,1785199128.781742
0,389,0.6453278064727783,0.5095865467009426,1785199128.928976
0,390,0.6152527928352356,0.5098557692307693,1785199129.104942
0,391,0.7096462249755859,0.5102834612105712,1785199129.2526326
0,392,0.7894011735916138,0.5106823979591837,1785199129.6705241
0,393,0.5887346863746643,0.5109732824427481,1785199129.8177261
0,394,0.5977365374565125,0.5113155668358714,1785199129.9931781
0,395,0.5717594623565674,0.5118143459915612,1785199130.140891
0,396,0.6602398157119751,0.5122843013468014,1785199130.559207
0,397,0.6274435520172119,0.5128830814441646,1785199130.7062047
0,398,0.7892528772354126,0.5130862646566164,1785199130.8895183
0,399,0.6036744117736816,0.5134711779448622,1785199131.0379996
0,400,0.6752343773841858,0.513828125,1785199131.4485228
0,401,0.6435147523880005,0.5142092684954281,1785199131.596682
0,402,0.9239927530288696,0.5143812189054726,1785199131.7648711
0,403,0.5261587500572205,0.5148883374689827,1785199131.9132743
0,404,0.7152661681175232,0.5153671617161716,1785199132.3518095
0,405,0.5502546429634094,0.5157664609053498,1785199132.5068398
0,406,0.7091624736785889,0.5159585385878489,1785199132.6542413
0,407,0.6620864272117615,0.516303235053235,1785199132.8017986
0,408,0.5469332337379456,0.516671772875817,1785199133.2438083
0,409,0.7857111692428589,0.5170894458027709,1785199133.390215
0,410,0.5414091348648071,0.5174288617886179,1785199133.5638351
0,411,0.9947801232337952,0.5177666261151662,1785199133.7100704
0,412,0.6928560137748718,0.5181027508090615,1785199134.1366625
0,413,0.6567947864532471,0.5184372477804681,1785199134.283296
0,414,0.5496731996536255,0.5188456119162641,1785199134.4480305
0,415,0.6764730215072632,0.5190763052208835,1785199134.5958905
0,416,0.6659893989562988,0.51953125,1785199135.0055795
0,417,0.5625681281089783,0.5199840127897681,1785199135.1524754
0,418,0.6249943971633911,0.520210326953748,1785199135.322378
0,419,0.7464979887008667,0.5205847255369929,1785199135.4682312
0,420,0.5866737365722656,0.5210069444444444,1785199135.8905663
0,421,0.5738905668258667,0.521402414885194,1785199136.0399754
0,422,0.5928196907043457,0.521771327014218,1785199136.201596
0,423,0.7020105123519897,0.5220892434988179,1785199136.348207
0,424,0.9378216862678528,0.5225284984276729,1785199136.77592
0,425,0.5825639367103577,0.5230392156862745,1785199136.9244797
0,426,0.5438920855522156,0.5234497261345853,1785199137.0899699
0,427,0.7286391258239746,0.5235655737704918,1785199137.2363167
0,428,0.6460381746292114,0.5240946261682243,1785199137.6620874
0,429,0.9864634275436401,0.5244026806526807,1785199137.8182344
0,430,0.47627028822898865,0.5248062015503876,1785199137.9667873
0,431,0.461723655462265,0.5250870069605569,1785199138.1153255
0,432,0.562309205532074,0.5252941743827161,1785199138.5523906
0,433,0.9124441146850586,0.5255966127790608,1785199138.6996908
0,434,0.5836580991744995,0.5259936635944701,1785199138.863339
0,435,0.560080349445343,0.5262931034482758,1785199139.0114436
0,436,0.5835580229759216,0.5265433868501529,1785199139.440854
0,437,0.6535735726356506,0.526816361556064,1785199139.5889645
0,438,0.5087306499481201,0.5271832191780822,1785199139.7521725
0,439,0.6786672472953796,0.5273823082763858,1785199139.9010682
0,440,0.6405131816864014,0.5277935606060606,1785199140.3311617
0,441,0.5478178262710571,0.5281084656084656,1785199140.4777029
0,442,0.714026689529419,0.5284455128205128,1785199140.6235614
0,443,0.753955602645874,0.5288280662151994,1785199140.770322
0,444,0.6324130892753601,0.5290446696696697,1785199141.2194996
0,445,0.4223187565803528,0.5294241573033708,1785199141.3647943
0,446,0.6750582456588745,0.5297552316890882,1785199141.5123823
0,447,0.6629912257194519,0.5300615212527964,1785199141.6587517
0,448,0.7461381554603577,0.5302734375,1785199142.1074758
0,449,0.5790048837661743,0.530670007423905,1785199142.2539413
0,450,0.5010921955108643,0.5309953703703704,1785199142.4005246
0,451,0.5122489929199219,0.5312038063562454,1785199142.546134
0,452,0.5530786514282227,0.5316417772861357,1785199142.988145
0,453,0.5151765942573547,0.5319628403237675,1785199143.1344287
0,454,0.5164483785629272,0.5321218795888399,1785199143.28369
0,455,0.674597978591919,0.5321428571428571,1785199143.4304042
0,456,0.583557665348053,0.532483552631579,1785199143.8598897
0,457,0.5494870543479919,0.5327315827862874,1785199144.0070546
0,458,0.6554880738258362,0.533092248908297,1785199144.1540854
0,459,0.6773059368133545,0.5335194262890341,1785199144.299914
0,460,0.93636554479599,0.533695652173913,1785199144.7500372
0,461,0.6726330518722534,0.5342100506146059,1785199144.89796
0,462,0.6623373031616211,0.5346094877344877,1785199145.0452437
0,463,0.597001850605011,0.5348722102231821,1785199145.193074
0,464,0.5933135747909546,0.5350215517241379,1785199145.633494
0,465,0.684899091720581,0.5352822580645161,1785199145.7792776
0,466,0.6009753942489624,0.5355418454935622,1785199145.9283533
0,467,0.6835915446281433,0.5358226266952177,1785199146.075135
0,468,0.67670738697052,0.5363247863247863,1785199146.5168967
0,469,0.5681220889091492,0.5364694385216773,1785199146.662466
0,470,0.5191709995269775,0.5367464539007092,1785199146.810001
0,471,0.6190547943115234,0.5368895966029724,1785199146.9577577
0,472,0.46424368023872375,0.5370983403954802,1785199147.410327
0,473,0.45002028346061707,0.5375704721634954,1785199147.5595179
0,474,0.6766480207443237,0.5379087552742616,1785199147.7062585
0,475,0.6189867854118347,0.5380921052631579,1785199147.853214
0,476,0.6458497643470764,0.5384059873949579,1785199148.2988706
0,477,0.6516584157943726,0.5385875262054507,1785199148.4454308
0,478,0.7183342576026917,0.5389862273361228,1785199148.5908742
0,479,0.7633625864982605,0.5395354906054279,1785199148.7384355
0,480,0.6648500561714172,0.5398654513888889,1785199149.1960402
0,481,0.5311485528945923,0.5400857588357588,1785199149.3436959
0,482,0.6926046013832092,0.5404996542185339,1785199149.4919884
0,483,0.6795728206634521,0.5406961697722568,1785199149.638855
0,484,0.7496143579483032,0.5410855716253443,1785199150.0833395
0,485,0.6297121644020081,0.5413015463917525,1785199150.2293344
0,486,0.641621470451355,0.5415380658436214,1785199150.376187
0,487,0.64457768201828,0.5419019507186859,1785199150.5238485
0,488,0.5600290298461914,0.5422429986338798,1785199150.9611454
0,489,0.609050452709198,0.5424974437627812,1785199151.108027
0,490,0.6797778606414795,0.5429421768707483,1785199151.2549303
0,491,0.5925931334495544,0.5431093007467753,1785199151.4027796
0,492,0.6775546073913574,0.5434027777777778,1785199151.8598294
0,493,0.7022175192832947,0.5438218390804598,1785199152.0086048
0,494,0.5898295044898987,0.5441970310391363,1785199152.1565988
0,495,0.7031533122062683,0.5443392255892255,1785199152.304853
0,496,0.6073499917984009,0.5447538642473119,1785199152.7448728
0,497,0.5258756875991821,0.545145875251509,1785199152.8934178
0,498,0.5264970064163208,0.5454944779116466,1785199153.0411074
0,499,0.433470755815506,0.5458416833667334,1785199153.1886349
0,500,0.6268664598464966,0.5460625,1785199153.6421692
0,501,0.746279239654541,0.5463240186294078,1785199153.7921932
0,502,0.6757568717002869,0.5467089973439575,1785199153.940908
0,503,0.7809298038482666,0.5468439363817097,1785199154.089009
0,504,0.5820392370223999,0.5471436838624338,1785199154.5277233
0,505,0.8360280394554138,0.5475247524752476,1785199154.6847003
0,506,0.5540091395378113,0.5476984519104084,1785199154.8315258
0,507,0.7227950096130371,0.5479947403024326,1785199154.9805906
0,508,0.5654489994049072,0.5482898622047244,1785199155.411608
0,509,0.6797037124633789,0.5485428945645056,1785199155.5609117
0,510,0.5843184590339661,0.5486519607843138,1785199155.7077968
0,511,0.5812453627586365,0.5490663731245923,1785199155.8546617
0,512,0.5808170437812805,0.5492960611979166,1785199156.2930834
0,513,0.44612938165664673,0.5497076023391813,1785199156.4405572
0,514,0.64825838804245,0.5500567444876784,1785199156.5876431
0,515,0.7261680960655212,0.5503438511326861,1785199156.7430816
0,516,0.6248091459274292,0.5505087209302325,1785199157.201289
0,517,0.546310305595398,0.5508744358478401,1785199157.357785
0,518,0.6518089175224304,0.55119851994852,1785199157.505169
0,519,0.5660780668258667,0.5512202954399487,1785199157.652634
0,520,0.8121159672737122,0.5513621794871795,1785199158.0986185
0,521,0.6907813549041748,0.5517634357005758,1785199158.2441707
0,522,0.6413617730140686,0.5520434227330779,1785199158.3909824
0,523,0.580183744430542,0.552182919056724,1785199158.5387774
0,524,0.5325568318367004,0.5526797073791349,1785199158.980965
0,525,0.6370946168899536,0.5528968253968254,1785199159.1272347
0,526,0.6458377838134766,0.553251742712294,1785199159.27435
0,527,0.5808629989624023,0.5535460151802657,1785199159.421008
0,528,0.737094521522522,0.5538589015151515,1785199159.8698158
0,529,0.6440131664276123,0.554013074984247,1785199160.017995
0,530,0.6246863603591919,0.5542452830188679,1785199160.1646345
0,531,0.5809884667396545,0.5545354676710609,1785199160.3118026
0,532,0.5773884057998657,0.5547462406015038,1785199160.752063
0,533,0.7591671943664551,0.5551321138211383,1785199160.8987908
0,534,0.5374223589897156,0.5554190074906367,1785199161.0469325
0,535,0.5984336137771606,0.5557827102803738,1785199161.1936133
0,536,0.5825692415237427,0.5559895833333334,1785199161.6288037
0,537,0.7978268265724182,0.5561762880198634,1785199161.7752995
0,538,0.53568035364151,0.5564203841387856,1785199161.9244156
0,539,0.525932788848877,0.5566249226963512,1785199162.070064
0,540,0.6142024993896484,0.5568672839506172,1785199162.499629
0,541,0.6252613663673401,0.5571087492298213,1785199162.6549208
0,542,0.7016830444335938,0.5572916666666666,1785199162.8014767
0,543,0.7018913626670837,0.5574739103744628,1785199162.9503822
0,544,0.6194219589233398,0.5577512254901961,1785199163.3864753
0,545,0.6283639073371887,0.5581995412844036,1785199163.5449643
0,546,0.5598464012145996,0.5583600427350427,1785199163.6914077
0,547,0.6216064691543579,0.5585390006093846,1785199163.839285
0,548,0.590982973575592,0.5586792883211679,1785199164.2750006
0,549,0.5515477657318115,0.5590467516697025,1785199164.4217072
0,550,0.5649709105491638,0.5593939393939394,1785199164.5684984
0,551,0.606634259223938,0.5595508166969148,1785199164.7158265
0,552,0.511044979095459,0.559933574879227,1785199165.1685884
0,553,0.5373427867889404,0.5601830922242315,1785199165.3266823
0,554,0.42180976271629333,0.5606009326113117,1785199165.4719856
0,555,0.565494179725647,0.5608108108108109,1785199165.6184986
0,556,0.6198902726173401,0.5612634892086331,1785199166.0709302
0,557,0.6752169132232666,0.5616023339317774,1785199166.2178755
0,558,0.5825188755989075,0.5618652927120669,1785199166.3635666
0,559,0.4287164509296417,0.5621273106738223,1785199166.5247521
0,560,0.6733397245407104,0.5624255952380952,1785199166.9529164
0,561,0.6854777336120605,0.5627785204991087,1785199167.1001012
0,562,0.5681341886520386,0.5630004448398577,1785199167.2478123
0,563,0.6087088584899902,0.5632585849615157,1785199167.4048831
0,564,0.5793842077255249,0.5637374408983451,1785199167.8254313
0,565,0.5494085550308228,0.5640486725663717,1785199167.9727716
0,566,0.5701342821121216,0.5643035924617197,1785199168.1182392
0,567,0.6743086576461792,0.564373897707231,1785199168.2729127
0,568,0.6813732385635376,0.5645356514084507,1785199168.7004004
0,569,0.6519961357116699,0.5649165202108963,1785199168.84609
0,570,0.6048873066902161,0.5651133040935673,1785199168.993813
0,571,0.5795843601226807,0.5654735843549329,1785199169.1537347
0,572,0.6699086427688599,0.5658326048951049,1785199169.5970726
0,573,0.6004970073699951,0.5659904013961605,1785199169.744039
0,574,0.7343230247497559,0.5662020905923345,1785199169.890246
0,575,0.7256720662117004,0.5664311594202899,1785199170.0385067
0,576,0.6070976257324219,0.5666232638888888,1785199170.4959178
0,577,0.5655806064605713,0.5668508087810514,1785199170.6428883
0,578,0.7292090058326721,0.5670955882352942,1785199170.7900915
0,579,0.6366062164306641,0.5672855497985032,1785199170.9384656
0,580,0.5082051157951355,0.567474856321839,1785199171.3955503
0,581,0.5013936758041382,0.5676097246127366,1785199171.5441759
0,582,0.6094322800636292,0.5678157216494846,1785199171.6904976
0,583,0.4868681728839874,0.5680924814179531,1785199171.837215
0,584,0.6480797529220581,0.568279109589041,1785199172.2704608
0,585,0.6658798456192017,0.5684472934472935,1785199172.4161174
0,586,0.7916242480278015,0.5686326791808873,1785199172.5648613
0,587,0.49302607774734497,0.5690303804656445,1785199172.7135985
0,588,0.6126000881195068,0.5693204365079365,1785199173.1750188
0,589,0.6207213997840881,0.5695033955857386,1785199173.3223882
0,590,0.749060869216919,0.5697387005649718,1785199173.4714546
0,591,0.6985689401626587,0.5699203327693175,1785199173.6179802
0,592,0.7468288540840149,0.5701717342342343,1785199174.0708246
0,593,0.5397287011146545,0.5703344575604272,1785199174.2179525
0,594,0.892681896686554,0.5704615600448933,1785199174.364347
0,595,0.7005852460861206,0.570640756302521,1785199174.5110097
0,596,0.6218985915184021,0.5709766498881432,1785199174.9555042
0,597,0.6061906218528748,0.5712241764377443,1785199175.1036415
0,598,0.6298550367355347,0.5713663600891862,1785199175.251322
0,599,0.5079448223114014,0.571612409571508,1785199175.3990858
0,600,0.7001510858535767,0.5719097222222222,1785199175.8383734
0,601,0.6032931804656982,0.571998058790904,1785199175.986982
0,602,0.7357802391052246,0.5722418327796235,1785199176.1327345
0,603,0.564346432685852,0.5725020729684909,1785199176.281441
0,604,0.6031798720359802,0.5726752207505519,1785199176.7029207
0,605,0.6063351631164551,0.5727961432506887,1785199176.8499925
0,606,0.5516892075538635,0.5729854235423543,1785199176.9968693
0,607,0.715712308883667,0.5730711147721033,1785199177.1442852
0,608,0.675586462020874,0.5732421875,1785199177.5916665
0,609,0.48452699184417725,0.5734469074986316,1785199177.7392516
0,610,0.5792213678359985,0.5735826502732241,1785199177.887053
0,611,0.6125590801239014,0.5738543371522095,1785199178.033846
0,612,0.7339199185371399,0.5740570533769063,1785199178.4714246
0,613,0.6500418782234192,0.574208129418162,1785199178.6208975
0,614,0.5076534748077393,0.5743926438653637,1785199178.7686594
0,615,0.6709814667701721,0.5746443089430894,1785199178.916027
0,616,0.6194443106651306,0.5748275162337663,1785199179.3699975
0,617,0.6138483285903931,0.5749763641274986,1785199179.5159907
0,618,0.6337791085243225,0.5751415857605178,1785199179.6638048
0,619,0.5295653343200684,0.5753399299946149,1785199179.8096755
0,620,0.6637356281280518,0.5755880376344086,1785199180.2409122
0,621,0.711546003818512,0.5757682501341922,1785199180.3875546
0,622,0.6018611192703247,0.5759478831725616,1785199180.5361035
0,623,0.4710601568222046,0.5761436597110754,1785199180.6830041
0,624,0.745046079158783,0.5763721955128205,1785199181.1363285
0,625,0.6039959192276001,0.5766666666666667,1785199181.282823
0,626,0.6350735425949097,0.5768603567625133,1785199181.4296534
0,627,0.9736440181732178,0.5771364965443913,1785199181.5767572
0,628,0.5651788115501404,0.5773785828025477,1785199182.024047
0,629,0.57891845703125,0.5775536565977742,1785199182.1711898
0,630,0.5581420660018921,0.5777281746031746,1785199182.3183
0,631,0.5938758850097656,0.5779021394611727,1785199182.4651062
0,632,0.5148938298225403,0.5780590717299579,1785199182.906342
0,633,0.6297494173049927,0.5781990521327014,1785199183.056211
0,634,0.6290732622146606,0.5783057308096741,1785199183.2032175
0,635,0.5263974070549011,0.5786417322834646,1785199183.3511174
0,636,0.6330851912498474,0.5787965146750524,1785199183.792016
0,637,0.6427790522575378,0.579048927263213,1785199183.9400465
0,638,0.5685741305351257,0.5792842215256009,1785199184.087275
0,639,0.5912580490112305,0.5795024778299426,1785199184.2345893
0,640,0.6247323155403137,0.579638671875,1785199184.6729665
0,641,0.5514575242996216,0.5799044461778471,1785199184.8201184
0,642,0.6507297158241272,0.5800882658359294,1785199184.9679134
0,643,0.4525812268257141,0.5803363141524106,1785199185.1145957
0,644,0.589438259601593,0.580567417184265,1785199185.5745897
0,645,0.7307052612304688,0.580797803617571,1785199185.7202737
0,646,0.49170011281967163,0.5809952270381837,1785199185.8742428
0,647,0.6170626282691956,0.5811920401854714,1785199186.021107
0,648,0.659460723400116,0.581420396090535,1785199186.4587638
0,649,0.551186740398407,0.581712249614792,1785199186.6053996
0,650,0.5387699007987976,0.5819070512820513,1785199186.7609656
0,651,0.6728070974349976,0.5820532514080902,1785199186.9079313
0,652,0.524642288684845,0.5822469325153374,1785199187.3510613
0,653,0.5370235443115234,0.5824878764675855,1785199187.498105
0,654,0.7002716660499573,0.5825847349643222,1785199187.6451988
0,655,0.562087893486023,0.5828562340966921,1785199187.7919042
0,656,0.671725869178772,0.583079268292683,1785199188.231908
0,657,0.6525244116783142,0.5832540588533739,1785199188.3797016
0,658,0.6028958559036255,0.5834599797365755,1785199188.5271432
0,659,0.6308606863021851,0.5836652756702074,1785199188.674275
0,660,0.5384482145309448,0.5839015151515151,1785199189.140525
0,661,0.4932553768157959,0.5841527987897126,1785199189.2866938
0,662,0.5379809737205505,0.5843403826787512,1785199189.435645
0,663,0.6327303647994995,0.5845116892911011,1785199189.581255
0,664,0.6863464713096619,0.5846667921686747,1785199190.0397804
0,665,0.5385928750038147,0.5848214285714286,1785199190.1857162
0,666,0.6234983205795288,0.5849756006006006,1785199190.3327045
0,667,0.5130981206893921,0.5853010994502749,1785199190.4786258
0,668,0.5263298749923706,0.5854229041916168,1785199190.9239078
0,669,0.5027083158493042,0.5855443447932237,1785199191.0701838
0,670,0.5804872512817383,0.5857276119402985,1785199191.2176373
0,671,0.6758722066879272,0.5858948087431693,1785199191.3646674
0,672,0.7103571891784668,0.5860770089285714,1785199191.797376
0,673,0.5921638607978821,0.5861038880633977,1785199191.9445581
0,674,0.6165749430656433,0.5863006923837785,1785199192.0919616
0,675,0.6607587337493896,0.586574074074074,1785199192.2395375
0,676,0.6419937610626221,0.586754191321499,1785199192.6977427
0,677,0.56878662109375,0.5869030034465781,1785199192.8430018
0,678,0.6509258151054382,0.5872050147492626,1785199192.9907887
0,679,0.7025826573371887,0.5872913598429063,1785199193.1375382
0,680,0.7230345010757446,0.5875,1785199193.5922766
0,681,0.5599710941314697,0.5877386196769456,1785199193.737915
0,682,0.6630367040634155,0.5879307184750733,1785199193.8925743
0,683,0.5031575560569763,0.5880002440214739,1785199194.0416958
0,684,0.6309953927993774,0.5881000243664717,1785199194.4994588
0,685,0.6067883968353271,0.5882907542579076,1785199194.6485448
0,686,0.6986051797866821,0.5884201895043731,1785199194.7959864
0,687,0.5813922882080078,0.58865538573508,1785199194.9432132
0,688,0.46312475204467773,0.5889504602713178,1785199195.3523872
0,689,0.6614580154418945,0.5891388485728108,1785199195.499741
0,690,0.49950534105300903,0.5894172705314009,1785199195.6461127
0,691,0.6673498749732971,0.5896345875542692,1785199195.7931793
0,692,0.6260665655136108,0.5898663294797688,1785199196.2467842
0,693,0.4939389228820801,0.5899921837421838,1785199196.3926246
0,694,0.6266772150993347,0.590072646493756,1785199196.5395064
0,695,0.4677504003047943,0.5902278177458034,1785199196.685337
0,696,0.6309023499488831,0.5904124760536399,1785199197.1199358
0,697,0.5267559289932251,0.5906115494978479,1785199197.2657993
0,698,0.5445259809494019,0.5906757402101241,1785199197.4131918
0,699,0.5136877298355103,0.5907397472579876,1785199197.5611217
0,700,0.4661441445350647,0.5908928571428571,1785199198.0201676
0,701,0.6111763715744019,0.5911198288159771,1785199198.165887
0,702,0.6085909605026245,0.5913461538461539,1785199198.3128846
0,703,0.5379451513290405,0.5915422000948317,1785199198.4595215
0,704,0.6268579363822937,0.5917080965909091,1785199198.9040911
0,705,0.7984001040458679,0.5920212765957447,1785199199.051863
0,706,0.716533362865448,0.592141761095373,1785199199.1992066
0,707,0.5031660795211792,0.5922619047619048,1785199199.3529162
0,708,0.4926697015762329,0.5924552730696798,1785199199.78067
0,709,0.6356837153434753,0.5925452515279737,1785199199.9290676
0,710,0.6133055090904236,0.592649647887324,1785199200.0785596
0,711,0.7020382881164551,0.5928563056727614,1785199200.225613
0,712,0.5178760290145874,0.5928575608614233,1785199200.6595097
0,713,0.5615894794464111,0.5930487377279102,1785199200.806456
0,714,0.6205868124961853,0.5931080765639589,1785199200.9531898
0,715,0.613394021987915,0.5932400932400932,1785199201.1002946
0,716,0.5519612431526184,0.5934299348230913,1785199201.559907
0,717,0.5448063015937805,0.5936483031148303,1785199201.7081625
0,718,0.6518139243125916,0.5938080315691736,1785199201.855653
0,719,0.6245496869087219,0.5939528280018544,1785199202.0036657
0,720,0.5289636850357056,0.5941695601851852,1785199202.4406219
0,721,0.6413090825080872,0.5943567961165048,1785199202.5896146
0,722,0.5109154582023621,0.5944569482917821,1785199202.7354648
0,723,0.43506714701652527,0.5946720839096358,1785199202.8824492
0,724,0.42363065481185913,0.5949729511970534,1785199203.3323483
0,725,0.6294571161270142,0.5951149425287356,1785199203.4779315
0,726,0.5180080533027649,0.5952278466483012,1785199203.624766
0,727,0.5371232032775879,0.5953547684548373,1785199203.7712219
0,728,0.54025799036026,0.5956673534798534,1785199204.23135
0,729,0.5978313088417053,0.5958504801097394,1785199204.3793497
0,730,0.6268399953842163,0.5959474885844749,1785199204.5268245
0,731,0.7771470546722412,0.5960299817601459,1785199204.674465
0,732,0.633353590965271,0.5961549408014571,1785199205.099714
0,733,0.5797476768493652,0.5963079809004093,1785199205.2465818
0,734,0.6753653287887573,0.5964464123524069,1785199205.393432
0,735,0.5644682049751282,0.5965419501133787,1785199205.540218
0,736,0.6266364455223083,0.5966938405797102,1785199205.9824386
0,737,0.713209331035614,0.5968877204884667,1785199206.1310608
0,738,0.5352027416229248,0.5970105013550135,1785199206.2790422
0,739,0.5646966099739075,0.5971893324312133,1785199206.4274614
0,740,0.4780524969100952,0.5973536036036036,1785199206.8620498
0,741,0.5383608341217041,0.5975736617183985,1785199207.0111682
0,742,0.688653826713562,0.5976948562443846,1785199207.1559672
0,743,0.5784284472465515,0.5978157245401525,1785199207.304186
0,744,0.38671112060546875,0.5980202732974911,1785199207.7482526
0,745,0.610161542892456,0.5982242729306487,1785199207.8955486
0,746,0.4694650173187256,0.598316018766756,1785199208.043179
0,747,0.6585285663604736,0.5985190763052208,1785199208.1879807
0,748,0.5814054012298584,0.5986519607843137,1785199208.6249027
0,749,0.6103149652481079,0.5988262127280819,1785199208.773535
0,750,0.6106468439102173,0.5990416666666667,1785199208.9213338
0,751,0.5438613891601562,0.5992010652463382,1785199209.0689282
0,752,0.6083338260650635,0.59942929964539,1785199209.5102093
0,753,0.6909730434417725,0.5995185922974767,1785199209.6579754
0,754,0.6336674094200134,0.5996352785145889,1785199209.8042114
0,755,0.6157979965209961,0.5995722958057396,1785199209.9529164
0,756,0.4909149408340454,0.599716159611993,1785199210.4019635
0,757,0.5231590867042542,0.599887164244826,1785199210.5488627
0,758,0.6544499397277832,0.599865325417766,1785199210.6968036
0,759,0.5969381332397461,0.5999396135265701,1785199210.845006
0,760,0.6709049940109253,0.6000274122807018,1785199211.3062165
0,761,0.5348880290985107,0.6001286684187472,1785199211.4525802
0,762,0.6334482431411743,0.600298009623797,1785199211.6092725
0,763,0.4659543037414551,0.6005488204456094,1785199211.7560978
0,764,0.6975482106208801,0.6006080933682374,1785199212.1781752
0,765,0.6466412544250488,0.6007489106753813,1785199212.3253126
0,766,0.8584996461868286,0.6010253481288077,1785199212.4711974
0,767,0.5805889964103699,0.6012059973924381,1785199212.6196623
0,768,0.6592385172843933,0.6013726128472222,1785199213.076975
0,769,0.5314383506774902,0.6016471608149111,1785199213.2238748
0,770,0.7675859928131104,0.6018127705627706,1785199213.3718266
0,771,0.5789785385131836,0.601896887159533,1785199213.5190883
0,772,0.5439568161964417,0.6019807858376511,1785199213.9477186
0,773,0.6790990233421326,0.6020779430789134,1785199214.0942483
0,774,0.4631367623806,0.6022017657192076,1785199214.2429454
0,775,0.6457405090332031,0.6023252688172043,1785199214.3888009
0,776,0.6156316995620728,0.602502147766323,1785199214.8395731
0,777,0.5738683938980103,0.6026919776919777,1785199214.9860933
0,778,0.6034995317459106,0.6028545415595544,1785199215.1319697
0,779,0.5168031454086304,0.6030701754385965,1785199215.2793014
0,780,0.5958034992218018,0.6031917735042736,1785199215.7101548
0,781,0.5857699513435364,0.6032997225778916,1785199215.8562908
0,782,0.5461871027946472,0.6034340366581415,1785199216.0057478
0,783,0.7584460973739624,0.6036079182630907,1785199216.1519651
0,784,0.5356906652450562,0.6036750637755102,1785199216.6005936
0,785,0.4951411485671997,0.6039145435244161,1785199216.7482116
0,786,0.5898469686508179,0.6040871501272265,1785199216.8950193
0,787,0.6457699537277222,0.6042725540025413,1785199217.041829
0,788,0.6434148550033569,0.604431049069374,1785199217.4952948
0,789,0.6203380823135376,0.6046023447401775,1785199217.6425488
0,790,0.6152387261390686,0.6045622362869199,1785199217.7960942
0,791,0.6670665144920349,0.6046407501053519,1785199217.943615
0,792,0.7292337417602539,0.6048374368686869,1785199218.4007385
0,793,0.6639502644538879,0.6049942202606137,1785199218.5480452
0,794,0.5650435090065002,0.6051112510495382,1785199218.6949873
0,795,0.499657541513443,0.6053328092243186,1785199218.8550959
0,796,0.5666356086730957,0.6054752931323283,1785199219.3078418
0,797,0.5683844089508057,0.6057089084065245,1785199219.4557185
0,798,0.4707612991333008,0.6058636173767753,1785199219.611474
0,799,0.5706074237823486,0.6059788277012933,1785199219.7587752
0,800,0.4089653491973877,0.6060807291666667,1785199220.2106297
0,801,0.593686044216156,0.6061953807740325,1785199220.358197
0,802,0.4026312828063965,0.6063227348295926,1785199220.5096097
0,803,0.5713865756988525,0.6064757160647571,1785199220.6560042
0,804,0.4484900236129761,0.6066930970149254,1785199221.0910208
0,805,0.5284282565116882,0.6069099378881988,1785199221.2389398
0,806,0.4698120951652527,0.6070745450785774,1785199221.385974
0,807,0.6336307525634766,0.6071483890954151,1785199221.5327375
0,808,0.6822166442871094,0.607222050330033,1785199221.9817812
0,809,0.8716477155685425,0.6072826534816647,1785199222.1280522
0,810,0.5880833268165588,0.6073688271604938,1785199222.2737195
0,811,0.6343257427215576,0.6074676325524044,1785199222.4234333
0,812,0.7094433903694153,0.6076559934318555,1785199222.8867404
0,813,0.581430971622467,0.6078310783107831,1785199223.0357413
0,814,0.5182957053184509,0.6079289516789517,1785199223.1849453
0,815,0.690710186958313,0.6080649284253579,1785199223.3320954
0,816,0.5710549354553223,0.6082005718954249,1785199223.774316
0,817,0.6385166049003601,0.6082593839249286,1785199223.9213407
0,818,0.45481956005096436,0.6084581295843521,1785199224.068532
0,819,0.40544041991233826,0.6086436711436711,1785199224.2147684
0,820,0.5962202548980713,0.608739837398374,1785199224.6606011
0,821,0.689437747001648,0.6087977060495331,1785199224.806461
0,822,0.665269136428833,0.6088807785888077,1785199224.9581614
0,823,0.5652782320976257,0.6090016200891049,1785199225.1050372
0,824,0.6745321750640869,0.6091348098705501,1785199225.5538158
0,825,0.636434018611908,0.6091540404040404,1785199225.6992795
0,826,0.6390122175216675,0.6093497780468119,1785199225.8539674
0,827,0.6500999927520752,0.6094694679564692,1785199226.0018027
0,828,0.5408609509468079,0.6096140297906603,1785199226.4032047
0,829,0.45896968245506287,0.6097331121833535,1785199226.5483668
0,830,0.6538534164428711,0.6098770080321285,1785199226.6941833
0,831,0.5802266001701355,0.6099829522663458,1785199226.839872
1,832,0.6002722978591919,0.6145833333333334,1785199241.2204363
1,833,0.5622164607048035,0.6822916666666666,1785199241.3677442
1,834,0.5400956869125366,0.6875,1785199241.51395
1,835,0.5795714855194092,0.6979166666666666,1785199241.6621451
1,836,0.7845222353935242,0.7041666666666667,1785199242.072578
1,837,0.6348479986190796,0.7100694444444444,1785199242.2173164
1,838,0.7217075228691101,0.7142857142857143,1785199242.366354
1,839,0.6180539131164551,0.72265625,1785199242.515341
1,840,0.5393799543380737,0.7233796296296297,1785199242.978267
1,841,0.5461950898170471,0.7260416666666667,1785199243.1264923
1,842,0.550769567489624,0.7215909090909091,1785199243.2720768
1,843,0.72110915184021,0.7239583333333334,1785199243.4183326
1,844,0.4917423725128174,0.7267628205128205,1785199243.857326
1,845,0.530545711517334,0.7254464285714286,1785199244.0036473
1,846,0.6059346795082092,0.7236111111111111,1785199244.14965
1,847,0.6393469572067261,0.716796875,1785199244.2962701
1,848,0.5286402702331543,0.7138480392156863,1785199244.7227983
1,849,0.5421831607818604,0.7141203703703703,1785199244.8678677
1,850,0.6364779472351074,0.7160087719298246,1785199245.0123732
1,851,0.5463025569915771,0.7171875,1785199245.1579225
1,852,0.6405494809150696,0.71875,1785199245.5867078
1,853,0.6718820929527283,0.7211174242424242,1785199245.7325017
1,854,0.6231337785720825,0.7219202898550725,1785199245.8775136
1,855,0.6858011484146118,0.72265625,1785199246.0229812
1,856,0.5910435318946838,0.7216666666666667,1785199246.4662783
1,857,0.6075524687767029,0.717948717948718,1785199246.6102402
1,858,0.5235419869422913,0.71875,1785199246.7555833
1,859,0.7207973003387451,0.7180059523809523,1785199246.9003806
1,860,0.6293647885322571,0.7194683908045977,1785199247.367172
1,861,0.595564603805542,0.7180555555555556,1785199247.5122073
1,862,0.5879867076873779,0.7160618279569892,1785199247.6576939
1,863,0.6261740922927856,0.7164713541666666,1785199247.8012214
1,864,0.6765516400337219,0.7159090909090909,1785199248.2470808
1,865,0.5940819382667542,0.7162990196078431,1785199248.3924265
1,866,0.5164008736610413,0.7163690476190476,1785199248.5371687
1,867,0.6904058456420898,0.7144097222222222,1785199248.682764
1,868,0.649276614189148,0.7156531531531531,1785199249.0944235
1,869,0.7364953756332397,0.7165570175438597,1785199249.2415376
1,870,0.7028933763504028,0.7152777777777778,1785199249.3878999
1,871,0.5345057845115662,0.7158854166666667,1785199249.5337036
1,872,0.5031788945198059,0.7164634146341463,1785199249.9909208
1,873,0.5808608531951904,0.7145337301587301,1785199250.1388018
1,874,0.6369808316230774,0.7156007751937985,1785199250.286054
1,875,0.5040940046310425,0.7144886363636364,1785199250.4324358
1,876,0.5397498607635498,0.7141203703703703,1785199250.8844283
1,877,0.6053365468978882,0.713088768115942,1785199251.031102
1,878,0.5363152623176575,0.7136524822695035,1785199251.1756065
1,879,0.7362372875213623,0.7146267361111112,1785199251.3233755
1,880,0.6242694854736328,0.7140731292517006,1785199251.7610912
1,881,0.5639718770980835,0.711875,1785199251.9089403
1,882,0.6421332955360413,0.7124183006535948,1785199252.0569952
1,883,0.6255860328674316,0.7121394230769231,1785199252.2039115
1,884,0.6294835805892944,0.7114779874213837,1785199252.6092925
1,885,0.6640831828117371,0.7133487654320988,1785199252.7564254
1,886,0.5182264447212219,0.7132575757575758,1785199252.905258
1,887,0.7451027035713196,0.7142857142857143,1785199253.0523417
1,888,0.4963095188140869,0.7138157894736842,1785199253.492986
1,889,0.5289999842643738,0.7137212643678161,1785199253.6405263
1,890,0.4939667582511902,0.7146892655367232,1785199253.786936
1,891,0.5786324739456177,0.7142361111111111,1785199253.9344945
1,892,0.5124828815460205,0.7146516393442623,1785199254.3688886
1,893,0.5465625524520874,0.7135416666666666,1785199254.5162587
1,894,0.4438919126987457,0.7141203703703703,1785199254.6630151
1,895,0.5387255549430847,0.71484375,1785199254.8116736
1,896,0.5905978083610535,0.715224358974359,1785199255.2459567
1,897,0.6764118671417236,0.7152777777777778,1785199255.3930163
1,898,0.6906442046165466,0.7159514925373134,1785199255.541302
1,899,0.6362639665603638,0.7152267156862745,1785199255.687251
1,900,0.5493882298469543,0.7154287439613527,1785199256.1234643
1,901,0.663280725479126,0.715625,1785199256.2692993
1,902,0.5488564372062683,0.7161091549295775,1785199256.416185
1,903,0.8266937732696533,0.7157118055555556,1785199256.562647
1,904,0.41156256198883057,0.7166095890410958,1785199256.992957
1,905,0.4160979986190796,0.7173423423423423,1785199257.1392484
1,906,0.5464709997177124,0.7176388888888889,1785199257.2856278
1,907,0.5482520461082458,0.717516447368421,1785199257.432328
1,908,0.694351077079773,0.7164502164502164,1785199257.871759
1,909,0.5513838529586792,0.7163461538461539,1785199258.019094
1,910,0.6715024709701538,0.716376582278481,1785199258.165534
1,911,0.7055450677871704,0.7149739583333333,1785199258.3122406
1,912,0.703957736492157,0.7151491769547325,1785199258.746758
1,913,0.6817792654037476,0.7144308943089431,1785199258.895311
1,914,0.5341835618019104,0.7136044176706827,1785199259.0411472
1,915,0.5783487558364868,0.7132936507936508,1785199259.18837
1,916,0.7913009524345398,0.7131127450980392,1785199259.6251094
1,917,0.6031394600868225,0.7129360465116279,1785199259.7718365
1,918,0.6551459431648254,0.7137212643678161,1785199259.9193068
1,919,0.48633214831352234,0.7142518939393939,1785199260.065297
1,920,0.6640905141830444,0.7138342696629213,1785199260.4974875
1,921,0.5592379570007324,0.7121527777777777,1785199260.6440694
1,922,0.6745092868804932,0.7125686813186813,1785199260.7911656
1,923,0.5328728556632996,0.7127490942028986,1785199260.93745
1,924,0.4267157018184662,0.7127016129032258,1785199261.3739305
1,925,0.510050356388092,0.7126551418439716,1785199261.5196567
1,926,0.535740077495575,0.712609649122807,1785199261.668127
1,927,0.5252886414527893,0.7134331597222222,1785199261.8162684
1,928,0.5792328715324402,0.7133805841924399,1785199262.2372093
1,929,0.5637279152870178,0.7127976190476191,1785199262.3833354
1,930,0.7519782781600952,0.7123316498316499,1785199262.5312045
1,931,0.7549675703048706,0.7125,1785199262.6780763
1,932,0.6135349869728088,0.7127681518151815,1785199263.1178813
1,933,0.6071741580963135,0.7133374183006536,1785199263.2655504
1,934,0.6823418736457825,0.7129854368932039,1785199263.412805
1,935,0.5456911325454712,0.7131410256410257,1785199263.5591764
1,936,0.5937296748161316,0.7137896825396826,1785199264.001035
1,937,0.6258010864257812,0.7131485849056604,1785199264.1491964
1,938,0.5915704965591431,0.7129088785046729,1785199264.29614
1,939,0.5890089273452759,0.7139274691358025,1785199264.442508
1,940,0.5988417863845825,0.7142584097859327,1785199264.8898733
1,941,0.6302908062934875,0.7143939393939394,1785199265.0357745
1,942,0.5382401347160339,0.7141516516516516,1785199265.1835568
1,943,0.5143076181411743,0.7144717261904762,1785199265.3309321
1,944,0.535865068435669,0.7147861356932154,1785199265.7570524
1,945,0.598945140838623,0.7151864035087719,1785199265.9060752
1,946,0.6098343729972839,0.7151268115942029,1785199266.0532641
1,947,0.47765591740608215,0.7149784482758621,1785199266.1992822
1,948,0.6701761484146118,0.7146545584045584,1785199266.626991
1,949,0.5529045462608337,0.7152189265536724,1785199266.773587
1,950,0.725867748260498,0.7145483193277311,1785199266.9200413
1,951,0.8494275808334351,0.7146701388888889,1785199267.065449
1,952,0.5179781317710876,0.7145316804407713,1785199267.505859
1,953,0.5969268083572388,0.7141393442622951,1785199267.6523263
1,954,0.6360753774642944,0.7145155826558266,1785199267.8011365
1,955,0.4932282865047455,0.7145497311827957,1785199267.9491422
1,956,0.6457328796386719,0.71475,1785199268.3987386
1,957,0.5018724203109741,0.7150297619047619,1785199268.5460045
1,958,0.631499171257019,0.7150590551181102,1785199268.6917512
1,959,0.6975432634353638,0.7150065104166666,1785199268.8392406
1,960,0.668910801410675,0.715843023255814,1785199269.2719939
1,961,0.5134831070899963,0.7158653846153846,1785199269.4180717
1,962,0.5809412598609924,0.7153307888040712,1785199269.5654125
1,963,0.5710405707359314,0.7155934343434344,1785199269.7144394
1,964,0.5495448708534241,0.7153038847117794,1785199270.1476429
1,965,0.7839833498001099,0.7152518656716418,1785199270.2948449
1,966,0.6612518429756165,0.7155092592592592,1785199270.4418385
1,967,0.4864303171634674,0.7159926470588235,1785199270.5896187
1,968,0.5835907459259033,0.7163929440389294,1785199271.0383184
1,969,0.4881485402584076,0.7159571256038647,1785199271.184785
1,970,0.8429614901542664,0.7158273381294964,1785199271.3310418
1,971,0.6288721561431885,0.715922619047619,1785199271.4784539
1,972,0.6736644506454468,0.7158687943262412,1785199271.9189305
1,973,0.5150884389877319,0.7161825117370892,1785199272.0666087
1,974,0.4430652856826782,0.7162733100233101,1785199272.2122297
1,975,0.6519169807434082,0.7165798611111112,1785199272.3588076
1,976,0.5779892206192017,0.7165229885057471,1785199272.8152082
1,977,0.6162028312683105,0.7168949771689498,1785199272.963477
1,978,0.6690208315849304,0.7171201814058957,1785199273.1096969
1,979,0.5229189991950989,0.7173423423423423,1785199273.2574575
1,980,0.5592219233512878,0.716932326621924,1785199273.6897452
1,981,0.5889701247215271,0.7165972222222222,1785199273.8379664
1,982,0.7612930536270142,0.7165424944812362,1785199273.9846778
1,983,0.5338740944862366,0.7166255482456141,1785199274.1316876
1,984,0.6197945475578308,0.7163671023965141,1785199274.5632794
1,985,0.6278024315834045,0.7161796536796536,1785199274.7094734
1,986,0.7723591327667236,0.7159946236559139,1785199274.8568604
1,987,0.5762420296669006,0.7158119658119658,1785199275.0037174
1,988,0.6833620667457581,0.7155652866242038,1785199275.4470975
1,989,0.7528533935546875,0.7161128691983122,1785199275.592814
1,990,0.5802638530731201,0.7158018867924528,1785199275.7394207
1,991,0.6056421995162964,0.7159505208333333,1785199275.8880236
1,992,0.43943920731544495,0.7159032091097308,1785199276.317629
1,993,0.581185519695282,0.7154706790123457,1785199276.4664307
1,994,0.6136022806167603,0.7149795501022495,1785199276.6134288
1,995,0.5484923124313354,0.7150025406504065,1785199276.7696269
1,996,0.6919580698013306,0.7149621212121212,1785199277.1980934
1,997,0.5210878849029541,0.7146084337349398,1785199277.3457808
1,998,0.5364947319030762,0.7145084830339321,1785199277.4940736
1,999,0.5195749402046204,0.7146577380952381,1785199277.6456683
1,1000,0.5543230772018433,0.7144970414201184,1785199278.0766869
1,1001,0.5642511248588562,0.7146446078431372,1785199278.2247381
1,1002,0.5893938541412354,0.714546783625731,1785199278.371787
1,1003,0.547877848148346,0.7145106589147286,1785199278.5175202
1,1004,0.5401082038879395,0.714354527938343,1785199278.9970696
1,1005,0.542476236820221,0.7141403256704981,1785199279.1440947
1,1006,0.502152681350708,0.7139880952380953,1785199279.2919734
1,1007,0.5484581589698792,0.7138375946969697,1785199279.4399967
1,1008,0.5733962655067444,0.7141007532956686,1785199279.8909335
1,1009,0.6476902961730957,0.714185393258427,1785199280.038696
1,1010,0.6132357716560364,0.71362895716946,1785199280.1861799
1,1011,0.5200631022453308,0.7140046296296296,1785199280.3443067
1,1012,0.6058772802352905,0.7138581952117864,1785199280.7632985
1,1013,0.5341708660125732,0.7134271978021978,1785199280.9105246
1,1014,0.5199511051177979,0.71283014571949,1785199281.058742
1,1015,0.5246940851211548,0.7131453804347826,1785199281.219444
1,1016,0.4258235991001129,0.7128378378378378,1785199281.629423
1,1017,0.5038983821868896,0.712869623655914,1785199281.7763677
1,1018,0.5997558236122131,0.7129010695187166,1785199281.924492
1,1019,0.5755658149719238,0.7134862588652482,1785199282.0720727
1,1020,0.5743365287780762,0.7127976190476191,1785199282.515149
1,1021,0.5003337264060974,0.7127192982456141,1785199282.6617854
1,1022,0.5372508764266968,0.7127508726003491,1785199282.809623
1,1023,0.5025553107261658,0.7131076388888888,1785199282.9611797
1,1024,0.5451713800430298,0.7135146804835925,1785199283.386171
1,1025,0.524664580821991,0.7136490549828178,1785199283.5332694
1,1026,0.5826895236968994,0.7135683760683761,1785199283.6797762
1,1027,0.45521968603134155,0.7135416666666666,1785199283.8392766
1,1028,0.6926649808883667,0.7137796108291032,1785199284.245326
1,1029,0.5874878764152527,0.7138047138047138,1785199284.3921897
1,1030,0.6277241706848145,0.7141959798994975,1785199284.5386207
1,1031,0.6183477640151978,0.7147916666666667,1785199284.6977253
1,1032,0.597474217414856,0.7149150082918739,1785199285.1187751
1,1033,0.5653262138366699,0.7149855610561056,1785199285.2660334
1,1034,0.5672674179077148,0.7150554187192119,1785199285.4127288
1,1035,0.520619809627533,0.7150735294117647,1785199285.5612328
1,1036,0.5877304673194885,0.714989837398374,1785199286.0053356
1,1037,0.5708730220794678,0.7150586569579288,1785199286.1542237
1,1038,0.5686912536621094,0.7150764895330113,1785199286.301446
1,1039,0.4133622348308563,0.7153946314102564,1785199286.4532359
1,1040,0.5633830428123474,0.7154106858054227,1785199286.8965855
1,1041,0.561795175075531,0.7154265873015873,1785199287.0443726
1,1042,0.6708614230155945,0.7151461295418642,1785199287.1900518
1,1043,0.5838837623596191,0.7151631289308176,1785199287.3377304
1,1044,0.5078055262565613,0.715033255086072,1785199287.7755415
1,1045,0.45217764377593994,0.7150019470404985,1785199287.9231067
1,1046,0.5569373965263367,0.7148740310077519,1785199288.070233
1,1047,0.44933491945266724,0.7154224537037037,1785199288.217117
1,1048,0.5686709880828857,0.7156778033794163,1785199288.6492124
1,1049,0.44890129566192627,0.7157396788990825,1785199288.7953627
1,1050,0.5465418696403503,0.7155631659056316,1785199288.942609
1,1051,0.5055354833602905,0.7155303030303031,1785199289.0912132
1,1052,0.5745398998260498,0.7154506033182504,1785199289.5413454
1,1053,0.4103253483772278,0.715700075075075,1785199289.6879694
1,1054,0.5830830931663513,0.7155269058295964,1785199289.836535
1,1055,0.4415152370929718,0.7154017857142857,1785199289.9830468
1,1056,0.6612960696220398,0.7156481481481481,1785199290.4354463
1,1057,0.651051938533783,0.7158001474926253,1785199290.5838661
1,1058,0.7440479397773743,0.716042584434655,1785199290.731623
1,1059,0.5270732641220093,0.7161001461988304,1785199290.8784432
1,1060,0.5595269203186035,0.7163391557496361,1785199291.30812
1,1061,0.4228771924972534,0.7163949275362319,1785199291.4547582
1,1062,0.6207254528999329,0.7160443722943723,1785199291.6030157
1,1063,0.5470579862594604,0.7159213362068966,1785199291.7502306
1,1064,0.49347296357154846,0.7161123032904149,1785199292.1857638
1,1065,0.6724959015846252,0.7159009971509972,1785199292.3326344
1,1066,0.7390305399894714,0.7160460992907801,1785199292.4803634
1,1067,0.4191840887069702,0.7158810028248588,1785199292.6263378
1,1068,0.4580414891242981,0.7160689170182841,1785199293.072701
1,1069,0.5787327885627747,0.7160364145658263,1785199293.2192273
1,1070,0.5012731552124023,0.7163964435146444,1785199293.3725967
1,1071,0.43817493319511414,0.7166666666666667,1785199293.519273
1,1072,0.4523077607154846,0.7166320885200553,1785199293.948291
1,1073,0.4836747646331787,0.7169851928374655,1785199294.0947292
1,1074,0.700584352016449,0.7172067901234568,1785199294.2407727
1,1075,0.724322497844696,0.7175973360655737,1785199294.3859076
1,1076,0.577475905418396,0.717687074829932,1785199294.822123
1,1077,0.7285276055335999,0.7178607723577236,1785199294.9682605
1,1078,0.5681284666061401,0.717695681511471,1785199295.1139693
1,1079,0.5896987915039062,0.7173639112903226,1785199295.2594838
1,1080,0.4648120701313019,0.7172439759036144,1785199295.7045364
1,1081,0.8234056830406189,0.7174166666666667,1785199295.8537438
1,1082,0.5222107768058777,0.7175464807436919,1785199296.0019512
1,1083,0.5784467458724976,0.7176752645502645,1785199296.147805
1,1084,0.7828786373138428,0.717679512516469,1785199296.5592146
1,1085,0.5628489851951599,0.7176017060367454,1785199296.7064078
1,1086,0.6485841274261475,0.7178921568627451,1785199296.855337
1,1087,0.8079711198806763,0.7178955078125,1785199297.0025864
1,1088,0.6831506490707397,0.7179798962386511,1785199297.44065
1,1089,0.45278629660606384,0.718265503875969,1785199297.588807
1,1090,0.7401670217514038,0.7180662805662805,1785199297.7380319
1,1091,0.522899866104126,0.7182291666666667,1785199297.8843822
1,1092,0.6447822451591492,0.718470625798212,1785199298.318204
1,1093,0.5470771193504333,0.7184319338422391,1785199298.4639764
1,1094,0.7695680856704712,0.7184331432192649,1785199298.6118062
1,1095,0.6086870431900024,0.7181186868686869,1785199298.7587895
1,1096,0.5883147120475769,0.7183176100628931,1785199299.1840072
1,1097,0.5241177082061768,0.718358395989975,1785199299.3300362
1,1098,0.6094828844070435,0.7183208489388264,1785199299.4779704
1,1099,0.8074347972869873,0.7185167910447762,1785199299.623994
1,1100,0.6636799573898315,0.7183627633209417,1785199300.0624278
1,1101,0.6511409282684326,0.718287037037037,1785199300.2111354
1,1102,0.6460667848587036,0.7181734317343174,1785199300.358328
1,1103,0.4981038570404053,0.717984068627451,1785199300.5060022
1,1104,0.5209369659423828,0.7182539682539683,1785199300.9439044
1,1105,0.6450290679931641,0.7182937956204379,1785199301.0900834
1,1106,0.42821425199508667,0.7185227272727273,1785199301.235981
1,1107,0.5411223769187927,0.7186367753623188,1785199301.3842578
1,1108,0.6208140254020691,0.7184867629362214,1785199301.8301084
1,1109,0.562658965587616,0.7183752997601919,1785199301.976349
1,1110,0.5856891870498657,0.7181899641577061,1785199302.1225188
1,1111,0.43412405252456665,0.7183035714285714,1785199302.268887
1,1112,0.9606359004974365,0.7186387900355872,1785199302.7269711
1,1113,0.5838632583618164,0.7189716312056738,1785199302.8733904
1,1114,0.6255545020103455,0.7191180800942285,1785199303.0202136
1,1115,0.6132202744483948,0.7191534624413145,1785199303.1679127
1,1116,0.49763232469558716,0.7192982456140351,1785199303.5948088
1,1117,0.6200203895568848,0.7192234848484849,1785199303.7439246
1,1118,0.6397103071212769,0.7190040650406504,1785199303.8905957
1,1119,0.5635918378829956,0.7189670138888888,1785199304.0361943
1,1120,0.6867350935935974,0.7190743944636678,1785199304.4805765
1,1121,0.47743579745292664,0.7190732758620689,1785199304.626188
1,1122,0.6150346994400024,0.7188215922107675,1785199304.7724106
1,1123,0.6109763383865356,0.7190353881278538,1785199304.919375
1,1124,0.434628963470459,0.7189277588168373,1785199305.3538167
1,1125,0.5173331499099731,0.7190334467120182,1785199305.4996772
1,1126,0.5854316353797913,0.7193149717514125,1785199305.659915
1,1127,0.5452722311019897,0.7194186373873874,1785199305.8061652
1,1128,0.5018528699874878,0.7198021885521886,1785199306.21164
1,1129,0.6553040742874146,0.7198336129753915,1785199306.3599818
1,1130,0.6805801391601562,0.7197603121516165,1785199306.5082824
1,1131,0.5714279413223267,0.7196527777777778,1785199306.655811
1,1132,0.6632362008094788,0.719545957918051,1785199307.0989263
1,1133,0.6848559379577637,0.7196467991169978,1785199307.2478328
1,1134,0.7440093159675598,0.7195063256325632,1785199307.4064746
1,1135,0.512930691242218,0.719640899122807,1785199307.5525355
1,1136,0.4986594319343567,0.7194672131147541,1785199307.9760494
1,1137,0.5679312944412231,0.7192606209150327,1785199308.12329
1,1138,0.5222160220146179,0.719564332247557,1785199308.280665
1,1139,0.6003546118736267,0.71973079004329,1785199308.427318
1,1140,0.5430843830108643,0.7199635922330098,1785199308.8291383
1,1141,0.4829714894294739,0.7200268817204301,1785199308.9749115
1,1142,0.6482822895050049,0.7203242229367631,1785199309.124094
1,1143,0.6604888439178467,0.7202857905982906,1785199309.273047
1,1144,0.51567542552948,0.7202143237486688,1785199309.7191288
1,1145,0.5451404452323914,0.7199774416135881,1785199309.8677285
1,1146,0.620256245136261,0.7200727513227513,1785199310.0257497
1,1147,0.6639838218688965,0.7198378164556962,1785199310.1725848
1,1148,0.6312481760978699,0.7199986855941115,1785199310.6075387
1,1149,0.5042043328285217,0.7201585429769392,1785199310.7552538
1,1150,0.5815176963806152,0.720350052246604,1785199310.9031284
1,1151,0.5255880355834961,0.7202799479166667,1785199311.0516167
1,1152,0.597029447555542,0.7204374350986501,1785199311.47098
1,1153,0.610784113407135,0.7205615942028986,1785199311.616815
1,1154,0.5843941569328308,0.7206204850361198,1785199311.7697392
1,1155,0.5427239537239075,0.7204218106995884,1785199311.9164944
1,1156,0.5788901448249817,0.7204166666666667,1785199312.3402863
1,1157,0.5796497464179993,0.7204754601226994,1785199312.4960916
1,1158,0.5180804133415222,0.7204383282364933,1785199312.643438
1,1159,0.4811334013938904,0.7206872459349594,1785199312.790007
1,1160,0.6100447177886963,0.720459726443769,1785199313.224947
1,1161,0.674843966960907,0.7203282828282829,1785199313.3725293
1,1162,0.7667235136032104,0.72057527693857,1785199313.5212257
1,1163,0.5676615238189697,0.7205697791164659,1785199313.667166
1,1164,0.646277129650116,0.7206268768768769,1785199314.0958183
1,1165,0.537144660949707,0.720683632734531,1785199314.2412763
1,1166,0.5788712501525879,0.7207400497512437,1785199314.3915477
1,1167,0.5793552994728088,0.7208891369047619,1785199314.5400279
1,1168,0.5146694779396057,0.720944609297725,1785199314.9598756
1,1169,0.688390851020813,0.7210922090729783,1785199315.1079824
1,1170,0.48832032084465027,0.7212082104228122,1785199315.267081
1,1171,1.0489314794540405,0.7213235294117647,1785199315.4154418
1,1172,0.8161991834640503,0.7212854349951124,1785199315.8389115
1,1173,0.6150152087211609,0.7214303118908382,1785199315.9881694
1,1174,0.6697466969490051,0.7215439747327502,1785199316.1413507
1,1175,0.5372618436813354,0.7215358527131783,1785199316.2883494
1,1176,0.5296189188957214,0.7215277777777778,1785199316.7141142
1,1177,0.5960789322853088,0.7213993256262042,1785199316.8669167
1,1178,0.5355502367019653,0.7214817483189241,1785199317.014168
1,1179,0.4553337097167969,0.7215936302681992,1785199317.1616962
1,1180,0.56296306848526,0.7214362464183381,1785199317.6013186
1,1181,0.6102100014686584,0.721220238095238,1785199317.7484157
1,1182,0.5306264162063599,0.7213022317188984,1785199317.8953798
1,1183,0.57465660572052,0.7213541666666666,1785199318.0422888
1,1184,0.8502392768859863,0.7216713881019831,1785199318.4982162
1,1185,0.5886706709861755,0.7215454331450094,1785199318.6452599
1,1186,0.600374698638916,0.7215082159624413,1785199318.792814
1,1187,0.6561967134475708,0.7213541666666666,1785199318.9397569
1,1188,0.5967193841934204,0.7214052287581699,1785199319.3707597
1,1189,0.6908630132675171,0.7214560055865922,1785199319.5165496
1,1190,0.5707284212112427,0.7216805942432684,1785199319.6641006
1,1191,0.4696243107318878,0.721556712962963,1785199319.8103044
1,1192,0.619172990322113,0.7213469529085873,1785199320.2460601
1,1193,0.8390927314758301,0.7214261049723757,1785199320.396679
1,1194,0.44862091541290283,0.7215048209366391,1785199320.5436268
1,1195,0.6070055961608887,0.7213541666666666,1785199320.692194
1,1196,0.5122506618499756,0.7214041095890411,1785199321.1206465
1,1197,0.5302936434745789,0.7214253187613844,1785199321.266196
1,1198,0.6176203489303589,0.7213896457765667,1785199321.4119341
1,1199,0.5062788724899292,0.7216372282608695,1785199321.5590947
1,1200,0.6349112391471863,0.7217140921409214,1785199322.0052073
1,1201,0.5028601884841919,0.7217342342342342,1785199322.1517491
1,1202,0.6805983781814575,0.7219227313566936,1785199322.2987797
1,1203,0.6545516848564148,0.7220822132616488,1785199322.4441967
1,1204,0.5237988233566284,0.7219894995531725,1785199322.8981676
1,1205,0.8211790323257446,0.7220643939393939,1785199323.0458794
1,1206,0.6509618163108826,0.7220555555555556,1785199323.192953
1,1207,0.5344884991645813,0.7220190602836879,1785199323.3414295
1,1208,0.796906590461731,0.7221209106984969,1785199323.7805738
1,1209,0.6533761024475098,0.7219466490299824,1785199323.9299605
1,1210,0.6011017560958862,0.7217458223394899,1785199324.075771
1,1211,0.5479307174682617,0.7217927631578948,1785199324.2223203
1,1212,0.46847468614578247,0.7218941382327209,1785199324.6426814
1,1213,0.6608346700668335,0.7218041012216405,1785199324.7892234
1,1214,0.6700107455253601,0.7216601392515231,1785199324.9494214
1,1215,0.599395751953125,0.7216525607638888,1785199325.0958307
1,1216,0.508126974105835,0.7216991341991342,1785199325.5313067
1,1217,0.4617534875869751,0.721799438687392,1785199325.6779876
1,1218,0.5205301642417908,0.7218992248062015,1785199325.826793
1,1219,0.524125874042511,0.7217837199312714,1785199325.9750783
1,1220,0.46858441829681396,0.721990145672665,1785199326.418689
1,1221,0.5971571803092957,0.7221153846153846,1785199326.564134
1,1222,0.5841386318206787,0.7218936487638533,1785199326.7101111
1,1223,0.5091423988342285,0.7220716411564626,1785199326.856849
1,1224,0.6570408940315247,0.7220631891433418,1785199327.2962475
1,1225,0.5981252789497375,0.7221605329949239,1785199327.4432516
1,1226,0.6239210963249207,0.7218090717299578,1785199327.5912776
1,1227,0.47489115595817566,0.7218276515151515,1785199327.737461
1,1228,0.44628655910491943,0.7218986146095718,1785199328.179353
1,1229,0.6528850793838501,0.7218383584589615,1785199328.3269873
1,1230,0.5752847194671631,0.7217522974101922,1785199328.4727848
1,1231,0.5502278804779053,0.7217708333333334,1785199328.6182768
1,1232,0.6891197562217712,0.7219970906068163,1785199329.0747263
1,1233,0.5579687356948853,0.7219631011608624,1785199329.22189
1,1234,0.5978226661682129,0.72200682382134,1785199329.3825462
1,1235,0.603114902973175,0.7220503300330033,1785199329.528495
1,1236,0.5779229998588562,0.7222222222222222,1785199329.9800081
1,1237,0.6014962196350098,0.7222136699507389,1785199330.1288395
1,1238,0.5055950880050659,0.7223331285831286,1785199330.2770255
1,1239,0.5369964838027954,0.7222732843137255,1785199330.4248893
1,1240,0.5087448358535767,0.7222901385493072,1785199330.85646
1,1241,0.6640372276306152,0.7222815040650407,1785199331.0039356
1,1242,0.6061772108078003,0.7223742903487429,1785199331.1502414
1,1243,0.5389755964279175,0.7223907766990292,1785199331.2988725
1,1244,0.5594519376754761,0.7221297417271993,1785199331.7408054
1,1245,0.575021505355835,0.7220460950080515,1785199331.889643
1,1246,0.5512749552726746,0.722113453815261,1785199332.0362806
1,1247,0.5928732752799988,0.7221053685897436,1785199332.1843297
1,1248,0.4734746217727661,0.7222721822541966,1785199332.615982
1,1249,0.6047060489654541,0.7222388357256778,1785199332.7623308
1,1250,0.6113750338554382,0.722255369928401,1785199332.9089851
1,1251,0.4939279854297638,0.722296626984127,1785199333.055854
1,1252,0.5785586833953857,0.722486144101346,1785199333.4972186
1,1253,0.6353161931037903,0.7225513428120063,1785199333.64267
1,1254,0.5169534087181091,0.7225177304964538,1785199333.7888918
1,1255,0.5301014184951782,0.7225579795597484,1785199333.9358988
1,1256,0.5850226283073425,0.7225735294117647,1785199334.383401
1,1257,0.6842938661575317,0.7225401017214398,1785199334.5299125
1,1258,0.48082029819488525,0.7225068306010929,1785199334.675372
1,1259,0.6224290132522583,0.7223276869158879,1785199334.823862
1,1260,0.5838991403579712,0.7224893162393162,1785199335.2749612
1,1261,0.5694992542266846,0.7223837209302325,1785199335.4224117
1,1262,0.6384750604629517,0.7222061098221191,1785199335.571085
1,1263,0.4866277277469635,0.7221498842592593,1785199335.7189493
1,1264,0.577879786491394,0.7221901462663587,1785199336.1735165
1,1265,0.4743756651878357,0.7222782258064516,1785199336.3212395
1,1266,0.5868179798126221,0.7224137931034482,1785199336.4664638
1,1267,0.580318808555603,0.7225009556574924,1785199336.6254342
1,1268,0.7220461368560791,0.7225162090007627,1785199337.062995
1,1269,0.7228302955627441,0.7225551750380518,1785199337.2121835
1,1270,0.5960065126419067,0.7224041381928625,1785199337.3601568
1,1271,0.725218653678894,0.7224431818181818,1785199337.5072472
1,1272,0.7104081511497498,0.7224348072562359,1785199337.9399624
1,1273,0.5247442126274109,0.7224500377073907,1785199338.088382
1,1274,0.7410565614700317,0.7224887133182845,1785199338.235052
1,1275,0.5312560796737671,0.722362987987988,1785199338.382225
1,1276,0.5907526612281799,0.7224719101123596,1785199338.8364055
1,1277,0.6771699786186218,0.7223934977578476,1785199338.9918094
1,1278,0.6016942262649536,0.7222921327367636,1785199339.1373744
1,1279,0.5805143117904663,0.7223307291666666,1785199339.283603
1,1280,0.47529375553131104,0.7223227542687454,1785199339.7235336
1,1281,0.5909582376480103,0.7222685185185185,1785199339.8733318
1,1282,0.35626253485679626,0.7223992978566149,1785199340.0218403
1,1283,0.5351445078849792,0.7223220870206489,1785199340.1663518
1,1284,0.5738228559494019,0.7221992273730684,1785199340.6115487
1,1285,0.569607675075531,0.7222834067547724,1785199340.7592742
1,1286,0.6805998682975769,0.7224358974358974,1785199340.9070802
1,1287,0.6153535842895508,0.7221536915204678,1785199341.0540473
1,1288,0.5325274467468262,0.7220322757111597,1785199341.4949393
1,1289,0.6627954244613647,0.7218204148471615,1785199341.6432688
1,1290,0.6038845777511597,0.7217229484386347,1785199341.7992005
1,1291,0.6721484661102295,0.7218523550724638,1785199341.9470644
1,1292,0.7033963799476624,0.7218908170643529,1785199342.3970785
1,1293,0.5278064012527466,0.7218163780663781,1785199342.5445015
1,1294,0.6511873006820679,0.7218547516198704,1785199342.6912682
1,1295,0.5241109728813171,0.7218031609195402,1785199342.8397434
1,1296,0.7024061679840088,0.7217741935483871,1785199343.2713895
1,1297,0.5676246881484985,0.7218347639484979,1785199343.4258986
1,1298,0.6022220849990845,0.7218058529621699,1785199343.5736885
1,1299,0.6515660881996155,0.7217325498575499,1785199343.7215238
1,1300,0.6543589234352112,0.7217484008528785,1785199344.1510556
1,1301,0.537182092666626,0.7218971631205674,1785199344.2965164
1,1302,0.6312810182571411,0.7220452937013446,1785199344.4425063
1,1303,0.5059096813201904,0.7221265889830508,1785199344.58892
1,1304,0.6577584147453308,0.7221194503171248,1785199345.0183408
1,1305,0.510489284992218,0.7221123417721519,1785199345.1648908
1,1306,0.5702929496765137,0.7221491228070176,1785199345.3120809
1,1307,0.6535810232162476,0.7220544467787114,1785199345.4583025
1,1308,0.6770128011703491,0.7221348707197763,1785199345.8946576
1,1309,0.7261680364608765,0.7220842050209205,1785199346.0423212
1,1310,0.68061363697052,0.7220337508698678,1785199346.1895497
1,1311,0.7156546115875244,0.7219618055555556,1785199346.3375049
1,1312,0.5234509706497192,0.7218468468468469,1785199346.7842255
1,1313,0.5893946886062622,0.7219268672199171,1785199346.9306836
1,1314,0.616514265537262,0.721941856452726,1785199347.077764
1,1315,0.6026963591575623,0.7219352617079889,1785199347.2444475
1,1316,0.6359262466430664,0.7219072164948453,1785199347.6640449
1,1317,0.6613283157348633,0.7220078875171467,1785199347.812529
1,1318,0.6391863822937012,0.7220225872689938,1785199347.9612584
1,1319,0.5756441354751587,0.7219518442622951,1785199348.1357052
1,1320,0.4580131769180298,0.721923994546694,1785199348.5467598
1,1321,0.5747774243354797,0.7221301020408163,1785199348.6929607
1,1322,0.5894346833229065,0.7221868635437881,1785199348.8399756
1,1323,0.6212573051452637,0.7222010501355014,1785199349.0243647
1,1324,0.6448733806610107,0.7222996957403651,1785199349.4491389
1,1325,0.6229815483093262,0.7223557692307693,1785199349.5966678
1,1326,0.5351830720901489,0.7223274410774411,1785199349.743538
1,1327,0.6485154628753662,0.7224042338709677,1785199349.911416
1,1328,0.752036452293396,0.7222292085848424,1785199350.3352554
1,1329,0.5952520370483398,0.7222431392235609,1785199350.4842114
1,1330,0.4693892002105713,0.7222778891115564,1785199350.6295393
1,1331,0.6174546480178833,0.7223333333333334,1785199350.796357
1,1332,0.5845028758049011,0.7223677644710579,1785199351.2384222
1,1333,0.5742078423500061,0.7223605577689243,1785199351.3921208
1,1334,0.6425947546958923,0.7224569251159708,1785199351.5404174
1,1335,0.5969057679176331,0.7223875661375662,1785199351.686543
1,1336,0.5406937003135681,0.7224216171617162,1785199352.1242437
1,1337,0.6001543998718262,0.7223731884057971,1785199352.271747
1,1338,0.5450752973556519,0.722345496383958,1785199352.4199119
1,1339,0.5189453363418579,0.722399934383202,1785199352.5661645
1,1340,0.5938509106636047,0.7222699738048461,1785199353.0265412
1,1341,0.4937728941440582,0.7222426470588236,1785199353.1717207
1,1342,0.6537360548973083,0.7222969667318982,1785199353.3222177
1,1343,0.582445502281189,0.72216796875,1785199353.46876
1,1344,0.6156722903251648,0.7221816114359974,1785199353.9170578
1,1345,0.6327140927314758,0.7221952010376135,1785199354.06322
1,1346,0.6384056806564331,0.7220873786407767,1785199354.2148354
1,1347,0.5361427664756775,0.7220405361757106,1785199354.3612344
1,1348,0.5335085391998291,0.7220341715022566,1785199354.8010705
1,1349,0.676542341709137,0.7220479407979408,1785199354.948388
1,1350,0.6248170137405396,0.7220616570327553,1785199355.0956876
1,1351,0.7134009003639221,0.7220152243589744,1785199355.2645752
1,1352,0.596592903137207,0.7220889315419066,1785199355.689106
1,1353,0.5779712796211243,0.7220625798212005,1785199355.8364835
1,1354,0.4610253572463989,0.7221558317399618,1785199355.9823027
1,1355,0.5667867660522461,0.7221493320610687,1785199356.156295
1,1356,0.5944476127624512,0.7222222222222222,1785199356.5864854
1,1357,0.47835347056388855,0.7221364068441065,1785199356.734606
1,1358,0.6347062587738037,0.722129981024668,1785199356.8821416
1,1359,0.6220885515213013,0.7222024936868687,1785199357.0468593
1,1360,0.6990006566047668,0.7222156584751103,1785199357.4728315
1,1361,0.6655836701393127,0.7222680817610063,1785199357.6208565
1,1362,0.6461225152015686,0.7222418392969241,1785199357.7664473
1,1363,0.5699597001075745,0.7222548558897243,1785199357.9482167
1,1364,0.6226015090942383,0.7220723889931207,1785199358.35766
1,1365,0.6028982400894165,0.7220856741573034,1785199358.5040307
1,1366,0.5091365575790405,0.7221767912772585,1785199358.6501968
1,1367,0.6959421038627625,0.7222675684079602,1785199358.85361
1,1368,0.6233385801315308,0.7221446306641838,1785199359.2540226
1,1369,0.6328297257423401,0.722041511771995,1785199359.405447
1,1370,0.43200910091400146,0.7221900123685838,1785199359.551417
1,1371,0.5436428189277649,0.7222029320987654,1785199359.7414339
1,1372,0.49195462465286255,0.7222735674676525,1785199360.143168
1,1373,0.6143678426742554,0.7223631611316114,1785199360.2910888
1,1374,0.6631004214286804,0.7221454880294659,1785199360.437693
1,1375,0.49349549412727356,0.7222541360294118,1785199360.6311722
1,1376,0.5545793175697327,0.7222285932721713,1785199361.0335312
1,1377,0.5896416306495667,0.7222413003663004,1785199361.191091
1,1378,0.6704030632972717,0.7221587446678854,1785199361.3364496
1,1379,0.6177385449409485,0.7222475669099757,1785199361.5320282
1,1380,0.522829532623291,0.7221083788706739,1785199361.9323852
1,1381,0.6181724071502686,0.7221401515151515,1785199362.0779445
1,1382,0.5926346778869629,0.7219449485783425,1785199362.2236469
1,1383,0.6014779806137085,0.7219769021739131,1785199362.4266531
1,1384,0.6709014177322388,0.7219899035563593,1785199362.8107781
1,1385,0.5734080076217651,0.7221156738868832,1785199362.9596212
1,1386,0.6472337245941162,0.7221096096096096,1785199363.1076665
1,1387,0.6221216320991516,0.7220098920863309,1785199363.308409
1,1388,0.7222794890403748,0.7221162477558348,1785199363.6946182
1,1389,0.5562272667884827,0.7220355436081243,1785199363.8432944
1,1390,0.5422309637069702,0.722160107334526,1785199363.9908059
1,1391,0.585054337978363,0.7221726190476191,1785199364.1973038
1,1392,0.6327788233757019,0.7221850861556743,1785199364.57138
1,1393,0.5203719139099121,0.7221975088967971,1785199364.717827
1,1394,0.5741173028945923,0.7220988750740083,1785199364.8669422
1,1395,0.44923317432403564,0.7220744680851063,1785199365.0921986
1,1396,0.563179612159729,0.7220685840707964,1785199365.4603746
1,1397,0.6201475262641907,0.7221179328621908,1785199365.613391
1,1398,0.5564600229263306,0.7221119929453262,1785199365.760176
1,1399,0.6410262584686279,0.7220693955399061,1785199365.976625
1,1400,0.5616599917411804,0.7220086408904511,1785199366.3463235
1,1401,0.5219575762748718,0.721984649122807,1785199366.493754
1,1402,0.5938955545425415,0.722070198482195,1785199366.6416328
1,1403,0.4810585379600525,0.7220643939393939,1785199366.8649635
1,1404,0.6039143204689026,0.7220767888307156,1785199367.238767
1,1405,0.573758602142334,0.7220891405342624,1785199367.386348
1,1406,0.5762767195701599,0.7221014492753624,1785199367.5332816
1,1407,0.6676384210586548,0.7221137152777778,1785199367.7376487
1,1408,0.6995591521263123,0.7221620450606586,1785199368.1222062
1,1409,0.681586742401123,0.7221200980392157,1785199368.2685268
1,1410,0.6441763043403625,0.7222222222222222,1785199368.4150631
1,1411,0.5404326915740967,0.7221443965517241,1785199368.6240633
1,1412,0.5147546529769897,0.722228198508319,1785199369.0024571
1,1413,0.4647631347179413,0.7223117124856816,1785199369.1517677
1,1414,0.5330197811126709,0.7222698684962836,1785199369.2971098
1,1415,0.7054269909858704,0.7221924942922374,1785199369.5169582
1,1416,0.6155387163162231,0.7221866096866096,1785199369.9023795
1,1417,0.6074684858322144,0.7220740898748578,1785199370.0478175
1,1418,0.5565973520278931,0.7220329358319136,1785199370.207162
1,1419,0.5798746943473816,0.7220450680272109,1785199370.3926692
1,1420,0.6564130783081055,0.7221102150537635,1785199370.7835941
1,1421,0.49786460399627686,0.7220515536723164,1785199370.9300225
1,1422,0.5605001449584961,0.7222222222222222,1785199371.0760095
1,1423,0.5723031759262085,0.7223571227477478,1785199371.2734802
1,1424,0.49379169940948486,0.722263209668353,1785199371.666463
1,1425,0.5849490165710449,0.7223099046015713,1785199371.813909
1,1426,0.620082676410675,0.722391456582633,1785199371.960911
1,1427,0.5418322086334229,0.7224902125279642,1785199372.177813
1,1428,0.6215852499008179,0.72250139586823,1785199372.5477765
1,1429,0.6471977829933167,0.7225299609810479,1785199372.6950786
1,1430,0.5422711968421936,0.7225584307178631,1785199372.8427472
1,1431,0.6223641037940979,0.7226215277777778,1785199373.0776849
1,1432,0.5154635310173035,0.7226324181919024,1785199373.4406972
1,1433,0.6361099481582642,0.7226432724252492,1785199373.5876074
1,1434,0.5881178975105286,0.72268864013267,1785199373.7352014
1,1435,0.4987364411354065,0.7227166114790287,1785199373.983978
1,1436,0.677491307258606,0.7226756198347107,1785199374.335439
1,1437,0.5621095299720764,0.7226347634763476,1785199374.4839458
1,1438,0.6808947920799255,0.7226970071389347,1785199374.6305454
1,1439,0.4735606014728546,0.7227247807017544,1785199374.9150562
1,1440,0.5913345813751221,0.7226498357963875,1785199375.2328806
1,1441,0.536074161529541,0.7224897540983607,1785199375.3824708
1,1442,0.49196359515190125,0.7225347790507365,1785199375.528403
1,1443,0.5719781517982483,0.7226136982570807,1785199375.8164396
1,1444,0.7304694056510925,0.7226073953235455,1785199376.1318302
1,1445,0.5762866735458374,0.722431460369164,1785199376.2792044
1,1446,0.3833404779434204,0.7225440379403794,1785199376.427481
1,1447,0.5250287055969238,0.7226224296536796,1785199376.714044
1,1448,0.5353947877883911,0.7225992706645057,1785199377.0120304
1,1449,0.500840961933136,0.7227953074433657,1785199377.1606863
1,1450,0.6107089519500732,0.7229065697361335,1785199377.3092518
1,1451,0.6839587688446045,0.7230006720430108,1785199377.6044605
1,1452,0.4361132085323334,0.7230776972624798,1785199377.9045653
1,1453,0.5991954207420349,0.7229702572347267,1785199378.0538986
1,1454,0.4500507712364197,0.7229969234884965,1785199378.201051
1,1455,0.5987695455551147,0.7231236645299145,1785199378.4947333
1,1456,0.5932191014289856,0.7230166666666666,1785199378.7847815
1,1457,0.572022020816803,0.7230597710330139,1785199378.9313006
1,1458,0.660240888595581,0.7232024189261032,1785199379.077016
1,1459,0.5788646936416626,0.7232948513800425,1785199379.3873894
1,1460,0.5006630420684814,0.7234532326444091,1785199379.6836379
1,1461,0.6160454154014587,0.7234457671957671,1785199379.8322506
1,1462,0.6491806507110596,0.7233888008452193,1785199379.978894
1,1463,0.5785925388336182,0.7232496044303798,1785199380.273672
1,1464,0.609369158744812,0.7231931279620853,1785199380.5832565
1,1465,0.5412760972976685,0.7231368296529969,1785199380.7400765
1,1466,0.43907421827316284,0.7230971128608924,1785199380.8875608
1,1467,0.48459935188293457,0.7231557914046122,1785199381.1607854
1,1468,0.49873220920562744,0.7232633437990581,1785199381.4785616
1,1469,0.37676605582237244,0.7232562695924765,1785199381.625358
1,1470,0.7164455056190491,0.7232166145018257,1785199381.7729323
1,1471,0.7017585039138794,0.72333984375,1785199382.0424848
1,1472,0.5746367573738098,0.7233814352574103,1785199382.3680856
1,1473,0.34857818484306335,0.7234877985462098,1785199382.51496
1,1474,0.5698144435882568,0.7234966303784344,1785199382.6620839
1,1475,0.4735540747642517,0.7235701345755694,1785199382.949691
1,1476,0.549701988697052,0.7236434108527132,1785199383.269325
1,1477,0.7268383502960205,0.7236035861713106,1785199383.427221
1,1478,0.6390765905380249,0.7236926841834106,1785199383.574388
1,1479,0.4788491427898407,0.7236368312757202,1785199383.8416657
1,1480,0.5515820384025574,0.7236453518233179,1785199384.148498
1,1481,0.614834725856781,0.7236217948717949,1785199384.2950284
1,1482,0.5087488889694214,0.7236463133640553,1785199384.4443238
1,1483,0.6317571997642517,0.7235589212678937,1785199384.7465396
1,1484,0.5954864025115967,0.723583460949464,1785199385.0663486
1,1485,0.5196117758750916,0.7236875637104995,1785199385.220458
1,1486,0.6435964107513428,0.7237118320610687,1785199385.3676963
1,1487,0.5259610414505005,0.7236725101626016,1785199385.62881
1,1488,0.7415817379951477,0.7236967275494672,1785199385.956404
1,1489,0.540149986743927,0.7236892097264438,1785199386.105269
1,1490,0.6725670099258423,0.7237133282751644,1785199386.2517211
1,1491,0.6304717659950256,0.7236584595959596,1785199386.513805
1,1492,0.636986494064331,0.7235879979828542,1785199386.8525007
1,1493,0.5699604749679565,0.723722306143001,1785199387.000014
1,1494,0.6131430864334106,0.7236833836098542,1785199387.1467228
1,1495,0.5525481104850769,0.7235504518072289,1785199387.4165087
1,1496,0.577573835849762,0.7235745614035087,1785199387.7535577
1,1497,0.4160741865634918,0.7236455205205206,1785199387.9012465
1,1498,0.6652113795280457,0.7237162668665668,1785199388.0478091
1,1499,0.5480241179466248,0.7237088323353293,1785199388.3030522
1,1500,0.5909796357154846,0.723716990533134,1785199388.6560676
1,1501,0.5514911413192749,0.7237251243781094,1785199388.8051429
1,1502,0.5178581476211548,0.7236711376055638,1785199388.953589
1,1503,0.5276308655738831,0.7236173115079365,1785199389.1966536
1,1504,0.5313268899917603,0.7235946012877662,1785199389.5508547
1,1505,0.5134897828102112,0.7236492334322453,1785199389.6967025
1,1506,0.6289487481117249,0.7237191358024692,1785199389.8453326
1,1507,0.644316554069519,0.7236193293885601,1785199390.0700803
1,1508,0.5782045125961304,0.7236429098966026,1785199390.436489
1,1509,0.45051658153533936,0.7237125122910522,1785199390.5837502
1,1510,0.6004011034965515,0.7237665684830633,1785199390.7328138
1,1511,0.6175946593284607,0.7237132352941177,1785199390.9655647
1,1512,0.4842028021812439,0.7237824278022515,1785199391.346209
1,1513,0.5103783011436462,0.723713954056696,1785199391.4919982
1,1514,0.5708842873573303,0.723752440214739,1785199391.6381621
1,1515,0.636005163192749,0.723745126705653,1785199391.8528972
1,1516,0.5944920778274536,0.7237530413625304,1785199392.241711
1,1517,0.5700551867485046,0.7236394557823129,1785199392.3985927
1,1518,0.5016716718673706,0.7235716885007278,1785199392.5460951
1,1519,0.535691499710083,0.7235798207364341,1785199392.7425463
1,1520,0.560192883014679,0.7236181664247702,1785199393.1271913
1,1521,0.5688391327857971,0.7235960144927536,1785199393.274213
1,1522,0.4542829990386963,0.7236945248432224,1785199393.4311042
1,1523,0.5896480679512024,0.7237024325626205,1785199393.5932164
1,1524,0.47231826186180115,0.72374037999038,1785199394.019526
1,1525,0.6792874336242676,0.7237181796349664,1785199394.1668105
1,1526,0.6131535172462463,0.72371103117506,1785199394.3125148
1,1527,0.5299134254455566,0.7236590038314177,1785199394.4985719
1,1528,0.677780270576477,0.7236818507890961,1785199394.9075737
1,1529,0.601712703704834,0.7236747851002865,1785199395.0633278
1,1530,0.5540439486503601,0.7236677396280401,1785199395.2087462
1,1531,0.666916012763977,0.7237053571428571,1785199395.3828025
1,1532,0.6578523516654968,0.7237725867807894,1785199395.7744586
1,1533,0.6164993047714233,0.7237357549857549,1785199395.9220438
1,1534,0.6221861243247986,0.7237879326695116,1785199396.0692623
1,1535,0.46853235363960266,0.723825165719697,1785199396.2603061
1,1536,0.7172013521194458,0.7238475177304965,1785199396.6625838
1,1537,0.5720421075820923,0.7238993153918791,1785199396.809372
1,1538,0.6954241394996643,0.7238478312116926,1785199396.9565556
1,1539,0.6588108539581299,0.7236493644067796,1785199397.1592693
1,1540,0.5651820302009583,0.7236571462153267,1785199397.558645
1,1541,0.519321858882904,0.7236942488262911,1785199397.7054348
1,1542,0.6800323128700256,0.7236140412564463,1785199397.8521528
1,1543,0.5483270883560181,0.7235633192883895,1785199398.0513597
1,1544,0.7441145777702332,0.7234835203366059,1785199398.4565275
1,1545,0.5898771286010742,0.7235790149393091,1785199398.6041358
1,1546,0.4713580906391144,0.7236159673659673,1785199398.7514825
1,1547,0.4759129583835602,0.7236528165735568,1785199398.9618134
1,1548,0.57732754945755,0.7236895629939563,1785199399.3621736
1,1549,0.5708085298538208,0.7236101439182916,1785199399.5104725
1,1550,0.6216215491294861,0.723516458043579,1785199399.6701035
1,1551,0.597363293170929,0.7234809027777778,1785199399.8587964
1,1552,0.641521692276001,0.7235899214054554,1785199400.2477946
1,1553,0.562616765499115,0.7235399353647276,1785199400.3950777
1,1554,0.7339584827423096,0.7235765329644998,1785199400.544321
1,1555,0.4859555661678314,0.7236418047882136,1785199400.7597444
1,1556,0.6030740141868591,0.7236494252873563,1785199401.1566222
1,1557,0.6262733936309814,0.7236857208448118,1785199401.3037276
1,1558,0.49571648240089417,0.723707588262265,1785199401.4527764
1,1559,0.49988099932670593,0.7236292353479854,1785199401.6528842
1,1560,0.6399474740028381,0.7236796982167353,1785199402.038033
1,1561,0.5076690912246704,0.7236301369863014,1785199402.1842256
1,1562,0.5715284943580627,0.7236804605563155,1785199402.3323824
1,1563,0.6368913650512695,0.7237306466302368,1785199402.546755
1,1564,0.5347537398338318,0.723837539790814,1785199402.9438279
1,1565,0.6035609841346741,0.7238448001816531,1785199403.0898743
1,1566,0.74479079246521,0.7237953514739229,1785199403.237252
1,1567,0.5267754793167114,0.7238168025362319,1785199403.4344738
1,1568,0.547368049621582,0.7238240615106287,1785199403.835372
1,1569,0.5521928071975708,0.7237183830171635,1785199403.981801
1,1570,0.6768944263458252,0.7237539467749211,1785199404.1405919
1,1571,0.4744715094566345,0.723803490990991,1785199404.3324
1,1572,0.4736171364784241,0.7238107287449392,1785199404.7228408
1,1573,0.627666175365448,0.7238881401617251,1785199404.869695
1,1574,0.4799238443374634,0.7239373037236428,1785199405.0159864
1,1575,0.5514427423477173,0.723902329749104,1785199405.2279003
1,1576,0.5780781507492065,0.7239233780760627,1785199405.6129682
1,1577,0.7029910683631897,0.7239024798927614,1785199405.7585483
1,1578,0.619555652141571,0.7240071396697902,1785199405.905258
1,1579,0.5327486395835876,0.7240697415329769,1785199406.126151
1,1580,0.5601630210876465,0.7240626390743213,1785199406.5056314
1,1581,0.6834790110588074,0.7239166666666667,1785199406.6632326
1,1582,0.6055061221122742,0.7238959165557035,1785199406.8097448
1,1583,0.6785057187080383,0.7239306294326241,1785199407.035695
1,1584,0.5972390174865723,0.724006750774679,1785199407.3958166
1,1585,0.4575817584991455,0.7241379310344828,1785199407.552929
1,1586,0.4616047739982605,0.7241721854304636,1785199407.7004044
1,1587,0.46696871519088745,0.7241650132275133,1785199407.913815
1,1588,0.5026862025260925,0.7240615367679436,1785199408.2854877
1,1589,0.5884428024291992,0.7241369832893579,1785199408.4343302
1,1590,0.694951057434082,0.7241161616161617,1785199408.5815146
1,1591,0.5391945242881775,0.7240679824561403,1785199408.825053
1,1592,0.5386157035827637,0.7241431230836618,1785199409.1924791
1,1593,0.5626060366630554,0.7243000874890638,1785199409.3399098
1,1594,0.5863221287727356,0.7243337702053299,1785199409.4860244
1,1595,0.796402096748352,0.7243673647469459,1785199409.7225132
1,1596,0.6510225534439087,0.7244281045751634,1785199410.0858028
1,1597,0.6391565799713135,0.7244478894691035,1785199410.2357378
1,1598,0.5628586411476135,0.7243997175141242,1785199410.389611
1,1599,0.49261561036109924,0.7244330512152778,1785199410.6121066
1,1600,0.6820808053016663,0.724412115301257,1785199410.9816873
1,1601,0.5367137789726257,0.7243777056277056,1785199411.127291
1,1602,0.6077702045440674,0.7243298746217034,1785199411.283567
1,1603,0.5611279010772705,0.7243226468048359,1785199411.5065513
1,1604,0.564028263092041,0.7242480595084088,1785199411.8738718
1,1605,0.7179052829742432,0.7243351636520241,1785199412.028824
1,1606,0.6188341379165649,0.7243010752688172,1785199412.1757426
1,1607,0.5185438990592957,0.7243341924398625,1785199412.3863754
1,1608,0.8107418417930603,0.7243806306306306,1785199412.7620873
1,1609,0.6316220164299011,0.7244269494430163,1785199412.910117
1,1610,0.5527379512786865,0.724339430894309,1785199413.0566864
1,1611,0.5013652443885803,0.7242654914529915,1785199413.2663395
1,1612,0.7893489599227905,0.7241917413572343,1785199413.6563876
1,1613,0.6148149967193604,0.7242513853367434,1785199413.802367
1,1614,0.4605002999305725,0.7242709663686675,1785199413.9496555
1,1615,0.5702829957008362,0.7242772108843537,1785199414.161912
1,1616,0.5745754241943359,0.7242038216560509,1785199414.5552
1,1617,0.7000732421875,0.7242366412213741,1785199414.7022977
1,1618,0.5491143465042114,0.7241634900465904,1785199414.8491256
1,1619,0.4763920307159424,0.7242755922165821,1785199415.0503712
1,1620,0.5647241473197937,0.7243346007604563,1785199415.4608855
1,1621,0.6654801964759827,0.7243275316455696,1785199415.6134884
1,1622,0.5456117987632751,0.724359987357775,1785199415.7600076
1,1623,0.5880028605461121,0.7242476851851852,1785199415.9361963
1,1624,0.6591561436653137,0.7242932955023119,1785199416.3520553
1,1625,0.5289572477340698,0.7242731947942905,1785199416.4998572
1,1626,0.6175446510314941,0.7243448637316562,1785199416.64752
1,1627,0.7005305290222168,0.7242854899497487,1785199416.8492415
1,1628,0.4617861807346344,0.7242393350062736,1785199417.2332304
1,1629,0.5491629838943481,0.7242455096073517,1785199417.3860054
1,1630,0.589560866355896,0.724369002920317,1785199417.5324705
1,1631,0.43337997794151306,0.7243880208333333,1785199417.7323997
1,1632,0.6125726699829102,0.7242769454848107,1785199418.1165504
1,1633,0.5774113535881042,0.724283042394015,1785199418.261984
1,1634,0.5752467513084412,0.7242631797426318,1785199418.40889
1,1635,0.6705787777900696,0.7242304104477612,1785199418.6265504
1,1636,0.5484694242477417,0.7242365424430642,1785199419.0165238
1,1637,0.5758621096611023,0.7242555831265509,1785199419.1684835
1,1638,0.4221726357936859,0.724248760842627,1785199419.315137
1,1639,0.5522399544715881,0.7242677392739274,1785199419.5073762
1,1640,0.476241797208786,0.7242866707869798,1785199419.8827813
1,1641,0.5289406776428223,0.7242798353909465,1785199420.030322
1,1642,0.5083785057067871,0.7242601726263872,1785199420.1778927
1,1643,0.5861737728118896,0.7242662151067324,1785199420.3802583
1,1644,0.7119500041007996,0.724310680606806,1785199420.7704248
1,1645,0.6906319856643677,0.72434223996724,1785199420.9172676
1,1646,0.6560810208320618,0.7243098159509203,1785199421.063328
1,1647,0.5692254304885864,0.7243540645424836,1785199421.2791436
1,1648,0.6649495363235474,0.7243472052223582,1785199421.6525314
1,1649,0.5583788752555847,0.7244422371638142,1785199421.8006372
1,1650,0.4606356620788574,0.7245115995115995,1785199421.9471176
1,1651,0.6854245066642761,0.7244918699186992,1785199422.192706
1,1652,0.6995072364807129,0.7244595006090134,1785199422.5465465
1,1653,0.5100199580192566,0.7245032441200324,1785199422.692456
1,1654,0.617382287979126,0.7243443701903605,1785199422.8391283
1,1655,0.5173430442810059,0.7242870145631068,1785199423.0909035
1,1656,0.6379959583282471,0.7243308080808081,1785199423.4427211
1,1657,0.595844566822052,0.724298829701372,1785199423.5914433
1,1658,0.6691854000091553,0.7243928859330915,1785199423.7384667
1,1659,0.7186673879623413,0.724411231884058,1785199423.9627979
1,1660,0.5302537083625793,0.7244420989143546,1785199424.264826
1,1661,0.5157582759857178,0.7243975903614458,1785199424.4120584
1,1662,0.6024488806724548,0.7244158644203771,1785199424.559177
2,1663,0.4816499650478363,0.75,1785199438.4635248
2,1664,0.6276364326477051,0.734375,1785199438.6113403
2,1665,0.8308818936347961,0.7534722222222222,1785199438.7584832
2,1666,0.5586869716644287,0.75,1785199438.907685
2,1667,0.4696080684661865,0.7541666666666667,1785199439.393336
2,1668,0.5690093636512756,0.7569444444444444,1785199439.5414011
2,1669,0.5841817855834961,0.7529761904761905,1785199439.6874034
2,1670,0.6649296283721924,0.7604166666666666,1785199439.834408
2,1671,0.6564109325408936,0.7546296296296297,1785199440.2766063
2,1672,0.5765659809112549,0.746875,1785199440.4230342
2,1673,0.5655702352523804,0.7471590909090909,1785199440.5694396
2,1674,0.5699332356452942,0.7439236111111112,1785199440.716319
2,1675,0.6627310514450073,0.7459935897435898,1785199441.1517515
2,1676,0.5169234275817871,0.7447916666666666,1785199441.3000069
2,1677,0.66762775182724,0.7479166666666667,1785199441.4469056
2,1678,0.6765785217285156,0.7428385416666666,1785199441.5938628
2,1679,0.5481094121932983,0.741421568627451,1785199442.0217683
2,1680,0.677789032459259,0.7390046296296297,1785199442.1693394
2,1681,0.43814966082572937,0.7401315789473685,1785199442.315832
2,1682,0.4766915738582611,0.7432291666666667,1785199442.4630702
2,1683,0.5388304591178894,0.7415674603174603,1785199442.878391
2,1684,0.49501869082450867,0.7376893939393939,1785199443.0239859
2,1685,0.5000287890434265,0.7377717391304348,1785199443.169438
2,1686,0.4864831864833832,0.7361111111111112,1785199443.3170235
2,1687,0.539418637752533,0.7345833333333334,1785199443.7265313
2,1688,0.6101384162902832,0.7355769230769231,1785199443.8759987
2,1689,0.6474505662918091,0.7353395061728395,1785199444.022313
2,1690,0.6142262816429138,0.7362351190476191,1785199444.169487
2,1691,0.620834469795227,0.7345545977011494,1785199444.6187754
2,1692,0.43468549847602844,0.7333333333333333,1785199444.7645185
2,1693,0.5546005368232727,0.7342069892473119,1785199444.911642
2,1694,0.6742192506790161,0.7353515625,1785199445.0589514
2,1695,0.4252456724643707,0.7329545454545454,1785199445.4895613
2,1696,0.6606441140174866,0.7319240196078431,1785199445.6384747
2,1697,0.6917710304260254,0.7324404761904761,1785199445.7856698
2,1698,0.5690289735794067,0.7306134259259259,1785199445.9355688
2,1699,0.6312482953071594,0.7294481981981982,1785199446.371562
2,1700,0.720659613609314,0.7291666666666666,1785199446.519787
2,1701,0.5769129395484924,0.7286324786324786,1785199446.66568
2,1702,0.6398351192474365,0.7278645833333334,1785199446.812837
2,1703,0.4408436119556427,0.7263719512195121,1785199447.2671454
2,1704,0.41993212699890137,0.7261904761904762,1785199447.414999
2,1705,0.5551981925964355,0.7279554263565892,1785199447.5632734
2,1706,0.5105832815170288,0.728219696969697,1785199447.7090342
2,1707,0.5753684639930725,0.725925925925926,1785199448.1576896
2,1708,0.7325406670570374,0.7246376811594203,1785199448.3053083
2,1709,0.642707347869873,0.7247340425531915,1785199448.4550612
2,1710,0.5065768957138062,0.7235243055555556,1785199448.6011755
2,1711,0.5854510068893433,0.7232142857142857,1785199449.0376015
2,1712,0.5313451290130615,0.7216666666666667,1785199449.1828034
2,1713,0.5005732774734497,0.7214052287581699,1785199449.3315973
2,1714,0.5029177069664001,0.7207532051282052,1785199449.479726
2,1715,0.7065253853797913,0.721501572327044,1785199449.921283
2,1716,0.5604820251464844,0.7208719135802469,1785199450.066987
2,1717,0.6044845581054688,0.7206439393939394,1785199450.212577
2,1718,0.5383764505386353,0.7206101190476191,1785199450.360241
2,1719,0.5608195662498474,0.7209429824561403,1785199450.8090744
2,1720,0.6977201700210571,0.7209051724137931,1785199450.9548068
2,1721,0.5657531023025513,0.721045197740113,1785199451.1013708
2,1722,0.4629823863506317,0.721875,1785199451.2493863
2,1723,0.4785558879375458,0.7213114754098361,1785199451.6720593
2,1724,0.5612974762916565,0.7207661290322581,1785199451.8195255
2,1725,0.5428538918495178,0.7200727513227513,1785199451.966484
2,1726,0.5390633940696716,0.7208658854166666,1785199452.111771
2,1727,0.427903950214386,0.7211538461538461,1785199452.5553563
2,1728,0.5175308585166931,0.7217487373737373,1785199452.7011216
2,1729,0.6433832049369812,0.7220149253731343,1785199452.848826
2,1730,0.669031023979187,0.7230392156862745,1785199452.9974113
2,1731,0.6278284788131714,0.7235809178743962,1785199453.4460082
2,1732,0.5438473224639893,0.7233630952380953,1785199453.5916924
2,1733,0.6252089738845825,0.7232981220657277,1785199453.7377162
2,1734,0.7088296413421631,0.7235243055555556,1785199453.8859096
2,1735,0.7484991550445557,0.7240296803652968,1785199454.3397856
2,1736,0.622685432434082,0.7240990990990991,1785199454.4885547
2,1737,0.5112655758857727,0.7234722222222222,1785199454.6346586
2,1738,0.5718824863433838,0.7236842105263158,1785199454.7824025
2,1739,0.568528413772583,0.7230790043290043,1785199455.2472155
2,1740,0.44580262899398804,0.7238247863247863,1785199455.3964832
2,1741,0.5905923247337341,0.7240242616033755,1785199455.5437205
2,1742,0.6017169952392578,0.72421875,1785199455.6910555
2,1743,0.5695828795433044,0.7244084362139918,1785199456.1128309
2,1744,0.5013778209686279,0.724974593495935,1785199456.2582042
2,1745,0.6019233465194702,0.7248995983935743,1785199456.404674
2,1746,0.47162172198295593,0.7259424603174603,1785199456.5507166
2,1747,0.6742218136787415,0.7248774509803921,1785199456.9937065
2,1748,0.6836510896682739,0.7245639534883721,1785199457.1418176
2,1749,0.5969074368476868,0.725095785440613,1785199457.2900875
2,1750,0.5827838182449341,0.7250236742424242,1785199457.437968
2,1751,0.7107152938842773,0.7260065543071161,1785199457.8845704
2,1752,0.4860488772392273,0.725925925925926,1785199458.030988
2,1753,0.4919753670692444,0.7266483516483516,1785199458.17797
2,1754,0.4666883051395416,0.7267889492753623,1785199458.3246834
2,1755,0.5587348341941833,0.7269265232974911,1785199458.7754767
2,1756,0.6322970986366272,0.7276152482269503,1785199458.9213827
2,1757,0.5112059116363525,0.7270833333333333,1785199459.0698736
2,1758,0.5364501476287842,0.7272135416666666,1785199459.217267
2,1759,0.6085931062698364,0.7275558419243986,1785199459.6516693
2,1760,0.4916541874408722,0.7279974489795918,1785199459.798066
2,1761,0.6419447064399719,0.7285353535353535,1785199459.944886
2,1762,0.5347100496292114,0.7288541666666667,1785199460.0907943
2,1763,0.5913764834403992,0.7285478547854786,1785199460.5314834
2,1764,0.4950887858867645,0.7289624183006536,1785199460.6787057
2,1765,0.48295485973358154,0.7287621359223301,1785199460.8266566
2,1766,0.5520994663238525,0.7286658653846154,1785199460.9730895
2,1767,0.5994201302528381,0.7290674603174603,1785199461.416189
2,1768,0.5799880027770996,0.7291666666666666,1785199461.5631683
2,1769,0.7347816228866577,0.7295560747663551,1785199461.7099142
2,1770,0.5619800090789795,0.7294560185185185,1785199461.8567367
2,1771,0.556912362575531,0.7301223241590215,1785199462.2979095
2,1772,0.45508164167404175,0.7303977272727272,1785199462.4453616
2,1773,0.5681667327880859,0.7309496996996997,1785199462.5925024
2,1774,0.5425311923027039,0.7312127976190477,1785199462.7407615
2,1775,0.6111023426055908,0.7320243362831859,1785199463.1935737
2,1776,0.50764000415802,0.731999269005848,1785199463.3404288
2,1777,0.5582420229911804,0.7319746376811594,1785199463.489034
2,1778,0.5043895840644836,0.7321300287356322,1785199463.63623
2,1779,0.5416069030761719,0.7318376068376068,1785199464.0753624
2,1780,0.6458227634429932,0.732079802259887,1785199464.222555
2,1781,0.5532301068305969,0.7313550420168067,1785199464.3704257
2,1782,0.46727776527404785,0.73125,1785199464.5179234
2,1783,0.4411519765853882,0.731146694214876,1785199464.9435117
2,1784,0.5971424579620361,0.7307889344262295,1785199465.0892425
2,1785,0.5421172976493835,0.7306910569105691,1785199465.2367792
2,1786,0.5572439432144165,0.7305947580645161,1785199465.3860795
2,1787,0.47265663743019104,0.7306666666666667,1785199465.8375094
2,1788,0.6843889355659485,0.730489417989418,1785199465.9849424
2,1789,0.4239249527454376,0.7306430446194225,1785199466.1326506
2,1790,0.5753788948059082,0.7303059895833334,1785199466.2797253
2,1791,0.6541030406951904,0.7303779069767442,1785199466.7187574
2,1792,0.6385437250137329,0.7299679487179487,1785199466.8666153
2,1793,0.5280299186706543,0.730041348600509,1785199467.0133052
2,1794,0.5434274077415466,0.7303503787878788,1785199467.1588771
2,1795,0.5952525734901428,0.7301848370927319,1785199467.5695071
2,1796,0.532265305519104,0.7300995024875622,1785199467.7178025
2,1797,0.6875840425491333,0.7301697530864197,1785199467.8634152
2,1798,0.5596472024917603,0.729702818627451,1785199468.0103486
2,1799,0.5398866534233093,0.7293947688564477,1785199468.473798
2,1800,0.5971039533615112,0.7290911835748792,1785199468.6201575
2,1801,0.47867152094841003,0.7292416067146283,1785199468.7669604
2,1802,0.5310673117637634,0.7292410714285714,1785199468.9140124
2,1803,0.5768559575080872,0.7294621749408984,1785199469.357519
2,1804,0.9538602232933044,0.7286531690140845,1785199469.5062242
2,1805,0.6781005859375,0.7290938228438228,1785199469.6519294
2,1806,0.55316561460495,0.728515625,1785199469.80036
2,1807,0.6369103789329529,0.7282327586206897,1785199470.2468553
2,1808,0.47812211513519287,0.7288099315068494,1785199470.3960164
2,1809,0.4945659935474396,0.7289540816326531,1785199470.543356
2,1810,0.5789487957954407,0.728392454954955,1785199470.690731
2,1811,0.5056576132774353,0.72832774049217,1785199471.1276443
2,1812,0.5009231567382812,0.7290277777777778,1785199471.2744136
2,1813,0.5593790411949158,0.7287527593818984,1785199471.422377
2,1814,0.5803799629211426,0.7284813596491229,1785199471.5707226
2,1815,0.578121542930603,0.7288943355119826,1785199472.0093584
2,1816,0.7695870399475098,0.7287608225108225,1785199472.1542473
2,1817,0.7063598036766052,0.7293010752688172,1785199472.3009934
2,1818,0.49163058400154114,0.7290998931623932,1785199472.4647906
2,1819,0.5579966306686401,0.7296311040339702,1785199472.9013925
2,1820,0.5296943783760071,0.7298259493670886,1785199473.0507405
2,1821,0.715996503829956,0.730083857442348,1785199473.195786
2,1822,0.6394404172897339,0.7298828125,1785199473.3425004
2,1823,0.50467449426651,0.729684265010352,1785199473.7704833
2,1824,0.6375706195831299,0.7289094650205762,1785199473.9159741
2,1825,0.6380249857902527,0.7285276073619632,1785199474.0629919
2,1826,0.588360071182251,0.7290396341463414,1785199474.209913
2,1827,0.5914061069488525,0.7289141414141415,1785199474.6493149
2,1828,0.5577123165130615,0.7286646586345381,1785199474.796312
2,1829,0.625350832939148,0.7291042914171657,1785199474.9435198
2,1830,0.6571520566940308,0.7292286706349206,1785199475.0898817
2,1831,0.5090284943580627,0.7294748520710059,1785199475.5402799
2,1832,0.5601194500923157,0.7294117647058823,1785199475.688599
2,1833,0.5080441236495972,0.72953216374269,1785199475.8344226
2,1834,0.5356282591819763,0.7297117248062015,1785199475.97991
2,1835,0.4827335476875305,0.7294677263969171,1785199476.4254022
2,1836,0.6524167060852051,0.7292863984674329,1785199476.5734494
2,1837,0.5179134607315063,0.7292261904761905,1785199476.7244065
2,1838,0.47445788979530334,0.7292850378787878,1785199476.871076
2,1839,0.5156136155128479,0.7296374764595104,1785199477.3074532
2,1840,0.4688032865524292,0.7299274344569289,1785199477.454023
2,1841,0.6433159112930298,0.7299813780260708,1785199477.6032758
2,1842,0.5812478065490723,0.7303819444444445,1785199477.7494254
2,1843,0.5606376528739929,0.7304903314917127,1785199478.190326
2,1844,0.6439011096954346,0.7306547619047619,1785199478.33879
2,1845,0.5771821141242981,0.7306466302367942,1785199478.4874096
2,1846,0.6290178894996643,0.7308084239130435,1785199478.6348739
2,1847,0.5740317106246948,0.7309684684684684,1785199479.0592482
2,1848,0.5693081617355347,0.7306227598566308,1785199479.2089005
2,1849,0.6169459819793701,0.7303921568627451,1785199479.3571296
2,1850,0.7257644534111023,0.7301085992907801,1785199479.505453
2,1851,0.4625025987625122,0.7302689594356261,1785199479.946947
2,1852,0.7229250073432922,0.7303179824561403,1785199480.0955122
2,1853,0.5507868528366089,0.7302028795811518,1785199480.2435396
2,1854,0.5034354329109192,0.7300347222222222,1785199480.3910446
2,1855,0.44291526079177856,0.7303540587219344,1785199480.843239
2,1856,0.5070263743400574,0.7305627147766323,1785199480.9887857
2,1857,0.482163667678833,0.7307692307692307,1785199481.1358306
2,1858,0.4934964179992676,0.7303358843537415,1785199481.2828565
2,1859,0.5819774866104126,0.7300655668358714,1785199481.7413712
2,1860,0.6886484622955322,0.7295875420875421,1785199481.8891642
2,1861,0.4597482681274414,0.7297948073701842,1785199482.0356581
2,1862,0.5841081738471985,0.7297916666666666,1785199482.188549
2,1863,0.5494915246963501,0.7298922056384743,1785199482.6333156
2,1864,0.43829044699668884,0.7299917491749175,1785199482.7795632
2,1865,0.8273144364356995,0.7301929392446633,1785199482.9268644
2,1866,0.6812765598297119,0.7298815359477124,1785199483.0761461
2,1867,0.6009182929992676,0.7300813008130081,1785199483.5177293
2,1868,0.7498334050178528,0.7299251618122977,1785199483.6653106
2,1869,0.5664463639259338,0.7297705314009661,1785199483.813211
2,1870,0.708408534526825,0.7300681089743589,1785199483.9615276
2,1871,0.48892199993133545,0.7300139553429027,1785199484.3899057
2,1872,0.5456814169883728,0.7295138888888889,1785199484.5354218
2,1873,0.751760721206665,0.7294628751974723,1785199484.6839492
2,1874,0.552164614200592,0.7293632075471698,1785199484.836999
2,1875,0.7022696733474731,0.7293133802816901,1785199485.28757
2,1876,0.48363834619522095,0.7292640186915887,1785199485.4344268
2,1877,0.5590188503265381,0.7295058139534883,1785199485.5806541
2,1878,0.5015716552734375,0.7296489197530864,1785199485.727159
2,1879,0.5618604421615601,0.729886712749616,1785199486.1674654
2,1880,0.6054236888885498,0.7296922782874617,1785199486.314794
2,1881,0.5775265097618103,0.7296898782343988,1785199486.4704397
2,1882,0.4406362473964691,0.7297348484848485,1785199486.6172967
2,1883,0.6894758343696594,0.7296851432880844,1785199487.0503898
2,1884,0.8631783723831177,0.7296358858858859,1785199487.197143
2,1885,0.7084246873855591,0.7297739162929746,1785199487.3441892
2,1886,0.5053442120552063,0.7300037202380952,1785199487.492514
2,1887,0.6477761268615723,0.7301388888888889,1785199487.9269617
2,1888,0.6913653612136841,0.7301345870206489,1785199488.0734138
2,1889,0.5364498496055603,0.7298549926578561,1785199488.218773
2,1890,0.6445621252059937,0.7298062865497076,1785199488.367585
2,1891,0.6128150820732117,0.7296215429403202,1785199488.8049517
2,1892,0.5648258328437805,0.7297554347826087,1785199488.9524748
2,1893,0.5135105848312378,0.7296626984126984,1785199489.0994303
2,1894,0.5576816201210022,0.7295707614942529,1785199489.2444174
2,1895,0.5958584547042847,0.7298372675250357,1785199489.6852026
2,1896,0.5165792107582092,0.73005698005698,1785199489.832097
2,1897,0.630121111869812,0.7298758865248227,1785199489.979464
2,1898,0.5405153036117554,0.7298728813559322,1785199490.1254377
2,1899,0.5078237652778625,0.7295622362869199,1785199490.5659952
2,1900,0.7194342613220215,0.7297356442577031,1785199490.714682
2,1901,0.5189332962036133,0.7297332635983264,1785199490.8614883
2,1902,0.5915011167526245,0.7296875,1785199491.007113
2,1903,0.614970326423645,0.7295988934993084,1785199491.4361236
2,1904,0.487040251493454,0.7295540633608816,1785199491.5830054
2,1905,0.5376417636871338,0.7296810699588477,1785199491.7311978
2,1906,0.6628589034080505,0.7295081967213115,1785199491.877132
2,1907,0.598516583442688,0.7296343537414965,1785199492.3298576
2,1908,0.7055410742759705,0.7296324525745257,1785199492.4767935
2,1909,0.5864538550376892,0.7298414304993253,1785199492.6259346
2,1910,0.5702686905860901,0.7291246639784946,1785199492.772083
2,1911,0.8073427677154541,0.7289993306559571,1785199493.2241445
2,1912,0.7595781087875366,0.7293333333333333,1785199493.37121
2,1913,0.5508928298950195,0.7296231739707836,1785199493.5198317
2,1914,0.5287272930145264,0.7297040343915344,1785199493.667691
2,1915,0.5613226890563965,0.7298254281949934,1785199494.1141963
2,1916,0.5399563908576965,0.7298228346456693,1785199494.2614508
2,1917,0.7392527461051941,0.7298611111111111,1785199494.4100022
2,1918,0.5916199088096619,0.7296956380208334,1785199494.556897
2,1919,0.5512890815734863,0.7296935797665369,1785199494.9977777
2,1920,0.6724042892456055,0.7296107881136951,1785199495.1459484
2,1921,0.38373586535453796,0.7296492921492922,1785199495.2917073
2,1922,0.5650870203971863,0.7294070512820513,1785199495.4401803
2,1923,0.4102931320667267,0.7293662196679438,1785199495.8840942
2,1924,0.5910078883171082,0.7292461832061069,1785199496.0320394
2,1925,0.6644624471664429,0.7291270595690748,1785199496.1789901
2,1926,0.5526159405708313,0.7290877525252525,1785199496.3269172
2,1927,0.4811144471168518,0.7291666666666666,1785199496.773614
2,1928,0.5514239072799683,0.7292058270676691,1785199496.9290075
2,1929,0.47014838457107544,0.7295177902621723,1785199497.076065
2,1930,0.5780781507492065,0.7298274253731343,1785199497.221675
2,1931,0.6136658787727356,0.7297862453531598,1785199497.6779628
2,1932,0.5041773915290833,0.7295138888888889,1785199497.824666
2,1933,0.5514279007911682,0.7297816728167281,1785199497.9722123
2,1934,0.6017239689826965,0.7296645220588235,1785199498.1202035
2,1935,0.5346672534942627,0.7296626984126984,1785199498.5724914
2,1936,0.5565986037254333,0.7293567518248175,1785199498.731225
2,1937,0.5950324535369873,0.7293560606060606,1785199498.877638
2,1938,0.6603381633758545,0.729128925120773,1785199499.0249586
2,1939,0.6239868998527527,0.7288658243080626,1785199499.4591818
2,1940,0.6749074459075928,0.7290542565947242,1785199499.606043
2,1941,0.467785120010376,0.7290546594982079,1785199499.7529147
2,1942,0.4898715317249298,0.7292410714285714,1785199499.8998184
2,1943,0.5194010138511658,0.7295002965599051,1785199500.3421576
2,1944,0.5102272033691406,0.7294252364066194,1785199500.494981
2,1945,0.6080441474914551,0.7294243227326266,1785199500.642749
2,1946,0.5822779536247253,0.7291666666666666,1785199500.7902515
2,1947,0.554434061050415,0.7292763157894737,1785199501.2203522
2,1948,0.4940648078918457,0.7294944638694638,1785199501.3689003
2,1949,0.5806575417518616,0.7295296167247387,1785199501.514626
2,1950,0.5259987115859985,0.7296730324074074,1785199501.6604426
2,1951,0.7212187051773071,0.7297794117647058,1785199502.101017
2,1952,0.5148305296897888,0.7298132183908046,1785199502.2502542
2,1953,0.5388808250427246,0.7297752004581901,1785199502.3944395
2,1954,0.6129069924354553,0.73005850456621,1785199502.538933
2,1955,0.653527557849884,0.7299132536973834,1785199502.988112
2,1956,0.6587461233139038,0.729875283446712,1785199503.1348083
2,1957,0.5002813935279846,0.7299081920903955,1785199503.2822218
2,1958,0.6888932585716248,0.7298704954954955,1785199503.4288595
2,1959,0.4876214265823364,0.7297979797979798,1785199503.8664446
2,1960,0.5826661586761475,0.7299007270693513,1785199504.012658
2,1961,0.603736937046051,0.72979375696767,1785199504.1597402
2,1962,0.5552061796188354,0.7297916666666666,1785199504.3069072
2,1963,0.7316430807113647,0.7295127353266888,1785199504.740041
2,1964,0.5296735763549805,0.7293736203090507,1785199504.8887703
2,1965,0.7328596711158752,0.7295792079207921,1785199505.0351636
2,1966,0.6153983473777771,0.7297149122807017,1785199505.181073
2,1967,0.567825436592102,0.7297814207650273,1785199505.6114955
2,1968,0.7095078229904175,0.7299155773420479,1785199505.7561405
2,1969,0.5514544248580933,0.7299809989142236,1785199505.9023652
2,1970,0.4511660635471344,0.730079816017316,1785199506.048678
2,1971,0.48393213748931885,0.730346548004315,1785199506.5076966
2,1972,0.5107712745666504,0.7300403225806451,1785199506.6529825
2,1973,0.5626307129859924,0.729970525187567,1785199506.799641
2,1974,0.6647840142250061,0.7297342414529915,1785199506.9467077
2,1975,0.6245247721672058,0.7294661874334398,1785199507.3997183
2,1976,0.5072489976882935,0.7293988853503185,1785199507.5474155
2,1977,0.6263411045074463,0.7291997354497355,1785199507.6933215
2,1978,0.5801435708999634,0.7291666666666666,1785199507.8403733
2,1979,0.5512311458587646,0.7292323869610936,1785199508.2758925
2,1980,0.5111037492752075,0.7291994234800838,1785199508.425838
2,1981,0.5711935758590698,0.7293952455590387,1785199508.5716047
2,1982,0.6365122199058533,0.7294921875,1785199508.7182748
2,1983,0.5034268498420715,0.7295885254413291,1785199509.1426365
2,1984,0.5857025384902954,0.72949016563147,1785199509.2886717
2,1985,0.5280209183692932,0.7295214138286894,1785199509.4355662
2,1986,0.6087863445281982,0.7295846193415638,1785199509.5822403
2,1987,0.5275543928146362,0.7297115384615385,1785199510.0177681
2,1988,0.5926003456115723,0.7297098670756647,1785199510.1665807
2,1989,0.7173646688461304,0.7297082059123343,1785199510.3136206
2,1990,0.6712779402732849,0.7294842479674797,1785199510.4597714
2,1991,0.5160024762153625,0.729483282674772,1785199510.910457
2,1992,0.5032997727394104,0.7294823232323232,1785199511.0582173
2,1993,0.5235101580619812,0.7292296072507553,1785199511.2059016
2,1994,0.5579584240913391,0.7293549196787149,1785199511.3510342
2,1995,0.5436130166053772,0.7292917917917918,1785199511.7989008
2,1996,0.6287401914596558,0.7294785429141717,1785199511.9479938
2,1997,0.45018571615219116,0.7295708955223881,1785199512.094556
2,1998,0.48866963386535645,0.7296006944444444,1785199512.2399108
2,1999,0.5886284112930298,0.7294757665677547,1785199512.7079792
2,2000,0.560778021812439,0.7293823964497042,1785199512.855183
2,2001,0.5650022625923157,0.7293510324483776,1785199513.0022657
2,2002,0.6585836410522461,0.7295343137254902,1785199513.146617
2,2003,0.6472026109695435,0.7291055718475073,1785199513.5834913
2,2004,0.6254161596298218,0.7291971247563352,1785199513.7304153
2,2005,0.5911512970924377,0.7292881438289601,1785199513.8771975
2,2006,0.5058504939079285,0.7292877906976745,1785199514.023018
2,2007,0.6349628567695618,0.7293176328502415,1785199514.4763365
2,2008,0.6228257417678833,0.7292569845857418,1785199514.6219783
2,2009,0.6732874512672424,0.7292867435158501,1785199514.7663229
2,2010,0.49526500701904297,0.7292265325670498,1785199514.914081
2,2011,0.5181466937065125,0.7288681948424068,1785199515.3617222
2,2012,0.5205761194229126,0.7289285714285715,1785199515.5053606
2,2013,0.4900171458721161,0.728988603988604,1785199515.6494102
2,2014,0.5073568224906921,0.7288411458333334,1785199515.7940226
2,2015,0.5220332145690918,0.728960103871577,1785199516.2295744
2,2016,0.5853663682937622,0.7289312617702448,1785199516.3746026
2,2017,0.5568545460700989,0.7290492957746478,1785199516.521597
2,2018,0.5498477816581726,0.728815543071161,1785199516.668388
2,2019,0.5703134536743164,0.7285830999066293,1785199517.1180558
2,2020,0.37140458822250366,0.7287302141527002,1785199517.2646823
2,2021,0.5589670538902283,0.728789461467038,1785199517.4121697
2,2022,0.4246566891670227,0.7287905092592593,1785199517.5579548
2,2023,0.6507470011711121,0.7288492613111727,1785199517.9983246
2,2024,0.5479848384857178,0.7286774861878453,1785199518.15121
2,2025,0.5478021502494812,0.7288223140495868,1785199518.297683
2,2026,0.5921880602836609,0.72882326007326,1785199518.4437873
2,2027,0.553203821182251,0.7287385844748858,1785199518.881481
2,2028,0.5844192504882812,0.7287112932604736,1785199519.0274816
2,2029,0.4029600918292999,0.7286557674841053,1785199519.174473
2,2030,0.5930368304252625,0.7290534420289855,1785199519.3225312
2,2031,0.5803664922714233,0.7288843721770552,1785199519.7664676
2,2032,0.5379974842071533,0.7289414414414415,1785199519.913619
2,2033,0.7383725643157959,0.7288858939802336,1785199520.0589674
2,2034,0.6408177018165588,0.7290546594982079,1785199520.2056224
2,2035,0.5124285817146301,0.7291387399463807,1785199520.6548417
2,2036,0.5648723840713501,0.7292502228163993,1785199520.8034992
2,2037,0.5814156532287598,0.7293055555555555,1785199520.9499805
2,2038,0.8080934286117554,0.7294714095744681,1785199521.096554
2,2039,0.5074313282966614,0.7293600795755968,1785199521.5424714
2,2040,0.5354748964309692,0.7293871252204586,1785199521.6883254
2,2041,0.5389200448989868,0.7293315743183817,1785199521.835638
2,2042,0.6298742294311523,0.7293037280701754,1785199521.981834
2,2043,0.393324613571167,0.7294127296587927,1785199522.4219537
2,2044,0.6344786286354065,0.7292757417102966,1785199522.5692484
2,2045,0.5797057151794434,0.7294114447345518,1785199522.7158644
2,2046,0.5370997786521912,0.7292209201388888,1785199522.8626633
2,2047,0.5173048377037048,0.7294642857142857,1785199523.2996247
2,2048,0.5208555459976196,0.7294095423143351,1785199523.4469576
2,2049,0.7332977056503296,0.7293012489233419,1785199523.5953152
2,2050,0.5338935852050781,0.7293545962199313,1785199523.742302
2,2051,0.5035640001296997,0.7293273350471294,1785199524.1819236
2,2052,0.6226449012756348,0.729326923076923,1785199524.3285525
2,2053,0.5350456833839417,0.7293265132139812,1785199524.475376
2,2054,0.7320218682289124,0.7293261054421769,1785199524.623872
2,2055,0.5401926040649414,0.7292991942324003,1785199525.057266
2,2056,0.5458558201789856,0.7292988578680203,1785199525.2058434
2,2057,0.64310622215271,0.729535864978903,1785199525.3532252
2,2058,0.700649082660675,0.7298768939393939,1785199525.4999833
2,2059,0.5918499231338501,0.7297963895885811,1785199525.9420173
2,2060,0.5496255159378052,0.7298209798994975,1785199526.0877047
2,2061,0.5194587707519531,0.7298976608187134,1785199526.2348132
2,2062,0.4919276237487793,0.7298697916666667,1785199526.3819785
2,2063,0.6081815958023071,0.7299459684123025,1785199526.8178532
2,2064,0.5680635571479797,0.7299440298507462,1785199526.9639723
2,2065,0.5873532295227051,0.729916253101737,1785199527.1116292
2,2066,0.6335914134979248,0.7298886138613861,1785199527.258272
2,2067,0.6244689226150513,0.7295781893004115,1785199527.715394
2,2068,0.6447789072990417,0.7296028325123153,1785199527.8695295
2,2069,0.5900838971138,0.7295505733005733,1785199528.0162113
2,2070,0.5392699241638184,0.7294985702614379,1785199528.1621947
2,2071,0.5012378096580505,0.72954869600652,1785199528.5892951
2,2072,0.4867563247680664,0.7296239837398374,1785199528.735608
2,2073,0.680812656879425,0.7296989051094891,1785199528.882169
2,2074,0.5161675214767456,0.7296217637540453,1785199529.032061
2,2075,0.4955633878707886,0.7295449959644875,1785199529.4551535
2,2076,0.4820404350757599,0.7295944041867954,1785199529.6028395
2,2077,0.6593589782714844,0.7294176706827309,1785199529.7510164
2,2078,0.5239968299865723,0.729316907051282,1785199529.8990836
2,2079,0.5925045609474182,0.7291916466826539,1785199530.3620565
2,2080,0.4592866599559784,0.72919158692185,1785199530.507973
2,2081,0.6630327701568604,0.7291666666666666,1785199530.654671
2,2082,0.7246159911155701,0.7293402777777778,1785199530.8033006
2,2083,0.5528842806816101,0.7292903800475059,1785199531.2480023
2,2084,0.5646920204162598,0.7293147709320695,1785199531.3957236
2,2085,0.5849654078483582,0.7293144208037825,1785199531.543623
2,2086,0.4790172278881073,0.7294614779874213,1785199531.6901765
2,2087,0.5645389556884766,0.7296323529411765,1785199532.141127
2,2088,0.5843794345855713,0.7297535211267606,1785199532.2867174
2,2089,0.5279669165611267,0.7296301717408274,1785199532.4323597
2,2090,0.6016314625740051,0.7296534267912772,1785199532.588568
2,2091,0.607712984085083,0.7296522921522921,1785199533.0448225
2,2092,0.5068469047546387,0.729578488372093,1785199533.1985555
2,2093,0.5661969780921936,0.7298433874709976,1785199533.344584
2,2094,0.6284416913986206,0.7296489197530864,1785199533.492264
2,2095,0.553688645362854,0.7298402617397999,1785199533.9251177
2,2096,0.5542868971824646,0.7297427035330261,1785199534.0719495
2,2097,0.5818038582801819,0.7297892720306514,1785199534.2191465
2,2098,0.791702389717102,0.7298595183486238,1785199534.368524
2,2099,0.7080523371696472,0.7298579328756675,1785199534.8108616
2,2100,0.5096553564071655,0.7298087899543378,1785199534.9579952
2,2101,0.5558000206947327,0.7297598709187547,1785199535.103755
2,2102,0.4648098945617676,0.7298768939393939,1785199535.2588217
2,2103,0.6280917525291443,0.7297808012093726,1785199535.7106798
2,2104,0.5676621794700623,0.7296851432880844,1785199535.8583517
2,2105,0.5562751293182373,0.7297545146726863,1785199536.0049121
2,2106,0.7044306397438049,0.7299174174174174,1785199536.1506712
2,2107,0.5282180309295654,0.7300093632958802,1785199536.5922122
2,2108,0.6249808073043823,0.7301008968609866,1785199536.7389016
2,2109,0.5609170198440552,0.7300988068605518,1785199536.8867943
2,2110,0.6027693748474121,0.7299572172619048,1785199537.0332613
2,2111,0.5589967966079712,0.729932256867112,1785199537.4685576
2,2112,0.5189687013626099,0.7300462962962962,1785199537.6145368
2,2113,0.651750385761261,0.7300212490761271,1785199537.7626283
2,2114,0.520658016204834,0.7300654498525073,1785199537.9099174
2,2115,0.5996258854866028,0.7300174760853568,1785199538.3663056
2,2116,0.4243188202381134,0.7300844346549192,1785199538.5134676
2,2117,0.5465649366378784,0.7300824175824175,1785199538.660222
2,2118,0.5576498508453369,0.7301489400584795,1785199538.8071887
2,2119,0.4968098998069763,0.7301923778264041,1785199539.2442663
2,2120,0.6566341519355774,0.7301446506550219,1785199539.3922827
2,2121,0.5033791661262512,0.730187908496732,1785199539.5392601
2,2122,0.4417843222618103,0.7301630434782609,1785199539.6931202
2,2123,0.5561493635177612,0.7301834779464931,1785199540.1388302
2,2124,0.5536050796508789,0.7300459956709957,1785199540.2847385
2,2125,0.5053300857543945,0.7300215982721382,1785199540.432064
2,2126,0.5667698383331299,0.7300197557471264,1785199540.5794163
2,2127,0.4763789176940918,0.7299955197132616,1785199541.0280526
2,2128,0.6326237916946411,0.7299713876967096,1785199541.1750126
2,2129,0.5649338364601135,0.7301481084939329,1785199541.321042
2,2130,0.6742786169052124,0.7301237535612536,1785199541.4670856
2,2131,0.6248708963394165,0.7300995024875622,1785199541.8993616
2,2132,0.5471312403678894,0.7300975177304965,1785199542.047495
2,2133,0.5246762037277222,0.7301397735314933,1785199542.1944244
2,2134,0.5705196857452393,0.7299170197740112,1785199542.3432894
2,2135,0.5663766860961914,0.7298493657505285,1785199542.7914188
2,2136,0.5068127512931824,0.7297600210970464,1785199542.938034
2,2137,0.5740386247634888,0.7296929824561403,1785199543.0841465
2,2138,0.5385099649429321,0.7297794117647058,1785199543.2428508
2,2139,0.7143958806991577,0.7298436408106219,1785199543.6787143
2,2140,0.6610486507415771,0.7296896792189679,1785199543.82731
2,2141,0.4906216561794281,0.729884307585247,1785199543.974165
2,2142,0.4832072854042053,0.7299696180555556,1785199544.1211183
2,2143,0.6704182624816895,0.7298813236313236,1785199544.5627854
2,2144,0.5970770716667175,0.7299446749654218,1785199544.710655
2,2145,0.4993709623813629,0.7299861973775017,1785199544.8587034
2,2146,0.5443529486656189,0.7300275482093664,1785199545.0110548
2,2147,0.6044983863830566,0.7301331615120275,1785199545.4533148
2,2148,0.5218348503112793,0.7301954732510288,1785199545.5989285
2,2149,0.5152993202209473,0.7302361396303901,1785199545.7486897
2,2150,0.6291831731796265,0.7303406762295082,1785199545.8958352
2,2151,0.6360682845115662,0.7301891615541922,1785199546.359581
2,2152,0.5146802663803101,0.7301658163265307,1785199546.5064662
2,2153,0.5615677237510681,0.7301213509843856,1785199546.655243
2,2154,0.6109047532081604,0.7300770663956639,1785199546.803644
2,2155,0.5746670365333557,0.7300752197430697,1785199547.2483933
2,2156,0.5854532718658447,0.7301366396761133,1785199547.395659
2,2157,0.5904446840286255,0.7301346801346801,1785199547.5446944
2,2158,0.4924798607826233,0.7301957325268817,1785199547.69004
2,2159,0.5977147817611694,0.730235580147552,1785199548.1290746
2,2160,0.5646209716796875,0.7302961847389559,1785199548.2749748
2,2161,0.6176685094833374,0.7303356713426854,1785199548.4234757
2,2162,0.5679603815078735,0.7304375,1785199548.5709386
2,2163,0.5249219536781311,0.7304349634065203,1785199549.0372543
2,2164,0.43252816796302795,0.7305776892430279,1785199549.1941717
2,2165,0.5076113939285278,0.7304920477137177,1785199549.3403904
2,2166,0.5442423224449158,0.730551421957672,1785199549.4869518
2,2167,0.5752350091934204,0.7305693069306931,1785199549.924532
2,2168,0.5316425561904907,0.7306694664031621,1785199550.07155
2,2169,0.571468710899353,0.7306254109138725,1785199550.2188919
2,2170,0.5703465342521667,0.7305200131233596,1785199550.366859
2,2171,0.581197202205658,0.7304968893254747,1785199550.8067958
2,2172,0.7191954851150513,0.7305759803921569,1785199550.9523573
2,2173,0.5783035755157471,0.730593607305936,1785199551.098193
2,2174,0.5591118931770325,0.7305908203125,1785199551.2448254
2,2175,0.4937887489795685,0.7304459064327485,1785199551.6852224
2,2176,0.5553573369979858,0.7305852788586251,1785199551.832895
2,2177,0.4997479319572449,0.7304813915857605,1785199551.9800694
2,2178,0.4668217897415161,0.7304990310077519,1785199552.1273215
2,2179,0.5766741037368774,0.7304561573178594,1785199552.5744245
2,2180,0.5316934585571289,0.7305542149292149,1785199552.730002
2,2181,0.7008009552955627,0.7304712588310854,1785199552.878386
2,2182,0.5151065587997437,0.7302483974358974,1785199553.0255332
2,2183,0.7210005521774292,0.7300263915547025,1785199553.4759655
2,2184,0.529655933380127,0.7300047892720306,1785199553.6220822
2,2185,0.4897247850894928,0.7302023581899298,1785199553.7704558
2,2186,0.5820983648300171,0.7302003816793893,1785199553.916722
2,2187,0.706308901309967,0.7301190476190477,1785199554.3599458
2,2188,0.4648962914943695,0.7300776299112801,1785199554.5065575
2,2189,0.6405980587005615,0.7300166034155597,1785199554.6548896
2,2190,0.675723671913147,0.7300544507575758,1785199554.8026273
2,2191,0.5673747062683105,0.7300133900441084,1785199555.2618916
2,2192,0.7264236807823181,0.7300511006289309,1785199555.408487
2,2193,0.4589359760284424,0.7300494350282486,1785199555.5540106
2,2194,0.6185803413391113,0.7300477756892231,1785199555.7121644
2,2195,0.5090648531913757,0.7302024702939337,1785199556.1328917
2,2196,0.362357497215271,0.7303370786516854,1785199556.2790768
2,2197,0.7065770626068115,0.7304322429906542,1785199556.4269485
2,2198,0.5413862466812134,0.730449315920398,1785199556.5740402
2,2199,0.6023131608963013,0.730582712600869,1785199557.0192354
2,2200,0.5151620507240295,0.7305607187112764,1785199557.174985
2,2201,0.67182856798172,0.7305581323438466,1785199557.320069
2,2202,0.5653320550918579,0.7306327160493827,1785199557.4770448
2,2203,0.6486841440200806,0.7305914972273567,1785199557.896574
2,2204,0.5832087397575378,0.730684963099631,1785199558.0446548
2,2205,0.6786493062973022,0.7306437998772253,1785199558.191595
2,2206,0.3938189446926117,0.730679381127451,1785199558.3383858
2,2207,0.5966920256614685,0.7306383792048929,1785199558.793126
2,2208,0.6157001256942749,0.7305784493284493,1785199558.9418826
2,2209,0.5581752061843872,0.7307282145033516,1785199559.088874
2,2210,0.7356164455413818,0.7306303223844283,1785199559.234905
2,2211,0.5770972371101379,0.7306656041287188,1785199559.7019873
2,2212,0.5847725868225098,0.7306818181818182,1785199559.8490434
2,2213,0.65625,0.7306034482758621,1785199559.9973316
2,2214,0.4990123510360718,0.730600845410628,1785199560.147522
2,2215,0.6968435049057007,0.7305605786618445,1785199560.5889854
2,2216,0.4914848506450653,0.7305204572803851,1785199560.7375896
2,2217,0.7264065146446228,0.7305367867867868,1785199560.8838828
2,2218,0.5112937092781067,0.7305905275779376,1785199561.037675
2,2219,0.5596126914024353,0.7305879712746858,1785199561.473114
2,2220,0.6717309951782227,0.7305667562724014,1785199561.6205597
2,2221,0.6846633553504944,0.7304897137745975,1785199561.7684224
2,2222,0.5518618822097778,0.7303571428571428,1785199561.9172347
2,2223,0.5369952321052551,0.7302250445632799,1785199562.3869088
2,2224,0.5914425849914551,0.7302046263345195,1785199562.5387838
2,2225,0.6608641743659973,0.7300732682060391,1785199562.6859002
2,2226,0.540963888168335,0.7300347222222222,1785199562.8343039
2,2227,0.5013014674186707,0.7300884955752213,1785199563.268034
2,2228,0.521212637424469,0.7300132508833922,1785199563.4147036
2,2229,0.4302164614200592,0.7299382716049383,1785199563.5619583
2,2230,0.49636828899383545,0.7297718603286385,1785199563.7095373
2,2231,0.6843525767326355,0.729752489748096,1785199564.1579921
2,2232,0.6176698207855225,0.7296235380116959,1785199564.3135157
2,2233,0.6592795252799988,0.7295680093403386,1785199564.4619668
2,2234,0.5176529884338379,0.729476252913753,1785199564.620606
2,2235,0.4713433086872101,0.7296575043630017,1785199565.0224602
2,2236,0.6946303844451904,0.7297110917537747,1785199565.1701093
2,2237,0.5652222037315369,0.7296376811594203,1785199565.318178
2,2238,0.4836106300354004,0.7296006944444444,1785199565.465191
2,2239,0.5946083664894104,0.7295277296360485,1785199565.9341588
2,2240,0.5919516086578369,0.7294009515570934,1785199566.085311
2,2241,0.6984814405441284,0.7293645653425446,1785199566.232741
2,2242,0.4406214654445648,0.729400143678161,1785199566.3789506
2,2243,0.4737967252731323,0.7293997418244407,1785199566.8275146
2,2244,0.6003617644309998,0.7294530355097365,1785199566.9754112
2,2245,0.6234613060951233,0.7295240137221269,1785199567.1348016
2,2246,0.5697985291481018,0.7294877283105022,1785199567.2828047
2,2247,0.5275496244430542,0.7293625356125356,1785199567.7186513
2,2248,0.654424786567688,0.7294333048919226,1785199567.8664093
2,2249,0.5516151189804077,0.7294860874503123,1785199568.0145395
2,2250,0.577210009098053,0.7294323979591837,1785199568.1609182
2,2251,0.5673726797103882,0.7293258347481607,1785199568.6303644
2,2252,0.49250251054763794,0.7291666666666666,1785199568.7899778
2,2253,0.48388710618019104,0.7291666666666666,1785199568.9369385
2,2254,0.5687709450721741,0.7292546452702703,1785199569.0840502
2,2255,0.4894750416278839,0.729289629005059,1785199569.511555
2,2256,0.6472365856170654,0.7292543490460157,1785199569.657909
2,2257,0.7139917612075806,0.7293242296918767,1785199569.807035
2,2258,0.6266276836395264,0.7294113534675615,1785199569.9545496
2,2259,0.7359882593154907,0.7293760469011725,1785199570.3953035
2,2260,0.6600427627563477,0.7293931159420289,1785199570.5440989
2,2261,0.6652092933654785,0.7293405676126878,1785199570.6944475
2,2262,0.5217207670211792,0.7292013888888889,1785199570.843203
2,2263,0.6655976176261902,0.7293399889073766,1785199571.2809632
2,2264,0.5455902814865112,0.7293050941306756,1785199571.4270139
2,2265,0.5246694684028625,0.7293912382531785,1785199571.5774922
2,2266,0.5393975377082825,0.7293563741721855,1785199571.7254982
2,2267,0.48796403408050537,0.7292527548209367,1785199572.1768353
2,2268,0.5838968753814697,0.7293729372937293,1785199572.324091
2,2269,0.6294834613800049,0.729269632070291,1785199572.4710429
2,2270,0.521013081073761,0.7293722587719298,1785199572.6193962
2,2271,0.4147202968597412,0.7292692939244664,1785199573.0563507
2,2272,0.6207063794136047,0.7293374316939891,1785199573.2020695
2,2273,0.7010807394981384,0.7293542007637752,1785199573.3490002
2,2274,0.5492367148399353,0.7292687908496732,1785199573.4979184
2,2275,0.6473560929298401,0.7291836595976074,1785199573.9083385
2,2276,0.5364643931388855,0.729336319218241,1785199574.0545337
2,2277,0.5300436615943909,0.7292852303523035,1785199574.2020142
2,2278,0.5748306512832642,0.7292681277056277,1785199574.3475566
2,2279,0.5023592114448547,0.7292341977309562,1785199574.802823
2,2280,0.5675073862075806,0.7292677993527508,1785199574.9488285
2,2281,0.5828537344932556,0.7292844641895531,1785199575.0950618
2,2282,0.691672682762146,0.7292674731182796,1785199575.2415485
2,2283,0.5720286965370178,0.7292169887278583,1785199575.6877909
2,2284,0.5501315593719482,0.7291499196141479,1785199575.8361154
2,2285,0.482917457818985,0.7292001070090958,1785199575.9933057
2,2286,0.5249133110046387,0.7291499732905983,1785199576.1392179
2,2287,0.5813533663749695,0.7292333333333333,1785199576.5786932
2,2288,0.5012847781181335,0.7291833067092651,1785199576.7252975
2,2289,0.4567461907863617,0.7291998936735778,1785199576.888036
2,2290,0.5298925638198853,0.7292164278131635,1785199577.0337598
2,2291,0.4495263397693634,0.7293488341282459,1785199577.4722528
2,2292,0.6298388838768005,0.7292989417989418,1785199577.6198354
2,2293,0.5057421326637268,0.7293317485472794,1785199577.7760139
2,2294,0.5251275300979614,0.7294138976793249,1785199577.9237678
2,2295,0.5881876349449158,0.7293147709320695,1785199578.3519151
2,2296,0.6649131774902344,0.7292981072555205,1785199578.4994938
2,2297,0.5700258612632751,0.7292814960629921,1785199578.6461675
2,2298,0.5341838598251343,0.7292649371069182,1785199578.792982
2,2299,0.6486059427261353,0.7291993720565149,1785199579.2374496
2,2300,0.5332856774330139,0.7293299373040752,1785199579.3918583
2,2301,0.5489792823791504,0.7292155712050078,1785199579.5441465
2,2302,0.5173006057739258,0.729150390625,1785199579.692332
2,2303,0.45264744758605957,0.7292804212168487,1785199580.1206958
2,2304,0.5933607220649719,0.7294262720664589,1785199580.2665071
2,2305,0.5671801567077637,0.7295068688439607,1785199580.4123185
2,2306,0.5614567399024963,0.7295386904761905,1785199580.5603983
2,2307,0.43986546993255615,0.7296511627906976,1785199581.0031452
2,2308,0.7306180596351624,0.7295536635706914,1785199581.1508036
2,2309,0.48343828320503235,0.7295691653786708,1785199581.3039825
2,2310,0.5387539267539978,0.7293756430041153,1785199581.4502146
2,2311,0.5250332355499268,0.7293271700051361,1785199581.9018755
2,2312,0.5757402181625366,0.7293108974358974,1785199582.049705
2,2313,0.7694623470306396,0.7292306707629288,1785199582.1960685
2,2314,0.6731975078582764,0.7292465490797546,1785199582.3421233
2,2315,0.5379241704940796,0.7292304747320061,1785199582.7922945
2,2316,0.435710608959198,0.7291825942915392,1785199582.938215
2,2317,0.7733568549156189,0.729293893129771,1785199583.0854633
2,2318,0.47061988711357117,0.7294524898373984,1785199583.2321658
2,2319,0.6747477054595947,0.7293569254185692,1785199583.6876452
2,2320,0.6601290702819824,0.7294516210739616,1785199583.842425
2,2321,0.6460027098655701,0.7294986090035407,1785199583.9940891
2,2322,0.7020834684371948,0.729498106060606,1785199584.1402488
2,2323,0.5653589963912964,0.7295921583459405,1785199584.5949602
2,2324,0.41271325945854187,0.729512839879154,1785199584.7425961
2,2325,0.5610215663909912,0.7294651835093011,1785199584.8900669
2,2326,0.5425703525543213,0.7293549196787149,1785199585.0372462
2,2327,0.6242380738258362,0.7294016290726817,1785199585.4564278
2,2328,0.587465763092041,0.7294169169169169,1785199585.602775
2,2329,0.5846982002258301,0.7294321589205397,1785199585.7497094
2,2330,0.5462857484817505,0.7294005738522954,1785199585.8980377
2,2331,0.5747013688087463,0.7293223716990533,1785199586.342919
2,2332,0.6426630616188049,0.7292444029850746,1785199586.4900248
2,2333,0.48630398511886597,0.729352955787382,1785199586.6364343
2,2334,0.5389722585678101,0.7293836805555556,1785199586.7837987
2,2335,0.48623597621917725,0.7292750123823675,1785199587.2158494
2,2336,0.4938628375530243,0.7293984915924827,1785199587.3621488
2,2337,0.5589740872383118,0.7293364197530864,1785199587.508911
2,2338,0.5239718556404114,0.7293823964497042,1785199587.657629
2,2339,0.6568514704704285,0.7293974643032989,1785199588.1159017
2,2340,0.5572150945663452,0.7294739429695182,1785199588.2621698
2,2341,0.5175546407699585,0.729458149239077,1785199588.4070761
2,2342,0.6413580179214478,0.7294577205882353,1785199588.555657
2,2343,0.5309001803398132,0.7295337738619677,1785199589.0094
2,2344,0.5528374910354614,0.7294415933528837,1785199589.1562855
2,2345,0.5262876152992249,0.7294411908247925,1785199589.314178
2,2346,0.51515793800354,0.7295017056530214,1785199589.461071
2,2347,0.550670325756073,0.7296076642335766,1785199589.8904512
2,2348,0.6276717782020569,0.7295614674441205,1785199590.036976
2,2349,0.6516054272651672,0.7295457302280446,1785199590.1831987
2,2350,0.5312033891677856,0.7295451792635659,1785199590.331433
2,2351,0.6252447962760925,0.7296353410740203,1785199590.7992275
2,2352,0.6291841864585876,0.7295591787439614,1785199590.9464047
2,2353,0.6618806719779968,0.7295586107091172,1785199591.0941596
2,2354,0.559015154838562,0.7295730973025049,1785199591.2411177
2,2355,0.6023266911506653,0.7295725108225108,1785199591.6742394
2,2356,0.7450875043869019,0.7296169548511047,1785199591.821881
2,2357,0.6134122610092163,0.7295263788968825,1785199591.9697988
2,2358,0.46629598736763,0.7295258620689655,1785199592.1164703
2,2359,0.6218957901000977,0.7295253467240554,1785199592.5738716
2,2360,0.5867877006530762,0.7295397564469914,1785199592.7337031
2,2361,0.6794119477272034,0.7295094182164997,1785199592.8797686
2,2362,0.6687000393867493,0.7294940476190476,1785199593.0256317
2,2363,0.45774462819099426,0.7296124583927722,1785199593.4750535
2,2364,0.5210217833518982,0.729522792022792,1785199593.6233213
2,2365,0.4911443591117859,0.7295074679943101,1785199593.7708194
2,2366,0.5478975176811218,0.7295661695075758,1785199593.9175673
2,2367,0.5771779417991638,0.7295360520094563,1785199594.385289
2,2368,0.5183281898498535,0.7295355288007555,1785199594.540685
2,2369,0.5931748747825623,0.7295055398396982,1785199594.6870492
2,2370,0.5007468461990356,0.729460922787194,1785199594.8350859
2,2371,0.8792915940284729,0.7293723554301833,1785199595.251006
2,2372,0.5726790428161621,0.729225352112676,1785199595.398776
2,2373,0.6654044389724731,0.7292106188466948,1785199595.5466282
2,2374,0.5364229679107666,0.7291520365168539,1785199595.6923401
2,2375,0.4971950948238373,0.7290790088826554,1785199596.1277795
2,2376,0.4870782196521759,0.7291520774976658,1785199596.2767723
2,2377,0.5777158737182617,0.7291083916083916,1785199596.4304466
2,2378,0.5371586680412292,0.729050279329609,1785199596.5781806
2,2379,0.5667822360992432,0.7289196885169689,1785199597.0220613
2,2380,0.6720717549324036,0.7289490482822656,1785199597.1680954
2,2381,0.6274291276931763,0.7288914000927214,1785199597.3213818
2,2382,0.528026819229126,0.7289207175925926,1785199597.471158
2,2383,0.6438480019569397,0.7288488210818308,1785199597.9238763
2,2384,0.5488541126251221,0.7287915512465374,1785199598.0708563
2,2385,0.4827653169631958,0.7288064776394652,1785199598.2244453
2,2386,0.5650481581687927,0.7288213627992634,1785199598.3735003
2,2387,0.8696354627609253,0.7288793103448276,1785199598.8186138
2,2388,0.5785899758338928,0.7288940541781451,1785199598.9671466
2,2389,0.5167430639266968,0.728923085740486,1785199599.115693
2,2390,0.6698683500289917,0.728751717032967,1785199599.2626207
2,2391,0.5562288761138916,0.7286951303155007,1785199599.7126133
2,2392,0.5278940796852112,0.7286244292237443,1785199599.8598394
2,2393,0.6249396800994873,0.7285681714546284,1785199600.0106237
2,2394,0.6135974526405334,0.7286828324225865,1785199600.1566408
2,2395,0.5448107123374939,0.728612437471578,1785199600.6042624
2,2396,0.3834012746810913,0.7286841507720254,1785199600.7510784
2,2397,1.0025372505187988,0.7287131519274377,1785199600.8973005
2,2398,0.43019917607307434,0.7287845335144928,1785199601.0444107
2,2399,0.5935442447662354,0.7286861148801448,1785199601.486418
2,2400,0.5121612548828125,0.7287291102077688,1785199601.6320474
2,2401,0.48788416385650635,0.7287719891745602,1785199601.7801
2,2402,0.5162151455879211,0.7287725225225226,1785199601.9262733
2,2403,0.6104643940925598,0.7287168241115609,1785199602.3709593
2,2404,0.5630027651786804,0.7286472371967655,1785199602.5172594
2,2405,0.6442173719406128,0.7286058770749215,1785199602.6659565
2,2406,0.6038768291473389,0.7286626344086021,1785199602.8158329
2,2407,0.7039622664451599,0.7286493288590604,1785199603.2720494
2,2408,0.5804408192634583,0.7286220956210903,1785199603.4186964
2,2409,0.6426602005958557,0.7286228246318608,1785199603.5673702
2,2410,0.6559137105941772,0.7287488859180036,1785199603.7130806
2,2411,0.5866091251373291,0.7285686470850022,1785199604.1565824
2,2412,0.48510321974754333,0.7285277777777778,1785199604.3038652
2,2413,0.5612594485282898,0.728487017310253,1785199604.4518697
2,2414,0.6598190665245056,0.7284879210992907,1785199604.5986488
2,2415,0.5385825634002686,0.7285026560424966,1785199605.0464268
2,2416,0.5038694739341736,0.7284897214854111,1785199605.19325
2,2417,0.4697163701057434,0.7284354304635762,1785199605.3408957
2,2418,0.6151115894317627,0.728436397707231,1785199605.4868066
2,2419,0.45859938859939575,0.7285199251431088,1785199605.9319766
2,2420,0.5974703431129456,0.7285070360598065,1785199606.079001
2,2421,0.5387445092201233,0.7284667325428195,1785199606.225948
2,2422,0.5057565569877625,0.7285773026315789,1785199606.3740351
2,2423,0.5348106622695923,0.7285096364432764,1785199606.8204484
2,2424,0.5301311612129211,0.7285651793525809,1785199606.967147
2,2425,0.44988319277763367,0.7286205766710354,1785199607.1134462
2,2426,0.5380409359931946,0.7285803883071553,1785199607.2606635
2,2427,0.6092389225959778,0.7285811546840959,1785199607.725294
2,2428,0.5871114134788513,0.7284323324630113,1785199607.8846457
2,2429,0.49416765570640564,0.7284061277705346,1785199608.0319006
2,2430,0.5937060713768005,0.7283664279513888,1785199608.177739
2,2431,0.5720466375350952,0.7284081057650629,1785199608.5837681
2,2432,0.5273339152336121,0.7284632034632035,1785199608.7319078
2,2433,0.5202339887619019,0.7285046476437527,1785199608.8814654
2,2434,0.5514131188392639,0.7285324913644214,1785199609.0295808
2,2435,0.49648770689964294,0.7285872143165157,1785199609.4739704
2,2436,0.5521146655082703,0.7285879629629629,1785199609.62195
2,2437,0.6042385697364807,0.7285752688172042,1785199609.7699637
2,2438,0.6302915215492249,0.7285894544673539,1785199609.9172528
2,2439,0.562440037727356,0.7285767910767911,1785199610.3558009
2,2440,0.5950146913528442,0.7285239931448158,1785199610.5031528
2,2441,0.5889590978622437,0.7285114462986735,1785199610.650162
2,2442,0.6751053333282471,0.7285657051282052,1785199610.7979405
2,2443,0.5917871594429016,0.7285931498079385,1785199611.241322
2,2444,0.5622842907905579,0.7286205242966752,1785199611.3893328
2,2445,0.9007594585418701,0.7286611323967646,1785199611.537977
2,2446,0.6245422959327698,0.7285953443877551,1785199611.6843288
2,2447,0.4822671115398407,0.728635881104034,1785199612.1460216
2,2448,0.4740941524505615,0.7286100508905853,1785199612.2927368
2,2449,0.6001988649368286,0.7286239940703092,1785199612.4403615
2,2450,0.4446113705635071,0.7287172165820643,1785199612.5873313
2,2451,0.5593400597572327,0.7287177862272919,1785199613.037348
2,2452,0.6397480964660645,0.7286919831223628,1785199613.1838133
2,2453,0.6367923021316528,0.7286925832279815,1785199613.332825
2,2454,0.5369079113006592,0.7287984006734006,1785199613.480204
2,2455,0.5810180902481079,0.7288120008406893,1785199613.94341
2,2456,0.5815359354019165,0.7288124475230898,1785199614.088103
2,2457,0.5507513880729675,0.7287866876310273,1785199614.233724
2,2458,0.6280972957611084,0.7287348199329984,1785199614.3813577
2,2459,0.5621442198753357,0.7287484316185696,1785199614.8127286
2,2460,0.6496673822402954,0.72874895572264,1785199614.9580994
2,2461,0.5573269128799438,0.7287885899040467,1785199615.1049745
2,2462,0.5983104705810547,0.7286979166666666,1785199615.2499359
2,2463,0.541810929775238,0.7287115064502705,1785199615.6981921
2,2464,0.4706569314002991,0.7287770157938487,1785199615.8466249
2,2465,0.5702869296073914,0.7287256122872561,1785199615.9930046
2,2466,0.6154487729072571,0.7286354684908789,1785199616.1403265
2,2467,0.44014298915863037,0.7286620082815735,1785199616.5869389
2,2468,0.6802965998649597,0.7286497105045492,1785199616.7350779
2,2469,0.5555958151817322,0.7286245353159851,1785199616.88236
2,2470,0.4983043670654297,0.7286638820132013,1785199617.031083
2,2471,0.4330686032772064,0.7286773794808405,1785199617.4779284
2,2472,0.4608911871910095,0.7287551440329219,1785199617.6251745
2,2473,0.5256602764129639,0.728755651459104,1785199617.772355
2,2474,0.5600825548171997,0.728756157635468,1785199617.919019
2,2475,0.5547328591346741,0.7288079130791308,1785199618.3663762
2,2476,0.4854945242404938,0.7288211506961507,1785199618.5149868
2,2477,0.4983762800693512,0.7288343558282209,1785199618.663079
2,2478,0.6182908415794373,0.7288219975490197,1785199618.8127294
2,2479,0.6289507150650024,0.7288224194206446,1785199619.2470777
2,2480,0.5573940277099609,0.7288865118174409,1785199619.4039714
2,2481,0.4945543706417084,0.7288868538868539,1785199619.5532172
2,2482,0.5270588994026184,0.7289380081300812,1785199619.6988735
2,2483,0.5685119032859802,0.7288875355257816,1785199620.1159196
2,2484,0.6868252158164978,0.7288625304136253,1785199620.2623115
2,2485,0.6144559383392334,0.7287616443904414,1785199620.409353
2,2486,0.526860773563385,0.7288379854368932,1785199620.5592484
2,2487,0.5610440969467163,0.7288131313131313,1785199621.0001118
2,2488,0.6700229644775391,0.7286874495560937,1785199621.1460655
2,2489,0.5935572385787964,0.7286376461104394,1785199621.292677
2,2490,0.5618523955345154,0.7286005434782609,1785199621.439084
2,2491,0.6994491815567017,0.7286891837555287,1785199621.7838125
2,2492,0.45312225818634033,0.7287650602409639,1785199621.929353
2,2493,0.6482242345809937,0.728753008423586,1785199622.0748525
3,2494,0.6740469336509705,0.6458333333333334,1785199635.9997907
3,2495,0.5957021713256836,0.6770833333333334,1785199636.1460345
3,2496,0.5973243713378906,0.7013888888888888,1785199636.293314
3,2497,0.5562292337417603,0.7005208333333334,1785199636.4404256
3,2498,0.720873236656189,0.6979166666666666,1785199636.8721035
3,2499,0.5589483976364136,0.6996527777777778,1785199637.0203602
3,2500,0.6049270629882812,0.7038690476190477,1785199637.1666656
3,2501,0.7128041982650757,0.7109375,1785199637.3127296
3,2502,0.5349558591842651,0.7071759259259259,1785199637.77795
3,2503,0.5378457307815552,0.7114583333333333,1785199637.925581
3,2504,0.5307447910308838,0.7121212121212122,1785199638.0726752
3,2505,0.6327683329582214,0.7100694444444444,1785199638.2188988
3,2506,0.5764398574829102,0.7139423076923077,1785199638.6907873
3,2507,0.5605103373527527,0.7135416666666666,1785199638.8374622
3,2508,0.5810982584953308,0.7131944444444445,1785199638.9829974
3,2509,0.5834391117095947,0.7194010416666666,1785199639.1290424
3,2510,0.6397626399993896,0.7205882352941176,1785199639.596598
3,2511,0.6404807567596436,0.7204861111111112,1785199639.743357
3,2512,0.5518828630447388,0.7209429824561403,1785199639.8922818
3,2513,0.4792191982269287,0.7260416666666667,1785199640.0395563
3,2514,0.49911385774612427,0.7242063492063492,1785199640.4558256
3,2515,0.6180793046951294,0.7263257575757576,1785199640.601495
3,2516,0.585339367389679,0.7273550724637681,1785199640.7489843
3,2517,0.5142080187797546,0.7317708333333334,1785199640.8969886
3,2518,0.4624142646789551,0.7366666666666667,1785199641.3353846
3,2519,0.5763161778450012,0.7359775641025641,1785199641.4810724
3,2520,0.6116039156913757,0.7372685185185185,1785199641.6275342
3,2521,0.6330901384353638,0.7380952380952381,1785199641.7774973
3,2522,0.620466947555542,0.7395833333333334,1785199642.225021
3,2523,0.5326805710792542,0.7388888888888889,1785199642.3719668
3,2524,0.5174263119697571,0.7375672043010753,1785199642.518786
3,2525,0.5649847984313965,0.7376302083333334,1785199642.6655653
3,2526,0.5828253626823425,0.73989898989899,1785199643.0816681
3,2527,0.530624270439148,0.7411151960784313,1785199643.230191
3,2528,0.5185350179672241,0.7410714285714286,1785199643.377007
3,2529,0.6209985017776489,0.7416087962962963,1785199643.5248108
3,2530,0.5782073140144348,0.7395833333333334,1785199643.9740398
3,2531,0.8767281770706177,0.7398574561403509,1785199644.1213799
3,2532,0.6118234992027283,0.7409188034188035,1785199644.266561
3,2533,0.5349513292312622,0.7395833333333334,1785199644.4122016
3,2534,0.468593031167984,0.7388211382113821,1785199644.862019
3,2535,0.5662543177604675,0.7368551587301587,1785199645.0080924
3,2536,0.5458179712295532,0.7364341085271318,1785199645.1544476
3,2537,0.6491982936859131,0.7383996212121212,1785199645.299959
3,2538,0.47564589977264404,0.7407407407407407,1785199645.7437656
3,2539,0.4901686906814575,0.7407155797101449,1785199645.8893878
3,2540,0.7782073020935059,0.7415780141843972,1785199646.0367
3,2541,0.6347038149833679,0.740234375,1785199646.1835215
3,2542,0.5839303731918335,0.7414965986394558,1785199646.6157227
3,2543,0.5366785526275635,0.741875,1785199646.7625322
3,2544,0.3808065354824066,0.7424428104575164,1785199646.9106812
3,2545,0.5419832468032837,0.7421875,1785199647.0578413
3,2546,0.7822027206420898,0.7417452830188679,1785199647.5003703
3,2547,0.5056958794593811,0.7415123456790124,1785199647.647017
3,2548,0.3635480999946594,0.7412878787878788,1785199647.7942028
3,2549,0.6403992176055908,0.7397693452380952,1785199647.939456
3,2550,0.6561702489852905,0.7388523391812866,1785199648.3835635
3,2551,0.4639725387096405,0.7385057471264368,1785199648.5305839
3,2552,0.5726102590560913,0.7387005649717514,1785199648.6784506
3,2553,0.5774458646774292,0.7380208333333333,1785199648.8243122
3,2554,0.5463625192642212,0.7380464480874317,1785199649.2652376
3,2555,0.4243653118610382,0.738239247311828,1785199649.4099348
3,2556,0.5360891222953796,0.7387566137566137,1785199649.5549452
3,2557,0.4916113615036011,0.7389322916666666,1785199649.6997333
3,2558,0.4854927062988281,0.739423076923077,1785199650.1281645
3,2559,0.5069634318351746,0.7389520202020202,1785199650.2733574
3,2560,0.5322543382644653,0.7398942786069652,1785199650.4204068
3,2561,0.6181634068489075,0.7391237745098039,1785199650.5673625
3,2562,0.5038225054740906,0.7383756038647343,1785199651.0190434
3,2563,0.6931902170181274,0.7400297619047619,1785199651.1652477
3,2564,0.5741276144981384,0.7401701877934272,1785199651.3124416
3,2565,0.6033458113670349,0.7390046296296297,1785199651.4603126
3,2566,0.5188989639282227,0.7397260273972602,1785199651.912232
3,2567,0.5030463933944702,0.7400056306306306,1785199652.0600047
3,2568,0.5980821251869202,0.7401388888888889,1785199652.2055519
3,2569,0.552617609500885,0.740953947368421,1785199652.3530295
3,2570,0.5484810471534729,0.7420183982683982,1785199652.8065827
3,2571,0.6471385359764099,0.7411858974358975,1785199652.9530518
3,2572,0.3940446674823761,0.7424841772151899,1785199653.0984762
3,2573,0.5781344771385193,0.7424479166666667,1785199653.2456195
3,2574,0.6290670037269592,0.7422839506172839,1785199653.6879172
3,2575,0.6736094951629639,0.7416158536585366,1785199653.8348181
3,2576,0.5709288716316223,0.742218875502008,1785199653.9825695
3,2577,0.5855143070220947,0.7421875,1785199654.1294978
3,2578,0.5967538952827454,0.7421568627450981,1785199654.5826557
3,2579,0.4958251714706421,0.7416424418604651,1785199654.730513
3,2580,0.5234754085540771,0.7414990421455939,1785199654.8763049
3,2581,0.5590621829032898,0.7412405303030303,1785199655.0241745
3,2582,0.5238986015319824,0.7412219101123596,1785199655.4553037
3,2583,0.49226343631744385,0.7412037037037037,1785199655.6020272
3,2584,0.5833621025085449,0.7409569597069597,1785199655.7492795
3,2585,0.6881396770477295,0.7416213768115942,1785199655.8966577
3,2586,0.4584214985370636,0.7413754480286738,1785199656.3454242
3,2587,0.738917350769043,0.7409131205673759,1785199656.4941597
3,2588,0.5075010657310486,0.7404605263157895,1785199656.6418834
3,2589,0.532153308391571,0.7405598958333334,1785199656.7872038
3,2590,0.522722065448761,0.740442439862543,1785199657.2502027
3,2591,0.4988057315349579,0.7404336734693877,1785199657.3962243
3,2592,0.588926374912262,0.7402146464646465,1785199657.5447807
3,2593,0.6263176202774048,0.74,1785199657.692834
3,2594,0.559792697429657,0.7392739273927392,1785199658.1319764
3,2595,0.7570165991783142,0.7389705882352942,1785199658.2780097
3,2596,0.5996702313423157,0.7388754045307443,1785199658.4243772
3,2597,0.605019211769104,0.7384815705128205,1785199658.573027
3,2598,0.5391414761543274,0.7387896825396826,1785199659.029668
3,2599,0.5399782657623291,0.7390919811320755,1785199659.1772773
3,2600,0.5894784331321716,0.739291277258567,1785199659.323642
3,2601,0.5029335021972656,0.7392939814814815,1785199659.4713664
3,2602,0.46517300605773926,0.7387232415902141,1785199659.9259748
3,2603,0.6762166619300842,0.7375946969696969,1785199660.073424
3,2604,0.5623036623001099,0.7375187687687688,1785199660.2221208
3,2605,0.5661954879760742,0.7375372023809523,1785199660.3688877
3,2606,0.5639058947563171,0.7371865781710915,1785199660.811749
3,2607,0.5545733571052551,0.7370248538011696,1785199660.959413
3,2608,0.4668380320072174,0.7367753623188406,1785199661.1042707
3,2609,0.5898706912994385,0.7364403735632183,1785199661.2497063
3,2610,0.6138283014297485,0.7357549857549858,1785199661.6788054
3,2611,0.606609582901001,0.7355225988700564,1785199661.824357
3,2612,0.4308529794216156,0.7355567226890757,1785199661.9731915
3,2613,0.47138696908950806,0.7359375,1785199662.1201189
3,2614,0.685917317867279,0.7362258953168044,1785199662.574795
3,2615,0.4551149308681488,0.7359972677595629,1785199662.720727
3,2616,0.5111095905303955,0.7360264227642277,1785199662.8665187
3,2617,0.5499539971351624,0.7360551075268817,1785199663.0130277
3,2618,0.5485000610351562,0.7359166666666667,1785199663.4489994
3,2619,0.5139768123626709,0.7359457671957672,1785199663.5968628
3,2620,0.6351034045219421,0.7355643044619422,1785199663.743333
3,2621,0.5691957473754883,0.7352701822916666,1785199663.8906453
3,2622,0.7504400014877319,0.7350613695090439,1785199664.3432572
3,2623,0.5251278281211853,0.7350961538461539,1785199664.49244
3,2624,0.5686521530151367,0.7350508905852418,1785199664.6392918
3,2625,0.528609037399292,0.7346117424242424,1785199664.7867417
3,2626,0.6190703511238098,0.7352756892230576,1785199665.2422671
3,2627,0.5318563580513,0.7353078358208955,1785199665.3880515
3,2628,0.5942810773849487,0.7352623456790124,1785199665.5359867
3,2629,0.5076708197593689,0.735140931372549,1785199665.6822462
3,2630,0.5432796478271484,0.7349452554744526,1785199666.122363
3,2631,0.4910013675689697,0.7355072463768116,1785199666.267473
3,2632,0.5439724326133728,0.7353117505995204,1785199666.4147682
3,2633,0.5059530138969421,0.7352678571428571,1785199666.5624774
3,2634,0.5744230151176453,0.735298463356974,1785199667.0092247
3,2635,0.514774739742279,0.735475352112676,1785199667.154167
3,2636,0.4561645984649658,0.7355769230769231,1785199667.2993643
3,2637,0.5962046980857849,0.7356047453703703,1785199667.4471219
3,2638,0.5987592935562134,0.735632183908046,1785199667.896071
3,2639,0.5728180408477783,0.7352311643835616,1785199668.0428147
3,2640,0.5455281734466553,0.7348356009070295,1785199668.191634
3,2641,0.6658676266670227,0.7352899774774775,1785199668.3403668
3,2642,0.7520588636398315,0.7354586129753915,1785199668.8011682
3,2643,0.5612808465957642,0.7354166666666667,1785199668.9469612
3,2644,0.5417793393135071,0.7350993377483444,1785199669.0930786
3,2645,0.5392623543739319,0.7347176535087719,1785199669.2404728
3,2646,0.5200833082199097,0.7349537037037037,1785199669.6710126
3,2647,0.5237563848495483,0.7348484848484849,1785199669.8181176
3,2648,0.5334942936897278,0.7351478494623656,1785199669.9659784
3,2649,0.7082515954971313,0.734642094017094,1785199670.1132474
3,2650,0.6324220895767212,0.7345408704883227,1785199670.5658915
3,2651,0.682368814945221,0.7341112869198312,1785199670.7134476
3,2652,0.5633119344711304,0.7340146750524109,1785199670.8604774
3,2653,0.6271472573280334,0.7339192708333333,1785199671.007522
3,2654,0.4910576045513153,0.7338250517598344,1785199671.4591563
3,2655,0.48950323462486267,0.7337962962962963,1785199671.607317
3,2656,0.6161844730377197,0.7340235173824131,1785199671.7539804
3,2657,0.725100040435791,0.7338668699186992,1785199671.89975
3,2658,0.6531874537467957,0.7337752525252526,1785199672.3460526
3,2659,0.5201462507247925,0.7337474899598394,1785199672.4933383
3,2660,0.556123673915863,0.7339071856287425,1785199672.6398487
3,2661,0.4700166583061218,0.7339409722222222,1785199672.7862892
3,2662,0.48360055685043335,0.7337894477317555,1785199673.23847
3,2663,0.4996787905693054,0.7337009803921568,1785199673.3844259
3,2664,0.46873199939727783,0.7333698830409356,1785199673.5320745
3,2665,0.40406033396720886,0.7334665697674418,1785199673.6775558
3,2666,0.6751856207847595,0.7335621387283237,1785199674.116847
3,2667,0.5517835021018982,0.7331776819923371,1785199674.2659822
3,2668,0.5639918446540833,0.7335119047619048,1785199674.4147327
3,2669,0.5365330576896667,0.7333688446969697,1785199674.5627184
3,2670,0.4461100995540619,0.733168549905838,1785199674.9984894
3,2671,0.6348859071731567,0.7332631086142322,1785199675.1451304
3,2672,0.6386634707450867,0.7328910614525139,1785199675.2911918
3,2673,0.6657412052154541,0.7326388888888888,1785199675.439465
3,2674,0.5739073157310486,0.7325621546961326,1785199675.8846247
3,2675,0.6165446639060974,0.7320856227106227,1785199676.031899
3,2676,0.5640554428100586,0.7317850637522769,1785199676.1773033
3,2677,0.5886660814285278,0.7317142210144928,1785199676.3255186
3,2678,0.5463603734970093,0.7313063063063063,1785199676.7610016
3,2679,0.5201017260551453,0.7313508064516129,1785199676.906889
3,2680,0.7318085432052612,0.7312834224598931,1785199677.0534172
3,2681,0.5173767805099487,0.7313275709219859,1785199677.2070837
3,2682,0.5368824005126953,0.7312610229276896,1785199677.6520085
3,2683,0.6108392477035522,0.7315241228070175,1785199677.800334
3,2684,0.5324660539627075,0.7320026178010471,1785199677.947262
3,2685,0.5045341849327087,0.7316080729166666,1785199678.0964346
3,2686,0.48837029933929443,0.7313795336787565,1785199678.5334823
3,2687,0.6723326444625854,0.7312070446735395,1785199678.6791449
3,2688,0.6308717727661133,0.7310897435897435,1785199678.826049
3,2689,0.5424718260765076,0.7314519557823129,1785199678.9730628
3,2690,0.7834984660148621,0.7318104906937394,1785199679.4075751
3,2691,0.6685411930084229,0.7320601851851852,1785199679.5569057
3,2692,0.527600884437561,0.7320979899497487,1785199679.7042913
3,2693,0.49520593881607056,0.731875,1785199679.8508623
3,2694,0.5119801163673401,0.7319133499170812,1785199680.285863
3,2695,0.4987899661064148,0.7318997524752475,1785199680.433404
3,2696,0.7117575407028198,0.7317836617405583,1785199680.5821347
3,2697,0.6251007318496704,0.7318218954248366,1785199680.7336366
3,2698,0.5927778482437134,0.7321646341463415,1785199681.175388
3,2699,0.5460887551307678,0.7318972491909385,1785199681.3224022
3,2700,0.4909515082836151,0.7318337359098228,1785199681.47209
3,2701,0.5065125823020935,0.7318709935897436,1785199681.6194701
3,2702,0.5816251635551453,0.7314094896331739,1785199682.043242
3,2703,0.6886488795280457,0.7320436507936507,1785199682.1908844
3,2704,0.6043243408203125,0.7320793838862559,1785199682.3381417
3,2705,0.5113565325737,0.7320656446540881,1785199682.4847662
3,2706,0.5689697861671448,0.7320031298904538,1785199682.934327
3,2707,0.6245677471160889,0.7320385514018691,1785199683.0802896
3,2708,0.5622240900993347,0.7319767441860465,1785199683.2274258
3,2709,0.5119194388389587,0.7317226080246914,1785199683.3746045
3,2710,0.5477226376533508,0.7318068356374808,1785199683.8302963
3,2711,0.5928331613540649,0.7318902905198776,1785199683.9784982
3,2712,0.45231303572654724,0.7320681126331812,1785199684.1261225
3,2713,0.5505220890045166,0.7321496212121212,1785199684.285067
3,2714,0.5573543310165405,0.7325603318250377,1785199684.730752
3,2715,0.5129677057266235,0.7326388888888888,1785199684.8771875
3,2716,0.7066555023193359,0.7326233183856502,1785199685.023861
3,2717,0.49672403931617737,0.7327473958333334,1785199685.1728427
3,2718,0.5990664958953857,0.7326388888888888,1785199685.6166692
3,2719,0.4954492449760437,0.7325313421828908,1785199685.765144
3,2720,0.5517424941062927,0.7322870778267254,1785199685.9142697
3,2721,0.45474159717559814,0.732547514619883,1785199686.0630903
3,2722,0.5087277293205261,0.7323053129548762,1785199686.511681
3,2723,0.5338084697723389,0.7323369565217391,1785199686.6594176
3,2724,0.6287502646446228,0.7325937950937951,1785199686.8126922
3,2725,0.5212123394012451,0.7326239224137931,1785199686.9613593
3,2726,0.6532869338989258,0.7326984978540773,1785199687.3798547
3,2727,0.4220297932624817,0.7328614672364673,1785199687.5275338
3,2728,0.6826163530349731,0.7325354609929078,1785199687.674499
3,2729,0.46259790658950806,0.7326094632768362,1785199687.8200397
3,2730,0.4701232612133026,0.7328146976090014,1785199688.2536438
3,2731,0.5746504664421082,0.7327993697478992,1785199688.4009833
3,2732,0.5417534708976746,0.7326534170153417,1785199688.549602
3,2733,0.5814458131790161,0.732421875,1785199688.6957624
3,2734,0.5312153100967407,0.7324083679114799,1785199689.119327
3,2735,0.4601788818836212,0.7323949724517906,1785199689.2660894
3,2736,0.4857182502746582,0.7327246227709191,1785199689.4144497
3,2737,0.5402323007583618,0.7325819672131147,1785199689.562344
3,2738,0.42537832260131836,0.7323979591836735,1785199689.997085
3,2739,0.5886522531509399,0.732300135501355,1785199690.144466
3,2740,0.5437436699867249,0.7322874493927125,1785199690.291069
3,2741,0.6021657586097717,0.7321488575268817,1785199690.4381957
3,2742,0.5652316212654114,0.7319277108433735,1785199690.8839242
3,2743,0.5200292468070984,0.732375,1785199691.0308194
3,2744,0.5442433953285217,0.7320717131474104,1785199691.1904519
3,2745,0.49303945899009705,0.7320188492063492,1785199691.3385587
3,2746,0.5579515695571899,0.7320075757575758,1785199691.7617044
3,2747,0.5336107611656189,0.7323244750656168,1785199691.9086742
3,2748,0.5204111933708191,0.7323529411764705,1785199692.0556138
3,2749,0.5015727281570435,0.7322591145833334,1785199692.2123148
3,2750,0.6588828563690186,0.7318012321660181,1785199692.6483574
3,2751,0.597000777721405,0.7318313953488372,1785199692.7964797
3,2752,0.6689932346343994,0.7320624195624196,1785199692.9520051
3,2753,0.632879912853241,0.7322916666666667,1785199693.0986116
3,2754,0.5634800791740417,0.7323994252873564,1785199693.5384061
3,2755,0.5481801629066467,0.732426844783715,1785199693.6851056
3,2756,0.43894603848457336,0.7324144486692015,1785199693.8315442
3,2757,0.6363121271133423,0.7324810606060606,1785199693.978019
3,2758,0.5514153242111206,0.7323899371069182,1785199694.4213712
3,2759,0.6222387552261353,0.7321428571428571,1785199694.5687242
3,2760,0.5110750794410706,0.7320536828963795,1785199694.715951
3,2761,0.5310069918632507,0.7322761194029851,1785199694.8625953
3,2762,0.4859628677368164,0.7323032837670385,1785199695.3073952
3,2763,0.5635020732879639,0.7322530864197531,1785199695.4548056
3,2764,0.5762174129486084,0.732280135301353,1785199695.604029
3,2765,0.5865283012390137,0.7321155024509803,1785199695.7503386
3,2766,0.5371639132499695,0.7321810134310134,1785199696.2074647
3,2767,0.6089851260185242,0.7322840632603407,1785199696.3543284
3,2768,0.6965435147285461,0.7321590909090909,1785199696.5009713
3,2769,0.5874236226081848,0.732223731884058,1785199696.6470337
3,2770,0.6402686238288879,0.7321750902527075,1785199697.1100395
3,2771,0.49736303091049194,0.7322766786570744,1785199697.2560153
3,2772,0.6053600907325745,0.7321535244922341,1785199697.4031982
3,2773,0.42116010189056396,0.7321056547619048,1785199697.5500119
3,2774,0.6917245984077454,0.732317615658363,1785199697.9936388
3,2775,0.628688633441925,0.7324911347517731,1785199698.1407979
3,2776,0.5164439678192139,0.7324425795053003,1785199698.28763
3,2777,0.5334955453872681,0.7325410798122066,1785199698.4358504
3,2778,0.6731156706809998,0.7321271929824561,1785199698.9005342
3,2779,0.564692497253418,0.732298951048951,1785199699.0472524
3,2780,0.5361514687538147,0.7323606271777003,1785199699.1952126
3,2781,0.5916157960891724,0.7318431712962963,1785199699.3406227
3,2782,0.6586742997169495,0.7319420415224913,1785199699.8097987
3,2783,0.5242592096328735,0.7321479885057471,1785199699.9568121
3,2784,0.6056733131408691,0.7320661512027491,1785199700.1043062
3,2785,0.5250357985496521,0.7321632420091324,1785199700.2501569
3,2786,0.6187045574188232,0.7319397042093287,1785199700.6875181
3,2787,0.44652634859085083,0.7319302721088435,1785199700.832965
3,2788,0.6304283738136292,0.7316737288135593,1785199700.9807155
3,2789,0.6234039664268494,0.7315244932432432,1785199701.1276307
3,2790,0.5350049138069153,0.7314113355780022,1785199701.5544095
3,2791,0.5281996130943298,0.7314387583892618,1785199701.7013144
3,2792,0.46876853704452515,0.7314311594202898,1785199701.8473904
3,2793,0.5457367897033691,0.7314930555555555,1785199701.9932094
3,2794,0.5542528033256531,0.7314507198228128,1785199702.4380927
3,2795,0.6114308834075928,0.7314086644591612,1785199702.5943034
3,2796,0.5591307878494263,0.7311949944994499,1785199702.742104
3,2797,0.5775278806686401,0.7308114035087719,1785199702.888552
3,2798,0.46481266617774963,0.7308401639344262,1785199703.3210287
3,2799,0.535916268825531,0.7306644880174292,1785199703.4679346
3,2800,0.6028356552124023,0.7305238870792616,1785199703.6153069
3,2801,0.5827653408050537,0.7305533008658008,1785199703.7623785
3,2802,0.7985324859619141,0.7302117044228694,1785199704.2024484
3,2803,0.6504455208778381,0.729771505376344,1785199704.3491535
3,2804,0.6492017507553101,0.7296355841371919,1785199704.4979692
3,2805,0.6317489743232727,0.7297008547008547,1785199704.6445613
3,2806,0.446294367313385,0.7297324281150159,1785199705.108827
3,2807,0.6238281726837158,0.7294652335456475,1785199705.2560754
3,2808,0.5514388680458069,0.7295965608465609,1785199705.4031956
3,2809,0.47002696990966797,0.729628164556962,1785199705.5506718
3,2810,0.5208481550216675,0.7296595688748686,1785199705.9801745
3,2811,0.39079052209854126,0.7298545597484277,1785199706.1296942
3,2812,0.5581080913543701,0.7295585161964472,1785199706.2843878
3,2813,0.5289489030838013,0.7296875,1785199706.431731
3,2814,0.5120190978050232,0.7296534267912772,1785199706.858271
3,2815,0.4725516438484192,0.729587215320911,1785199707.0036757
3,2816,0.613792896270752,0.7296504127966976,1785199707.152651
3,2817,0.5986078977584839,0.7294238683127572,1785199707.2991877
3,2818,0.5623288154602051,0.7294871794871794,1785199707.7712374
3,2819,0.5862311124801636,0.7293903374233128,1785199707.9184492
3,2820,0.5002651214599609,0.729421508664628,1785199708.0669692
3,2821,0.5652274489402771,0.729516006097561,1785199708.2126732
3,2822,0.6842740774154663,0.7295149442755826,1785199708.6323442
3,2823,0.6630844473838806,0.7296717171717172,1785199708.7793152
3,2824,0.5642613768577576,0.7296387210473313,1785199708.9268467
3,2825,0.5676108598709106,0.7299196787148594,1785199709.0749924
3,2826,0.6745575666427612,0.7299174174174174,1785199709.515693
3,2827,0.5466381311416626,0.7300711077844312,1785199709.6626737
3,2828,0.5420354604721069,0.7301927860696518,1785199709.8088777
3,2829,0.5040252804756165,0.7301277281746031,1785199709.9570165
3,2830,0.4455646276473999,0.7301866963402571,1785199710.394924
3,2831,0.7806442379951477,0.7301220414201184,1785199710.543664
3,2832,0.6199585795402527,0.7303650442477876,1785199710.689658
3,2833,0.5738162994384766,0.7303002450980393,1785199710.8363411
3,2834,0.533859372138977,0.7304802052785924,1785199711.2733095
3,2835,0.5506388545036316,0.7306286549707602,1785199711.4270616
3,2836,0.651890754699707,0.730502915451895,1785199711.573867
3,2837,0.5286374092102051,0.7303173449612403,1785199711.7219043
3,2838,0.5204289555549622,0.7305555555555555,1785199712.1467814
3,2839,0.5533696413040161,0.7303407996146436,1785199712.2925878
3,2840,0.5821794271469116,0.7304875120076849,1785199712.4401906
3,2841,0.5924537181854248,0.7305136494252874,1785199712.589166
3,2842,0.5592606663703918,0.7303904011461319,1785199713.027884
3,2843,0.6604791879653931,0.7304761904761905,1785199713.1782048
3,2844,0.6268234252929688,0.7305614909781576,1785199713.3261034
3,2845,0.6283606290817261,0.7306463068181818,1785199713.4730842
3,2846,0.5630878210067749,0.7306126062322946,1785199713.916833
3,2847,0.6671190857887268,0.7307850753295668,1785199714.0652883
3,2848,0.5776523947715759,0.7308098591549296,1785199714.2110636
3,2849,0.5705678462982178,0.7306589419475655,1785199714.3567805
3,2850,0.5983147621154785,0.73062558356676,1785199714.7894316
3,2851,0.5100176930427551,0.7306797020484171,1785199714.9376678
3,2852,0.6436758041381836,0.7307335190343547,1785199715.0834587
3,2853,0.4382035732269287,0.7310474537037037,1785199715.2304041
3,2854,0.6454986333847046,0.7309845337026778,1785199715.69002
3,2855,0.5322734117507935,0.7311521639042358,1785199715.8376255
3,2856,0.6602983474731445,0.7312040863177227,1785199715.984423
3,2857,0.6049650311470032,0.7311126373626373,1785199716.1300104
3,2858,0.5950998663902283,0.7312214611872146,1785199716.5652852
3,2859,0.609563946723938,0.7313581511839709,1785199716.7220914
3,2860,0.5174909830093384,0.7311818801089919,1785199716.8706002
3,2861,0.5555633902549744,0.7310065670289855,1785199717.0178926
3,2862,0.6218239665031433,0.7310580397470642,1785199717.4692004
3,2863,0.460044801235199,0.73125,1785199717.616486
3,2864,0.5830190181732178,0.7314128481581311,1785199717.7639701
3,2865,0.5610758662223816,0.7314068100358423,1785199717.911236
3,2866,0.7715355157852173,0.7314566577301161,1785199718.352531
3,2867,0.6467341184616089,0.7316176470588235,1785199718.5005896
3,2868,0.5180569291114807,0.7314722222222222,1785199718.648729
3,2869,0.7655868530273438,0.7314383865248227,1785199718.795784
3,2870,0.43821412324905396,0.7314876215738285,1785199719.2429438
3,2871,0.5251579880714417,0.7315090388007055,1785199719.3975003
3,2872,0.6560257077217102,0.7313104661389622,1785199719.545364
3,2873,0.5801619291305542,0.7313322368421052,1785199719.6925554
3,2874,0.533525824546814,0.7311898512685914,1785199720.110298
3,2875,0.5409806966781616,0.731293630017452,1785199720.2572808
3,2876,0.576033353805542,0.7314240644038295,1785199720.4028502
3,2877,0.5521000027656555,0.731689453125,1785199720.5523646
3,2878,0.6514391303062439,0.731737012987013,1785199720.998012
3,2879,0.5566290020942688,0.7318113126079447,1785199721.1439586
3,2880,0.6055956482887268,0.7317506459948321,1785199721.2911496
3,2881,0.6268479824066162,0.7315829037800687,1785199721.4385476
3,2882,0.5624420046806335,0.7315231362467867,1785199721.8745928
3,2883,0.6004635095596313,0.7316239316239316,1785199722.0217016
3,2884,0.5136745572090149,0.7316176470588235,1785199722.1675591
3,2885,0.6288946866989136,0.7315051020408163,1785199722.3143501
3,2886,0.47052836418151855,0.7314196352841391,1785199722.7560282
3,2887,0.6635309457778931,0.7315725465313029,1785199722.9023492
3,2888,0.5669426918029785,0.7316455696202532,1785199723.0493805
3,2889,0.5802503824234009,0.7316393097643098,1785199723.1961048
3,2890,0.6023128032684326,0.7315543660789253,1785199723.667308
3,2891,0.6052138805389404,0.7314698492462312,1785199723.821527
3,2892,0.468485563993454,0.7314640768588136,1785199723.9684405
3,2893,0.5417054295539856,0.731484375,1785199724.1146533
3,2894,0.5949996709823608,0.7314526184538653,1785199724.577115
3,2895,0.5822380185127258,0.7313951077943616,1785199724.7262173
3,2896,0.5859372019767761,0.7314154259718776,1785199724.8732226
3,2897,0.5896870493888855,0.731512995049505,1785199725.0318105
3,2898,0.712951123714447,0.7316615226337448,1785199725.437278
3,2899,0.4621152877807617,0.731552750410509,1785199725.5861707
3,2900,0.6142688989639282,0.731751638001638,1785199725.7325642
3,2901,0.667731761932373,0.7319240196078431,1785199725.878828
3,2902,0.6323888897895813,0.7318918092909535,1785199726.3274736
3,2903,0.5905740857124329,0.7320630081300813,1785199726.4739895
3,2904,0.5933993458747864,0.7320813057583131,1785199726.6209986
3,2905,0.6902329921722412,0.7321500809061489,1785199726.7676156
3,2906,0.5604256391525269,0.7321428571428571,1785199727.4175663
3,2907,0.6512047052383423,0.7321105072463768,1785199727.5657177
3,2908,0.5015183687210083,0.7320532128514057,1785199727.7116754
3,2909,0.5678794980049133,0.7320212339743589,1785199727.8591034
3,2910,0.6063558459281921,0.7318395283772982,1785199728.3332868
3,2911,0.5462865233421326,0.7317334529505582,1785199728.4791408
3,2912,0.587622880935669,0.7318019093078759,1785199728.6248546
3,2913,0.5666292309761047,0.7317212301587301,1785199728.7710488
3,2914,0.554186999797821,0.7317646476642914,1785199729.2098746
3,2915,0.47958052158355713,0.7315857030015798,1785199729.3569238
3,2916,0.5770853757858276,0.7316292356185973,1785199729.50451
3,2917,0.574049711227417,0.7315005896226415,1785199729.6532226
3,2918,0.45244157314300537,0.7317156862745098,1785199730.0853934
3,2919,0.6734347939491272,0.7316607981220657,1785199730.2408597
3,2920,0.7572705745697021,0.7317281420765027,1785199730.3887184
3,2921,0.4390081763267517,0.7317951713395638,1785199730.5368474
3,2922,0.46588513255119324,0.7318133255633256,1785199730.9567373
3,2923,0.4297929108142853,0.7316860465116279,1785199731.1053126
3,2924,0.6604298949241638,0.7314868522815159,1785199731.2514153
3,2925,0.610679030418396,0.7313126929012346,1785199731.3985116
3,2926,0.45985567569732666,0.7314280215550424,1785199731.8401957
3,2927,0.5967919230461121,0.7313028033794163,1785199731.9881854
3,2928,0.5332424640655518,0.7314176245210728,1785199732.136909
3,2929,0.5629441738128662,0.7314363532110092,1785199732.2832925
3,2930,0.6032097339630127,0.7314073226544623,1785199732.7215357
3,2931,0.5666259527206421,0.7314735540334856,1785199732.8676355
3,2932,0.719918429851532,0.7315157555049354,1785199733.0154738
3,2933,0.5214515924453735,0.7314157196969697,1785199733.1633532
3,2934,0.4667111933231354,0.731552343159486,1785199733.5982757
3,2935,0.5491055250167847,0.7315940799396682,1785199733.7461078
3,2936,0.5643115043640137,0.731612114371708,1785199733.8919632
3,2937,0.5707831978797913,0.7315831456456456,1785199734.038449
3,2938,0.3928624093532562,0.7317883895131087,1785199734.47584
3,2939,0.494476854801178,0.7319460014947683,1785199734.6309824
3,2940,0.6178579926490784,0.7317067486950037,1785199734.7778966
3,2941,0.5691493153572083,0.7316313244047619,1785199734.924803
3,2942,0.5982979536056519,0.7316490348923533,1785199735.3570442
3,2943,0.548439085483551,0.7316203703703704,1785199735.5136912
3,2944,0.5454872250556946,0.7315225424981523,1785199735.6612072
3,2945,0.5316553115844727,0.7314712389380531,1785199735.8092337
3,2946,0.4844852387905121,0.731420161883738,1785199736.2594512
3,2947,0.5654997825622559,0.7313922540381792,1785199736.4047759
3,2948,0.5247982144355774,0.7314102564102564,1785199736.5612621
3,2949,0.5271967053413391,0.7312225877192983,1785199736.7068295
3,2950,0.5266260504722595,0.7310813274981766,1785199737.1313896
3,2951,0.5040653347969055,0.7308951965065502,1785199737.2826967
3,2952,0.4663104712963104,0.7309368191721133,1785199737.4280066
3,2953,0.5912346839904785,0.7308197463768116,1785199737.576042
3,2954,0.6124778985977173,0.7309065437454808,1785199738.0095038
3,2955,0.565116286277771,0.7311282467532467,1785199738.1694415
3,2956,0.5757846832275391,0.7312365010799136,1785199738.3178287
3,2957,0.5359616279602051,0.7311871408045977,1785199738.4636376
3,2958,0.6493325233459473,0.7312051971326164,1785199738.891407
3,2959,0.6831368803977966,0.731178469241774,1785199739.0457635
3,2960,0.5191410183906555,0.731307994289793,1785199739.1914244
3,2961,0.7585283517837524,0.7312366452991453,1785199739.3384018
3,2962,0.5504222512245178,0.7310767590618337,1785199739.8133013
3,2963,0.6112313866615295,0.7309618794326241,1785199739.9600825
3,2964,0.561802864074707,0.7312013446567587,1785199740.1182437
3,2965,0.668806791305542,0.73095427259887,1785199740.2649162
3,2966,0.47713127732276917,0.7309064482029598,1785199740.7065227
3,2967,0.5300666689872742,0.7308368495077355,1785199740.852132
3,2968,0.5917855501174927,0.7308333333333333,1785199740.9989073
3,2969,0.5062154531478882,0.7310049019607843,1785199741.1459644
3,2970,0.7284495234489441,0.7308918588399721,1785199741.599972
3,2971,0.5170823335647583,0.7308228730822873,1785199741.747196
3,2972,0.5727496147155762,0.7306889352818372,1785199741.8941696
3,2973,0.5817939043045044,0.7307508680555556,1785199742.0395625
3,2974,0.5598176717758179,0.7309208246708246,1785199742.4945054
3,2975,0.5718201994895935,0.7306794605809128,1785199742.6504607
3,2976,0.5937553644180298,0.7306763285024155,1785199742.7959216
3,2977,0.5497635006904602,0.7307162534435262,1785199742.9437723
3,2978,0.5806991457939148,0.7305841924398625,1785199743.3874068
3,2979,0.588922381401062,0.7305384087791496,1785199743.5407255
3,2980,0.518024206161499,0.7306639288158795,1785199743.688888
3,2981,0.4875395894050598,0.7305754781420765,1785199743.8367038
3,2982,0.5349112749099731,0.7304021813224267,1785199744.2704434
3,2983,0.6747387647628784,0.730187074829932,1785199744.4161901
3,2984,0.5254149436950684,0.7303547182620502,1785199744.5653524
3,2985,0.5648773908615112,0.7301829268292683,1785199744.714381
3,2986,0.6316156387329102,0.7301597363083164,1785199745.1598113
3,2987,0.6132042407989502,0.7301366396761133,1785199745.306733
3,2988,0.5140990018844604,0.7300294612794613,1785199745.4538114
3,2989,0.6292784214019775,0.7299857190860215,1785199745.6028576
3,2990,0.5854060053825378,0.729900234741784,1785199746.0393715
3,2991,0.46515190601348877,0.7300033467202142,1785199746.188215
3,2992,0.5938575267791748,0.7300225450901804,1785199746.3353963
3,2993,0.5756730437278748,0.7300833333333333,1785199746.482495
3,2994,0.6155140399932861,0.7301022954091816,1785199746.9323044
3,2995,0.5120644569396973,0.7301211819389111,1785199747.0775735
3,2996,0.6391188502311707,0.7299536116633533,1785199747.2243154
3,2997,0.6813385486602783,0.7298900462962963,1785199747.3712187
3,2998,0.45023399591445923,0.7299298679867987,1785199747.8246624
3,2999,0.6392641067504883,0.7300312911725956,1785199747.974522
3,3000,0.5762649774551392,0.7299884944115713,1785199748.1202834
3,3001,0.578933835029602,0.7300278871391076,1785199748.2666316
3,3002,0.6034513115882874,0.7300057301899149,1785199748.7083805
3,3003,0.5199716091156006,0.7301062091503268,1785199748.8618135
3,3004,0.6634483933448792,0.7300432159165036,1785199749.0087693
3,3005,0.6307411193847656,0.7300008138020834,1785199749.1563747
3,3006,0.6616732478141785,0.7297149122807017,1785199749.5998223
3,3007,0.5920179486274719,0.7297138456549935,1785199749.7474031
3,3008,0.5676654577255249,0.7296318770226538,1785199749.8952127
3,3009,0.5760210752487183,0.7294492894056848,1785199750.0415204
3,3010,0.5576945543289185,0.7293681495809156,1785199750.4761233
3,3011,0.4948590397834778,0.729287323037323,1785199750.6240995
3,3012,0.6886155605316162,0.7293473025048169,1785199750.771243
3,3013,0.6847227215766907,0.7292668269230769,1785199750.9171298
3,3014,0.6121008396148682,0.7291466730646193,1785199751.3687205
3,3015,0.685413658618927,0.7290469348659003,1785199751.5273128
3,3016,0.5369695425033569,0.7291069152326323,1785199751.6847305
3,3017,0.5832461714744568,0.7292064249363868,1785199751.8310225
3,3018,0.4640803337097168,0.7293452380952381,1785199752.2526276
3,3019,0.6498744487762451,0.7294835234474017,1785199752.4113257
3,3020,0.6485164761543274,0.7294433902593296,1785199752.559531
3,3021,0.5153217911720276,0.7295415088383839,1785199752.705791
3,3022,0.6466413736343384,0.729521109010712,1785199753.1275315
3,3023,0.5876258611679077,0.7294614779874213,1785199753.2761881
3,3024,0.45432889461517334,0.7295197740112994,1785199753.4226217
3,3025,0.45465320348739624,0.7296170112781954,1785199753.5704663
3,3026,0.6051622033119202,0.7295184490306441,1785199754.016886
3,3027,0.5082753896713257,0.7296933520599251,1785199754.164747
3,3028,0.7427515387535095,0.7297897196261682,1785199754.3123295
3,3029,0.5448852777481079,0.7296913868159204,1785199754.4592874
3,3030,0.6367989182472229,0.729709807572936,1785199754.9093008
3,3031,0.6358886957168579,0.7295926270136307,1785199755.0565343
3,3032,0.5933916568756104,0.7295531849103277,1785199755.20447
3,3033,0.43270736932754517,0.7296103395061728,1785199755.353387
3,3034,0.5330931544303894,0.7296672828096118,1785199755.8079321
3,3035,0.6131173372268677,0.7295702644526445,1785199755.954519
3,3036,0.5464721322059631,0.7296078882750153,1785199756.1007693
3,3037,0.6240358948707581,0.7296262254901961,1785199756.2485652
3,3038,0.5727844834327698,0.7296636085626911,1785199756.692333
3,3039,0.5004745125770569,0.7295100732600732,1785199756.8387182
3,3040,0.5896387696266174,0.7296046617915904,1785199756.985629
3,3041,0.4667966961860657,0.7297179136253041,1785199757.134718
3,3042,0.560371994972229,0.7298117789921068,1785199757.5810237
3,3043,0.6274027824401855,0.7296969696969697,1785199757.7295358
3,3044,0.5508272647857666,0.7296581972171808,1785199757.877394
3,3045,0.7009420394897461,0.7294874698067633,1785199758.0251606
3,3046,0.5099253058433533,0.7295622362869199,1785199758.4801803
3,3047,0.7630500197410583,0.7295803249097473,1785199758.6491628
3,3048,0.427997350692749,0.7295795795795795,1785199758.7949026
3,3049,0.43101686239242554,0.7296912470023981,1785199758.9424248
3,3050,0.6282271146774292,0.7298212148414124,1785199759.3620367
3,3051,0.48030656576156616,0.729876045400239,1785199759.5254016
3,3052,0.5542775392532349,0.7296884317233154,1785199759.6713436
3,3053,0.5224378705024719,0.7297991071428571,1785199759.8191679
3,3054,0.5376008749008179,0.7297422756981581,1785199760.2549603
3,3055,0.5514744520187378,0.7298339264531435,1785199760.408732
3,3056,0.54045569896698,0.7298142391947898,1785199760.556082
3,3057,0.57929927110672,0.7298130910165485,1785199760.7026665
3,3058,0.46832922101020813,0.729830383480826,1785199761.159039
3,3059,0.6246044039726257,0.7298660188457008,1785199761.3060837
3,3060,0.47837579250335693,0.7298831569664903,1785199761.4537258
3,3061,0.5102198123931885,0.7299369131455399,1785199761.601432
3,3062,0.5019875168800354,0.7298074106619801,1785199762.0534205
3,3063,0.5326164364814758,0.7298062865497076,1785199762.2003655
3,3064,0.4978301525115967,0.7298781377699942,1785199762.3468075
3,3065,0.5153907537460327,0.7298040501165501,1785199762.4937997
3,3066,0.5960558652877808,0.7297665794066318,1785199762.9511888
3,3067,0.47376856207847595,0.7297836817653891,1785199763.1014354
3,3068,0.4707518219947815,0.7298550724637681,1785199763.2482
3,3069,0.559026837348938,0.7298538773148148,1785199763.394599
3,3070,0.537514865398407,0.7300693240901213,1785199763.845522
3,3071,0.5070289373397827,0.730211937716263,1785199764.004485
3,3072,0.6243234872817993,0.7301201784686241,1785199764.1500459
3,3073,0.4636596441268921,0.7301364942528735,1785199764.297079
3,3074,0.6098384857177734,0.7300631095811819,1785199764.7136762
3,3075,0.5635828971862793,0.7299899770904925,1785199764.8596752
3,3076,0.5071559548377991,0.7300242995997713,1785199765.0061874
3,3077,0.7228984832763672,0.7301120148401826,1785199765.1534584
3,3078,0.48181989789009094,0.7301103988603989,1785199765.5996015
3,3079,0.7000422477722168,0.7300554607508533,1785199765.7480032
3,3080,0.6661865711212158,0.7302136570130607,1785199765.8949625
3,3081,0.5220096111297607,0.7301941609977324,1785199766.0411654
3,3082,0.4210188686847687,0.7302985285795133,1785199766.4795225
3,3083,0.555445671081543,0.7303319209039548,1785199766.6276996
3,3084,0.7033580541610718,0.7303652002256064,1785199766.7744925
3,3085,0.6576582193374634,0.7303279842342343,1785199766.922123
3,3086,0.6981824636459351,0.7302557616638561,1785199767.3709486
3,3087,0.5719408988952637,0.7302188552188552,1785199767.5192647
3,3088,0.633143424987793,0.730234593837535,1785199767.6665614
3,3089,0.5835944414138794,0.7302852348993288,1785199767.8130212
3,3090,0.6922740936279297,0.730178671133445,1785199768.2580914
3,3091,0.5932151079177856,0.7302466555183946,1785199768.4036686
3,3092,0.47139737010002136,0.7303665831942125,1785199768.5506628
3,3093,0.47236168384552,0.7304340277777778,1785199768.697301
3,3094,0.5034341216087341,0.7304145867997781,1785199769.1361926
3,3095,0.5372926592826843,0.7304471207087486,1785199769.2843192
3,3096,0.5415797829627991,0.730496821448314,1785199769.4313025
3,3097,0.45294687151908875,0.7305808498896247,1785199769.5804498
3,3098,0.4713829755783081,0.7304752066115703,1785199770.017514
3,3099,0.4221650958061218,0.7305589933993399,1785199770.163291
3,3100,0.6585622429847717,0.7305223778143877,1785199770.309319
3,3101,0.5174715518951416,0.7305715460526315,1785199770.4582891
3,3102,0.5519033670425415,0.7305008210180624,1785199770.930078
3,3103,0.5452278256416321,0.7306010928961748,1785199771.0900645
3,3104,0.4834415018558502,0.7306498908892526,1785199771.2368715
3,3105,0.5001108646392822,0.7306985294117647,1785199771.3837488
3,3106,0.5731456875801086,0.7305940728656879,1785199771.8064086
3,3107,0.7826510071754456,0.7304560260586319,1785199771.9535925
3,3108,0.6047650575637817,0.730420054200542,1785199772.100989
3,3109,0.6237841844558716,0.7304180194805194,1785199772.2480783
3,3110,0.4693584442138672,0.7305172879524582,1785199772.689393
3,3111,0.527869462966919,0.7306499460625674,1785199772.8385932
3,3112,0.5969399213790894,0.730563408723748,1785199772.9833467
3,3113,0.4854123890399933,0.7305779569892473,1785199773.1294088
3,3114,0.5574339032173157,0.7306763285024155,1785199773.5549107
3,3115,0.4319758415222168,0.7306739013933548,1785199773.702576
3,3116,0.6324392557144165,0.730688202247191,1785199773.849497
3,3117,0.5411982536315918,0.7307692307692307,1785199773.9948068
3,3118,0.5199887156486511,0.7307,1785199774.446989
3,3119,0.5306487083435059,0.730714190628328,1785199774.5949633
3,3120,0.7183367609977722,0.7304957469431154,1785199774.7404244
3,3121,0.5278154015541077,0.7304770435244161,1785199774.8872511
3,3122,0.4512706995010376,0.7304583995760466,1785199775.331504
3,3123,0.5418180227279663,0.7304232804232804,1785199775.4785738
3,3124,0.6720817685127258,0.7304377971473851,1785199775.6260226
3,3125,0.48801189661026,0.7304028217299579,1785199775.772732
3,3126,0.4799484610557556,0.730400868878357,1785199776.2132695
3,3127,0.5502440929412842,0.7303989221871714,1785199776.360629
3,3128,0.5157541036605835,0.7301837270341207,1785199776.507477
3,3129,0.5386638641357422,0.7302312631027253,1785199776.6527598
3,3130,0.5324445962905884,0.7301641810570382,1785199777.1048613
3,3131,0.5775653719902039,0.7301789446185998,1785199777.2519705
3,3132,0.5910619497299194,0.7300795513823682,1785199777.397798
3,3133,0.4945880174636841,0.7302083333333333,1785199777.5430248
3,3134,0.4219248592853546,0.7302229589183568,1785199777.9900317
3,3135,0.5457697510719299,0.7301239615784009,1785199778.1378622
3,3136,0.49702680110931396,0.7301062726801452,1785199778.284448
3,3137,0.546263575553894,0.7300239389233955,1785199778.4339955
3,3138,0.5273969173431396,0.7300387596899225,1785199778.8844473
3,3139,0.5848332047462463,0.7300212848297214,1785199779.0324032
3,3140,0.5600028038024902,0.7300360638845955,1785199779.1789734
3,3141,0.5529462099075317,0.7301633230452675,1785199779.3236501
3,3142,0.6161903142929077,0.7301778376990241,1785199779.7769716
3,3143,0.5466552972793579,0.7301282051282051,1785199779.9247913
3,3144,0.6174812316894531,0.7301107270865336,1785199780.0726771
3,3145,0.5348123908042908,0.7301891615541922,1785199780.2195444
3,3146,0.7711849212646484,0.7302833078101072,1785199780.6625493
3,3147,0.7184757590293884,0.7302975280326198,1785199780.8207219
3,3148,0.46079570055007935,0.730454834605598,1785199780.9680793
3,3149,0.5422503352165222,0.7305640243902439,1785199781.1143024
3,3150,0.5249952673912048,0.7304826230339929,1785199781.546858
3,3151,0.5757810473442078,0.7305281155015197,1785199781.6917863
3,3152,0.4553411304950714,0.7305418563480021,1785199781.8377764
3,3153,0.5470538139343262,0.7306660353535354,1785199781.9847097
3,3154,0.47980937361717224,0.7307110438729199,1785199782.4425745
3,3155,0.45559099316596985,0.7307559164149043,1785199782.602476
3,3156,0.5092448592185974,0.7308477878330819,1785199782.7461562
3,3157,0.6512439250946045,0.7307511295180723,1785199782.8925643
3,3158,0.5743221640586853,0.730717418546366,1785199783.3270674
3,3159,0.506841242313385,0.7306838088088088,1785199783.4731987
3,3160,0.5014464855194092,0.7307752373813093,1785199783.6189866
3,3161,0.554580569267273,0.7309287674650699,1785199783.7647755
3,3162,0.44755643606185913,0.7309884155455905,1785199784.2092702
3,3163,0.6275600790977478,0.7310167910447761,1785199784.3545952
3,3164,0.5628977417945862,0.731076130153999,1785199784.500746
3,3165,0.48605069518089294,0.7309802827380952,1785199784.6482105
3,3166,0.6156666874885559,0.7309311540366518,1785199785.0994964
3,3167,0.5172418355941772,0.7309285361028685,1785199785.2463944
3,3168,0.6175889372825623,0.730895061728395,1785199785.4017243
3,3169,0.4608585238456726,0.7309387327416174,1785199785.5476403
3,3170,0.4884726107120514,0.7308591826686361,1785199785.9979818
3,3171,0.6758591532707214,0.7308105948869223,1785199786.1502023
3,3172,0.5848567485809326,0.7308388561610211,1785199786.2981186
3,3173,0.4949975907802582,0.7307904411764706,1785199786.4446208
3,3174,0.4925486147403717,0.7307574645129711,1785199786.9036734
3,3175,0.6219117641448975,0.730602394916911,1785199787.051848
3,3176,0.6588621139526367,0.7306765495363592,1785199787.1997895
3,3177,0.6585338711738586,0.7305981968810916,1785199787.3459072
3,3178,0.39168184995651245,0.7306417274939173,1785199787.7877789
3,3179,0.5965327024459839,0.7305940233236151,1785199787.9414566
3,3180,0.6001823544502258,0.7305464580300824,1785199788.087789
3,3181,0.4672653377056122,0.7306655765503876,1785199788.2346108
3,3182,0.5766844153404236,0.7306634010643445,1785199788.7114713
3,3183,0.5879530906677246,0.730631038647343,1785199788.8687146
3,3184,0.5524110198020935,0.730583695127834,1785199789.0198054
3,3185,0.49005526304244995,0.7306268063583815,1785199789.1680248
3,3186,0.5273883938789368,0.730549543049543,1785199789.6013591
3,3187,0.6412907838821411,0.7304274735830932,1785199789.7501976
3,3188,0.5590205788612366,0.7305005995203837,1785199789.8973236
3,3189,0.5355045795440674,0.7305286159003831,1785199790.0448298
3,3190,0.6031687259674072,0.7305266618842658,1785199790.4863067
3,3191,0.532301664352417,0.7305694842406877,1785199790.6346338
3,3192,0.5124953389167786,0.7306121840724845,1785199790.7806046
3,3193,0.6931851506233215,0.7305208333333333,1785199790.9272346
3,3194,0.5384610295295715,0.7304446029481693,1785199791.383693
3,3195,0.7402623295783997,0.7304724596391263,1785199791.5329714
3,3196,0.5712308883666992,0.7305002370791844,1785199791.6821508
3,3197,0.48301658034324646,0.7305575284090909,1785199791.8300838
3,3198,0.5003347396850586,0.7306294326241135,1785199792.2961648
3,3199,0.7182721495628357,0.7306273607176582,1785199792.451538
3,3200,0.711094081401825,0.7306105610561056,1785199792.598794
3,3201,0.6223897933959961,0.730667372881356,1785199792.745872
3,3202,0.7031220197677612,0.730533027738599,1785199793.1930432
3,3203,0.529187023639679,0.7305457746478873,1785199793.340614
3,3204,0.6762083768844604,0.730309423347398,1785199793.4879925
3,3205,0.5847601294517517,0.730249297752809,1785199793.6357672
3,3206,0.7214875221252441,0.7302477793361384,1785199794.07064
3,3207,0.5220737457275391,0.7301441409897292,1785199794.2160962
3,3208,0.6220738291740417,0.7301719114219114,1785199794.3633373
3,3209,0.5019931197166443,0.7301414106145251,1785199794.5107415
3,3210,0.5040525197982788,0.7301400511390052,1785199794.957176
3,3211,0.4291016757488251,0.7301677112349118,1785199795.1071389
3,3212,0.5050168037414551,0.7301808066759388,1785199795.2562428
3,3213,0.5964176654815674,0.7301504629629629,1785199795.4039075
3,3214,0.5385168790817261,0.7301202034211743,1785199795.8543875
3,3215,0.5798088908195496,0.7301765927977839,1785199796.0019135
3,3216,0.6428901553153992,0.7302040110650069,1785199796.148727
3,3217,0.6212428212165833,0.7302313535911602,1785199796.2956214
3,3218,0.48589038848876953,0.7302586206896552,1785199796.7520804
3,3219,0.5303323864936829,0.7301853764921947,1785199796.9071672
3,3220,0.5918475985527039,0.7300980055020633,1785199797.055334
3,3221,0.7211530208587646,0.7300108745421245,1785199797.2023916
3,3222,0.5598650574684143,0.7300668724279835,1785199797.6356301
3,3223,0.649803876876831,0.7300228310502284,1785199797.7823577
3,3224,0.5370156764984131,0.7299646602827178,1785199797.9406707
3,3225,0.697274386882782,0.7299635701275046,1785199798.090782
3,3226,0.5874799489974976,0.7300051159618008,1785199798.5382721
3,3227,0.4614873230457306,0.7299613987284287,1785199798.69365
3,3228,0.6429904699325562,0.7298469387755102,1785199798.839359
3,3229,0.5937026739120483,0.7299026268115942,1785199798.9861615
3,3230,0.5894182920455933,0.7299722976028946,1785199799.4282584
3,3231,0.6055928468704224,0.7300276648599819,1785199799.575599
3,3232,0.5895994305610657,0.7299983085250338,1785199799.7220125
3,3233,0.5308096408843994,0.7300253378378379,1785199799.8688095
3,3234,0.7500180602073669,0.730038236617184,1785199800.32009
3,3235,0.631645917892456,0.7300651392632524,1785199800.467935
3,3236,0.5242173075675964,0.7300779497532526,1785199800.6140392
3,3237,0.6026192903518677,0.7300207213261649,1785199800.7599092
3,3238,0.40266528725624084,0.7300755033557047,1785199801.2034411
3,3239,0.7082827687263489,0.7300603217158177,1785199801.3591073
3,3240,0.5471726059913635,0.7300172913877733,1785199801.5060434
3,3241,0.5626229047775269,0.729974376114082,1785199801.652512
3,3242,0.7609643936157227,0.7298481308411215,1785199802.0984604
3,3243,0.5879349708557129,0.7298055555555556,1785199802.2450511
3,3244,0.48474767804145813,0.7298047048379938,1785199802.3912146
3,3245,0.50970858335495,0.7297484485815603,1785199802.5380132
3,3246,0.602803111076355,0.7297338424081452,1785199802.9891222
3,3247,0.6145040988922119,0.7297883510167993,1785199803.1366313
3,3248,0.554584801197052,0.7298565121412803,1785199803.2826908
3,3249,0.7983824014663696,0.7299107142857143,1785199803.4286923
3,3250,0.6089769601821899,0.729937252311757,1785199803.882928
3,3251,0.6874489784240723,0.7299774626209323,1785199804.0317004
3,3252,0.722153902053833,0.7299352217830478,1785199804.1780677
3,3253,0.5552302002906799,0.7299890350877193,1785199804.3260152
3,3254,0.6714601516723633,0.7299742663162505,1785199804.7796118
3,3255,0.5772132277488708,0.7300962379702537,1785199804.9274638
3,3256,0.6049968600273132,0.7300267584097859,1785199805.0772972
3,3257,0.5036824941635132,0.7299983638743456,1785199805.224761
3,3258,0.5027663707733154,0.7300108932461874,1785199805.6686084
3,3259,0.5015197992324829,0.7299689947780679,1785199805.8144872
3,3260,0.5493095517158508,0.7299679487179487,1785199805.9617708
3,3261,0.49066194891929626,0.7299533420138888,1785199806.1074586
3,3262,0.5952457189559937,0.7299252275682705,1785199806.5541008
3,3263,0.6774010062217712,0.7300324675324675,1785199806.6995153
3,3264,0.5425373911857605,0.7299367704280155,1785199806.845952
3,3265,0.6302939653396606,0.729908786701209,1785199806.9925606
3,3266,0.5932500958442688,0.7298808753773178,1785199807.4481125
3,3267,0.6180247664451599,0.7298799526270456,1785199807.5946386
3,3268,0.5424363613128662,0.7299462365591398,1785199807.7533762
3,3269,0.5074017643928528,0.7299989261168385,1785199807.8997464
3,3270,0.6108856201171875,0.7299844487344488,1785199808.3375192
3,3271,0.553623378276825,0.7299700085689803,1785199808.4849272
3,3272,0.4877026677131653,0.7300759520753102,1785199808.63268
3,3273,0.7158826589584351,0.7298878205128205,1785199808.779558
3,3274,0.6841467618942261,0.7298202091335895,1785199809.220726
3,3275,0.5039790868759155,0.7297660912190963,1785199809.3664734
3,3276,0.6404944658279419,0.7296855044699873,1785199809.5135553
3,3277,0.5179218053817749,0.7297379889455783,1785199809.6611214
3,3278,0.525910496711731,0.7296974522292994,1785199810.1184993
3,3279,0.5332971215248108,0.7297630407124682,1785199810.2667413
3,3280,0.5364375114440918,0.7298019906819144,1785199810.4147997
3,3281,0.5373366475105286,0.7297747461928934,1785199810.5625956
3,3282,0.46579116582870483,0.7298135825940009,1785199811.01207
3,3283,0.5292190313339233,0.7297600210970464,1785199811.1653056
3,3284,0.5445088148117065,0.7296407501053519,1785199811.3117049
3,3285,0.447831392288208,0.7295875420875421,1785199811.4595673
3,3286,0.578502357006073,0.7295081967213115,1785199811.8958292
3,3287,0.5673749446868896,0.7294290512174643,1785199812.0435355
3,3288,0.53279048204422,0.7294418238993711,1785199812.1892369
3,3289,0.4797678291797638,0.7294545644891123,1785199812.3375597
3,3290,0.47123146057128906,0.7294803429527394,1785199812.796689
3,3291,0.5100652575492859,0.72953216374269,1785199812.9428935
3,3292,0.6424866914749146,0.7295708176887776,1785199813.0893018
3,3293,0.560151219367981,0.7295572916666667,1785199813.2364578
3,3294,0.6084475517272949,0.7296738451935081,1785199813.6945376
3,3295,0.5306980013847351,0.7296862011637573,1785199813.8426251
3,3296,0.5004847645759583,0.7296336654213367,1785199813.9876697
3,3297,0.6899756789207458,0.7297237769485904,1785199814.1367128
3,3298,0.5529259443283081,0.7297230848861284,1785199814.579113
3,3299,0.5210912227630615,0.7296190033085195,1785199814.7276533
3,3300,0.555155336856842,0.7296958901280463,1785199814.8740275
3,3301,0.5366035103797913,0.7296823432343235,1785199815.021737
3,3302,0.5998988151550293,0.7296817058096415,1785199815.4671795
3,3303,0.6202114224433899,0.7296039094650206,1785199815.61393
3,3304,0.5391521453857422,0.729603370324702,1785199815.7596247
3,3305,0.5776721239089966,0.7296028325123153,1785199815.907399
3,3306,0.6635529398918152,0.7296791717917179,1785199816.3620121
3,3307,0.5804097056388855,0.7296785421785422,1785199816.5169313
3,3308,0.6632671356201172,0.7296395705521472,1785199816.6638062
3,3309,0.4340548515319824,0.7296900531045751,1785199816.8106406
3,3310,0.5554025769233704,0.7297404120767034,1785199817.2519426
3,3311,0.43702301383018494,0.7297015077424613,1785199817.3987608
3,3312,0.660035252571106,0.7296245421245421,1785199817.5469804
3,3313,0.6055046319961548,0.7295985772357724,1785199817.692705
3,3314,0.4996715486049652,0.7296614900527811,1785199818.1363604
3,3315,0.5859975814819336,0.7297622668288727,1785199818.283582
3,3316,0.5884556770324707,0.7297235722964763,1785199818.4293196
3,3317,0.48601728677749634,0.7298240291262136,1785199818.580257
3,3318,0.49550914764404297,0.7299116161616162,1785199819.022708
3,3319,0.6690277457237244,0.7299107142857143,1785199819.1697195
3,3320,0.6568604707717896,0.7298972188633616,1785199819.315391
3,3321,0.4936935007572174,0.7297705314009661,1785199819.4636316
3,3322,0.6213586330413818,0.7295436268596703,1785199819.8513582
3,3323,0.49818816781044006,0.729656124497992,1785199819.9967651
3,3324,0.59697425365448,0.7296053951062976,1785199820.143647
4,3325,0.49320265650749207,0.7395833333333334,1785199834.0814302
4,3326,0.48366349935531616,0.75,1785199834.2294776
4,3327,0.6142683625221252,0.7430555555555556,1785199834.3766975
4,3328,0.6437143087387085,0.7552083333333334,1785199834.525898
4,3329,0.5290497541427612,0.7458333333333333,1785199834.9295056
4,3330,0.5114170908927917,0.7482638888888888,1785199835.07895
4,3331,0.5193727612495422,0.7514880952380952,1785199835.2259204
4,3332,0.5639960169792175,0.7447916666666666,1785199835.3724887
4,3333,0.5363957285881042,0.7384259259259259,1785199835.8068874
4,3334,0.5463656187057495,0.7385416666666667,1785199835.954003
4,3335,0.5751966834068298,0.728219696969697,1785199836.100952
4,3336,0.5517271161079407,0.7309027777777778,1785199836.2483876
4,3337,0.6513111591339111,0.7283653846153846,1785199836.690667
4,3338,0.6010109186172485,0.7336309523809523,1785199836.8388588
4,3339,0.5895146131515503,0.7340277777777777,1785199836.9865565
4,3340,0.6088670492172241,0.7369791666666666,1785199837.1351671
4,3341,0.6133400797843933,0.7359068627450981,1785199837.5774772
4,3342,0.5368243455886841,0.7332175925925926,1785199837.7258961
4,3343,0.4925369322299957,0.7351973684210527,1785199837.871812
4,3344,0.587681233882904,0.7359375,1785199838.0217187
4,3345,0.6222298741340637,0.7385912698412699,1785199838.4710414
4,3346,0.5766750574111938,0.7395833333333334,1785199838.6180475
4,3347,0.5550851225852966,0.7355072463768116,1785199838.764985
4,3348,0.5672938227653503,0.7361111111111112,1785199838.9118998
4,3349,0.5078530311584473,0.7370833333333333,1785199839.3569064
4,3350,0.6234975457191467,0.7367788461538461,1785199839.5031788
4,3351,0.5139442682266235,0.7380401234567902,1785199839.6518981
4,3352,0.43087220191955566,0.7388392857142857,1785199839.7972102
4,3353,0.4625111520290375,0.7395833333333334,1785199840.2401307
4,3354,0.5624102354049683,0.7364583333333333,1785199840.3885338
4,3355,0.5513274669647217,0.7362231182795699,1785199840.5344284
4,3356,0.6569632291793823,0.7356770833333334,1785199840.6811488
4,3357,0.562217652797699,0.7345328282828283,1785199841.1151671
4,3358,0.47572097182273865,0.7356004901960784,1785199841.2619576
4,3359,0.6412877440452576,0.7345238095238096,1785199841.409041
4,3360,0.6087713837623596,0.7364004629629629,1785199841.556795
4,3361,0.6124948263168335,0.7356418918918919,1785199842.0089
4,3362,0.5925284028053284,0.7360197368421053,1785199842.155294
4,3363,0.603847324848175,0.7337072649572649,1785199842.3027248
4,3364,0.6529551148414612,0.7338541666666667,1785199842.4504604
4,3365,0.46590307354927063,0.7319613821138211,1785199842.8809185
4,3366,0.5416765809059143,0.7321428571428571,1785199843.0297735
4,3367,0.6532779335975647,0.7303779069767442,1785199843.1754892
4,3368,0.577873706817627,0.7298768939393939,1785199843.3233874
4,3369,0.6026690006256104,0.7303240740740741,1785199843.7710128
4,3370,0.565601110458374,0.7312047101449275,1785199843.917599
4,3371,0.4483180642127991,0.730718085106383,1785199844.065922
4,3372,0.5998716354370117,0.7313368055555556,1785199844.2115393
4,3373,0.5965502262115479,0.7315051020408163,1785199844.6635065
4,3374,0.5337812304496765,0.7322916666666667,1785199844.8100882
4,3375,0.5375763177871704,0.7312091503267973,1785199844.9568264
4,3376,0.5143260955810547,0.7299679487179487,1785199845.1037638
4,3377,0.5199592709541321,0.7313286163522013,1785199845.5535214
4,3378,0.6473560333251953,0.7303240740740741,1785199845.6989167
4,3379,0.6184744238853455,0.7308712121212121,1785199845.8472142
4,3380,0.5390960574150085,0.7297247023809523,1785199845.9952538
4,3381,0.44769614934921265,0.72953216374269,1785199846.4334733
4,3382,0.5022255778312683,0.7315014367816092,1785199846.5797617
4,3383,0.6932194232940674,0.7321680790960452,1785199846.7279565
4,3384,0.5127489566802979,0.7333333333333333,1785199846.8736138
4,3385,0.602420449256897,0.7324112021857924,1785199847.3320801
4,3386,0.5364285707473755,0.7315188172043011,1785199847.4791114
4,3387,0.6652578711509705,0.7313161375661376,1785199847.625132
4,3388,0.5809189677238464,0.7306315104166666,1785199847.7725148
4,3389,0.5173459053039551,0.7310897435897435,1785199848.2355287
4,3390,0.6375636458396912,0.7305871212121212,1785199848.3835888
4,3391,0.5519717931747437,0.7305659203980099,1785199848.529733
4,3392,0.6305570602416992,0.7303921568627451,1785199848.6771479
4,3393,0.5464092493057251,0.730072463768116,1785199849.1236649
4,3394,0.567717969417572,0.7296130952380953,1785199849.2724364
4,3395,0.578798234462738,0.7297535211267606,1785199849.4198344
4,3396,0.6031708717346191,0.7284432870370371,1785199849.566658
4,3397,0.5684084892272949,0.7288812785388128,1785199850.0152323
4,3398,0.5665726661682129,0.7293074324324325,1785199850.163035
4,3399,0.6495934128761292,0.72875,1785199850.3099444
4,3400,0.5514450073242188,0.7284813596491229,1785199850.4557967
4,3401,0.6658239960670471,0.7284902597402597,1785199850.897031
4,3402,0.5352758169174194,0.7288995726495726,1785199851.045883
4,3403,0.5726755857467651,0.7291666666666666,1785199851.1967468
4,3404,0.5567982196807861,0.7299479166666667,1785199851.344796
4,3405,0.4613073170185089,0.729809670781893,1785199851.7747269
4,3406,0.6285406947135925,0.7298018292682927,1785199851.921608
4,3407,0.6707157492637634,0.7299196787148594,1785199852.0692325
4,3408,0.5544100403785706,0.730406746031746,1785199852.216387
4,3409,0.4854189157485962,0.7307598039215686,1785199852.6684608
4,3410,0.5081448554992676,0.7309835271317829,1785199852.8146925
4,3411,0.495688259601593,0.7309626436781609,1785199852.9602544
4,3412,0.4379681944847107,0.7311789772727273,1785199853.1090448
4,3413,0.6022382378578186,0.7301029962546817,1785199853.5789247
4,3414,0.3880098760128021,0.7303240740740741,1785199853.725106
4,3415,0.5507903099060059,0.7304258241758241,1785199853.8722436
4,3416,0.569936215877533,0.7312047101449275,1785199854.0214741
4,3417,0.6125314235687256,0.7314068100358423,1785199854.4452705
4,3418,0.6659877300262451,0.7309397163120568,1785199854.5921695
4,3419,0.4901748299598694,0.7305921052631579,1785199854.7390873
4,3420,0.5382989048957825,0.7313368055555556,1785199854.8862188
4,3421,0.4923228919506073,0.7314218213058419,1785199855.3432436
4,3422,0.6144763827323914,0.7316113945578231,1785199855.4897723
4,3423,0.5635262727737427,0.7315867003367004,1785199855.6377635
4,3424,0.533231794834137,0.7310416666666667,1785199855.7846303
4,3425,0.5882712006568909,0.7311262376237624,1785199856.2518957
4,3426,0.525989294052124,0.731515522875817,1785199856.3978205
4,3427,0.5524052977561951,0.731593851132686,1785199856.545788
4,3428,0.5564937591552734,0.7316706730769231,1785199856.6917355
4,3429,0.7146075963973999,0.7310515873015873,1785199857.149179
4,3430,0.4540669620037079,0.730935534591195,1785199857.2946346
4,3431,0.4866582155227661,0.729458722741433,1785199857.4411416
4,3432,0.5459973216056824,0.7300347222222222,1785199857.5866473
4,3433,0.5374714136123657,0.7301223241590215,1785199858.0432196
4,3434,0.6028050184249878,0.7304924242424242,1785199858.1906028
4,3435,0.43891558051109314,0.7310435435435435,1785199858.3376203
4,3436,0.39253535866737366,0.7309337797619048,1785199858.494639
4,3437,0.5418136715888977,0.7307337758112095,1785199858.9466143
4,3438,0.4869619309902191,0.7311769005847953,1785199859.0928893
4,3439,0.5266918540000916,0.731159420289855,1785199859.2406635
4,3440,0.49631601572036743,0.7318606321839081,1785199859.3873856
4,3441,0.4649953842163086,0.7323717948717948,1785199859.835558
4,3442,0.5529614090919495,0.7326977401129944,1785199859.9832811
4,3443,0.4717276692390442,0.7326680672268907,1785199860.1305542
4,3444,0.5550966262817383,0.7323784722222222,1785199860.2776427
4,3445,0.5767017602920532,0.7320936639118457,1785199860.735997
4,3446,0.508741021156311,0.7324965846994536,1785199860.8817592
4,3447,0.6112972497940063,0.7320460704607046,1785199861.0284913
4,3448,0.5203051567077637,0.7319388440860215,1785199861.1757286
4,3449,0.4801361560821533,0.7318333333333333,1785199861.5867712
4,3450,0.5114264488220215,0.7313988095238095,1785199861.7354944
4,3451,0.5560894012451172,0.7315452755905512,1785199861.881411
4,3452,0.49090948700904846,0.7310384114583334,1785199862.028826
4,3453,0.49519112706184387,0.7315891472868217,1785199862.462939
4,3454,0.7188097238540649,0.7319711538461539,1785199862.611695
4,3455,0.6367579102516174,0.732426844783715,1785199862.760105
4,3456,0.5489860773086548,0.7328756313131313,1785199862.9061809
4,3457,0.5081536769866943,0.7328477443609023,1785199863.365568
4,3458,0.49914997816085815,0.7328980099502488,1785199863.5111828
4,3459,0.45852670073509216,0.7328703703703704,1785199863.6605718
4,3460,0.6192255616188049,0.7334558823529411,1785199863.808083
4,3461,0.6220130920410156,0.7336526763990268,1785199864.2561033
4,3462,0.5121471285820007,0.7336201690821256,1785199864.403253
4,3463,0.5288606286048889,0.733363309352518,1785199864.5493937
4,3464,0.5404924154281616,0.7335565476190476,1785199864.6965075
4,3465,0.5453537106513977,0.7336731678486997,1785199865.1782885
4,3466,0.47921445965766907,0.7340082159624414,1785199865.325858
4,3467,0.582645058631897,0.734338578088578,1785199865.4729383
4,3468,0.6251078844070435,0.7345196759259259,1785199865.619925
4,3469,0.5804504752159119,0.7348419540229885,1785199866.0633874
4,3470,0.539359450340271,0.7350171232876712,1785199866.2110589
4,3471,0.603611171245575,0.734764739229025,1785199866.3580184
4,3472,0.4818452298641205,0.7346565315315315,1785199866.5059896
4,3473,0.4440203309059143,0.7350391498881432,1785199866.9465375
4,3474,0.687415361404419,0.7349305555555555,1785199867.093187
4,3475,0.4975423812866211,0.7346854304635762,1785199867.2397447
4,3476,0.7400395274162292,0.7349917763157895,1785199867.3854003
4,3477,0.618793249130249,0.7348856209150327,1785199867.8330877
4,3478,0.6110630035400391,0.7346455627705628,1785199867.9788108
4,3479,0.5920925736427307,0.7344086021505376,1785199868.1247613
4,3480,0.713062047958374,0.7340411324786325,1785199868.2730455
4,3481,0.6262468099594116,0.7342091295116773,1785199868.7340333
4,3482,0.5283586978912354,0.7338475738396625,1785199868.8794484
4,3483,0.7036505341529846,0.7337526205450734,1785199869.0282497
4,3484,0.5243486166000366,0.733984375,1785199869.174039
4,3485,0.5080159902572632,0.734083850931677,1785199869.5994496
4,3486,0.5199641585350037,0.7340534979423868,1785199869.746831
4,3487,0.5679977536201477,0.7338317995910021,1785199869.8939009
4,3488,0.5657227635383606,0.7334857723577236,1785199870.0424159
4,3489,0.7310361862182617,0.733270202020202,1785199870.4868708
4,3490,0.4353139102458954,0.7332454819277109,1785199870.6328716
4,3491,0.6934283375740051,0.7335329341317365,1785199870.7856815
4,3492,0.5221652984619141,0.7338789682539683,1785199870.934925
4,3493,0.487894743680954,0.7337278106508875,1785199871.3615558
4,3494,0.6246063113212585,0.7330882352941176,1785199871.5083256
4,3495,0.5285018682479858,0.7333089668615984,1785199871.654685
4,3496,0.609176516532898,0.7328003875968992,1785199871.8015757
4,3497,0.48538172245025635,0.7329600192678227,1785199872.2522757
4,3498,0.4163838028907776,0.733117816091954,1785199872.3998904
4,3499,0.4812487065792084,0.7333928571428572,1785199872.5469658
4,3500,0.4930053651332855,0.7332504734848485,1785199872.6950965
4,3501,0.5259159803390503,0.7329331450094162,1785199873.1331813
4,3502,0.6446316242218018,0.7328534644194756,1785199873.2814748
4,3503,0.5266188979148865,0.7327746741154563,1785199873.4287236
4,3504,0.4886637032032013,0.7327546296296297,1785199873.575062
4,3505,0.6172589063644409,0.7329074585635359,1785199874.0059175
4,3506,0.5801637768745422,0.7329441391941391,1785199874.1537204
4,3507,0.5978584289550781,0.7328096539162113,1785199874.3019795
4,3508,0.60964435338974,0.7327898550724637,1785199874.447526
4,3509,0.6005474328994751,0.7326013513513514,1785199874.8719902
4,3510,0.4984950125217438,0.7324708781362007,1785199875.0193381
4,3511,0.5849600434303284,0.732620320855615,1785199875.1678617
4,3512,0.6221793293952942,0.7328789893617021,1785199875.3148344
4,3513,0.49974337220191956,0.7328042328042328,1785199875.750131
4,3514,0.539509654045105,0.7326754385964912,1785199875.8964405
4,3515,0.5757922530174255,0.7329297556719022,1785199876.0442867
4,3516,0.5643563866615295,0.7329644097222222,1785199876.1942816
4,3517,0.6640847325325012,0.7331606217616581,1785199876.646294
4,3518,0.6167755126953125,0.733301116838488,1785199876.7934434
4,3519,0.49137768149375916,0.7333867521367521,1785199876.9405954
4,3520,0.6006273031234741,0.7335778061224489,1785199877.0898254
4,3521,0.5436468720436096,0.7333967851099831,1785199877.5398679
4,3522,0.6145682334899902,0.7333228114478114,1785199877.6886373
4,3523,0.6252535581588745,0.7333019262981575,1785199877.8347464
4,3524,0.6171911358833313,0.7333333333333333,1785199877.9818068
4,3525,0.5351393222808838,0.7332607794361525,1785199878.4257097
4,3526,0.5528795123100281,0.7332405115511551,1785199878.5722783
4,3527,0.669706404209137,0.7332717569786535,1785199878.7198572
4,3528,0.6037889719009399,0.7334558823529411,1785199878.8678548
4,3529,0.6526869535446167,0.733790650406504,1785199879.2960854
4,3530,0.5854343175888062,0.7338187702265372,1785199879.442979
4,3531,0.7929993867874146,0.7339472624798712,1785199879.589466
4,3532,0.5351567268371582,0.7342247596153846,1785199879.7354474
4,3533,0.6423578262329102,0.7342503987240829,1785199880.1899712
4,3534,0.422263503074646,0.7340277777777777,1785199880.3365667
4,3535,0.5459539890289307,0.7342515797788309,1785199880.493048
4,3536,0.60285884141922,0.7337853773584906,1785199880.6403766
4,3537,0.5068355798721313,0.7338125978090767,1785199881.059711
4,3538,0.7049257755279541,0.7336448598130841,1785199881.2071316
4,3539,0.6971545815467834,0.733672480620155,1785199881.3679378
4,3540,0.5280227065086365,0.7337962962962963,1785199881.514027
4,3541,0.6092239618301392,0.7343509984639017,1785199881.9266117
4,3542,0.5242490172386169,0.7345661314984709,1785199882.0762794
4,3543,0.6035834550857544,0.7345890410958904,1785199882.227703
4,3544,0.530609667301178,0.7344223484848484,1785199882.3743813
4,3545,0.5100229382514954,0.7348227752639518,1785199882.8037426
4,3546,0.39735132455825806,0.7351257507507507,1785199882.950836
4,3547,0.5805630683898926,0.735145739910314,1785199883.108269
4,3548,0.49057698249816895,0.7351655505952381,1785199883.2561564
4,3549,0.5136548280715942,0.7355092592592593,1785199883.6797283
4,3550,0.49348652362823486,0.7355272861356932,1785199883.8282173
4,3551,0.6069422364234924,0.7355910425844346,1785199883.973754
4,3552,0.6776562333106995,0.7352430555555556,1785199884.1213977
4,3553,0.6501154899597168,0.7351710334788938,1785199884.5676622
4,3554,0.5125648975372314,0.7350090579710145,1785199884.7152398
4,3555,0.534814715385437,0.73502886002886,1785199884.8630955
4,3556,0.5854176878929138,0.7352280890804598,1785199885.0123925
4,3557,0.6461949944496155,0.7352020743919886,1785199885.4611797
4,3558,0.538101315498352,0.7353988603988604,1785199885.6106343
4,3559,0.60356605052948,0.7351507092198581,1785199885.7608044
4,3560,0.5699911117553711,0.735301906779661,1785199885.9071817
4,3561,0.4929484724998474,0.7354518284106891,1785199886.3506997
4,3562,0.49125587940216064,0.7354691876750701,1785199886.5052028
4,3563,0.5632983446121216,0.7351813110181311,1785199886.6520586
4,3564,0.5208257436752319,0.73515625,1785199886.7999752
4,3565,0.5406495332717896,0.7352178423236515,1785199887.2216861
4,3566,0.5701162815093994,0.7348915289256198,1785199887.3674
4,3567,0.5994994044303894,0.7349537037037037,1785199887.5150514
4,3568,0.48976925015449524,0.7351007513661202,1785199887.6672928
4,3569,0.6354095935821533,0.735204081632653,1785199888.1062303
4,3570,0.4615572392940521,0.7353912601626016,1785199888.2534108
4,3571,0.540726900100708,0.7354082321187584,1785199888.3988187
4,3572,0.5018038749694824,0.7355930779569892,1785199888.5495126
4,3573,0.6616460084915161,0.73565093708166,1785199888.9928195
4,3574,0.5790113210678101,0.7355833333333334,1785199889.140279
4,3575,0.46109580993652344,0.7355992695883135,1785199889.2884357
4,3576,0.6427823305130005,0.7358217592592593,1785199889.4363623
4,3577,0.5836107134819031,0.7355895915678524,1785199889.8820965
4,3578,0.8465958833694458,0.7356873359580053,1785199890.0282335
4,3579,0.5007756948471069,0.7358251633986929,1785199890.17462
4,3580,0.527849018573761,0.7356363932291666,1785199890.3218782
4,3581,0.5638412237167358,0.7356112191958496,1785199890.7568738
4,3582,0.5447189807891846,0.7356266149870802,1785199890.9029639
4,3583,0.5082945227622986,0.735802767052767,1785199891.0501335
4,3584,0.45381706953048706,0.7357371794871795,1785199891.1985776
4,3585,0.5223338007926941,0.7355922733077905,1785199891.6519601
4,3586,0.4578090012073517,0.7357267811704835,1785199891.7991343
4,3587,0.4169746935367584,0.7358206590621039,1785199891.9454813
4,3588,0.5829623341560364,0.7359532828282829,1785199892.0944912
4,3589,0.5330768823623657,0.7360062893081761,1785199892.5374873
4,3590,0.6907987594604492,0.7359022556390977,1785199892.683853
4,3591,0.5351214408874512,0.7359160424469413,1785199892.838802
4,3592,0.6018747091293335,0.7358519900497512,1785199892.9874742
4,3593,0.6045519709587097,0.7357884138785625,1785199893.4573417
4,3594,0.5162689089775085,0.7358796296296296,1785199893.602989
4,3595,0.4788644313812256,0.7357395448954489,1785199893.7491708
4,3596,0.5954669117927551,0.7357919730392157,1785199893.8961055
4,3597,0.6015239357948303,0.7358821733821734,1785199894.317892
4,3598,0.5125752687454224,0.7357436131386861,1785199894.4654334
4,3599,0.6392326951026917,0.7359848484848485,1785199894.6115193
4,3600,0.5409486293792725,0.7359978864734299,1785199894.758187
4,3601,0.5449307560920715,0.7360484356197352,1785199895.2029982
4,3602,0.5392653942108154,0.7361735611510791,1785199895.3514192
4,3603,0.5890803933143616,0.7361111111111112,1785199895.497022
4,3604,0.46924522519111633,0.7362351190476191,1785199895.6444564
4,3605,0.6172642111778259,0.736247034400949,1785199896.096687
4,3606,0.47300052642822266,0.7362958037825059,1785199896.2421556
4,3607,0.5035831332206726,0.7364178445229682,1785199896.3881922
4,3608,0.469904363155365,0.7365757042253521,1785199896.5342617
4,3609,0.630604088306427,0.7365497076023392,1785199896.9771347
4,3610,0.6275742053985596,0.7365238927738927,1785199897.125234
4,3611,0.4773850440979004,0.7364982578397212,1785199897.273038
4,3612,0.5680186748504639,0.7365451388888888,1785199897.421081
4,3613,0.5251628756523132,0.736663783160323,1785199897.8685038
4,3614,0.5960763096809387,0.7364224137931035,1785199898.0162532
4,3615,0.6685782670974731,0.7365764604810997,1785199898.164189
4,3616,0.547457754611969,0.7363013698630136,1785199898.3106296
4,3617,0.49840232729911804,0.7362414675767918,1785199898.7342882
4,3618,0.589758038520813,0.7363945578231292,1785199898.8813329
4,3619,0.5525524020195007,0.7363700564971751,1785199899.0290146
4,3620,0.6557418704032898,0.7363105292792793,1785199899.1758058
4,3621,0.6786699891090393,0.7361812570145904,1785199899.6211226
4,3622,0.6029809713363647,0.7360178970917226,1785199899.7671957
4,3623,0.5241154432296753,0.7359601449275363,1785199899.9142754
4,3624,0.52841717004776,0.7360763888888889,1785199900.0607314
4,3625,0.623085618019104,0.7360880398671097,1785199900.4984555
4,3626,0.6061269044876099,0.7362720750551877,1785199900.6462264
4,3627,0.5834544897079468,0.7363517601760176,1785199900.7947683
4,3628,0.5557317137718201,0.7359854714912281,1785199900.9427257
4,3629,0.5878180265426636,0.735792349726776,1785199901.398482
4,3630,0.6393423080444336,0.7359409041394336,1785199901.5468342
4,3631,0.5287609696388245,0.7359527687296417,1785199901.6954827
4,3632,0.5377548336982727,0.7358292748917749,1785199901.842529
4,3633,0.6206940412521362,0.73584142394822,1785199902.2748387
4,3634,0.4832383394241333,0.736021505376344,1785199902.4203725
4,3635,0.6600834131240845,0.736166934619507,1785199902.569021
4,3636,0.47279486060142517,0.7364783653846154,1785199902.7156126
4,3637,0.4742355942726135,0.7364217252396166,1785199903.1695592
4,3638,0.4970735013484955,0.7362990976645435,1785199903.317082
4,3639,0.5082482695579529,0.7360449735449736,1785199903.4648404
4,3640,0.5324907898902893,0.7357924578059072,1785199903.6115613
4,3641,0.5982872247695923,0.7356072555205048,1785199904.06596
4,3642,0.5039973258972168,0.7358162997903563,1785199904.212054
4,3643,0.5102366805076599,0.735860762800418,1785199904.3575573
4,3644,0.5706252455711365,0.73603515625,1785199904.5038266
4,3645,0.607454240322113,0.7361111111111112,1785199904.9455354
4,3646,0.5335788726806641,0.7361542443064182,1785199905.0902615
4,3647,0.569308876991272,0.7361648606811145,1785199905.2356231
4,3648,0.4521578848361969,0.736304012345679,1785199905.3825479
4,3649,0.5073975324630737,0.7360897435897436,1785199905.82973
4,3650,0.575076699256897,0.735844836400818,1785199905.976857
4,3651,0.6525048017501831,0.7356014271151886,1785199906.124613
4,3652,0.5910038948059082,0.7355500508130082,1785199906.2717311
4,3653,0.5128876566886902,0.735498986828774,1785199906.7216232
4,3654,0.6868845224380493,0.7356060606060606,1785199906.8687131
4,3655,0.592627763748169,0.7353663141993958,1785199907.028097
4,3656,0.5772190093994141,0.735316265060241,1785199907.1749105
4,3657,0.542908251285553,0.7352352352352353,1785199907.5930958
4,3658,0.5793583393096924,0.735310628742515,1785199907.7389894
4,3659,0.583457350730896,0.7353233830845771,1785199907.8851366
4,3660,0.519919753074646,0.7354290674603174,1785199908.0312278
4,3661,0.5644142031669617,0.7351632047477745,1785199908.4720855
4,3662,0.5895255208015442,0.7351146449704142,1785199908.6176596
4,3663,0.533614456653595,0.7349434611602753,1785199908.7646186
4,3664,0.5870659947395325,0.7347732843137255,1785199908.9097474
4,3665,0.5692228078842163,0.7348790322580645,1785199909.37216
4,3666,0.6185696125030518,0.7349232456140351,1785199909.5167785
4,3667,0.5647081136703491,0.7347546161321672,1785199909.6632786
4,3668,0.6107322573661804,0.7347686531007752,1785199909.8108246
4,3669,0.5681341886520386,0.7346920289855072,1785199910.2453725
4,3670,0.5398391485214233,0.7347362716763006,1785199910.4022844
4,3671,0.6713729500770569,0.7349003362151777,1785199910.559933
4,3672,0.594325840473175,0.7348239942528736,1785199910.7075422
4,3673,0.5907471179962158,0.7350465616045845,1785199911.1367474
4,3674,0.5002086162567139,0.7349702380952381,1785199911.2909758
4,3675,0.525459885597229,0.7349537037037037,1785199911.435373
4,3676,0.5225071907043457,0.7351444128787878,1785199911.5837345
4,3677,0.5156518220901489,0.7350684608120869,1785199912.005078
4,3678,0.5273749828338623,0.7347869585687382,1785199912.1502345
4,3679,0.4753524363040924,0.7346830985915493,1785199912.2959788
4,3680,0.5438669323921204,0.7346676029962547,1785199912.4400349
4,3681,0.4385116398334503,0.7347689075630253,1785199912.885875
4,3682,0.71135413646698,0.7346950651769087,1785199913.0307868
4,3683,0.7026646137237549,0.7348827762302693,1785199913.1753204
4,3684,0.49304044246673584,0.7348090277777778,1785199913.3200185
4,3685,0.6412702798843384,0.7348222530009234,1785199913.7715642
4,3686,0.4598029553890228,0.7347778545119705,1785199913.916438
4,3687,0.518336296081543,0.7346476124885216,1785199914.0619154
4,3688,0.4742600619792938,0.7344894688644689,1785199914.2068357
4,3689,0.5211131572723389,0.7346746575342465,1785199914.6414733
4,3690,0.49721384048461914,0.7348303734061931,1785199914.7852807
4,3691,0.5180587768554688,0.734786557674841,1785199914.9300776
4,3692,0.5244580507278442,0.7349128170289855,1785199915.0736675
4,3693,0.5396871566772461,0.7348972448057814,1785199915.5270693
4,3694,0.49237558245658875,0.7348536036036036,1785199915.6710222
4,3695,0.37898772954940796,0.7349505840071878,1785199915.815966
4,3696,0.6814472675323486,0.7347390232974911,1785199915.9615405
4,3697,0.5242590308189392,0.7349195710455764,1785199916.4034224
4,3698,0.5554376840591431,0.7347649286987522,1785199916.549485
4,3699,0.6739076972007751,0.7347222222222223,1785199916.6970491
4,3700,0.5220591425895691,0.7347628546099291,1785199916.8444743
4,3701,0.5532544255256653,0.7348309018567639,1785199917.2907567
4,3702,0.6063818335533142,0.7348159171075838,1785199917.4377027
4,3703,0.45408692955970764,0.7346910729991205,1785199917.585954
4,3704,0.5137401819229126,0.734813596491228,1785199917.732586
4,3705,0.6656517386436462,0.7346073928258967,1785199918.191396
4,3706,0.6126376986503601,0.7345386125654451,1785199918.338848
4,3707,0.5902000069618225,0.7345245865970409,1785199918.488142
4,3708,0.6047111749649048,0.7346462673611112,1785199918.6339808
4,3709,0.6766077876091003,0.7346861471861472,1785199919.0666807
4,3710,0.47410985827445984,0.7348877374784111,1785199919.2125545
4,3711,0.6540104150772095,0.7348729543496986,1785199919.3582163
4,3712,0.5914559364318848,0.7349656357388317,1785199919.504839
4,3713,0.668820858001709,0.7347900599828621,1785199919.9582262
4,3714,0.5356352925300598,0.7348824786324787,1785199920.1029475
4,3715,0.5512613654136658,0.735080988917306,1785199920.2506967
4,3716,0.47885656356811523,0.734906462585034,1785199920.3975873
4,3717,0.48968687653541565,0.7352099236641222,1785199920.8579295
4,3718,0.5430081486701965,0.7349566412859561,1785199921.0035975
4,3719,0.48382842540740967,0.7346782700421941,1785199921.1504653
4,3720,0.5245016813278198,0.7346643518518519,1785199921.2967453
4,3721,0.51047682762146,0.7348079345088161,1785199921.752237
4,3722,0.637621283531189,0.7347937604690117,1785199921.8979273
4,3723,0.5683526396751404,0.7347535505430243,1785199922.0436873
4,3724,0.46954143047332764,0.7349479166666667,1785199922.1946163
4,3725,0.45918774604797363,0.7348555694098088,1785199922.6318169
4,3726,0.6531274914741516,0.7348155058043118,1785199922.7799752
4,3727,0.5586458444595337,0.7350082712985939,1785199922.9255617
4,3728,0.5298396944999695,0.7351742986798679,1785199923.0717647
4,3729,0.6944788694381714,0.7350308641975308,1785199923.519422
4,3730,0.589171826839447,0.7350164203612479,1785199923.666212
4,3731,0.6261093616485596,0.7351556101556102,1785199923.81398
4,3732,0.5006871223449707,0.7352175245098039,1785199923.9622927
4,3733,0.657480001449585,0.7353555419722901,1785199924.4124966
4,3734,0.5600134134292603,0.7352642276422764,1785199924.5608373
4,3735,0.4623364508152008,0.7353254257907542,1785199924.7073367
4,3736,0.5588624477386475,0.7353357605177994,1785199924.8534591
4,3737,0.6274457573890686,0.7353208232445521,1785199925.3031263
4,3738,0.4955001473426819,0.7354066022544283,1785199925.4497955
4,3739,0.5394245386123657,0.7355421686746988,1785199925.609104
4,3740,0.5821540355682373,0.7355018028846154,1785199925.757876
4,3741,0.5098564624786377,0.7355865307753797,1785199926.1964815
4,3742,0.5896914005279541,0.735521331738437,1785199926.3433704
4,3743,0.516816258430481,0.7355807478122514,1785199926.4900022
4,3744,0.6368156671524048,0.7355406746031746,1785199926.6376014
4,3745,0.5830771923065186,0.7354513064133017,1785199927.084292
4,3746,0.6214336156845093,0.7356092022116903,1785199927.2390065
4,3747,0.4827101230621338,0.7357171000788022,1785199927.3856556
4,3748,0.5887081623077393,0.7358490566037735,1785199927.5379016
4,3749,0.4448590874671936,0.7359803921568627,1785199927.9400222
4,3750,0.5303571224212646,0.7359888497652582,1785199928.0863347
4,3751,0.4655371606349945,0.7359728727556596,1785199928.2364984
4,3752,0.6365604996681213,0.7358596183800623,1785199928.3830822
4,3753,0.4676629900932312,0.7360625485625486,1785199928.854217
4,3754,0.5468028783798218,0.736046511627907,1785199929.0009706
4,3755,0.46803194284439087,0.7361513921113689,1785199929.1476674
4,3756,0.632923424243927,0.7360628858024691,1785199929.2950945
4,3757,0.6323835849761963,0.7361431870669746,1785199929.7521396
4,3758,0.6181372404098511,0.7359350998463902,1785199929.8994656
4,3759,0.47893595695495605,0.7359434865900383,1785199930.0478892
4,3760,0.5062646269798279,0.7360235091743119,1785199930.1933608
4,3761,0.6538991928100586,0.7360078184591915,1785199930.6395464
4,3762,0.6033826470375061,0.7360873287671232,1785199930.7976782
4,3763,0.7532482743263245,0.7360003796507213,1785199930.9454937
4,3764,0.6385080218315125,0.7357954545454546,1785199931.0934124
4,3765,0.4826805889606476,0.7355914588057445,1785199931.5256479
4,3766,0.6015591621398926,0.7353883861236803,1785199931.6735134
4,3767,0.5435256361961365,0.7352097441685478,1785199931.8218496
4,3768,0.5409002900123596,0.7351726726726727,1785199931.9701855
4,3769,0.6423176527023315,0.7351825842696629,1785199932.4194689
4,3770,0.5312273502349854,0.7350990284005979,1785199932.5647137
4,3771,0.5573021173477173,0.7350857568978374,1785199932.7128778
4,3772,0.6343615651130676,0.7351422991071429,1785199932.8602147
4,3773,0.701806902885437,0.7352217891610987,1785199933.3089862
4,3774,0.5132041573524475,0.7351851851851852,1785199933.4548316
4,3775,0.4414094090461731,0.7351949371766445,1785199933.6098309
4,3776,0.5048961639404297,0.7351816002949852,1785199933.7674165
4,3777,0.5930549502372742,0.7351683222958058,1785199934.1934152
4,3778,0.5611574053764343,0.7350403817914831,1785199934.3401039
4,3779,0.5805655717849731,0.7348443223443224,1785199934.487048
4,3780,0.5654063820838928,0.7348318713450293,1785199934.6356773
4,3781,0.5054481625556946,0.7349334427425237,1785199935.0749784
4,3782,0.6360960006713867,0.7348981077147017,1785199935.231916
4,3783,0.6065093278884888,0.7347494553376906,1785199935.3790896
4,3784,0.6650157570838928,0.7345788043478261,1785199935.5303285
4,3785,0.6692970991134644,0.7345670643528561,1785199935.9595659
4,3786,0.6286086440086365,0.7346681096681097,1785199936.1130354
4,3787,0.5221264362335205,0.7346562275017998,1785199936.260693
4,3788,0.5225701928138733,0.7346443965517241,1785199936.414059
4,3789,0.47357675433158875,0.7346102150537634,1785199936.8324413
4,3790,0.4636572003364563,0.734687947067239,1785199936.978543
4,3791,0.48564472794532776,0.7344530692362599,1785199937.1235318
4,3792,0.6261771321296692,0.7344640313390314,1785199937.2715337
4,3793,0.6304303407669067,0.7344749466950959,1785199937.7201462
4,3794,0.5833857655525208,0.7343528368794326,1785199937.8660514
4,3795,0.525436282157898,0.7342533616418967,1785199938.012811
4,3796,0.6624135375022888,0.7342425847457628,1785199938.1581368
4,3797,0.5390895009040833,0.7342538759689923,1785199938.609973
4,3798,0.4641690254211426,0.7341772151898734,1785199938.7580116
4,3799,0.4507843554019928,0.7341228070175438,1785199938.90464
4,3800,0.5236492156982422,0.734046743697479,1785199939.0505927
4,3801,0.6806005239486694,0.7340801886792453,1785199939.494395
4,3802,0.6070438027381897,0.7339827405857741,1785199939.6410153
4,3803,0.592903733253479,0.7339291927627001,1785199939.7874568
4,3804,0.4303590953350067,0.7339409722222222,1785199939.9334798
4,3805,0.5656833648681641,0.7338877338877339,1785199940.3797572
4,3806,0.5778866410255432,0.734137275242047,1785199940.527074
4,3807,0.6031495928764343,0.7341701173222912,1785199940.6755037
4,3808,0.3410258889198303,0.7340736914600551,1785199940.821936
4,3809,0.5365354418754578,0.7340420962199312,1785199941.2778661
4,3810,0.5208469033241272,0.7340963648834019,1785199941.4296265
4,3811,0.5580583810806274,0.7340006844626967,1785199941.5761561
4,3812,0.5477904081344604,0.7339053961748634,1785199941.7353525
4,3813,0.6384212970733643,0.7338317995910021,1785199942.1750813
4,3814,0.4506162405014038,0.7338010204081633,1785199942.3360162
4,3815,0.5736613273620605,0.733770366598778,1785199942.4822853
4,3816,0.5851702690124512,0.7336551490514905,1785199942.630259
4,3817,0.5901127457618713,0.733540398918188,1785199943.0583436
4,3818,0.6159618496894836,0.733573717948718,1785199943.227269
4,3819,0.5804299712181091,0.7334806397306397,1785199943.3733041
4,3820,0.6226966977119446,0.7332619287634409,1785199943.5215223
4,3821,0.5157139301300049,0.7334632796780685,1785199943.9478185
4,3822,0.5786756277084351,0.7334128179384204,1785199944.0975428
4,3823,0.6264154314994812,0.7333834335337341,1785199944.244085
4,3824,0.5675761699676514,0.7332291666666667,1785199944.3900373
4,3825,0.5819666385650635,0.7331170991350632,1785199944.8535113
4,3826,0.4170132875442505,0.7331714807436919,1785199945.0021212
4,3827,0.517886757850647,0.7333291915175613,1785199945.1501143
4,3828,0.586916446685791,0.7333002645502645,1785199945.29595
4,3829,0.49334049224853516,0.7332095709570957,1785199945.736129
4,3830,0.6915977597236633,0.7330986495388669,1785199945.8826787
4,3831,0.5116710662841797,0.7331936226166995,1785199946.0319722
4,3832,0.49804145097732544,0.7332882217847769,1785199946.176824
4,3833,0.5752221345901489,0.7335052390307794,1785199946.6105716
4,3834,0.4976445138454437,0.7335171568627451,1785199946.7577572
4,3835,0.5050929188728333,0.7335494129158513,1785199946.90362
4,3836,0.6400994062423706,0.7336222330729166,1785199947.062071
4,3837,0.5865654945373535,0.7336135477582846,1785199947.5039961
4,3838,0.48752066493034363,0.7336048962386511,1785199947.661117
4,3839,0.6349627375602722,0.7335355987055017,1785199947.8090568
4,3840,0.3708772361278534,0.7336078811369509,1785199947.9554977
4,3841,0.6470248103141785,0.7335992907801419,1785199948.399133
4,3842,0.5379260778427124,0.7335706241956242,1785199948.5470784
4,3843,0.5877876877784729,0.7335621387283237,1785199948.695592
4,3844,0.5350548028945923,0.733573717948718,1785199948.8443742
4,3845,0.5691725611686707,0.7335852527191299,1785199949.2816992
4,3846,0.5650861859321594,0.7336166985951469,1785199949.4295907
4,3847,0.5440702438354492,0.7336281070745698,1785199949.5773754
4,3848,0.3644223213195801,0.7337587468193384,1785199949.7256029
4,3849,0.5718470215797424,0.733829365079365,1785199950.162431
4,3850,0.6220391988754272,0.7339195183776933,1785199950.3125355
4,3851,0.56673264503479,0.7338314358001266,1785199950.4590082
4,3852,0.5411012172698975,0.733822601010101,1785199950.6054559
4,3853,0.6255298256874084,0.7337153434152489,1785199951.047839
4,3854,0.4831412136554718,0.7337264150943397,1785199951.2005434
4,3855,0.5762747526168823,0.733717827997489,1785199951.3480449
4,3856,0.8032453060150146,0.7339246553884712,1785199951.4959655
4,3857,0.5708584189414978,0.733876641651032,1785199951.9323022
4,3858,0.6243806481361389,0.7339458489388264,1785199952.0827885
4,3859,0.5715168118476868,0.7340342679127726,1785199952.2310889
4,3860,0.5395422577857971,0.7340446206467661,1785199952.3769631
4,3861,0.5238373279571533,0.7341325263811297,1785199952.8260074
4,3862,0.5857447981834412,0.7339684014869888,1785199952.9731364
4,3863,0.5752285718917847,0.7339788188002474,1785199953.1203935
4,3864,0.5676093101501465,0.7338927469135802,1785199953.268624
4,3865,0.5837876200675964,0.7338262476894639,1785199953.7181346
4,3866,0.5345724821090698,0.7337792127921279,1785199953.8660526
4,3867,0.531623125076294,0.7336939840392879,1785199954.0130787
4,3868,0.6172470450401306,0.7334558823529411,1785199954.1608617
4,3869,0.4581455588340759,0.7334862385321101,1785199954.5896053
4,3870,0.528195321559906,0.7335164835164835,1785199954.7380173
4,3871,0.5556700229644775,0.7334514015843998,1785199954.8842947
4,3872,0.5443755984306335,0.7335576338199513,1785199955.0326028
4,3873,0.6154531240463257,0.7335306618093503,1785199955.464275
4,3874,0.5436192750930786,0.733560606060606,1785199955.620666
4,3875,0.5569295883178711,0.7336093466424682,1785199955.7684126
4,3876,0.6438385844230652,0.7336012983091788,1785199955.9149635
4,3877,0.550877034664154,0.733536769138035,1785199956.3380268
4,3878,0.634279727935791,0.733528880866426,1785199956.4856129
4,3879,0.7435154318809509,0.7333896396396397,1785199956.6318314
4,3880,0.5268079042434692,0.7332134292565947,1785199956.778986
4,3881,0.5470014810562134,0.733056552962298,1785199957.2278488
4,3882,0.5790237188339233,0.7331429211469535,1785199957.385958
4,3883,0.6624399423599243,0.7331171735241503,1785199957.5336921
4,3884,0.5811927318572998,0.732998511904762,1785199957.681936
4,3885,0.4282465875148773,0.7330659536541889,1785199958.1356454
4,3886,0.4779999554157257,0.7330219454329775,1785199958.2840261
4,3887,0.6091026067733765,0.7328855831853167,1785199958.4318433
4,3888,0.46678346395492554,0.7328420508274232,1785199958.577989
4,3889,0.45581164956092834,0.7327249262536873,1785199959.032909
4,3890,0.5817105770111084,0.732645023557126,1785199959.1796234
4,3891,0.45556291937828064,0.7327123750734862,1785199959.3252895
4,3892,0.5935871601104736,0.7325960974178404,1785199959.4727342
4,3893,0.6324013471603394,0.732516842413591,1785199959.9387696
4,3894,0.47948500514030457,0.7324744152046784,1785199960.084685
4,3895,0.530063807964325,0.7324138937536485,1785199960.2322626
4,3896,0.6471574306488037,0.7322625291375291,1785199960.3791764
4,3897,0.5672016143798828,0.7322753054101222,1785199960.8322706
4,3898,0.5313727855682373,0.7322154471544715,1785199960.978244
4,3899,0.5287576913833618,0.7322282608695653,1785199961.1246877
4,3900,0.5229136347770691,0.7322048611111112,1785199961.272251
4,3901,0.6467419266700745,0.7320551704217215,1785199961.7137094
4,3902,0.44656822085380554,0.7320501730103807,1785199961.862227
4,3903,0.5248770117759705,0.7322071099597006,1785199962.0195289
4,3904,0.5112168192863464,0.7322916666666667,1785199962.1667545
4,3905,0.5576711893081665,0.7323580034423408,1785199962.6148653
4,3906,0.5309414267539978,0.7324062142038946,1785199962.7653978
4,3907,0.5818325877189636,0.732382790165809,1785199962.912793
4,3908,0.4988662004470825,0.7323237728310502,1785199963.0717232
4,3909,0.4190372824668884,0.7324252136752136,1785199963.496114
4,3910,0.6423777937889099,0.7324018771331058,1785199963.653501
4,3911,0.5351825952529907,0.7323963657013061,1785199963.802051
4,3912,0.6325432658195496,0.7324263038548753,1785199963.9490418
4,3913,0.5345041155815125,0.7323323429541596,1785199964.3952675
4,3914,0.5803040862083435,0.7322563559322034,1785199964.5516555
4,3915,0.5557310581207275,0.7323040045121263,1785199964.7006962
4,3916,0.6158424615859985,0.732105152027027,1785199964.847518
4,3917,0.5646759271621704,0.7321704609331084,1785199965.274083
4,3918,0.47526270151138306,0.7321127946127947,1785199965.4318528
4,3919,0.7089519500732422,0.7320903361344537,1785199965.578908
4,3920,0.48700132966041565,0.7322602069351231,1785199965.7327747
4,3921,0.6334285140037537,0.7323597152428811,1785199966.1656752
4,3922,0.5899800658226013,0.7324066332218506,1785199966.3138275
4,3923,0.5113603472709656,0.7323490539788536,1785199966.459222
4,3924,0.5846992135047913,0.7322916666666667,1785199966.6081066
4,3925,0.6137933731079102,0.7321998058790904,1785199967.0517662
4,3926,0.47584694623947144,0.7322293743078627,1785199967.2073886
4,3927,0.5010473132133484,0.7322761194029851,1785199967.3531818
4,3928,0.48012709617614746,0.7322709713024282,1785199967.502413
4,3929,0.6156634092330933,0.7323863636363637,1785199967.9535642
4,3930,0.5443544387817383,0.7323638613861386,1785199968.0979433
4,3931,0.5829142332077026,0.7324615595826469,1785199968.2457123
4,3932,0.6070196032524109,0.7325246710526315,1785199968.3911624
4,3933,0.480803519487381,0.7325704707170224,1785199968.850536
4,3934,0.5721158385276794,0.7324453551912569,1785199969.0033317
4,3935,0.5357571840286255,0.7325422804146209,1785199969.1506014
4,3936,0.5141077041625977,0.7325367647058824,1785199969.2969651
4,3937,0.5304498672485352,0.7326162316476346,1785199969.7398264
4,3938,0.5967764854431152,0.7325766829533116,1785199969.8877447
4,3939,0.5601693987846375,0.7326558265582656,1785199970.0346565
4,3940,0.38418158888816833,0.732717803030303,1785199970.1818533
4,3941,0.5605950951576233,0.7326951647757969,1785199970.6310613
4,3942,0.684373140335083,0.7327568770226537,1785199970.7830942
4,3943,0.5382819771766663,0.7328015616585891,1785199970.9301767
4,3944,0.6682395935058594,0.7328125,1785199971.076951
4,3945,0.5866578221321106,0.7326892109500805,1785199971.5233274
4,3946,0.4938108026981354,0.7326668006430869,1785199971.6828625
4,3947,0.4418506622314453,0.7326277421080792,1785199971.8293943
4,3948,0.5418114066123962,0.7325721153846154,1785199971.9759197
4,3949,0.592943012714386,0.7325,1785199972.4025853
4,3950,0.48694169521331787,0.732544595314164,1785199972.5501573
4,3951,0.47409284114837646,0.7324893673577884,1785199972.6981866
4,3952,0.5190269947052002,0.7325006634819533,1785199972.846625
4,3953,0.5809844136238098,0.7324788023317436,1785199973.2944586
4,3954,0.5423380136489868,0.7325727513227513,1785199973.442928
4,3955,0.6713762879371643,0.7324683042789224,1785199973.5899725
4,3956,0.5382602214813232,0.7323971518987342,1785199973.7376544
4,3957,0.5718690752983093,0.7323097682991048,1785199974.1747797
4,3958,0.5388971567153931,0.732370531019979,1785199974.3217776
4,3959,0.6480051279067993,0.7323982939632546,1785199974.4693189
4,3960,0.5239531397819519,0.7323276991614256,1785199974.615498
4,3961,0.4372987747192383,0.7324208529565672,1785199975.0690022
4,3962,0.5908883810043335,0.7323994252873564,1785199975.2275758
4,3963,0.498355507850647,0.7323943661971831,1785199975.375816
4,3964,0.6355361938476562,0.732568359375,1785199975.5218549
4,3965,0.5172245502471924,0.7327580603224129,1785199975.9640229
4,3966,0.4712819457054138,0.732752466251298,1785199976.1104236
4,3967,0.5649469494819641,0.7326982892690513,1785199976.2588496
4,3968,0.5335017442703247,0.732708980331263,1785199976.4052708
4,3969,0.42623835802078247,0.7328326873385013,1785199976.8474393
4,3970,0.5884317755699158,0.7327463880288958,1785199976.995499
4,3971,0.5246034860610962,0.7327247552807831,1785199977.1434639
4,3972,0.5378220677375793,0.7327192644032922,1785199977.290512
4,3973,0.563322126865387,0.7326656394453005,1785199977.7301335
4,3974,0.5478110313415527,0.7326762820512821,1785199977.8763053
4,3975,0.543899416923523,0.732702892985151,1785199978.023558
4,3976,0.5943015813827515,0.7326974693251533,1785199978.1703045
4,3977,0.5698572993278503,0.7327239663093414,1785199978.6206775
4,3978,0.5545292496681213,0.7327185270132518,1785199978.7748542
4,3979,0.6251667141914368,0.7327608142493639,1785199978.9219775
4,3980,0.5798108577728271,0.7327235772357723,1785199979.0698223
4,3981,0.427264541387558,0.7327498731608321,1785199979.4922483
4,3982,0.5716035962104797,0.7326811043566362,1785199979.640021
4,3983,0.6119868755340576,0.7326915781487102,1785199979.7865694
4,3984,0.563753068447113,0.7327493686868687,1785199979.9349616
4,3985,0.5632041692733765,0.7328069843671206,1785199980.3781967
4,3986,0.6942092180252075,0.7329273665659617,1785199980.5240018
4,3987,0.620594322681427,0.7329688285570638,1785199980.6814203
4,3988,0.7143363952636719,0.7327905371485943,1785199980.828719
4,3989,0.4407876431941986,0.7328007518796993,1785199981.2548008
4,3990,0.6183655858039856,0.7326858108108109,1785199981.4029024
4,3991,0.5686883926391602,0.7326180659670165,1785199981.548574
4,3992,0.544525146484375,0.7326908682634731,1785199981.6962702
4,3993,0.5298088192939758,0.7326700298953662,1785199982.1301932
4,3994,0.6684247255325317,0.7326648009950248,1785199982.277228
4,3995,0.4984346628189087,0.7327682563338301,1785199982.4273562
4,3996,0.5541348457336426,0.7327008928571429,1785199982.5761893
4,3997,0.5350502729415894,0.7327111193660227,1785199983.0119512
4,3998,0.5180099010467529,0.7327367705242335,1785199983.1600022
4,3999,0.44472000002861023,0.7326388888888888,1785199983.3167715
4,4000,0.49483394622802734,0.7327107988165681,1785199983.467232
4,4001,0.5208954215049744,0.7328132693254554,1785199983.9078646
4,4002,0.5232369899749756,0.7327003441494592,1785199984.0547996
4,4003,0.5165119171142578,0.7327565046637211,1785199984.212699
4,4004,0.5210943818092346,0.732797181372549,1785199984.358935
4,4005,0.5961573123931885,0.7327765540871267,1785199984.790373
4,4006,0.624437689781189,0.7328323558162267,1785199984.937337
4,4007,0.4363756477832794,0.7328574914592484,1785199985.0850494
4,4008,0.4982641637325287,0.7328368664717348,1785199985.2412257
4,4009,0.5059803128242493,0.7328619221411192,1785199985.6790438
4,4010,0.6089845299720764,0.7328565354713313,1785199985.8280783
4,4011,0.5612161159515381,0.7330027899078118,1785199985.9760163
4,4012,0.5527632236480713,0.732906371124031,1785199986.126976
4,4013,0.5275654196739197,0.732885824866957,1785199986.5667424
4,4014,0.5054334998130798,0.7329257246376811,1785199986.714807
4,4015,0.5810542702674866,0.7328750602990834,1785199986.8618433
4,4016,1.0189045667648315,0.7329299132947977,1785199987.0160668
4,4017,0.6822332143783569,0.732924482924483,1785199987.4502223
4,4018,0.5113723278045654,0.7328890489913544,1785199987.5958962
4,4019,0.5612015724182129,0.7329436450839328,1785199987.7432704
4,4020,0.5390876531600952,0.7329831178160919,1785199987.8897984
4,4021,0.6063666343688965,0.7329477522716403,1785199988.3370833
4,4022,0.5501148700714111,0.732882640878701,1785199988.4841802
4,4023,0.631057620048523,0.7328922269909395,1785199988.6331153
4,4024,0.6843207478523254,0.7329464285714286,1785199988.7810757
4,4025,0.5804641246795654,0.732955896338564,1785199989.207061
4,4026,0.5472879409790039,0.7329208214624882,1785199989.3557432
4,4027,0.5145131945610046,0.7330192034139402,1785199989.5011692
4,4028,0.5120776295661926,0.7329397490530303,1785199989.6487007
4,4029,0.5513540506362915,0.7329787234042553,1785199990.106607
4,4030,0.5915861129760742,0.7329143059490085,1785199990.2528596
4,4031,0.5539761185646057,0.7329090051862329,1785199990.3996856
4,4032,0.492160826921463,0.7327713041431262,1785199990.5465505
4,4033,0.6689995527267456,0.732736835919135,1785199990.9901896
4,4034,0.6337694525718689,0.7327024647887324,1785199991.1387615
4,4035,0.6105445027351379,0.7326242381622129,1785199991.285816
4,4036,0.6053322553634644,0.7325754915730337,1785199991.4314559
4,4037,0.5508149266242981,0.7325122720897616,1785199991.8813715
4,4038,0.5103281736373901,0.7325221755368814,1785199992.028617
4,4039,0.599003255367279,0.7325320512820512,1785199992.1762521
4,4040,0.5857831239700317,0.7325273510242085,1785199992.323546
4,4041,0.5423033237457275,0.7325371920037193,1785199992.781014
4,4042,0.4816250205039978,0.7324744661095636,1785199992.928951
4,4043,0.5772368907928467,0.7323394761242467,1785199993.0769334
4,4044,0.5132097005844116,0.7322916666666667,1785199993.2242587
4,4045,0.5099679231643677,0.7322439898289412,1785199993.675242
4,4046,0.5118361115455627,0.7321675900277008,1785199993.8229723
4,4047,0.512409508228302,0.7320769940064545,1785199993.969885
4,4048,0.5137357115745544,0.7321161372007366,1785199994.1168418
4,4049,0.6180369257926941,0.7321120689655173,1785199994.5717618
4,4050,0.6697059869766235,0.7320793158861341,1785199994.721493
4,4051,0.453266441822052,0.7319893397524071,1785199994.8759775
4,4052,0.5052264928817749,0.7320283882783882,1785199995.0215771
4,4053,0.5466179847717285,0.7321244855967078,1785199995.4669092
4,4054,0.5023703575134277,0.7321061643835617,1785199995.6138785
4,4055,0.5779195427894592,0.7321591427268582,1785199995.765351
4,4056,0.5653335452079773,0.7320981329690346,1785199995.911883
4,4057,0.6319321393966675,0.7321083447021374,1785199996.348773
4,4058,0.5270846486091614,0.7321469118982743,1785199996.4950902
4,4059,0.5275710821151733,0.7321003401360544,1785199996.6444564
4,4060,0.49483510851860046,0.7321246603260869,1785199996.7922208
4,4061,0.5993132591247559,0.7321771822704658,1785199997.2418451
4,4062,0.5608305931091309,0.7322154471544715,1785199997.3887734
4,4063,0.6290501356124878,0.7322254172304916,1785199997.5363522
4,4064,0.539342999458313,0.7321649774774774,1785199997.6845698
4,4065,0.54265958070755,0.7322031039136302,1785199998.1249917
4,4066,0.5059318542480469,0.7321428571428571,1785199998.273561
4,4067,0.6771474480628967,0.732180910722297,1785199998.4314682
4,4068,0.4836646616458893,0.7320508512544803,1785199998.5777597
4,4069,0.5535229444503784,0.7321029082774049,1785199999.0226552
4,4070,0.6383628249168396,0.7320012287756926,1785199999.170085
4,4071,0.5666115283966064,0.7321229361892012,1785199999.317399
4,4072,0.47215163707733154,0.732174688057041,1785199999.4642615
4,4073,0.5836451053619385,0.7321706720071206,1785199999.90944
4,4074,0.6639626026153564,0.732125,1785200000.056562
4,4075,0.5687611103057861,0.7322042831779849,1785200000.2015464
4,4076,0.5056178569793701,0.7321171320921985,1785200000.349559
4,4077,0.5629794597625732,0.7321408809207613,1785200000.7861574
4,4078,0.6087522506713867,0.7321507515473032,1785200000.9349318
4,4079,0.6672039031982422,0.7320916114790287,1785200001.082041
4,4080,0.5519599318504333,0.7319912918871252,1785200001.231557
4,4081,0.5099685192108154,0.731987560546015,1785200001.6875086
4,4082,0.44421812891960144,0.7321212620932278,1785200001.8345764
4,4083,0.49897778034210205,0.7319938515590689,1785200001.9794507
4,4084,0.5857911705970764,0.73203125,1785200002.126128
4,4085,0.37679290771484375,0.7319590451160753,1785200002.590855
4,4086,0.5679657459259033,0.7319963910761155,1785200002.7386875
4,4087,0.5261887907981873,0.7319790301441678,1785200002.8954613
4,4088,0.48190242052078247,0.7321116928446771,1785200003.0431848
4,4089,0.5975227952003479,0.7321623093681917,1785200003.5027406
4,4090,0.48382359743118286,0.7321447998259356,1785200003.6496081
4,4091,0.6762592792510986,0.7320051064754455,1785200003.7982254
4,4092,0.5614036321640015,0.7320285373263888,1785200003.9505365
4,4093,0.5589731335639954,0.7320654529692241,1785200004.3989213
4,4094,0.46588197350502014,0.7319534632034632,1785200004.5557108
4,4095,0.4322887659072876,0.7320309122351923,1785200004.7038682
4,4096,0.49727553129196167,0.7319597366148531,1785200004.8503373
4,4097,0.4374219477176666,0.7319965502371711,1785200005.2925644
4,4098,0.5559321641921997,0.73197943583118,1785200005.439688
4,4099,0.5572727918624878,0.7319086021505377,1785200005.58692
4,4100,0.4445427358150482,0.7320124570446735,1785200005.7362528
4,4101,0.5846585631370544,0.7319953882453882,1785200006.1684675
4,4102,0.6585528254508972,0.7320319194515853,1785200006.316426
4,4103,0.5619063377380371,0.7320014976465554,1785200006.4637954
4,4104,0.5270880460739136,0.7320779914529915,1785200006.6094587
4,4105,0.5135685205459595,0.7320742637644047,1785200007.0566797
4,4106,0.5784960985183716,0.7319106990622336,1785200007.2041287
4,4107,0.5506002306938171,0.7318805874840357,1785200007.351821
4,4108,0.5046648383140564,0.7318505527210885,1785200007.510633
4,4109,0.6303630471229553,0.7319134819532909,1785200007.9455175
4,4110,0.5841041207313538,0.7318569762510602,1785200008.0915
4,4111,0.5970553159713745,0.731880029648454,1785200008.241063
4,4112,0.4196614921092987,0.7319030245346869,1785200008.4266088
4,4113,0.5803076028823853,0.731886354034643,1785200008.8493404
4,4114,0.4641585946083069,0.7319752109704641,1785200009.006262
4,4115,0.4452279806137085,0.7320111672987779,1785200009.1519532
4,4116,0.620893657207489,0.7319812710437711,1785200009.325502
4,4117,0.5415818095207214,0.7320039932744851,1785200009.7233713
4,4118,0.6005979180335999,0.7318692275398825,1785200009.8713973
4,4119,0.5730288028717041,0.7318003144654088,1785200010.0181475
4,4120,0.4850069582462311,0.7317446608040201,1785200010.2101371
4,4121,0.5757990479469299,0.7317675658720201,1785200010.5967674
4,4122,0.504043459892273,0.7316990392648287,1785200010.7440095
4,4123,0.6432852149009705,0.7318392782644972,1785200010.8920732
4,4124,0.5869247913360596,0.7317578125,1785200011.0885637
4,4125,0.639738142490387,0.7317805867665418,1785200011.48773
4,4126,0.5845450758934021,0.7317513507896924,1785200011.6355817
4,4127,0.5510040521621704,0.7316573266915732,1785200011.7836714
4,4128,0.6304415464401245,0.7316542288557214,1785200011.9867465
4,4129,0.5629350543022156,0.7316511387163561,1785200012.365971
4,4130,0.5118206739425659,0.7316480562448304,1785200012.5113823
4,4131,0.5745481252670288,0.7315417182982239,1785200012.657894
4,4132,0.5705728530883789,0.7315001031353136,1785200012.8776891
4,4133,0.617011547088623,0.7315100947672023,1785200013.2598999
4,4134,0.545005738735199,0.7314043209876543,1785200013.406803
4,4135,0.6393781900405884,0.7313501849568435,1785200013.55255
4,4136,0.4792211353778839,0.7313474958949097,1785200013.7802029
4,4137,0.43180108070373535,0.7314088765887659,1785200014.1604066
4,4138,0.44684264063835144,0.7314317158067158,1785200014.307823
4,4139,0.6218771934509277,0.7314289366053169,1785200014.4535146
4,4140,0.6564668416976929,0.7314389297385621,1785200014.6939354
4,4141,0.6094415187835693,0.7314998980008159,1785200015.0423324
4,4142,0.5843384861946106,0.7314333740831296,1785200015.1879854
4,4143,0.6279299855232239,0.7314687627187627,1785200015.3355627
4,4144,0.5906420350074768,0.7314786585365853,1785200015.5567384
4,4145,0.5821419954299927,0.7315012180267966,1785200015.9403381
4,4146,0.6561868786811829,0.731485705596107,1785200016.087442
4,4147,0.534328043460846,0.7316094572701498,1785200016.233474
4,4148,0.5888348817825317,0.7315685679611651,1785200016.449109
4,4149,0.5995494723320007,0.7315530303030303,1785200016.829229
4,4150,0.49616503715515137,0.7314996973365617,1785200016.977649
4,4151,0.598612904548645,0.7315598548972189,1785200017.1228077
4,4152,0.49124792218208313,0.7314940619967794,1785200017.334485
4,4153,0.5092551708221436,0.7314912545235223,1785200017.679066
4,4154,0.42404937744140625,0.7315386546184739,1785200017.8254611
4,4155,0.4953968822956085,0.7314856598475732,1785200017.9730802
