epoch,step,batch_loss,running_acc,timestamp
0,25775,0.636929988861084,0.5625,1785249819.6089606
0,25776,0.8088501691818237,0.578125,1785249819.7214622
0,25777,0.474494069814682,0.6354166666666666,1785249819.8350635
0,25778,0.7871166467666626,0.6484375,1785249819.9479241
0,25779,0.6840925812721252,0.64375,1785249820.0611844
0,25780,0.8236402273178101,0.640625,1785249820.1838078
0,25781,0.5948804616928101,0.6428571428571429,1785249820.305824
0,25782,1.2645761966705322,0.6328125,1785249820.4257452
0,25783,0.6892640590667725,0.6284722222222222,1785249820.5387526
0,25784,0.8558055758476257,0.590625,1785249820.6528754
0,25785,1.0191800594329834,0.5795454545454546,1785249820.7659948
0,25786,0.5083106756210327,0.5859375,1785249820.8804476
0,25787,1.633025884628296,0.5745192307692307,1785249820.9989545
0,25788,0.7498394846916199,0.5691964285714286,1785249821.1116018
0,25789,0.718132495880127,0.5729166666666666,1785249821.2329988
0,25790,1.089716911315918,0.57421875,1785249821.3533363
0,25791,1.0164878368377686,0.5827205882352942,1785249821.4683492
0,25792,1.1086204051971436,0.5659722222222222,1785249821.5857868
0,25793,0.8669723868370056,0.5740131578947368,1785249821.7039654
0,25794,0.7878251075744629,0.5625,1785249821.8178573
0,25795,0.18789932131767273,0.5744047619047619,1785249821.9324698
0,25796,0.8363423347473145,0.5539772727272727,1785249822.0466106
0,25797,0.7159337997436523,0.5584239130434783,1785249822.1609244
0,25798,0.8519318103790283,0.5520833333333334,1785249822.2841167
0,25799,1.033981204032898,0.55375,1785249822.3968463
0,25800,0.49993520975112915,0.5564903846153846,1785249822.5178063
0,25801,0.7862805128097534,0.5555555555555556,1785249822.6306574
0,25802,0.8558663725852966,0.5613839285714286,1785249822.7485092
0,25803,0.7205590009689331,0.5474137931034483,1785249822.8622565
0,25804,1.3663320541381836,0.5458333333333333,1785249822.9754
0,25805,0.7577041983604431,0.5372983870967742,1785249823.0983083
0,25806,1.0035638809204102,0.541015625,1785249823.2109141
0,25807,0.3807580769062042,0.540719696969697,1785249823.3306391
0,25808,0.8448473215103149,0.5422794117647058,1785249823.45279
0,25809,0.500050961971283,0.5428571428571428,1785249823.5744221
0,25810,0.920060932636261,0.5425347222222222,1785249823.6873353
0,25811,0.6591821908950806,0.5447635135135135,1785249823.8105452
0,25812,0.424686074256897,0.5493421052631579,1785249823.9310832
0,25813,0.9420912265777588,0.5464743589743589,1785249824.0466747
0,25814,1.0165655612945557,0.54765625,1785249824.160605
0,25815,0.6224043965339661,0.5426829268292683,1785249824.2750354
0,25816,0.615595281124115,0.5424107142857143,1785249824.3883426
0,25817,0.9689547419548035,0.5377906976744186,1785249824.5107622
0,25818,0.4081069231033325,0.5411931818181818,1785249824.6321592
0,25819,0.6362395882606506,0.5333333333333333,1785249824.7459986
0,25820,0.3532068431377411,0.5366847826086957,1785249824.8676634
0,25821,0.43991848826408386,0.5418882978723404,1785249824.9811885
0,25822,0.5220733284950256,0.5462239583333334,1785249825.10227
0,25823,0.5140256881713867,0.5491071428571429,1785249825.215293
0,25824,0.3837081491947174,0.54375,1785249825.3297226
0,25825,0.9585251212120056,0.5465686274509803,1785249825.44269
0,25826,0.2905549705028534,0.5522836538461539,1785249825.5636358
0,25827,0.54105144739151,0.5471698113207547,1785249825.6814895
0,25828,0.6555181741714478,0.5491898148148148,1785249825.7947583
0,25829,0.38387638330459595,0.54375,1785249825.917602
0,25830,0.5215156674385071,0.5479910714285714,1785249826.0382378
0,25831,0.8094772696495056,0.5487938596491229,1785249826.1514459
0,25832,0.5045076608657837,0.552801724137931,1785249826.267681
0,25833,0.39111483097076416,0.5492584745762712,1785249826.381157
0,25834,0.6248337626457214,0.5432291666666667,1785249826.499437
0,25835,0.5108383893966675,0.538422131147541,1785249826.6225305
0,25836,0.6499612331390381,0.5352822580645161,1785249826.7376163
0,25837,0.5937424302101135,0.5376984126984127,1785249826.8532972
0,25838,0.657004714012146,0.54052734375,1785249826.9710045
0,25839,0.24104513227939606,0.5442307692307692,1785249827.0874074
0,25840,0.33663415908813477,0.5478219696969697,1785249827.204666
0,25841,0.8431560397148132,0.5485074626865671,1785249827.321351
0,25842,0.22975516319274902,0.5528492647058824,1785249827.4406936
0,25843,0.6105843782424927,0.552536231884058,1785249827.5563972
0,25844,0.34516775608062744,0.5558035714285714,1785249827.677883
0,25845,1.2416942119598389,0.5567781690140845,1785249827.7987852
0,25846,0.7605137825012207,0.5520833333333334,1785249827.9137776
0,25847,0.6264650225639343,0.5535102739726028,1785249828.0276728
0,25848,0.7233039736747742,0.549831081081081,1785249828.1488786
0,25849,0.5544090270996094,0.55125,1785249828.2647498
0,25850,0.3014797270298004,0.5518092105263158,1785249828.381036
0,25851,0.49828121066093445,0.5535714285714286,1785249828.4946325
0,25852,0.6146643161773682,0.5540865384615384,1785249828.617623
0,25853,0.5699737071990967,0.5549841772151899,1785249828.7404928
0,25854,0.4706709086894989,0.55703125,1785249828.8620734
0,25855,0.6471636295318604,0.5582561728395061,1785249828.975448
0,25856,0.5963975191116333,0.5552591463414634,1785249829.0897596
0,25857,0.665469765663147,0.5568524096385542,1785249829.2088518
0,25858,0.5833636522293091,0.5565476190476191,1785249829.3223386
0,25859,0.6522241830825806,0.5580882352941177,1785249829.4347706
0,25860,0.37202996015548706,0.5592296511627907,1785249829.5470972
0,25861,0.36850062012672424,0.5617816091954023,1785249829.6598141
0,25862,0.5308454632759094,0.5628551136363636,1785249829.771499
0,25863,0.6375283002853394,0.5635533707865169,1785249829.8831213
0,25864,0.6393225193023682,0.5642361111111112,1785249829.9957702
0,25865,0.4562509059906006,0.5659340659340659,1785249830.1081986
1,25866,0.8032875061035156,0.65625,1785249834.7439253
1,25867,0.5141730308532715,0.65625,1785249834.8608952
1,25868,0.48116064071655273,0.5833333333333334,1785249834.9751782
1,25869,0.3710319995880127,0.484375,1785249835.0893354
1,25870,0.4339991807937622,0.4625,1785249835.2038252
1,25871,0.3235715627670288,0.4895833333333333,1785249835.3174996
1,25872,0.7498571872711182,0.45535714285714285,1785249835.4408028
1,25873,0.46165961027145386,0.42578125,1785249835.5547967
1,25874,0.4896656274795532,0.4513888888888889,1785249835.6677918
1,25875,0.34892988204956055,0.478125,1785249835.7816703
1,25876,0.5630936622619629,0.4943181818181818,1785249835.894704
1,25877,0.6238280534744263,0.4921875,1785249836.0088546
1,25878,0.7394598126411438,0.5120192307692307,1785249836.1228926
1,25879,0.22449925541877747,0.5334821428571429,1785249836.2360697
1,25880,0.6994847059249878,0.55,1785249836.3493142
1,25881,0.5181211829185486,0.548828125,1785249836.4625428
1,25882,0.4030131995677948,0.5533088235294118,1785249836.586217
1,25883,0.24963973462581635,0.5642361111111112,1785249836.6997287
1,25884,0.3547523319721222,0.5707236842105263,1785249836.8133073
1,25885,0.34002694487571716,0.575,1785249836.9268894
1,25886,0.3795980215072632,0.5833333333333334,1785249837.0501986
1,25887,0.5368565320968628,0.5667613636363636,1785249837.1749353
1,25888,0.6721692085266113,0.5720108695652174,1785249837.2960403
1,25889,0.619175136089325,0.5755208333333334,1785249837.4099383
1,25890,0.2688920199871063,0.5875,1785249837.5304432
1,25891,0.6594529151916504,0.5925480769230769,1785249837.6498818
1,25892,0.31841200590133667,0.5983796296296297,1785249837.7710953
1,25893,0.38258659839630127,0.6026785714285714,1785249837.8898473
1,25894,0.4074639081954956,0.6066810344827587,1785249838.0087802
1,25895,0.605721116065979,0.60625,1785249838.1320112
1,25896,0.3446921110153198,0.6139112903225806,1785249838.2450078
1,25897,0.5119826793670654,0.6171875,1785249838.3672256
1,25898,0.7421097755432129,0.615530303030303,1785249838.4831607
1,25899,0.44717153906822205,0.6194852941176471,1785249838.5968971
1,25900,0.34127211570739746,0.6223214285714286,1785249838.7141175
1,25901,0.43306034803390503,0.6276041666666666,1785249838.8333583
1,25902,0.7615752220153809,0.6258445945945946,1785249838.9489133
1,25903,0.5122214555740356,0.6143092105263158,1785249839.0648878
1,25904,0.5835050940513611,0.6145833333333334,1785249839.1883337
1,25905,0.5697848200798035,0.60390625,1785249839.3102522
1,25906,0.5161652565002441,0.6036585365853658,1785249839.4287252
1,25907,0.5621167421340942,0.6049107142857143,1785249839.5427222
1,25908,0.4572848677635193,0.6046511627906976,1785249839.6554055
1,25909,0.7672154903411865,0.6058238636363636,1785249839.77857
1,25910,0.5430389642715454,0.6076388888888888,1785249839.896362
1,25911,0.4887300431728363,0.6100543478260869,1785249840.0112965
1,25912,0.25933510065078735,0.6136968085106383,1785249840.1240442
1,25913,0.7321377396583557,0.6178385416666666,1785249840.237601
1,25914,0.5265781879425049,0.6211734693877551,1785249840.350385
1,25915,0.313162624835968,0.624375,1785249840.4645028
1,25916,0.8961139917373657,0.6151960784313726,1785249840.5791981
1,25917,0.5115444660186768,0.6177884615384616,1785249840.701357
1,25918,0.8681107759475708,0.6084905660377359,1785249840.8241673
1,25919,0.41323575377464294,0.6012731481481481,1785249840.9380815
1,25920,0.576988935470581,0.6011363636363637,1785249841.0508146
1,25921,0.511877179145813,0.5993303571428571,1785249841.1674147
1,25922,0.3880665600299835,0.6014254385964912,1785249841.2812169
1,25923,0.38956576585769653,0.603448275862069,1785249841.395952
1,25924,0.26619309186935425,0.6059322033898306,1785249841.5169394
1,25925,0.6730393767356873,0.6057291666666667,1785249841.6393592
1,25926,0.5109389424324036,0.6070696721311475,1785249841.7532582
1,25927,0.40187492966651917,0.6088709677419355,1785249841.8662007
1,25928,0.5347133278846741,0.6091269841269841,1785249841.9792168
1,25929,0.41890472173690796,0.61083984375,1785249842.0995412
1,25930,0.3471405506134033,0.6158653846153846,1785249842.2218843
1,25931,0.5906534194946289,0.6112689393939394,1785249842.3355384
1,25932,0.5687128305435181,0.6128731343283582,1785249842.455824
1,25933,0.49498236179351807,0.6144301470588235,1785249842.5753994
1,25934,0.39813342690467834,0.6168478260869565,1785249842.6880836
1,25935,0.46754083037376404,0.6178571428571429,1785249842.8070145
1,25936,0.626025378704071,0.6109154929577465,1785249842.9306061
1,25937,0.5187653303146362,0.60546875,1785249843.0446384
1,25938,0.5153876543045044,0.6061643835616438,1785249843.1584208
1,25939,0.29031091928482056,0.6085304054054054,1785249843.2771406
1,25940,0.42786723375320435,0.6033333333333334,1785249843.3928342
1,25941,0.42644545435905457,0.5995065789473685,1785249843.5163946
1,25942,0.5662194490432739,0.5949675324675324,1785249843.6297793
1,25943,0.6514034271240234,0.5925480769230769,1785249843.7429721
1,25944,0.4677079916000366,0.5882120253164557,1785249843.8623023
1,25945,0.43151187896728516,0.58984375,1785249843.982662
1,25946,0.6474952697753906,0.589891975308642,1785249844.0955694
1,25947,0.5313482284545898,0.5907012195121951,1785249844.2152007
1,25948,0.3485133647918701,0.5914909638554217,1785249844.3355637
1,25949,0.21337562799453735,0.5941220238095238,1785249844.4489753
1,25950,0.4486810863018036,0.5930147058823529,1785249844.5616052
1,25951,0.4611305296421051,0.590843023255814,1785249844.6750991
1,25952,0.23619475960731506,0.59375,1785249844.786843
1,25953,0.5183257460594177,0.5948153409090909,1785249844.8998988
1,25954,0.3392848074436188,0.5898876404494382,1785249845.0126197
1,25955,0.28409066796302795,0.590625,1785249845.124636
1,25956,0.37570294737815857,0.5913461538461539,1785249845.2360728
2,25957,0.4536241292953491,0.28125,1785249847.7832134
2,25958,0.5149550437927246,0.265625,1785249847.8973176
2,25959,0.5792931318283081,0.2916666666666667,1785249848.0110514
2,25960,0.3287176191806793,0.40625,1785249848.1242583
2,25961,0.35669052600860596,0.35625,1785249848.2380748
2,25962,0.43916404247283936,0.4114583333333333,1785249848.3601196
2,25963,0.31106454133987427,0.4642857142857143,1785249848.4736195
2,25964,0.3790941536426544,0.484375,1785249848.5871167
2,25965,0.36372435092926025,0.5104166666666666,1785249848.70055
2,25966,0.3627224564552307,0.528125,1785249848.8141298
2,25967,0.5079936981201172,0.5255681818181818,1785249848.927233
2,25968,0.4909987449645996,0.53125,1785249849.0407903
2,25969,0.34975963830947876,0.5480769230769231,1785249849.153978
2,25970,0.5719354152679443,0.5245535714285714,1785249849.2791371
2,25971,0.2783844470977783,0.5395833333333333,1785249849.3994942
2,25972,0.3826150596141815,0.517578125,1785249849.5146687
2,25973,0.4500802755355835,0.5257352941176471,1785249849.6276789
2,25974,0.19502326846122742,0.5399305555555556,1785249849.7490094
2,25975,0.43167853355407715,0.5444078947368421,1785249849.8628073
2,25976,0.5348418951034546,0.55,1785249849.9769194
2,25977,0.4230084717273712,0.5565476190476191,1785249850.0899436
2,25978,0.44916731119155884,0.5625,1785249850.2030635
2,25979,0.3364297151565552,0.5733695652173914,1785249850.3172154
2,25980,0.6049507260322571,0.578125,1785249850.431579
2,25981,0.6759212017059326,0.58125,1785249850.5482569
2,25982,0.28904157876968384,0.5913461538461539,1785249850.661462
2,25983,0.5060204863548279,0.5949074074074074,1785249850.7749932
2,25984,0.3816729187965393,0.5993303571428571,1785249850.8893526
2,25985,0.45762723684310913,0.6012931034482759,1785249851.0025563
2,25986,0.48102670907974243,0.5885416666666666,1785249851.1161633
2,25987,0.5381679534912109,0.5776209677419355,1785249851.2371535
2,25988,0.36816200613975525,0.568359375,1785249851.3596094
2,25989,0.49782508611679077,0.5577651515151515,1785249851.473244
2,25990,0.3405529260635376,0.5634191176470589,1785249851.5913515
2,25991,0.39445987343788147,0.5669642857142857,1785249851.7053685
2,25992,0.5430029630661011,0.5694444444444444,1785249851.818754
2,25993,0.5204629302024841,0.5608108108108109,1785249851.9398785
2,25994,0.5645623207092285,0.5641447368421053,1785249852.0641372
2,25995,0.40407606959342957,0.5689102564102564,1785249852.1791825
2,25996,0.28902673721313477,0.56171875,1785249852.293398
2,25997,0.35987165570259094,0.5663109756097561,1785249852.4154606
2,25998,0.4693846106529236,0.5669642857142857,1785249852.528322
2,25999,0.5528521537780762,0.5690406976744186,1785249852.652881
2,26000,0.26680922508239746,0.5752840909090909,1785249852.7763
2,26001,0.43955063819885254,0.5791666666666667,1785249852.8904297
2,26002,0.29618605971336365,0.5801630434782609,1785249853.00558
2,26003,0.32560455799102783,0.5837765957446809,1785249853.1286812
2,26004,0.28098925948143005,0.578125,1785249853.2455018
2,26005,0.22963911294937134,0.5720663265306123,1785249853.3605165
2,26006,0.4414982199668884,0.574375,1785249853.4849925
2,26007,0.4635862112045288,0.5674019607843137,1785249853.5987353
2,26008,0.38649260997772217,0.5685096153846154,1785249853.7195487
2,26009,0.319129079580307,0.5701650943396226,1785249853.8327503
2,26010,0.5715546607971191,0.5694444444444444,1785249853.9560215
2,26011,0.31545400619506836,0.571590909090909,1785249854.069073
2,26012,0.3496416509151459,0.5753348214285714,1785249854.1911857
2,26013,0.34687769412994385,0.5789473684210527,1785249854.3052623
2,26014,0.32732027769088745,0.5824353448275862,1785249854.418236
2,26015,0.4096577763557434,0.5815677966101694,1785249854.5316882
2,26016,0.3875298500061035,0.584375,1785249854.6451962
2,26017,0.44782528281211853,0.5788934426229508,1785249854.7691305
2,26018,0.36749082803726196,0.5801411290322581,1785249854.8920379
2,26019,0.32597923278808594,0.5813492063492064,1785249855.0050359
2,26020,0.3499012291431427,0.5751953125,1785249855.1187727
2,26021,0.31116601824760437,0.5793269230769231,1785249855.2317479
2,26022,0.4911033809185028,0.5733901515151515,1785249855.354701
2,26023,0.5845043659210205,0.5727611940298507,1785249855.4767709
2,26024,0.3875030279159546,0.5744485294117647,1785249855.5933309
2,26025,0.42599689960479736,0.5711050724637681,1785249855.7069952
2,26026,0.45314276218414307,0.5723214285714285,1785249855.823078
2,26027,0.5766161680221558,0.5730633802816901,1785249855.9377441
2,26028,0.3355218172073364,0.5759548611111112,1785249856.053685
2,26029,0.5233771800994873,0.5779109589041096,1785249856.1728163
2,26030,0.42555302381515503,0.5793918918918919,1785249856.2874804
2,26031,0.3574851453304291,0.5825,1785249856.408964
2,26032,0.3405725955963135,0.5851151315789473,1785249856.521658
2,26033,0.4123077988624573,0.5852272727272727,1785249856.6405568
2,26034,0.4000019133090973,0.5869391025641025,1785249856.761843
2,26035,0.47139960527420044,0.5878164556962026,1785249856.883274
2,26036,0.3192761540412903,0.589453125,1785249856.9963396
2,26037,0.377412885427475,0.5895061728395061,1785249857.1097355
2,26038,0.5630782246589661,0.5907012195121951,1785249857.2286468
2,26039,0.3803497552871704,0.5865963855421686,1785249857.342431
2,26040,0.2744624614715576,0.5889136904761905,1785249857.4613085
2,26041,0.29975277185440063,0.5897058823529412,1785249857.5737565
2,26042,0.3940356969833374,0.5868459302325582,1785249857.6874142
2,26043,0.5740331411361694,0.5883620689655172,1785249857.8004215
2,26044,0.4701557159423828,0.5852272727272727,1785249857.9137447
2,26045,0.32064101099967957,0.5870786516853933,1785249858.0256283
2,26046,0.6145100593566895,0.5854166666666667,1785249858.1383073
2,26047,0.3185078799724579,0.5810439560439561,1785249858.2510557
3,26048,0.4866182208061218,0.6875,1785249860.1199224
3,26049,0.4217142164707184,0.5,1785249860.2337677
3,26050,0.3727547228336334,0.5833333333333334,1785249860.3479059
3,26051,0.5243880152702332,0.5234375,1785249860.4745948
3,26052,0.783901035785675,0.525,1785249860.5883055
3,26053,0.4883243441581726,0.5416666666666666,1785249860.7022731
3,26054,0.3347429633140564,0.5580357142857143,1785249860.8288877
3,26055,0.2887868285179138,0.58984375,1785249860.942205
3,26056,0.424123078584671,0.5590277777777778,1785249861.0562708
3,26057,0.38244134187698364,0.5625,1785249861.169234
3,26058,0.4181548058986664,0.5284090909090909,1785249861.283663
3,26059,0.36653196811676025,0.53125,1785249861.3967936
3,26060,0.4384841322898865,0.5480769230769231,1785249861.5143769
3,26061,0.35183241963386536,0.5691964285714286,1785249861.6369877
3,26062,0.5345058441162109,0.5791666666666667,1785249861.759268
3,26063,0.5660132169723511,0.572265625,1785249861.8740578
3,26064,0.3705816864967346,0.5863970588235294,1785249861.9904325
3,26065,0.38960087299346924,0.5920138888888888,1785249862.103802
3,26066,0.2793251574039459,0.6036184210526315,1785249862.2172832
3,26067,0.42853018641471863,0.5875,1785249862.3310661
3,26068,0.2762526273727417,0.5952380952380952,1785249862.4485488
3,26069,0.5269814729690552,0.6065340909090909,1785249862.5620508
3,26070,0.5900226831436157,0.6086956521739131,1785249862.6850033
3,26071,0.5098245143890381,0.6067708333333334,1785249862.7986827
3,26072,0.403000146150589,0.60875,1785249862.91165
3,26073,0.3968547582626343,0.609375,1785249863.0343997
3,26074,0.3639417886734009,0.6122685185185185,1785249863.148242
3,26075,0.28932836651802063,0.6171875,1785249863.2709901
3,26076,0.37091875076293945,0.6217672413793104,1785249863.3837843
3,26077,0.25873664021492004,0.6260416666666667,1785249863.5015202
3,26078,0.3974703848361969,0.6280241935483871,1785249863.6191003
3,26079,0.5743473768234253,0.6181640625,1785249863.7411473
3,26080,0.4998394846916199,0.6098484848484849,1785249863.8549428
3,26081,0.2762426435947418,0.6148897058823529,1785249863.9734364
3,26082,0.34644779562950134,0.6071428571428571,1785249864.0872478
3,26083,0.6524626016616821,0.6006944444444444,1785249864.2048616
3,26084,0.3324357271194458,0.5929054054054054,1785249864.3218052
3,26085,0.3536709249019623,0.5953947368421053,1785249864.4429607
3,26086,0.44490236043930054,0.5961538461538461,1785249864.5635326
3,26087,0.6257089376449585,0.5984375,1785249864.6776917
3,26088,0.4019092619419098,0.5998475609756098,1785249864.791161
3,26089,0.2857447564601898,0.6041666666666666,1785249864.9132152
3,26090,0.5793771743774414,0.6039244186046512,1785249865.03163
3,26091,0.3014461100101471,0.6086647727272727,1785249865.144722
3,26092,0.28353187441825867,0.6131944444444445,1785249865.2577112
3,26093,0.3845559358596802,0.6168478260869565,1785249865.3737817
3,26094,0.5386009216308594,0.6156914893617021,1785249865.493543
3,26095,0.24567627906799316,0.6184895833333334,1785249865.6069415
3,26096,0.28343433141708374,0.6218112244897959,1785249865.7259405
3,26097,0.5373343229293823,0.616875,1785249865.844736
3,26098,0.31448978185653687,0.6188725490196079,1785249865.9633641
3,26099,0.2744126319885254,0.6225961538461539,1785249866.076177
3,26100,0.3186805546283722,0.6255896226415094,1785249866.1901617
3,26101,0.43369293212890625,0.6203703703703703,1785249866.3072886
3,26102,0.4129367470741272,0.6210227272727272,1785249866.4204042
3,26103,0.25785040855407715,0.6227678571428571,1785249866.5346875
3,26104,0.5878392457962036,0.6222587719298246,1785249866.654639
3,26105,0.42977386713027954,0.6228448275862069,1785249866.7778082
3,26106,0.4336175322532654,0.6228813559322034,1785249866.8909726
3,26107,0.3121882379055023,0.6244791666666667,1785249867.0036893
3,26108,0.20782512426376343,0.6285860655737705,1785249867.1165154
3,26109,0.36298471689224243,0.6255040322580645,1785249867.2394567
3,26110,0.39956384897232056,0.6245039682539683,1785249867.3529866
3,26111,0.4030877649784088,0.62060546875,1785249867.4773157
3,26112,0.36813727021217346,0.6221153846153846,1785249867.5906641
3,26113,0.4889217019081116,0.6212121212121212,1785249867.710439
3,26114,0.3110083043575287,0.6156716417910447,1785249867.8287852
3,26115,0.2758195400238037,0.6125919117647058,1785249867.9530585
3,26116,0.3015191853046417,0.6073369565217391,1785249868.0675414
3,26117,0.3709203898906708,0.6089285714285714,1785249868.1809247
3,26118,0.3887768089771271,0.6034330985915493,1785249868.295078
3,26119,0.4022276997566223,0.60546875,1785249868.408191
3,26120,0.27500641345977783,0.6005993150684932,1785249868.5254197
3,26121,0.5516848564147949,0.596706081081081,1785249868.6394398
3,26122,0.5371417999267578,0.5970833333333333,1785249868.7532237
3,26123,0.3308751583099365,0.59375,1785249868.8670652
3,26124,0.39869046211242676,0.59375,1785249868.9866161
3,26125,0.33989354968070984,0.5949519230769231,1785249869.1010416
3,26126,0.44715455174446106,0.5981012658227848,1785249869.2190049
3,26127,0.5832645893096924,0.5953125,1785249869.3390515
3,26128,0.6451337933540344,0.5933641975308642,1785249869.4528542
3,26129,0.6616916656494141,0.5899390243902439,1785249869.567004
3,26130,0.32218268513679504,0.5847138554216867,1785249869.6892538
3,26131,0.2628776431083679,0.5874255952380952,1785249869.8021872
3,26132,0.35178202390670776,0.5889705882352941,1785249869.9147596
3,26133,0.4877046048641205,0.5857558139534884,1785249870.0281153
3,26134,0.3270910680294037,0.5869252873563219,1785249870.140464
3,26135,0.3471626043319702,0.5894886363636364,1785249870.2528906
3,26136,0.47062987089157104,0.5912921348314607,1785249870.3647764
3,26137,0.2408469170331955,0.5944444444444444,1785249870.476546
3,26138,0.5060906410217285,0.5913461538461539,1785249870.5894122
4,26139,0.40596824884414673,0.65625,1785249872.1893106
4,26140,0.25300729274749756,0.734375,1785249872.3026962
4,26141,0.6998541355133057,0.6979166666666666,1785249872.415564
4,26142,0.34560588002204895,0.703125,1785249872.5299115
4,26143,0.28390246629714966,0.725,1785249872.6429873
4,26144,0.3738976716995239,0.7291666666666666,1785249872.7572222
4,26145,0.4669415354728699,0.7366071428571429,1785249872.8760407
4,26146,0.35943883657455444,0.7421875,1785249872.9898958
4,26147,0.45041710138320923,0.6909722222222222,1785249873.1043653
4,26148,0.304804265499115,0.696875,1785249873.2177534
4,26149,0.2740561068058014,0.65625,1785249873.332771
4,26150,0.5036442279815674,0.6328125,1785249873.4467595
4,26151,0.29134127497673035,0.6418269230769231,1785249873.5606508
4,26152,0.37472349405288696,0.6607142857142857,1785249873.6751266
4,26153,0.5727993845939636,0.6375,1785249873.7892904
4,26154,0.3540010452270508,0.6484375,1785249873.902387
4,26155,0.4077613949775696,0.6525735294117647,1785249874.0155969
4,26156,0.3862893879413605,0.6232638888888888,1785249874.1347044
4,26157,0.3534591794013977,0.6299342105263158,1785249874.2481883
4,26158,0.29049840569496155,0.634375,1785249874.3623617
4,26159,0.397372841835022,0.6398809523809523,1785249874.4872062
4,26160,0.23229920864105225,0.6491477272727273,1785249874.6054714
4,26161,0.3669668734073639,0.6358695652173914,1785249874.7298634
4,26162,0.2542019784450531,0.6354166666666666,1785249874.8436134
4,26163,0.3190372586250305,0.6425,1785249874.9610481
4,26164,0.27084317803382874,0.6466346153846154,1785249875.0794578
4,26165,0.29736143350601196,0.6504629629629629,1785249875.1975887
4,26166,0.24662090837955475,0.6551339285714286,1785249875.3131077
4,26167,0.23198799788951874,0.6594827586206896,1785249875.4292011
4,26168,0.3742620646953583,0.6625,1785249875.5489836
4,26169,0.30594173073768616,0.6622983870967742,1785249875.6729267
4,26170,0.37847793102264404,0.6630859375,1785249875.7873344
4,26171,0.2650521993637085,0.6666666666666666,1785249875.9004447
4,26172,0.25551533699035645,0.6691176470588235,1785249876.0202463
4,26173,0.483367919921875,0.66875,1785249876.1352332
4,26174,0.30590376257896423,0.671875,1785249876.2498806
4,26175,0.5486564636230469,0.6722972972972973,1785249876.363833
4,26176,0.47243398427963257,0.6702302631578947,1785249876.4769294
4,26177,0.31541964411735535,0.6730769230769231,1785249876.5905318
4,26178,0.2762437164783478,0.67421875,1785249876.703978
4,26179,0.23181940615177155,0.6753048780487805,1785249876.8169773
4,26180,0.3804798126220703,0.6659226190476191,1785249876.9314165
4,26181,0.5474160313606262,0.654796511627907,1785249877.05495
4,26182,0.5984010100364685,0.6512784090909091,1785249877.1775095
4,26183,0.2632339894771576,0.6534722222222222,1785249877.2923748
4,26184,0.3130801022052765,0.6555706521739131,1785249877.405812
4,26185,0.31907615065574646,0.65625,1785249877.5209374
4,26186,0.2870498299598694,0.6595052083333334,1785249877.6338856
4,26187,0.32023292779922485,0.6639030612244898,1785249877.7552593
4,26188,0.4454931616783142,0.651875,1785249877.8785193
4,26189,0.48716503381729126,0.6531862745098039,1785249877.9930468
4,26190,0.4451254606246948,0.6556490384615384,1785249878.1122632
4,26191,0.49417808651924133,0.6556603773584906,1785249878.230069
4,26192,0.3043307065963745,0.6493055555555556,1785249878.352357
4,26193,0.356933057308197,0.6505681818181818,1785249878.4655025
4,26194,0.3239229619503021,0.65234375,1785249878.5882914
4,26195,0.30955028533935547,0.6546052631578947,1785249878.7027922
4,26196,0.2421436905860901,0.6567887931034483,1785249878.8255155
4,26197,0.37664052844047546,0.6567796610169492,1785249878.940476
4,26198,0.3368218243122101,0.6489583333333333,1785249879.0605412
4,26199,0.33754831552505493,0.6495901639344263,1785249879.1736317
4,26200,0.34849923849105835,0.6507056451612904,1785249879.2877092
4,26201,0.18858222663402557,0.6527777777777778,1785249879.4145105
4,26202,0.4736577868461609,0.6484375,1785249879.5333405
4,26203,0.5106926560401917,0.6418269230769231,1785249879.6486444
4,26204,0.6224226355552673,0.6377840909090909,1785249879.7625964
4,26205,0.3847697377204895,0.6310634328358209,1785249879.8770087
4,26206,0.47593721747398376,0.6332720588235294,1785249879.990209
4,26207,0.30011075735092163,0.6358695652173914,1785249880.1139588
4,26208,0.3016526997089386,0.6379464285714286,1785249880.2365584
4,26209,0.5798935890197754,0.6382042253521126,1785249880.3504918
4,26210,0.3668786883354187,0.640625,1785249880.4632823
4,26211,0.2147633284330368,0.6434075342465754,1785249880.5811918
4,26212,0.27456235885620117,0.6389358108108109,1785249880.7052083
4,26213,0.3345238268375397,0.6354166666666666,1785249880.819085
4,26214,0.5736010074615479,0.6332236842105263,1785249880.9367743
4,26215,0.26639699935913086,0.6339285714285714,1785249881.0527952
4,26216,0.34962213039398193,0.6290064102564102,1785249881.1723962
4,26217,0.30076515674591064,0.6313291139240507,1785249881.2909553
4,26218,0.4527612328529358,0.631640625,1785249881.4041727
4,26219,0.43883487582206726,0.6327160493827161,1785249881.5200663
4,26220,0.4173146188259125,0.6333841463414634,1785249881.6389663
4,26221,0.27627313137054443,0.6351656626506024,1785249881.760839
4,26222,0.4215776324272156,0.6357886904761905,1785249881.8742192
4,26223,0.30837565660476685,0.63125,1785249881.9877243
4,26224,0.3094155490398407,0.6329941860465116,1785249882.1005552
4,26225,0.22393798828125,0.6282327586206896,1785249882.2134275
4,26226,0.6243155002593994,0.6274857954545454,1785249882.3264143
4,26227,0.3118341565132141,0.6285112359550562,1785249882.4392378
4,26228,0.24666598439216614,0.6305555555555555,1785249882.5512226
4,26229,0.3395082652568817,0.6318681318681318,1785249882.6632931
5,26230,0.5000320076942444,0.25,1785249884.7666085
5,26231,0.47763723134994507,0.296875,1785249884.8809361
5,26232,0.5241963863372803,0.3541666666666667,1785249884.995612
5,26233,0.3493465781211853,0.4609375,1785249885.111701
5,26234,0.4156791865825653,0.46875,1785249885.2249894
5,26235,0.6140807867050171,0.453125,1785249885.340657
5,26236,0.31910139322280884,0.4955357142857143,1785249885.4558184
5,26237,0.4384468197822571,0.515625,1785249885.5772552
5,26238,0.34975171089172363,0.5381944444444444,1785249885.692192
5,26239,0.25811824202537537,0.565625,1785249885.8069415
5,26240,0.27170681953430176,0.5852272727272727,1785249885.9258828
5,26241,0.2713358700275421,0.5494791666666666,1785249886.04176
5,26242,0.22857260704040527,0.5697115384615384,1785249886.1558547
5,26243,0.35748806595802307,0.5736607142857143,1785249886.287069
5,26244,0.30122050642967224,0.5833333333333334,1785249886.4146767
5,26245,0.26683518290519714,0.595703125,1785249886.5288432
5,26246,0.25468483567237854,0.6139705882352942,1785249886.6431327
5,26247,0.38027846813201904,0.6215277777777778,1785249886.7661366
5,26248,0.42159682512283325,0.6085526315789473,1785249886.8809104
5,26249,0.30519500374794006,0.615625,1785249886.9954145
5,26250,0.3653637170791626,0.6220238095238095,1785249887.1099885
5,26251,0.3650476336479187,0.6264204545454546,1785249887.224822
5,26252,0.28062039613723755,0.6317934782608695,1785249887.3387728
5,26253,0.3193909525871277,0.6341145833333334,1785249887.4537277
5,26254,0.23555538058280945,0.64125,1785249887.5673594
5,26255,0.3432804048061371,0.625,1785249887.6829088
5,26256,0.32914918661117554,0.6319444444444444,1785249887.7969544
5,26257,0.47469696402549744,0.6339285714285714,1785249887.9116747
5,26258,0.39615893363952637,0.6336206896551724,1785249888.0252519
5,26259,0.26042768359184265,0.6395833333333333,1785249888.1387491
5,26260,0.6405720710754395,0.6320564516129032,1785249888.2528565
5,26261,0.3454740047454834,0.6357421875,1785249888.367032
5,26262,0.392336905002594,0.6410984848484849,1785249888.4810681
5,26263,0.25373268127441406,0.6461397058823529,1785249888.5937939
5,26264,0.3466203510761261,0.6366071428571428,1785249888.7078385
5,26265,0.13716360926628113,0.6432291666666666,1785249888.821819
5,26266,0.3188748359680176,0.643581081081081,1785249888.9352922
5,26267,0.45585504174232483,0.631578947368421,1785249889.0491226
5,26268,0.28926652669906616,0.6362179487179487,1785249889.1624033
5,26269,0.24544084072113037,0.62265625,1785249889.2765763
5,26270,0.2433731108903885,0.6280487804878049,1785249889.3893769
5,26271,0.37981972098350525,0.6287202380952381,1785249889.5030909
5,26272,0.3951369822025299,0.6337209302325582,1785249889.6161184
5,26273,0.34160855412483215,0.6356534090909091,1785249889.7293181
5,26274,0.5788482427597046,0.6326388888888889,1785249889.8436885
5,26275,0.4539092779159546,0.6317934782608695,1785249889.9572477
5,26276,0.34181737899780273,0.6349734042553191,1785249890.070386
5,26277,0.5227522253990173,0.6256510416666666,1785249890.184638
5,26278,0.5613220930099487,0.625,1785249890.299608
5,26279,0.33793818950653076,0.625,1785249890.4130335
5,26280,0.2861843407154083,0.6286764705882353,1785249890.5270784
5,26281,0.2748420238494873,0.6225961538461539,1785249890.642044
5,26282,0.25058507919311523,0.6261792452830188,1785249890.7565835
5,26283,0.6142216920852661,0.6197916666666666,1785249890.871122
5,26284,0.47190892696380615,0.6204545454545455,1785249890.9855556
5,26285,0.30139631032943726,0.6143973214285714,1785249891.0995855
5,26286,0.36627230048179626,0.6162280701754386,1785249891.2238352
5,26287,0.5012478828430176,0.6179956896551724,1785249891.3373473
5,26288,0.2897290587425232,0.621292372881356,1785249891.4557464
5,26289,0.27964016795158386,0.6234375,1785249891.5703099
5,26290,0.4400825500488281,0.617827868852459,1785249891.686833
5,26291,0.3714961111545563,0.6204637096774194,1785249891.8098192
5,26292,0.5786426067352295,0.6145833333333334,1785249891.9316354
5,26293,0.24144452810287476,0.61865234375,1785249892.0489442
5,26294,0.35335150361061096,0.6206730769230769,1785249892.1670804
5,26295,0.3489668071269989,0.6221590909090909,1785249892.2900305
5,26296,0.21806854009628296,0.625,1785249892.4030857
5,26297,0.49720266461372375,0.625,1785249892.5234623
5,26298,0.2859044075012207,0.6254528985507246,1785249892.6438696
5,26299,0.4424387216567993,0.6232142857142857,1785249892.7574503
5,26300,0.25552284717559814,0.6188380281690141,1785249892.8739614
5,26301,0.20694485306739807,0.6215277777777778,1785249892.987312
5,26302,0.2712242305278778,0.6237157534246576,1785249893.1017594
5,26303,0.2820335328578949,0.6266891891891891,1785249893.216386
5,26304,0.2834108769893646,0.6279166666666667,1785249893.3304768
5,26305,0.490508109331131,0.6225328947368421,1785249893.4448943
5,26306,0.40093177556991577,0.6229707792207793,1785249893.5590856
5,26307,0.19908180832862854,0.625801282051282,1785249893.683434
5,26308,0.39087986946105957,0.6253955696202531,1785249893.8028216
5,26309,0.3307190537452698,0.626171875,1785249893.9162242
5,26310,0.2726322114467621,0.6222993827160493,1785249894.0301461
5,26311,0.477433979511261,0.6227134146341463,1785249894.1444318
5,26312,0.1963343620300293,0.6246234939759037,1785249894.267875
5,26313,0.2447361797094345,0.6261160714285714,1785249894.3892455
5,26314,0.46212247014045715,0.6275735294117647,1785249894.502865
5,26315,0.2675079107284546,0.6282703488372093,1785249894.6154397
5,26316,0.6308290958404541,0.625,1785249894.7286618
5,26317,0.31389984488487244,0.6200284090909091,1785249894.8416624
5,26318,0.34210336208343506,0.6190308988764045,1785249894.9534922
5,26319,0.3348748981952667,0.6208333333333333,1785249895.065661
5,26320,0.26542040705680847,0.6225961538461539,1785249895.178775
6,26321,0.525365948677063,0.71875,1785249896.7633145
6,26322,0.3042078912258148,0.75,1785249896.8765926
6,26323,0.2782120108604431,0.7604166666666666,1785249896.990353
6,26324,0.22501111030578613,0.765625,1785249897.1152506
6,26325,0.5631164312362671,0.73125,1785249897.2284188
6,26326,0.2488691359758377,0.7447916666666666,1785249897.3418455
6,26327,0.6641916036605835,0.6651785714285714,1785249897.456567
6,26328,0.38530558347702026,0.6640625,1785249897.5702538
6,26329,0.6673019528388977,0.6076388888888888,1785249897.684319
6,26330,0.5232950448989868,0.615625,1785249897.7999356
6,26331,0.22247359156608582,0.6306818181818182,1785249897.9132345
6,26332,0.2569221258163452,0.6536458333333334,1785249898.0272677
6,26333,0.16253960132598877,0.6658653846153846,1785249898.1418285
6,26334,0.42088812589645386,0.6607142857142857,1785249898.2551913
6,26335,0.24477551877498627,0.6375,1785249898.3691244
6,26336,0.3646561801433563,0.63671875,1785249898.4823644
6,26337,0.4511655569076538,0.6084558823529411,1785249898.6058705
6,26338,0.31278303265571594,0.6215277777777778,1785249898.7205386
6,26339,0.5404171943664551,0.625,1785249898.8351457
6,26340,0.4742622971534729,0.625,1785249898.948321
6,26341,0.2968710660934448,0.6324404761904762,1785249899.0709143
6,26342,0.25529494881629944,0.6434659090909091,1785249899.1853662
6,26343,0.41013744473457336,0.6277173913043478,1785249899.3034534
6,26344,0.40252685546875,0.6236979166666666,1785249899.4203594
6,26345,0.276620090007782,0.63125,1785249899.533554
6,26346,0.2373376190662384,0.6394230769230769,1785249899.6483135
6,26347,0.4106484651565552,0.6458333333333334,1785249899.770025
6,26348,0.44700056314468384,0.6484375,1785249899.891177
6,26349,0.29876622557640076,0.6497844827586207,1785249900.0041451
6,26350,0.40975165367126465,0.6510416666666666,1785249900.1281543
6,26351,0.41182178258895874,0.6542338709677419,1785249900.2413018
6,26352,0.28527700901031494,0.65625,1785249900.3572574
6,26353,0.37493231892585754,0.6571969696969697,1785249900.470551
6,26354,0.6461330652236938,0.65625,1785249900.5854194
6,26355,0.3387751579284668,0.65,1785249900.6994631
6,26356,0.3273364305496216,0.6519097222222222,1785249900.8132434
6,26357,0.44441407918930054,0.6537162162162162,1785249900.926726
6,26358,0.3788454234600067,0.6455592105263158,1785249901.0409431
6,26359,0.2382318079471588,0.6482371794871795,1785249901.1541796
6,26360,0.33928239345550537,0.65078125,1785249901.268175
6,26361,0.4501350522041321,0.6417682926829268,1785249901.3922162
6,26362,0.29878100752830505,0.6443452380952381,1785249901.513559
6,26363,0.17938213050365448,0.6489825581395349,1785249901.628385
6,26364,0.26487287878990173,0.6519886363636364,1785249901.7507405
6,26365,0.42508718371391296,0.6527777777777778,1785249901.8644006
6,26366,0.3907330632209778,0.6528532608695652,1785249901.9786167
6,26367,0.3547232151031494,0.6542553191489362,1785249902.1023543
6,26368,0.4806821346282959,0.6549479166666666,1785249902.217112
6,26369,0.36838090419769287,0.6581632653061225,1785249902.3310895
6,26370,0.6053072810173035,0.65625,1785249902.4524732
6,26371,0.2875467836856842,0.6580882352941176,1785249902.575074
6,26372,0.3385031223297119,0.6598557692307693,1785249902.6884646
6,26373,0.5724225044250488,0.6591981132075472,1785249902.8026865
6,26374,0.2705688178539276,0.6498842592592593,1785249902.927995
6,26375,0.28724902868270874,0.6511363636363636,1785249903.044119
6,26376,0.36695396900177,0.6540178571428571,1785249903.1574354
6,26377,0.5717476606369019,0.6524122807017544,1785249903.2716084
6,26378,0.3021060526371002,0.6460129310344828,1785249903.3918269
6,26379,0.5048100352287292,0.6451271186440678,1785249903.508604
6,26380,0.3288440406322479,0.6364583333333333,1785249903.6319675
6,26381,0.30076202750205994,0.6362704918032787,1785249903.7448738
6,26382,0.2794390320777893,0.6391129032258065,1785249903.8677855
6,26383,0.4353380799293518,0.6408730158730159,1785249903.9818149
6,26384,0.5380853414535522,0.63623046875,1785249904.1041915
6,26385,0.29958516359329224,0.6307692307692307,1785249904.218354
6,26386,0.3233359456062317,0.631155303030303,1785249904.3369932
6,26387,0.4673774838447571,0.6324626865671642,1785249904.450762
6,26388,0.47027072310447693,0.6282169117647058,1785249904.5652902
6,26389,0.27284130454063416,0.6299818840579711,1785249904.6783638
6,26390,0.3134690821170807,0.6325892857142857,1785249904.7929664
6,26391,0.5324907302856445,0.6285211267605634,1785249904.9071774
6,26392,0.5949240922927856,0.6276041666666666,1785249905.0223572
6,26393,0.2464757263660431,0.6301369863013698,1785249905.1445012
6,26394,0.20344103872776031,0.6321790540540541,1785249905.2575173
6,26395,0.2203395664691925,0.635,1785249905.3775678
6,26396,0.6298288106918335,0.6336348684210527,1785249905.4915245
6,26397,0.2765568792819977,0.6270292207792207,1785249905.6143665
6,26398,0.23200371861457825,0.6298076923076923,1785249905.7273297
6,26399,0.4419947862625122,0.6313291139240507,1785249905.8429363
6,26400,0.42251595854759216,0.62734375,1785249905.9569478
6,26401,0.29463931918144226,0.6280864197530864,1785249906.079437
6,26402,0.20356687903404236,0.6310975609756098,1785249906.2014632
6,26403,0.3647475242614746,0.6325301204819277,1785249906.3143203
6,26404,0.266508013010025,0.6331845238095238,1785249906.4314601
6,26405,0.5920678973197937,0.6330882352941176,1785249906.545529
6,26406,0.39165350794792175,0.6333575581395349,1785249906.6589046
6,26407,0.24174030125141144,0.6357758620689655,1785249906.7709699
6,26408,0.2636163830757141,0.6377840909090909,1785249906.8838334
6,26409,0.36692890524864197,0.6341292134831461,1785249906.9966345
6,26410,0.6519274711608887,0.6309027777777778,1785249907.109261
6,26411,0.3955947458744049,0.6239697802197802,1785249907.2220337
7,26412,0.2772538661956787,0.75,1785249908.7244406
7,26413,0.5757302641868591,0.5625,1785249908.839205
7,26414,0.236588716506958,0.65625,1785249908.9528966
7,26415,0.4205710291862488,0.6953125,1785249909.0725973
7,26416,0.3344219923019409,0.725,1785249909.1863832
7,26417,0.3235355615615845,0.734375,1785249909.2996328
7,26418,0.3107944428920746,0.7366071428571429,1785249909.420203
7,26419,0.27045029401779175,0.66015625,1785249909.5346942
7,26420,0.2634305953979492,0.6840277777777778,1785249909.6480188
7,26421,0.5182455778121948,0.65,1785249909.7624357
7,26422,0.3781352639198303,0.6619318181818182,1785249909.8852377
7,26423,0.3158978819847107,0.6302083333333334,1785249909.999715
7,26424,0.31062740087509155,0.6466346153846154,1785249910.1130934
7,26425,0.3686355948448181,0.6205357142857143,1785249910.2280996
7,26426,0.280942440032959,0.6270833333333333,1785249910.341183
7,26427,0.3473857045173645,0.638671875,1785249910.454548
7,26428,0.5088827013969421,0.6213235294117647,1785249910.5691483
7,26429,0.5571927428245544,0.6267361111111112,1785249910.684107
7,26430,0.34219998121261597,0.6299342105263158,1785249910.7972713
7,26431,0.2718431055545807,0.634375,1785249910.9106555
7,26432,0.25593966245651245,0.6398809523809523,1785249911.0242782
7,26433,0.2025395780801773,0.6477272727272727,1785249911.1409144
7,26434,0.3234245479106903,0.654891304347826,1785249911.2540143
7,26435,0.2833252549171448,0.6549479166666666,1785249911.3672707
7,26436,0.45989397168159485,0.64375,1785249911.4813302
7,26437,0.25237876176834106,0.6514423076923077,1785249911.599901
7,26438,0.44322577118873596,0.6412037037037037,1785249911.722898
7,26439,0.3038833439350128,0.6439732142857143,1785249911.8463728
7,26440,0.33337685465812683,0.6336206896551724,1785249911.9610457
7,26441,0.21316276490688324,0.6239583333333333,1785249912.075368
7,26442,0.34459418058395386,0.6300403225806451,1785249912.197369
7,26443,0.23122620582580566,0.63671875,1785249912.3207371
7,26444,0.32888638973236084,0.6410984848484849,1785249912.433766
7,26445,0.4050254225730896,0.6443014705882353,1785249912.5525012
7,26446,0.31769609451293945,0.63125,1785249912.668662
7,26447,0.4182242155075073,0.6336805555555556,1785249912.7915595
7,26448,0.19749753177165985,0.6393581081081081,1785249912.910724
7,26449,0.531857967376709,0.6373355263157895,1785249913.027512
7,26450,0.3849662244319916,0.6410256410256411,1785249913.1446853
7,26451,0.45964929461479187,0.63671875,1785249913.2586968
7,26452,0.28984278440475464,0.6387195121951219,1785249913.3807173
7,26453,0.509091317653656,0.6316964285714286,1785249913.505365
7,26454,0.5990738868713379,0.6300872093023255,1785249913.6195598
7,26455,0.16058282554149628,0.6356534090909091,1785249913.734755
7,26456,0.18616463243961334,0.6277777777777778,1785249913.8486576
7,26457,0.44190630316734314,0.6304347826086957,1785249913.963093
7,26458,0.25413447618484497,0.6343085106382979,1785249914.0775814
7,26459,0.2961578965187073,0.6354166666666666,1785249914.190729
7,26460,0.5183926820755005,0.6301020408163265,1785249914.3051353
7,26461,0.33555740118026733,0.633125,1785249914.418055
7,26462,0.2683457136154175,0.6360294117647058,1785249914.537766
7,26463,0.4523203372955322,0.6292067307692307,1785249914.6520271
7,26464,0.39181315898895264,0.620872641509434,1785249914.7757077
7,26465,0.18784525990486145,0.6244212962962963,1785249914.8987215
7,26466,0.25443944334983826,0.6272727272727273,1785249915.0122597
7,26467,0.24017474055290222,0.6188616071428571,1785249915.1261425
7,26468,0.3263261318206787,0.6195175438596491,1785249915.2448843
7,26469,0.5650860667228699,0.6223060344827587,1785249915.35968
7,26470,0.3364418148994446,0.6154661016949152,1785249915.4763136
7,26471,0.40253403782844543,0.6140625,1785249915.595111
7,26472,0.19435125589370728,0.6075819672131147,1785249915.71311
7,26473,0.554176926612854,0.6028225806451613,1785249915.8310173
7,26474,0.2365046739578247,0.6066468253968254,1785249915.9440806
7,26475,0.1760815978050232,0.6025390625,1785249916.0677755
7,26476,0.27298951148986816,0.6033653846153846,1785249916.1807196
7,26477,0.47093021869659424,0.5980113636363636,1785249916.2985327
7,26478,0.3029894232749939,0.6002798507462687,1785249916.4115767
7,26479,0.44841307401657104,0.6006433823529411,1785249916.5251665
7,26480,0.18660350143909454,0.6041666666666666,1785249916.6462374
7,26481,0.34684497117996216,0.6058035714285714,1785249916.7679937
7,26482,0.3111644685268402,0.6073943661971831,1785249916.880865
7,26483,0.5428345203399658,0.6041666666666666,1785249916.9961376
7,26484,0.42387449741363525,0.6065924657534246,1785249917.1129165
7,26485,0.4118838906288147,0.6085304054054054,1785249917.2349074
7,26486,0.2891159653663635,0.6033333333333334,1785249917.349004
7,26487,0.23165258765220642,0.6056743421052632,1785249917.4681845
7,26488,0.28879767656326294,0.6079545454545454,1785249917.5830553
7,26489,0.2651686668395996,0.610176282051282,1785249917.705087
7,26490,0.4634942412376404,0.6115506329113924,1785249917.8258984
7,26491,0.5422219634056091,0.613671875,1785249917.9401362
7,26492,0.4065670371055603,0.6087962962962963,1785249918.0579073
7,26493,0.31166326999664307,0.6105182926829268,1785249918.1756454
7,26494,0.3603658974170685,0.6110692771084337,1785249918.2973895
7,26495,0.37890058755874634,0.6134672619047619,1785249918.411732
7,26496,0.408089816570282,0.6143382352941177,1785249918.524757
7,26497,0.399909108877182,0.610828488372093,1785249918.6386094
7,26498,0.27095672488212585,0.6084770114942529,1785249918.7515814
7,26499,0.5947678685188293,0.6036931818181818,1785249918.8647392
7,26500,0.23337319493293762,0.6063904494382022,1785249918.9769633
7,26501,0.2665577232837677,0.6020833333333333,1785249919.089861
7,26502,0.3054960370063782,0.5982142857142857,1785249919.2057745
8,26503,0.3394888937473297,0.78125,1785249920.8278937
8,26504,0.6500550508499146,0.53125,1785249920.9422882
8,26505,0.26985788345336914,0.625,1785249921.0556479
8,26506,0.580715537071228,0.640625,1785249921.1852555
8,26507,0.21968360245227814,0.6875,1785249921.3002021
8,26508,0.4825718402862549,0.5989583333333334,1785249921.4156764
8,26509,0.34004753828048706,0.6160714285714286,1785249921.5397713
8,26510,0.2620643079280853,0.64453125,1785249921.6561441
8,26511,0.26955997943878174,0.65625,1785249921.7708523
8,26512,0.22722966969013214,0.60625,1785249921.8865142
8,26513,0.26931196451187134,0.6079545454545454,1785249922.000846
8,26514,0.255095511674881,0.6223958333333334,1785249922.1161337
8,26515,0.2572607398033142,0.6418269230769231,1785249922.2334952
8,26516,0.6121505498886108,0.6428571428571429,1785249922.3491247
8,26517,0.1606414020061493,0.6604166666666667,1785249922.4643085
8,26518,0.34190449118614197,0.654296875,1785249922.5802374
8,26519,0.5006099939346313,0.6268382352941176,1785249922.7052312
8,26520,0.25378793478012085,0.6354166666666666,1785249922.8206594
8,26521,0.18986725807189941,0.6463815789473685,1785249922.945509
8,26522,0.2391848862171173,0.65625,1785249923.0649426
8,26523,0.19393882155418396,0.6354166666666666,1785249923.1826017
8,26524,0.15005779266357422,0.6477272727272727,1785249923.3067443
8,26525,0.27890658378601074,0.6508152173913043,1785249923.4200013
8,26526,0.2126227617263794,0.6575520833333334,1785249923.5446334
8,26527,0.1985682249069214,0.6675,1785249923.6577647
8,26528,0.30819863080978394,0.6670673076923077,1785249923.7821984
8,26529,0.2270137518644333,0.6689814814814815,1785249923.8957326
8,26530,0.3326830267906189,0.6707589285714286,1785249924.0130346
8,26531,0.3251889944076538,0.6767241379310345,1785249924.130546
8,26532,0.24296386539936066,0.6645833333333333,1785249924.2451963
8,26533,0.3832671642303467,0.6633064516129032,1785249924.3631074
8,26534,0.3023214042186737,0.66796875,1785249924.484997
8,26535,0.43578872084617615,0.6581439393939394,1785249924.5989723
8,26536,0.2602465748786926,0.6599264705882353,1785249924.7132254
8,26537,0.29686418175697327,0.6633928571428571,1785249924.831265
8,26538,0.2379508912563324,0.6666666666666666,1785249924.9572656
8,26539,0.34859272837638855,0.6672297297297297,1785249925.0715342
8,26540,0.22841191291809082,0.6710526315789473,1785249925.1850305
8,26541,0.3932309150695801,0.6618589743589743,1785249925.3099241
8,26542,0.49614447355270386,0.66328125,1785249925.4306588
8,26543,0.3129717707633972,0.6684451219512195,1785249925.5439234
8,26544,0.26899340748786926,0.6703869047619048,1785249925.6673634
8,26545,0.4339146018028259,0.6707848837209303,1785249925.7876434
8,26546,0.2813975512981415,0.6747159090909091,1785249925.903077
8,26547,0.3636828660964966,0.6763888888888889,1785249926.0180094
8,26548,0.33895599842071533,0.6745923913043478,1785249926.1321108
8,26549,0.42453455924987793,0.6761968085106383,1785249926.2468853
8,26550,0.26591289043426514,0.6796875,1785249926.3599594
8,26551,0.21107789874076843,0.6823979591836735,1785249926.483086
8,26552,0.27321019768714905,0.685,1785249926.605774
8,26553,0.5083171725273132,0.6825980392156863,1785249926.7229125
8,26554,0.43298524618148804,0.6838942307692307,1785249926.840117
8,26555,0.34954899549484253,0.6780660377358491,1785249926.9540675
8,26556,0.26831668615341187,0.6805555555555556,1785249927.075122
8,26557,0.22560890018939972,0.6840909090909091,1785249927.1965926
8,26558,0.17899709939956665,0.6863839285714286,1785249927.3191931
8,26559,0.37634000182151794,0.6885964912280702,1785249927.433029
8,26560,0.3209528923034668,0.6885775862068966,1785249927.5502515
8,26561,0.3986748456954956,0.6800847457627118,1785249927.6701477
8,26562,0.4181731641292572,0.6791666666666667,1785249927.7904387
8,26563,0.4368760585784912,0.6721311475409836,1785249927.9042604
8,26564,0.515195369720459,0.672883064516129,1785249928.0264554
8,26565,0.3553919494152069,0.6746031746031746,1785249928.144904
8,26566,0.2869531214237213,0.67333984375,1785249928.2605526
8,26567,0.6963217258453369,0.6663461538461538,1785249928.3745987
8,26568,0.2344553917646408,0.6666666666666666,1785249928.4882734
8,26569,0.12677757441997528,0.6702425373134329,1785249928.6020586
8,26570,0.36572450399398804,0.6636029411764706,1785249928.7266634
8,26571,0.254835307598114,0.666213768115942,1785249928.8410075
8,26572,0.3271583020687103,0.659375,1785249928.9549463
8,26573,0.3856348693370819,0.6606514084507042,1785249929.0790002
8,26574,0.40754270553588867,0.6614583333333334,1785249929.2017837
8,26575,0.16960208117961884,0.6639554794520548,1785249929.3207777
8,26576,0.23192474246025085,0.6663851351351351,1785249929.435408
8,26577,0.3269002437591553,0.6595833333333333,1785249929.5509393
8,26578,0.23552335798740387,0.6624177631578947,1785249929.6737778
8,26579,0.457406222820282,0.6566558441558441,1785249929.7905142
8,26580,0.5123791098594666,0.6538461538461539,1785249929.9102352
8,26581,0.2221636176109314,0.6495253164556962,1785249930.028602
8,26582,0.4267037510871887,0.6453125,1785249930.1481948
8,26583,0.24734599888324738,0.6477623456790124,1785249930.262414
8,26584,0.41889670491218567,0.6497713414634146,1785249930.3891103
8,26585,0.21706193685531616,0.6524849397590361,1785249930.5017886
8,26586,0.22069503366947174,0.6540178571428571,1785249930.6169274
8,26587,0.20054486393928528,0.6558823529411765,1785249930.7364674
8,26588,0.25460782647132874,0.6566133720930233,1785249930.8492908
8,26589,0.2437972128391266,0.6522988505747126,1785249930.9623086
8,26590,0.19867029786109924,0.6544744318181818,1785249931.075274
8,26591,0.29750165343284607,0.65625,1785249931.1872222
8,26592,0.572295069694519,0.6527777777777778,1785249931.3002217
8,26593,0.530279278755188,0.6476648351648352,1785249931.413152
9,26594,0.24171018600463867,0.75,1785249933.0007026
9,26595,0.2707979381084442,0.46875,1785249933.1148624
9,26596,0.4011905789375305,0.5416666666666666,1785249933.2321591
9,26597,0.2552216947078705,0.578125,1785249933.3555708
9,26598,0.33203744888305664,0.61875,1785249933.4713597
9,26599,0.2965356707572937,0.6302083333333334,1785249933.5858002
9,26600,0.37488317489624023,0.625,1785249933.6990836
9,26601,0.20038563013076782,0.65234375,1785249933.8124206
9,26602,0.3631420433521271,0.6006944444444444,1785249933.9265995
9,26603,0.24504579603672028,0.628125,1785249934.0403492
9,26604,0.5996361970901489,0.5994318181818182,1785249934.160349
9,26605,0.16856558620929718,0.6223958333333334,1785249934.2747655
9,26606,0.21792641282081604,0.625,1785249934.392428
9,26607,0.3414478302001953,0.6004464285714286,1785249934.5065203
9,26608,0.35582002997398376,0.6104166666666667,1785249934.6204998
9,26609,0.20651008188724518,0.580078125,1785249934.7348027
9,26610,0.4140917956829071,0.5625,1785249934.86168
9,26611,0.5878708958625793,0.5659722222222222,1785249934.9757984
9,26612,0.5817062854766846,0.5509868421052632,1785249935.0927837
9,26613,0.2675645351409912,0.565625,1785249935.2073054
9,26614,0.2664795517921448,0.5788690476190477,1785249935.3259912
9,26615,0.12392377853393555,0.5582386363636364,1785249935.4411187
9,26616,0.22001135349273682,0.5692934782608695,1785249935.554735
9,26617,0.27056077122688293,0.5755208333333334,1785249935.6690161
9,26618,0.4666755795478821,0.5775,1785249935.7910492
9,26619,0.6240432262420654,0.5697115384615384,1785249935.9058115
9,26620,0.47221168875694275,0.5694444444444444,1785249936.027877
9,26621,0.18192997574806213,0.5792410714285714,1785249936.1479034
9,26622,0.2477315366268158,0.5883620689655172,1785249936.2618752
9,26623,0.22066330909729004,0.5989583333333334,1785249936.3763466
9,26624,0.26304563879966736,0.6018145161290323,1785249936.498347
9,26625,0.32707956433296204,0.5927734375,1785249936.6229148
9,26626,0.35544008016586304,0.5975378787878788,1785249936.7375193
9,26627,0.2920747697353363,0.6029411764705882,1785249936.8510466
9,26628,0.2311772257089615,0.5892857142857143,1785249936.975302
9,26629,0.38503843545913696,0.5789930555555556,1785249937.0920649
9,26630,0.3394738733768463,0.5853040540540541,1785249937.2092395
9,26631,0.2745676040649414,0.5921052631578947,1785249937.3254907
9,26632,0.3013406991958618,0.5953525641025641,1785249937.446087
9,26633,0.12834522128105164,0.60234375,1785249937.5591753
9,26634,0.38444024324417114,0.6051829268292683,1785249937.6733217
9,26635,0.19057294726371765,0.6108630952380952,1785249937.7864301
9,26636,0.2771342396736145,0.6133720930232558,1785249937.899613
9,26637,0.2303307205438614,0.6051136363636364,1785249938.0136724
9,26638,0.25837451219558716,0.6090277777777777,1785249938.1279652
9,26639,0.2796574831008911,0.6141304347826086,1785249938.2408657
9,26640,0.3989594280719757,0.6063829787234043,1785249938.3550367
9,26641,0.22591665387153625,0.609375,1785249938.4685013
9,26642,0.2613157331943512,0.6020408163265306,1785249938.582697
9,26643,0.2573765814304352,0.604375,1785249938.6956718
9,26644,0.4248202443122864,0.6066176470588235,1785249938.8096807
9,26645,0.4483502507209778,0.5997596153846154,1785249938.9244711
9,26646,0.31926682591438293,0.5943396226415094,1785249939.0390704
9,26647,0.2912497818470001,0.5978009259259259,1785249939.1528428
9,26648,0.3971836566925049,0.6005681818181818,1785249939.2672865
9,26649,0.16531717777252197,0.6071428571428571,1785249939.380586
9,26650,0.23188099265098572,0.6107456140350878,1785249939.4969094
9,26651,0.17134496569633484,0.6142241379310345,1785249939.6202807
9,26652,0.2708359360694885,0.6101694915254238,1785249939.7446353
9,26653,0.545448899269104,0.6041666666666666,1785249939.8585045
9,26654,0.3226530849933624,0.5978483606557377,1785249939.9825797
9,26655,0.2164650410413742,0.6008064516129032,1785249940.0991066
9,26656,0.2271602302789688,0.6046626984126984,1785249940.215907
9,26657,0.31662946939468384,0.6064453125,1785249940.3290267
9,26658,0.22923429310321808,0.6100961538461539,1785249940.4424102
9,26659,0.48461970686912537,0.6117424242424242,1785249940.5650284
9,26660,0.21288111805915833,0.6044776119402985,1785249940.6794877
9,26661,0.1360960304737091,0.6006433823529411,1785249940.8039732
9,26662,0.41652989387512207,0.6023550724637681,1785249940.9270673
9,26663,0.19893231987953186,0.596875,1785249941.0410867
9,26664,0.24206596612930298,0.5924295774647887,1785249941.1618562
9,26665,0.21697533130645752,0.5963541666666666,1785249941.2749095
9,26666,0.17670151591300964,0.5993150684931506,1785249941.3890653
9,26667,0.35547250509262085,0.5996621621621622,1785249941.5024223
9,26668,0.3059893846511841,0.6029166666666667,1785249941.615882
9,26669,0.36344224214553833,0.6036184210526315,1785249941.733002
9,26670,0.2057739496231079,0.599025974025974,1785249941.8468125
9,26671,0.23653550446033478,0.5977564102564102,1785249941.9693327
9,26672,0.3440975546836853,0.6000791139240507,1785249942.08804
9,26673,0.5500446557998657,0.60078125,1785249942.202796
9,26674,0.2128366231918335,0.595679012345679,1785249942.3271024
9,26675,0.2572076618671417,0.5964176829268293,1785249942.4429238
9,26676,0.2669299840927124,0.5982680722891566,1785249942.5637949
9,26677,0.2499939352273941,0.59375,1785249942.6776693
9,26678,0.5867210030555725,0.5952205882352941,1785249942.7910912
9,26679,0.4628640115261078,0.5962936046511628,1785249942.9046686
9,26680,0.28918418288230896,0.5930316091954023,1785249943.0172482
9,26681,0.43491634726524353,0.5944602272727273,1785249943.1293862
9,26682,0.27550309896469116,0.5958567415730337,1785249943.2410624
9,26683,0.26469478011131287,0.5972222222222222,1785249943.352992
9,26684,0.2826070785522461,0.5985576923076923,1785249943.4679065
10,26685,0.23581451177597046,0.8125,1785249945.0862353
10,26686,0.19606125354766846,0.8125,1785249945.2009163
10,26687,0.2573244571685791,0.625,1785249945.3157706
10,26688,0.32298707962036133,0.640625,1785249945.4334214
10,26689,0.21990199387073517,0.6625,1785249945.5467317
10,26690,0.22841060161590576,0.5989583333333334,1785249945.6613905
10,26691,0.5531640648841858,0.6071428571428571,1785249945.7769442
10,26692,0.29940924048423767,0.63671875,1785249945.8956828
10,26693,0.31582531332969666,0.6527777777777778,1785249946.0090926
10,26694,0.20048178732395172,0.6625,1785249946.1233714
10,26695,0.3616199791431427,0.6732954545454546,1785249946.2421865
10,26696,0.24207426607608795,0.6796875,1785249946.3563426
10,26697,0.4247332215309143,0.6899038461538461,1785249946.4694421
10,26698,0.4487391710281372,0.6517857142857143,1785249946.5835593
10,26699,0.229311004281044,0.6645833333333333,1785249946.6963706
10,26700,1.0137534141540527,0.669921875,1785249946.8099127
10,26701,0.3553757667541504,0.6801470588235294,1785249946.9246628
10,26702,0.28388431668281555,0.6857638888888888,1785249947.0419784
10,26703,0.368429958820343,0.6891447368421053,1785249947.15552
10,26704,0.33918526768684387,0.6671875,1785249947.2699208
10,26705,0.26100051403045654,0.6755952380952381,1785249947.3839245
10,26706,0.19296656548976898,0.6803977272727273,1785249947.4976747
10,26707,0.5342061519622803,0.6725543478260869,1785249947.612035
10,26708,0.20576465129852295,0.6783854166666666,1785249947.725335
10,26709,0.2984064519405365,0.65625,1785249947.8399932
10,26710,0.252753883600235,0.6610576923076923,1785249947.954165
10,26711,0.2637477219104767,0.6631944444444444,1785249948.0672011
10,26712,0.32391199469566345,0.6662946428571429,1785249948.1811576
10,26713,0.23173606395721436,0.6691810344827587,1785249948.294073
10,26714,0.44863492250442505,0.6708333333333333,1785249948.4073465
10,26715,0.45036986470222473,0.6713709677419355,1785249948.5212789
10,26716,0.4032851457595825,0.671875,1785249948.6422915
10,26717,0.21934176981449127,0.6761363636363636,1785249948.7554548
10,26718,0.25057363510131836,0.6617647058823529,1785249948.8785899
10,26719,0.539158046245575,0.6625,1785249948.9912271
10,26720,0.25047567486763,0.6684027777777778,1785249949.1128619
10,26721,0.34315764904022217,0.6706081081081081,1785249949.2326448
10,26722,0.2564581036567688,0.671875,1785249949.34931
10,26723,0.308396577835083,0.6746794871794872,1785249949.462365
10,26724,0.23190337419509888,0.68046875,1785249949.5834734
10,26725,0.1873064935207367,0.6836890243902439,1785249949.7001755
10,26726,0.34709709882736206,0.6822916666666666,1785249949.818293
10,26727,0.29922783374786377,0.6707848837209303,1785249949.9321635
10,26728,0.5848571062088013,0.6669034090909091,1785249950.0525029
10,26729,0.2756434977054596,0.66875,1785249950.176121
10,26730,0.2442992776632309,0.673233695652174,1785249950.2951918
10,26731,0.23216845095157623,0.675531914893617,1785249950.408201
10,26732,0.17986103892326355,0.6790364583333334,1785249950.5209625
10,26733,0.25432947278022766,0.6792091836734694,1785249950.6343188
10,26734,0.35876399278640747,0.68,1785249950.7569091
10,26735,0.38894906640052795,0.6801470588235294,1785249950.878255
10,26736,0.25586608052253723,0.6826923076923077,1785249950.9977496
10,26737,0.3742537498474121,0.683372641509434,1785249951.111073
10,26738,0.20167112350463867,0.6851851851851852,1785249951.232475
10,26739,0.25477737188339233,0.6880681818181819,1785249951.3555667
10,26740,0.2966851592063904,0.6886160714285714,1785249951.475729
10,26741,0.22985421121120453,0.6896929824561403,1785249951.595775
10,26742,0.38268205523490906,0.6848060344827587,1785249951.709903
10,26743,0.38960814476013184,0.683792372881356,1785249951.8241086
10,26744,0.30055662989616394,0.684375,1785249951.938191
10,26745,0.23744061589241028,0.6854508196721312,1785249952.0518613
10,26746,0.3838762938976288,0.686491935483871,1785249952.1660855
10,26747,0.21658189594745636,0.6879960317460317,1785249952.280785
10,26748,0.325438529253006,0.6875,1785249952.3979292
10,26749,0.2824718952178955,0.6894230769230769,1785249952.5161972
10,26750,0.2291141301393509,0.6908143939393939,1785249952.6390166
10,26751,0.2522169351577759,0.6921641791044776,1785249952.7623513
10,26752,0.41286587715148926,0.6930147058823529,1785249952.8759232
10,26753,0.2356814444065094,0.6865942028985508,1785249952.9907064
10,26754,0.20401141047477722,0.6875,1785249953.1058497
10,26755,0.4162525534629822,0.6804577464788732,1785249953.2198231
10,26756,0.2800849378108978,0.6818576388888888,1785249953.337174
10,26757,0.3093845248222351,0.6823630136986302,1785249953.4668336
10,26758,0.24112683534622192,0.6841216216216216,1785249953.579961
10,26759,0.4733937382698059,0.6845833333333333,1785249953.6931484
10,26760,0.33359211683273315,0.6772203947368421,1785249953.810262
10,26761,0.19177089631557465,0.6793831168831169,1785249953.9247594
10,26762,0.1479804515838623,0.6750801282051282,1785249954.0403907
10,26763,0.24177676439285278,0.6772151898734177,1785249954.1556132
10,26764,0.4303573966026306,0.671484375,1785249954.2708046
10,26765,0.40245121717453003,0.6709104938271605,1785249954.384412
10,26766,0.6206473112106323,0.6676829268292683,1785249954.5040627
10,26767,0.30108389258384705,0.6682981927710844,1785249954.6184886
10,26768,0.29477226734161377,0.6703869047619048,1785249954.7315629
10,26769,0.33352920413017273,0.669485294117647,1785249954.852869
10,26770,0.3049546480178833,0.6638808139534884,1785249954.9664981
10,26771,0.24809423089027405,0.6666666666666666,1785249955.0796957
10,26772,0.17776232957839966,0.6690340909090909,1785249955.1916132
10,26773,0.38394349813461304,0.6688904494382022,1785249955.3034234
10,26774,0.2995678782463074,0.6690972222222222,1785249955.4153574
10,26775,0.3096766471862793,0.6713598901098901,1785249955.5307508
11,26776,0.2840637266635895,0.375,1785249957.105458
11,26777,0.38536518812179565,0.546875,1785249957.218573
11,26778,0.18654796481132507,0.65625,1785249957.332214
11,26779,0.2559768855571747,0.6953125,1785249957.4505959
11,26780,0.22565817832946777,0.725,1785249957.5639753
11,26781,0.2727603614330292,0.7395833333333334,1785249957.6793256
11,26782,0.44997522234916687,0.6741071428571429,1785249957.794492
11,26783,0.418385773897171,0.6875,1785249957.9132433
11,26784,0.3438315987586975,0.6805555555555556,1785249958.0281196
11,26785,0.24146097898483276,0.6875,1785249958.1425383
11,26786,0.1775704175233841,0.7045454545454546,1785249958.2700698
11,26787,0.36531659960746765,0.6927083333333334,1785249958.3848665
11,26788,0.3404153883457184,0.6995192307692307,1785249958.4996083
11,26789,0.37314045429229736,0.6674107142857143,1785249958.6153798
11,26790,0.27231577038764954,0.6833333333333333,1785249958.7302465
11,26791,0.5127277374267578,0.685546875,1785249958.8456771
11,26792,0.5617531538009644,0.6580882352941176,1785249958.9608173
11,26793,0.16424432396888733,0.6388888888888888,1785249959.0759866
11,26794,0.2603190243244171,0.6414473684210527,1785249959.1903012
11,26795,0.25395411252975464,0.6390625,1785249959.3049958
11,26796,0.27982431650161743,0.6473214285714286,1785249959.4274957
11,26797,0.19574865698814392,0.65625,1785249959.5535932
11,26798,0.27449965476989746,0.6603260869565217,1785249959.6697247
11,26799,0.251425564289093,0.6666666666666666,1785249959.783305
11,26800,0.3090633153915405,0.675,1785249959.9073312
11,26801,0.6217870712280273,0.6598557692307693,1785249960.0254965
11,26802,0.46905261278152466,0.6446759259259259,1785249960.1392405
11,26803,0.4560808539390564,0.6283482142857143,1785249960.2625551
11,26804,0.19925905764102936,0.6120689655172413,1785249960.3810225
11,26805,0.3515471816062927,0.6135416666666667,1785249960.5000288
11,26806,0.3355181813240051,0.6179435483870968,1785249960.618766
11,26807,0.242431178689003,0.6064453125,1785249960.7356021
11,26808,0.33461904525756836,0.6107954545454546,1785249960.8566306
11,26809,0.20354846119880676,0.6185661764705882,1785249960.9737632
11,26810,0.34290531277656555,0.6214285714285714,1785249961.0890808
11,26811,0.23096290230751038,0.6267361111111112,1785249961.216103
11,26812,0.3295673727989197,0.6275337837837838,1785249961.33081
11,26813,0.2482953816652298,0.6200657894736842,1785249961.4493551
11,26814,0.31149420142173767,0.6233974358974359,1785249961.5624735
11,26815,0.33459439873695374,0.6265625,1785249961.6783357
11,26816,0.24968194961547852,0.6310975609756098,1785249961.805658
11,26817,0.3841177225112915,0.6227678571428571,1785249961.929014
11,26818,0.26929426193237305,0.6257267441860465,1785249962.0419009
11,26819,0.15276090800762177,0.6164772727272727,1785249962.1583128
11,26820,0.25673073530197144,0.6090277777777777,1785249962.2723804
11,26821,0.24537929892539978,0.6012228260869565,1785249962.3865511
11,26822,0.1238863468170166,0.6090425531914894,1785249962.5009801
11,26823,0.5163758993148804,0.6119791666666666,1785249962.6165228
11,26824,0.3995256721973419,0.6065051020408163,1785249962.7317317
11,26825,0.2772662043571472,0.61,1785249962.8491492
11,26826,0.27137845754623413,0.6139705882352942,1785249962.969423
11,26827,0.6185945272445679,0.609375,1785249963.088716
11,26828,0.17717207968235016,0.6143867924528302,1785249963.2030149
11,26829,0.3142350912094116,0.6105324074074074,1785249963.3182993
11,26830,0.19999925792217255,0.6142045454545455,1785249963.431546
11,26831,0.15299521386623383,0.6188616071428571,1785249963.545332
11,26832,0.34387826919555664,0.6129385964912281,1785249963.659842
11,26833,0.7241809368133545,0.6136853448275862,1785249963.7739942
11,26834,0.27060335874557495,0.6165254237288136,1785249963.8876827
11,26835,0.24650785326957703,0.6182291666666667,1785249964.0011532
11,26836,0.4210044741630554,0.6193647540983607,1785249964.1148078
11,26837,0.21502724289894104,0.6224798387096774,1785249964.2285125
11,26838,0.19601699709892273,0.6245039682539683,1785249964.3416903
11,26839,0.16306166350841522,0.62890625,1785249964.4553251
11,26840,0.1954360008239746,0.6326923076923077,1785249964.5691667
11,26841,0.22872424125671387,0.634469696969697,1785249964.6824698
11,26842,0.2796173691749573,0.6380597014925373,1785249964.7957733
11,26843,0.366439551115036,0.6401654411764706,1785249964.9090533
11,26844,0.2220759093761444,0.6422101449275363,1785249965.023365
11,26845,0.2726905941963196,0.6441964285714286,1785249965.1375625
11,26846,0.2019498497247696,0.6474471830985915,1785249965.2516572
11,26847,0.2050495445728302,0.6506076388888888,1785249965.365838
11,26848,0.24039021134376526,0.6532534246575342,1785249965.479746
11,26849,0.2625197470188141,0.6549831081081081,1785249965.6049497
11,26850,0.3203919529914856,0.6558333333333334,1785249965.7225657
11,26851,0.3268568813800812,0.65625,1785249965.8518786
11,26852,0.19520999491214752,0.6578733766233766,1785249965.970703
11,26853,0.16785262525081635,0.6610576923076923,1785249966.089686
11,26854,0.5485948324203491,0.6602056962025317,1785249966.209763
11,26855,0.24964319169521332,0.65625,1785249966.3366065
11,26856,0.2839893698692322,0.6570216049382716,1785249966.4648793
11,26857,0.2308872491121292,0.6501524390243902,1785249966.5832665
11,26858,0.3152947723865509,0.6506024096385542,1785249966.707165
11,26859,0.22251483798027039,0.6517857142857143,1785249966.8281116
11,26860,0.26085183024406433,0.6525735294117647,1785249966.9436507
11,26861,0.3407554030418396,0.6526162790697675,1785249967.057894
11,26862,0.44491028785705566,0.6476293103448276,1785249967.1708696
11,26863,0.3420259654521942,0.6498579545454546,1785249967.2894616
11,26864,0.1860460788011551,0.6523876404494382,1785249967.4021463
11,26865,0.34829089045524597,0.6524305555555555,1785249967.5201006
11,26866,0.2678755819797516,0.6541895604395604,1785249967.6383486
12,26867,0.40585857629776,0.5,1785249969.163129
12,26868,0.4393627941608429,0.609375,1785249969.2774475
12,26869,0.20167511701583862,0.65625,1785249969.3911564
12,26870,0.18368427455425262,0.6875,1785249969.5169148
12,26871,0.5095711946487427,0.675,1785249969.6311462
12,26872,0.3544033169746399,0.6979166666666666,1785249969.7449934
12,26873,0.2922799587249756,0.7232142857142857,1785249969.861031
12,26874,0.28793978691101074,0.72265625,1785249969.976238
12,26875,0.33900314569473267,0.7291666666666666,1785249970.0938501
12,26876,0.416622132062912,0.734375,1785249970.2166386
12,26877,0.5593082904815674,0.7073863636363636,1785249970.3308828
12,26878,0.29785168170928955,0.7109375,1785249970.4446902
12,26879,0.1617588996887207,0.7307692307692307,1785249970.5582037
12,26880,0.5441520810127258,0.7209821428571429,1785249970.6795876
12,26881,0.23894910514354706,0.7208333333333333,1785249970.795124
12,26882,0.18610163033008575,0.73046875,1785249970.9117672
12,26883,0.2228192538022995,0.7408088235294118,1785249971.0356777
12,26884,0.14659012854099274,0.75,1785249971.1519809
12,26885,0.5735204219818115,0.7384868421052632,1785249971.2665
12,26886,0.195360466837883,0.709375,1785249971.384604
12,26887,0.24648384749889374,0.7113095238095238,1785249971.5088189
12,26888,0.22696682810783386,0.7144886363636364,1785249971.627548
12,26889,0.4997078776359558,0.6929347826086957,1785249971.7445989
12,26890,0.192042738199234,0.67578125,1785249971.8586664
12,26891,0.239778533577919,0.67875,1785249971.9828873
12,26892,0.2577061951160431,0.6850961538461539,1785249972.0966465
12,26893,0.29541313648223877,0.6875,1785249972.2098117
12,26894,0.33539116382598877,0.6852678571428571,1785249972.3343222
12,26895,0.17363037168979645,0.6918103448275862,1785249972.457904
12,26896,0.23719251155853271,0.6958333333333333,1785249972.5708504
12,26897,0.2061559557914734,0.7016129032258065,1785249972.684948
12,26898,0.5736693739891052,0.6953125,1785249972.80883
12,26899,0.1926659345626831,0.7017045454545454,1785249972.9219236
12,26900,0.15510448813438416,0.7049632352941176,1785249973.0375464
12,26901,0.46205201745033264,0.6919642857142857,1785249973.1518962
12,26902,0.26415184140205383,0.6822916666666666,1785249973.2660527
12,26903,0.5378531217575073,0.6706081081081081,1785249973.3878427
12,26904,0.4288199543952942,0.6685855263157895,1785249973.502072
12,26905,0.4737823009490967,0.6730769230769231,1785249973.6167912
12,26906,0.2540215253829956,0.67734375,1785249973.7400665
12,26907,0.28328457474708557,0.6798780487804879,1785249973.853142
12,26908,0.5414947867393494,0.6711309523809523,1785249973.977075
12,26909,0.2037164270877838,0.6751453488372093,1785249974.0934615
12,26910,0.3024533987045288,0.6789772727272727,1785249974.2157097
12,26911,0.22901907563209534,0.6819444444444445,1785249974.3298557
12,26912,0.23029395937919617,0.6854619565217391,1785249974.4429
12,26913,0.19415538012981415,0.6888297872340425,1785249974.5605905
12,26914,0.5466387271881104,0.6796875,1785249974.6828547
12,26915,0.22108978033065796,0.6836734693877551,1785249974.7961001
12,26916,0.28725239634513855,0.68625,1785249974.9110744
12,26917,0.2178385704755783,0.6770833333333334,1785249975.033214
12,26918,0.3894941806793213,0.6772836538461539,1785249975.1485033
12,26919,0.26433122158050537,0.6804245283018868,1785249975.2612786
12,26920,0.26930877566337585,0.6840277777777778,1785249975.3775678
12,26921,0.27081674337387085,0.6852272727272727,1785249975.4910495
12,26922,0.3834647834300995,0.6880580357142857,1785249975.6042254
12,26923,0.46534889936447144,0.6902412280701754,1785249975.7181616
12,26924,0.292713463306427,0.6912715517241379,1785249975.8319309
12,26925,0.2701681852340698,0.6917372881355932,1785249975.9456954
12,26926,0.4067135453224182,0.684375,1785249976.061638
12,26927,0.22668570280075073,0.6864754098360656,1785249976.1748488
12,26928,0.3021816611289978,0.6880040322580645,1785249976.2888079
12,26929,0.25762900710105896,0.689484126984127,1785249976.4111373
12,26930,0.462602436542511,0.6884765625,1785249976.5347784
12,26931,0.2532452642917633,0.6913461538461538,1785249976.649121
12,26932,0.5484036803245544,0.6860795454545454,1785249976.7629318
12,26933,0.14847742021083832,0.6884328358208955,1785249976.8767858
12,26934,0.2908472418785095,0.6810661764705882,1785249976.993962
12,26935,0.37372955679893494,0.6811594202898551,1785249977.1081805
12,26936,0.3102498948574066,0.6825892857142857,1785249977.2311356
12,26937,0.39106035232543945,0.6778169014084507,1785249977.350657
12,26938,0.5051011443138123,0.6705729166666666,1785249977.464577
12,26939,0.29512834548950195,0.670804794520548,1785249977.5774484
12,26940,0.3113712668418884,0.6714527027027027,1785249977.7001405
12,26941,0.3758547902107239,0.665,1785249977.8182147
12,26942,0.3221534490585327,0.6583059210526315,1785249977.9344795
12,26943,0.2909126877784729,0.6590909090909091,1785249978.0476675
12,26944,0.18355527520179749,0.6622596153846154,1785249978.167341
12,26945,0.20942428708076477,0.6645569620253164,1785249978.283613
12,26946,0.32183143496513367,0.66640625,1785249978.4031851
12,26947,0.29337558150291443,0.6608796296296297,1785249978.5174236
12,26948,0.3990999460220337,0.6627286585365854,1785249978.6321657
12,26949,0.2720750570297241,0.6577560240963856,1785249978.745935
12,26950,0.33375102281570435,0.6592261904761905,1785249978.8588116
12,26951,0.1945655643939972,0.6613970588235294,1785249978.971717
12,26952,0.3663439154624939,0.6627906976744186,1785249979.0850964
12,26953,0.16138432919979095,0.6652298850574713,1785249979.1978936
12,26954,0.2758878767490387,0.6661931818181818,1785249979.3099296
12,26955,0.26894405484199524,0.6678370786516854,1785249979.421837
12,26956,0.5025079250335693,0.6694444444444444,1785249979.5338132
12,26957,0.2632766664028168,0.6706730769230769,1785249979.647707
13,26958,0.5171368718147278,0.6875,1785249981.1627896
13,26959,0.2976561486721039,0.765625,1785249981.2763674
13,26960,0.3602105677127838,0.6145833333333334,1785249981.391156
13,26961,0.21420064568519592,0.671875,1785249981.5062659
13,26962,0.5320165157318115,0.56875,1785249981.6209745
13,26963,0.2222355753183365,0.6041666666666666,1785249981.736577
13,26964,0.20544609427452087,0.6473214285714286,1785249981.8516243
13,26965,0.2703723907470703,0.65234375,1785249981.967586
13,26966,0.20606714487075806,0.6180555555555556,1785249982.082111
13,26967,0.2739366590976715,0.628125,1785249982.195554
13,26968,0.24011053144931793,0.6448863636363636,1785249982.3159316
13,26969,0.2770243287086487,0.6588541666666666,1785249982.4323127
13,26970,0.2923049330711365,0.6610576923076923,1785249982.5469685
13,26971,0.21896566450595856,0.6674107142857143,1785249982.660579
13,26972,0.5872708559036255,0.6604166666666667,1785249982.7758036
13,26973,0.23758968710899353,0.634765625,1785249982.8929062
13,26974,0.6121812462806702,0.6286764705882353,1785249983.0093408
13,26975,0.2512730360031128,0.6371527777777778,1785249983.1262603
13,26976,0.19419124722480774,0.6447368421052632,1785249983.2413006
13,26977,0.21889419853687286,0.6515625,1785249983.3548205
13,26978,0.2679656744003296,0.65625,1785249983.4768283
13,26979,0.24344824254512787,0.6605113636363636,1785249983.6052618
13,26980,0.4474407136440277,0.6467391304347826,1785249983.7325559
13,26981,0.5573465824127197,0.6458333333333334,1785249983.8508072
13,26982,0.21697334945201874,0.655,1785249983.9684498
13,26983,0.11425762623548508,0.6670673076923077,1785249984.0888042
13,26984,0.34298548102378845,0.6446759259259259,1785249984.2130687
13,26985,0.266294926404953,0.6506696428571429,1785249984.3260465
13,26986,0.4442729651927948,0.6551724137931034,1785249984.4398613
13,26987,0.17879211902618408,0.6604166666666667,1785249984.5567274
13,26988,0.1865176111459732,0.6683467741935484,1785249984.6705663
13,26989,0.26714640855789185,0.658203125,1785249984.7921655
13,26990,0.1468428373336792,0.6638257575757576,1785249984.9052668
13,26991,0.3214290142059326,0.6654411764705882,1785249985.0186646
13,26992,0.24610519409179688,0.6678571428571428,1785249985.1390064
13,26993,0.26156511902809143,0.6710069444444444,1785249985.2523143
13,26994,0.3677642345428467,0.6756756756756757,1785249985.3652565
13,26995,0.13279852271080017,0.6825657894736842,1785249985.4884808
13,26996,0.1971980184316635,0.6875,1785249985.613622
13,26997,0.223517507314682,0.69140625,1785249985.7266488
13,26998,0.32951223850250244,0.6920731707317073,1785249985.8399384
13,26999,0.3172345459461212,0.6904761904761905,1785249985.9550574
13,27000,0.38734912872314453,0.6925872093023255,1785249986.0791233
13,27001,0.19086632132530212,0.6960227272727273,1785249986.1935573
13,27002,0.3182063698768616,0.6993055555555555,1785249986.310342
13,27003,0.6152392625808716,0.6949728260869565,1785249986.4309707
13,27004,0.31080162525177,0.6968085106382979,1785249986.5443835
13,27005,0.42004966735839844,0.69921875,1785249986.6708167
13,27006,0.46740102767944336,0.6881377551020408,1785249986.7847674
13,27007,0.5834743976593018,0.683125,1785249986.9067779
13,27008,0.526019275188446,0.6844362745098039,1785249987.0210166
13,27009,0.2782968580722809,0.6844951923076923,1785249987.1344438
13,27010,0.2104511559009552,0.6863207547169812,1785249987.2563026
13,27011,0.27413496375083923,0.6869212962962963,1785249987.3755612
13,27012,0.2647716701030731,0.6875,1785249987.4986708
13,27013,0.36153286695480347,0.6875,1785249987.612138
13,27014,0.3669549524784088,0.6787280701754386,1785249987.7264965
13,27015,0.2228097915649414,0.6810344827586207,1785249987.840842
13,27016,0.28906264901161194,0.6827330508474576,1785249987.9631674
13,27017,0.34436583518981934,0.6822916666666666,1785249988.0786545
13,27018,0.3260999917984009,0.6746926229508197,1785249988.192909
13,27019,0.37576746940612793,0.6759072580645161,1785249988.3125107
13,27020,0.3119811713695526,0.6760912698412699,1785249988.4310691
13,27021,0.23880064487457275,0.6787109375,1785249988.5536616
13,27022,0.3512904942035675,0.6725961538461539,1785249988.667855
13,27023,0.17027884721755981,0.6756628787878788,1785249988.7819047
13,27024,0.35511839389801025,0.6749067164179104,1785249988.8964167
13,27025,0.31513214111328125,0.6750919117647058,1785249989.0142515
13,27026,0.2340191751718521,0.6784420289855072,1785249989.128017
13,27027,0.3481483459472656,0.6785714285714286,1785249989.2504048
13,27028,0.4985814690589905,0.6716549295774648,1785249989.3744752
13,27029,0.7057222723960876,0.6640625,1785249989.4885836
13,27030,0.34735873341560364,0.6596746575342466,1785249989.602501
13,27031,0.310120552778244,0.6549831081081081,1785249989.725631
13,27032,0.34785759449005127,0.6508333333333334,1785249989.8475776
13,27033,0.22698064148426056,0.6447368421052632,1785249989.9630368
13,27034,0.19524717330932617,0.6452922077922078,1785249990.0758996
13,27035,0.32980671525001526,0.6458333333333334,1785249990.1896794
13,27036,0.16908863186836243,0.6483386075949367,1785249990.3032944
13,27037,0.4363064765930176,0.6421875,1785249990.4177196
13,27038,0.24642792344093323,0.6435185185185185,1785249990.5331376
13,27039,0.16146370768547058,0.645579268292683,1785249990.6462746
13,27040,0.3252171277999878,0.641566265060241,1785249990.7605724
13,27041,0.22178806364536285,0.6436011904761905,1785249990.8736997
13,27042,0.4472479224205017,0.6378676470588235,1785249990.9871824
13,27043,0.5995753407478333,0.6340843023255814,1785249991.107598
13,27044,0.7008005976676941,0.6318247126436781,1785249991.2205057
13,27045,0.30850958824157715,0.6335227272727273,1785249991.332321
13,27046,0.20130863785743713,0.6358848314606742,1785249991.444708
13,27047,0.33561867475509644,0.6368055555555555,1785249991.556759
13,27048,0.22474852204322815,0.6383928571428571,1785249991.6687253
14,27049,0.3193548023700714,0.625,1785249993.2234662
14,27050,0.37147143483161926,0.6875,1785249993.3412604
14,27051,0.27757197618484497,0.7291666666666666,1785249993.461018
14,27052,0.4313342571258545,0.578125,1785249993.5778632
14,27053,0.24420741200447083,0.6375,1785249993.6942835
14,27054,0.1797894388437271,0.6875,1785249993.808525
14,27055,0.2547401487827301,0.6339285714285714,1785249993.93002
14,27056,0.307993084192276,0.6484375,1785249994.0439663
14,27057,0.2763506770133972,0.6666666666666666,1785249994.1580706
14,27058,0.21004948019981384,0.68125,1785249994.2711654
14,27059,0.5356586575508118,0.6704545454545454,1785249994.3855174
14,27060,0.3252585828304291,0.6822916666666666,1785249994.499888
14,27061,0.25438201427459717,0.6923076923076923,1785249994.6133735
14,27062,0.41629335284233093,0.7008928571428571,1785249994.7276545
14,27063,0.22480233013629913,0.70625,1785249994.8415823
14,27064,0.2589474022388458,0.68359375,1785249994.9563804
14,27065,0.2651389539241791,0.6893382352941176,1785249995.0782235
14,27066,0.28193914890289307,0.6909722222222222,1785249995.201676
14,27067,0.3947977125644684,0.6726973684210527,1785249995.3164523
14,27068,0.3629421591758728,0.6859375,1785249995.435129
14,27069,0.5113162398338318,0.6696428571428571,1785249995.54921
14,27070,0.2033020555973053,0.6747159090909091,1785249995.6711729
14,27071,0.250357985496521,0.6807065217391305,1785249995.7973697
14,27072,0.42016714811325073,0.66015625,1785249995.9112844
14,27073,0.1755707710981369,0.6625,1785249996.0254173
14,27074,0.20459064841270447,0.6478365384615384,1785249996.1416414
14,27075,0.27005159854888916,0.6307870370370371,1785249996.2582717
14,27076,0.3330857753753662,0.6316964285714286,1785249996.3761277
14,27077,0.19911141693592072,0.6163793103448276,1785249996.4959269
14,27078,0.18653297424316406,0.6270833333333333,1785249996.617897
14,27079,0.2286141961812973,0.6330645161290323,1785249996.7317355
14,27080,0.1629202663898468,0.6416015625,1785249996.848732
14,27081,0.3953174948692322,0.646780303030303,1785249996.965542
14,27082,0.24015367031097412,0.6479779411764706,1785249997.0905719
14,27083,0.1445840746164322,0.65625,1785249997.2057047
14,27084,0.4600849747657776,0.65625,1785249997.3257911
14,27085,0.27972355484962463,0.6596283783783784,1785249997.439685
14,27086,0.21850073337554932,0.6644736842105263,1785249997.5657108
14,27087,0.19060111045837402,0.6698717948717948,1785249997.6891923
14,27088,0.28995710611343384,0.67109375,1785249997.8106244
14,27089,0.32556888461112976,0.6714939024390244,1785249997.924956
14,27090,0.24346384406089783,0.671875,1785249998.0499494
14,27091,0.24145163595676422,0.6620639534883721,1785249998.1709955
14,27092,0.1664257049560547,0.6669034090909091,1785249998.29256
14,27093,0.20371222496032715,0.6694444444444444,1785249998.4072711
14,27094,0.31694352626800537,0.6589673913043478,1785249998.521752
14,27095,0.24004191160202026,0.660904255319149,1785249998.6598716
14,27096,0.35988470911979675,0.6647135416666666,1785249998.7965043
14,27097,0.5088378190994263,0.6549744897959183,1785249998.9345956
14,27098,0.18015441298484802,0.658125,1785249999.0716057
14,27099,0.35089877247810364,0.6513480392156863,1785249999.2082596
14,27100,0.25285691022872925,0.6556490384615384,1785249999.3438408
14,27101,0.4452144503593445,0.6580188679245284,1785249999.4792125
14,27102,0.5073742270469666,0.6568287037037037,1785249999.6017766
14,27103,0.21772097051143646,0.6482954545454546,1785249999.717986
14,27104,0.15697705745697021,0.6534598214285714,1785249999.8311114
14,27105,0.47996795177459717,0.6546052631578947,1785249999.9567473
14,27106,0.28847959637641907,0.6567887931034483,1785250000.0788646
14,27107,0.31561967730522156,0.659957627118644,1785250000.195936
14,27108,0.2995947599411011,0.653125,1785250000.3210404
14,27109,0.32511791586875916,0.6465163934426229,1785250000.4370916
14,27110,0.350653737783432,0.640625,1785250000.5626132
14,27111,0.49484944343566895,0.6344246031746031,1785250000.6888914
14,27112,0.24532708525657654,0.6376953125,1785250000.815252
14,27113,0.336336225271225,0.63125,1785250000.93696
14,27114,0.27409297227859497,0.634469696969697,1785250001.0516129
14,27115,0.278943806886673,0.636660447761194,1785250001.1657546
14,27116,0.2675476670265198,0.6383272058823529,1785250001.279797
14,27117,0.19090156257152557,0.6413043478260869,1785250001.4036984
14,27118,0.1681709885597229,0.6441964285714286,1785250001.5180273
14,27119,0.23519858717918396,0.6465669014084507,1785250001.638537
14,27120,0.3199150264263153,0.6488715277777778,1785250001.761067
14,27121,0.2486778050661087,0.6519691780821918,1785250001.884804
14,27122,0.3135491609573364,0.6465371621621622,1785250002.009065
14,27123,0.2906001806259155,0.6479166666666667,1785250002.124449
14,27124,0.5334253311157227,0.641858552631579,1785250002.2390049
14,27125,0.623936116695404,0.640827922077922,1785250002.3573782
14,27126,0.17712560296058655,0.6434294871794872,1785250002.473238
14,27127,0.18152716755867004,0.6459651898734177,1785250002.5978303
14,27128,0.1728070229291916,0.64765625,1785250002.7122405
14,27129,0.2651253640651703,0.6489197530864198,1785250002.8402221
14,27130,0.5730127096176147,0.6497713414634146,1785250002.9568093
14,27131,0.19991160929203033,0.6506024096385542,1785250003.0721269
14,27132,0.27051112055778503,0.6462053571428571,1785250003.193617
14,27133,0.3676794767379761,0.6481617647058824,1785250003.3133183
14,27134,0.5678602457046509,0.6446220930232558,1785250003.4270582
14,27135,0.37526535987854004,0.646551724137931,1785250003.5498712
14,27136,0.5462369918823242,0.6466619318181818,1785250003.6635792
14,27137,0.21960897743701935,0.6495786516853933,1785250003.7758565
14,27138,0.28127026557922363,0.6506944444444445,1785250003.8914616
14,27139,0.39081254601478577,0.6500686813186813,1785250004.0057998
15,27140,0.17638573050498962,0.875,1785250005.5827887
15,27141,0.1824532151222229,0.859375,1785250005.6964467
15,27142,0.30588269233703613,0.8125,1785250005.815945
15,27143,0.5882744789123535,0.765625,1785250005.9323142
15,27144,0.2294752597808838,0.775,1785250006.0475905
15,27145,0.3395366370677948,0.7760416666666666,1785250006.1669946
15,27146,0.2796579599380493,0.7767857142857143,1785250006.2928665
15,27147,0.1804891675710678,0.71875,1785250006.4075494
15,27148,0.26934921741485596,0.6666666666666666,1785250006.5217385
15,27149,0.290798157453537,0.678125,1785250006.6451426
15,27150,0.2613779604434967,0.6903409090909091,1785250006.7630835
15,27151,0.33983686566352844,0.6588541666666666,1785250006.8772075
15,27152,0.28006550669670105,0.6658653846153846,1785250006.9914064
15,27153,0.3918452858924866,0.671875,1785250007.1060517
15,27154,0.1870751529932022,0.6854166666666667,1785250007.2231483
15,27155,0.3340965807437897,0.681640625,1785250007.3452227
15,27156,0.34292587637901306,0.6580882352941176,1785250007.4634192
15,27157,0.19076834619045258,0.6631944444444444,1785250007.5766008
15,27158,0.19868111610412598,0.6743421052631579,1785250007.6907632
15,27159,0.1686941385269165,0.6796875,1785250007.8047738
15,27160,0.17762109637260437,0.6875,1785250007.9178877
15,27161,0.23901259899139404,0.6931818181818182,1785250008.031086
15,27162,0.5138276219367981,0.6983695652173914,1785250008.1451542
15,27163,0.2161998450756073,0.6809895833333334,1785250008.2594888
15,27164,0.25840267539024353,0.6625,1785250008.3808186
15,27165,0.21318243443965912,0.6670673076923077,1785250008.5031345
15,27166,0.1790095567703247,0.6724537037037037,1785250008.623764
15,27167,0.4119464159011841,0.6774553571428571,1785250008.7383034
15,27168,0.21351832151412964,0.6616379310344828,1785250008.8522687
15,27169,0.662540078163147,0.6552083333333333,1785250008.9747388
15,27170,0.4594370126724243,0.6592741935483871,1785250009.088986
15,27171,0.4451574683189392,0.662109375,1785250009.2171483
15,27172,0.2963144779205322,0.6638257575757576,1785250009.343215
15,27173,0.4056800603866577,0.6681985294117647,1785250009.4601026
15,27174,0.2155900001525879,0.66875,1785250009.575521
15,27175,0.17290517687797546,0.6762152777777778,1785250009.6910844
15,27176,0.2799987196922302,0.6655405405405406,1785250009.809411
15,27177,0.1978529393672943,0.6702302631578947,1785250009.9310951
15,27178,0.3107635974884033,0.6738782051282052,1785250010.0451999
15,27179,0.2421892285346985,0.67734375,1785250010.1633248
15,27180,0.1675570160150528,0.6814024390243902,1785250010.2787209
15,27181,0.22245639562606812,0.6845238095238095,1785250010.3924649
15,27182,0.32105767726898193,0.6736918604651163,1785250010.5091758
15,27183,0.5131051540374756,0.6725852272727273,1785250010.6293397
15,27184,0.18870294094085693,0.6756944444444445,1785250010.745845
15,27185,0.3216966688632965,0.6677989130434783,1785250010.8720186
15,27186,0.309630811214447,0.6675531914893617,1785250010.9865792
15,27187,0.31490856409072876,0.6653645833333334,1785250011.0999045
15,27188,0.25320690870285034,0.6581632653061225,1785250011.2194324
15,27189,0.1750977337360382,0.661875,1785250011.3391693
15,27190,0.1730285882949829,0.664828431372549,1785250011.458825
15,27191,0.2820654511451721,0.6670673076923077,1785250011.574793
15,27192,0.33865559101104736,0.6580188679245284,1785250011.6899774
15,27193,0.2249748408794403,0.6614583333333334,1785250011.8133998
15,27194,0.24978508055210114,0.6539772727272727,1785250011.9312148
15,27195,0.2943759262561798,0.65625,1785250012.0533075
15,27196,0.27268728613853455,0.6474780701754386,1785250012.1772738
15,27197,0.25981518626213074,0.6492456896551724,1785250012.2923236
15,27198,0.24753935635089874,0.6509533898305084,1785250012.4070065
15,27199,0.2612764239311218,0.6520833333333333,1785250012.5270038
15,27200,0.25333693623542786,0.6470286885245902,1785250012.6448343
15,27201,0.5305198431015015,0.6446572580645161,1785250012.7630215
15,27202,0.22846221923828125,0.6483134920634921,1785250012.8913457
15,27203,0.24604712426662445,0.64892578125,1785250013.0066519
15,27204,0.26397183537483215,0.6504807692307693,1785250013.1222603
15,27205,0.3949689269065857,0.6510416666666666,1785250013.2503886
15,27206,0.5530558824539185,0.6469216417910447,1785250013.3656824
15,27207,0.20386472344398499,0.6502757352941176,1785250013.4852412
15,27208,0.3010505437850952,0.6521739130434783,1785250013.5993311
15,27209,0.2639923691749573,0.6522321428571428,1785250013.7144563
15,27210,0.2684207260608673,0.6540492957746479,1785250013.837957
15,27211,0.19769880175590515,0.6575520833333334,1785250013.9545774
15,27212,0.3824177384376526,0.6566780821917808,1785250014.0773318
15,27213,0.4327705204486847,0.6579391891891891,1785250014.1945686
15,27214,0.274602472782135,0.6595833333333333,1785250014.308429
15,27215,0.21331778168678284,0.662828947368421,1785250014.4303286
15,27216,0.3398169279098511,0.663961038961039,1785250014.5433712
15,27217,0.1808534860610962,0.6590544871794872,1785250014.665584
15,27218,0.22648552060127258,0.6606012658227848,1785250014.77837
15,27219,0.33522534370422363,0.661328125,1785250014.8996923
15,27220,0.2737409174442291,0.6631944444444444,1785250015.0139112
15,27221,0.43852049112319946,0.6573932926829268,1785250015.134175
15,27222,0.22914034128189087,0.6607680722891566,1785250015.249359
15,27223,0.21326979994773865,0.6629464285714286,1785250015.3631356
15,27224,0.1615174412727356,0.6661764705882353,1785250015.4823267
15,27225,0.2838885188102722,0.6675145348837209,1785250015.5976138
15,27226,0.35382893681526184,0.6684626436781609,1785250015.714666
15,27227,0.21439160406589508,0.6700994318181818,1785250015.8270874
15,27228,0.296408087015152,0.6724016853932584,1785250015.9391956
15,27229,0.2324419915676117,0.6739583333333333,1785250016.0555735
15,27230,0.22468027472496033,0.6754807692307693,1785250016.1681087
16,27231,0.18141700327396393,0.84375,1785250017.7329626
16,27232,0.2152462899684906,0.890625,1785250017.846096
16,27233,0.2935806214809418,0.8645833333333334,1785250017.9639394
16,27234,0.5289223194122314,0.8125,1785250018.0926049
16,27235,0.596463680267334,0.70625,1785250018.2142508
16,27236,0.20289409160614014,0.7135416666666666,1785250018.337039
16,27237,0.5393768548965454,0.7053571428571429,1785250018.4587102
16,27238,0.303287148475647,0.70703125,1785250018.5874848
16,27239,0.3217571973800659,0.7118055555555556,1785250018.705646
16,27240,0.1719786524772644,0.725,1785250018.8258302
16,27241,0.3001738488674164,0.6676136363636364,1785250018.9452584
16,27242,0.23532676696777344,0.6692708333333334,1785250019.0602415
16,27243,0.1670302301645279,0.6322115384615384,1785250019.1806583
16,27244,0.21300213038921356,0.6450892857142857,1785250019.295626
16,27245,0.29452136158943176,0.6520833333333333,1785250019.4099152
16,27246,0.21028459072113037,0.66015625,1785250019.526531
16,27247,0.5058846473693848,0.6507352941176471,1785250019.6420681
16,27248,0.2955365777015686,0.6597222222222222,1785250019.7578504
16,27249,0.13310270011425018,0.6726973684210527,1785250019.8725002
16,27250,0.22398243844509125,0.65625,1785250019.9877064
16,27251,0.29308632016181946,0.6532738095238095,1785250020.1090546
16,27252,0.13216866552829742,0.6661931818181818,1785250020.2290792
16,27253,0.18558530509471893,0.6711956521739131,1785250020.3497343
16,27254,0.20435164868831635,0.6770833333333334,1785250020.4694648
16,27255,0.13986673951148987,0.68625,1785250020.590577
16,27256,0.31628671288490295,0.6887019230769231,1785250020.7119486
16,27257,0.21487613022327423,0.6909722222222222,1785250020.8329172
16,27258,0.3253059983253479,0.6741071428571429,1785250020.952944
16,27259,0.27116963267326355,0.6594827586206896,1785250021.072559
16,27260,0.20044147968292236,0.6666666666666666,1785250021.191172
16,27261,0.14887697994709015,0.6754032258064516,1785250021.3091304
16,27262,0.2561785578727722,0.6806640625,1785250021.4271715
16,27263,0.46825602650642395,0.6789772727272727,1785250021.54669
16,27264,0.31459999084472656,0.6810661764705882,1785250021.6661227
16,27265,0.2005559802055359,0.6830357142857143,1785250021.7918386
16,27266,0.31986114382743835,0.6892361111111112,1785250021.913875
16,27267,0.31542128324508667,0.6900337837837838,1785250022.0327547
16,27268,0.25518274307250977,0.6907894736842105,1785250022.152558
16,27269,0.251461923122406,0.6939102564102564,1785250022.2803185
16,27270,0.5156586170196533,0.6953125,1785250022.4075418
16,27271,0.18282531201839447,0.6989329268292683,1785250022.525463
16,27272,0.2742161154747009,0.6912202380952381,1785250022.6518857
16,27273,0.2982747256755829,0.6911337209302325,1785250022.7785242
16,27274,0.21548931300640106,0.6946022727272727,1785250022.8975954
16,27275,0.3033369183540344,0.6972222222222222,1785250023.0273147
16,27276,0.36181700229644775,0.6922554347826086,1785250023.1517355
16,27277,0.20206278562545776,0.6961436170212766,1785250023.2741296
16,27278,0.2877179682254791,0.69921875,1785250023.3932061
16,27279,0.3415147364139557,0.6983418367346939,1785250023.511009
16,27280,0.3039814829826355,0.699375,1785250023.6385086
16,27281,0.29760634899139404,0.7015931372549019,1785250023.7628462
16,27282,0.13022156059741974,0.7055288461538461,1785250023.886071
16,27283,0.23629455268383026,0.6981132075471698,1785250024.005243
16,27284,0.16582952439785004,0.7002314814814815,1785250024.1266654
16,27285,0.29231154918670654,0.7011363636363637,1785250024.2527428
16,27286,0.28795871138572693,0.703125,1785250024.3716714
16,27287,0.1686449944972992,0.7066885964912281,1785250024.4914181
16,27288,0.16739316284656525,0.7085129310344828,1785250024.6197243
16,27289,0.31444722414016724,0.7018008474576272,1785250024.739603
16,27290,0.19828665256500244,0.703125,1785250024.8631759
16,27291,0.2509726881980896,0.6967213114754098,1785250024.9821343
16,27292,0.5834999680519104,0.6920362903225806,1785250025.110993
16,27293,0.2273693084716797,0.6924603174603174,1785250025.2283251
16,27294,0.2320203334093094,0.6943359375,1785250025.348174
16,27295,0.27448564767837524,0.6971153846153846,1785250025.475646
16,27296,0.16291800141334534,0.6998106060606061,1785250025.6028388
16,27297,0.4172113239765167,0.6916977611940298,1785250025.7221653
16,27298,0.14574022591114044,0.6948529411764706,1785250025.840486
16,27299,0.16642266511917114,0.6893115942028986,1785250025.9697764
16,27300,0.24318762123584747,0.6888392857142858,1785250026.089967
16,27301,0.17330233752727509,0.6822183098591549,1785250026.2092907
16,27302,0.5308142304420471,0.6762152777777778,1785250026.3356106
16,27303,0.42243489623069763,0.6772260273972602,1785250026.4633598
16,27304,0.16634279489517212,0.6807432432432432,1785250026.5815353
16,27305,0.2160639464855194,0.6833333333333333,1785250026.7002041
16,27306,0.19167658686637878,0.6854440789473685,1785250026.821023
16,27307,0.3198980987071991,0.6777597402597403,1785250026.940059
16,27308,0.23303508758544922,0.6798878205128205,1785250027.0591533
16,27309,0.35837894678115845,0.6772151898734177,1785250027.1783879
16,27310,0.4664705991744995,0.67890625,1785250027.2971573
16,27311,0.514020562171936,0.6732253086419753,1785250027.4168825
16,27312,0.23154476284980774,0.6680640243902439,1785250027.5384963
16,27313,0.22002533078193665,0.6698042168674698,1785250027.6574657
16,27314,0.21903914213180542,0.6722470238095238,1785250027.7760143
16,27315,0.4398471713066101,0.6676470588235294,1785250027.8949952
16,27316,0.4408954381942749,0.6624273255813954,1785250028.0134466
16,27317,0.25042206048965454,0.6645114942528736,1785250028.1315265
16,27318,0.23282267153263092,0.6647727272727273,1785250028.2491653
16,27319,0.20120230317115784,0.6674859550561798,1785250028.3674026
16,27320,0.31016984581947327,0.6684027777777778,1785250028.4869947
16,27321,0.42998403310775757,0.6696428571428571,1785250028.6063004
17,27322,0.18012988567352295,0.8125,1785250030.1970665
17,27323,0.2799396812915802,0.796875,1785250030.3164816
17,27324,0.2334139496088028,0.7604166666666666,1785250030.4359028
17,27325,0.18731488287448883,0.7890625,1785250030.5546257
17,27326,0.15227484703063965,0.81875,1785250030.6740184
17,27327,0.2819034457206726,0.796875,1785250030.792432
17,27328,0.17854860424995422,0.8125,1785250030.923185
17,27329,0.2822929322719574,0.74609375,1785250031.0434496
17,27330,0.3321805000305176,0.7569444444444444,1785250031.1625168
17,27331,0.284496009349823,0.76875,1785250031.2819803
17,27332,0.3143533766269684,0.7272727272727273,1785250031.4019897
17,27333,0.23539002239704132,0.7317708333333334,1785250031.5210528
17,27334,0.6031041145324707,0.7115384615384616,1785250031.6400006
17,27335,0.21949364244937897,0.7165178571428571,1785250031.7600415
17,27336,0.24586041271686554,0.725,1785250031.877642
17,27337,0.23915539681911469,0.728515625,1785250031.9961922
17,27338,0.25250062346458435,0.7297794117647058,1785250032.114724
17,27339,0.4931711256504059,0.7239583333333334,1785250032.2343934
17,27340,0.2783278226852417,0.7286184210526315,1785250032.3583965
17,27341,0.1922088861465454,0.7328125,1785250032.4778857
17,27342,0.2952542006969452,0.7321428571428571,1785250032.6041348
17,27343,0.16680961847305298,0.7400568181818182,1785250032.725144
17,27344,0.5031276941299438,0.720108695652174,1785250032.847961
17,27345,0.20400920510292053,0.7265625,1785250032.9676416
17,27346,0.3141216039657593,0.7275,1785250033.0974948
17,27347,0.3015654385089874,0.7247596153846154,1785250033.2190173
17,27348,0.281588077545166,0.7256944444444444,1785250033.3461688
17,27349,0.3482009768486023,0.7265625,1785250033.4636223
17,27350,0.2141188383102417,0.7306034482758621,1785250033.5901518
17,27351,0.21022002398967743,0.73125,1785250033.7144675
17,27352,0.1615629345178604,0.7348790322580645,1785250033.8323257
17,27353,0.23722276091575623,0.7197265625,1785250033.9521263
17,27354,0.19975252449512482,0.7234848484848485,1785250034.0760052
17,27355,0.22976720333099365,0.7270220588235294,1785250034.1979656
17,27356,0.4783190190792084,0.7276785714285714,1785250034.3252175
17,27357,0.47665703296661377,0.7135416666666666,1785250034.4441197
17,27358,0.5866867303848267,0.714527027027027,1785250034.5671604
17,27359,0.2787674367427826,0.71875,1785250034.6894572
17,27360,0.324162095785141,0.7043269230769231,1785250034.8083708
17,27361,0.4392554759979248,0.69453125,1785250034.9360952
17,27362,0.15662769973278046,0.6974085365853658,1785250035.0617359
17,27363,0.28103119134902954,0.6889880952380952,1785250035.181406
17,27364,0.6597291827201843,0.6802325581395349,1785250035.3011725
17,27365,0.2411310374736786,0.6832386363636364,1785250035.422086
17,27366,0.1889844387769699,0.6875,1785250035.540408
17,27367,0.21358200907707214,0.6902173913043478,1785250035.667737
17,27368,0.21217280626296997,0.6795212765957447,1785250035.7883775
17,27369,0.24505770206451416,0.681640625,1785250035.9063518
17,27370,0.297039657831192,0.6753826530612245,1785250036.034312
17,27371,0.6084973216056824,0.6775,1785250036.1588166
17,27372,0.24160170555114746,0.6795343137254902,1785250036.2784173
17,27373,0.557013213634491,0.6778846153846154,1785250036.401641
17,27374,0.26156866550445557,0.6816037735849056,1785250036.5196748
17,27375,0.221967414021492,0.6828703703703703,1785250036.6466181
17,27376,0.297569215297699,0.6789772727272727,1785250036.7714634
17,27377,0.1920021027326584,0.6808035714285714,1785250036.8972845
17,27378,0.4735499620437622,0.6831140350877193,1785250037.0154853
17,27379,0.3718448281288147,0.6842672413793104,1785250037.1376693
17,27380,0.24406728148460388,0.6875,1785250037.2620287
17,27381,0.19010305404663086,0.6901041666666666,1785250037.3829694
17,27382,0.1734052449464798,0.6823770491803278,1785250037.5117316
17,27383,0.2300490140914917,0.6834677419354839,1785250037.62957
17,27384,0.2294493466615677,0.6865079365079365,1785250037.756186
17,27385,0.4021981656551361,0.68798828125,1785250037.8743446
17,27386,0.376499742269516,0.6879807692307692,1785250037.9932299
17,27387,0.2658165395259857,0.6818181818181818,1785250038.1135144
17,27388,0.2530505955219269,0.683768656716418,1785250038.2328389
17,27389,0.4121687412261963,0.6778492647058824,1785250038.3522146
17,27390,0.15049830079078674,0.6807065217391305,1785250038.4725225
17,27391,0.24198615550994873,0.6732142857142858,1785250038.5934188
17,27392,0.27258962392807007,0.6742957746478874,1785250038.7223513
17,27393,0.16924414038658142,0.6779513888888888,1785250038.84975
17,27394,0.24260473251342773,0.6797945205479452,1785250038.968241
17,27395,0.17803318798542023,0.6722972972972973,1785250039.091825
17,27396,0.21709389984607697,0.6679166666666667,1785250039.2165816
17,27397,0.32972097396850586,0.6632401315789473,1785250039.346337
17,27398,0.17995193600654602,0.6651785714285714,1785250039.4731858
17,27399,0.22281119227409363,0.6606570512820513,1785250039.6038814
17,27400,0.431774377822876,0.6613924050632911,1785250039.7233038
17,27401,0.22444120049476624,0.655078125,1785250039.8429718
17,27402,0.23197728395462036,0.6570216049382716,1785250039.9610562
17,27403,0.2149237096309662,0.6589176829268293,1785250040.0898757
17,27404,0.21721738576889038,0.661144578313253,1785250040.2167828
17,27405,0.22557318210601807,0.6633184523809523,1785250040.3356903
17,27406,0.260698139667511,0.6573529411764706,1785250040.4548023
17,27407,0.2307336926460266,0.6587936046511628,1785250040.5737355
17,27408,0.1687377542257309,0.6605603448275862,1785250040.6918347
17,27409,0.5305061936378479,0.6612215909090909,1785250040.80966
17,27410,0.20749352872371674,0.6625702247191011,1785250040.9270792
17,27411,0.19244323670864105,0.6635416666666667,1785250041.0454583
17,27412,0.22294172644615173,0.657967032967033,1785250041.1637223
18,27413,0.339246928691864,0.84375,1785250042.736134
18,27414,0.18499043583869934,0.875,1785250042.8543851
18,27415,0.45643895864486694,0.7083333333333334,1785250042.9743235
18,27416,0.24366162717342377,0.734375,1785250043.104213
18,27417,0.19504959881305695,0.75625,1785250043.2222505
18,27418,0.13037598133087158,0.7708333333333334,1785250043.3411636
18,27419,0.3921564221382141,0.7767857142857143,1785250043.4602149
18,27420,0.20468197762966156,0.77734375,1785250043.5791123
18,27421,0.28706175088882446,0.7638888888888888,1785250043.698806
18,27422,0.2850818634033203,0.709375,1785250043.8177896
18,27423,0.17870016396045685,0.7272727272727273,1785250043.9476237
18,27424,0.2263736128807068,0.734375,1785250044.0650918
18,27425,0.28101846575737,0.7451923076923077,1785250044.1864545
18,27426,0.4915611147880554,0.7098214285714286,1785250044.3172193
18,27427,0.20655712485313416,0.675,1785250044.43624
18,27428,0.41403311491012573,0.685546875,1785250044.555412
18,27429,0.16990770399570465,0.6893382352941176,1785250044.6741257
18,27430,0.6533812880516052,0.6822916666666666,1785250044.7930732
18,27431,0.18965451419353485,0.6875,1785250044.911817
18,27432,0.23698394000530243,0.6921875,1785250045.0300705
18,27433,0.21407251060009003,0.6994047619047619,1785250045.1494856
18,27434,0.48169440031051636,0.6846590909090909,1785250045.2694592
18,27435,0.1739366501569748,0.688858695652174,1785250045.388973
18,27436,0.19988733530044556,0.6940104166666666,1785250045.5079508
18,27437,0.1525878608226776,0.7,1785250045.6357927
18,27438,0.19097615778446198,0.7067307692307693,1785250045.7568011
18,27439,0.4700503945350647,0.6886574074074074,1785250045.8866847
18,27440,0.2476177215576172,0.6752232142857143,1785250046.0108893
18,27441,0.3620840013027191,0.6788793103448276,1785250046.1387274
18,27442,0.2230619341135025,0.6802083333333333,1785250046.2561607
18,27443,0.2389397770166397,0.6834677419354839,1785250046.3763146
18,27444,0.22057673335075378,0.6865234375,1785250046.506009
18,27445,0.16127216815948486,0.6931818181818182,1785250046.6272678
18,27446,0.15517759323120117,0.7012867647058824,1785250046.7565851
18,27447,0.1563488394021988,0.7044642857142858,1785250046.8845277
18,27448,0.2825918197631836,0.7039930555555556,1785250047.013435
18,27449,0.1931959092617035,0.7077702702702703,1785250047.131586
18,27450,0.45495930314064026,0.7055921052631579,1785250047.250465
18,27451,0.21987904608249664,0.7083333333333334,1785250047.3683972
18,27452,0.1491306722164154,0.7125,1785250047.4872842
18,27453,0.21143609285354614,0.7157012195121951,1785250047.6064177
18,27454,0.23669388890266418,0.7165178571428571,1785250047.7244606
18,27455,0.2691669464111328,0.71875,1785250047.8432097
18,27456,0.37574502825737,0.7088068181818182,1785250047.9626884
18,27457,0.6625169515609741,0.6972222222222222,1785250048.0819592
18,27458,0.1831042617559433,0.7004076086956522,1785250048.2077458
18,27459,0.42642372846603394,0.6934840425531915,1785250048.3279655
18,27460,0.5423091650009155,0.6888020833333334,1785250048.4473941
18,27461,0.36908137798309326,0.6906887755102041,1785250048.567514
18,27462,0.22533828020095825,0.693125,1785250048.6866808
18,27463,0.3075578212738037,0.6966911764705882,1785250048.8068182
18,27464,0.28120583295822144,0.6983173076923077,1785250048.927115
18,27465,0.27173978090286255,0.7010613207547169,1785250049.0456583
18,27466,0.14206315577030182,0.7048611111111112,1785250049.1605873
18,27467,0.1819319725036621,0.7068181818181818,1785250049.2809722
18,27468,0.4015378952026367,0.6964285714285714,1785250049.4007413
18,27469,0.21164752542972565,0.6984649122807017,1785250049.5141222
18,27470,0.3884214758872986,0.7009698275862069,1785250049.6378577
18,27471,0.468930184841156,0.7018008474576272,1785250049.7518616
18,27472,0.28417783975601196,0.6927083333333334,1785250049.8739262
18,27473,0.22879658639431,0.6936475409836066,1785250049.9888802
18,27474,0.21946275234222412,0.6875,1785250050.114585
18,27475,0.24275928735733032,0.6889880952380952,1785250050.230503
18,27476,0.3063735365867615,0.68896484375,1785250050.3732011
18,27477,0.21792840957641602,0.6841346153846154,1785250050.5081644
18,27478,0.4951167106628418,0.6875,1785250050.645627
18,27479,0.20461738109588623,0.6893656716417911,1785250050.7834475
18,27480,0.5271340608596802,0.6810661764705882,1785250050.9074557
18,27481,0.1995076984167099,0.6825181159420289,1785250051.0288954
18,27482,0.2539791166782379,0.6857142857142857,1785250051.145949
18,27483,0.22974389791488647,0.6875,1785250051.2624433
18,27484,0.25116920471191406,0.6879340277777778,1785250051.3762302
18,27485,0.28071144223213196,0.6896404109589042,1785250051.4908247
18,27486,0.16857299208641052,0.6921452702702703,1785250051.604574
18,27487,0.28857526183128357,0.6941666666666667,1785250051.7180526
18,27488,0.37367409467697144,0.696546052631579,1785250051.8325462
18,27489,0.21458099782466888,0.6992694805194806,1785250051.9458234
18,27490,0.26623690128326416,0.7007211538461539,1785250052.0605896
18,27491,0.25925910472869873,0.7013449367088608,1785250052.1736572
18,27492,0.24912023544311523,0.701171875,1785250052.2890844
18,27493,0.21132418513298035,0.7025462962962963,1785250052.4093213
18,27494,0.2742106020450592,0.7035060975609756,1785250052.5374641
18,27495,0.1767798811197281,0.7055722891566265,1785250052.6660423
18,27496,0.1844903975725174,0.7075892857142857,1785250052.789468
18,27497,0.26590240001678467,0.7018382352941176,1785250052.9095886
18,27498,0.3608214259147644,0.7027616279069767,1785250053.025734
18,27499,0.2577018737792969,0.7029454022988506,1785250053.14063
18,27500,0.4760052263736725,0.6977982954545454,1785250053.2547634
18,27501,0.5021676421165466,0.6945224719101124,1785250053.3679044
18,27502,0.15389160811901093,0.6899305555555556,1785250053.4842713
18,27503,0.3186749815940857,0.6905906593406593,1785250053.5995288
19,27504,0.40395617485046387,0.3125,1785250055.19832
19,27505,0.40079227089881897,0.3125,1785250055.3131614
19,27506,0.6007892489433289,0.28125,1785250055.4278538
19,27507,0.2949609160423279,0.40625,1785250055.5499218
19,27508,0.19193290174007416,0.4875,1785250055.663191
19,27509,0.16463465988636017,0.5625,1785250055.776611
19,27510,0.27230775356292725,0.5892857142857143,1785250055.8899186
19,27511,0.40456974506378174,0.61328125,1785250056.0043976
19,27512,0.2212054431438446,0.6284722222222222,1785250056.119082
19,27513,0.26588428020477295,0.653125,1785250056.2366064
19,27514,0.30677706003189087,0.6164772727272727,1785250056.3509958
19,27515,0.21144908666610718,0.6328125,1785250056.4643567
19,27516,0.2958238422870636,0.6442307692307693,1785250056.5782216
19,27517,0.20004063844680786,0.65625,1785250056.7011347
19,27518,0.40942203998565674,0.6625,1785250056.8146114
19,27519,0.2641388177871704,0.671875,1785250056.9291368
19,27520,0.4535897970199585,0.6783088235294118,1785250057.0435584
19,27521,0.23667749762535095,0.6857638888888888,1785250057.1569343
19,27522,0.5796622037887573,0.6858552631578947,1785250057.2708416
19,27523,0.17076709866523743,0.6953125,1785250057.391732
19,27524,0.2380155324935913,0.6979166666666666,1785250057.5073662
19,27525,0.16897083818912506,0.6903409090909091,1785250057.621983
19,27526,0.27340584993362427,0.6929347826086957,1785250057.7352576
19,27527,0.5922473669052124,0.69140625,1785250057.8497493
19,27528,0.16964808106422424,0.70125,1785250057.9630263
19,27529,0.5482927560806274,0.6814903846153846,1785250058.0772722
19,27530,0.19244574010372162,0.6875,1785250058.1905444
19,27531,0.31369900703430176,0.6863839285714286,1785250058.3135111
19,27532,0.16153402626514435,0.6939655172413793,1785250058.427687
19,27533,0.33604633808135986,0.684375,1785250058.5431623
19,27534,0.6242777109146118,0.6733870967741935,1785250058.668312
19,27535,0.1556960642337799,0.6787109375,1785250058.7828088
19,27536,0.24315950274467468,0.6818181818181818,1785250058.9068866
19,27537,0.17933222651481628,0.6865808823529411,1785250059.0260417
19,27538,0.19209229946136475,0.69375,1785250059.1406722
19,27539,0.2377481460571289,0.6979166666666666,1785250059.254553
19,27540,0.21092578768730164,0.7010135135135135,1785250059.3758874
19,27541,0.3318690061569214,0.6907894736842105,1785250059.4907637
19,27542,0.2640240788459778,0.6907051282051282,1785250059.6125665
19,27543,0.21330824494361877,0.6953125,1785250059.7302752
19,27544,0.2415473759174347,0.6974085365853658,1785250059.8494055
19,27545,0.3102053999900818,0.6986607142857143,1785250059.971801
19,27546,0.22423380613327026,0.7013081395348837,1785250060.0960603
19,27547,0.18414892256259918,0.7052556818181818,1785250060.212267
19,27548,0.24907301366329193,0.7069444444444445,1785250060.3328865
19,27549,0.2513693571090698,0.7099184782608695,1785250060.4507985
19,27550,0.33708685636520386,0.7107712765957447,1785250060.5678613
19,27551,0.5552624464035034,0.7109375,1785250060.6916425
19,27552,0.35603711009025574,0.7123724489795918,1785250060.813331
19,27553,0.2185850739479065,0.715625,1785250060.9340951
19,27554,0.14799876511096954,0.7181372549019608,1785250061.0484807
19,27555,0.17648088932037354,0.7199519230769231,1785250061.162245
19,27556,0.5998719930648804,0.7140330188679245,1785250061.2850292
19,27557,0.47189396619796753,0.7054398148148148,1785250061.4147754
19,27558,0.39245450496673584,0.6988636363636364,1785250061.5299034
19,27559,0.37182143330574036,0.6897321428571429,1785250061.6521213
19,27560,0.2672889828681946,0.6814692982456141,1785250061.7812085
19,27561,0.2158079296350479,0.6734913793103449,1785250061.9014084
19,27562,0.41436344385147095,0.6684322033898306,1785250062.0227816
19,27563,0.21299950778484344,0.6713541666666667,1785250062.1417637
19,27564,0.15652813017368317,0.6746926229508197,1785250062.2616985
19,27565,0.3020682632923126,0.6759072580645161,1785250062.3927715
19,27566,0.17209209501743317,0.6790674603174603,1785250062.516248
19,27567,0.16890892386436462,0.68115234375,1785250062.6429489
19,27568,0.17923884093761444,0.6725961538461539,1785250062.7700694
19,27569,0.37702029943466187,0.665719696969697,1785250062.8981962
19,27570,0.3406142592430115,0.6609141791044776,1785250063.018534
19,27571,0.2240452617406845,0.6640625,1785250063.143029
19,27572,0.26128289103507996,0.6648550724637681,1785250063.2703998
19,27573,0.6080007553100586,0.6589285714285714,1785250063.3909097
19,27574,0.27853137254714966,0.6597711267605634,1785250063.510248
19,27575,0.21015730500221252,0.6610243055555556,1785250063.628331
19,27576,0.22925309836864471,0.6566780821917808,1785250063.7433226
19,27577,0.28933554887771606,0.653293918918919,1785250063.858334
19,27578,0.1327754408121109,0.6558333333333334,1785250063.9808536
19,27579,0.16994446516036987,0.6595394736842105,1785250064.0947976
19,27580,0.5072041749954224,0.6546266233766234,1785250064.2172787
19,27581,0.24119918048381805,0.655448717948718,1785250064.332973
19,27582,0.15401697158813477,0.6590189873417721,1785250064.4475756
19,27583,0.5806844830513,0.65546875,1785250064.5625122
19,27584,0.13918623328208923,0.6589506172839507,1785250064.6777248
19,27585,0.21345655620098114,0.6547256097560976,1785250064.793572
19,27586,0.8743261098861694,0.6566265060240963,1785250064.9124024
19,27587,0.2002689391374588,0.6595982142857143,1785250065.026618
19,27588,0.21640968322753906,0.6555147058823529,1785250065.1491973
19,27589,0.17302925884723663,0.6580668604651163,1785250065.2623556
19,27590,0.20765872299671173,0.6594827586206896,1785250065.374602
19,27591,0.2512848377227783,0.6605113636363636,1785250065.490519
19,27592,0.2909276485443115,0.6622191011235955,1785250065.6053443
19,27593,0.3626824915409088,0.659375,1785250065.72306
19,27594,0.35779592394828796,0.6617445054945055,1785250065.842933
