epoch,step,batch_loss,running_acc,timestamp
0,1,0.6733516454696655,0.390625,1786434635.4682891
0,2,0.7806234359741211,0.3203125,1786434635.6270518
0,3,0.7378863096237183,0.3020833333333333,1786434635.7837975
0,4,0.7671963572502136,0.26953125,1786434635.940779
0,5,0.7105880379676819,0.275,1786434636.095849
0,6,0.8258810043334961,0.2760416666666667,1786434636.251084
0,7,0.7672047019004822,0.27232142857142855,1786434636.4067473
0,8,0.720628023147583,0.265625,1786434636.5665603
0,9,0.8092131614685059,0.2569444444444444,1786434636.731197
0,10,0.7396034002304077,0.259375,1786434636.8911257
0,11,0.7394872903823853,0.265625,1786434637.0516982
0,12,0.6974083781242371,0.26171875,1786434637.2079327
0,13,0.7147358059883118,0.2608173076923077,1786434637.3724396
0,14,0.7577542662620544,0.25669642857142855,1786434637.5354114
0,15,0.652198851108551,0.25729166666666664,1786434637.731026
0,16,0.7051849961280823,0.2587890625,1786434637.8897042
0,17,0.7074496150016785,0.25919117647058826,1786434638.049544
0,18,0.6790273189544678,0.2630208333333333,1786434638.2345166
0,19,0.7058653235435486,0.26480263157894735,1786434638.3924115
0,20,0.7141945362091064,0.265625,1786434638.5518658
0,21,0.6838927865028381,0.27157738095238093,1786434638.7123425
0,22,0.7129120230674744,0.27201704545454547,1786434638.873937
0,23,0.7378969192504883,0.2717391304347826,1786434639.0378969
0,24,0.7276302576065063,0.2734375,1786434639.2103224
0,25,0.7330565452575684,0.27375,1786434639.370508
0,26,0.6885544061660767,0.27403846153846156,1786434639.5335295
0,27,0.7075023055076599,0.27199074074074076,1786434639.7336822
0,28,0.7897672057151794,0.27734375,1786434639.8957496
0,29,0.7252368330955505,0.2764008620689655,1786434640.1013336
0,30,0.7081937193870544,0.27447916666666666,1786434640.2815754
0,31,0.7079809904098511,0.27368951612903225,1786434640.4451375
0,32,0.7452134490013123,0.27490234375,1786434640.6328225
0,33,0.6274839043617249,0.27698863636363635,1786434640.794024
0,34,0.661483883857727,0.27941176470588236,1786434640.9653394
0,35,0.6060595512390137,0.28035714285714286,1786434641.152704
0,36,0.7311336994171143,0.2816840277777778,1786434641.315305
0,37,0.7209180593490601,0.2816722972972973,1786434641.4900646
0,38,0.6529841423034668,0.2833059210526316,1786434641.6521745
0,39,0.632187008857727,0.2848557692307692,1786434641.8130827
0,40,0.6802190542221069,0.281640625,1786434641.9794703
0,41,0.7686250805854797,0.28239329268292684,1786434642.1701908
0,42,0.6763818860054016,0.28422619047619047,1786434642.3339965
0,43,0.7338157892227173,0.2852470930232558,1786434642.537699
0,44,0.7065436840057373,0.2823153409090909,1786434642.7388158
0,45,0.7145057320594788,0.2798611111111111,1786434642.9118176
0,46,0.6543053388595581,0.2781929347826087,1786434643.0765076
0,47,0.6767345666885376,0.2752659574468085,1786434643.2706957
0,48,0.7316291332244873,0.2744140625,1786434643.436164
0,49,0.7575740814208984,0.27646683673469385,1786434643.602065
0,50,0.7328077554702759,0.275,1786434643.7703435
0,51,0.7755835652351379,0.2763480392156863,1786434643.9529953
0,52,0.7502551078796387,0.2761418269230769,1786434644.1770494
0,53,0.6811683773994446,0.2780070754716981,1786434644.3723056
0,54,0.6274666786193848,0.27806712962962965,1786434644.5433798
0,55,0.6173602342605591,0.2786931818181818,1786434644.728763
0,56,0.696121096611023,0.2798549107142857,1786434644.8949645
0,57,0.6136683821678162,0.2798793859649123,1786434645.0782132
0,58,0.7251002192497253,0.27801724137931033,1786434645.2449155
0,59,0.6434036493301392,0.2796610169491525,1786434645.4354491
0,60,0.6293990612030029,0.278125,1786434645.6011968
0,61,0.6266801357269287,0.27894467213114754,1786434645.7727857
0,62,0.7026489973068237,0.27973790322580644,1786434645.9382539
0,63,0.6424715518951416,0.28075396825396826,1786434646.1389546
0,64,0.6253864169120789,0.28125,1786434646.4165897
0,65,0.6345099806785583,0.2824519230769231,1786434646.6210558
0,66,0.6884726881980896,0.2831439393939394,1786434646.779178
0,67,0.6807075142860413,0.2833488805970149,1786434646.9410949
0,68,0.6783056259155273,0.28308823529411764,1786434647.1378326
0,69,0.7663297057151794,0.28306159420289856,1786434647.3077776
0,70,0.7809075713157654,0.2828125,1786434647.4979255
0,71,0.7659024000167847,0.2832306338028169,1786434647.6697912
0,72,0.6670082807540894,0.2816840277777778,1786434647.8482614
0,73,0.6729477047920227,0.2816780821917808,1786434648.0499208
0,74,0.6490945816040039,0.2827280405405405,1786434648.2180834
0,75,0.7000070810317993,0.284375,1786434648.3790789
0,76,0.6669846773147583,0.2833059210526316,1786434648.5483084
0,77,0.6092599630355835,0.28348214285714285,1786434648.747486
0,78,0.6842621564865112,0.28365384615384615,1786434648.940561
0,79,0.7397903800010681,0.2834256329113924,1786434649.1039946
0,80,0.713336706161499,0.284765625,1786434649.3041067
0,81,0.7107554078102112,0.2845293209876543,1786434649.4721012
0,82,0.6487219929695129,0.2856326219512195,1786434649.6396365
0,83,0.579031229019165,0.2859563253012048,1786434649.8235264
0,84,0.7109111547470093,0.28720238095238093,1786434650.0067098
0,85,0.6871302127838135,0.28713235294117645,1786434650.1740117
0,86,0.6511754989624023,0.28797238372093026,1786434650.338894
0,87,0.7131779193878174,0.2889727011494253,1786434650.5113618
0,88,0.7253527641296387,0.2892400568181818,1786434650.7107959
0,89,0.7007579207420349,0.2887991573033708,1786434650.8866453
0,90,0.6937822699546814,0.2887152777777778,1786434651.0560908
0,91,0.6443591117858887,0.28846153846153844,1786434651.236025
0,92,0.6867012977600098,0.28804347826086957,1786434651.3979769
0,93,0.6263867616653442,0.2879704301075269,1786434651.5862694
0,94,0.6215412020683289,0.28740026595744683,1786434651.8091917
0,95,0.6430745720863342,0.28717105263157894,1786434651.9738796
0,96,0.6980208158493042,0.2864583333333333,1786434652.1675558
0,97,0.7202088832855225,0.28753221649484534,1786434652.3543067
0,98,0.6129842400550842,0.28762755102040816,1786434652.516355
0,99,0.6429170966148376,0.2881944444444444,1786434652.719692
0,100,0.6244446039199829,0.2884375,1786434652.8859673
0,101,0.647836446762085,0.28867574257425743,1786434653.074594
0,102,0.6671981811523438,0.2884497549019608,1786434653.2364235
0,103,0.6938209533691406,0.28868325242718446,1786434653.472047
0,104,0.658653974533081,0.2893629807692308,1786434653.6821277
0,105,0.6065367460250854,0.28958333333333336,1786434653.8474824
0,106,0.6543189883232117,0.2896521226415094,1786434654.0562
0,107,0.7293140888214111,0.28942757009345793,1786434654.2451723
0,108,0.6365509629249573,0.2899305555555556,1786434654.4299839
0,109,0.640018880367279,0.29114105504587157,1786434654.6197248
0,110,0.6575905084609985,0.2910511363636364,1786434654.7974167
0,111,0.7089155316352844,0.29194819819819817,1786434654.9633343
0,112,0.6506189107894897,0.2915736607142857,1786434655.1361582
0,113,0.7735236287117004,0.2917588495575221,1786434655.317653
0,114,0.6352607607841492,0.29207785087719296,1786434655.5002508
0,115,0.7250814437866211,0.29239130434782606,1786434655.6643295
0,116,0.767708420753479,0.29283405172413796,1786434655.8250732
0,117,0.6888123154640198,0.2934027777777778,1786434656.0262578
0,118,0.6663110852241516,0.2935646186440678,1786434656.202503
0,119,0.6919843554496765,0.29385504201680673,1786434656.3638217
0,120,0.6226959228515625,0.29401041666666666,1786434656.57593
0,121,0.6291977167129517,0.2949380165289256,1786434656.7460485
0,122,0.7105462551116943,0.29521004098360654,1786434656.9107952
0,123,0.6158725619316101,0.29458841463414637,1786434657.0856059
0,124,0.703702449798584,0.29536290322580644,1786434657.2813904
0,125,0.7074912190437317,0.294875,1786434657.4857593
0,126,0.6565591096878052,0.294890873015873,1786434657.6831944
0,127,0.7064100503921509,0.2950295275590551,1786434657.9347818
0,128,0.6204967498779297,0.2952880859375,1786434658.0989294
0,129,0.624069094657898,0.295421511627907,1786434658.3131683
0,130,0.645710825920105,0.2954326923076923,1786434658.4757159
0,131,0.6851488947868347,0.29532442748091603,1786434658.640043
0,132,0.6405543088912964,0.29533617424242425,1786434658.8197434
0,133,0.6508281230926514,0.2953477443609023,1786434658.9793725
0,134,0.6277121305465698,0.2953591417910448,1786434659.1939323
0,135,0.6481655836105347,0.2949074074074074,1786434659.3811448
0,136,0.6793419718742371,0.2942325367647059,1786434659.5441506
0,137,0.6397827863693237,0.29425182481751827,1786434659.7422044
0,138,0.6235288977622986,0.2944972826086957,1786434659.9094148
0,139,0.6351891160011292,0.29518884892086333,1786434660.0719995
0,140,0.7527685165405273,0.2941964285714286,1786434660.24487
0,141,0.632621705532074,0.29388297872340424,1786434660.4130404
0,142,0.6441972255706787,0.2933538732394366,1786434660.669604
0,143,0.7109739780426025,0.29348776223776224,1786434660.8778071
0,144,0.7178167700767517,0.2936197916666667,1786434661.047918
0,145,0.6300978064537048,0.2932112068965517,1786434661.2154727
0,146,0.6666409969329834,0.2930222602739726,1786434661.3795063
0,147,0.694860577583313,0.29283588435374147,1786434661.5617187
0,148,0.6696667671203613,0.2934966216216216,1786434661.7230847
0,149,0.6726695895195007,0.2935192953020134,1786434661.8899105
0,150,0.636393666267395,0.293125,1786434662.0848505
0,151,0.8242725729942322,0.29283940397350994,1786434662.2915976
0,152,0.7586996555328369,0.29296875,1786434662.456427
0,153,0.6700938940048218,0.29299428104575165,1786434662.6567025
0,154,0.6842482686042786,0.2929180194805195,1786434662.8418
0,155,0.721871018409729,0.29304435483870966,1786434663.005909
0,156,0.67071133852005,0.2926682692307692,1786434663.1917624
0,157,0.7253469824790955,0.29279458598726116,1786434663.3746443
0,158,0.7659456729888916,0.29252373417721517,1786434663.5373108
0,159,0.6546360850334167,0.2925511006289308,1786434663.7254329
0,160,0.6682272553443909,0.29248046875,1786434663.8906348
0,161,0.6780012845993042,0.29202251552795033,1786434664.054607
0,162,0.6197312474250793,0.2927276234567901,1786434664.2429595
0,163,0.7075608372688293,0.2923696319018405,1786434664.406762
0,164,0.6930098533630371,0.2925876524390244,1786434664.568223
0,165,0.6382916569709778,0.29195075757575756,1786434664.7292702
0,166,0.6966198086738586,0.2921686746987952,1786434664.9379323
0,167,0.6141294836997986,0.29229041916167664,1786434665.1185088
0,168,0.6437981128692627,0.29194568452380953,1786434665.2778256
0,169,0.7449381351470947,0.29243713017751477,1786434665.4915495
0,170,0.7129095196723938,0.29292279411764705,1786434665.6931129
0,171,0.6510438919067383,0.29276315789473684,1786434665.8578925
0,172,0.5710930824279785,0.2937863372093023,1786434666.02802
0,173,0.7323559522628784,0.2935332369942196,1786434666.2128797
0,174,0.6309816241264343,0.2941810344827586,1786434666.3748913
0,175,0.5974024534225464,0.29401785714285716,1786434666.6200366
0,176,0.7707852721214294,0.2941228693181818,1786434666.8073575
0,177,0.6531250476837158,0.294138418079096,1786434666.9772654
0,178,0.6343920230865479,0.29441713483146065,1786434667.1483262
0,179,0.6484366059303284,0.2940817039106145,1786434667.3341377
0,180,0.6620573401451111,0.2942708333333333,1786434667.5154192
0,181,0.6770872473716736,0.29437154696132595,1786434667.6961257
0,182,0.6441364288330078,0.29378434065934067,1786434667.8725781
0,183,0.7334569692611694,0.29397199453551914,1786434668.0432549
0,184,0.7797749042510986,0.29390285326086957,1786434668.2039962
0,185,0.6361078023910522,0.2935810810810811,1786434668.4327996
0,186,0.6380704045295715,0.2938508064516129,1786434668.6628706
0,187,0.6995682716369629,0.29369986631016043,1786434668.8315537
0,188,0.5769223570823669,0.29388297872340424,1786434669.010131
0,189,0.8042023777961731,0.29406415343915343,1786434669.1825361
0,190,0.6476551294326782,0.29391447368421053,1786434669.4142048
0,191,0.6967577338218689,0.293684554973822,1786434669.580611
0,192,0.6747841835021973,0.2938639322916667,1786434669.7839398
0,193,0.6902637481689453,0.2935556994818653,1786434670.0015783
0,194,0.5825843214988708,0.2938949742268041,1786434670.1790748
0,195,0.6385194659233093,0.29375,1786434670.3456345
0,196,0.5947803854942322,0.29416454081632654,1786434670.5064452
0,197,0.6190846562385559,0.29441624365482233,1786434670.7281492
0,198,0.6218675374984741,0.2947443181818182,1786434670.9020054
0,199,0.6659767627716064,0.29436243718592964,1786434671.0797215
0,200,0.6350672245025635,0.293984375,1786434671.275795
0,201,0.6348602771759033,0.2937655472636816,1786434671.4799774
0,202,0.7085283398628235,0.29370358910891087,1786434671.6413865
0,203,0.6626964807510376,0.2934883004926108,1786434671.856442
0,204,0.623734712600708,0.2936580882352941,1786434672.0206013
0,205,0.777997612953186,0.2930640243902439,1786434672.2177434
0,206,0.7405446767807007,0.29315837378640774,1786434672.397401
0,207,0.6180769801139832,0.29264794685990336,1786434672.5643158
0,208,0.72734534740448,0.2927433894230769,1786434672.7292767
0,209,0.6639018654823303,0.29276315789473684,1786434672.923914
0,210,0.6144351959228516,0.29263392857142856,1786434673.1010907
0,211,0.6772375702857971,0.292135663507109,1786434673.269187
0,212,0.6896050572395325,0.29223172169811323,1786434673.4456956
0,213,0.760033369064331,0.292693661971831,1786434673.6848035
0,214,0.6764978170394897,0.293151285046729,1786434673.858744
0,215,0.7119443416595459,0.29324127906976744,1786434674.0364203
0,216,0.675222635269165,0.29347511574074076,1786434674.1982121
0,217,0.6535904407501221,0.29377880184331795,1786434674.408111
0,218,0.6392911672592163,0.2940797018348624,1786434674.571199
0,219,0.6160458326339722,0.2938070776255708,1786434674.7373374
0,220,0.6040599346160889,0.2943181818181818,1786434674.9029443
0,221,0.7167820334434509,0.294612556561086,1786434675.0651157
0,222,0.6407078504562378,0.2953969594594595,1786434675.2503843
0,223,0.6296515464782715,0.2956137892376682,1786434675.4196365
0,224,0.671150267124176,0.2954799107142857,1786434675.5837834
0,225,0.7312082648277283,0.2956944444444444,1786434675.788052
0,226,0.5947616696357727,0.29632190265486724,1786434675.9736638
0,227,0.6956354975700378,0.29646200440528636,1786434676.1718395
0,228,0.6563045978546143,0.2968064692982456,1786434676.3584666
0,229,0.6071268320083618,0.296875,1786434676.5259528
0,230,0.6010032296180725,0.2969429347826087,1786434676.691779
0,231,0.7209843397140503,0.29653679653679654,1786434676.8558033
0,232,0.629296064376831,0.2959321120689655,1786434677.024978
0,233,0.6602885127067566,0.29627145922746784,1786434677.186933
0,234,0.6497159004211426,0.29607371794871795,1786434677.3812125
0,235,0.6632452607154846,0.2964095744680851,1786434677.5653956
0,236,0.7088823914527893,0.2964115466101695,1786434677.7965124
0,237,0.6266310811042786,0.2962157172995781,1786434677.9701612
0,238,0.6207007765769958,0.2958245798319328,1786434678.1519685
0,239,0.6797679662704468,0.2955674686192469,1786434678.3151283
0,240,0.6158100962638855,0.295703125,1786434678.5418327
0,241,0.7057450413703918,0.29551348547717843,1786434678.7094755
0,242,0.5557120442390442,0.29551911157024796,1786434678.8749862
0,243,0.5493849515914917,0.2959104938271605,1786434679.0357625
0,244,0.5695016384124756,0.29559426229508196,1786434679.2025204
0,245,0.6488401293754578,0.29566326530612247,1786434679.3665986
0,246,0.6197505593299866,0.29604928861788615,1786434679.526217
0,247,0.6724257469177246,0.2962424089068826,1786434679.6951606
0,248,0.708181619644165,0.2963709677419355,1786434679.8606236
0,249,0.7861920595169067,0.2963729919678715,1786434680.0779967
0,250,0.6896649599075317,0.29575,1786434680.2592306
0,251,0.6638312935829163,0.29556772908366535,1786434680.447823
0,252,0.6052082777023315,0.2955109126984127,1786434680.6428883
0,253,0.6922338008880615,0.29545454545454547,1786434680.8731546
0,254,0.6921983957290649,0.2954601377952756,1786434681.1013649
0,255,0.5908471941947937,0.29583333333333334,1786434681.2655478
0,256,0.5574242472648621,0.2958984375,1786434681.4327037
0,257,0.6141418218612671,0.29584143968871596,1786434681.5998263
0,258,0.7401537895202637,0.2953609496124031,1786434681.7766824
0,259,0.6275148987770081,0.29578909266409265,1786434681.9588354
0,260,0.6210734248161316,0.29609375,1786434682.126418
0,261,0.5846800208091736,0.2959171455938697,1786434682.322468
0,262,0.6898184418678284,0.2962189885496183,1786434682.4974585
0,263,0.6263236403465271,0.2968155893536122,1786434682.6727202
0,264,0.6285916566848755,0.2967566287878788,1786434682.8624094
0,265,0.6590617895126343,0.2969339622641509,1786434683.0341475
0,266,0.7757223844528198,0.29699248120300753,1786434683.20123
0,267,0.6484278440475464,0.296875,1786434683.4400368
0,268,0.660568118095398,0.2970499067164179,1786434683.6040099
0,269,0.6797961592674255,0.29745585501858735,1786434683.7685096
0,270,0.6779727339744568,0.29768518518518516,1786434683.9322264
0,271,0.6450188159942627,0.2975668819188192,1786434684.119258
0,272,0.6628100872039795,0.2976217830882353,1786434684.3140876
0,273,0.6355466842651367,0.29750457875457875,1786434684.497667
0,274,0.6386603116989136,0.2975022810218978,1786434684.6875443
0,275,0.7352621555328369,0.29698863636363637,1786434684.8543127
0,276,0.6611241698265076,0.29704483695652173,1786434685.0826206
0,277,0.6292171478271484,0.29732626353790614,1786434685.2914546
0,278,0.6114848852157593,0.2972684352517986,1786434685.4685347
0,279,0.6444482803344727,0.29715501792114696,1786434685.679989
0,280,0.6454219222068787,0.2974330357142857,1786434685.8545732
0,281,0.5622421503067017,0.29731983985765126,1786434686.0233285
0,282,0.6865115761756897,0.2974290780141844,1786434686.1961622
0,283,0.6939765214920044,0.29786881625441697,1786434686.3649929
0,284,0.6518030166625977,0.29764524647887325,1786434686.5545363
0,285,0.6664141416549683,0.29736842105263156,1786434686.7610173
0,286,0.6452267169952393,0.2972027972027972,1786434686.9464266
0,287,0.5792482495307922,0.2976371951219512,1786434687.12324
0,288,0.6392055749893188,0.2973090277777778,1786434687.3011265
0,289,0.6313412189483643,0.2977400519031142,1786434687.4901059
0,290,0.5721259713172913,0.2984375,1786434687.6737676
0,291,0.6523514986038208,0.29843213058419243,1786434687.841977
0,292,0.5753106474876404,0.2983197773972603,1786434688.063511
0,293,0.6659666299819946,0.29815486348122866,1786434688.2339888
0,294,0.673439085483551,0.29825680272108845,1786434688.3997293
0,295,0.6171689629554749,0.29841101694915256,1786434688.5672195
0,296,0.6605075597763062,0.2986697635135135,1786434688.7523246
0,297,0.7036522626876831,0.29871632996632996,1786434688.9385178
0,298,0.6649922728538513,0.2983955536912752,1786434689.103717
0,299,0.6705166101455688,0.29844272575250835,1786434689.2829747
0,300,0.5754978060722351,0.29864583333333333,1786434689.447877
0,301,0.6410797834396362,0.29869186046511625,1786434689.6536484
0,302,0.5719808340072632,0.29873758278145696,1786434689.8160663
0,303,0.5952090620994568,0.298628300330033,1786434690.0328922
0,304,0.6868636012077332,0.2985711348684211,1786434690.2553146
0,305,0.6606539487838745,0.29851434426229506,1786434690.4191844
0,306,0.7575332522392273,0.2983047385620915,1786434690.5878963
0,307,0.6530001759529114,0.29865635179153094,1786434690.7545514
0,308,0.6675986051559448,0.2988534902597403,1786434690.9171927
0,309,0.6511476635932922,0.2992010517799353,1786434691.1501532
0,310,0.6550503969192505,0.2992943548387097,1786434691.34474
0,311,0.6140526533126831,0.2992363344051447,1786434691.5289173
0,312,0.6417158246040344,0.2988782051282051,1786434691.6997054
0,313,0.6514816880226135,0.29862220447284343,1786434691.8700082
0,314,0.6809569597244263,0.2988654458598726,1786434692.0338547
0,315,0.6558467149734497,0.29851190476190476,1786434692.193189
0,316,0.6721374988555908,0.29880340189873417,1786434692.380763
0,317,0.6311047077178955,0.2987973186119874,1786434692.542798
0,318,0.6895136833190918,0.2986438679245283,1786434692.702697
0,319,0.7067897915840149,0.2986873040752351,1786434692.8676288
0,320,0.54584139585495,0.298681640625,1786434693.0240328
0,321,0.6531121134757996,0.29872468847352024,1786434693.1793573
0,322,0.6256334185600281,0.29886451863354035,1786434693.3347332
0,323,0.6041210889816284,0.29871323529411764,1786434693.4908035
0,324,0.6437926888465881,0.2984664351851852,1786434693.6481633
0,325,0.7176028490066528,0.29846153846153844,1786434693.8065891
0,326,0.5837031602859497,0.2984566717791411,1786434693.9628859
0,327,0.594241201877594,0.29821292048929665,1786434694.1216514
0,328,0.7044651508331299,0.2983517530487805,1786434694.277374
0,329,0.6864657402038574,0.2986322188449848,1786434694.4359577
0,330,0.648746132850647,0.29857954545454546,1786434694.5938623
0,331,0.658414900302887,0.29885762839879154,1786434694.7502587
0,332,0.6512244939804077,0.2985222138554217,1786434694.9084702
1,333,0.6593467593193054,0.34375,1786434706.9184775
1,334,0.5870273113250732,0.296875,1786434707.6237636
1,335,0.5875062942504883,0.2760416666666667,1786434707.7883172
1,336,0.6038751006126404,0.27734375,1786434707.960347
1,337,0.6219951510429382,0.2625,1786434708.1348677
1,338,0.6312254071235657,0.2630208333333333,1786434708.3000307
1,339,0.7130755186080933,0.25892857142857145,1786434708.4737194
1,340,0.5866265892982483,0.26953125,1786434708.6427085
1,341,0.5950657725334167,0.2777777777777778,1786434708.80604
1,342,0.5912522673606873,0.2703125,1786434708.987987
1,343,0.6286233067512512,0.2684659090909091,1786434709.1601355
1,344,0.685228705406189,0.2799479166666667,1786434709.4033167
1,345,0.6005812883377075,0.2692307692307692,1786434709.7421904
1,346,0.5649459958076477,0.2767857142857143,1786434709.9125323
1,347,0.6775304675102234,0.2760416666666667,1786434710.0887203
1,348,0.7277112603187561,0.2802734375,1786434710.2567232
1,349,0.5360694527626038,0.2867647058823529,1786434710.417032
1,350,0.619662344455719,0.2864583333333333,1786434710.5794969
1,351,0.6132399439811707,0.29276315789473684,1786434710.7400243
1,352,0.577843964099884,0.2890625,1786434710.9040031
1,353,0.6775273084640503,0.2916666666666667,1786434711.081489
1,354,0.6560049653053284,0.2940340909090909,1786434711.318575
1,355,0.5901268124580383,0.30095108695652173,1786434711.480714
1,356,0.6234725713729858,0.2981770833333333,1786434711.6637855
1,357,0.6578937768936157,0.300625,1786434711.8450882
1,358,0.711136519908905,0.29867788461538464,1786434712.040806
1,359,0.7865912318229675,0.2962962962962963,1786434712.2099726
1,360,0.6184282898902893,0.30078125,1786434712.3729646
1,361,0.5794472694396973,0.30010775862068967,1786434712.5331922
1,362,0.6817277073860168,0.3020833333333333,1786434712.7092032
1,363,0.5782155394554138,0.30443548387096775,1786434712.877072
1,364,0.672727644443512,0.3046875,1786434713.044198
1,365,0.6249082684516907,0.3053977272727273,1786434713.2186155
1,366,0.6060799360275269,0.30652573529411764,1786434713.4287765
1,367,0.6326814293861389,0.3066964285714286,1786434713.6330087
1,368,0.5979729890823364,0.3094618055555556,1786434713.8117979
1,369,0.6821215152740479,0.30743243243243246,1786434713.992327
1,370,0.6049791574478149,0.30838815789473684,1786434714.2452943
1,371,0.6729982495307922,0.3108974358974359,1786434714.43277
1,372,0.5994755029678345,0.31171875,1786434714.5979195
1,373,0.607338011264801,0.31402439024390244,1786434714.777816
1,374,0.5398459434509277,0.3158482142857143,1786434714.9477758
1,375,0.7147276997566223,0.3168604651162791,1786434715.1151128
1,376,0.7251845598220825,0.3181818181818182,1786434715.280811
1,377,0.6321009397506714,0.32013888888888886,1786434715.441872
1,378,0.6159595847129822,0.32133152173913043,1786434715.633129
1,379,0.6746301651000977,0.31981382978723405,1786434715.822094
1,380,0.6016785502433777,0.3212890625,1786434715.990229
1,381,0.5833570957183838,0.32174744897959184,1786434716.1702266
1,382,0.6014950275421143,0.3196875,1786434716.3911023
1,383,0.6476821303367615,0.31985294117647056,1786434716.5886302
1,384,0.6827261447906494,0.32091346153846156,1786434716.7563157
1,385,0.6503177285194397,0.31987028301886794,1786434716.929139
1,386,0.6020544767379761,0.3185763888888889,1786434717.0929244
1,387,0.6587164402008057,0.3150568181818182,1786434717.256823
1,388,0.5955532789230347,0.314453125,1786434717.422979
1,389,0.6140863299369812,0.31524122807017546,1786434717.5866692
1,390,0.6643760204315186,0.3160021551724138,1786434717.7469614
1,391,0.715569019317627,0.3164724576271186,1786434717.950043
1,392,0.6201636791229248,0.31796875,1786434718.1531374
1,393,0.6212783455848694,0.31864754098360654,1786434718.48282
1,394,0.7421959638595581,0.3180443548387097,1786434718.6634846
1,395,0.6182116270065308,0.31721230158730157,1786434718.8801265
1,396,0.6466064453125,0.317626953125,1786434719.0462701
1,397,0.6431332230567932,0.31826923076923075,1786434719.2137856
1,398,0.6436373591423035,0.3181818181818182,1786434719.383287
1,399,0.5770931839942932,0.31739738805970147,1786434719.5514836
1,400,0.7229012250900269,0.3173253676470588,1786434719.7184377
1,401,0.6991939544677734,0.317481884057971,1786434719.8815846
1,402,0.6956740617752075,0.3185267857142857,1786434720.0568461
1,403,0.6000351905822754,0.31690140845070425,1786434720.2525525
1,404,0.5349925756454468,0.3174913194444444,1786434720.460583
1,405,0.7232376337051392,0.3169948630136986,1786434720.626251
1,406,0.6002044081687927,0.3169341216216216,1786434720.8555958
1,407,0.6840637922286987,0.3179166666666667,1786434721.0574832
1,408,0.5704368352890015,0.31928453947368424,1786434721.222071
1,409,0.6246562004089355,0.3198051948051948,1786434721.3878722
1,410,0.6064416766166687,0.3203125,1786434721.563486
1,411,0.6453381180763245,0.3215981012658228,1786434721.7293653
1,412,0.678184986114502,0.3228515625,1786434721.8928003
1,413,0.7026572823524475,0.3229166666666667,1786434722.0541205
1,414,0.6180323958396912,0.32202743902439024,1786434722.2478578
1,415,0.6540791988372803,0.3228539156626506,1786434722.4409873
1,416,0.5820483565330505,0.3210565476190476,1786434722.6588266
1,417,0.5932497382164001,0.31985294117647056,1786434722.995965
1,418,0.6140706539154053,0.3190406976744186,1786434723.1800196
1,419,0.6372153759002686,0.31950431034482757,1786434723.3409717
1,420,0.6890461444854736,0.3171164772727273,1786434723.5030856
1,421,0.7251273393630981,0.316186797752809,1786434723.6644442
1,422,0.6317194104194641,0.31614583333333335,1786434723.8401895
1,423,0.6064592599868774,0.3159340659340659,1786434724.009366
1,424,0.5857905745506287,0.31538722826086957,1786434724.171872
1,425,0.6623230576515198,0.3161962365591398,1786434724.333715
1,426,0.6745158433914185,0.3151595744680851,1786434724.5029902
1,427,0.619948148727417,0.31513157894736843,1786434724.7005131
1,428,0.6382007598876953,0.31396484375,1786434724.8898637
1,429,0.5731623768806458,0.31443298969072164,1786434725.2313695
1,430,0.5732276439666748,0.3137755102040816,1786434725.4074976
1,431,0.6381317377090454,0.3134469696969697,1786434725.5936115
1,432,0.5785808563232422,0.31234375,1786434725.7549524
1,433,0.6630010604858398,0.3125,1786434725.9215612
1,434,0.5952005982398987,0.31265318627450983,1786434726.08695
1,435,0.6776057481765747,0.3126516990291262,1786434726.2492645
1,436,0.7035325765609741,0.3125,1786434726.4123788
1,437,0.6209303736686707,0.31294642857142857,1786434726.5785487
1,438,0.5601663589477539,0.3130896226415094,1786434726.7715104
1,439,0.5888605117797852,0.3129380841121495,1786434726.942046
1,440,0.6222227811813354,0.3133680555555556,1786434727.142558
1,441,0.6473307013511658,0.31336009174311924,1786434727.3370376
1,442,0.6498439311981201,0.3130681818181818,1786434727.543161
1,443,0.6206806302070618,0.3129222972972973,1786434727.7052991
1,444,0.519748866558075,0.3130580357142857,1786434727.8653543
1,445,0.5727410316467285,0.3125,1786434728.0255272
1,446,0.621224582195282,0.3129111842105263,1786434728.1890736
1,447,0.6409674882888794,0.3123641304347826,1786434728.3502982
1,448,0.678535521030426,0.3135775862068966,1786434728.5097823
1,449,0.7319846153259277,0.3141025641025641,1786434728.671173
1,450,0.5960612297058105,0.3135593220338983,1786434728.8330274
1,451,0.5381636619567871,0.31394432773109243,1786434728.997749
1,452,0.5643249750137329,0.31354166666666666,1786434729.1762345
1,453,0.6085240244865417,0.3136621900826446,1786434729.3923352
1,454,0.5146055221557617,0.3135245901639344,1786434729.5745735
1,455,0.6975501775741577,0.313135162601626,1786434729.750219
1,456,0.6320908069610596,0.3125,1786434730.1121619
1,457,0.5884331464767456,0.31225,1786434730.2729461
1,458,0.6436430811882019,0.31262400793650796,1786434730.4334807
1,459,0.6539467573165894,0.31163877952755903,1786434730.5965328
1,460,0.635075032711029,0.310791015625,1786434730.7619183
1,461,0.5933839678764343,0.31140988372093026,1786434730.9274297
1,462,0.674665093421936,0.3114182692307692,1786434731.0939379
1,463,0.6442781686782837,0.3110687022900763,1786434731.2605765
1,464,0.6330481767654419,0.3107244318181818,1786434731.4274197
1,465,0.5638915300369263,0.3113251879699248,1786434731.7918036
1,466,0.5901489853858948,0.31145055970149255,1786434731.9575908
1,467,0.7554738521575928,0.31006944444444445,1786434732.123125
1,468,0.6077971458435059,0.31043198529411764,1786434732.4744704
1,469,0.5872360467910767,0.31010492700729925,1786434732.6400008
1,470,0.667827844619751,0.31068840579710144,1786434732.802146
1,471,0.6508240103721619,0.31092625899280574,1786434732.9664695
1,472,0.6529321670532227,0.3109375,1786434733.1290739
1,473,0.6313833594322205,0.31128102836879434,1786434733.3371003
1,474,0.73149174451828,0.31161971830985913,1786434733.506626
1,475,0.5678468942642212,0.31053321678321677,1786434733.6756532
1,476,0.5825551152229309,0.3108723958333333,1786434733.8453262
1,477,0.5603709816932678,0.3107758620689655,1786434734.01679
1,478,0.577309787273407,0.3120719178082192,1786434734.222405
1,479,0.6405853629112244,0.3126062925170068,1786434734.3914542
1,480,0.6021101474761963,0.31260557432432434,1786434734.7707145
1,481,0.6301056742668152,0.31281459731543626,1786434734.9366724
1,482,0.688646674156189,0.313125,1786434735.1094687
1,483,0.6586664319038391,0.3127069536423841,1786434735.2745175
1,484,0.6180163025856018,0.3129111842105263,1786434735.4653616
1,485,0.6262339353561401,0.31290849673202614,1786434735.653557
1,486,0.6003792881965637,0.3125,1786434735.8428504
1,487,0.6881781816482544,0.3125,1786434736.0219884
1,488,0.6675914525985718,0.3132011217948718,1786434736.1855586
1,489,0.6213189959526062,0.31299761146496813,1786434736.3495128
1,490,0.6060556173324585,0.3133900316455696,1786434736.5127237
1,491,0.6039516925811768,0.3128930817610063,1786434736.7087605
1,492,0.608431875705719,0.31318359375,1786434737.0898046
1,493,0.5699864029884338,0.313179347826087,1786434737.2537558
1,494,0.6655493974685669,0.3130787037037037,1786434737.4206095
1,495,0.6201086640357971,0.3136503067484663,1786434737.5849974
1,496,0.6286370158195496,0.31402439024390244,1786434737.788095
1,497,0.6530411839485168,0.3142992424242424,1786434737.9618998
1,498,0.5833879113197327,0.3147590361445783,1786434738.1695178
1,499,0.5894336104393005,0.31530688622754494,1786434738.3597972
1,500,0.7623932361602783,0.31556919642857145,1786434738.5259314
1,501,0.6781923174858093,0.3155510355029586,1786434738.6848378
1,502,0.5939981937408447,0.3154411764705882,1786434738.8503416
1,503,0.654995858669281,0.31524122807017546,1786434739.1424413
1,504,0.5410817265510559,0.31540697674418605,1786434739.3048868
1,505,0.5676879286766052,0.3151192196531792,1786434739.4716535
1,506,0.5738821029663086,0.3151041666666667,1786434739.633277
1,507,0.5983349680900574,0.31508928571428574,1786434739.799168
1,508,0.6365633010864258,0.3147194602272727,1786434740.0114458
1,509,0.672413170337677,0.3147069209039548,1786434740.20019
1,510,0.6497894525527954,0.31504564606741575,1786434740.368308
1,511,0.6379604935646057,0.3158170391061452,1786434740.5351706
1,512,0.6526600122451782,0.31588541666666664,1786434740.701659
1,513,0.613055944442749,0.31621201657458564,1786434740.8645668
1,514,0.5743449926376343,0.3162774725274725,1786434741.0325189
1,515,0.6801912784576416,0.3162568306010929,1786434741.5044866
1,516,0.5664248466491699,0.31632133152173914,1786434741.6684194
1,517,0.6234470009803772,0.31630067567567566,1786434741.8325741
1,518,0.6160212159156799,0.31535618279569894,1786434741.9957325
1,519,0.7060369253158569,0.314923128342246,1786434742.1804736
1,520,0.6556932926177979,0.31474401595744683,1786434742.3603194
1,521,0.6628848314285278,0.3149801587301587,1786434742.533655
1,522,0.5520532727241516,0.3147203947368421,1786434742.7049696
1,523,0.5953436493873596,0.31544502617801046,1786434742.875996
1,524,0.579421877861023,0.3155924479166667,1786434743.0452054
1,525,0.6747833490371704,0.3161431347150259,1786434743.2155466
1,526,0.5631966590881348,0.3166076030927835,1786434743.404855
1,527,0.6896511912345886,0.31690705128205127,1786434743.5998244
1,528,0.5945209264755249,0.3168845663265306,1786434743.7699687
1,529,0.6115989089012146,0.31694162436548223,1786434743.9329362
1,530,0.5836423635482788,0.31660353535353536,1786434744.1039388
1,531,0.5812026262283325,0.316661432160804,1786434744.2742894
1,532,0.6006077527999878,0.31703125,1786434744.4473627
1,533,0.5681927800178528,0.31669776119402987,1786434744.6826894
1,534,0.6952048540115356,0.31636757425742573,1786434744.9371932
1,535,0.6741088628768921,0.3164254926108374,1786434745.1090567
1,536,0.6752870678901672,0.3166360294117647,1786434745.2699378
1,537,0.6165872812271118,0.31676829268292683,1786434745.43393
1,538,0.6070818901062012,0.3170509708737864,1786434745.6356258
1,539,0.6810703277587891,0.3171044685990338,1786434745.8860946
1,540,0.5868062973022461,0.31678185096153844,1786434746.1035876
1,541,0.6497548818588257,0.3166866028708134,1786434746.262112
1,542,0.5849222540855408,0.3165922619047619,1786434746.469228
1,543,0.5927104353904724,0.3165728672985782,1786434746.6365712
1,544,0.5917350053787231,0.3167010613207547,1786434746.8301508
1,545,0.6220623850822449,0.31638791079812206,1786434746.9986622
1,546,0.6262629628181458,0.3163697429906542,1786434747.193864
1,547,0.5747013688087463,0.3159156976744186,1786434747.358841
1,548,0.5543253421783447,0.3152488425925926,1786434747.5216491
1,549,0.6427450180053711,0.3153801843317972,1786434747.6881912
1,550,0.5883475542068481,0.31558199541284404,1786434747.8824744
1,551,0.6163294911384583,0.3158533105022831,1786434748.141177
1,552,0.6154333353042603,0.31612215909090907,1786434748.3035266
1,553,0.5300917625427246,0.3161764705882353,1786434748.4677033
1,554,0.5683624744415283,0.3162302927927928,1786434748.6714807
1,555,0.5918629765510559,0.31649383408071746,1786434748.8398864
1,556,0.6298356056213379,0.31703404017857145,1786434749.0207508
1,557,0.551014244556427,0.3172916666666667,1786434749.2090144
1,558,0.6010833978652954,0.31789269911504425,1786434749.398401
1,559,0.5988191366195679,0.31773127753303965,1786434749.563766
1,560,0.5830478668212891,0.31729714912280704,1786434749.7281966
1,561,0.5996314883232117,0.31727620087336245,1786434749.8912005
1,562,0.5521920323371887,0.31698369565217394,1786434750.0931726
1,563,0.5976986885070801,0.31737012987012986,1786434750.3486714
1,564,0.5781431794166565,0.3174164870689655,1786434750.6779487
1,565,0.5903025269508362,0.3177977467811159,1786434750.8530042
1,566,0.6248581409454346,0.3177083333333333,1786434751.0350337
1,567,0.7508658170700073,0.3175531914893617,1786434751.200651
1,568,0.6383618712425232,0.3177304025423729,1786434751.4111593
1,569,0.5786536335945129,0.3182357594936709,1786434751.584071
1,570,0.5315398573875427,0.3181460084033613,1786434751.7468727
1,571,0.6158328652381897,0.3183838912133891,1786434751.9093096
1,572,0.5412010550498962,0.31796875,1786434752.0753295
1,573,0.605705738067627,0.31839989626556015,1786434752.2701325
1,574,0.5698934197425842,0.3190857438016529,1786434752.429396
1,575,0.497033953666687,0.3191872427983539,1786434752.5952475
1,576,0.6721575260162354,0.3192879098360656,1786434752.982431
1,577,0.6166118383407593,0.3194515306122449,1786434753.1787035
1,578,0.5820142030715942,0.31935975609756095,1786434753.342091
1,579,0.6652978658676147,0.319331983805668,1786434753.5057206
1,580,0.6330175399780273,0.3191784274193548,1786434753.6669402
1,581,0.666891872882843,0.3189006024096386,1786434753.834179
1,582,0.6017258763313293,0.3185625,1786434753.9987097
1,583,0.596734344959259,0.3184760956175299,1786434754.2377098
1,584,0.685632050037384,0.31820436507936506,1786434754.410714
1,585,0.566661536693573,0.31886116600790515,1786434754.572698
1,586,0.5983254313468933,0.3188361220472441,1786434754.7564375
1,587,0.649151086807251,0.31838235294117645,1786434754.9607193
1,588,0.6271766424179077,0.31829833984375,1786434755.14949
1,589,0.6021867990493774,0.3185189688715953,1786434755.3160203
1,590,0.6354308128356934,0.31813226744186046,1786434755.5230284
1,591,0.6207961440086365,0.3182915057915058,1786434755.7176607
1,592,0.736501932144165,0.31802884615384613,1786434755.8842783
1,593,0.5438470840454102,0.3173491379310345,1786434756.1007073
1,594,0.5876054763793945,0.31721135496183206,1786434756.2728026
1,595,0.6346002817153931,0.31754990494296575,1786434756.4345653
1,596,0.6540687084197998,0.31782670454545453,1786434756.668615
1,597,0.6199659109115601,0.3178066037735849,1786434756.8294222
1,598,0.6486744284629822,0.3176104323308271,1786434757.0432742
1,599,0.5564383268356323,0.3173572097378277,1786434757.235612
1,600,0.6188562512397766,0.31768889925373134,1786434757.413124
1,601,0.5757442712783813,0.31755343866171004,1786434757.5789726
1,602,0.6888161897659302,0.3178240740740741,1786434757.798986
1,603,0.6840636730194092,0.3178620848708487,1786434757.9666271
1,604,0.6986233592033386,0.3177274816176471,1786434758.1608412
1,605,0.6038463115692139,0.31810897435897434,1786434758.3248885
1,606,0.5199680924415588,0.3182595802919708,1786434758.4910426
1,607,0.6964428424835205,0.31823863636363636,1786434758.685598
1,608,0.5995767712593079,0.3183876811594203,1786434758.8913746
1,609,0.6360993385314941,0.318197202166065,1786434759.0755281
1,610,0.6655651926994324,0.3178394784172662,1786434759.303659
1,611,0.5817317366600037,0.31826836917562723,1786434759.46515
1,612,0.6084243059158325,0.3181361607142857,1786434759.6329556
1,613,0.520750880241394,0.3185609430604982,1786434759.8080494
1,614,0.6072225570678711,0.31831781914893614,1786434759.9820893
1,615,0.6001728177070618,0.31868374558303886,1786434760.1479292
1,616,0.589958667755127,0.3183318661971831,1786434760.3708546
1,617,0.5670674443244934,0.3186951754385965,1786434760.5365694
1,618,0.7097389698028564,0.31834571678321677,1786434760.7019339
1,619,0.5859603881835938,0.31832534843205573,1786434760.8659399
1,620,0.5993025898933411,0.3181966145833333,1786434761.1725698
1,621,0.6384721994400024,0.3183931660899654,1786434761.3500779
1,622,0.674997866153717,0.31831896551724137,1786434761.5175474
1,623,0.6650112867355347,0.3181915807560137,1786434761.681881
1,624,0.5904000401496887,0.3180650684931507,1786434761.8458514
1,625,0.6397685408592224,0.3180994027303754,1786434762.0130787
1,626,0.5679887533187866,0.31813350340136054,1786434762.1794474
1,627,0.5975974798202515,0.3180614406779661,1786434762.3882182
1,628,0.6009337902069092,0.3179370777027027,1786434762.553739
1,629,0.6216800808906555,0.31828703703703703,1786434762.7189999
1,630,0.6125065684318542,0.3182676174496644,1786434762.9423516
1,631,0.5541290044784546,0.31835284280936454,1786434763.1234229
1,632,0.6436535716056824,0.31854166666666667,1786434763.28601
1,633,0.7183622717857361,0.3187292358803987,1786434763.5109768
1,634,0.7005382180213928,0.3187603476821192,1786434763.7034183
1,635,0.5954962372779846,0.3184818481848185,1786434763.8694866
1,636,0.6343721151351929,0.31851356907894735,1786434764.0758677
1,637,0.5766931772232056,0.3186987704918033,1786434764.2377956
1,638,0.626456618309021,0.3188827614379085,1786434764.4476163
1,639,0.5479331612586975,0.3190655537459283,1786434764.6090019
1,640,0.6487886905670166,0.31863839285714285,1786434764.7914917
1,641,0.6655305624008179,0.31856796116504854,1786434764.9794817
1,642,0.5636889934539795,0.3186491935483871,1786434765.1384706
1,643,0.5759353041648865,0.3184284565916399,1786434765.297958
1,644,0.6088778376579285,0.31855969551282054,1786434765.4610872
1,645,0.6541354656219482,0.31869009584664537,1786434765.6452477
1,646,0.6780592203140259,0.3183220541401274,1786434765.8042653
1,647,0.614037275314331,0.31825396825396823,1786434765.959996
1,648,0.6322619915008545,0.3185324367088608,1786434766.14047
1,649,0.6388164758682251,0.31816837539432175,1786434766.2980816
1,650,0.6323907375335693,0.31810141509433965,1786434766.4551854
1,651,0.6190189123153687,0.31813283699059564,1786434766.6125503
1,652,0.6768187284469604,0.318310546875,1786434766.7696683
1,653,0.6232540607452393,0.3180003894080997,1786434766.9240444
1,654,0.7080951929092407,0.3177406832298137,1786434767.0813375
1,655,0.6634957790374756,0.31806308049535603,1786434767.235565
1,656,0.6516433358192444,0.31790123456790126,1786434767.3932643
1,657,0.6756981015205383,0.31735576923076925,1786434767.5510077
1,658,0.6228616237640381,0.31734087423312884,1786434767.7054763
1,659,0.6374895572662354,0.3173738532110092,1786434767.862924
1,660,0.6614233255386353,0.3175971798780488,1786434768.0197055
1,661,0.6167265772819519,0.3176766717325228,1786434768.1744306
1,662,0.5800772905349731,0.3175662878787879,1786434768.3316143
1,663,0.5925319790840149,0.3175037764350453,1786434768.4866424
1,664,0.5632802844047546,0.3172063253012048,1786434768.643252
2,665,0.5611385703086853,0.265625,1786434777.0447757
2,666,0.5679365992546082,0.3125,1786434777.2100842
2,667,0.5507979393005371,0.3697916666666667,1786434777.37499
2,668,0.6471475958824158,0.3515625,1786434777.5475452
2,669,0.6036191582679749,0.35625,1786434777.7219443
2,670,0.6751238107681274,0.3463541666666667,1786434777.8937826
2,671,0.6473825573921204,0.32589285714285715,1786434778.0734308
2,672,0.5858950018882751,0.337890625,1786434778.245159
2,673,0.5977240204811096,0.3454861111111111,1786434778.4345045
2,674,0.5841215252876282,0.3328125,1786434778.6321063
2,675,0.5714408755302429,0.32954545454545453,1786434778.8758733
2,676,0.6517457365989685,0.3229166666666667,1786434779.0637763
2,677,0.6170470714569092,0.3245192307692308,1786434779.292291
2,678,0.6030089259147644,0.32589285714285715,1786434779.4620502
2,679,0.6774863600730896,0.32395833333333335,1786434779.632657
2,680,0.5908576250076294,0.3193359375,1786434779.8036728
2,681,0.7109373807907104,0.3244485294117647,1786434779.968446
2,682,0.6135284900665283,0.328125,1786434780.1411016
2,683,0.6357082724571228,0.3207236842105263,1786434780.3055882
2,684,0.5479364395141602,0.3171875,1786434780.4756048
2,685,0.6820625066757202,0.31845238095238093,1786434780.6746101
2,686,0.6626648306846619,0.3231534090909091,1786434780.8510036
2,687,0.5562491416931152,0.3226902173913043,1786434781.0256472
2,688,0.6183472871780396,0.3268229166666667,1786434781.1944487
2,689,0.5571833848953247,0.32375,1786434781.4580836
2,690,0.5061722993850708,0.3293269230769231,1786434781.6553428
2,691,0.6175781488418579,0.3304398148148148,1786434781.8252592
2,692,0.6121072769165039,0.32589285714285715,1786434781.9903684
2,693,0.6271623373031616,0.32273706896551724,1786434782.1592429
2,694,0.6444655656814575,0.3255208333333333,1786434782.3235352
2,695,0.6342225670814514,0.32963709677419356,1786434782.4861417
2,696,0.5809104442596436,0.33056640625,1786434782.6471007
2,697,0.570807158946991,0.3300189393939394,1786434782.8286676
2,698,0.6203138828277588,0.3304227941176471,1786434783.0067005
2,699,0.6999849677085876,0.32857142857142857,1786434783.1775863
2,700,0.612318754196167,0.3268229166666667,1786434783.38264
2,701,0.5605306625366211,0.3277027027027027,1786434783.5600896
2,702,0.5578133463859558,0.3277138157894737,1786434783.7313774
2,703,0.619484543800354,0.32572115384615385,1786434783.8990076
2,704,0.5763652324676514,0.32421875,1786434784.0655625
2,705,0.6344965100288391,0.3250762195121951,1786434784.2301228
2,706,0.6096866130828857,0.3240327380952381,1786434784.3920882
2,707,0.5671027898788452,0.32594476744186046,1786434784.5539253
2,708,0.6354173421859741,0.32563920454545453,1786434784.722054
2,709,0.6898319721221924,0.3263888888888889,1786434784.8906384
2,710,0.6569194793701172,0.3264266304347826,1786434785.087314
2,711,0.6777458190917969,0.32679521276595747,1786434785.2954142
2,712,0.7118743062019348,0.3287760416666667,1786434785.470227
2,713,0.5582987070083618,0.3278061224489796,1786434785.6509438
2,714,0.5574176907539368,0.3296875,1786434785.8141305
2,715,0.6371608376502991,0.3278186274509804,1786434786.0135632
2,716,0.5662839412689209,0.32481971153846156,1786434786.180777
2,717,0.5765855312347412,0.32399764150943394,1786434786.3545947
2,718,0.7696455121040344,0.3229166666666667,1786434786.5267823
2,719,0.5886302590370178,0.32073863636363636,1786434786.6933086
2,720,0.5539703965187073,0.3178013392857143,1786434786.8575213
2,721,0.6396080851554871,0.3157894736842105,1786434787.0202057
2,722,0.634023904800415,0.31492456896551724,1786434787.1806917
2,723,0.6576332449913025,0.3164724576271186,1786434787.3745883
2,724,0.6271128058433533,0.31640625,1786434787.5542629
2,725,0.6088994741439819,0.31813524590163933,1786434787.7244911
2,726,0.6605680584907532,0.31880040322580644,1786434788.390311
2,727,0.6006868481636047,0.3177083333333333,1786434788.5554357
2,728,0.5752224922180176,0.317626953125,1786434788.7197435
2,729,0.608768105506897,0.31826923076923075,1786434788.883504
2,730,0.5865341424942017,0.31794507575757575,1786434789.0517519
2,731,0.6484256982803345,0.3185634328358209,1786434789.21815
2,732,0.5549323558807373,0.31985294117647056,1786434789.3793645
2,733,0.5958778858184814,0.31906702898550726,1786434789.5790608
2,734,0.661876916885376,0.31986607142857143,1786434789.7576795
2,735,0.5724564790725708,0.3184419014084507,1786434789.935358
2,736,0.5965616703033447,0.3187934027777778,1786434790.1134362
2,737,0.5433423519134521,0.3167808219178082,1786434790.2811453
2,738,0.6438322067260742,0.3169341216216216,1786434790.4544258
2,739,0.6513611078262329,0.3154166666666667,1786434790.6250067
2,740,0.5833454728126526,0.3145559210526316,1786434790.7913826
2,741,0.5788794159889221,0.315137987012987,1786434790.951659
2,742,0.5887399911880493,0.31470352564102566,1786434791.1105216
2,743,0.5842797756195068,0.31526898734177217,1786434791.2791665
2,744,0.5933175683021545,0.3146484375,1786434791.441856
2,745,0.6484858989715576,0.31462191358024694,1786434791.605927
2,746,0.5727084875106812,0.3159298780487805,1786434791.8021977
2,747,0.694101870059967,0.31626506024096385,1786434791.9871473
2,748,0.5259101986885071,0.3165922619047619,1786434792.2009714
2,749,0.6503339409828186,0.31580882352941175,1786434792.3793724
2,750,0.6242515444755554,0.31613372093023256,1786434792.6059067
2,751,0.5816088318824768,0.3151939655172414,1786434792.7970598
2,752,0.6170912981033325,0.31587357954545453,1786434792.961454
2,753,0.5573435425758362,0.3168890449438202,1786434793.1324785
2,754,0.6617114543914795,0.31666666666666665,1786434793.2959404
2,755,0.5182909965515137,0.31936813186813184,1786434793.469265
2,756,0.573570191860199,0.32014266304347827,1786434793.637035
2,757,0.5618413686752319,0.32073252688172044,1786434793.808159
2,758,0.6663228869438171,0.31981382978723405,1786434793.9984205
2,759,0.6345204710960388,0.31875,1786434794.1915462
2,760,0.4975365996360779,0.3193359375,1786434794.384159
2,761,0.5505157709121704,0.31926546391752575,1786434794.5625722
2,762,0.6452649831771851,0.31967474489795916,1786434794.7531831
2,763,0.6797362565994263,0.32039141414141414,1786434794.9313958
2,764,0.6545853614807129,0.3203125,1786434795.1084025
2,765,0.6075654029846191,0.3208539603960396,1786434795.2756128
2,766,0.6001070737838745,0.32199754901960786,1786434795.443526
2,767,0.5630736351013184,0.32205703883495146,1786434795.6148193
2,768,0.6684697866439819,0.3219651442307692,1786434795.789777
2,769,0.6441622972488403,0.32217261904761907,1786434795.9608397
2,770,0.6607556343078613,0.32193396226415094,1786434796.1362388
2,771,0.6165695190429688,0.3221378504672897,1786434796.3076487
2,772,0.6576554179191589,0.3207465277777778,1786434796.5549793
2,773,0.5913537740707397,0.32124426605504586,1786434796.9273767
2,774,0.6010745763778687,0.32059659090909093,1786434797.1051786
2,775,0.5563609004020691,0.32010135135135137,1786434797.2999933
2,776,0.706454873085022,0.3193359375,1786434797.465429
2,777,0.6048504710197449,0.31955199115044247,1786434797.6350293
2,778,0.5759502649307251,0.3199013157894737,1786434797.8001153
2,779,0.6074867844581604,0.31997282608695654,1786434797.970533
2,780,0.6930689811706543,0.3197737068965517,1786434798.1465876
2,781,0.697490394115448,0.3187767094017094,1786434798.3129566
2,782,0.6124276518821716,0.3192531779661017,1786434798.4841716
2,783,0.6621792316436768,0.31919642857142855,1786434798.6496706
2,784,0.6110738515853882,0.32005208333333335,1786434798.8194032
2,785,0.5896139740943909,0.3194731404958678,1786434799.1026764
2,786,0.5856032371520996,0.3194159836065574,1786434799.2937467
2,787,0.6003642082214355,0.3201219512195122,1786434799.5735655
2,788,0.6384108662605286,0.3194304435483871,1786434799.7414033
2,789,0.6353790760040283,0.31875,1786434799.9087882
2,790,0.6207619905471802,0.3189484126984127,1786434800.07283
2,791,0.5742326378822327,0.31938976377952755,1786434800.2387552
2,792,0.6351710557937622,0.3189697265625,1786434800.4056137
2,793,0.597275972366333,0.3192829457364341,1786434800.5732088
2,794,0.5770186185836792,0.31935096153846154,1786434800.7426977
2,795,0.6457292437553406,0.3196564885496183,1786434800.929344
2,796,0.5695238709449768,0.32066761363636365,1786434801.140534
2,797,0.6601530313491821,0.3206062030075188,1786434801.530058
2,798,0.6492345333099365,0.3208955223880597,1786434801.7293572
2,799,0.6414455771446228,0.32083333333333336,1786434801.933131
2,800,0.6503353118896484,0.3210018382352941,1786434802.119106
2,801,0.5841371417045593,0.3208257299270073,1786434802.300584
2,802,0.6373993158340454,0.3203125,1786434802.4700344
2,803,0.5815266966819763,0.3203687050359712,1786434802.6381764
2,804,0.586951494216919,0.3200892857142857,1786434802.8071165
2,805,0.5958372354507446,0.3200354609929078,1786434802.9814522
2,806,0.5871984362602234,0.3187720070422535,1786434803.2075305
2,807,0.6949768662452698,0.31894667832167833,1786434803.3877993
2,808,0.6957672834396362,0.3177083333333333,1786434803.5586677
2,809,0.6029157638549805,0.3179956896551724,1786434803.734438
2,810,0.5782806873321533,0.3187071917808219,1786434803.9416232
2,811,0.5938342809677124,0.31802721088435376,1786434804.1426864
2,812,0.5802363157272339,0.3173564189189189,1786434804.3719523
2,813,0.6782196760177612,0.317743288590604,1786434804.541989
2,814,0.6704880595207214,0.31833333333333336,1786434804.705536
2,815,0.5881056189537048,0.3179842715231788,1786434804.8689904
2,816,0.5681567788124084,0.3178453947368421,1786434805.0342479
2,817,0.602482795715332,0.3180147058823529,1786434805.1953893
2,818,0.5447452068328857,0.3182832792207792,1786434805.383854
2,819,0.6431910991668701,0.31794354838709676,1786434805.5637348
2,820,0.6244416236877441,0.3178084935897436,1786434805.7355456
2,821,0.6146591305732727,0.3179737261146497,1786434806.1636658
2,822,0.6432672739028931,0.3180379746835443,1786434806.36248
2,823,0.603900671005249,0.31761006289308175,1786434806.534666
2,824,0.5409548282623291,0.317578125,1786434806.6979656
2,825,0.5892859101295471,0.3177406832298137,1786434806.8640032
2,826,0.6477824449539185,0.31790123456790126,1786434807.0349944
2,827,0.5678911805152893,0.3173888036809816,1786434807.2117724
2,828,0.5521731972694397,0.31774009146341464,1786434807.3873303
2,829,0.8408005833625793,0.31808712121212124,1786434807.5552652
2,830,0.6156703233718872,0.31842996987951805,1786434807.7619805
2,831,0.5604833364486694,0.3183944610778443,1786434807.9420145
2,832,0.6993374228477478,0.31798735119047616,1786434808.1108315
2,833,0.5814477801322937,0.3181397928994083,1786434808.5031626
2,834,0.6458431482315063,0.3177389705882353,1786434808.673817
2,835,0.6529267430305481,0.31743421052631576,1786434808.8544326
2,836,0.7048128843307495,0.31740552325581395,1786434809.0267313
2,837,0.4967925250530243,0.31728684971098264,1786434809.1890888
2,838,0.6068829894065857,0.3168103448275862,1786434809.3609679
2,839,0.729467511177063,0.3169642857142857,1786434809.5380425
2,840,0.6791986227035522,0.31685014204545453,1786434809.700251
2,841,0.6023209095001221,0.3171786723163842,1786434809.8862648
2,842,0.6449558138847351,0.31715238764044945,1786434810.0869503
2,843,0.6090631484985352,0.3165153631284916,1786434810.2703133
2,844,0.6433679461479187,0.31623263888888886,1786434810.4434552
2,845,0.6079540252685547,0.3161256906077348,1786434810.7211275
2,846,0.5884519219398499,0.3163633241758242,1786434810.9122481
2,847,0.6501986980438232,0.3157445355191257,1786434811.0861359
2,848,0.5693443417549133,0.3155570652173913,1786434811.2657492
2,849,0.643622875213623,0.31537162162162163,1786434811.4335887
2,850,0.6529945135116577,0.31518817204301075,1786434811.5980694
2,851,0.5837976932525635,0.31483957219251335,1786434811.7637813
2,852,0.5967869162559509,0.3151595744680851,1786434811.9407387
2,853,0.7110612392425537,0.31555886243386244,1786434812.1125808
2,854,0.5873214602470398,0.31595394736842103,1786434812.2934308
2,855,0.6202552318572998,0.31601767015706805,1786434812.489102
2,856,0.5668438673019409,0.3162434895833333,1786434812.6746347
2,857,0.566903293132782,0.3161431347150259,1786434812.9791105
2,858,0.5616036653518677,0.3156411082474227,1786434813.150901
2,859,0.6338140964508057,0.31506410256410255,1786434813.370509
2,860,0.6056258678436279,0.31544961734693877,1786434813.5359552
2,861,0.563905656337738,0.3153553299492386,1786434813.6995552
2,862,0.6373777389526367,0.31549873737373735,1786434813.8832238
2,863,0.5581297874450684,0.31571922110552764,1786434814.0546916
2,864,0.5866373777389526,0.315390625,1786434814.2173865
2,865,0.5568099021911621,0.31576492537313433,1786434814.3871408
2,866,0.5805776119232178,0.31520730198019803,1786434814.5910006
2,867,0.6002596616744995,0.31488608374384236,1786434814.7954204
2,868,0.5214998722076416,0.31449142156862747,1786434814.9741185
2,869,0.552659809589386,0.31432926829268293,1786434815.213526
2,870,0.6388525366783142,0.31424453883495146,1786434815.3839781
2,871,0.6420670747756958,0.3140096618357488,1786434815.5653412
2,872,0.548612117767334,0.314453125,1786434815.7299287
2,873,0.6331862211227417,0.31429425837320574,1786434815.8964555
2,874,0.661992609500885,0.3145089285714286,1786434816.0609033
2,875,0.5863406658172607,0.3142772511848341,1786434816.2247384
2,876,0.5423787236213684,0.3142688679245283,1786434816.3930395
2,877,0.5914696455001831,0.3142605633802817,1786434816.559666
2,878,0.6770836710929871,0.31410630841121495,1786434816.7406821
2,879,0.6013938784599304,0.31380813953488373,1786434817.0205426
2,880,0.6051576733589172,0.3140914351851852,1786434817.2765913
2,881,0.6112692952156067,0.3143721198156682,1786434817.5973656
2,882,0.6182058453559875,0.31536697247706424,1786434817.8641138
2,883,0.6357942223548889,0.3147117579908676,1786434818.0270376
2,884,0.5853971242904663,0.31484375,1786434818.1927829
2,885,0.5844545960426331,0.31504524886877827,1786434818.3666677
2,886,0.5689723491668701,0.31517454954954954,1786434818.537004
2,887,0.5823696255683899,0.31537275784753366,1786434818.7104049
2,888,0.5742515921592712,0.31556919642857145,1786434818.8775096
2,889,0.7443464994430542,0.3152083333333333,1786434819.0452414
2,890,0.5541723966598511,0.31561117256637167,1786434819.2781293
2,891,0.7591520547866821,0.3158039647577093,1786434819.5640473
2,892,0.6672767996788025,0.31606359649122806,1786434819.754124
2,893,0.5703794956207275,0.3156386462882096,1786434819.9476326
2,894,0.6247437596321106,0.3159646739130435,1786434820.1456075
2,895,0.5919634103775024,0.3158143939393939,1786434820.3386643
2,896,0.5793433785438538,0.3149919181034483,1786434820.5032632
2,897,0.6321995854377747,0.31511534334763946,1786434820.670234
2,898,0.6364505887031555,0.31530448717948717,1786434820.8383641
2,899,0.5677719712257385,0.3147606382978723,1786434821.0027714
2,900,0.626642644405365,0.3147510593220339,1786434821.178408
2,901,0.5198213458061218,0.31513713080168776,1786434821.37475
2,902,0.5092917680740356,0.31460084033613445,1786434821.5510762
2,903,0.610048770904541,0.314592050209205,1786434821.7231941
2,904,0.5588709115982056,0.3146484375,1786434821.9005392
2,905,0.5019412636756897,0.31392634854771784,1786434822.170298
2,906,0.6229005455970764,0.3137913223140496,1786434822.3638318
2,907,0.5659963488578796,0.31397890946502055,1786434822.5484884
2,908,0.5988775491714478,0.31442110655737704,1786434822.8762665
2,909,0.6262718439102173,0.3138392857142857,1786434823.046122
2,910,0.6415238380432129,0.31370680894308944,1786434823.2130892
2,911,0.6333766579627991,0.31351214574898784,1786434823.3827934
2,912,0.5964034199714661,0.3137600806451613,1786434823.5535712
2,913,0.68812096118927,0.31381777108433734,1786434823.7246253
2,914,0.6426883935928345,0.3144375,1786434823.8955507
2,915,0.5360110998153687,0.31442978087649404,1786434824.0641258
2,916,0.5859665870666504,0.31429811507936506,1786434824.2512536
2,917,0.681489884853363,0.3140439723320158,1786434824.5718234
2,918,0.5662990808486938,0.3141609251968504,1786434824.7379136
2,919,0.7019103169441223,0.3142156862745098,1786434824.9264536
2,920,0.6127246022224426,0.314208984375,1786434825.1820407
2,921,0.6312065124511719,0.3142023346303502,1786434825.3601596
2,922,0.6133028268814087,0.31413517441860467,1786434825.5368078
2,923,0.5424394607543945,0.31437017374517373,1786434825.7093565
2,924,0.6096355319023132,0.3141826923076923,1786434825.8804247
2,925,0.6170612573623657,0.3144755747126437,1786434826.0836997
2,926,0.6154806017875671,0.31446803435114506,1786434826.2746756
2,927,0.6944736838340759,0.3144605513307985,1786434826.455037
2,928,0.6180843710899353,0.3143939393939394,1786434826.630655
2,929,0.6242352724075317,0.3145047169811321,1786434826.8999743
2,930,0.6554137468338013,0.31479088345864664,1786434827.079212
2,931,0.6833475828170776,0.31484082397003743,1786434827.2737355
2,932,0.5279138684272766,0.3150652985074627,1786434827.5429602
2,933,0.6028749346733093,0.3152881040892193,1786434827.709902
2,934,0.6358857750892639,0.31539351851851855,1786434827.874788
2,935,0.6290299296379089,0.3154981549815498,1786434828.053329
2,936,0.6237881183624268,0.3157169117647059,1786434828.2227862
2,937,0.5627602338790894,0.3157623626373626,1786434828.4314878
2,938,0.5223737955093384,0.31597855839416056,1786434828.6176293
2,939,0.6490150690078735,0.31619318181818185,1786434828.7993767
2,940,0.6098086833953857,0.3164628623188406,1786434828.9762287
2,941,0.6288806796073914,0.31673059566787004,1786434829.184955
2,942,0.6278852224349976,0.31609712230215825,1786434829.3540857
2,943,0.6910002827644348,0.3161402329749104,1786434829.5167994
2,944,0.6311838626861572,0.3158482142857143,1786434829.8813484
2,945,0.6371800899505615,0.3157250889679715,1786434830.0596695
2,946,0.5690274834632874,0.31587987588652483,1786434830.2336736
2,947,0.5741482973098755,0.3159231448763251,1786434830.4117286
2,948,0.6479723453521729,0.3157460387323944,1786434830.6196084
2,949,0.5768457055091858,0.3157894736842105,1786434830.8200343
2,950,0.5966396331787109,0.3159965034965035,1786434830.9962275
2,951,0.571707546710968,0.3163109756097561,1786434831.1709201
2,952,0.6705512404441833,0.3165147569444444,1786434831.3477442
2,953,0.6171872615814209,0.3166089965397924,1786434831.5316947
2,954,0.560363233089447,0.316864224137931,1786434831.7020445
2,955,0.5994426012039185,0.3162585910652921,1786434831.8685656
2,956,0.5509313344955444,0.31640625,1786434832.2287848
2,957,0.4971930980682373,0.316339590443686,1786434832.3988354
2,958,0.5440495610237122,0.31653911564625853,1786434832.5637763
2,959,0.6023629307746887,0.3167372881355932,1786434832.7325826
2,960,0.6134558916091919,0.3168813344594595,1786434832.9015565
2,961,0.6146398186683655,0.3168139730639731,1786434833.0803695
2,962,0.5692086219787598,0.31711409395973156,1786434833.2593064
2,963,0.596355140209198,0.31720317725752506,1786434833.4510498
2,964,0.6378148794174194,0.31703125,1786434833.710633
2,965,0.54114830493927,0.317016196013289,1786434833.9056327
2,966,0.6433758735656738,0.3170012417218543,1786434834.076642
2,967,0.7236286997795105,0.3167285478547855,1786434834.266787
2,968,0.6182342767715454,0.3166632401315789,1786434834.5765235
2,969,0.6093522310256958,0.31654713114754096,1786434834.7661374
2,970,0.6586810350418091,0.3165849673202614,1786434834.9376035
2,971,0.6126874089241028,0.31672434853420195,1786434835.1105564
2,972,0.6085072159767151,0.3170150162337662,1786434835.3244274
2,973,0.6195043325424194,0.3172026699029126,1786434835.5310729
2,974,0.6492134928703308,0.31713709677419355,1786434835.7098446
2,975,0.6427382230758667,0.3172729099678457,1786434835.8824632
2,976,0.6088235974311829,0.31725761217948717,1786434836.083807
2,977,0.6189048886299133,0.31719249201277955,1786434836.245703
2,978,0.5986639261245728,0.3173765923566879,1786434836.40712
2,979,0.6431112885475159,0.31686507936507935,1786434836.5806308
2,980,0.6628574728965759,0.3167523734177215,1786434836.7475996
2,981,0.5800904631614685,0.31688682965299686,1786434836.9095254
2,982,0.5676509141921997,0.3171187106918239,1786434837.0998137
2,983,0.5751139521598816,0.31725117554858934,1786434837.2641065
2,984,0.5520728826522827,0.317236328125,1786434837.443222
2,985,0.5914212465286255,0.3171242211838006,1786434837.605642
2,986,0.6577004194259644,0.3174010093167702,1786434837.7681432
2,987,0.6040360331535339,0.31782120743034054,1786434837.9282625
2,988,0.6578587889671326,0.3178047839506173,1786434838.0894535
2,989,0.6208260655403137,0.318125,1786434838.2533636
2,990,0.6261308789253235,0.31829946319018404,1786434838.4140944
2,991,0.6213847398757935,0.3182817278287462,1786434838.572569
2,992,0.5886985063552856,0.31802591463414637,1786434838.7324634
2,993,0.5959212183952332,0.3177716565349544,1786434838.8956404
2,994,0.6462790966033936,0.31794507575757575,1786434839.0613265
2,995,0.580971360206604,0.3182118580060423,1786434839.2230945
2,996,0.6237484216690063,0.3178181475903614,1786434839.388993
3,997,0.5517871379852295,0.328125,1786434847.9971142
3,998,0.5939801335334778,0.3671875,1786434848.1718898
3,999,0.5792840719223022,0.375,1786434848.3345776
3,1000,0.5979006290435791,0.390625,1786434848.4979677
3,1001,0.49950411915779114,0.390625,1786434848.6617365
3,1002,0.6069414019584656,0.3880208333333333,1786434848.8234155
3,1003,0.5573757886886597,0.3950892857142857,1786434848.986194
3,1004,0.5233126282691956,0.373046875,1786434849.1490054
3,1005,0.5834100842475891,0.3663194444444444,1786434849.3200507
3,1006,0.7064673900604248,0.359375,1786434849.4823577
3,1007,0.6701381802558899,0.3508522727272727,1786434849.7125099
3,1008,0.6131736636161804,0.34765625,1786434849.914346
3,1009,0.5874132513999939,0.3485576923076923,1786434850.189518
3,1010,0.6277801990509033,0.3515625,1786434850.3576887
3,1011,0.579569399356842,0.3541666666666667,1786434850.5195577
3,1012,0.5500085353851318,0.3544921875,1786434850.6827037
3,1013,0.6159893870353699,0.35294117647058826,1786434850.8440304
3,1014,0.6546042561531067,0.3480902777777778,1786434851.0088928
3,1015,0.6021041870117188,0.3462171052631579,1786434851.1741703
3,1016,0.5669452548027039,0.3375,1786434851.3414865
3,1017,0.5921659469604492,0.33407738095238093,1786434851.537189
3,1018,0.5893400311470032,0.3359375,1786434851.698713
3,1019,0.6426021456718445,0.33016304347826086,1786434851.8659146
3,1020,0.5688157081604004,0.3326822916666667,1786434852.0814242
3,1021,0.5740827918052673,0.3325,1786434852.4995594
3,1022,0.6034538149833679,0.33052884615384615,1786434852.6642632
3,1023,0.5391325354576111,0.3292824074074074,1786434852.82798
3,1024,0.6211156249046326,0.32924107142857145,1786434852.9904833
3,1025,0.545823335647583,0.3297413793103448,1786434853.155585
3,1026,0.561427116394043,0.3307291666666667,1786434853.3198195
3,1027,0.6229029297828674,0.32913306451612906,1786434853.485364
3,1028,0.5800338387489319,0.32763671875,1786434853.6657674
3,1029,0.6171877980232239,0.32670454545454547,1786434853.8550193
3,1030,0.580578088760376,0.3249080882352941,1786434854.0348136
3,1031,0.6216683387756348,0.3236607142857143,1786434854.2176926
3,1032,0.5936673283576965,0.3237847222222222,1786434854.392825
3,1033,0.623599112033844,0.32432432432432434,1786434854.5692098
3,1034,0.6360920667648315,0.3236019736842105,1786434854.7397566
3,1035,0.5883485078811646,0.3229166666666667,1786434854.9065607
3,1036,0.5509970188140869,0.325390625,1786434855.0729005
3,1037,0.6842927932739258,0.32621951219512196,1786434855.2401793
3,1038,0.6651858687400818,0.3244047619047619,1786434855.4032269
3,1039,0.5827423930168152,0.326671511627907,1786434855.5646963
3,1040,0.5507146120071411,0.32776988636363635,1786434855.727319
3,1041,0.5359559059143066,0.32743055555555556,1786434855.8963282
3,1042,0.5475309491157532,0.33084239130434784,1786434856.1303935
3,1043,0.6130092144012451,0.33011968085106386,1786434856.3074946
3,1044,0.600315511226654,0.328125,1786434856.4902873
3,1045,0.59868323802948,0.3278061224489796,1786434856.6805844
3,1046,0.576683521270752,0.326875,1786434856.860537
3,1047,0.5651270151138306,0.32536764705882354,1786434857.0296357
3,1048,0.5894654989242554,0.32662259615384615,1786434857.1914465
3,1049,0.6457734107971191,0.3278301886792453,1786434857.356936
3,1050,0.6138218641281128,0.3287037037037037,1786434857.5191793
3,1051,0.5860846638679504,0.32926136363636366,1786434857.6809871
3,1052,0.6543254256248474,0.328125,1786434857.8421447
3,1053,0.6425323486328125,0.32894736842105265,1786434858.0063593
3,1054,0.5694228410720825,0.32731681034482757,1786434858.1927059
3,1055,0.6341500878334045,0.3273305084745763,1786434858.3745065
3,1056,0.6620360612869263,0.328125,1786434858.5425687
3,1057,0.6033719778060913,0.3271004098360656,1786434858.7073765
3,1058,0.5892753601074219,0.32913306451612906,1786434858.8888285
3,1059,0.6381070017814636,0.32837301587301587,1786434859.0915973
3,1060,0.6373472213745117,0.329833984375,1786434859.2548127
3,1061,0.5663986802101135,0.3310096153846154,1786434859.415265
3,1062,0.6406026482582092,0.3288352272727273,1786434859.577898
3,1063,0.6205678582191467,0.3295242537313433,1786434859.7433429
3,1064,0.573583722114563,0.32950367647058826,1786434859.9048982
3,1065,0.6163696646690369,0.3294836956521739,1786434860.0679219
3,1066,0.5777528285980225,0.328125,1786434860.2313108
3,1067,0.6298023462295532,0.3274647887323944,1786434860.467115
3,1068,0.6224043369293213,0.3259548611111111,1786434860.6544292
3,1069,0.6402338743209839,0.3242722602739726,1786434861.1375785
3,1070,0.597354531288147,0.32390202702702703,1786434861.339743
3,1071,0.5743982195854187,0.324375,1786434861.5057979
3,1072,0.583655595779419,0.3248355263157895,1786434861.6754508
3,1073,0.6085401773452759,0.3260957792207792,1786434861.83789
3,1074,0.5768827795982361,0.3255208333333333,1786434862.0024729
3,1075,0.5916923880577087,0.3259493670886076,1786434862.16557
3,1076,0.5866002440452576,0.3267578125,1786434862.385498
3,1077,0.5645297765731812,0.3271604938271605,1786434862.574247
3,1078,0.5835409164428711,0.32698170731707316,1786434862.7405245
3,1079,0.5541483163833618,0.3288780120481928,1786434862.908711
3,1080,0.5235941410064697,0.32924107142857145,1786434863.0783324
3,1081,0.621067464351654,0.328125,1786434863.2665045
3,1082,0.6610682606697083,0.328125,1786434863.437888
3,1083,0.7263122797012329,0.3272270114942529,1786434863.6041987
3,1084,0.6049848794937134,0.3259943181818182,1786434863.7724688
3,1085,0.5290711522102356,0.32759831460674155,1786434863.9374368
3,1086,0.6554980874061584,0.3269097222222222,1786434864.1041586
3,1087,0.7160259485244751,0.32640796703296704,1786434864.267827
3,1088,0.6425958871841431,0.32761548913043476,1786434864.4758701
3,1089,0.6370512247085571,0.32577284946236557,1786434864.6383135
3,1090,0.6622416377067566,0.3257978723404255,1786434864.860309
3,1091,0.5502704381942749,0.3268092105263158,1786434865.0455122
3,1092,0.6462097764015198,0.3268229166666667,1786434865.237623
3,1093,0.5712306499481201,0.3269974226804124,1786434865.6148148
3,1094,0.5625686049461365,0.32653061224489793,1786434865.7766168
3,1095,0.5567030906677246,0.32702020202020204,1786434865.9400291
3,1096,0.604640781879425,0.32796875,1786434866.1039593
3,1097,0.5678105354309082,0.327970297029703,1786434866.2680159
3,1098,0.5069522857666016,0.3290441176470588,1786434866.4297934
3,1099,0.5656177401542664,0.3290351941747573,1786434866.5999272
3,1100,0.6334936618804932,0.32872596153846156,1786434866.7613628
3,1101,0.6397545337677002,0.3287202380952381,1786434866.98947
3,1102,0.6397603154182434,0.32856721698113206,1786434867.1591718
3,1103,0.5551527142524719,0.3282710280373832,1786434867.3578804
3,1104,0.5828499794006348,0.3292824074074074,1786434867.526963
3,1105,0.5572727918624878,0.3297018348623853,1786434867.7131436
3,1106,0.5448797345161438,0.32911931818181817,1786434867.8801541
3,1107,0.5630282163619995,0.3292511261261261,1786434868.04354
3,1108,0.5959426164627075,0.32882254464285715,1786434868.205708
3,1109,0.6332266330718994,0.3288163716814159,1786434868.3676777
3,1110,0.6843975782394409,0.32908442982456143,1786434868.5328722
3,1111,0.6299991607666016,0.32907608695652174,1786434868.692617
3,1112,0.5543495416641235,0.3285290948275862,1786434868.8570096
3,1113,0.6191564798355103,0.32905982905982906,1786434869.055728
3,1114,0.6422539949417114,0.3283898305084746,1786434869.2454448
3,1115,0.7169525027275085,0.3272058823529412,1786434869.4219444
3,1116,0.5485687851905823,0.326953125,1786434869.6167023
3,1117,0.6222794055938721,0.3263171487603306,1786434869.8143992
3,1118,0.6348901391029358,0.3265881147540984,1786434870.000782
3,1119,0.580272376537323,0.32698170731707316,1786434870.164439
3,1120,0.613534688949585,0.32673891129032256,1786434870.3263326
3,1121,0.6090269088745117,0.32725,1786434870.4892554
3,1122,0.6159169673919678,0.3267609126984127,1786434870.6556807
3,1123,0.57919842004776,0.32714074803149606,1786434870.8165
3,1124,0.5136096477508545,0.327392578125,1786434871.006903
3,1125,0.5531837940216064,0.32751937984496127,1786434871.2258904
3,1126,0.6153969764709473,0.32716346153846154,1786434871.4184053
3,1127,0.6274316906929016,0.32740935114503816,1786434871.6187894
3,1128,0.5970615148544312,0.32765151515151514,1786434871.8059282
3,1129,0.6674758791923523,0.32730263157894735,1786434871.9727595
3,1130,0.5855299234390259,0.3269589552238806,1786434872.1574085
3,1131,0.6433151960372925,0.32685185185185184,1786434872.322652
3,1132,0.5621570348739624,0.3270909926470588,1786434872.4846368
3,1133,0.5636768937110901,0.32755474452554745,1786434872.6494682
3,1134,0.6212965846061707,0.32687952898550726,1786434872.8162036
3,1135,0.6635638475418091,0.3266636690647482,1786434872.9766695
3,1136,0.5488726496696472,0.3265625,1786434873.1775265
3,1137,0.5607505440711975,0.3270168439716312,1786434873.3716633
3,1138,0.5787559747695923,0.32680457746478875,1786434873.545469
3,1139,0.5960888266563416,0.3268138111888112,1786434873.7182188
3,1140,0.6050901412963867,0.3263888888888889,1786434873.8841798
3,1141,0.6170996427536011,0.3269396551724138,1786434874.0722892
3,1142,0.5795726776123047,0.3266267123287671,1786434874.237615
3,1143,0.5357632040977478,0.32674319727891155,1786434874.403133
3,1144,0.6650562882423401,0.3263302364864865,1786434874.56625
3,1145,0.5829906463623047,0.3260276845637584,1786434874.7317526
3,1146,0.6544478535652161,0.3259375,1786434874.895515
3,1147,0.5835285186767578,0.32584850993377484,1786434875.0606008
3,1148,0.49835866689682007,0.32637746710526316,1786434875.223545
3,1149,0.6247369050979614,0.3266952614379085,1786434875.4375653
3,1150,0.533852756023407,0.32721185064935066,1786434875.688444
3,1151,0.6178438663482666,0.3270161290322581,1786434875.873024
3,1152,0.5604428052902222,0.32642227564102566,1786434876.0566962
3,1153,0.5196407437324524,0.32643312101910826,1786434876.2345946
3,1154,0.5365732312202454,0.3260482594936709,1786434876.413352
3,1155,0.6217195987701416,0.3263561320754717,1786434876.586891
3,1156,0.5780784487724304,0.32666015625,1786434876.790028
3,1157,0.5709241628646851,0.32579580745341613,1786434876.962784
3,1158,0.642282247543335,0.3256172839506173,1786434877.1373005
3,1159,0.6390408277511597,0.32611196319018404,1786434877.3075244
3,1160,0.6337813138961792,0.32574314024390244,1786434877.4815674
3,1161,0.6067830920219421,0.3253787878787879,1786434877.6442208
3,1162,0.5599217414855957,0.3253012048192771,1786434877.818125
3,1163,0.5846796035766602,0.3250374251497006,1786434878.0495288
3,1164,0.6341328024864197,0.3247767857142857,1786434878.2518594
3,1165,0.6083133220672607,0.32535133136094674,1786434878.6758802
3,1166,0.606904923915863,0.32472426470588234,1786434878.9097188
3,1167,0.672288179397583,0.323921783625731,1786434879.0852015
3,1168,0.5303390026092529,0.32440043604651164,1786434879.2515182
3,1169,0.5912434458732605,0.32442196531791906,1786434879.4208045
3,1170,0.5970427989959717,0.32372485632183906,1786434879.5981839
3,1171,0.6442537307739258,0.32321428571428573,1786434879.7691765
3,1172,0.5527797937393188,0.32288707386363635,1786434879.9391344
3,1173,0.5541486144065857,0.3227401129943503,1786434880.1119213
3,1174,0.5893117785453796,0.32294592696629215,1786434880.3050292
3,1175,0.5973961353302002,0.3229748603351955,1786434880.488165
3,1176,0.5505532622337341,0.32317708333333334,1786434880.678807
3,1177,0.5571323037147522,0.3233770718232044,1786434880.8888547
3,1178,0.5572468042373657,0.3233173076923077,1786434881.0533543
3,1179,0.5953356027603149,0.3234289617486339,1786434881.2172053
3,1180,0.6367579698562622,0.3236243206521739,1786434881.3958097
3,1181,0.6495121717453003,0.32322635135135136,1786434881.5548651
3,1182,0.6053886413574219,0.3229166666666667,1786434881.7136846
3,1183,0.6182347536087036,0.3224431818181818,1786434881.8844247
3,1184,0.5734007954597473,0.3226396276595745,1786434882.0546997
3,1185,0.635266900062561,0.32242063492063494,1786434882.2368546
3,1186,0.5429858565330505,0.3226151315789474,1786434882.4266706
3,1187,0.6111149191856384,0.3225621727748691,1786434882.6150415
3,1188,0.5723426342010498,0.3223470052083333,1786434882.7881155
3,1189,0.5486760139465332,0.3223769430051813,1786434883.0018075
3,1190,0.611333966255188,0.3229703608247423,1786434883.1838994
3,1191,0.5800836682319641,0.32267628205128207,1786434883.3512354
3,1192,0.5716526508331299,0.32310267857142855,1786434883.5183635
3,1193,0.5076616406440735,0.32336611675126903,1786434883.6881874
3,1194,0.5823069214820862,0.32402146464646464,1786434883.8580048
3,1195,0.6349254250526428,0.3244346733668342,1786434884.0230138
3,1196,0.6123642921447754,0.32484375,1786434884.1821504
3,1197,0.5591835975646973,0.3256374378109453,1786434884.3617265
3,1198,0.5793087482452393,0.3259591584158416,1786434884.5420427
3,1199,0.5785716772079468,0.32620073891625617,1786434884.7306
3,1200,0.6474515795707703,0.32598039215686275,1786434884.9071536
3,1201,0.6252973079681396,0.3259908536585366,1786434885.083144
3,1202,0.689915657043457,0.3261529126213592,1786434885.276258
3,1203,0.6132056713104248,0.32608695652173914,1786434885.4436734
3,1204,0.6174229979515076,0.32579627403846156,1786434885.6057515
3,1205,0.6964203715324402,0.32558313397129185,1786434885.7712898
3,1206,0.6373351812362671,0.3254464285714286,1786434885.9835978
3,1207,0.632304310798645,0.325311018957346,1786434886.149694
3,1208,0.5811771154403687,0.3253242924528302,1786434886.3136137
3,1209,0.6365659236907959,0.3251907276995305,1786434886.4793487
3,1210,0.540023684501648,0.32513142523364486,1786434886.6482713
3,1211,0.7176346778869629,0.32521802325581395,1786434886.8230596
3,1212,0.5845680236816406,0.32544849537037035,1786434887.0303853
3,1213,0.5844486951828003,0.32538882488479265,1786434887.240686
3,1214,0.5622695088386536,0.325401376146789,1786434887.4684386
3,1215,0.4827413558959961,0.3261986301369863,1786434887.6424277
3,1216,0.4856427311897278,0.3262073863636364,1786434887.8188727
3,1217,0.6349968910217285,0.3264281674208145,1786434887.982506
3,1218,0.5536738038063049,0.32580236486486486,1786434888.1498063
3,1219,0.5644999742507935,0.32525224215246634,1786434888.316082
3,1220,0.6143104434013367,0.32442801339285715,1786434888.523372
3,1221,0.6117127537727356,0.324375,1786434888.6863468
3,1222,0.5905162692070007,0.32473727876106195,1786434888.8865519
3,1223,0.6816173791885376,0.3248210352422907,1786434889.0601733
3,1224,0.6389253735542297,0.3248355263157895,1786434889.2559774
3,1225,0.6013585329055786,0.3249863537117904,1786434889.5568104
3,1226,0.6080397963523865,0.32438858695652173,1786434889.7466457
3,1227,0.6557412147521973,0.3241341991341991,1786434889.9121459
3,1228,0.5773030519485474,0.32415140086206895,1786434890.0754514
3,1229,0.6801002025604248,0.3240343347639485,1786434890.2404587
3,1230,0.5922043323516846,0.32398504273504275,1786434890.4028962
3,1231,0.6036847829818726,0.32393617021276594,1786434890.56565
3,1232,0.5792862176895142,0.32421875,1786434890.728919
3,1233,0.5630486607551575,0.3245648734177215,1786434890.9180617
3,1234,0.5349083542823792,0.3253019957983193,1786434891.098898
3,1235,0.5000964403152466,0.3255753138075314,1786434891.267
3,1236,0.6049889922142029,0.32578125,1786434891.4558094
3,1237,0.6778067946434021,0.3252723029045643,1786434891.6314814
3,1238,0.5839090943336487,0.3253486570247934,1786434891.8315973
3,1239,0.6475122570991516,0.3252957818930041,1786434892.0467176
3,1240,0.5575538277626038,0.3251152663934426,1786434892.212822
3,1241,0.5767465829849243,0.3249362244897959,1786434892.374842
3,1242,0.5751915574073792,0.3247586382113821,1786434892.535874
3,1243,0.6162895560264587,0.3245192307692308,1786434892.6995802
3,1244,0.5446470975875854,0.3243447580645161,1786434892.864323
3,1245,0.5822151303291321,0.32392068273092367,1786434893.0554433
3,1246,0.5649444460868835,0.324375,1786434893.239425
3,1247,0.5286332368850708,0.32445219123505975,1786434893.4046593
3,1248,0.5897029638290405,0.32446676587301587,1786434893.6031203
3,1249,0.5185452699661255,0.32429594861660077,1786434893.8095884
3,1250,0.6366497278213501,0.32424950787401574,1786434893.9758475
3,1251,0.5724574327468872,0.32457107843137256,1786434894.137423
3,1252,0.5695456266403198,0.32415771484375,1786434894.4187312
3,1253,0.531827449798584,0.3242339494163424,1786434894.580707
3,1254,0.5491175055503845,0.3244307170542636,1786434894.742102
3,1255,0.6004877686500549,0.32468629343629346,1786434894.9044888
3,1256,0.5469872951507568,0.3248798076923077,1786434895.0842237
3,1257,0.5476676821708679,0.3251915708812261,1786434895.2487068
3,1258,0.5535320043563843,0.3256202290076336,1786434895.4149988
3,1259,0.639591634273529,0.32515446768060835,1786434895.5789065
3,1260,0.5379512310028076,0.3253432765151515,1786434895.7477334
3,1261,0.6174229383468628,0.3252948113207547,1786434895.939551
3,1262,0.6333248019218445,0.3254816729323308,1786434896.1064267
3,1263,0.6493940353393555,0.3249063670411985,1786434896.297789
3,1264,0.5560749769210815,0.3248017723880597,1786434896.779992
3,1265,0.5779959559440613,0.32417518587360594,1786434896.9429905
3,1266,0.549706757068634,0.3241898148148148,1786434897.105192
3,1267,0.5560123324394226,0.3239160516605166,1786434897.3691728
3,1268,0.6155840158462524,0.32370174632352944,1786434897.5451462
3,1269,0.7047427296638489,0.32354624542124544,1786434897.7335427
3,1270,0.630622148513794,0.3230497262773723,1786434897.926493
3,1271,0.5849928855895996,0.3227840909090909,1786434898.1177745
3,1272,0.576250433921814,0.3227468297101449,1786434898.2777236
3,1273,0.602569580078125,0.3221457581227437,1786434898.5292215
3,1274,0.6079563498497009,0.3221110611510791,1786434898.6928596
3,1275,0.6315426826477051,0.32213261648745517,1786434898.8658645
3,1276,0.6306564211845398,0.3223214285714286,1786434899.0342784
3,1277,0.6346830725669861,0.3223420818505338,1786434899.19775
3,1278,0.6103867292404175,0.3226396276595745,1786434899.3849096
3,1279,0.609723687171936,0.322714222614841,1786434899.5445514
3,1280,0.5435327887535095,0.3226782570422535,1786434899.708249
3,1281,0.6239325404167175,0.3225328947368421,1786434899.8796005
3,1282,0.5192246437072754,0.32271634615384615,1786434900.1326172
3,1283,0.6116201877593994,0.3227896341463415,1786434900.3110945
3,1284,0.5627758502960205,0.3226996527777778,1786434900.4788134
3,1285,0.6533332467079163,0.32288062283737023,1786434900.660216
3,1286,0.5731150507926941,0.32316810344827585,1786434900.8256502
3,1287,0.6095290184020996,0.3232388316151203,1786434900.9888387
3,1288,0.6103848218917847,0.323416095890411,1786434901.292614
3,1289,0.6207165718078613,0.32364547781569963,1786434901.4595795
3,1290,0.577135443687439,0.32382015306122447,1786434901.6625054
3,1291,0.6437724828720093,0.32346398305084745,1786434901.8292224
3,1292,0.6805551648139954,0.3230046452702703,1786434902.0013385
3,1293,0.6619964241981506,0.32333754208754206,1786434902.18777
3,1294,0.6332806348800659,0.3234060402684564,1786434902.3635225
3,1295,0.6036620736122131,0.3235263377926421,1786434902.5631683
3,1296,0.56880784034729,0.32395833333333335,1786434902.7284932
3,1297,0.5962918400764465,0.3238683554817276,1786434902.911156
3,1298,0.5548020601272583,0.32352028145695366,1786434903.081159
3,1299,0.5341559648513794,0.32363861386138615,1786434903.2576694
3,1300,0.5744735598564148,0.3239617598684211,1786434903.416582
3,1301,0.5588499307632446,0.32387295081967216,1786434903.5802176
3,1302,0.5873068571090698,0.3236825980392157,1786434903.7441142
3,1303,0.5884628295898438,0.32344258957654726,1786434903.947026
3,1304,0.6160193681716919,0.3236099837662338,1786434904.1415548
3,1305,0.5251186490058899,0.3238268608414239,1786434904.3275642
3,1306,0.557400643825531,0.32399193548387095,1786434904.524583
3,1307,0.5827174186706543,0.3240554662379421,1786434904.7245998
3,1308,0.6391584277153015,0.32396834935897434,1786434904.9223297
3,1309,0.6655501127243042,0.3240315495207668,1786434905.096634
3,1310,0.535851776599884,0.32404458598726116,1786434905.2980182
3,1311,0.6651747822761536,0.3236607142857143,1786434905.4587522
3,1312,0.5970461368560791,0.32382318037974683,1786434905.619691
3,1313,0.6232004761695862,0.3239846214511041,1786434905.7761981
3,1314,0.6351243257522583,0.3238993710691824,1786434905.962677
3,1315,0.651925265789032,0.3234228056426332,1786434906.1201448
3,1316,0.6401999592781067,0.3234375,1786434906.2773917
3,1317,0.5831048488616943,0.3235981308411215,1786434906.4538252
3,1318,0.6060542464256287,0.3234180900621118,1786434906.608127
3,1319,0.6809774041175842,0.3234326625386997,1786434906.7649333
3,1320,0.5884246826171875,0.3235918209876543,1786434906.9194846
3,1321,0.6291666030883789,0.32375,1786434907.073191
3,1322,0.631529688835144,0.323715490797546,1786434907.2276382
3,1323,0.5133137702941895,0.32344227828746175,1786434907.384175
3,1324,0.7056717276573181,0.32321836890243905,1786434907.5411344
3,1325,0.5683756470680237,0.32332826747720367,1786434907.6946576
3,1326,0.5989285111427307,0.3234848484848485,1786434907.8517704
3,1327,0.7063955068588257,0.3234988670694864,1786434908.0085266
3,1328,0.6354807019233704,0.3235598644578313,1786434908.1654665
4,1329,0.5765910744667053,0.3125,1786434918.4735432
4,1330,0.6105359792709351,0.3515625,1786434918.9310594
4,1331,0.6087556481361389,0.3541666666666667,1786434919.1110396
4,1332,0.5657835006713867,0.33984375,1786434919.2756085
4,1333,0.6357809901237488,0.334375,1786434919.439824
4,1334,0.6093716621398926,0.3229166666666667,1786434919.6027958
4,1335,0.5905686616897583,0.32142857142857145,1786434919.763793
4,1336,0.6484580039978027,0.3125,1786434919.9331405
4,1337,0.5981495380401611,0.3107638888888889,1786434920.1205974
4,1338,0.5575419664382935,0.309375,1786434920.2896476
4,1339,0.6194553971290588,0.3068181818181818,1786434920.5064065
4,1340,0.5759440660476685,0.30859375,1786434920.6846523
4,1341,0.5433943271636963,0.3137019230769231,1786434920.889289
4,1342,0.6184808015823364,0.3169642857142857,1786434921.0566778
4,1343,0.5960249304771423,0.3145833333333333,1786434921.219467
4,1344,0.6277034878730774,0.32421875,1786434921.3845637
4,1345,0.6112630367279053,0.328125,1786434921.5521827
4,1346,0.56648850440979,0.3229166666666667,1786434921.7164035
4,1347,0.6083409190177917,0.32648026315789475,1786434921.8793695
4,1348,0.6034495234489441,0.32890625,1786434922.041662
4,1349,0.5727314352989197,0.3325892857142857,1786434922.2093222
4,1350,0.6828212738037109,0.33238636363636365,1786434922.3757267
4,1351,0.62009197473526,0.328125,1786434922.5443006
4,1352,0.49815040826797485,0.3313802083333333,1786434922.7141852
4,1353,0.5631312727928162,0.330625,1786434922.896404
4,1354,0.5733458995819092,0.3293269230769231,1786434923.0590484
4,1355,0.6076505184173584,0.33101851851851855,1786434923.2520535
4,1356,0.5779430866241455,0.33482142857142855,1786434923.420001
4,1357,0.6654541492462158,0.33135775862068967,1786434923.5889053
4,1358,0.5708619952201843,0.33177083333333335,1786434923.758317
4,1359,0.6477208137512207,0.3336693548387097,1786434923.9201305
4,1360,0.6732339859008789,0.3369140625,1786434924.090961
4,1361,0.7008926868438721,0.3352272727272727,1786434924.2684624
4,1362,0.6378976106643677,0.3359375,1786434924.4764555
4,1363,0.5376385450363159,0.3357142857142857,1786434924.6977358
4,1364,0.6419255137443542,0.3324652777777778,1786434924.8947997
4,1365,0.6326626539230347,0.33361486486486486,1786434925.0664532
4,1366,0.6205980181694031,0.3359375,1786434925.2371202
4,1367,0.69979327917099,0.3389423076923077,1786434925.428514
4,1368,0.6132614016532898,0.3375,1786434925.5933273
4,1369,0.5305322408676147,0.3361280487804878,1786434925.756402
4,1370,0.6406377553939819,0.3359375,1786434925.9192235
4,1371,0.6026076078414917,0.33502906976744184,1786434926.0900779
4,1372,0.5276911854743958,0.3370028409090909,1786434926.29885
4,1373,0.564466118812561,0.33541666666666664,1786434926.4653273
4,1374,0.5801466703414917,0.33322010869565216,1786434926.650228
4,1375,0.5931990146636963,0.33111702127659576,1786434926.870901
4,1376,0.572433352470398,0.3310546875,1786434927.0901012
4,1377,0.6063467860221863,0.33163265306122447,1786434927.269949
4,1378,0.5725061893463135,0.3321875,1786434927.4683104
4,1379,0.6063736081123352,0.32965686274509803,1786434927.6336188
4,1380,0.5888053774833679,0.3278245192307692,1786434927.7998915
4,1381,0.5978419780731201,0.3275353773584906,1786434927.9642208
4,1382,0.5283032059669495,0.3272569444444444,1786434928.1284018
4,1383,0.5785446166992188,0.32840909090909093,1786434928.289831
4,1384,0.5320371985435486,0.328125,1786434928.45277
4,1385,0.6104153394699097,0.328125,1786434928.65259
4,1386,0.6634916663169861,0.3270474137931034,1786434928.842563
4,1387,0.5502080917358398,0.3278601694915254,1786434929.0240877
4,1388,0.5292808413505554,0.32864583333333336,1786434929.1958764
4,1389,0.5670266151428223,0.3271004098360656,1786434929.3958287
4,1390,0.6240376234054565,0.3268649193548387,1786434929.5602555
4,1391,0.5857884883880615,0.3271329365079365,1786434929.773741
4,1392,0.6750861406326294,0.326416015625,1786434929.9372032
4,1393,0.6315445899963379,0.32572115384615385,1786434930.1030996
4,1394,0.5273481011390686,0.3269412878787879,1786434930.2682595
4,1395,0.490289568901062,0.32719216417910446,1786434930.4288526
4,1396,0.5554110407829285,0.3272058823529412,1786434930.5936866
4,1397,0.6800501942634583,0.3272192028985507,1786434930.7977529
4,1398,0.5744096040725708,0.32723214285714286,1786434930.9627504
4,1399,0.6155295372009277,0.328125,1786434931.1931674
4,1400,0.5628615617752075,0.328125,1786434931.3933063
4,1401,0.6764266490936279,0.3276969178082192,1786434931.6102655
4,1402,0.6115652322769165,0.3298141891891892,1786434931.7764113
4,1403,0.6653391718864441,0.3277083333333333,1786434931.95339
4,1404,0.5171483755111694,0.32791940789473684,1786434932.1179647
4,1405,0.5728487968444824,0.32853084415584416,1786434932.2849543
4,1406,0.6544290781021118,0.3265224358974359,1786434932.4532645
4,1407,0.5768800973892212,0.32654272151898733,1786434932.6686974
4,1408,0.5576585531234741,0.326953125,1786434932.8511956
4,1409,0.6519135236740112,0.3287037037037037,1786434933.047641
4,1410,0.5972750186920166,0.32926829268292684,1786434933.2105603
4,1411,0.5449634790420532,0.32963102409638556,1786434933.3886333
4,1412,0.610834538936615,0.32775297619047616,1786434933.5899947
4,1413,0.5646660327911377,0.32628676470588236,1786434933.7748811
4,1414,0.6979331374168396,0.3261264534883721,1786434933.9543881
4,1415,0.6458351016044617,0.3272270114942529,1786434934.1188052
4,1416,0.6135232448577881,0.3272372159090909,1786434934.4995818
4,1417,0.6170587539672852,0.32672050561797755,1786434934.6656702
4,1418,0.7400528788566589,0.3265625,1786434934.8337164
4,1419,0.5120710134506226,0.3269230769230769,1786434935.013264
4,1420,0.6764224767684937,0.3265964673913043,1786434935.2068107
4,1421,0.59828782081604,0.32610887096774194,1786434935.3670447
4,1422,0.5325911045074463,0.3262965425531915,1786434935.5365765
4,1423,0.5986036658287048,0.3274671052631579,1786434935.707284
4,1424,0.5704920291900635,0.3279622395833333,1786434935.87149
4,1425,0.6144475340843201,0.3282860824742268,1786434936.0494487
4,1426,0.5719871520996094,0.3278061224489796,1786434936.2126398
4,1427,0.555659830570221,0.32875631313131315,1786434936.4115915
4,1428,0.594822883605957,0.3296875,1786434936.5731218
4,1429,0.6504002809524536,0.32982673267326734,1786434936.785977
4,1430,0.6301332712173462,0.32981004901960786,1786434936.9512298
4,1431,0.6154927611351013,0.3294902912621359,1786434937.1125581
4,1432,0.558380126953125,0.3297776442307692,1786434937.3011203
4,1433,0.5240592956542969,0.3294642857142857,1786434937.4888647
4,1434,0.5655668377876282,0.3290094339622642,1786434937.652911
4,1435,0.5247790217399597,0.3294392523364486,1786434937.8479633
4,1436,0.5928211212158203,0.3308738425925926,1786434938.0327356
4,1437,0.514105498790741,0.33170871559633025,1786434938.2879343
4,1438,0.6557601690292358,0.3308238636363636,1786434938.4619396
4,1439,0.6227856874465942,0.3309403153153153,1786434938.635705
4,1440,0.6091603636741638,0.33119419642857145,1786434938.9462705
4,1441,0.5649503469467163,0.3300608407079646,1786434939.1126928
4,1442,0.641754686832428,0.33086622807017546,1786434939.2782514
4,1443,0.7254852056503296,0.3311141304347826,1786434939.456807
4,1444,0.5916481018066406,0.33122306034482757,1786434939.6216302
4,1445,0.6275795698165894,0.33226495726495725,1786434939.816628
4,1446,0.6284524202346802,0.3324947033898305,1786434940.024517
4,1447,0.6186054348945618,0.3315388655462185,1786434940.21203
4,1448,0.5597009658813477,0.33151041666666664,1786434940.3996472
4,1449,0.5331134796142578,0.33199896694214875,1786434940.600625
4,1450,0.6581859588623047,0.33107069672131145,1786434940.7686107
4,1451,0.6843745708465576,0.3307926829268293,1786434940.9345534
4,1452,0.5401864051818848,0.33064516129032256,1786434941.267634
4,1453,0.7045437097549438,0.330125,1786434941.4320612
4,1454,0.6345598697662354,0.33023313492063494,1786434941.6082923
4,1455,0.5380850434303284,0.33095472440944884,1786434941.7778234
4,1456,0.6081972718238831,0.3310546875,1786434941.9492667
4,1457,0.5630596876144409,0.3318798449612403,1786434942.133263
4,1458,0.6028661727905273,0.33161057692307694,1786434942.321905
4,1459,0.5944929718971252,0.33110687022900764,1786434942.51734
4,1460,0.6376851797103882,0.3314393939393939,1786434942.7094884
4,1461,0.7290138006210327,0.3317669172932331,1786434942.8744276
4,1462,0.7020888924598694,0.332089552238806,1786434943.0367703
4,1463,0.5922757387161255,0.3320601851851852,1786434943.2023818
4,1464,0.6103636026382446,0.3322610294117647,1786434943.440095
4,1465,0.7184944152832031,0.33211678832116787,1786434943.6493704
4,1466,0.6238749027252197,0.3326539855072464,1786434943.8128765
4,1467,0.5357351899147034,0.33205935251798563,1786434943.974162
4,1468,0.6253887414932251,0.33203125,1786434944.13844
4,1469,0.5287975072860718,0.33266843971631205,1786434944.3250666
4,1470,0.5737544298171997,0.33285651408450706,1786434944.492232
4,1471,0.6601173877716064,0.3329326923076923,1786434944.668652
4,1472,0.5826502442359924,0.3326822916666667,1786434944.8638027
4,1473,0.6263235807418823,0.3324353448275862,1786434945.0293148
4,1474,0.6083076596260071,0.3332619863013699,1786434945.1943028
4,1475,0.513008713722229,0.33365221088435376,1786434945.376897
4,1476,0.5725947022438049,0.33361486486486486,1786434945.6187696
4,1477,0.5985422134399414,0.3341023489932886,1786434945.7819605
4,1478,0.5950935482978821,0.3332291666666667,1786434945.9493525
4,1479,0.5789139270782471,0.334023178807947,1786434946.1467361
4,1480,0.625467836856842,0.33377878289473684,1786434946.3366926
4,1481,0.6196388602256775,0.33374183006535946,1786434946.5039308
4,1482,0.5801664590835571,0.3339082792207792,1786434946.7001743
4,1483,0.5609145760536194,0.33356854838709676,1786434946.8995228
4,1484,0.5664121508598328,0.3334334935897436,1786434947.0925426
4,1485,0.6373177766799927,0.33290207006369427,1786434947.2582011
4,1486,0.613719642162323,0.33336629746835444,1786434947.42186
4,1487,0.5700972676277161,0.3334316037735849,1786434947.655005
4,1488,0.5979709625244141,0.33349609375,1786434947.9249356
4,1489,0.6167903542518616,0.33249223602484473,1786434948.0911753
4,1490,0.5500627160072327,0.33198302469135804,1786434948.2654963
4,1491,0.6971393823623657,0.33195935582822084,1786434948.430991
4,1492,0.5775841474533081,0.3321265243902439,1786434948.6284754
4,1493,0.5057032108306885,0.3321022727272727,1786434948.8149586
4,1494,0.6028817296028137,0.33189006024096385,1786434948.98047
4,1495,0.563561201095581,0.33111901197604793,1786434949.1519291
4,1496,0.516511857509613,0.33091517857142855,1786434949.3158882
4,1497,0.5199352502822876,0.33052884615384615,1786434949.4833922
4,1498,0.5639840364456177,0.33088235294117646,1786434949.6852946
4,1499,0.571090042591095,0.33104897660818716,1786434949.8817956
4,1500,0.5521441102027893,0.33112281976744184,1786434950.080751
4,1501,0.610318660736084,0.3313764450867052,1786434950.2691655
4,1502,0.5547566413879395,0.3312679597701149,1786434950.435364
4,1503,0.5653218626976013,0.3314285714285714,1786434950.6343453
4,1504,0.6522224545478821,0.33167613636363635,1786434950.8298407
4,1505,0.6496629118919373,0.3320974576271186,1786434951.0238883
4,1506,0.6175897717475891,0.331811797752809,1786434951.190866
4,1507,0.6203362941741943,0.3317912011173184,1786434951.3850768
4,1508,0.6004366874694824,0.3324652777777778,1786434951.5892367
4,1509,0.5863721966743469,0.3317506906077348,1786434951.8049912
4,1510,0.6402799487113953,0.3319883241758242,1786434951.9796848
4,1511,0.6312209367752075,0.3320525956284153,1786434952.142964
4,1512,0.597103476524353,0.3326256793478261,1786434952.3068442
4,1513,0.6681932210922241,0.3326013513513513,1786434952.5095031
4,1514,0.527104377746582,0.3324092741935484,1786434952.7003887
4,1515,0.6720849871635437,0.3322192513368984,1786434952.89367
4,1516,0.5548780560493469,0.33252992021276595,1786434953.067145
4,1517,0.6566837430000305,0.33283730158730157,1786434953.3136902
4,1518,0.5471159219741821,0.3325657894736842,1786434953.49802
4,1519,0.6499825716018677,0.3327061518324607,1786434953.6797125
4,1520,0.6333844661712646,0.3326822916666667,1786434953.8404918
4,1521,0.5718410015106201,0.3326586787564767,1786434954.0243013
4,1522,0.681165337562561,0.3323936855670103,1786434954.1979117
4,1523,0.5454156398773193,0.33261217948717947,1786434954.358124
4,1524,0.5938352942466736,0.3323501275510204,1786434954.542161
4,1525,0.5410939455032349,0.3321700507614213,1786434954.7062576
4,1526,0.668796181678772,0.3319128787878788,1786434954.9066114
4,1527,0.5177683234214783,0.332286432160804,1786434955.083169
4,1528,0.6214964389801025,0.33296875,1786434955.2464578
4,1529,0.5615565776824951,0.3327114427860697,1786434955.436233
4,1530,0.6191438436508179,0.33245668316831684,1786434955.6074154
4,1531,0.6505285501480103,0.33251231527093594,1786434955.8055043
4,1532,0.5615363121032715,0.33279718137254904,1786434955.978342
4,1533,0.5822262167930603,0.3332317073170732,1786434956.1445067
4,1534,0.5599411725997925,0.3326759708737864,1786434956.3165507
4,1535,0.6489555835723877,0.33318236714975846,1786434956.4788797
4,1536,0.6236382722854614,0.33315805288461536,1786434956.6432242
4,1537,0.6312678456306458,0.33358253588516745,1786434956.8098714
4,1538,0.6144722104072571,0.3331845238095238,1786434957.032037
4,1539,0.6688120365142822,0.33301244075829384,1786434957.241215
4,1540,0.6105312705039978,0.33284198113207547,1786434957.4338443
4,1541,0.5898642539978027,0.33289319248826293,1786434957.6049948
4,1542,0.5890272259712219,0.33294392523364486,1786434957.7957451
4,1543,0.6508393287658691,0.33299418604651165,1786434957.9668608
4,1544,0.6218148469924927,0.3323929398148148,1786434958.1328878
4,1545,0.605720579624176,0.3325892857142857,1786434958.3008235
4,1546,0.5570746660232544,0.33249713302752293,1786434958.472199
4,1547,0.5853873491287231,0.3327625570776256,1786434958.6799974
4,1548,0.6165541410446167,0.3330965909090909,1786434958.8560395
4,1549,0.5831202268600464,0.33300339366515835,1786434959.0184777
4,1550,0.6118674874305725,0.33361486486486486,1786434959.1809108
4,1551,0.5694799423217773,0.3338004484304933,1786434959.3910224
4,1552,0.541573703289032,0.3339146205357143,1786434959.548247
4,1553,0.674058735370636,0.3340972222222222,1786434959.7445264
4,1554,0.572695255279541,0.3342090707964602,1786434959.9158423
4,1555,0.5786227583885193,0.33500825991189426,1786434960.0979395
4,1556,0.6519811153411865,0.3353207236842105,1786434960.2845855
4,1557,0.6064593195915222,0.33481168122270744,1786434960.4508202
4,1558,0.5896224975585938,0.3348505434782609,1786434960.61277
4,1559,0.5718085765838623,0.33482142857142855,1786434960.8613892
4,1560,0.5968136787414551,0.3348599137931034,1786434961.0224514
4,1561,0.5455403327941895,0.33476394849785407,1786434961.1848228
4,1562,0.5735211372375488,0.3346688034188034,1786434961.3653815
4,1563,0.6330459713935852,0.33430851063829786,1786434961.529338
4,1564,0.597817599773407,0.3341498940677966,1786434961.6998777
4,1565,0.6123816967010498,0.33425632911392406,1786434961.9099677
4,1566,0.6258008480072021,0.3348870798319328,1786434962.0722036
4,1567,0.552317202091217,0.33485878661087864,1786434962.265697
4,1568,0.5624092221260071,0.3350911458333333,1786434962.4518952
4,1569,0.6542683839797974,0.33493257261410786,1786434962.6177404
4,1570,0.6364714503288269,0.3340650826446281,1786434962.7870016
4,1571,0.5857992172241211,0.3341692386831276,1786434962.9595542
4,1572,0.6457325220108032,0.33414446721311475,1786434963.135936
4,1573,0.5701225996017456,0.33341836734693875,1786434963.299504
4,1574,0.6487647294998169,0.33377794715447157,1786434963.4998472
4,1575,0.6854872107505798,0.33375506072874495,1786434963.717604
4,1576,0.5213541388511658,0.3336063508064516,1786434963.8972507
4,1577,0.5889753699302673,0.33389809236947793,1786434964.0603333
4,1578,0.5239251255989075,0.33425,1786434964.2657595
4,1579,0.6545135974884033,0.3346613545816733,1786434964.4549584
4,1580,0.6192505955696106,0.33500744047619047,1786434964.6645474
4,1581,0.6111714243888855,0.33448616600790515,1786434964.8554127
4,1582,0.5980339646339417,0.3343380905511811,1786434965.0185285
4,1583,0.6345979571342468,0.3338848039215686,1786434965.1830766
4,1584,0.5579143762588501,0.3341064453125,1786434965.348101
4,1585,0.5395423173904419,0.3336575875486381,1786434965.5167968
4,1586,0.6180039644241333,0.3332122093023256,1786434965.7160478
4,1587,0.5524055361747742,0.33331322393822393,1786434965.9008846
4,1588,0.5429896116256714,0.33359375,1786434966.1071546
4,1589,0.5546479225158691,0.3329741379310345,1786434966.322787
4,1590,0.5989373922348022,0.3330152671755725,1786434966.5158381
4,1591,0.6154313683509827,0.3332343155893536,1786434966.6756692
4,1592,0.5649473667144775,0.3333333333333333,1786434966.8400052
4,1593,0.576724112033844,0.33337264150943396,1786434967.0502446
4,1594,0.616686224937439,0.3335291353383459,1786434967.2128189
4,1595,0.6027922034263611,0.33362593632958804,1786434967.3733056
4,1596,0.6638299226760864,0.33325559701492535,1786434967.5381267
4,1597,0.5214822888374329,0.33323652416356875,1786434967.7044115
4,1598,0.711625337600708,0.33339120370370373,1786434967.867263
4,1599,0.6772071123123169,0.33342942804428044,1786434968.0284872
4,1600,0.6492123603820801,0.3337545955882353,1786434968.1944356
4,1601,0.6062573790550232,0.3334478021978022,1786434968.3626702
4,1602,0.5614404678344727,0.33371350364963503,1786434968.5315328
4,1603,0.564997673034668,0.33397727272727273,1786434968.6956425
4,1604,0.6215642690658569,0.33389945652173914,1786434968.8695173
4,1605,0.5644226670265198,0.33438628158844763,1786434969.0775032
4,1606,0.639070987701416,0.3348133992805755,1786434969.2516227
4,1607,0.5886827111244202,0.3348454301075269,1786434969.4144764
4,1608,0.6000357270240784,0.33504464285714286,1786434969.6343904
4,1609,0.6309329271316528,0.3344639679715303,1786434969.8030534
4,1610,0.6180536150932312,0.33399822695035464,1786434969.9694054
4,1611,0.576345682144165,0.3341983215547703,1786434970.1515229
4,1612,0.6020388007164001,0.3343970070422535,1786434970.3272107
4,1613,0.573785662651062,0.33459429824561404,1786434970.4986074
4,1614,0.5362756252288818,0.3344624125874126,1786434970.659488
4,1615,0.4997005760669708,0.33427700348432055,1786434970.8264182
4,1616,0.5553780794143677,0.3346354166666667,1786434970.988979
4,1617,0.683900773525238,0.33466695501730104,1786434971.2063677
4,1618,0.5384885668754578,0.3349676724137931,1786434971.3881574
4,1619,0.5853883624076843,0.33472938144329895,1786434971.5528095
4,1620,0.6289300322532654,0.3349743150684932,1786434971.7298908
4,1621,0.5757105946540833,0.3346843003412969,1786434971.9298913
4,1622,0.5669145584106445,0.33482142857142855,1786434972.0925124
4,1623,0.6135055422782898,0.33463983050847457,1786434972.2606535
4,1624,0.6049790978431702,0.3342483108108108,1786434972.4270341
4,1625,0.5724096894264221,0.33412247474747475,1786434972.623448
4,1626,0.6067724227905273,0.33404991610738255,1786434972.8172295
4,1627,0.6368675231933594,0.3338210702341137,1786434973.0022223
4,1628,0.5806183815002441,0.3341145833333333,1786434973.167326
4,1629,0.5606471300125122,0.3340427740863787,1786434973.3896203
4,1630,0.6454679369926453,0.3344370860927152,1786434973.5530374
4,1631,0.6152838468551636,0.3343131188118812,1786434973.717397
4,1632,0.5978559851646423,0.3342413651315789,1786434973.937736
4,1633,0.6322979927062988,0.33457991803278686,1786434974.1246047
4,1634,0.6253082752227783,0.33435457516339867,1786434974.3171792
4,1635,0.5417010188102722,0.33463965798045603,1786434974.4824011
4,1636,0.5539848208427429,0.33451704545454547,1786434974.6830661
4,1637,0.6351138353347778,0.3342435275080906,1786434974.8478062
4,1638,0.6116955876350403,0.334375,1786434975.0077734
4,1639,0.5873600244522095,0.33440514469453375,1786434975.1716087
4,1640,0.5597721934318542,0.33423477564102566,1786434975.3527973
4,1641,0.57554692029953,0.3340654952076677,1786434975.538851
4,1642,0.5869136452674866,0.33354896496815284,1786434975.716394
4,1643,0.6098664999008179,0.3333829365079365,1786434975.8950584
4,1644,0.6032758951187134,0.33336629746835444,1786434976.0527864
4,1645,0.5074775815010071,0.3332511829652997,1786434976.2103465
4,1646,0.6050007939338684,0.3334316037735849,1786434976.3649206
4,1647,0.6150570511817932,0.33302311912225707,1786434976.5225768
4,1648,0.569628894329071,0.333056640625,1786434976.6776984
4,1649,0.6248533129692078,0.3326518691588785,1786434976.8355896
4,1650,0.5859012007713318,0.33249223602484473,1786434976.9935582
4,1651,0.5797496438026428,0.33233359133126933,1786434977.1488962
4,1652,0.5371401906013489,0.3324170524691358,1786434977.3072312
4,1653,0.6315584182739258,0.3326923076923077,1786434977.4626834
4,1654,0.6077063679695129,0.3321990030674847,1786434977.6211014
4,1655,0.5638433694839478,0.3321387614678899,1786434977.7752187
4,1656,0.5833240747451782,0.3323170731707317,1786434977.933557
4,1657,0.5914773941040039,0.3324468085106383,1786434978.0908153
4,1658,0.61326003074646,0.3325757575757576,1786434978.2481294
4,1659,0.5684319734573364,0.332892749244713,1786434978.403107
4,1660,0.5133252143859863,0.33287838855421686,1786434978.559364
