epoch,step,batch_loss,running_acc,timestamp
0,1661,0.5663971304893494,0.375,1786434997.5093555
0,1662,0.756396472454071,0.3125,1786434997.596896
0,1663,0.49438685178756714,0.3472222222222222,1786434997.6851652
0,1664,0.7061138153076172,0.3125,1786434997.7731988
0,1665,0.5768701434135437,0.3416666666666667,1786434997.861827
0,1666,0.5734899640083313,0.3611111111111111,1786434997.9496462
0,1667,0.6422028541564941,0.3392857142857143,1786434998.0374558
0,1668,0.5009503364562988,0.3541666666666667,1786434998.1276405
0,1669,0.6178925633430481,0.3472222222222222,1786434998.2222202
0,1670,0.6205611824989319,0.3416666666666667,1786434998.3121676
0,1671,0.7163919806480408,0.3371212121212121,1786434998.402147
0,1672,0.566348135471344,0.3506944444444444,1786434998.490235
0,1673,0.6123802661895752,0.34294871794871795,1786434998.5783157
0,1674,0.5931681990623474,0.3244047619047619,1786434998.6848824
0,1675,0.6109458804130554,0.3194444444444444,1786434998.7736685
0,1676,0.6402060389518738,0.3151041666666667,1786434998.8633137
0,1677,0.49048948287963867,0.3161764705882353,1786434998.9523225
0,1678,0.7034534811973572,0.3125,1786434999.0552204
0,1679,0.6021048426628113,0.3223684210526316,1786434999.143325
0,1680,0.6529636383056641,0.31875,1786434999.2351065
0,1681,0.5871602892875671,0.3194444444444444,1786434999.3235803
0,1682,0.5954205989837646,0.32007575757575757,1786434999.4116118
0,1683,0.5622533559799194,0.31521739130434784,1786434999.5008295
0,1684,0.4768088757991791,0.3229166666666667,1786434999.5888376
0,1685,0.6059295535087585,0.32,1786434999.6840408
0,1686,0.6516144275665283,0.32532051282051283,1786434999.772699
0,1687,0.5549138188362122,0.3194444444444444,1786434999.8652313
0,1688,0.6891769170761108,0.3125,1786434999.9564168
0,1689,0.5937178134918213,0.3146551724137931,1786435000.0448887
0,1690,0.5931254625320435,0.32222222222222224,1786435000.133174
0,1691,0.5124673843383789,0.32661290322580644,1786435000.2215896
0,1692,0.5806679725646973,0.3229166666666667,1786435000.3108199
0,1693,0.5731124877929688,0.3207070707070707,1786435000.3997507
0,1694,0.6935005187988281,0.31985294117647056,1786435000.4884498
0,1695,0.7002147436141968,0.319047619047619,1786435000.5764344
0,1696,0.6809677481651306,0.31828703703703703,1786435000.6647823
0,1697,0.6617300510406494,0.3141891891891892,1786435000.753333
0,1698,0.747867226600647,0.3125,1786435000.841791
0,1699,0.5432881116867065,0.3141025641025641,1786435000.9301548
0,1700,0.6462994813919067,0.31354166666666666,1786435001.021268
0,1701,0.5798894762992859,0.3170731707317073,1786435001.1102698
0,1702,0.6433611512184143,0.314484126984127,1786435001.1981592
0,1703,0.5027266144752502,0.31492248062015504,1786435001.2950583
0,1704,0.5238527059555054,0.3115530303030303,1786435001.3833354
0,1705,0.5627252459526062,0.3101851851851852,1786435001.4755275
0,1706,0.41475147008895874,0.3115942028985507,1786435001.563362
0,1707,0.6786565184593201,0.3129432624113475,1786435001.6603792
0,1708,0.542264461517334,0.3125,1786435001.7597754
0,1709,0.5613569021224976,0.3112244897959184,1786435001.8597791
0,1710,0.6180460453033447,0.31083333333333335,1786435001.9474452
0,1711,0.6299451589584351,0.315359477124183,1786435002.0363305
0,1712,0.5869457125663757,0.31330128205128205,1786435002.1335514
0,1713,0.6134433746337891,0.3121069182389937,1786435002.2339132
0,1714,0.5778144001960754,0.3148148148148148,1786435002.3305368
0,1715,0.5309446454048157,0.31742424242424244,1786435002.4189913
0,1716,0.4890853762626648,0.31845238095238093,1786435002.507659
0,1717,0.5253265500068665,0.3194444444444444,1786435002.6019905
0,1718,0.5931183695793152,0.3218390804597701,1786435002.6897101
0,1719,0.537084698677063,0.3227401129943503,1786435002.787536
0,1720,0.5717757940292358,0.3236111111111111,1786435002.8755603
0,1721,0.5939469933509827,0.3237704918032787,1786435002.963597
0,1722,0.6316283941268921,0.3225806451612903,1786435003.053133
0,1723,0.5854402184486389,0.3187830687830688,1786435003.153052
0,1724,0.6800674200057983,0.318359375,1786435003.2407296
0,1725,0.5835921764373779,0.31987179487179485,1786435003.3292398
0,1726,0.5123229026794434,0.3213383838383838,1786435003.4188025
0,1727,0.5651936531066895,0.31965174129353235,1786435003.5069163
0,1728,0.5670634508132935,0.31924019607843135,1786435003.594858
0,1729,0.6120181083679199,0.3218599033816425,1786435003.6837845
0,1730,0.6133629679679871,0.32083333333333336,1786435003.7732575
0,1731,0.6155984401702881,0.3198356807511737,1786435003.8611774
0,1732,0.5285599827766418,0.32175925925925924,1786435003.9518209
0,1733,0.5942152738571167,0.319634703196347,1786435004.0397153
0,1734,0.6162440180778503,0.31981981981981983,1786435004.128713
0,1735,0.602056622505188,0.32222222222222224,1786435004.2161238
0,1736,0.7633712887763977,0.32127192982456143,1786435004.304905
0,1737,0.5110479593276978,0.3225108225108225,1786435004.3933816
0,1738,0.5805483460426331,0.31997863247863245,1786435004.481719
0,1739,0.5793430805206299,0.3222573839662447,1786435004.5705986
0,1740,0.5738984942436218,0.32135416666666666,1786435004.65922
0,1741,0.511884331703186,0.3194444444444444,1786435004.7549794
0,1742,0.5862313508987427,0.3196138211382114,1786435004.8537226
0,1743,0.6041464805603027,0.3172690763052209,1786435004.9522974
0,1744,0.5526987910270691,0.31547619047619047,1786435005.0406232
0,1745,0.6855234503746033,0.3161764705882353,1786435005.1322896
0,1746,0.59438157081604,0.31540697674418605,1786435005.221594
0,1747,0.6002854108810425,0.3146551724137931,1786435005.3103335
0,1748,0.6025370955467224,0.31297348484848486,1786435005.3993766
0,1749,0.5691623687744141,0.31320224719101125,1786435005.4888234
0,1750,0.7066323757171631,0.31342592592592594,1786435005.5789225
0,1751,0.509035050868988,0.31272893772893773,1786435005.6677432
0,1752,0.5765365362167358,0.3129528985507246,1786435005.758685
0,1753,0.4923960268497467,0.3154121863799283,1786435005.8485076
0,1754,0.5683836936950684,0.3151595744680851,1786435005.9404263
0,1755,0.644109845161438,0.3140350877192982,1786435006.0297713
0,1756,0.5761115550994873,0.3138020833333333,1786435006.1176732
0,1757,0.6291705965995789,0.3122852233676976,1786435006.2065027
0,1758,0.543009877204895,0.3120748299319728,1786435006.2950366
0,1759,0.5393562316894531,0.31397306397306396,1786435006.3826346
0,1760,0.6564404964447021,0.31583333333333335,1786435006.470367
0,1761,0.636969804763794,0.31724422442244227,1786435006.5579584
0,1762,0.6030312180519104,0.31699346405228757,1786435006.6544313
0,1763,0.5915061235427856,0.31715210355987056,1786435006.7428198
0,1764,0.49140650033950806,0.3173076923076923,1786435006.83337
0,1765,0.7529192566871643,0.31666666666666665,1786435006.9267092
0,1766,0.52635657787323,0.3160377358490566,1786435007.0194535
0,1767,0.5720580220222473,0.3150311526479751,1786435007.1184332
0,1768,0.506718099117279,0.31558641975308643,1786435007.2108464
0,1769,0.5575058460235596,0.3165137614678899,1786435007.3053975
0,1770,0.6618362665176392,0.31666666666666665,1786435007.393769
0,1771,0.6612697839736938,0.31493993993993996,1786435007.4834642
0,1772,0.584766149520874,0.3158482142857143,1786435007.5709348
0,1773,0.5414566397666931,0.31563421828908556,1786435007.6603181
0,1774,0.6833962798118591,0.31542397660818716,1786435007.7500453
0,1775,0.5059417486190796,0.3155797101449275,1786435007.8376667
0,1776,0.7068997025489807,0.31537356321839083,1786435007.9261138
0,1777,0.5806224942207336,0.3141025641025641,1786435008.0155644
0,1778,0.5901954174041748,0.3139124293785311,1786435008.1037362
0,1779,0.5729514360427856,0.313375350140056,1786435008.1920052
0,1780,0.629490077495575,0.3138888888888889,1786435008.2807088
0,1781,0.44159021973609924,0.31508264462809915,1786435008.368828
0,1782,0.4904629588127136,0.31489071038251365,1786435008.4572244
0,1783,0.6233342885971069,0.3150406504065041,1786435008.5450401
0,1784,0.5459872484207153,0.31418010752688175,1786435008.6333797
0,1785,0.6782628297805786,0.31366666666666665,1786435008.7224584
0,1786,0.7361961603164673,0.3148148148148148,1786435008.811759
0,1787,0.7459231615066528,0.31463254593175854,1786435008.9001617
0,1788,0.6868534684181213,0.3134765625,1786435008.9892812
0,1789,0.6247280836105347,0.3142764857881137,1786435009.0794358
0,1790,0.6044178009033203,0.3141025641025641,1786435009.1702664
0,1791,0.6233274936676025,0.31234096692111957,1786435009.2597432
0,1792,0.6642998456954956,0.3115530303030303,1786435009.3502057
0,1793,0.5048055648803711,0.31203007518796994,1786435009.4395454
0,1794,0.5275065898895264,0.31281094527363185,1786435009.5277035
0,1795,0.43916743993759155,0.31296296296296294,1786435009.6151855
0,1796,0.62186199426651,0.3115808823529412,1786435009.7049537
0,1797,0.4949135482311249,0.3117396593673966,1786435009.792845
0,1798,0.4504297971725464,0.3118961352657005,1786435009.8807507
0,1799,0.622320830821991,0.3117505995203837,1786435009.969159
0,1800,0.5575618743896484,0.3113095238095238,1786435010.0576596
0,1801,0.5425502061843872,0.3123522458628842,1786435010.1457229
0,1802,0.6334357261657715,0.3130868544600939,1786435010.2336261
0,1803,0.7708089351654053,0.3126456876456876,1786435010.3223116
0,1804,0.644132137298584,0.3125,1786435010.411731
0,1805,0.48800283670425415,0.3129310344827586,1786435010.5003376
0,1806,0.5919206142425537,0.3130707762557078,1786435010.5890453
0,1807,0.5950450897216797,0.3126417233560091,1786435010.6774654
0,1808,0.6351691484451294,0.3119369369369369,1786435010.7675285
0,1809,0.42377495765686035,0.3131991051454139,1786435010.85558
0,1810,0.6376717686653137,0.3125,1786435010.9438741
0,1811,0.5229623317718506,0.31236203090507725,1786435011.0326214
0,1812,0.4630852937698364,0.3130482456140351,1786435011.121981
0,1813,0.5654938220977783,0.3134531590413943,1786435011.2100236
0,1814,0.6446888446807861,0.31277056277056275,1786435011.2995865
0,1815,0.5494223237037659,0.31290322580645163,1786435011.3887079
0,1816,0.5646353960037231,0.31303418803418803,1786435011.4770088
0,1817,0.5260441303253174,0.31528662420382164,1786435011.5664873
0,1818,0.569695770740509,0.314873417721519,1786435011.654532
0,1819,0.4318256676197052,0.3162997903563941,1786435011.7431245
0,1820,0.5391464829444885,0.31666666666666665,1786435011.8316731
0,1821,0.49987852573394775,0.3165113871635611,1786435011.9201484
0,1822,0.6133695244789124,0.3168724279835391,1786435012.0079544
0,1823,0.6533576250076294,0.31671779141104295,1786435012.0957022
0,1824,0.5192631483078003,0.3170731707317073,1786435012.1835954
0,1825,0.5274251103401184,0.31717171717171716,1786435012.2712936
0,1826,0.6868575811386108,0.31676706827309237,1786435012.3598726
0,1827,0.5831636786460876,0.31686626746506985,1786435012.4490132
0,1828,0.6585386395454407,0.31746031746031744,1786435012.5385528
0,1829,0.5366260409355164,0.3182938856015779,1786435012.6267426
0,1830,0.6854676008224487,0.31862745098039214,1786435012.7152324
0,1831,0.47581619024276733,0.317495126705653,1786435012.8039024
0,1832,0.5422509908676147,0.3168604651162791,1786435012.8932045
0,1833,0.5803768634796143,0.31671483622350677,1786435012.98159
0,1834,0.5650317072868347,0.3168103448275862,1786435013.0698736
0,1835,0.477491170167923,0.3171428571428571,1786435013.157741
0,1836,0.5274332165718079,0.3169981060606061,1786435013.245413
0,1837,0.5169191956520081,0.3163841807909605,1786435013.3340154
0,1838,0.6020430326461792,0.31624531835205993,1786435013.4223082
0,1839,0.6106902360916138,0.3161080074487896,1786435013.512064
0,1840,0.665777862071991,0.3162037037037037,1786435013.6005325
0,1841,0.5630187392234802,0.31583793738489874,1786435013.6905932
0,1842,0.6556865572929382,0.3157051282051282,1786435013.778399
0,1843,0.49588775634765625,0.31693989071038253,1786435013.866852
0,1844,0.5398241281509399,0.3172554347826087,1786435013.9551518
0,1845,0.5810618996620178,0.31779279279279277,1786435014.0433586
0,1846,0.5101407170295715,0.3178763440860215,1786435014.1328807
0,1847,0.6159651279449463,0.3172905525846702,1786435014.2213392
0,1848,0.5352203249931335,0.31648936170212766,1786435014.3102384
0,1849,0.6213201284408569,0.3165784832451499,1786435014.3998594
0,1850,0.7814232110977173,0.3162280701754386,1786435014.4890954
0,1851,0.52897709608078,0.3160994764397906,1786435014.5781488
0,1852,0.48501551151275635,0.3155381944444444,1786435014.6675577
0,1853,0.5693262219429016,0.31541450777202074,1786435014.7559838
0,1854,0.7657009959220886,0.31486254295532645,1786435014.8449035
0,1855,0.6437726020812988,0.3153846153846154,1786435014.9416008
0,1856,0.5475130677223206,0.31526360544217685,1786435015.0299294
0,1857,0.6023188829421997,0.3153553299492386,1786435015.1190844
0,1858,0.5164310932159424,0.31691919191919193,1786435015.2087655
0,1859,0.527867317199707,0.3165829145728643,1786435015.2960222
0,1860,0.5054817795753479,0.31708333333333333,1786435015.3847823
0,1861,0.6274891495704651,0.31716417910447764,1786435015.4728441
0,1862,0.5734695196151733,0.3164191419141914,1786435015.5610878
0,1863,0.5724349617958069,0.31629720853858784,1786435015.6501758
0,1864,0.5003382563591003,0.31719771241830064,1786435015.7380836
0,1865,0.6017392873764038,0.3178861788617886,1786435015.826381
0,1866,0.6034220457077026,0.3177588996763754,1786435015.915513
0,1867,0.5718879699707031,0.31843800322061194,1786435016.0042727
0,1868,0.49153274297714233,0.31850961538461536,1786435016.0930774
0,1869,0.5941250920295715,0.31917862838915473,1786435016.181629
0,1870,0.5372167825698853,0.3200396825396825,1786435016.2700768
0,1871,0.5987677574157715,0.3201026856240126,1786435016.35886
0,1872,0.4820511043071747,0.32016509433962265,1786435016.4467206
0,1873,0.5248126983642578,0.32022691705790296,1786435016.5373242
0,1874,0.5061047673225403,0.32087227414330216,1786435016.6251805
0,1875,0.5301479697227478,0.32073643410852715,1786435016.7150629
0,1876,0.6013915538787842,0.3211805555555556,1786435016.8031356
0,1877,0.6665993332862854,0.32142857142857145,1786435016.8953543
0,1878,0.6181262135505676,0.3228211009174312,1786435016.9842522
0,1879,0.5143091678619385,0.3232496194824962,1786435017.0740876
0,1880,0.6308885812759399,0.32386363636363635,1786435017.164667
0,1881,0.7152731418609619,0.32390648567119157,1786435017.252928
0,1882,0.4620630443096161,0.32394894894894893,1786435017.3409579
0,1883,0.5519917011260986,0.3249252615844544,1786435017.4294024
0,1884,0.696553111076355,0.32589285714285715,1786435017.5175595
0,1885,0.6602023243904114,0.32611111111111113,1786435017.6074383
0,1886,0.5064788460731506,0.32595870206489674,1786435017.695556
0,1887,0.5991760492324829,0.32580763582966227,1786435017.7841032
0,1888,0.45064777135849,0.3267543859649123,1786435017.8728108
0,1889,0.5504154562950134,0.32660116448326054,1786435017.9622612
0,1890,0.5834524631500244,0.32717391304347826,1786435018.0511339
0,1891,0.5693367123603821,0.3272005772005772,1786435018.1400874
0,1892,0.6733646392822266,0.3270474137931034,1786435018.2302303
0,1893,0.5493543744087219,0.32743204577968527,1786435018.319358
0,1894,0.4889383912086487,0.3271011396011396,1786435018.406619
0,1895,0.6706023216247559,0.32677304964539006,1786435018.495739
0,1896,0.4762071669101715,0.3271539548022599,1786435018.5834813
0,1897,0.6704154014587402,0.32718002812939523,1786435018.6719375
0,1898,0.686514139175415,0.3282563025210084,1786435018.760209
0,1899,0.5074218511581421,0.3284518828451883,1786435018.848608
0,1900,0.5210252404212952,0.32795138888888886,1786435018.937617
0,1901,0.5144751667976379,0.3279737206085754,1786435019.0260465
0,1902,0.5142416954040527,0.3278236914600551,1786435019.1171887
0,1903,0.6209335923194885,0.32767489711934156,1786435019.204774
0,1904,0.6292195320129395,0.32735655737704916,1786435019.3060007
0,1905,0.6388497352600098,0.3270408163265306,1786435019.394399
0,1906,0.5829418897628784,0.3270663956639566,1786435019.4872322
0,1907,0.5333384275436401,0.3269230769230769,1786435019.5761335
0,1908,0.44036442041397095,0.3276209677419355,1786435019.6642468
0,1909,0.6229037642478943,0.3279785809906292,1786435019.7533908
0,1910,0.6066978573799133,0.328,1786435019.8493686
0,1911,0.5050987601280212,0.3288512616201859,1786435019.9423625
0,1912,0.5701725482940674,0.3288690476190476,1786435020.0306814
0,1913,0.6383250951766968,0.32822793148880103,1786435020.1192913
0,1914,0.5504865646362305,0.32791994750656167,1786435020.2176938
0,1915,0.5265469551086426,0.3277777777777778,1786435020.31385
0,1916,0.7315167784690857,0.3269856770833333,1786435020.4042127
0,1917,0.5856029987335205,0.32652399481193256,1786435020.4927745
0,1918,0.5254595279693604,0.3263888888888889,1786435020.5817974
0,1919,0.6166616678237915,0.32545045045045046,1786435020.6827037
0,1920,0.4773930609226227,0.32564102564102565,1786435020.7741783
0,1921,0.4619169235229492,0.3261494252873563,1786435020.8722491
0,1922,0.6730198860168457,0.3258587786259542,1786435020.9733133
0,1923,0.5623562932014465,0.32604562737642584,1786435021.0607972
0,1924,0.5667813420295715,0.32670454545454547,1786435021.1523674
0,1925,0.6987874507904053,0.3268867924528302,1786435021.2417107
0,1926,0.6251202821731567,0.32628446115288223,1786435021.336178
0,1927,0.7404638528823853,0.3266229712858926,1786435021.43461
0,1928,0.5976442694664001,0.32649253731343286,1786435021.5311072
0,1929,0.6026139259338379,0.3269826517967782,1786435021.6295755
0,1930,0.5052297115325928,0.32731481481481484,1786435021.7205064
0,1931,0.6084727644920349,0.3274907749077491,1786435021.814919
0,1932,0.567999005317688,0.32735906862745096,1786435021.9036665
0,1933,0.5642536878585815,0.3266178266178266,1786435022.0023022
0,1934,0.5386694669723511,0.32588199513381993,1786435022.092935
0,1935,0.5602279901504517,0.3256060606060606,1786435022.1842368
0,1936,0.5620982646942139,0.32563405797101447,1786435022.272502
0,1937,0.6432143449783325,0.32581227436823107,1786435022.3599815
0,1938,0.750773549079895,0.3252398081534772,1786435022.4496357
0,1939,0.44735032320022583,0.3251194743130227,1786435022.5370545
0,1940,0.7458251714706421,0.325,1786435022.6259391
0,1941,0.46990886330604553,0.32473309608540923,1786435022.714706
0,1942,0.555009126663208,0.32505910165484636,1786435022.8033445
0,1943,0.5476638078689575,0.3250883392226148,1786435022.8917594
0,1944,0.5453149080276489,0.3248239436619718,1786435022.98017
0,1945,0.479827344417572,0.3252923976608187,1786435023.0682032
0,1946,0.7205601334571838,0.32532051282051283,1786435023.1568666
0,1947,0.5276824235916138,0.3254936120789779,1786435023.2453396
0,1948,0.5365264415740967,0.3250868055555556,1786435023.335198
0,1949,0.5818625688552856,0.32540369088811993,1786435023.423372
0,1950,0.5127612948417664,0.3257183908045977,1786435023.5113444
0,1951,0.6328306198120117,0.3263172966781214,1786435023.6005952
0,1952,0.4824497699737549,0.3266267123287671,1786435023.6884356
0,1953,0.4959263801574707,0.3272184300341297,1786435023.7764435
0,1954,0.6087394952774048,0.3275226757369615,1786435023.8639631
0,1955,0.6147291660308838,0.32796610169491525,1786435023.9528568
0,1956,0.5620360374450684,0.3275619369369369,1786435024.0416331
0,1957,0.4993269145488739,0.3285634118967452,1786435024.1305068
0,1958,0.6545788049697876,0.32899888143176736,1786435024.219282
0,1959,0.5484995245933533,0.32887402452619846,1786435024.3080046
0,1960,0.5783358216285706,0.3284722222222222,1786435024.3958836
0,1961,0.4792933464050293,0.3289036544850498,1786435024.4850512
0,1962,0.6568912267684937,0.3294701986754967,1786435024.5745819
0,1963,0.4873448610305786,0.3296204620462046,1786435024.6637342
0,1964,0.5200116038322449,0.3293585526315789,1786435024.7518947
0,1965,0.6366099715232849,0.32937158469945355,1786435024.8399227
0,1966,0.5028125643730164,0.3293845315904139,1786435024.927948
0,1967,0.44238489866256714,0.3296688382193268,1786435025.024677
0,1968,0.4906693696975708,0.32981601731601734,1786435025.1127644
0,1969,0.657628059387207,0.32982740021574974,1786435025.201711
0,1970,0.5119195580482483,0.3297043010752688,1786435025.3026252
0,1971,0.46582797169685364,0.32944801714898175,1786435025.3952096
0,1972,0.5866528749465942,0.3293269230769231,1786435025.4872434
0,1973,0.6335461139678955,0.3293397231096912,1786435025.5768673
0,1974,0.5550463199615479,0.32908704883227174,1786435025.6676483
0,1975,0.49899911880493164,0.32936507936507936,1786435025.7557557
0,1976,0.485921174287796,0.3287183544303797,1786435025.8452976
0,1977,0.4493388235569,0.3291272344900105,1786435025.9347801
0,1978,0.4768919050693512,0.3292714884696017,1786435026.0223637
0,1979,0.5556201934814453,0.3287617554858934,1786435026.1119673
0,1980,0.5290315747261047,0.3287760416666667,1786435026.2004101
0,1981,0.5586917400360107,0.328920041536864,1786435026.288986
0,1982,0.5134556889533997,0.3285455486542443,1786435026.3775625
0,1983,0.6796233654022217,0.3284313725490196,1786435026.46825
0,1984,0.5203970074653625,0.32857510288065844,1786435026.557773
0,1985,0.5582378506660461,0.3285897435897436,1786435026.6558166
0,1986,0.40435904264450073,0.328859918200409,1786435026.751817
0,1987,0.5720900297164917,0.32938328236493375,1786435026.8500426
0,1988,0.6048096418380737,0.32964939024390244,1786435026.9419324
0,1989,0.5201707482337952,0.3300405268490375,1786435027.0352807
0,1990,0.5441128015518188,0.33005050505050504,1786435027.125324
0,1991,0.5540364980697632,0.32993454179254783,1786435027.221199
0,1992,0.5807231068611145,0.3296937751004016,1786435027.3102486
0,1993,0.5726035833358765,0.3294544544544545,1786435027.401609
0,1994,0.5833491086959839,0.3290918163672655,1786435027.491395
0,1995,0.47174233198165894,0.32935323383084575,1786435027.5808294
0,1996,0.5498916506767273,0.3294890873015873,1786435027.671367
0,1997,0.4822084605693817,0.32962413452027695,1786435027.7700408
0,1998,0.5979074239730835,0.33000493096646943,1786435027.8598807
0,1999,0.689395546913147,0.3302605703048181,1786435027.9524176
0,2000,0.6611998677253723,0.3303921568627451,1786435028.0431476
0,2001,0.5690625905990601,0.33076735092864123,1786435028.144274
0,2002,0.5892120599746704,0.33065302144249514,1786435028.2344165
0,2003,0.5094702839851379,0.33090379008746357,1786435028.3357723
0,2004,0.5422855615615845,0.33127422480620156,1786435028.4364126
0,2005,0.5723340511322021,0.33152173913043476,1786435028.5268831
0,2006,0.5191289782524109,0.33176782273603084,1786435028.6216686
0,2007,0.5969077944755554,0.33177233429394815,1786435028.7228649
0,2008,0.5738916993141174,0.3321360153256705,1786435028.8142202
0,2009,0.42156654596328735,0.33202005730659023,1786435028.9146113
0,2010,0.48529139161109924,0.33154761904761904,1786435029.0137079
0,2011,0.6476414203643799,0.3315527065527066,1786435029.1167004
0,2012,0.5379811525344849,0.33203125,1786435029.2040803
0,2013,0.42054513096809387,0.33250708215297453,1786435029.3022692
0,2014,0.5579884648323059,0.3328625235404896,1786435029.3898091
0,2015,0.4913034439086914,0.3335680751173709,1786435029.4779072
0,2016,0.831781268119812,0.33321629213483145,1786435029.5737333
0,2017,0.5493906736373901,0.3330999066293184,1786435029.6713836
0,2018,0.5707237720489502,0.3329841713221601,1786435029.7644534
0,2019,0.6471600532531738,0.3333333333333333,1786435029.8534198
0,2020,0.4636470675468445,0.3335648148148148,1786435029.953084
0,2021,0.5208696722984314,0.33391043397968606,1786435030.045023
0,2022,0.5195050239562988,0.33402394106814,1786435030.1340024
0,2023,0.4816756844520569,0.3339072543617998,1786435030.2227166
0,2024,0.5923209190368652,0.33356227106227104,1786435030.3107586
0,2025,0.5097094774246216,0.33378995433789954,1786435030.39908
0,2026,0.47136998176574707,0.3341302367941712,1786435030.4866452
0,2027,0.5360757112503052,0.33435513169845593,1786435030.5761886
0,2028,0.6300226449966431,0.33469202898550726,1786435030.6645355
0,2029,0.5136164426803589,0.3345754290876242,1786435030.7529705
0,2030,0.6603612303733826,0.3347972972972973,1786435030.8427272
0,2031,0.5200849175453186,0.33423180592991913,1786435030.9312592
0,2032,0.6955508589744568,0.334005376344086,1786435031.020807
0,2033,0.48062318563461304,0.33433869526362825,1786435031.1090689
0,2034,0.44407954812049866,0.33500445632798576,1786435031.1966279
0,2035,0.5276983380317688,0.33511111111111114,1786435031.284547
0,2036,0.5899471640586853,0.33499556737588654,1786435031.3729212
0,2037,0.4948069453239441,0.33499115826702036,1786435031.4613347
0,2038,0.7145264148712158,0.3355379188712522,1786435031.5501432
0,2039,0.4841543138027191,0.33509234828496043,1786435031.6410515
0,2040,0.42091095447540283,0.3356359649122807,1786435031.7294152
0,2041,0.6471304893493652,0.33552055993000873,1786435031.81761
0,2042,0.5291692018508911,0.33540575916230364,1786435031.906858
0,2043,0.5718486905097961,0.33540034812880765,1786435031.9963098
0,2044,0.560681164264679,0.3355034722222222,1786435032.085071
0,2045,0.5366764068603516,0.3357142857142857,1786435032.1763775
0,2046,0.49078992009162903,0.33592400690846286,1786435032.264108
0,2047,0.46471187472343445,0.3357019810508183,1786435032.3537536
0,2048,0.5967302322387695,0.33569587628865977,1786435032.4416263
0,2049,0.5219301581382751,0.33547557840616965,1786435032.530469
0,2050,0.43353328108787537,0.33568376068376066,1786435032.6196036
0,2051,0.6685487031936646,0.33535805626598464,1786435032.7214704
0,2052,0.5388721823692322,0.3353528911564626,1786435032.8091266
0,2053,0.5678800344467163,0.3349236641221374,1786435032.8981557
0,2054,0.45543503761291504,0.33470812182741116,1786435032.9879434
0,2055,0.5954505801200867,0.335126582278481,1786435033.0756617
0,2056,0.5583285093307495,0.3352272727272727,1786435033.1649592
0,2057,0.5882556438446045,0.3350125944584383,1786435033.25355
0,2058,0.5099509954452515,0.33500837520938026,1786435033.3423908
0,2059,0.4955926239490509,0.3346908939014202,1786435033.4314084
0,2060,0.6805610060691833,0.335,1786435033.5195649
0,2061,0.6150661110877991,0.3349958437240233,1786435033.607705
0,2062,0.5528284311294556,0.33499170812603646,1786435033.6958663
0,2063,0.7173622846603394,0.3351943755169562,1786435033.7850795
0,2064,0.42416253685951233,0.33549917491749176,1786435033.873606
0,2065,0.4901284873485565,0.33559670781893003,1786435033.962457
0,2066,0.8703200817108154,0.3355911330049261,1786435034.0510077
0,2067,0.6453837156295776,0.3355855855855856,1786435034.1391919
0,2068,0.5838261246681213,0.335375816993464,1786435034.2276835
0,2069,0.5140864849090576,0.3350651996740016,1786435034.317344
0,2070,0.6157393455505371,0.33495934959349594,1786435034.4060547
0,2071,0.511352002620697,0.3350567721005677,1786435034.494671
0,2072,0.6621630191802979,0.33525485436893204,1786435034.582666
0,2073,0.5579596757888794,0.33555286521388217,1786435034.67087
0,2074,0.5290571451187134,0.3351449275362319,1786435034.7601805
0,2075,0.4878483712673187,0.3348393574297189,1786435034.849048
0,2076,0.6397417783737183,0.33483573717948717,1786435034.941147
0,2077,0.7009700536727905,0.3346322941646683,1786435035.0303123
0,2078,0.6412569284439087,0.3342304625199362,1786435035.1192596
0,2079,0.5398433804512024,0.3341288782816229,1786435035.2089424
0,2080,0.504509449005127,0.3343253968253968,1786435035.297648
0,2081,0.6040606498718262,0.3342240696753761,1786435035.3854742
0,2082,0.6051840782165527,0.33441943127962087,1786435035.4738586
0,2083,0.5059763193130493,0.3344168636721828,1786435035.5621426
0,2084,0.5479629635810852,0.3345125786163522,1786435035.651617
0,2085,0.5120783448219299,0.3347058823529412,1786435035.7403562
0,2086,0.46954238414764404,0.3348982785602504,1786435035.8281994
0,2087,0.4533810615539551,0.33528493364558937,1786435035.9258306
0,2088,0.5480797290802002,0.3352803738317757,1786435036.014807
0,2089,0.4815793037414551,0.33585858585858586,1786435036.1033804
0,2090,0.68416428565979,0.33565891472868215,1786435036.2004893
0,2091,0.6536378860473633,0.3362335653518948,1786435036.3004467
0,2092,0.4768105149269104,0.3365162037037037,1786435036.388435
0,2093,0.5339522361755371,0.3364126250962279,1786435036.4763057
0,2094,0.6871516704559326,0.3361175115207373,1786435036.5658295
0,2095,0.5876738429069519,0.33591954022988507,1786435036.6543136
0,2096,0.5590084195137024,0.33629587155963303,1786435036.7425683
0,2097,0.6309187412261963,0.33590770404271547,1786435036.8320498
0,2098,0.45153963565826416,0.3362823439878234,1786435036.920488
0,2099,0.5789557695388794,0.33675018982536065,1786435037.0090666
0,2100,0.5232005715370178,0.3366477272727273,1786435037.0979233
0,2101,0.6548728346824646,0.33654572940287225,1786435037.1857166
0,2102,0.4876982569694519,0.3367269984917044,1786435037.274102
0,2103,0.5009265542030334,0.3372836719337848,1786435037.3634725
0,2104,0.4256989061832428,0.33718093093093093,1786435037.4520743
0,2105,0.4867677390575409,0.33754681647940077,1786435037.5407047
0,2106,0.6293145418167114,0.3375373692077728,1786435037.629174
0,2107,0.6388583779335022,0.3376211782252051,1786435037.7175705
0,2108,0.4689042568206787,0.33826264880952384,1786435037.805064
0,2109,0.7410856485366821,0.3384372680029696,1786435037.894316
0,2110,0.4955272078514099,0.3386111111111111,1786435037.9817777
0,2111,0.5853127241134644,0.3384146341463415,1786435038.0703304
0,2112,0.5310466885566711,0.3388643067846608,1786435038.1582496
0,2113,0.49153372645378113,0.3391280353200883,1786435038.2470157
0,2114,0.526210367679596,0.338931718061674,1786435038.3345897
0,2115,0.6477383971214294,0.33864468864468866,1786435038.4248676
0,2116,0.5290279388427734,0.3387244152046784,1786435038.5191956
0,2117,0.5725616216659546,0.3388037928519329,1786435038.608249
0,2118,0.4656660556793213,0.3388828238719068,1786435038.7062962
0,2119,0.6341472864151001,0.33859840232389254,1786435038.7949624
0,2120,0.5636729001998901,0.3383152173913043,1786435038.8833928
0,2121,0.5295659899711609,0.3381236442516269,1786435038.9735143
0,2122,0.45397984981536865,0.3381132756132756,1786435039.06089
0,2123,0.6550490856170654,0.33783297336213103,1786435039.1510282
0,2124,0.5505931973457336,0.3374640804597701,1786435039.2390344
0,2125,0.5456836819648743,0.33736559139784944,1786435039.3291526
0,2126,0.6360114216804504,0.33717811158798283,1786435039.4175951
0,2127,0.600821852684021,0.33716987865810133,1786435039.5071871
0,2128,0.521634578704834,0.33787393162393164,1786435039.5950909
0,2129,0.5597115755081177,0.3383084577114428,1786435039.6830492
0,2130,0.5473325848579407,0.33856382978723404,1786435039.771068
0,2131,0.5815255641937256,0.3386411889596603,1786435039.8590357
0,2132,0.4428446888923645,0.3389830508474576,1786435039.9477317
0,2133,0.6051214337348938,0.3391472868217054,1786435040.0380266
0,2134,0.48338964581489563,0.33948663853727146,1786435040.1270573
0,2135,0.5392096042633057,0.3393859649122807,1786435040.2244496
0,2136,0.6403781175613403,0.3394607843137255,1786435040.3218641
0,2137,0.5104343891143799,0.3397099930118798,1786435040.4171183
0,2138,0.5214055180549622,0.33952231520223153,1786435040.5175798
0,2139,0.5114026665687561,0.33907446068197633,1786435040.6076872
0,2140,0.6743529438972473,0.33914930555555556,1786435040.6972778
0,2141,0.5631372928619385,0.33896396396396394,1786435040.800146
0,2142,0.618253231048584,0.3386929460580913,1786435040.8881671
0,2143,0.46650415658950806,0.3389406487232574,1786435040.9817443
0,2144,0.5385378003120422,0.3386707988980716,1786435041.0734112
0,2145,0.6371600031852722,0.33831615120274916,1786435041.1628363
0,2146,0.5037091970443726,0.33864883401920437,1786435041.2603889
0,2147,0.48157408833503723,0.33872347707049966,1786435041.3479786
0,2148,0.5163561701774597,0.3386270491803279,1786435041.4451082
0,2149,0.5290032029151917,0.3387866394001363,1786435041.5393794
0,2150,0.575624406337738,0.3385204081632653,1786435041.6282647
0,2151,0.6321918964385986,0.338509843856076,1786435041.724716
0,2152,0.5581008195877075,0.33875338753387535,1786435041.8151116
0,2153,0.6916118264198303,0.338657876943881,1786435041.9036763
0,2154,0.5152431726455688,0.3383097165991903,1786435041.993832
0,2155,0.5588357448577881,0.3382154882154882,1786435042.0826132
0,2156,0.7017330527305603,0.337869623655914,1786435042.1712294
0,2157,0.5983812212944031,0.33769282360831654,1786435042.261285
0,2158,0.4773577153682709,0.3376004016064257,1786435042.34912
0,2159,0.5096306800842285,0.33775885103540415,1786435042.4378185
0,2160,0.48906704783439636,0.33766666666666667,1786435042.5252357
0,2161,0.6289170980453491,0.3375748502994012,1786435042.6138177
0,2162,0.5021511316299438,0.337566401062417,1786435042.70174
0,2163,0.5263792872428894,0.33772365805168986,1786435042.7909937
0,2164,0.55198734998703,0.3377149470899471,1786435042.880962
0,2165,0.5413211584091187,0.33745874587458746,1786435042.9700127
0,2166,0.5369627475738525,0.33761528326745716,1786435043.0584462
0,2167,0.6139301657676697,0.33727810650887574,1786435043.1549733
0,2168,0.5191650390625,0.33702427821522307,1786435043.2488446
0,2169,0.45112571120262146,0.3369351669941061,1786435043.3385482
0,2170,0.6983785033226013,0.3374183006535948,1786435043.430649
0,2171,0.49074530601501465,0.3373287671232877,1786435043.528979
0,2172,0.4697140157222748,0.3375651041666667,1786435043.6167412
0,2173,0.5860400795936584,0.33763807667316437,1786435043.7067907
0,2174,0.6036577820777893,0.33811608300907914,1786435043.8049538
0,2175,0.6256506443023682,0.3377831715210356,1786435043.8936827
0,2176,0.6670125126838684,0.3380167958656331,1786435043.9856727
0,2177,0.4570404589176178,0.3380077369439072,1786435044.0752528
0,2178,0.6100090742111206,0.3381595881595882,1786435044.166331
0,2179,0.6082535982131958,0.33815028901734107,1786435044.2553074
0,2180,0.5736684203147888,0.33806089743589746,1786435044.3500652
0,2181,0.730451762676239,0.3378119001919386,1786435044.4503095
0,2182,0.44203197956085205,0.3378831417624521,1786435044.5387247
0,2183,0.5811101794242859,0.3381134480560867,1786435044.6283298
0,2184,0.42884743213653564,0.33858142493638677,1786435044.7199013
0,2185,0.4509629011154175,0.3384920634920635,1786435044.8113394
0,2186,0.5904955863952637,0.3385614702154626,1786435044.9083955
0,2187,0.6091550588607788,0.3382352941176471,1786435044.9973507
0,2188,0.5618777275085449,0.3379892676767677,1786435045.0947142
0,2189,0.5668860673904419,0.337822936357908,1786435045.2016933
0,2190,0.5804311037063599,0.33797169811320754,1786435045.29022
0,2191,0.5217301249504089,0.3382768361581921,1786435045.3784056
0,2192,0.5648268461227417,0.3387374686716792,1786435045.467593
0,2193,0.6514667868614197,0.3385709818636648,1786435045.5644968
0,2194,0.6373545527458191,0.3384051186017478,1786435045.6654377
0,2195,0.5566838979721069,0.3383956386292835,1786435045.7585373
0,2196,0.5451613664627075,0.33823072139303484,1786435045.8511317
0,2197,0.6484305262565613,0.33798882681564246,1786435045.939615
0,2198,0.553508460521698,0.33805762081784385,1786435046.038715
0,2199,0.4807698130607605,0.33843537414965985,1786435046.1257482
0,2200,0.5104194283485413,0.3386574074074074,1786435046.215428
0,2201,0.45564159750938416,0.33887861983980283,1786435046.3112314
0,2202,0.6346520185470581,0.3385608856088561,1786435046.401703
0,2203,0.612882137298584,0.3389349294045427,1786435046.4991896
0,2204,0.552891731262207,0.3389246323529412,1786435046.5961137
0,2205,0.4463580846786499,0.33906727828746175,1786435046.6844382
0,2206,0.7203615307807922,0.3385989010989011,1786435046.7726963
0,2207,0.6608862280845642,0.33874162096282756,1786435046.8643076
0,2208,0.5114089846611023,0.33895985401459855,1786435046.9533477
0,2209,0.5011062622070312,0.33910139647844567,1786435047.0424194
0,2210,0.44951358437538147,0.3390151515151515,1786435047.13526
0,2211,0.5364364981651306,0.338777979431337,1786435047.2297273
0,2212,0.5332363843917847,0.33907004830917875,1786435047.3250127
0,2213,0.5378910303115845,0.33921036769138035,1786435047.4204009
0,2214,0.4931405186653137,0.3391997593261131,1786435047.509063
0,2215,0.632379412651062,0.3388888888888889,1786435047.5984664
0,2216,0.4710939824581146,0.33902877697841727,1786435047.6883407
0,2217,0.4216250777244568,0.3392429682824656,1786435047.7760866
0,2218,0.48562267422676086,0.3392323775388292,1786435047.8641222
0,2219,0.53375643491745,0.3390727489564699,1786435047.9523852
0,2220,0.5300979614257812,0.3392113095238095,1786435048.0410433
0,2221,0.5091750621795654,0.33890374331550804,1786435048.1302478
0,2222,0.6888123750686646,0.3385972716488731,1786435048.2194247
0,2223,0.5412917137145996,0.33873593842510363,1786435048.3088486
0,2224,0.6254096627235413,0.3385047281323877,1786435048.398065
0,2225,0.6216027736663818,0.33820058997050145,1786435048.4978833
0,2226,0.49673956632614136,0.3381919905771496,1786435048.5932004
0,2227,0.46456271409988403,0.3377425044091711,1786435048.681671
0,2228,0.5002930760383606,0.3376613849765258,1786435048.7712862
0,2229,0.4662283658981323,0.33780023432923256,1786435048.8589125
0,2230,0.5512405037879944,0.3379385964912281,1786435048.957063
0,2231,0.5970169901847839,0.3380764740221833,1786435049.055255
0,2232,0.601423978805542,0.3382867132867133,1786435049.1473525
0,2233,0.6075595021247864,0.3381326352530541,1786435049.2362404
0,2234,0.5247267484664917,0.33826945412311266,1786435049.3326921
0,2235,0.508094847202301,0.3383333333333333,1786435049.4230757
0,2236,0.4266132116317749,0.33796296296296297,1786435049.5221632
0,2237,0.5049582719802856,0.33824378971692665,1786435049.6112974
0,2238,0.6647552251815796,0.3384515570934256,1786435049.7002432
0,2239,0.6025460362434387,0.3385146804835924,1786435049.7891748
0,2240,0.5130668878555298,0.3386494252873563,1786435049.8766918
0,2241,0.4447028338909149,0.33899885255306944,1786435049.9657075
0,2242,0.5884608030319214,0.33906071019473083,1786435050.0536106
0,2243,0.6294424533843994,0.33919382504288165,1786435050.1417475
0,2244,0.6321384310722351,0.338898401826484,1786435050.2310617
0,2245,0.5950064659118652,0.3385327635327635,1786435050.3212857
0,2246,0.47314369678497314,0.33852389078498296,1786435050.411163
0,2247,0.6038795709609985,0.3382311186825667,1786435050.5011506
0,2248,0.5685771703720093,0.33822278911564624,1786435050.6010435
0,2249,0.43281152844429016,0.3383559705715903,1786435050.691847
0,2250,0.5038204193115234,0.3382768361581921,1786435050.7917614
0,2251,0.4743615686893463,0.3379864636209814,1786435050.8813274
0,2252,0.47539374232292175,0.33790822072072074,1786435050.980263
0,2253,0.5127679109573364,0.3376897133220911,1786435051.0700517
0,2254,0.5260975360870361,0.3373316498316498,1786435051.162368
0,2255,0.44205978512763977,0.33760504201680674,1786435051.2639513
0,2256,0.5499715805053711,0.3378076062639821,1786435051.3610435
0,2257,0.622506320476532,0.3379396984924623,1786435051.4609158
0,2258,0.49095550179481506,0.3378623188405797,1786435051.5593247
0,2259,0.6335318088531494,0.3379243183082916,1786435051.6494038
0,2260,0.5743430852890015,0.33819444444444446,1786435051.7379797
0,2261,0.5021570920944214,0.3383943427620632,1786435051.8258717
0,2262,0.6349098682403564,0.3385243632336656,1786435051.9149098
0,2263,0.6673849821090698,0.33872305140961856,1786435052.0040467
0,2264,0.4828273057937622,0.3389900662251656,1786435052.092333
0,2265,0.45833373069763184,0.3391873278236915,1786435052.1811593
0,2266,0.5031320452690125,0.3394526952695269,1786435052.2708206
0,2267,0.564502477645874,0.3397858319604613,1786435052.3592625
0,2268,0.4387661814689636,0.3403234649122807,1786435052.4486952
0,2269,0.5515258312225342,0.3404488232074439,1786435052.537096
0,2270,0.5282999277114868,0.34057377049180326,1786435052.6268306
0,2271,0.6584041118621826,0.3404255319148936,1786435052.7167494
0,2272,0.5072353482246399,0.3402777777777778,1786435052.8045387
0,2273,0.5189343094825745,0.3401984774333877,1786435052.8936923
0,2274,0.5700992345809937,0.34039087947882735,1786435052.9827294
0,2275,0.43446555733680725,0.3403794037940379,1786435053.0710208
0,2276,0.5782849192619324,0.34063852813852813,1786435053.1586967
0,2277,0.4505251348018646,0.3404240950837385,1786435053.2480373
0,2278,0.46331602334976196,0.34054746494066884,1786435053.3369417
0,2279,0.842880368232727,0.340670436187399,1786435053.4263294
0,2280,0.554253876209259,0.3407930107526882,1786435053.5156527
0,2281,0.6431826949119568,0.3407139023081052,1786435053.6049867
0,2282,0.6522783041000366,0.3407690246516613,1786435053.6941557
0,2283,0.5540755987167358,0.3408908507223114,1786435053.7817595
0,2284,0.5977417826652527,0.34094551282051283,1786435053.8712852
0,2285,0.5756659507751465,0.3410666666666667,1786435053.9599514
0,2286,0.5179703235626221,0.34105431309904155,1786435054.0480149
0,2287,0.41780972480773926,0.34117490696438063,1786435054.135385
0,2288,0.4932003319263458,0.34102972399150744,1786435054.2233148
0,2289,0.495752215385437,0.34088500264970856,1786435054.3110979
0,2290,0.4680987298488617,0.341005291005291,1786435054.399006
0,2291,0.5016711950302124,0.3409931325937665,1786435054.4865978
0,2292,0.6723447442054749,0.3408491561181435,1786435054.5748715
0,2293,0.6383200287818909,0.34083728278041076,1786435054.6635985
0,2294,0.5655773878097534,0.34062828601472134,1786435054.7538092
0,2295,0.6204586625099182,0.3404855643044619,1786435054.8443925
0,2296,0.5745416879653931,0.34067085953878407,1786435054.9343371
0,2297,0.45055317878723145,0.34079016221873365,1786435055.0240438
0,2298,0.44777339696884155,0.3409743991640543,1786435055.1143954
0,2299,0.5305582284927368,0.340962441314554,1786435055.2052543
0,2300,0.5618155002593994,0.34108072916666665,1786435055.2958624
0,2301,0.6230412125587463,0.3411336453458138,1786435055.3849406
0,2302,0.48333123326301575,0.34092679127725856,1786435055.4759107
0,2303,0.6013140082359314,0.34110938310005184,1786435055.5673006
0,2304,0.5726408362388611,0.34129140786749484,1786435055.6571906
0,2305,0.5979294180870056,0.341343669250646,1786435055.747173
0,2306,0.4970683455467224,0.3410732714138287,1786435055.8387587
0,2307,0.613287627696991,0.34125450798557444,1786435055.931058
0,2308,0.49602237343788147,0.3414351851851852,1786435056.0217159
0,2309,0.48702314496040344,0.3414227015921931,1786435056.1127622
0,2310,0.545569121837616,0.34134615384615385,1786435056.2038686
0,2311,0.4148383140563965,0.3415898617511521,1786435056.3002264
0,2312,0.5840107798576355,0.3416411042944785,1786435056.3970497
0,2313,0.5854060053825378,0.3416921898928024,1786435056.4933546
0,2314,0.43049925565719604,0.3420616717635066,1786435056.591616
0,2315,0.4650794267654419,0.3416666666666667,1786435056.6887488
0,2316,0.5251765847206116,0.34159044715447157,1786435056.7819834
0,2317,0.5377269387245178,0.3417047184170472,1786435056.8737288
0,2318,0.6267543435096741,0.3420086119554205,1786435056.9657214
0,2319,0.6640305519104004,0.3416160849772382,1786435057.05598
0,2320,0.6692643761634827,0.34172979797979797,1786435057.1462245
0,2321,0.5435056686401367,0.3416540595057993,1786435057.234267
0,2322,0.5637052655220032,0.34176737160120846,1786435057.3232617
0,2323,0.47476911544799805,0.3418803418803419,1786435057.4117799
0,2324,0.586767315864563,0.3421812248995984,1786435057.500609
0,2325,0.48514294624328613,0.34229323308270676,1786435057.590539
0,2326,0.4429545998573303,0.34234234234234234,1786435057.6793666
0,2327,0.4700694680213928,0.3422663668165917,1786435057.7688777
0,2328,0.45132502913475037,0.34250249500998003,1786435057.856883
0,2329,0.5669641494750977,0.34267563527653216,1786435057.9443657
0,2330,0.4864102900028229,0.3427238805970149,1786435058.0337734
0,2331,0.6621911525726318,0.34277198211624443,1786435058.1224487
0,2332,0.5697929859161377,0.3425719246031746,1786435058.2128496
0,2333,0.5058977603912354,0.34286775631500743,1786435058.3011076
0,2334,0.6122552156448364,0.34291543026706234,1786435058.3921523
0,2335,0.46042144298553467,0.3430246913580247,1786435058.4840136
0,2336,0.4752386212348938,0.3432569033530572,1786435058.5761583
0,2337,0.4704717695713043,0.3428729689807976,1786435058.6687007
0,2338,0.5297101736068726,0.34267453294001965,1786435058.7620542
0,2339,0.6027028560638428,0.34259941089838,1786435058.8538394
0,2340,0.5860397815704346,0.3426470588235294,1786435058.9466107
0,2341,0.4307319223880768,0.34275575134605973,1786435059.0493157
0,2342,0.6623071432113647,0.3428030303030303,1786435059.1510932
0,2343,0.4870397746562958,0.34291117618350414,1786435059.2506313
0,2344,0.5500691533088684,0.34289717348927873,1786435059.3453417
0,2345,0.506919801235199,0.34300486618004866,1786435059.4528797
0,2346,0.6490151882171631,0.34311224489795916,1786435059.5460396
0,2347,0.4817466139793396,0.34285540999514796,1786435059.6496696
0,2348,0.6686786413192749,0.3427204457364341,1786435059.7412384
0,2349,0.642108678817749,0.3428277697145622,1786435059.839616
0,2350,0.5910927653312683,0.34293478260869564,1786435059.9371972
0,2351,0.6145134568214417,0.3432223830197781,1786435060.036391
0,2352,0.5558655261993408,0.3432080924855491,1786435060.1354718
0,2353,0.5544026494026184,0.3431938431938432,1786435060.227623
0,2354,0.5585848689079285,0.3435398655139289,1786435060.326179
0,2355,0.5156741142272949,0.3434652278177458,1786435060.4182749
0,2356,0.5141034126281738,0.34357040229885055,1786435060.5096912
0,2357,0.5793095827102661,0.3436154949784792,1786435060.6023703
0,2358,0.7996832132339478,0.3436007640878701,1786435060.6958065
0,2359,0.48482754826545715,0.343586075345732,1786435060.7959356
0,2360,0.6719107627868652,0.34375,1786435060.8900404
0,2361,0.5425585508346558,0.3436757013789824,1786435060.986183
0,2362,0.5157114267349243,0.34377967711301044,1786435061.0901675
0,2363,0.4356069564819336,0.3441204362256994,1786435061.1826067
0,2364,0.5113980770111084,0.3439275568181818,1786435061.2775698
0,2365,0.6567607522010803,0.34397163120567376,1786435061.3750005
0,2366,0.6872679591178894,0.3438975448536355,1786435061.4684327
0,2367,0.5139292478561401,0.3438236680810938,1786435061.5606592
0,2368,0.5986199378967285,0.3436322975517891,1786435061.6657748
0,2369,0.48774173855781555,0.3436765397273155,1786435061.7573826
0,2370,0.4784753620624542,0.3437793427230047,1786435061.84896
0,2371,0.5485217571258545,0.34358884200656353,1786435061.9409783
0,2372,0.4070504307746887,0.34334035580524347,1786435062.0342014
0,2373,0.5093976259231567,0.3432678821879383,1786435062.1267095
0,2374,0.5308279991149902,0.3431956115779645,1786435062.218403
0,2375,0.4670979678630829,0.34324009324009325,1786435062.3180978
0,2376,0.49193274974823,0.3434590316573557,1786435062.4112654
0,2377,0.5712494254112244,0.34344490934449096,1786435062.507481
0,2378,0.63783860206604,0.34343082636954503,1786435062.6000695
0,2379,0.5195810794830322,0.3434747334260547,1786435062.7016652
0,2380,0.6025367975234985,0.34346064814814814,1786435062.8005855
0,2381,0.6900140047073364,0.3434466019417476,1786435062.889087
0,2382,0.6326994299888611,0.34360572483841184,1786435062.9885578
0,2383,0.6735634207725525,0.34359151682803135,1786435063.0765414
0,2384,0.4649087190628052,0.34386510128913444,1786435063.1690295
0,2385,0.6057571172714233,0.3436206896551724,1786435063.2591758
0,2386,0.5448325872421265,0.3437213039485767,1786435063.347741
0,2387,0.4956018328666687,0.3436497019715727,1786435063.44631
0,2388,0.6157015562057495,0.34375,1786435063.54322
0,2389,0.5116609930992126,0.34350708733424784,1786435063.6319067
0,2390,0.5843204855918884,0.34320776255707763,1786435063.7339845
0,2391,0.5607101917266846,0.3433082535339717,1786435063.8232331
0,2392,0.6247734427452087,0.3434084699453552,1786435063.9109318
0,2393,0.4491770565509796,0.3436221009549795,1786435064.0045176
0,2394,0.5830302834510803,0.34366485013623976,1786435064.1064875
0,2395,0.5926284790039062,0.3438775510204082,1786435064.200421
0,2396,0.4302639663219452,0.3440330615942029,1786435064.2885776
0,2397,0.5382442474365234,0.34407507914970603,1786435064.3874385
0,2398,0.5082666873931885,0.3440605239385727,1786435064.4765508
0,2399,0.426619291305542,0.34438430311231394,1786435064.5736291
0,2400,0.37691250443458557,0.34436936936936935,1786435064.661608
0,2401,0.49214446544647217,0.34446693657219973,1786435064.751761
0,2402,0.6462092995643616,0.3446203953279425,1786435064.8436115
0,2403,0.5440536737442017,0.34438088829071334,1786435064.9331899
0,2404,0.4892357885837555,0.3442540322580645,1786435065.0217178
0,2405,0.6097570657730103,0.3441834451901566,1786435065.1218948
0,2406,0.6335985660552979,0.3441130473637176,1786435065.212477
0,2407,0.5001444220542908,0.34443328871039713,1786435065.3047915
0,2408,0.5404621958732605,0.34464126559714797,1786435065.4038234
0,2409,0.7588328123092651,0.3445149087672452,1786435065.4979527
0,2410,0.47922229766845703,0.34444444444444444,1786435065.5935419
0,2411,0.5194329023361206,0.34476253883710606,1786435065.6816878
0,2412,0.49735167622566223,0.34452570921985815,1786435065.7737057
0,2413,0.581005334854126,0.34478751660026563,1786435065.8736727
0,2414,0.45963412523269653,0.34449602122015915,1786435065.9624472
0,2415,0.5740571022033691,0.3443708609271523,1786435066.060008
0,2416,0.4614115059375763,0.3444664902998236,1786435066.1515536
0,2417,0.5238933563232422,0.34445178335535004,1786435066.253806
0,2418,0.3827163279056549,0.344547053649956,1786435066.3513174
0,2419,0.4222755432128906,0.34458717610891526,1786435066.4423048
0,2420,0.45047199726104736,0.34462719298245614,1786435066.5410058
0,2421,0.5310752391815186,0.3443933420937363,1786435066.634552
0,2422,0.5883032083511353,0.34410542432195973,1786435066.7259774
0,2423,0.5402554273605347,0.3440366972477064,1786435066.8160183
0,2424,0.47941693663597107,0.343804537521815,1786435066.9056022
0,2425,0.5444205403327942,0.34368191721132896,1786435067.0053575
0,2426,0.4757288694381714,0.3437771975630983,1786435067.0953834
0,2427,0.5738999247550964,0.34403520208604954,1786435067.1852283
0,2428,0.5091450810432434,0.3441840277777778,1786435067.2751427
0,2429,0.4833992123603821,0.3444408322496749,1786435067.3647995
0,2430,0.6646866202354431,0.3444805194805195,1786435067.455152
0,2431,0.44250085949897766,0.34441201902291396,1786435067.5458684
0,2432,0.7814959287643433,0.3441817789291883,1786435067.6366346
0,2433,0.5241114497184753,0.34411384217335056,1786435067.7264893
0,2434,0.6548618078231812,0.3438845822566753,1786435067.8202999
0,2435,0.5815340280532837,0.34381720430107526,1786435067.9083185
0,2436,0.5639205574989319,0.3438573883161512,1786435067.9974644
0,2437,0.515769898891449,0.344004719004719,1786435068.0956135
0,2438,0.6718531847000122,0.34366966580976865,1786435068.1954918
0,2439,0.5255284309387207,0.34365639709028667,1786435068.2956731
0,2440,0.5044025778770447,0.3435897435897436,1786435068.393255
0,2441,0.5364775061607361,0.3436299615877081,1786435068.4817426
0,2442,0.6080585718154907,0.3437766410912191,1786435068.5700464
0,2443,0.5400735139846802,0.34355044699872284,1786435068.6586552
0,2444,0.667094349861145,0.343484268707483,1786435068.7544997
0,2445,0.4078012704849243,0.3435774946921444,1786435068.8444905
0,2446,0.534419596195221,0.34372349448685324,1786435068.937334
0,2447,0.4823214113712311,0.34386912325285895,1786435069.0353894
0,2448,0.641465425491333,0.3436442470389171,1786435069.135304
0,2449,0.5180367827415466,0.34341994085340094,1786435069.2278695
0,2450,0.516316294670105,0.3435654008438819,1786435069.3175125
0,2451,0.5083974003791809,0.34360514117151286,1786435069.4089909
0,2452,0.6334819197654724,0.3434343434343434,1786435069.5105526
0,2453,0.539548933506012,0.34363177805800754,1786435069.6049201
0,2454,0.6891674399375916,0.34377623845507976,1786435069.7040384
0,2455,0.5689281225204468,0.34376310272536686,1786435069.793489
0,2456,0.4923068881034851,0.34385469011725295,1786435069.890181
0,2457,0.5832991600036621,0.344155165202844,1786435069.9800842
0,2458,0.5860012769699097,0.34398496240601506,1786435070.0733798
0,2459,0.5799172520637512,0.34397163120567376,1786435070.1709206
0,2460,0.6237829923629761,0.3440625,1786435070.2691329
0,2461,0.6584832668304443,0.3441011235955056,1786435070.358823
0,2462,0.5656847357749939,0.3442955112219451,1786435070.453195
0,2463,0.4836084544658661,0.34407430469074307,1786435070.5436056
0,2464,0.5623139142990112,0.34380182421227196,1786435070.634401
0,2465,0.5945292115211487,0.3438923395445135,1786435070.722869
0,2466,0.6896729469299316,0.3437758478081059,1786435070.8115327
0,2467,0.45435795187950134,0.34386617100371747,1786435070.8986633
0,2468,0.4361475110054016,0.34416254125412543,1786435070.986684
0,2469,0.4715215861797333,0.34435517099299545,1786435071.075024
0,2470,0.5078880786895752,0.34444444444444444,1786435071.162993
0,2471,0.5349120497703552,0.344636251541307,1786435071.252106
0,2472,0.8477885723114014,0.34436576354679804,1786435071.3410418
0,2473,0.410612016916275,0.3445059450594506,1786435071.4288251
0,2474,0.4626767635345459,0.3444410319410319,1786435071.5161927
0,2475,0.7005534768104553,0.3445296523517382,1786435071.605314
0,2476,0.6446544528007507,0.3446691176470588,1786435071.6940045
0,2477,0.5438429713249207,0.3446552427580579,1786435071.7828798
0,2478,0.6713248491287231,0.3445904645476773,1786435071.8730614
0,2479,0.47545358538627625,0.34442409442409444,1786435071.9646144
0,2480,0.5342411994934082,0.3443089430894309,1786435072.053728
0,2481,0.648138701915741,0.34414332115306534,1786435072.143976
0,2482,0.588485062122345,0.3442315490673155,1786435072.2317874
0,2483,0.5679450631141663,0.3442183070068854,1786435072.3213537
0,2484,0.5554510354995728,0.34430622977346276,1786435072.4095907
0,2485,0.5757750272750854,0.3441919191919192,1786435072.4985785
0,2486,0.45106250047683716,0.344683212267958,1786435072.5876384
0,2487,0.44929322600364685,0.34487101975010076,1786435072.6753812
0,2488,0.5309123992919922,0.34480676328502413,1786435072.7638755
0,2489,0.49806469678878784,0.34484318455971047,1786435072.8519597
0,2490,0.5372685790061951,0.3447289156626506,1786435072.9406981
0,2491,0.44020116329193115,0.3447653429602888,1786435073.0297165
0,2492,0.48162809014320374,0.3446514423076923,1786435073.1170342
0,2493,0.537093997001648,0.3445878351340536,1786435073.2050679
0,2494,0.5149385333061218,0.3444244604316547,1786435073.292831
0,2495,0.48565012216567993,0.3444111776447106,1786435073.3817298
0,2496,0.6704751253128052,0.34454744816586924,1786435073.4711883
0,2497,0.5186083912849426,0.3447331740342493,1786435073.5604885
0,2498,0.5761895179748535,0.34457040572792363,1786435073.649926
0,2499,0.5509955883026123,0.34470599920540324,1786435073.7384038
0,2500,0.6638948917388916,0.3446924603174603,1786435073.8260548
0,2501,0.4635540246963501,0.344778042013476,1786435073.9138846
0,2502,0.5833801627159119,0.34491290577988915,1786435074.002371
0,2503,0.6654473543167114,0.34514630288651643,1786435074.0911849
0,2504,0.4309414029121399,0.3451816745655608,1786435074.1790473
0,2505,0.6419748067855835,0.3451183431952663,1786435074.2680197
0,2506,0.5030001401901245,0.34500591016548465,1786435074.356934
0,2507,0.5906887054443359,0.3449429358520268,1786435074.445594
0,2508,0.7758280038833618,0.3448801100628931,1786435074.5338528
0,2509,0.6542823910713196,0.34467020023557127,1786435074.6223507
0,2510,0.41173210740089417,0.3444607843137255,1786435074.7109547
0,2511,0.5753315091133118,0.34459459459459457,1786435074.799232
0,2512,0.5452300310134888,0.34453247261345854,1786435074.8881645
0,2513,0.5598125457763672,0.344568190699492,1786435074.9758787
0,2514,0.5119699239730835,0.34435987509758004,1786435075.0644207
0,2515,0.5081974267959595,0.3442982456140351,1786435075.1544325
0,2516,0.43052762746810913,0.34413940809968846,1786435075.2446938
0,2517,0.7542725801467896,0.3437864644107351,1786435075.3345714
0,2518,0.5859214067459106,0.34396853146853146,1786435075.4248672
0,2519,0.5087528824806213,0.3441501746216531,1786435075.5145495
0,2520,0.47533881664276123,0.3443313953488372,1786435075.6040392
0,2521,0.6045640707015991,0.3440766550522648,1786435075.693778
0,2522,0.47103697061538696,0.34416086620262953,1786435075.7839231
0,2523,0.4851687550544739,0.3440517574353032,1786435075.8743393
0,2524,0.48164957761764526,0.34384645061728397,1786435075.9642763
0,2525,0.42831161618232727,0.34417148362235067,1786435076.0578163
0,2526,0.7011058330535889,0.3439665127020785,1786435076.1610649
0,2527,0.685145378112793,0.3438581314878893,1786435076.2515786
0,2528,0.4470716714859009,0.3437980030721966,1786435076.3404224
0,2529,0.579130232334137,0.3435941695435366,1786435076.4301534
0,2530,0.6061582565307617,0.34367816091954023,1786435076.5171766
0,2531,0.4204983413219452,0.343857634902411,1786435076.6054273
0,2532,0.5041236281394958,0.34389334862385323,1786435076.692842
0,2533,0.4633437693119049,0.34383352424589536,1786435076.779705
0,2534,0.6267576813697815,0.34386918382913806,1786435076.8684835
0,2535,0.4592244029045105,0.3439047619047619,1786435076.957907
0,2536,0.5040701627731323,0.3439878234398782,1786435077.045729
0,2537,0.6116029620170593,0.34392816419612315,1786435077.1340275
0,2538,0.5285089015960693,0.34386864085041763,1786435077.222869
0,2539,0.4839099943637848,0.3438566552901024,1786435077.3111484
0,2540,0.5391871333122253,0.3437973484848485,1786435077.4015126
0,2541,0.5815476179122925,0.343690881573969,1786435077.490418
0,2542,0.5276526212692261,0.3436791383219955,1786435077.5783682
0,2543,0.5298845767974854,0.34347867119667796,1786435077.6674323
0,2544,0.3569699823856354,0.3438442684766214,1786435077.7558413
0,2545,0.5321818590164185,0.34387947269303204,1786435077.8421996
0,2546,0.6197970509529114,0.3437264860797592,1786435077.9294183
0,2547,0.4329304099082947,0.3438087185268696,1786435078.0153666
1,2548,0.4804529547691345,0.4166666666666667,1786435086.267248
1,2549,0.5430416464805603,0.4375,1786435086.3667235
1,2550,1.0125794410705566,0.3611111111111111,1786435086.4700127
1,2551,0.4797629117965698,0.40625,1786435086.580159
1,2552,0.5573755502700806,0.35,1786435086.6895921
1,2553,0.5498366951942444,0.3611111111111111,1786435086.7913554
1,2554,0.516083300113678,0.3273809523809524,1786435086.9078045
1,2555,0.48002147674560547,0.328125,1786435087.0042365
1,2556,0.6385899186134338,0.3425925925925926,1786435087.1012213
1,2557,0.5691642165184021,0.3458333333333333,1786435087.2338448
1,2558,0.5236029028892517,0.3409090909090909,1786435087.3440347
1,2559,0.5978500843048096,0.3263888888888889,1786435087.436971
1,2560,0.5329871773719788,0.3301282051282051,1786435087.52778
1,2561,0.7929309606552124,0.3273809523809524,1786435087.6254883
1,2562,0.5059711337089539,0.3416666666666667,1786435087.7188275
1,2563,0.4742698073387146,0.3359375,1786435087.8105521
1,2564,0.5594041347503662,0.34558823529411764,1786435087.9069192
1,2565,0.45719537138938904,0.3587962962962963,1786435088.0035355
1,2566,0.6406736969947815,0.3574561403508772,1786435088.0974636
1,2567,0.5185732841491699,0.35208333333333336,1786435088.1915975
1,2568,0.6210871338844299,0.35119047619047616,1786435088.281718
1,2569,0.4618380069732666,0.3484848484848485,1786435088.3709335
1,2570,0.4756637513637543,0.3496376811594203,1786435088.4601111
1,2571,0.5806468725204468,0.3472222222222222,1786435088.5489757
1,2572,0.5027318000793457,0.35,1786435088.6511915
1,2573,0.7440856695175171,0.34775641025641024,1786435088.7402768
1,2574,0.5422314405441284,0.3487654320987654,1786435088.832346
1,2575,0.5722406506538391,0.3541666666666667,1786435088.9237456
1,2576,0.5723425149917603,0.35919540229885055,1786435089.0225482
1,2577,0.5817797183990479,0.35833333333333334,1786435089.12106
1,2578,0.5542576313018799,0.3588709677419355,1786435089.2231653
1,2579,0.5931557416915894,0.3515625,1786435089.313342
1,2580,0.5715376138687134,0.351010101010101,1786435089.412406
1,2581,0.6705942749977112,0.35049019607843135,1786435089.5051694
1,2582,0.47946086525917053,0.35595238095238096,1786435089.5973558
1,2583,0.4923834800720215,0.3599537037037037,1786435089.6862552
1,2584,0.5890240669250488,0.356981981981982,1786435089.7757676
1,2585,0.4733070731163025,0.35855263157894735,1786435089.8679318
1,2586,0.4461013376712799,0.3643162393162393,1786435089.9614122
1,2587,0.5654903054237366,0.3625,1786435090.0534306
1,2588,0.4852590560913086,0.36077235772357724,1786435090.1480997
1,2589,0.4955332279205322,0.36706349206349204,1786435090.2411807
1,2590,0.4757520258426666,0.3691860465116279,1786435090.3351324
1,2591,0.6320828199386597,0.3693181818181818,1786435090.4277692
1,2592,0.4725683629512787,0.36666666666666664,1786435090.5189903
1,2593,0.5110811591148376,0.3677536231884058,1786435090.608323
1,2594,0.4607885181903839,0.36879432624113473,1786435090.6975777
1,2595,0.45153406262397766,0.3697916666666667,1786435090.7853587
1,2596,0.3804744482040405,0.3741496598639456,1786435090.873161
1,2597,0.5225346684455872,0.3775,1786435090.9665112
1,2598,0.47452279925346375,0.37745098039215685,1786435091.0698454
1,2599,0.47984230518341064,0.3782051282051282,1786435091.161833
1,2600,0.46486079692840576,0.3789308176100629,1786435091.2667558
1,2601,0.6100100874900818,0.3765432098765432,1786435091.3617828
1,2602,0.5420799255371094,0.37575757575757573,1786435091.4641287
1,2603,0.582215428352356,0.37351190476190477,1786435091.565322
1,2604,0.4688655138015747,0.36915204678362573,1786435091.664533
1,2605,0.4544834792613983,0.3692528735632184,1786435091.7646344
1,2606,0.550055205821991,0.3672316384180791,1786435091.85687
1,2607,0.4734983742237091,0.36736111111111114,1786435091.9498036
1,2608,0.5063747763633728,0.3681693989071038,1786435092.0480928
1,2609,0.48900866508483887,0.3702956989247312,1786435092.1382065
1,2610,0.5011100769042969,0.36904761904761907,1786435092.2284203
1,2611,0.606166660785675,0.369140625,1786435092.3197238
1,2612,0.5295658111572266,0.3685897435897436,1786435092.4112957
1,2613,0.5765327215194702,0.37058080808080807,1786435092.5039241
1,2614,0.6134805679321289,0.373134328358209,1786435092.5966814
1,2615,0.4777694344520569,0.375,1786435092.6888332
1,2616,0.5167274475097656,0.3743961352657005,1786435092.7805479
1,2617,0.5634071230888367,0.3738095238095238,1786435092.8690372
1,2618,0.7576069831848145,0.3720657276995305,1786435092.9578571
1,2619,0.44462478160858154,0.37094907407407407,1786435093.047616
1,2620,0.4733923673629761,0.3738584474885845,1786435093.138464
1,2621,0.5311484932899475,0.3721846846846847,1786435093.2278183
1,2622,0.5705937743186951,0.3711111111111111,1786435093.3396654
1,2623,0.44562968611717224,0.3717105263157895,1786435093.4328902
1,2624,0.6273078322410583,0.37337662337662336,1786435093.5238717
1,2625,0.46103590726852417,0.375,1786435093.6145124
1,2626,0.4713127613067627,0.375,1786435093.7041566
1,2627,0.4284030497074127,0.3765625,1786435093.7971013
1,2628,0.5528349876403809,0.3775720164609053,1786435093.8913577
1,2629,0.5318650007247925,0.3785569105691057,1786435093.9895983
1,2630,0.47077634930610657,0.37751004016064255,1786435094.0885186
1,2631,0.8386433124542236,0.3759920634920635,1786435094.181638
1,2632,0.5993532538414001,0.3764705882352941,1786435094.2723815
1,2633,0.4487677216529846,0.37693798449612403,1786435094.361678
1,2634,0.5318562984466553,0.3759578544061303,1786435094.4507937
1,2635,0.4725489020347595,0.3768939393939394,1786435094.5402682
1,2636,0.49816253781318665,0.37780898876404495,1786435094.6287963
1,2637,0.5280748009681702,0.37916666666666665,1786435094.7174091
1,2638,0.8175991177558899,0.37866300366300365,1786435094.807146
1,2639,0.5244992971420288,0.37726449275362317,1786435094.8977869
1,2640,0.5051968693733215,0.37589605734767023,1786435094.9875054
1,2641,0.5895951390266418,0.37677304964539005,1786435095.076945
1,2642,0.5986064672470093,0.375,1786435095.1665308
1,2643,0.5853177309036255,0.375,1786435095.2547693
1,2644,0.40444839000701904,0.37628865979381443,1786435095.3428276
1,2645,0.5239843130111694,0.3754251700680272,1786435095.430265
1,2646,0.45118004083633423,0.37584175084175087,1786435095.5200627
1,2647,0.525035560131073,0.37333333333333335,1786435095.6124368
1,2648,0.4000939130783081,0.37623762376237624,1786435095.7039483
1,2649,0.5340933799743652,0.3770424836601307,1786435095.7937126
1,2650,0.6586422920227051,0.3786407766990291,1786435095.881921
1,2651,0.6439262628555298,0.3798076923076923,1786435095.9693086
1,2652,0.5605995655059814,0.38015873015873014,1786435096.0586543
1,2653,0.6227573752403259,0.38089622641509435,1786435096.1476367
1,2654,0.5780677795410156,0.3796728971962617,1786435096.2365792
1,2655,0.6085684299468994,0.38040123456790126,1786435096.3265054
1,2656,0.6349252462387085,0.38073394495412843,1786435096.415443
1,2657,0.5237278938293457,0.3795454545454545,1786435096.5043292
1,2658,0.5818639993667603,0.3802552552552553,1786435096.5941136
1,2659,0.48200303316116333,0.38058035714285715,1786435096.6870282
1,2660,0.4904656708240509,0.38163716814159293,1786435096.7750974
1,2661,0.5216052532196045,0.3815789473684211,1786435096.864343
1,2662,0.6808529496192932,0.38007246376811593,1786435096.9535394
1,2663,0.5740995407104492,0.3785919540229885,1786435097.0410924
1,2664,0.5380089282989502,0.37962962962962965,1786435097.12917
1,2665,0.5573533177375793,0.379590395480226,1786435097.2178538
1,2666,0.4936569035053253,0.37780112044817926,1786435097.30721
1,2667,0.38366156816482544,0.3802083333333333,1786435097.39594
1,2668,0.49449390172958374,0.3784435261707989,1786435097.4841962
1,2669,0.5946912169456482,0.37943989071038253,1786435097.5732462
1,2670,0.469749391078949,0.37974254742547425,1786435097.6604168
1,2671,0.5567930936813354,0.3800403225806452,1786435097.74942
1,2672,0.4918493330478668,0.37933333333333336,1786435097.8366446
1,2673,0.5375791192054749,0.3783068783068783,1786435097.9246833
1,2674,0.6968356966972351,0.3782808398950131,1786435098.0133917
1,2675,0.5056631565093994,0.3792317708333333,1786435098.102222
1,2676,0.48364803194999695,0.3791989664082687,1786435098.1914732
1,2677,0.6313906908035278,0.3782051282051282,1786435098.2815933
1,2678,0.40902358293533325,0.3772264631043257,1786435098.37293
1,2679,0.46966978907585144,0.3778409090909091,1786435098.461814
1,2680,0.5893744826316833,0.37844611528822053,1786435098.5500793
1,2681,0.47841113805770874,0.3781094527363184,1786435098.6382818
1,2682,0.599195659160614,0.37777777777777777,1786435098.7273538
1,2683,0.5895377397537231,0.37775735294117646,1786435098.8164248
1,2684,0.4551428556442261,0.37834549878345497,1786435098.9044318
1,2685,0.5882742404937744,0.3765096618357488,1786435098.9939215
1,2686,0.5186929702758789,0.3761990407673861,1786435099.082226
1,2687,0.47886765003204346,0.37589285714285714,1786435099.169854
1,2688,0.6088555455207825,0.375,1786435099.2590568
1,2689,0.46747538447380066,0.375,1786435099.3470404
1,2690,0.6237257122993469,0.3747086247086247,1786435099.4358144
1,2691,0.40954670310020447,0.37355324074074076,1786435099.5249212
1,2692,0.5674020051956177,0.3741379310344828,1786435099.6132405
1,2693,0.459608793258667,0.375,1786435099.7015455
1,2694,0.48269936442375183,0.375,1786435099.7901275
1,2695,0.4342197775840759,0.3755630630630631,1786435099.8800611
1,2696,0.6253820657730103,0.3755592841163311,1786435099.9692154
1,2697,0.4468202590942383,0.37444444444444447,1786435100.0581014
1,2698,0.4174230098724365,0.37527593818984545,1786435100.1459227
1,2699,0.4693910479545593,0.37609649122807015,1786435100.234906
1,2700,0.6474193930625916,0.37445533769063183,1786435100.3240597
1,2701,0.5017133355140686,0.37364718614718617,1786435100.4134538
1,2702,0.45710235834121704,0.3736559139784946,1786435100.5012658
1,2703,0.5502755045890808,0.37393162393162394,1786435100.589314
1,2704,0.48025014996528625,0.375,1786435100.6785767
1,2705,0.5786117315292358,0.375,1786435100.766667
1,2706,0.5566086769104004,0.3757861635220126,1786435100.8554018
1,2707,0.5227950215339661,0.37552083333333336,1786435100.9432223
1,2708,0.5029862523078918,0.37422360248447206,1786435101.0322535
1,2709,0.5030030608177185,0.375,1786435101.1218114
1,2710,0.5430687665939331,0.37372188139059304,1786435101.2103744
1,2711,0.4490979015827179,0.3744918699186992,1786435101.2995434
1,2712,0.531073808670044,0.37424242424242427,1786435101.3874454
1,2713,0.4951493740081787,0.3757530120481928,1786435101.4752939
1,2714,0.4221755862236023,0.37624750499001997,1786435101.5637522
1,2715,0.5324457287788391,0.3757440476190476,1786435101.6518924
1,2716,0.5313326120376587,0.3759861932938856,1786435101.7398708
1,2717,0.5474590063095093,0.3752450980392157,1786435101.8286283
1,2718,0.4267005920410156,0.37548732943469787,1786435101.9177768
1,2719,0.5353301763534546,0.3742732558139535,1786435102.0067248
1,2720,0.4238693118095398,0.37427745664739887,1786435102.094837
1,2721,0.48030170798301697,0.3740421455938697,1786435102.1834786
1,2722,0.4344952702522278,0.37452380952380954,1786435102.272596
1,2723,0.6034221649169922,0.3742897727272727,1786435102.3616834
1,2724,0.48512378334999084,0.3738229755178908,1786435102.4494092
1,2725,0.651303768157959,0.3738295880149813,1786435102.5379984
1,2726,0.4986025393009186,0.37360335195530725,1786435102.6267083
1,2727,0.43571966886520386,0.37407407407407406,1786435102.7151809
1,2728,0.5525370240211487,0.3740791896869245,1786435102.8027184
1,2729,0.42326468229293823,0.37477106227106227,1786435102.8906698
1,2730,0.6107232570648193,0.3740892531876138,1786435102.9790163
1,2731,0.4953060746192932,0.37296195652173914,1786435103.0678272
1,2732,0.37994474172592163,0.37207207207207205,1786435103.1575887
1,2733,0.5681855082511902,0.37298387096774194,1786435103.2454255
1,2734,0.37433308362960815,0.37433155080213903,1786435103.334416
1,2735,0.326104074716568,0.375,1786435103.4232473
1,2736,0.5299070477485657,0.37433862433862436,1786435103.512386
1,2737,0.5159972906112671,0.37412280701754386,1786435103.6011899
1,2738,0.5557239055633545,0.3743455497382199,1786435103.689267
1,2739,0.5960284471511841,0.3734809027777778,1786435103.77799
1,2740,0.6099047660827637,0.37327288428324695,1786435103.8667092
1,2741,0.5193103551864624,0.37328178694158076,1786435103.9553466
1,2742,0.427387535572052,0.3735042735042735,1786435104.0439017
1,2743,0.42992621660232544,0.37329931972789115,1786435104.1332736
1,2744,0.4543922543525696,0.3737309644670051,1786435104.2219176
1,2745,0.4553193151950836,0.3726851851851852,1786435104.3112805
1,2746,0.4611269235610962,0.3729061976549414,1786435104.3996227
1,2747,0.5206498503684998,0.3722916666666667,1786435104.4882138
1,2748,0.5495720505714417,0.37271973466003316,1786435104.5775778
1,2749,0.5072827935218811,0.37314356435643564,1786435104.6672823
1,2750,0.596544623374939,0.3725369458128079,1786435104.7561026
1,2751,0.5992801785469055,0.37111928104575165,1786435104.8452337
1,2752,0.5212985277175903,0.3703252032520325,1786435104.9342022
1,2753,0.5503988862037659,0.37014563106796117,1786435105.0223687
1,2754,0.4319387972354889,0.3713768115942029,1786435105.1103652
1,2755,0.5432804226875305,0.37219551282051283,1786435105.1987586
1,2756,0.6782034039497375,0.3722089314194577,1786435105.287966
1,2757,0.47958803176879883,0.373015873015873,1786435105.3761702
1,2758,0.41179895401000977,0.37342022116903634,1786435105.4644473
1,2759,0.5818169116973877,0.37342767295597484,1786435105.5521278
1,2760,0.39865392446517944,0.37402190923317685,1786435105.640959
1,2761,0.5392286777496338,0.3744158878504673,1786435105.7288888
1,2762,0.5800491571426392,0.3742248062015504,1786435105.817879
1,2763,0.5362982749938965,0.3740354938271605,1786435105.907182
1,2764,0.4477706253528595,0.37423195084485406,1786435105.995969
1,2765,0.5206600427627563,0.375,1786435106.0838232
1,2766,0.4668441712856293,0.3748097412480974,1786435106.1718183
1,2767,0.4603780508041382,0.37537878787878787,1786435106.2603414
1,2768,0.5655949115753174,0.37575414781297134,1786435106.3482814
1,2769,0.37374502420425415,0.37725225225225223,1786435106.4367416
1,2770,0.5483858585357666,0.3778026905829596,1786435106.5257704
1,2771,0.45449185371398926,0.37853422619047616,1786435106.6145177
1,2772,0.3673284351825714,0.37962962962962965,1786435106.703582
1,2773,0.5378040075302124,0.3801622418879056,1786435106.791176
1,2774,0.6796069741249084,0.3799559471365639,1786435106.8802342
1,2775,0.4821125566959381,0.3790204678362573,1786435106.9686625
1,2776,0.5644153952598572,0.37882096069869,1786435107.0577953
1,2777,0.4149888753890991,0.3795289855072464,1786435107.1548018
1,2778,0.5797390341758728,0.3791486291486291,1786435107.2440329
1,2779,0.4673958420753479,0.37948994252873564,1786435107.3319018
1,2780,0.5120797157287598,0.3791130185979971,1786435107.4202347
1,2781,0.6741675138473511,0.3787393162393162,1786435107.5184276
1,2782,0.5316329598426819,0.3790780141843972,1786435107.6079428
1,2783,0.6331675052642822,0.3783545197740113,1786435107.6972735
1,2784,0.6011117696762085,0.3771097046413502,1786435107.7895648
1,2785,0.47186946868896484,0.37797619047619047,1786435107.8781862
1,2786,0.49618715047836304,0.37883542538354253,1786435107.96641
1,2787,0.49124017357826233,0.3795138888888889,1786435108.0549924
1,2788,0.6847430467605591,0.3789764868603043,1786435108.1524
1,2789,0.44625476002693176,0.3789600550964187,1786435108.241726
1,2790,0.4810689687728882,0.3789437585733882,1786435108.3391416
1,2791,0.4926370680332184,0.3796106557377049,1786435108.4331017
1,2792,0.5495533347129822,0.37976190476190474,1786435108.5291297
1,2793,0.41368210315704346,0.38058943089430897,1786435108.616785
1,2794,0.3464432656764984,0.3814102564102564,1786435108.704792
1,2795,0.5125744938850403,0.3800403225806452,1786435108.796666
1,2796,0.44795626401901245,0.38052208835341367,1786435108.8907723
1,2797,0.5053365230560303,0.37966666666666665,1786435108.9795375
1,2798,0.46053987741470337,0.3796480743691899,1786435109.068881
1,2799,0.6714888215065002,0.3794642857142857,1786435109.1573296
1,2800,0.5898327827453613,0.3794466403162055,1786435109.2565503
1,2801,0.7249021530151367,0.3791010498687664,1786435109.3446984
1,2802,0.5196320414543152,0.37859477124183005,1786435109.439123
1,2803,0.5440320372581482,0.3792317708333333,1786435109.5304298
1,2804,0.55378657579422,0.378242542153048,1786435109.6290586
1,2805,0.4176176190376282,0.3785529715762274,1786435109.7164493
1,2806,0.5364282131195068,0.37853925353925355,1786435109.8036485
1,2807,0.4662171006202698,0.37884615384615383,1786435109.8919291
1,2808,0.4832132160663605,0.37883141762452105,1786435109.983888
1,2809,0.5536484122276306,0.37849872773536897,1786435110.0722108
1,2810,0.39482590556144714,0.3791191381495564,1786435110.1617973
1,2811,0.5670209527015686,0.37926136363636365,1786435110.2517965
1,2812,0.539219856262207,0.3786163522012579,1786435110.3417776
1,2813,0.5497226119041443,0.37860275689223055,1786435110.4312625
1,2814,0.6003773212432861,0.37874531835205993,1786435110.5208955
1,2815,0.5234185457229614,0.378886815920398,1786435110.6093378
1,2816,0.4621666967868805,0.3799566294919455,1786435110.6990147
1,2817,0.4487505555152893,0.38055555555555554,1786435110.7864628
1,2818,0.6300435066223145,0.38022755227552274,1786435110.8749282
1,2819,0.45372703671455383,0.3802083333333333,1786435110.9637043
1,2820,0.49546900391578674,0.3797313797313797,1786435111.0528383
1,2821,0.4299647808074951,0.3806265206812652,1786435111.1407833
1,2822,0.5353042483329773,0.3798484848484848,1786435111.2304883
1,2823,0.590636670589447,0.37983091787439616,1786435111.320038
1,2824,0.5505949854850769,0.38011432009626955,1786435111.4077258
1,2825,0.5341759324073792,0.37934652278177455,1786435111.4968302
1,2826,0.438004732131958,0.3793309438470729,1786435111.5847957
1,2827,0.4764326214790344,0.3793154761904762,1786435111.6752427
1,2828,0.5199283957481384,0.37944839857651247,1786435111.7631826
1,2829,0.4423229694366455,0.37884160756501184,1786435111.8520768
1,2830,0.453002005815506,0.3791224970553592,1786435111.9401057
1,2831,0.48608770966529846,0.3795481220657277,1786435112.029765
1,2832,0.4228159487247467,0.3799707602339181,1786435112.1232245
1,2833,0.42246270179748535,0.38024475524475526,1786435112.2134957
1,2834,0.6430448889732361,0.37964576074332174,1786435112.3021266
1,2835,0.6643995046615601,0.37919560185185186,1786435112.3910067
1,2836,0.6339439153671265,0.3799019607843137,1786435112.479996
1,2837,0.39770442247390747,0.3795977011494253,1786435112.568381
1,2838,0.5506300926208496,0.37958190148911797,1786435112.6578526
1,2839,0.5765298008918762,0.379708904109589,1786435112.7466476
1,2840,0.5768668055534363,0.3799772468714448,1786435112.835608
1,2841,0.4187551736831665,0.38052721088435376,1786435112.9247615
1,2842,0.46954476833343506,0.38036723163841807,1786435113.0132205
1,2843,0.5597480535507202,0.38063063063063063,1786435113.102461
1,2844,0.5525813102722168,0.37962962962962965,1786435113.1944056
1,2845,0.553070604801178,0.37905480984340045,1786435113.2837455
1,2846,0.45004791021347046,0.379041248606466,1786435113.3727553
1,2847,0.7050879001617432,0.3784722222222222,1786435113.4617457
1,2848,0.46128928661346436,0.37887596899224807,1786435113.5501878
1,2849,0.5326127409934998,0.37927704194260486,1786435113.6394622
1,2850,0.6833428740501404,0.37926292629262925,1786435113.7289667
1,2851,0.657425045967102,0.37924890350877194,1786435113.8186357
1,2852,0.4010206162929535,0.3795081967213115,1786435113.9063795
1,2853,0.5347042679786682,0.37935729847494554,1786435113.9954941
1,2854,0.5304696559906006,0.3797502714440825,1786435114.094488
1,2855,0.6121150851249695,0.3797348484848485,1786435114.1835897
1,2856,0.5293688774108887,0.3789104638619202,1786435114.2830927
1,2857,0.33852219581604004,0.37983870967741934,1786435114.3773925
1,2858,0.5009983777999878,0.3790192926045016,1786435114.4784486
1,2859,0.5721720457077026,0.37900641025641024,1786435114.569276
1,2860,0.403879851102829,0.37859424920127793,1786435114.6609864
1,2861,0.5032344460487366,0.3791135881104034,1786435114.754917
1,2862,0.6389597654342651,0.37976190476190474,1786435114.8523393
1,2863,0.4707377254962921,0.38014240506329117,1786435114.9499066
1,2864,0.5782736539840698,0.38065194532071506,1786435115.039099
1,2865,0.6827033758163452,0.38037211740041926,1786435115.1313283
1,2866,0.7281820774078369,0.3799634273772205,1786435115.2202268
1,2867,0.5153666138648987,0.37981770833333334,1786435115.3096008
1,2868,0.5626354217529297,0.379932502596054,1786435115.3976858
1,2869,0.49989253282546997,0.38030538302277433,1786435115.4857352
1,2870,0.626418948173523,0.38015995872033026,1786435115.5743423
1,2871,0.5308873653411865,0.380272633744856,1786435115.6624024
1,2872,0.5698681473731995,0.381025641025641,1786435115.7527761
1,2873,0.5927150249481201,0.3806237218813906,1786435115.8415868
1,2874,0.4309086203575134,0.3813710499490316,1786435115.929719
1,2875,0.4898747205734253,0.38135162601626016,1786435116.0299976
1,2876,0.4352927803993225,0.3819655521783181,1786435116.1185822
1,2877,0.5719885230064392,0.38207070707070706,1786435116.2130742
1,2878,0.46260496973991394,0.3821752265861027,1786435116.300906
1,2879,0.5047724843025208,0.3825301204819277,1786435116.389005
1,2880,0.5915350914001465,0.38238238238238237,1786435116.4783661
1,2881,0.5440340638160706,0.3818612774451098,1786435116.5682378
1,2882,0.5696603655815125,0.3814676616915423,1786435116.65814
1,2883,0.6108229756355286,0.3812003968253968,1786435116.7474632
1,2884,0.45230042934417725,0.3811819980217606,1786435116.835985
1,2885,0.6254454851150513,0.3814102564102564,1786435116.9242535
1,2886,0.630669116973877,0.38077679449360863,1786435117.0134814
1,2887,0.46545153856277466,0.38125,1786435117.101785
1,2888,0.49524086713790894,0.3815982404692082,1786435117.1909473
1,2889,0.5021141767501831,0.38182261208577,1786435117.279912
1,2890,0.7495890259742737,0.3816812439261419,1786435117.3677769
1,2891,0.6147762537002563,0.3812984496124031,1786435117.4572332
1,2892,0.5318683385848999,0.3815217391304348,1786435117.5467632
1,2893,0.35514959692955017,0.38222543352601157,1786435117.635785
1,2894,0.47000744938850403,0.38160422670509125,1786435117.7253315
1,2895,0.433324933052063,0.3817049808429119,1786435117.813978
1,2896,0.44830402731895447,0.3818051575931232,1786435117.9021885
1,2897,0.5692571401596069,0.381547619047619,1786435117.9920723
1,2898,0.587203323841095,0.3814102564102564,1786435118.0817935
1,2899,0.3463238775730133,0.38115530303030304,1786435118.1716247
1,2900,0.5367148518562317,0.3813739376770538,1786435118.2592595
1,2901,0.48032036423683167,0.3814736346516008,1786435118.3501158
1,2902,0.6776098012924194,0.38098591549295774,1786435118.4391143
1,2903,0.3888014853000641,0.381437265917603,1786435118.527388
1,2904,0.39077258110046387,0.3814192343604108,1786435118.6153972
1,2905,0.5871939063072205,0.3811685288640596,1786435118.705364
1,2906,0.3959694802761078,0.3813834726090993,1786435118.794288
1,2907,0.47958728671073914,0.3815972222222222,1786435118.8818645
1,2908,0.41121935844421387,0.38180978762696216,1786435118.9739242
1,2909,0.4196130633354187,0.3821362799263352,1786435119.0619388
1,2910,0.6499761343002319,0.3818870523415978,1786435119.1505198
1,2911,0.6043113470077515,0.3819826007326007,1786435119.2390745
1,2912,0.5753904581069946,0.3819634703196347,1786435119.326665
1,2913,0.5623947381973267,0.382172131147541,1786435119.4151568
1,2914,0.5743593573570251,0.3823796548592189,1786435119.503511
1,2915,0.5636953115463257,0.3820199275362319,1786435119.5936813
1,2916,0.5726748108863831,0.38200090334236675,1786435119.6820323
1,2917,0.499692440032959,0.3815315315315315,1786435119.7708063
1,2918,0.5220568776130676,0.3812893081761006,1786435119.860123
1,2919,0.46363991498947144,0.38116039426523296,1786435119.9491277
1,2920,0.659142017364502,0.38092046470062557,1786435120.037483
1,2921,0.5651739835739136,0.3809046345811052,1786435120.1263592
1,2922,0.5102910399436951,0.3811111111111111,1786435120.2155285
1,2923,0.4678941071033478,0.3806515957446808,1786435120.3039331
1,2924,0.4294951558113098,0.3812997347480106,1786435120.391632
1,2925,0.4924886226654053,0.3810626102292769,1786435120.4804175
1,2926,0.570921778678894,0.38071679859278806,1786435120.5718548
1,2927,0.4428810179233551,0.38092105263157894,1786435120.6611738
1,2928,0.44524598121643066,0.3804680664916885,1786435120.751197
1,2929,0.42993372678756714,0.381108202443281,1786435120.8400176
1,2930,0.43174493312835693,0.38130983463881635,1786435120.928097
1,2931,0.43040597438812256,0.3817274305555556,1786435121.0160246
1,2932,0.5884801149368286,0.3814935064935065,1786435121.1043258
1,2933,0.7043050527572632,0.3812607944732297,1786435121.1934416
1,2934,0.5119415521621704,0.3814599483204134,1786435121.280341
1,2935,0.37425944209098816,0.38155068728522334,1786435121.3690114
1,2936,0.4610940217971802,0.3819622964867181,1786435121.4571412
1,2937,0.4406070411205292,0.38258547008547006,1786435121.5451558
1,2938,0.5168032050132751,0.38277919863597615,1786435121.6329203
1,2939,0.47126299142837524,0.38318452380952384,1786435121.7204313
1,2940,0.6182749271392822,0.3830576759966073,1786435121.8095248
1,2941,0.5597054958343506,0.38271996615905246,1786435121.8978424
1,2942,0.5087957382202148,0.3828059071729958,1786435121.9871852
1,2943,0.5546194911003113,0.382996632996633,1786435122.076952
1,2944,0.39397677779197693,0.3823467674223342,1786435122.165693
1,2945,0.6251260042190552,0.38180485762144056,1786435122.2547972
1,2946,0.4507836699485779,0.3813700918964077,1786435122.3443143
1,2947,0.4288417398929596,0.38177083333333334,1786435122.4323153
1,2948,0.4646631181240082,0.38154613466334164,1786435122.5210233
1,2949,0.5440008044242859,0.38152985074626866,1786435122.6103697
1,2950,0.5544186234474182,0.3816170388751034,1786435122.6991372
1,2951,0.49087968468666077,0.38129125412541254,1786435122.7879608
1,2952,0.47768861055374146,0.38127572016460903,1786435122.877117
1,2953,0.4224854111671448,0.3817733990147783,1786435122.9664593
1,2954,0.4667115807533264,0.3824733824733825,1786435123.0546722
1,2955,0.48529982566833496,0.38265931372549017,1786435123.1429815
1,2956,0.6073036193847656,0.38243683781581095,1786435123.232191
1,2957,0.5699054002761841,0.3827235772357724,1786435123.3198934
1,2958,0.614771842956543,0.38280616382806165,1786435123.4084136
1,2959,0.5414629578590393,0.3832928802588997,1786435123.497091
1,2960,0.45432934165000916,0.3834745762711864,1786435123.5848727
1,2961,0.4646070897579193,0.3830515297906602,1786435123.6744602
1,2962,0.5195454359054565,0.38333333333333336,1786435123.762431
1,2963,0.4031810760498047,0.38361378205128205,1786435123.850713
1,2964,0.5283325910568237,0.38369304556354916,1786435123.9392164
1,2965,0.7809553146362305,0.3831738437001595,1786435124.0277526
1,2966,0.5588194131851196,0.38315433571996815,1786435124.1157372
1,2967,0.4615151882171631,0.38333333333333336,1786435124.2040129
1,2968,0.5360369682312012,0.3831155977830562,1786435124.293407
1,2969,0.5061053037643433,0.3830963665086888,1786435124.3821566
1,2970,0.6046996116638184,0.3831757289204098,1786435124.4704142
1,2971,0.45839810371398926,0.38384433962264153,1786435124.559931
1,2972,0.45052188634872437,0.38392156862745097,1786435124.6492453
1,2973,0.5537521243095398,0.3837050078247261,1786435124.737039
1,2974,0.42302972078323364,0.383879781420765,1786435124.8251672
1,2975,0.7045556306838989,0.38366433021806856,1786435124.9139616
1,2976,0.5131583213806152,0.38393550893550893,1786435125.002485
1,2977,0.4675130546092987,0.38401162790697674,1786435125.0921023
1,2978,0.4651263356208801,0.384184068058778,1786435125.1807134
1,2979,0.7214930057525635,0.38387345679012347,1786435125.2703028
1,2980,0.5266609787940979,0.38394919168591224,1786435125.3585825
1,2981,0.5662495493888855,0.38402457757296465,1786435125.457676
1,2982,0.7593768835067749,0.3842911877394636,1786435125.549236
1,2983,0.7742168307304382,0.3838876146788991,1786435125.6374285
1,2984,0.5251685380935669,0.38415331807780323,1786435125.7257493
1,2985,0.6128729581832886,0.3838470319634703,1786435125.814778
1,2986,0.6809666156768799,0.38354214123006836,1786435125.9030912
1,2987,0.6218186616897583,0.3835227272727273,1786435125.9923403
1,2988,0.6891199350357056,0.38378684807256236,1786435126.0835552
1,2989,0.646276593208313,0.3834841628959276,1786435126.1729503
1,2990,0.5081352591514587,0.3837471783295711,1786435126.2618818
1,2991,0.4229731261730194,0.3833521021021021,1786435126.3510087
1,2992,0.612909197807312,0.3830524344569288,1786435126.4404392
1,2993,0.41182059049606323,0.38312780269058294,1786435126.5291057
1,2994,0.4499528110027313,0.38357568978374346,1786435126.6168807
1,2995,0.5091899633407593,0.3841145833333333,1786435126.705269
1,2996,0.4342215359210968,0.3835374907201188,1786435126.7939146
1,2997,0.5277557373046875,0.3837037037037037,1786435126.8832655
1,2998,0.41245001554489136,0.38396156688839617,1786435126.9720905
1,2999,0.5089221000671387,0.3841261061946903,1786435127.0611038
1,3000,0.5320106148719788,0.38419793966151583,1786435127.1500478
1,3001,0.44499847292900085,0.3844530102790015,1786435127.2390356
1,3002,0.4027078449726105,0.38434065934065936,1786435127.327349
1,3003,0.43651658296585083,0.38477704678362573,1786435127.4156525
1,3004,0.4902697503566742,0.38457330415754926,1786435127.50637
1,3005,0.5592387318611145,0.38418850072780203,1786435127.604836
1,3006,0.501824140548706,0.384440813362382,1786435127.7030666
1,3007,0.516597330570221,0.38432971014492756,1786435127.7924125
1,3008,0.33613550662994385,0.38449023861171366,1786435127.8818061
1,3009,0.6463613510131836,0.38465007215007213,1786435127.97634
1,3010,0.4432542622089386,0.3841792656587473,1786435128.065879
1,3011,0.3677556812763214,0.38397988505747127,1786435128.1647215
1,3012,0.46358248591423035,0.3841397849462366,1786435128.2564542
1,3013,0.48138314485549927,0.3840307582260372,1786435128.3553815
1,3014,0.4018678367137909,0.38410064239828695,1786435128.4528031
1,3015,0.3929367661476135,0.38452635327635326,1786435128.5414755
1,3016,0.6161479949951172,0.3841506751954513,1786435128.6365726
1,3017,0.47167229652404785,0.3842198581560284,1786435128.7270675
1,3018,0.4237295687198639,0.3842887473460722,1786435128.8251233
1,3019,0.745940625667572,0.3847104519774011,1786435128.9239688
1,3020,0.5425781011581421,0.3845137420718816,1786435129.0159547
1,3021,0.5043310523033142,0.3850210970464135,1786435129.1044834
1,3022,0.4739863872528076,0.3850877192982456,1786435129.1940665
1,3023,0.45125699043273926,0.3852415966386555,1786435129.2825377
1,3024,0.4700058102607727,0.38522012578616355,1786435129.3718517
1,3025,0.42990902066230774,0.38502440725244075,1786435129.4614277
1,3026,0.5457900762557983,0.3848295059151009,1786435129.5502985
1,3027,0.7343854904174805,0.38428819444444445,1786435129.639185
1,3028,0.5241965651512146,0.3840956340956341,1786435129.7280688
1,3029,0.4248827397823334,0.3842496542185339,1786435129.8169203
1,3030,0.4962547719478607,0.38448930296756384,1786435129.9044297
1,3031,0.6423417925834656,0.38446969696969696,1786435129.9935138
1,3032,0.46548017859458923,0.384192439862543,1786435130.0823765
1,3033,0.5857971906661987,0.38425925925925924,1786435130.1715245
1,3034,0.48935726284980774,0.3844969199178645,1786435130.2604823
1,3035,0.5369580388069153,0.38456284153005466,1786435130.3492587
1,3036,0.5230442881584167,0.38471370143149286,1786435130.4376032
1,3037,0.6263974905014038,0.3846938775510204,1786435130.526235
1,3038,0.5012063980102539,0.38467413441955195,1786435130.6159947
1,3039,0.44542941451072693,0.3844850948509485,1786435130.7055383
1,3040,0.6677534580230713,0.38463488843813387,1786435130.7958965
1,3041,0.6390925645828247,0.38469973009446695,1786435130.884663
1,3042,0.636117696762085,0.3846801346801347,1786435130.9734905
1,3043,0.6548884510993958,0.38491263440860213,1786435131.0623167
1,3044,0.7423141002655029,0.3847250167672703,1786435131.1516638
1,3045,0.7593340873718262,0.3845381526104418,1786435131.2411091
1,3046,0.4752221703529358,0.384185036740147,1786435131.3302653
1,3047,0.4887780547142029,0.38458333333333333,1786435131.4201477
1,3048,0.5104677081108093,0.384647371922821,1786435131.5089304
1,3049,0.5706332921981812,0.38471115537848605,1786435131.5976112
1,3050,0.4292250871658325,0.38460901259111996,1786435131.686662
1,3051,0.5052016377449036,0.3843419312169312,1786435131.7766252
1,3052,0.5300235152244568,0.38424092409240923,1786435131.8645134
1,3053,0.5787671804428101,0.38381093544137024,1786435131.9545333
1,3054,0.48470237851142883,0.38379355687047995,1786435132.0430646
1,3055,0.6837698221206665,0.38361220472440943,1786435132.1343374
1,3056,0.4083138704299927,0.3840045841519319,1786435132.2224703
1,3057,0.48423856496810913,0.38382352941176473,1786435132.3117292
1,3058,0.4620025157928467,0.3838062622309198,1786435132.4000566
1,3059,0.6140626668930054,0.3833821614583333,1786435132.4888158
1,3060,0.47916069626808167,0.38295971410006496,1786435132.5773907
1,3061,0.45747119188308716,0.3831874189364462,1786435132.6663308
1,3062,0.42975401878356934,0.38333333333333336,1786435132.7553704
1,3063,0.478183388710022,0.3833171834625323,1786435132.8445826
1,3064,0.5328834652900696,0.3837846550612508,1786435132.9329472
1,3065,0.4839302897453308,0.38392857142857145,1786435133.0270069
1,3066,0.7679087519645691,0.3840719332048812,1786435133.1243403
1,3067,0.6448235511779785,0.3836538461538462,1786435133.2144427
1,3068,0.4640192985534668,0.3835572616762636,1786435133.313049
1,3069,0.4865441918373108,0.3840197956577267,1786435133.4084604
1,3070,0.4977969229221344,0.3839228808158062,1786435133.5082529
1,3071,0.4208306074142456,0.3843034351145038,1786435133.5959537
1,3072,0.44546911120414734,0.38452380952380955,1786435133.6837687
1,3073,0.46948572993278503,0.38474334600760457,1786435133.7796705
1,3074,0.7019400000572205,0.3844086021505376,1786435133.8706875
1,3075,0.38392895460128784,0.3849431818181818,1786435133.9592545
1,3076,0.5676717162132263,0.3849243856332703,1786435134.047938
1,3077,0.5404823422431946,0.38498427672955976,1786435134.1476052
1,3078,0.4555545151233673,0.38520087884494664,1786435134.2402847
1,3079,0.437000572681427,0.3848684210526316,1786435134.3296905
1,3080,0.6078749895095825,0.3848499061913696,1786435134.4197257
1,3081,0.4294811487197876,0.38490948813982523,1786435134.5153954
1,3082,0.5981230735778809,0.3849688473520249,1786435134.614585
1,3083,0.4611999988555908,0.3849502487562189,1786435134.7023199
1,3084,0.480415940284729,0.3850093109869646,1786435134.7993054
1,3085,0.3900671601295471,0.3853779429987608,1786435134.8959033
1,3086,0.48434868454933167,0.3857452071737786,1786435134.989412
1,3087,0.4528552293777466,0.38587962962962963,1786435135.0825825
1,3088,0.5249048471450806,0.38578250154035737,1786435135.1743472
1,3089,0.4511747360229492,0.3856088560885609,1786435135.2625837
1,3090,0.6100178360939026,0.3856660527931246,1786435135.3541927
1,3091,0.5447330474853516,0.3854166666666667,1786435135.450147
1,3092,0.4856627583503723,0.38547400611620797,1786435135.538607
1,3093,0.5076227784156799,0.38553113553113555,1786435135.6284134
1,3094,0.745200514793396,0.38520719073735527,1786435135.7263777
1,3095,0.4206511080265045,0.38465632603406325,1786435135.815131
1,3096,0.4311206042766571,0.3847905282331512,1786435135.908784
1,3097,0.4640095829963684,0.38484848484848483,1786435136.0056963
1,3098,0.583660364151001,0.3849818511796733,1786435136.1020896
1,3099,0.4796673655509949,0.3851147342995169,1786435136.190512
1,3100,0.5577893853187561,0.38517179023508136,1786435136.2783334
1,3101,0.529196560382843,0.3850782190132371,1786435136.3668141
1,3102,0.7176767587661743,0.384984984984985,1786435136.4550269
1,3103,0.638461709022522,0.38489208633093525,1786435136.5443335
1,3104,0.5734813809394836,0.3845002992220227,1786435136.633592
1,3105,0.563166618347168,0.38463261648745517,1786435136.7222128
1,3106,0.5462648868560791,0.384391771019678,1786435136.8117864
1,3107,0.5876244306564331,0.38392857142857145,1786435136.9008365
1,3108,0.66432785987854,0.3838383838383838,1786435137.0004187
1,3109,0.6032879948616028,0.3833778173190985,1786435137.0897658
1,3110,0.5074862241744995,0.3831409117821196,1786435137.1849425
1,3111,0.6861451864242554,0.38305260047281325,1786435137.2783065
1,3112,0.5567722916603088,0.3828908554572271,1786435137.3720899
1,3113,0.4775628447532654,0.3829505300353357,1786435137.4604378
1,3114,0.43765369057655334,0.38249559082892415,1786435137.5710275
1,3115,0.5203858017921448,0.381968896713615,1786435137.6647224
1,3116,0.49935564398765564,0.38217633274751023,1786435137.753879
1,3117,0.42711159586906433,0.3823099415204678,1786435137.851899
1,3118,0.45394396781921387,0.38251605370694686,1786435137.941269
1,3119,0.47719722986221313,0.3826486013986014,1786435138.0294075
1,3120,0.5604695677757263,0.38270796974985455,1786435138.1247916
1,3121,0.6023854613304138,0.3828397212543554,1786435138.2229881
1,3122,0.45013922452926636,0.3831159420289855,1786435138.3176935
1,3123,0.6031107306480408,0.38274016203703703,1786435138.4068544
1,3124,0.3730621039867401,0.38294338532640093,1786435138.494158
1,3125,0.5580586791038513,0.3831459054209919,1786435138.5823264
1,3126,0.5510592460632324,0.38313183649971216,1786435138.6707504
1,3127,0.47422492504119873,0.38304597701149423,1786435138.7590613
1,3128,0.5930883288383484,0.38281698221457255,1786435138.8475266
1,3129,0.5523601174354553,0.38280355097365404,1786435138.9355605
1,3130,0.453102171421051,0.3826472269868496,1786435139.0243607
1,3131,0.5137957334518433,0.3825627853881279,1786435139.1146986
1,3132,0.5692465305328369,0.38226495726495724,1786435139.208832
1,3133,0.529123067855835,0.38218145620022753,1786435139.303192
1,3134,0.4683879613876343,0.38245315161839866,1786435139.3971457
1,3135,0.5632207989692688,0.38251133786848074,1786435139.4928749
1,3136,0.46555617451667786,0.3828522920203735,1786435139.587488
1,3137,0.4885138273239136,0.3826271186440678,1786435139.6881173
1,3138,0.6963784694671631,0.3824027072758037,1786435139.779193
1,3139,0.5155221223831177,0.38260135135135137,1786435139.8790457
1,3140,0.7108054161071777,0.3825885328836425,1786435139.9768372
1,3141,0.4591372013092041,0.3827861952861953,1786435140.0671275
1,3142,0.7332063913345337,0.3826330532212885,1786435140.1677015
1,3143,0.4339600205421448,0.3825503355704698,1786435140.2555034
1,3144,0.5094723105430603,0.38225851479620326,1786435140.354739
1,3145,0.5021441578865051,0.38238573021181715,1786435140.4488473
1,3146,0.7708244919776917,0.3822342793544797,1786435140.543208
1,3147,0.4610101580619812,0.3823611111111111,1786435140.631387
1,3148,0.567327082157135,0.3826955074875208,1786435140.7203279
1,3149,0.5780733823776245,0.38282115171650055,1786435140.8086946
1,3150,0.5078672170639038,0.3833609729132117,1786435140.8980415
1,3151,0.48318490386009216,0.383416114790287,1786435140.9858782
1,3152,0.4902358055114746,0.38367768595041324,1786435141.074733
1,3153,0.4930852949619293,0.3838008800880088,1786435141.1634998
1,3154,0.544930100440979,0.3839236683141131,1786435141.2523978
1,3155,0.46917030215263367,0.38370339912280704,1786435141.341519
1,3156,0.4581261873245239,0.38375752599890534,1786435141.4301758
1,3157,0.48412787914276123,0.3836065573770492,1786435141.519406
1,3158,0.4891892373561859,0.3832515002727769,1786435141.60886
1,3159,0.502926766872406,0.383374183006536,1786435141.6965609
1,3160,0.443293958902359,0.38363240891789013,1786435141.784946
1,3161,0.4439201354980469,0.38388979370249726,1786435141.8732092
1,3162,0.5647355914115906,0.3838075880758808,1786435141.9620178
1,3163,0.488381564617157,0.38392857142857145,1786435142.0507834
1,3164,0.5830081701278687,0.3840491626148028,1786435142.1389558
1,3165,0.5670992732048035,0.38416936353829556,1786435142.228398
1,3166,0.4700912535190582,0.3843564889606893,1786435142.317374
1,3167,0.5856290459632874,0.3844086021505376,1786435142.4054286
1,3168,0.5508362054824829,0.38405797101449274,1786435142.4949815
1,3169,0.448116660118103,0.3841103965702036,1786435142.583432
1,3170,0.6582021713256836,0.3841626538255752,1786435142.671629
1,3171,0.6405680179595947,0.3839476495726496,1786435142.765355
1,3172,0.43876057863235474,0.38406666666666667,1786435142.8651917
1,3173,0.4677183926105499,0.38411874334398294,1786435142.953357
1,3174,0.43172717094421387,0.38430356193514087,1786435143.0439792
1,3175,0.4755561947822571,0.3846868365180467,1786435143.1429234
1,3176,0.6598360538482666,0.38447270800211975,1786435143.2347465
1,3177,0.42943623661994934,0.38472222222222224,1786435143.3337293
1,3178,0.5035213232040405,0.38457474907554146,1786435143.427768
1,3179,0.7430130839347839,0.3848233122362869,1786435143.5223207
1,3180,0.40156790614128113,0.38507109004739337,1786435143.6215215
1,3181,0.5263834595680237,0.3850552050473186,1786435143.7134922
1,3182,0.4972538948059082,0.38523622047244094,1786435143.8073356
1,3183,0.35744714736938477,0.38502358490566035,1786435143.9027529
1,3184,0.4776344895362854,0.38526949241234953,1786435143.997222
1,3185,0.6358144283294678,0.3851880877742947,1786435144.0916276
1,3186,0.4466034770011902,0.3854981742305686,1786435144.1910307
1,3187,0.39612117409706116,0.385546875,1786435144.2845495
1,3188,0.43497270345687866,0.38559542381695266,1786435144.3791924
1,3189,0.5486925840377808,0.3857736240913811,1786435144.4713857
1,3190,0.5148010849952698,0.3855624675997926,1786435144.5740588
1,3191,0.4485204219818115,0.38548136645962733,1786435144.6665285
1,3192,0.5446454286575317,0.3853359173126615,1786435144.7593658
1,3193,0.49601221084594727,0.38531991744066046,1786435144.8604228
1,3194,0.5446247458457947,0.38498196805770224,1786435144.9525995
1,3195,0.5297594666481018,0.3847093621399177,1786435145.0524595
1,3196,0.5966729521751404,0.3844375963020031,1786435145.1458423
1,3197,0.49469423294067383,0.38455128205128203,1786435145.2492352
1,3198,0.4709340035915375,0.3847926267281106,1786435145.3408546
1,3199,0.5271357297897339,0.38484151329243355,1786435145.4448469
1,3200,0.45641231536865234,0.3847626339969372,1786435145.536909
1,3201,0.44538262486457825,0.38512996941896027,1786435145.6310563
1,3202,0.4891023635864258,0.3851145038167939,1786435145.721982
1,3203,0.47895699739456177,0.38509908536585363,1786435145.8215947
1,3204,0.4206102788448334,0.3847666159309995,1786435145.914839
1,3205,0.5210446715354919,0.3851317122593718,1786435146.013397
1,3206,0.40633103251457214,0.38530601922104196,1786435146.1104474
1,3207,0.44024932384490967,0.38535353535353534,1786435146.2052321
1,3208,0.5293304324150085,0.38521180030257185,1786435146.2990088
1,3209,0.4800828695297241,0.38525931520644513,1786435146.406174
1,3210,0.4895983338356018,0.3855580693815988,1786435146.5032525
1,3211,0.39757218956947327,0.3859186746987952,1786435146.5994706
1,3212,0.5047876834869385,0.3861528822055138,1786435146.70559
1,3213,0.7672381401062012,0.386011011011011,1786435146.7983985
1,3214,0.49322348833084106,0.38611944027986006,1786435146.9027064
1,3215,0.628445029258728,0.38585329341317365,1786435146.9959133
1,3216,0.33245787024497986,0.3861484803188839,1786435147.094819
1,3217,0.4797331690788269,0.3863805970149254,1786435147.1946945
1,3218,0.5333135724067688,0.38630153999006456,1786435147.2873118
1,3219,0.5777074694633484,0.38603670634920634,1786435147.3799818
1,3220,0.35308337211608887,0.3861441307578009,1786435147.472463
1,3221,0.6992287635803223,0.38594213649851633,1786435147.5660338
1,3222,0.5482709407806396,0.38592592592592595,1786435147.6697452
1,3223,0.568518877029419,0.38578648915187375,1786435147.769535
1,3224,0.5895460844039917,0.3858321024126046,1786435147.862039
1,3225,0.6253405213356018,0.38581612586037367,1786435147.9568872
1,3226,0.6553220152854919,0.3857388316151203,1786435148.060878
1,3227,0.5384986996650696,0.38560049019607845,1786435148.1652968
1,3228,0.4778575301170349,0.3855849241311796,1786435148.2551653
1,3229,0.49346011877059937,0.385386119257087,1786435148.348548
1,3230,0.8240150213241577,0.38518789653489505,1786435148.4378026
1,3231,0.549431324005127,0.385233918128655,1786435148.5353804
1,3232,0.485567182302475,0.3852189781021898,1786435148.6234815
1,3233,0.5074876546859741,0.3851433430515063,1786435148.7130988
1,3234,0.593425452709198,0.384946627850558,1786435148.8131464
1,3235,0.6015619039535522,0.38475048449612403,1786435148.90222
1,3236,0.4371874928474426,0.38497822931785197,1786435148.9950666
1,3237,0.49747583270072937,0.38514492753623186,1786435149.0829964
1,3238,0.506024181842804,0.3852508441871684,1786435149.1804633
1,3239,0.6017879247665405,0.38511560693641617,1786435149.2773817
1,3240,0.6631918549537659,0.385040885040885,1786435149.3704538
1,3241,0.4642983675003052,0.3852665706051873,1786435149.4587533
1,3242,0.7159929871559143,0.38507194244604315,1786435149.5578337
1,3243,0.67572021484375,0.3848778735632184,1786435149.6523495
1,3244,0.3770618736743927,0.3850430416068867,1786435149.7417023
1,3245,0.44784629344940186,0.3850286532951289,1786435149.8317025
1,3246,0.5017545819282532,0.38495469718645686,1786435149.9195428
1,3247,0.5459864139556885,0.3848214285714286,1786435150.00785
1,3248,0.39032629132270813,0.3849857346647646,1786435150.095531
1,3249,0.47123053669929504,0.38497150997151,1786435150.1835206
1,3250,0.46441560983657837,0.38489805595068755,1786435150.271708
1,3251,0.4527479410171509,0.3854166666666667,1786435150.3604512
1,3252,0.43833020329475403,0.38563829787234044,1786435150.4491115
1,3253,0.40605247020721436,0.38591831916902736,1786435150.5388265
1,3254,0.500606894493103,0.386020744931636,1786435150.6326084
1,3255,0.45615142583847046,0.3860640301318267,1786435150.7262259
1,3256,0.4830848276615143,0.3857545839210155,1786435150.8248763
1,3257,0.5453334450721741,0.38597417840375586,1786435150.921729
1,3258,0.48603853583335876,0.38595874355368026,1786435151.0114148
1,3259,0.4500073492527008,0.38652855805243447,1786435151.1096823
1,3260,0.6139909029006958,0.3864539504441328,1786435151.2133567
1,3261,0.6413315534591675,0.3863795518207283,1786435151.30096
1,3262,0.5577018857002258,0.38607226107226106,1786435151.401426
1,3263,0.4489551782608032,0.3859986033519553,1786435151.49646
1,3264,0.5073666572570801,0.38598326359832635,1786435151.5837252
1,3265,0.532939076423645,0.38596796657381616,1786435151.6768813
1,3266,0.5059338808059692,0.3860106629578118,1786435151.766378
1,3267,0.4400947093963623,0.3862847222222222,1786435151.8545485
1,3268,0.5558730959892273,0.38638465094775776,1786435151.9433796
1,3269,0.5779141187667847,0.38665743305632505,1786435152.041009
1,3270,0.4516897201538086,0.38658367911479946,1786435152.131653
1,3271,0.4942303001880646,0.386567679558011,1786435152.2344604
1,3272,0.481417715549469,0.3867241379310345,1786435152.3360014
1,3273,0.4241968095302582,0.38693755739210284,1786435152.4250515
1,3274,0.607878565788269,0.3869211370930766,1786435152.5218499
1,3275,0.546223521232605,0.3866758241758242,1786435152.6104147
1,3276,0.4648565649986267,0.38677411979881116,1786435152.704984
1,3277,0.5610730051994324,0.3867579908675799,1786435152.7943418
1,3278,0.4524983763694763,0.3870269037847697,1786435152.8915405
1,3279,0.5342743396759033,0.3871243169398907,1786435152.9929767
1,3280,0.5623888969421387,0.38733515234197363,1786435153.0884097
1,3281,0.5867879986763,0.38748864668483196,1786435153.1842592
1,3282,0.496692955493927,0.3874716553287982,1786435153.2734702
1,3283,0.4558553993701935,0.38711503623188404,1786435153.3623607
1,3284,0.5342425107955933,0.38715513342379015,1786435153.4606833
1,3285,0.42244818806648254,0.38679990966576333,1786435153.5495348
1,3286,0.413386732339859,0.3865020297699594,1786435153.6469717
1,3287,0.605655312538147,0.3866554054054054,1786435153.7371001
1,3288,0.4888004660606384,0.38669590643274854,1786435153.825601
1,3289,0.5729538798332214,0.38662398921832886,1786435153.9168928
1,3290,0.4482582211494446,0.3867205024674742,1786435154.006452
1,3291,0.47078588604927063,0.38670474910394265,1786435154.094691
1,3292,0.4958847761154175,0.3869686800894855,1786435154.1895556
1,3293,0.44008317589759827,0.3866733690795353,1786435154.2787867
1,3294,0.38297590613365173,0.38693663543061135,1786435154.3669872
1,3295,0.5408303737640381,0.3871434937611408,1786435154.4564674
1,3296,0.4426150918006897,0.3873497997329773,1786435154.5445998
1,3297,0.605684220790863,0.38722222222222225,1786435154.6350925
1,3298,0.42413341999053955,0.38698402130492676,1786435154.7259688
1,3299,0.4273911118507385,0.3866910460992908,1786435154.8151813
1,3300,0.4608439803123474,0.38678618857901725,1786435154.9031749
1,3301,0.492729514837265,0.3863837312113174,1786435154.9919014
1,3302,0.4945286214351654,0.3861479028697572,1786435155.081028
1,3303,0.5564706921577454,0.38602292768959434,1786435155.1704314
1,3304,0.3924943506717682,0.38639365918097757,1786435155.2589562
1,3305,0.4574463367462158,0.3865435356200528,1786435155.3477032
1,3306,0.4383354187011719,0.3865283267457181,1786435155.4374075
1,3307,0.8169839382171631,0.3864035087719298,1786435155.5270422
1,3308,0.39307671785354614,0.38644327639071396,1786435155.6149058
1,3309,0.5459176301956177,0.38642825896762906,1786435155.70252
1,3310,0.5620867013931274,0.3863040629095675,1786435155.792892
1,3311,0.41522693634033203,0.3865619546247818,1786435155.88212
1,3312,0.5315412878990173,0.38643790849673204,1786435155.9708393
1,3313,0.5067192316055298,0.3864773716275022,1786435156.0589502
1,3314,0.4536456763744354,0.38657105606258146,1786435156.1479402
1,3315,0.6598023176193237,0.3861762152777778,1786435156.2370443
1,3316,0.4949943721294403,0.3863242306025141,1786435156.324442
1,3317,0.4917818009853363,0.38647186147186147,1786435156.4133189
1,3318,0.415401816368103,0.3865110246433204,1786435156.503009
1,3319,0.3815740644931793,0.38676597582037997,1786435156.5916076
1,3320,0.44020795822143555,0.38685855972401895,1786435156.680792
1,3321,0.5158478021621704,0.38657407407407407,1786435156.7689767
1,3322,0.4653944671154022,0.3863978494623656,1786435156.8580732
1,3323,0.6277595162391663,0.3866516323024055,1786435156.9463081
1,3324,0.48332661390304565,0.3867975117975118,1786435157.0356295
1,3325,0.4478890001773834,0.38688946015424164,1786435157.123803
1,3326,0.46353679895401,0.38660676080445017,1786435157.2134662
1,3327,0.46956995129585266,0.3869123931623932,1786435157.3028262
1,3328,0.6630767583847046,0.386790439607341,1786435157.3923535
1,3329,0.46701905131340027,0.3869352088661552,1786435157.4913301
1,3330,0.5580322742462158,0.38718603661132395,1786435157.580984
1,3331,0.7037838697433472,0.3870110544217687,1786435157.6699774
1,3332,0.38719576597213745,0.3871019108280255,1786435157.7575653
1,3333,0.4245859384536743,0.38740458015267176,1786435157.846561
1,3334,0.5413259863853455,0.38744176196526897,1786435157.9346335
1,3335,0.5642409324645996,0.38742597292724196,1786435158.0229201
1,3336,0.40280789136886597,0.3874630333755809,1786435158.1117082
1,3337,0.40616267919540405,0.387710970464135,1786435158.2002392
1,3338,0.6354167461395264,0.38764222503160556,1786435158.2898257
1,3339,0.5098270177841187,0.3873106060606061,1786435158.3792596
1,3340,0.41997113823890686,0.3869272803699033,1786435158.4693716
1,3341,0.38318440318107605,0.38727959697733,1786435158.5576794
1,3342,0.38622546195983887,0.38731656184486374,1786435158.646717
1,3343,0.37879517674446106,0.3871963986599665,1786435158.7346942
1,3344,0.7275951504707336,0.38723337515683814,1786435158.8238614
1,3345,0.5261890888214111,0.3871658312447786,1786435158.9130588
1,3346,0.6271481513977051,0.38720275344180227,1786435159.0061579
1,3347,0.4317739009857178,0.3871875,1786435159.102151
1,3348,0.5428851842880249,0.3868081564710778,1786435159.1970236
1,3349,0.611866295337677,0.38663757273482957,1786435159.2903626
1,3350,0.502323567867279,0.38672685761726855,1786435159.3837087
1,3351,0.4102194309234619,0.38686774461028195,1786435159.4740431
1,3352,0.44989266991615295,0.3870600414078675,1786435159.5632024
1,3353,0.5206791758537292,0.38704507857733667,1786435159.6523023
1,3354,0.5853412747383118,0.3868236266005783,1786435159.7416291
1,3355,0.5915964245796204,0.38701526402640263,1786435159.8308203
1,3356,0.40636152029037476,0.38720642768850433,1786435159.9197192
1,3357,0.6677237749099731,0.38713991769547323,1786435160.0095966
1,3358,0.548757791519165,0.3871763255240444,1786435160.0993202
1,3359,0.569297730922699,0.38726395730706076,1786435160.1887543
1,3360,0.5923678874969482,0.3870951209512095,1786435160.2779953
1,3361,0.40177589654922485,0.3873361998361998,1786435160.3664804
1,3362,0.556663990020752,0.3873721881390593,1786435160.4549186
1,3363,0.35861578583717346,0.3871017156862745,1786435160.5439968
1,3364,0.6204401254653931,0.38683190534475725,1786435160.6342244
1,3365,0.6070693135261536,0.3866136919315403,1786435160.7225142
1,3366,0.5098025798797607,0.38665038665038665,1786435160.8124008
1,3367,0.47416746616363525,0.38663617886178864,1786435160.901283
1,3368,0.383963406085968,0.3865205034510759,1786435160.9905467
1,3369,0.4524817168712616,0.3865571776155718,1786435161.0784302
1,3370,0.7707059383392334,0.3863406237343054,1786435161.1677508
1,3371,0.4222584664821625,0.3864785598705502,1786435161.2560291
1,3372,0.5155782103538513,0.38666666666666666,1786435161.3471143
1,3373,0.44606834650039673,0.3866525423728814,1786435161.4411144
1,3374,0.6278751492500305,0.3864369205965337,1786435161.535593
1,3375,0.6132022142410278,0.38632246376811596,1786435161.6289968
1,3376,0.6450552940368652,0.38620828307197425,1786435161.7346346
1,3377,0.6211512088775635,0.3863453815261044,1786435161.8284934
1,3378,0.45979154109954834,0.38658243080625754,1786435161.9217966
1,3379,0.4592766761779785,0.38646834935897434,1786435162.018087
1,3380,0.453281968832016,0.3863545418167267,1786435162.1121414
1,3381,0.5942192673683167,0.3864908073541167,1786435162.2056856
1,3382,0.49753499031066895,0.38662674650698603,1786435162.2994547
1,3383,0.6400411128997803,0.38656299840510366,1786435162.4026191
1,3384,0.44472336769104004,0.3866487455197133,1786435162.493903
1,3385,0.44455283880233765,0.387082338902148,1786435162.5966513
1,3386,0.4510141611099243,0.3872169249106079,1786435162.6887608
1,3387,0.47060734033584595,0.38725198412698414,1786435162.786524
1,3388,0.4142315685749054,0.3870392390011891,1786435162.8787646
1,3389,0.5246819257736206,0.38717339667458434,1786435162.969045
1,3390,0.521060585975647,0.38715895610913403,1786435163.0599587
1,3391,0.3675144910812378,0.3871939178515008,1786435163.1519983
1,3392,0.4878794252872467,0.38722879684418143,1786435163.2460167
1,3393,0.5311054587364197,0.3870173364854216,1786435163.3397691
1,3394,0.44530606269836426,0.3869539551357733,1786435163.432871
1,3395,0.5501476526260376,0.3868907232704403,1786435163.5264103
1,3396,0.4358516037464142,0.38712210443659206,1786435163.6258624
1,3397,0.5444378852844238,0.38715686274509803,1786435163.7206206
1,3398,0.3716978132724762,0.38733842538190366,1786435163.8224945
1,3399,0.42880192399024963,0.387372848200313,1786435163.9154003
1,3400,0.42200395464897156,0.3874560375146542,1786435164.0066762
1,3401,0.6360953450202942,0.3875390320062451,1786435164.099294
1,3402,0.5613389015197754,0.3872319688109162,1786435164.1913083
1,3403,0.6584675908088684,0.3869742990654206,1786435164.284154
1,3404,0.4633336067199707,0.3867172306495527,1786435164.3806357
1,3405,0.52640300989151,0.38665501165501165,1786435164.472433
1,3406,0.6255216002464294,0.38668994955374464,1786435164.573217
1,3407,0.5307856202125549,0.3866279069767442,1786435164.6662848
1,3408,0.511795163154602,0.38671118854045683,1786435164.7700036
1,3409,0.5862075090408325,0.3866976024748647,1786435164.8739834
1,3410,0.5658133625984192,0.3866357667052916,1786435164.9662385
1,3411,0.4383581280708313,0.38686342592592593,1786435165.064834
1,3412,0.4286855459213257,0.38689788053949903,1786435165.156096
1,3413,0.653094470500946,0.38683602771362585,1786435165.25743
1,3414,0.38808128237724304,0.38691849288735103,1786435165.348396
1,3415,0.4836309552192688,0.3869047619047619,1786435165.439028
1,3416,0.624265193939209,0.386795166858458,1786435165.5302908
1,3417,0.4144109785556793,0.3870210727969349,1786435165.6194732
1,3418,0.45393282175064087,0.38686375813241486,1786435165.7069128
1,3419,0.4657309949398041,0.3868979357798165,1786435165.7934995
1,3420,0.5482350587844849,0.3869320351279114,1786435165.8809257
1,3421,0.6202030777931213,0.38668001525553014,1786435165.9681628
1,3422,0.46026280522346497,0.3864761904761905,1786435166.0554545
1,3423,0.46983954310417175,0.3865582191780822,1786435166.143592
1,3424,0.5562513470649719,0.3864975294564804,1786435166.2316082
1,3425,0.45548322796821594,0.38624715261959,1786435166.3190117
1,3426,0.3669563829898834,0.38656617368221463,1786435166.405315
1,3427,0.5794119238853455,0.38636363636363635,1786435166.4923913
1,3428,0.4165191650390625,0.3863980325387817,1786435166.5784788
1,3429,0.6257622241973877,0.3865268329554044,1786435166.6652982
1,3430,0.561884880065918,0.38670252925632315,1786435166.7520404
1,3431,0.4913935363292694,0.38635935143288086,1786435166.8392413
1,3432,0.4785619378089905,0.3867231638418079,1786435166.9255378
1,3433,0.3734157681465149,0.3868510158013544,1786435167.0117059
1,3434,0.42295265197753906,0.38702555430289365,1786435167.0986528
2,3435,0.49126997590065,0.16666666666666666,1786435173.814258
2,3436,0.4448311924934387,0.1875,1786435173.9997592
2,3437,0.4407353699207306,0.2777777777777778,1786435174.2031786
2,3438,0.5006543397903442,0.34375,1786435174.313817
2,3439,0.3920362889766693,0.325,1786435174.4213998
2,3440,0.3767942488193512,0.3472222222222222,1786435174.5315406
2,3441,0.6744744181632996,0.3273809523809524,1786435174.6455832
2,3442,0.9241049289703369,0.3072916666666667,1786435174.7564232
2,3443,0.6319586038589478,0.3287037037037037,1786435174.8836384
2,3444,0.6517229676246643,0.325,1786435174.9832985
2,3445,0.5571684241294861,0.30303030303030304,1786435175.0851505
2,3446,0.4875022768974304,0.3333333333333333,1786435175.2130961
2,3447,0.46346214413642883,0.34294871794871795,1786435175.3280323
2,3448,0.5636482834815979,0.35714285714285715,1786435175.4304063
2,3449,0.3946610689163208,0.3638888888888889,1786435175.5199277
2,3450,0.5417389869689941,0.3645833333333333,1786435175.6245706
2,3451,0.49020829796791077,0.36764705882352944,1786435175.7142615
2,3452,0.4112532138824463,0.36574074074074076,1786435175.8040464
2,3453,0.5988937020301819,0.36403508771929827,1786435175.8932974
2,3454,0.4898134171962738,0.36666666666666664,1786435175.9835424
2,3455,0.49619734287261963,0.35714285714285715,1786435176.0730069
2,3456,0.5261285305023193,0.3560606060606061,1786435176.1647298
2,3457,0.5516459345817566,0.35688405797101447,1786435176.2533648
2,3458,0.5823951959609985,0.3559027777777778,1786435176.3427393
2,3459,0.44869324564933777,0.345,1786435176.4320936
2,3460,0.5826857089996338,0.3525641025641026,1786435176.5214674
2,3461,0.5530743598937988,0.3472222222222222,1786435176.6169512
2,3462,0.5384102463722229,0.34375,1786435176.705948
2,3463,0.611308753490448,0.34770114942528735,1786435176.7962546
2,3464,0.42558836936950684,0.3472222222222222,1786435176.885141
2,3465,0.4414444863796234,0.3521505376344086,1786435176.9735234
2,3466,0.46430671215057373,0.35546875,1786435177.0626132
2,3467,0.3981882929801941,0.35984848484848486,1786435177.1516492
2,3468,0.5928090214729309,0.36151960784313725,1786435177.2418196
2,3469,0.5642596483230591,0.35833333333333334,1786435177.3324692
2,3470,0.5070424675941467,0.3541666666666667,1786435177.4218674
2,3471,0.545350968837738,0.34684684684684686,1786435177.5141237
2,3472,0.43684372305870056,0.34539473684210525,1786435177.6029437
2,3473,0.40227654576301575,0.3482905982905983,1786435177.6981392
2,3474,0.5096278190612793,0.35,1786435177.786973
2,3475,0.4447233974933624,0.3516260162601626,1786435177.8755262
2,3476,0.5326860547065735,0.3531746031746032,1786435177.9661415
2,3477,0.6687284111976624,0.3546511627906977,1786435178.0544102
2,3478,0.44023072719573975,0.3560606060606061,1786435178.1492443
2,3479,0.4464329481124878,0.3574074074074074,1786435178.2408266
2,3480,0.5610753297805786,0.35507246376811596,1786435178.3383358
2,3481,0.6073014736175537,0.35815602836879434,1786435178.4275599
2,3482,0.47789135575294495,0.3576388888888889,1786435178.5160835
2,3483,0.6086022257804871,0.35714285714285715,1786435178.6071653
2,3484,0.4009205400943756,0.36,1786435178.6958342
2,3485,0.5205376148223877,0.3611111111111111,1786435178.7928908
2,3486,0.4270699620246887,0.3629807692307692,1786435178.88378
2,3487,0.48126697540283203,0.36477987421383645,1786435178.9723084
2,3488,0.4469853639602661,0.3603395061728395,1786435179.0622275
2,3489,0.5186485052108765,0.36363636363636365,1786435179.1516514
2,3490,0.38401928544044495,0.36607142857142855,1786435179.2406728
2,3491,0.37509608268737793,0.3684210526315789,1786435179.33027
2,3492,0.5855668783187866,0.3706896551724138,1786435179.424151
2,3493,0.5273613929748535,0.3728813559322034,1786435179.5125701
2,3494,0.6069182753562927,0.36944444444444446,1786435179.601217
2,3495,0.551018476486206,0.3709016393442623,1786435179.6892123
2,3496,0.6893900036811829,0.3696236559139785,1786435179.7768648
2,3497,0.6418426036834717,0.37367724867724866,1786435179.8647256
2,3498,0.5217039585113525,0.3717447916666667,1786435179.9530153
2,3499,0.5922874212265015,0.37243589743589745,1786435180.0415394
2,3500,0.32772085070610046,0.3686868686868687,1786435180.1303658
2,3501,0.47992661595344543,0.37002487562189057,1786435180.2211132
2,3502,0.5448195934295654,0.3694852941176471,1786435180.310122
2,3503,0.6939300298690796,0.3665458937198068,1786435180.3985152
2,3504,0.4028257131576538,0.36904761904761907,1786435180.4862778
2,3505,0.5962995290756226,0.36971830985915494,1786435180.575643
2,3506,0.4828258454799652,0.36921296296296297,1786435180.6637943
2,3507,0.5609726905822754,0.3698630136986301,1786435180.7534997
2,3508,0.4430074691772461,0.3704954954954955,1786435180.8411543
2,3509,0.4575712978839874,0.3688888888888889,1786435180.9299765
2,3510,0.48217642307281494,0.37006578947368424,1786435181.018012
2,3511,0.48852112889289856,0.3717532467532468,1786435181.106883
2,3512,0.5929619073867798,0.3701923076923077,1786435181.195796
2,3513,0.4462302327156067,0.3670886075949367,1786435181.2841809
2,3514,0.5142884254455566,0.36770833333333336,1786435181.3724082
2,3515,0.59061598777771,0.36574074074074076,1786435181.4607415
2,3516,0.379203736782074,0.366869918699187,1786435181.549826
2,3517,0.5697346925735474,0.36596385542168675,1786435181.6376631
2,3518,0.6136354207992554,0.36507936507936506,1786435181.7266014
2,3519,0.4431374967098236,0.36764705882352944,1786435181.8150446
2,3520,0.35732635855674744,0.3706395348837209,1786435181.9024131
2,3521,0.4101828336715698,0.37212643678160917,1786435181.9905415
2,3522,0.4091111123561859,0.37357954545454547,1786435182.079238
2,3523,0.474886953830719,0.37359550561797755,1786435182.16741
2,3524,0.5953102111816406,0.37407407407407406,1786435182.2559187
2,3525,0.429729163646698,0.375,1786435182.3449738
2,3526,0.6680822372436523,0.3745471014492754,1786435182.4328172
2,3527,0.5311510562896729,0.37231182795698925,1786435182.522034
2,3528,0.5166282653808594,0.37101063829787234,1786435182.6110299
2,3529,0.7330193519592285,0.36973684210526314,1786435182.699751
2,3530,0.5088983178138733,0.3689236111111111,1786435182.7891219
2,3531,0.441053569316864,0.37199312714776633,1786435182.8768494
2,3532,0.4766949415206909,0.37287414965986393,1786435182.9652627
2,3533,0.5971044301986694,0.3707912457912458,1786435183.0537899
2,3534,0.4466905891895294,0.37,1786435183.1415768
2,3535,0.7323063611984253,0.3704620462046205,1786435183.2292144
2,3536,0.5443691611289978,0.3713235294117647,1786435183.3180795
2,3537,0.5264049768447876,0.37338187702265374,1786435183.4058409
2,3538,0.5592795014381409,0.3717948717948718,1786435183.4945612
2,3539,0.49448221921920776,0.37182539682539684,1786435183.5830648
2,3540,0.49923303723335266,0.37224842767295596,1786435183.6711183
2,3541,0.42282217741012573,0.3734423676012461,1786435183.7594304
2,3542,0.46650177240371704,0.3734567901234568,1786435183.8484828
2,3543,0.46958041191101074,0.37423547400611623,1786435183.93641
2,3544,0.433269202709198,0.37613636363636366,1786435184.0247216
2,3545,0.4636537730693817,0.3761261261261261,1786435184.113268
2,3546,0.46936339139938354,0.375,1786435184.2023242
2,3547,0.5688085556030273,0.3746312684365782,1786435184.291043
2,3548,0.4099212884902954,0.37609649122807015,1786435184.3786006
2,3549,0.40043047070503235,0.37717391304347825,1786435184.4661074
2,3550,0.44036081433296204,0.3771551724137931,1786435184.5559533
2,3551,0.4198078513145447,0.3785612535612536,1786435184.643752
2,3552,0.523657500743866,0.3792372881355932,1786435184.7340372
2,3553,0.4179428815841675,0.3788515406162465,1786435184.8222303
2,3554,0.5091564655303955,0.37916666666666665,1786435184.9110353
2,3555,0.4389673173427582,0.38050964187327824,1786435185.01005
2,3556,0.4089003801345825,0.38080601092896177,1786435185.1025627
2,3557,0.44912421703338623,0.3817750677506775,1786435185.1924257
2,3558,0.39717018604278564,0.38306451612903225,1786435185.2812035
2,3559,0.4860871434211731,0.38333333333333336,1786435185.3802679
2,3560,0.5126281976699829,0.3835978835978836,1786435185.4725091
2,3561,0.5498891472816467,0.3835301837270341,1786435185.5661721
2,3562,0.4478040933609009,0.3837890625,1786435185.6577206
2,3563,0.48521459102630615,0.38339793281653745,1786435185.7529948
2,3564,0.4718859791755676,0.3836538461538462,1786435185.851707
2,3565,0.3378192186355591,0.38549618320610685,1786435185.9392107
2,3566,0.4682542383670807,0.3860479797979798,1786435186.0350218
2,3567,0.676003634929657,0.38533834586466165,1786435186.1237524
2,3568,0.5552880764007568,0.38526119402985076,1786435186.2135608
2,3569,0.411186158657074,0.3867283950617284,1786435186.3110054
2,3570,0.32033178210258484,0.38786764705882354,1786435186.3999522
2,3571,0.48881739377975464,0.3871654501216545,1786435186.4976869
2,3572,0.4832347631454468,0.3873792270531401,1786435186.5895915
2,3573,0.57988440990448,0.38609112709832133,1786435186.6832716
2,3574,0.5905957818031311,0.38720238095238096,1786435186.782514
2,3575,0.44818535447120667,0.38622931442080377,1786435186.8717859
2,3576,0.4619758129119873,0.38497652582159625,1786435186.9610097
2,3577,0.462128221988678,0.38548951048951047,1786435187.0578482
2,3578,0.5453958511352539,0.3851273148148148,1786435187.152562
2,3579,0.47941431403160095,0.38448275862068965,1786435187.2412264
2,3580,0.429463654756546,0.3832762557077626,1786435187.3400054
2,3581,0.5528476238250732,0.38378684807256236,1786435187.4278183
2,3582,0.49611273407936096,0.3837274774774775,1786435187.5154269
2,3583,0.41493433713912964,0.38338926174496646,1786435187.6043012
2,3584,0.5235007405281067,0.38166666666666665,1786435187.6933067
2,3585,0.6033397316932678,0.3813465783664459,1786435187.7813835
2,3586,0.45223313570022583,0.3829495614035088,1786435187.8690999
2,3587,0.44238612055778503,0.3837145969498911,1786435187.9566398
2,3588,0.6452638506889343,0.3833874458874459,1786435188.0455108
2,3589,0.41749507188796997,0.3841397849462366,1786435188.1333253
2,3590,0.5635442137718201,0.38354700854700857,1786435188.2213967
2,3591,0.3833799660205841,0.3853503184713376,1786435188.3112264
2,3592,0.4803636968135834,0.3860759493670886,1786435188.400307
2,3593,0.5725499987602234,0.38469601677148846,1786435188.4894788
2,3594,0.3916521966457367,0.38515625,1786435188.5779638
2,3595,0.5135699510574341,0.38509316770186336,1786435188.6658168
2,3596,0.4345526695251465,0.3845164609053498,1786435188.7540486
2,3597,0.3907182514667511,0.38471370143149286,1786435188.8427722
2,3598,0.375544011592865,0.38490853658536583,1786435188.9304621
2,3599,0.4250441789627075,0.3851010101010101,1786435189.0189836
2,3600,0.5302231907844543,0.3857931726907631,1786435189.106869
2,3601,0.5157648324966431,0.38572854291417163,1786435189.1947765
2,3602,0.5718515515327454,0.38566468253968256,1786435189.2835374
2,3603,0.6147053241729736,0.386094674556213,1786435189.3716867
2,3604,0.4893069565296173,0.38529411764705884,1786435189.4604018
2,3605,0.5027244091033936,0.3835282651072125,1786435189.5491843
2,3606,0.449875146150589,0.38347868217054265,1786435189.6383522
2,3607,0.5031710863113403,0.38391136801541426,1786435189.7262363
2,3608,0.44952070713043213,0.3845785440613027,1786435189.8137343
2,3609,0.5373542904853821,0.38452380952380955,1786435189.9012504
2,3610,0.5397213697433472,0.3854166666666667,1786435189.9892206
2,3611,0.42960125207901,0.3855932203389831,1786435190.0771542
2,3612,0.40287792682647705,0.3838951310861423,1786435190.1662009
2,3613,0.592522919178009,0.38431098696461824,1786435190.2547786
2,3614,0.627387285232544,0.38333333333333336,1786435190.3453882
2,3615,0.5256494283676147,0.38328729281767954,1786435190.434932
2,3616,0.4341300427913666,0.38392857142857145,1786435190.5227277
2,3617,0.4366327226161957,0.38456284153005466,1786435190.6105425
2,3618,0.7142353057861328,0.38405797101449274,1786435190.6990688
2,3619,0.4050237536430359,0.38423423423423425,1786435190.7869947
2,3620,0.5451672673225403,0.3850806451612903,1786435190.8746514
2,3621,0.5757555961608887,0.3868092691622103,1786435190.9637353
2,3622,0.34744352102279663,0.38807624113475175,1786435191.0517318
2,3623,0.3937862515449524,0.388668430335097,1786435191.1401994
2,3624,0.3537968695163727,0.38903508771929823,1786435191.228315
2,3625,0.6551491618156433,0.3887434554973822,1786435191.317255
2,3626,0.5376690030097961,0.3882378472222222,1786435191.4064598
2,3627,0.41783055663108826,0.38924870466321243,1786435191.4941268
2,3628,0.40163007378578186,0.38767182130584193,1786435191.5839841
2,3629,0.5678590536117554,0.3876068376068376,1786435191.6721013
2,3630,0.48954200744628906,0.3869047619047619,1786435191.7605698
2,3631,0.45187291502952576,0.38578680203045684,1786435191.8492846
2,3632,0.45834991335868835,0.38446969696969696,1786435191.937732
2,3633,0.3315578103065491,0.38546901172529313,1786435192.0256488
2,3634,0.5021929144859314,0.3858333333333333,1786435192.1131802
2,3635,0.661925733089447,0.3857794361525705,1786435192.201518
2,3636,0.5692750215530396,0.3849009900990099,1786435192.2894893
2,3637,0.5623887777328491,0.38382594417077176,1786435192.3780756
2,3638,0.38094809651374817,0.38439542483660133,1786435192.4657238
2,3639,0.4550885558128357,0.38353658536585367,1786435192.5543368
2,3640,0.40847742557525635,0.38470873786407767,1786435192.6416888
2,3641,0.5001733303070068,0.38486312399355876,1786435192.7294095
2,3642,0.46526792645454407,0.38521634615384615,1786435192.8170702
2,3643,0.5171306133270264,0.3847687400318979,1786435192.9045465
2,3644,0.4067048132419586,0.38511904761904764,1786435192.991801
2,3645,0.4810749590396881,0.38467614533965244,1786435193.080344
2,3646,0.402224600315094,0.3848270440251572,1786435193.167837
2,3647,0.5374678373336792,0.3847809076682316,1786435193.2553484
2,3648,0.476775199174881,0.3845404984423676,1786435193.3441863
2,3649,0.7010585069656372,0.38507751937984497,1786435193.4316452
2,3650,0.44238317012786865,0.3856095679012346,1786435193.5192413
2,3651,0.4759071469306946,0.38652073732718895,1786435193.6082733
2,3652,0.431002676486969,0.38685015290519875,1786435193.6959465
2,3653,0.3372189402580261,0.3877473363774734,1786435193.7835987
2,3654,0.47838377952575684,0.38825757575757575,1786435193.871881
2,3655,0.5064147114753723,0.38857466063348417,1786435193.959418
2,3656,0.7588058114051819,0.38907657657657657,1786435194.0476918
2,3657,0.6899473667144775,0.38845291479820626,1786435194.1358783
2,3658,0.6285771131515503,0.38820684523809523,1786435194.2236164
2,3659,0.4183288514614105,0.3888888888888889,1786435194.3115883
2,3660,0.48074251413345337,0.38919616519174044,1786435194.3989956
2,3661,0.4732946753501892,0.3896842878120411,1786435194.486381
2,3662,0.4731384813785553,0.38980263157894735,1786435194.5742307
2,3663,0.4354606568813324,0.389919941775837,1786435194.6617815
2,3664,0.4551597535610199,0.3903985507246377,1786435194.749128
2,3665,0.5653953552246094,0.39015151515151514,1786435194.8363364
2,3666,0.5484117865562439,0.39026580459770116,1786435194.924353
2,3667,0.41805559396743774,0.3905579399141631,1786435195.0118272
2,3668,0.6195803880691528,0.3896011396011396,1786435195.0996695
2,3669,0.5746870636940002,0.3900709219858156,1786435195.187469
2,3670,0.6778720617294312,0.3893008474576271,1786435195.2758293
2,3671,0.4804399311542511,0.3883614627285513,1786435195.3645134
2,3672,0.49727338552474976,0.38935574229691877,1786435195.452249
2,3673,0.46370190382003784,0.3905160390516039,1786435195.5411887
2,3674,0.5976805090904236,0.3892361111111111,1786435195.631304
2,3675,0.33302372694015503,0.3900414937759336,1786435195.7200327
2,3676,0.6276869177818298,0.3910123966942149,1786435195.8084254
2,3677,0.4456568956375122,0.3904320987654321,1786435195.898027
2,3678,0.6219084858894348,0.3896857923497268,1786435195.9861465
2,3679,0.4774214029312134,0.3904761904761905,1786435196.0752115
2,3680,0.5662898421287537,0.39092140921409213,1786435196.1632695
2,3681,0.5605769157409668,0.3908569500674764,1786435196.2522526
2,3682,0.4127516448497772,0.390625,1786435196.340559
2,3683,0.491607129573822,0.39056224899598396,1786435196.4291933
2,3684,0.4158499836921692,0.39116666666666666,1786435196.517846
2,3685,0.5765429735183716,0.3901062416998672,1786435196.6065729
2,3686,0.37706607580184937,0.3897156084656085,1786435196.6951442
2,3687,0.39935532212257385,0.38998682476943347,1786435196.7847824
2,3688,0.3933204412460327,0.39041994750656167,1786435196.8735228
2,3689,0.5144311189651489,0.39133986928104575,1786435196.9624512
2,3690,0.4988170862197876,0.3912760416666667,1786435197.0510688
2,3691,0.5314768552780151,0.39088845654993515,1786435197.1397667
2,3692,0.34968143701553345,0.39131136950904394,1786435197.2275856
2,3693,0.4453414976596832,0.39044401544401547,1786435197.3164523
2,3694,0.41805097460746765,0.3905448717948718,1786435197.4043531
2,3695,0.5021001100540161,0.3903256704980843,1786435197.493582
2,3696,0.5456390976905823,0.39122137404580154,1786435197.5836232
2,3697,0.7568218111991882,0.3911596958174905,1786435197.6723397
2,3698,0.5333516597747803,0.3915719696969697,1786435197.762339
2,3699,0.5579224824905396,0.39166666666666666,1786435197.8503408
2,3700,0.51863032579422,0.39113408521303256,1786435197.9393294
2,3701,0.5154563784599304,0.3912297128589263,1786435198.0274243
2,3702,0.5352393984794617,0.39070273631840796,1786435198.1175811
2,3703,0.37342414259910583,0.3903345724907063,1786435198.2069447
2,3704,0.5559498071670532,0.3902777777777778,1786435198.295034
2,3705,0.7420672178268433,0.38976014760147604,1786435198.383414
2,3706,0.5132151246070862,0.3900122549019608,1786435198.4721928
2,3707,0.5397267937660217,0.38995726495726496,1786435198.5613725
2,3708,0.5257042050361633,0.39005474452554745,1786435198.6491997
2,3709,1.322014570236206,0.39015151515151514,1786435198.7388484
2,3710,0.5170084834098816,0.3902475845410628,1786435198.8268836
2,3711,0.504921019077301,0.39094464500601683,1786435198.9149911
2,3712,0.45590126514434814,0.39073741007194246,1786435199.00352
2,3713,0.5935892462730408,0.3906810035842294,1786435199.0920775
2,3714,0.37219691276550293,0.39166666666666666,1786435199.1800358
2,3715,0.3910612463951111,0.39220047449584816,1786435199.268999
2,3716,0.4651334583759308,0.39273049645390073,1786435199.3565295
2,3717,0.5338757038116455,0.392962308598351,1786435199.4439592
2,3718,0.597459077835083,0.3927523474178404,1786435199.5317283
2,3719,0.3906179368495941,0.3925438596491228,1786435199.6197796
2,3720,0.45308345556259155,0.3932109557109557,1786435199.7079961
2,3721,0.4206782281398773,0.39227642276422764,1786435199.7968993
2,3722,0.6221380829811096,0.3917824074074074,1786435199.8850021
2,3723,0.40691205859184265,0.39215686274509803,1786435199.9734411
2,3724,0.4781377613544464,0.392816091954023,1786435200.062128
2,3725,0.4899938702583313,0.393184421534937,1786435200.150792
2,3726,0.44075947999954224,0.3928367579908676,1786435200.2392533
2,3727,0.48152047395706177,0.39263367463026166,1786435200.3272107
2,3728,0.5084052085876465,0.39285714285714285,1786435200.4153478
2,3729,0.4218205213546753,0.39322033898305087,1786435200.504389
2,3730,0.49049925804138184,0.39315878378378377,1786435200.593663
2,3731,0.6273759603500366,0.39323793490460157,1786435200.6827912
2,3732,0.4961792528629303,0.3934563758389262,1786435200.772352
2,3733,0.5782004594802856,0.3933946488294314,1786435200.8604345
2,3734,0.5590347051620483,0.3938888888888889,1786435200.9504116
2,3735,0.3905883729457855,0.39424141749723146,1786435201.037955
2,3736,0.7171202898025513,0.3943156732891832,1786435201.125963
2,3737,0.42865872383117676,0.39397689768976896,1786435201.2148983
2,3738,0.3621613085269928,0.3944627192982456,1786435201.3034637
2,3739,0.6353055238723755,0.39494535519125684,1786435201.3917365
2,3740,0.49684417247772217,0.3946078431372549,1786435201.480336
2,3741,0.4326270520687103,0.3953583061889251,1786435201.5690134
2,3742,0.41525036096572876,0.3962391774891775,1786435201.6572957
2,3743,0.4170427918434143,0.39670981661272925,1786435201.745545
2,3744,0.5028772354125977,0.3966397849462366,1786435201.8332877
2,3745,0.5261746644973755,0.3967041800643087,1786435201.9220378
2,3746,0.6054851412773132,0.3959668803418803,1786435202.0112474
2,3747,0.4513654112815857,0.39603301384451545,1786435202.0991287
2,3748,0.35134124755859375,0.3966295116772824,1786435202.187351
2,3749,0.529133677482605,0.3964285714285714,1786435202.2752304
2,3750,0.4131612479686737,0.3971518987341772,1786435202.363081
2,3751,0.4300532341003418,0.3976077812828602,1786435202.4510186
2,3752,0.6379823088645935,0.39740566037735847,1786435202.5386984
2,3753,0.5607985258102417,0.39759665621734586,1786435202.6267672
2,3754,0.5037980079650879,0.39765625,1786435202.7153492
2,3755,0.6086504459381104,0.39732606438213913,1786435202.8045173
2,3756,0.36690953373908997,0.3967391304347826,1786435202.8934186
2,3757,0.5275817513465881,0.39796181630546956,1786435202.9930243
2,3758,0.46803730726242065,0.39853395061728397,1786435203.093024
2,3759,0.644588053226471,0.3985897435897436,1786435203.1831753
2,3760,0.40303027629852295,0.3986451942740286,1786435203.2717247
2,3761,0.5074142813682556,0.39882772680937817,1786435203.3601153
2,3762,0.36346057057380676,0.3982469512195122,1786435203.45959
2,3763,0.4533677101135254,0.3975430597771023,1786435203.5538065
2,3764,0.5350431203842163,0.3974747474747475,1786435203.6436198
2,3765,0.589857816696167,0.3976586102719033,1786435203.73158
2,3766,0.429146945476532,0.3983433734939759,1786435203.8212326
2,3767,0.513129711151123,0.3972722722722723,1786435203.909674
2,3768,0.4190813899040222,0.39745508982035926,1786435203.9978871
2,3769,0.6143367290496826,0.3970149253731343,1786435204.0856533
2,3770,0.46064695715904236,0.3974454365079365,1786435204.1741455
2,3771,0.4976629912853241,0.39787339268051436,1786435204.261862
2,3772,0.4024326801300049,0.39866863905325445,1786435204.349824
2,3773,0.48903000354766846,0.39884464110127826,1786435204.4379516
2,3774,0.3599693179130554,0.3991421568627451,1786435204.5254447
2,3775,0.47326868772506714,0.3985826001955034,1786435204.6138966
2,3776,0.5140733122825623,0.39924463937621835,1786435204.7016983
2,3777,0.4718487858772278,0.39856656948493685,1786435204.790316
2,3778,0.38388317823410034,0.39874031007751937,1786435204.8778021
2,3779,0.43131884932518005,0.3992753623188406,1786435204.966467
2,3780,0.5186697244644165,0.39908477842003853,1786435205.0550025
2,3781,0.4823366701602936,0.3990153698366955,1786435205.1437705
2,3782,0.4890764653682709,0.3995450191570881,1786435205.2324324
2,3783,0.6601070165634155,0.39947468958930277,1786435205.3212721
2,3784,0.4188272953033447,0.3998809523809524,1786435205.4098575
2,3785,0.4589109718799591,0.40028490028490027,1786435205.4993644
2,3786,0.382918119430542,0.40068655303030304,1786435205.586932
2,3787,0.5744484066963196,0.40084985835694054,1786435205.6765654
2,3788,0.38597774505615234,0.4013653483992467,1786435205.765835
2,3789,0.6188619136810303,0.4012910798122066,1786435205.853725
2,3790,0.3590604364871979,0.40133426966292135,1786435205.9413135
2,3791,0.6089187860488892,0.4011437908496732,1786435206.02946
2,3792,0.68115234375,0.4006052141527002,1786435206.1180313
2,3793,0.3682515025138855,0.4007660167130919,1786435206.205684
2,3794,0.4896886348724365,0.4010416666666667,1786435206.2931507
2,3795,0.39313387870788574,0.4015466297322253,1786435206.3810747
2,3796,0.4826202690601349,0.402048802946593,1786435206.468475
2,3797,0.531253457069397,0.4015151515151515,1786435206.557198
2,3798,0.5003921389579773,0.4015567765567766,1786435206.6449907
2,3799,0.5692011117935181,0.40159817351598176,1786435206.7335145
2,3800,0.4485553801059723,0.4017531876138434,1786435206.820982
2,3801,0.35529881715774536,0.401566757493188,1786435206.910378
2,3802,0.5845821499824524,0.4017210144927536,1786435206.9994051
2,3803,0.45262959599494934,0.40176151761517614,1786435207.0874243
2,3804,0.3503963053226471,0.4023648648648649,1786435207.175453
2,3805,0.44155579805374146,0.4026280323450135,1786435207.2634568
2,3806,0.303547203540802,0.4032258064516129,1786435207.3521333
2,3807,0.3943808078765869,0.40370866845397674,1786435207.4401212
2,3808,0.6030426621437073,0.4037433155080214,1786435207.5278146
2,3809,0.48421892523765564,0.4041111111111111,1786435207.616535
2,3810,0.4020518660545349,0.40458776595744683,1786435207.705407
2,3811,0.45501822233200073,0.40450928381962864,1786435207.7927136
2,3812,0.4773920178413391,0.4046516754850088,1786435207.8813047
2,3813,0.5572603940963745,0.4049032541776605,1786435207.9702158
2,3814,0.6286879181861877,0.4043859649122807,1786435208.0591674
2,3815,0.4899179935455322,0.4044181977252843,1786435208.1483738
2,3816,0.5036014318466187,0.4037958115183246,1786435208.237107
2,3817,0.3664088249206543,0.4036118363794604,1786435208.3253853
2,3818,0.590186595916748,0.4036458333333333,1786435208.4139667
2,3819,0.5201292037963867,0.404004329004329,1786435208.5024536
2,3820,0.5285347104072571,0.40349740932642486,1786435208.5906816
2,3821,0.6059211492538452,0.4033161068044789,1786435208.6793852
2,3822,0.5212869644165039,0.40324312714776633,1786435208.7674348
2,3823,0.4285500943660736,0.4038131962296487,1786435208.8561292
2,3824,0.39354169368743896,0.4043803418803419,1786435208.9438727
2,3825,0.5014113187789917,0.40441176470588236,1786435209.0324013
2,3826,0.4262527823448181,0.4044430272108844,1786435209.1223137
2,3827,0.4681481719017029,0.4042620865139949,1786435209.210977
2,3828,0.565146267414093,0.404505076142132,1786435209.299044
2,3829,0.3988799452781677,0.404957805907173,1786435209.3880544
2,3830,0.6404092311859131,0.40446127946127947,1786435209.4770956
2,3831,0.42975685000419617,0.4043870696893367,1786435209.5664089
2,3832,0.4814193844795227,0.40462730318257956,1786435209.6539161
2,3833,0.38760077953338623,0.40549289891395157,1786435209.7425387
2,3834,0.5318017601966858,0.405625,1786435209.8305552
2,3835,0.45248010754585266,0.4057564422277639,1786435209.9183118
2,3836,0.4281879961490631,0.4056799336650083,1786435210.0067394
2,3837,0.4127988815307617,0.40488006617038874,1786435210.0950074
2,3838,0.4781387448310852,0.4049092409240924,1786435210.183648
2,3839,0.37508463859558105,0.4053497942386831,1786435210.2721746
2,3840,0.4826488494873047,0.4052750410509031,1786435210.3602586
2,3841,0.45235225558280945,0.4050982800982801,1786435210.4486263
2,3842,0.45861831307411194,0.4048202614379085,1786435210.5381215
2,3843,0.7416749596595764,0.4043398533007335,1786435210.6274846
2,3844,0.34550216794013977,0.40426829268292686,1786435210.7180579
2,3845,0.47195151448249817,0.4042984590429846,1786435210.8066058
2,3846,0.7900534868240356,0.40402508090614886,1786435210.8954527
2,3847,0.5119106769561768,0.40375302663438256,1786435210.9848528
2,3848,0.46609410643577576,0.4042874396135266,1786435211.0723999
2,3849,0.45139333605766296,0.4038152610441767,1786435211.1613789
2,3850,0.4041736125946045,0.4039463141025641,1786435211.2506363
2,3851,0.5421319007873535,0.4037769784172662,1786435211.3402865
2,3852,0.36737173795700073,0.40410685805422647,1786435211.4284246
2,3853,0.5113507509231567,0.40423627684964203,1786435211.5166464
2,3854,0.5903863906860352,0.4033730158730159,1786435211.6053157
2,3855,0.5680034756660461,0.4031076801266825,1786435211.694163
2,3856,0.4808216691017151,0.40304107424960506,1786435211.7836704
2,3857,0.3781909942626953,0.4033687943262411,1786435211.8729987
2,3858,0.48280495405197144,0.40349842767295596,1786435211.9638798
2,3859,0.4708230197429657,0.403921568627451,1786435212.0527313
2,3860,0.410547137260437,0.4043427230046948,1786435212.1416576
2,3861,0.3312954902648926,0.4042740046838407,1786435212.230507
2,3862,0.4625546932220459,0.403816199376947,1786435212.3204966
2,3863,0.5480020046234131,0.40374902874902874,1786435212.4093404
2,3864,0.4177485704421997,0.403391472868217,1786435212.4989839
2,3865,0.6529091000556946,0.40342227378190254,1786435212.5876396
2,3866,0.44513291120529175,0.4036458333333333,1786435212.677094
2,3867,0.4897768795490265,0.4039645881447267,1786435212.7695904
2,3868,0.5021871328353882,0.40428187403993854,1786435212.859116
2,3869,0.5687208771705627,0.4044061302681992,1786435212.9596064
2,3870,0.48175129294395447,0.40395642201834864,1786435213.050337
2,3871,0.5025635957717896,0.40427154843630814,1786435213.1403565
2,3872,0.4908900260925293,0.4041095890410959,1786435213.2361677
2,3873,0.5216277241706848,0.4041381928625664,1786435213.324866
2,3874,0.37140142917633057,0.40464015151515154,1786435213.4134057
2,3875,0.39261648058891296,0.40476190476190477,1786435213.5014787
2,3876,0.4514910876750946,0.40497737556561086,1786435213.5896158
2,3877,0.42805299162864685,0.40547404063205417,1786435213.6781254
2,3878,0.5146701335906982,0.40503003003003,1786435213.7675705
2,3879,0.2818842828273773,0.40571161048689136,1786435213.855666
2,3880,0.6350992918014526,0.4054559043348281,1786435213.9444833
2,3881,0.6667662858963013,0.4053877703206562,1786435214.0325837
2,3882,0.5277181267738342,0.40531994047619047,1786435214.1204813
2,3883,0.522395670413971,0.40525241276911655,1786435214.2089548
2,3884,0.8039815425872803,0.4050925925925926,1786435214.2976396
2,3885,0.44242289662361145,0.40465631929046564,1786435214.3863785
2,3886,0.4701775908470154,0.4045907079646018,1786435214.4737904
2,3887,0.4397377371788025,0.40406548933039,1786435214.5624564
2,3888,0.40588313341140747,0.40436857562408224,1786435214.6506245
2,3889,0.4166420102119446,0.40476190476190477,1786435214.738468
2,3890,0.5257062911987305,0.40460526315789475,1786435214.826242
2,3891,0.4387614130973816,0.4049963530269876,1786435214.9143405
2,3892,0.4981835186481476,0.4053857350800582,1786435215.0020645
2,3893,0.46492570638656616,0.4048656499636892,1786435215.0905423
2,3894,0.40495765209198,0.40498188405797103,1786435215.1786804
2,3895,0.36954042315483093,0.404826464208243,1786435215.2672982
2,3896,0.631449818611145,0.4051226551226551,1786435215.3560784
2,3897,0.39087632298469543,0.40532757379409645,1786435215.445273
2,3898,0.4028114080429077,0.4053520114942529,1786435215.5334697
2,3899,0.4179138243198395,0.40546594982078854,1786435215.6212347
2,3900,0.47744882106781006,0.4051323319027182,1786435215.709044
2,3901,0.5296574234962463,0.4048001427551749,1786435215.7983298
2,3902,0.4021870195865631,0.40500356125356124,1786435215.8879662
2,3903,0.5075300931930542,0.4046730632551528,1786435215.97694
2,3904,0.6282055377960205,0.4046099290780142,1786435216.070646
2,3905,0.49808865785598755,0.40445859872611467,1786435216.1603184
2,3906,0.5892459154129028,0.4038665254237288,1786435216.2496035
2,3907,0.48255500197410583,0.40380549682875266,1786435216.3390825
2,3908,0.5726918578147888,0.40365682137834036,1786435216.4279416
2,3909,0.4498441815376282,0.4041228070175439,1786435216.5159855
2,3910,0.41382506489753723,0.40414915966386555,1786435216.604742
2,3911,0.4221949577331543,0.40452480782669464,1786435216.6951592
2,3912,0.4854584336280823,0.40481171548117156,1786435216.784749
2,3913,0.6050199270248413,0.4048364648573417,1786435216.8743973
2,3914,0.805521547794342,0.4049479166666667,1786435216.9630477
2,3915,0.5490268468856812,0.40445252945252946,1786435217.0520365
2,3916,0.415149450302124,0.4045643153526971,1786435217.1410043
2,3917,0.4227648973464966,0.4049344375431332,1786435217.2301111
2,3918,0.3911566436290741,0.40513085399449034,1786435217.318402
2,3919,0.4875860810279846,0.4050687285223368,1786435217.4064248
2,3920,0.5441349744796753,0.40483539094650206,1786435217.4949865
2,3921,0.40874865651130676,0.405201916495551,1786435217.5836132
2,3922,0.45804116129875183,0.40548155737704916,1786435217.6720045
2,3923,0.4319384694099426,0.40550443081117926,1786435217.7605228
2,3924,0.41434988379478455,0.40552721088435373,1786435217.8492115
2,3925,0.6077223420143127,0.4055498981670061,1786435217.9373114
2,3926,0.52347731590271,0.40591124661246614,1786435218.0258033
2,3927,0.47102561593055725,0.4061866125760649,1786435218.1142278
2,3928,0.4599592685699463,0.40620782726045884,1786435218.2032225
2,3929,0.5940117239952087,0.4063131313131313,1786435218.2913308
2,3930,0.5305060148239136,0.40658602150537637,1786435218.3801124
2,3931,0.49240410327911377,0.40652246814218645,1786435218.4683557
2,3932,0.37855958938598633,0.40654283801874164,1786435218.556529
2,3933,0.6205676794052124,0.4061456245824983,1786435218.6455286
2,3934,0.6179184913635254,0.4065,1786435218.734608
2,3935,0.46345606446266174,0.40676979374584166,1786435218.8227777
2,3936,0.3824675381183624,0.40712151394422313,1786435218.9117432
2,3937,0.6149773597717285,0.40714049039098743,1786435219.00086
2,3938,0.6511157751083374,0.40666335978835977,1786435219.0897
2,3939,0.8020387887954712,0.4064356435643564,1786435219.178307
2,3940,0.4267853796482086,0.4063735177865613,1786435219.2665267
2,3941,0.4113692045211792,0.405982905982906,1786435219.3605788
2,3942,0.5488790273666382,0.40583989501312334,1786435219.4492536
2,3943,0.5501677393913269,0.40561558611656845,1786435219.538159
2,3944,0.45871400833129883,0.40555555555555556,1786435219.6258638
2,3945,0.4993881583213806,0.4054957599478147,1786435219.714852
2,3946,0.3776905834674835,0.4058430989583333,1786435219.804478
2,3947,0.3281630575656891,0.4064327485380117,1786435219.8928218
2,3948,0.44307124614715576,0.4065337224383917,1786435219.9809985
2,3949,0.4578514099121094,0.4064724919093851,1786435220.069361
2,3950,0.4951639473438263,0.40665374677002586,1786435220.158973
2,3951,0.5785849094390869,0.4065925209542231,1786435220.247908
2,3952,0.3178722858428955,0.4069337194337194,1786435220.338006
2,3953,0.6258453726768494,0.4067116249197174,1786435220.431578
2,3954,0.4589381814002991,0.4063301282051282,1786435220.5203967
2,3955,0.5795721411705017,0.40579014715291106,1786435220.6091483
2,3956,0.5010796785354614,0.40605044699872284,1786435220.6974187
2,3957,0.5036435723304749,0.405672402804334,1786435220.7863672
2,3958,0.4655996561050415,0.40577290076335876,1786435220.8747725
2,3959,0.6875615119934082,0.4057936507936508,1786435220.9638164
2,3960,0.6285287141799927,0.40581432192648925,1786435221.0516524
2,3961,0.6090192794799805,0.40599304237824163,1786435221.1402023
2,3962,0.43894726037979126,0.40632891414141414,1786435221.2291806
2,3963,0.4999939799308777,0.40658475110270953,1786435221.3180978
2,3964,0.3647581934928894,0.40699685534591196,1786435221.406392
2,3965,0.3795630931854248,0.40717200251098556,1786435221.495007
2,3966,0.4272160232067108,0.40711152882205515,1786435221.5833273
2,3967,0.5498384237289429,0.4071294559099437,1786435221.671831
2,3968,0.7589019536972046,0.4069912609238452,1786435221.7607074
2,3969,0.37890625,0.4070093457943925,1786435221.8485086
2,3970,0.5852408409118652,0.4068718905472637,1786435221.936992
2,3971,0.6030085682868958,0.40712290502793297,1786435222.0269449
2,3972,0.4538220763206482,0.40667596034696407,1786435222.1161191
2,3973,0.48010706901550293,0.40661719233147803,1786435222.2045197
2,3974,0.9396979212760925,0.40617283950617283,1786435222.2917986
2,3975,0.3720053434371948,0.4065003080714726,1786435222.3807771
2,3976,0.5003167390823364,0.4064421894218942,1786435222.468734
2,3977,0.4074802100658417,0.4065377532228361,1786435222.5564058
2,3978,0.3436853885650635,0.40670955882352944,1786435222.6447244
2,3979,0.3321249186992645,0.4068807339449541,1786435222.7332401
2,3980,0.43275755643844604,0.40705128205128205,1786435222.8219855
2,3981,0.4919760525226593,0.40691651432053627,1786435222.9104135
2,3982,0.3918592929840088,0.4065541362530414,1786435222.9990997
2,3983,0.4267183542251587,0.4065725561627201,1786435223.0869555
2,3984,0.5098287463188171,0.40613636363636363,1786435223.1766105
2,3985,0.3937786817550659,0.4057773744706594,1786435223.2657814
2,3986,0.4714958071708679,0.40572161835748793,1786435223.3538737
2,3987,0.551311194896698,0.4055907172995781,1786435223.4424567
2,3988,0.4884469509124756,0.4056107099879663,1786435223.53189
2,3989,0.4543358385562897,0.4057807807807808,1786435223.6210613
2,3990,0.5219169855117798,0.4055005995203837,1786435223.7103536
2,3991,0.5197759866714478,0.40567025733093953,1786435223.7985854
2,3992,0.3739914298057556,0.40591397849462363,1786435223.8866415
2,3993,0.3913106322288513,0.40615682766845557,1786435223.9758832
2,3994,0.528596043586731,0.4061755952380952,1786435224.0653324
2,3995,0.6226091384887695,0.40604575163398693,1786435224.1541796
2,3996,0.6139198541641235,0.40591637010676157,1786435224.2429326
2,3997,0.4648033678531647,0.40600947306098284,1786435224.3317342
2,3998,0.5216299295425415,0.4059544917257683,1786435224.4209504
2,3999,0.38943570852279663,0.40634218289085544,1786435224.5097537
2,4000,0.4350484013557434,0.40621319199057715,1786435224.5976377
2,4001,0.45614561438560486,0.406305114638448,1786435224.686083
2,4002,0.5437186360359192,0.4061032863849765,1786435224.7755885
2,4003,0.37119752168655396,0.40560925600468656,1786435224.8645165
2,4004,0.39087092876434326,0.4057017543859649,1786435224.953587
2,4005,0.34427690505981445,0.4060128429655575,1786435225.0412548
2,4006,0.4514811635017395,0.40625,1786435225.1292753
2,4007,0.37703168392181396,0.406413612565445,1786435225.217399
2,4008,0.4637807309627533,0.4065040650406504,1786435225.3056648
2,4009,0.41500139236450195,0.4067391304347826,1786435225.3939707
2,4010,0.5310186743736267,0.40653935185185186,1786435225.4835675
2,4011,0.6149862408638,0.4064846909300982,1786435225.572312
2,4012,0.8404598236083984,0.4063581314878893,1786435225.6611974
2,4013,0.5306683778762817,0.4060880829015544,1786435225.7601802
2,4014,0.5057764053344727,0.40617816091954023,1786435225.8486652
2,4015,0.5636186003684998,0.40619621342512907,1786435225.9376
2,4016,0.3529268503189087,0.4065721649484536,1786435226.0349598
2,4017,0.48867085576057434,0.40673241852487135,1786435226.123774
2,4018,0.49237537384033203,0.4068207762557078,1786435226.2118099
2,4019,0.4556480050086975,0.40719373219373217,1786435226.2999125
2,4020,0.409085214138031,0.4074943117178612,1786435226.3875616
2,4021,0.5168182849884033,0.4076519023282226,1786435226.4870212
2,4022,0.5641683340072632,0.4078798185941043,1786435226.5760686
2,4023,0.41290482878685,0.4081777023203169,1786435226.6776476
2,4024,0.5402171611785889,0.40826271186440677,1786435226.7776668
2,4025,0.5117135047912598,0.40827693175408913,1786435226.8650634
2,4026,0.6797884702682495,0.40800957207207206,1786435226.959424
2,4027,0.42366406321525574,0.40802417088251824,1786435227.0476081
2,4028,0.4579620957374573,0.40824915824915825,1786435227.145
2,4029,0.4855983555316925,0.4077731092436975,1786435227.234785
2,4030,0.3652631342411041,0.4080676733780761,1786435227.3310041
2,4031,0.5322690010070801,0.4083612506979341,1786435227.4207454
2,4032,0.4710230827331543,0.4083751393534002,1786435227.5112364
2,4033,0.5335620641708374,0.40831942125765164,1786435227.6059744
2,4034,0.47797316312789917,0.40784722222222225,1786435227.6995714
2,4035,0.5195289850234985,0.40806988352745427,1786435227.7917643
2,4036,0.4110215902328491,0.4081533776301218,1786435227.8827288
2,4037,0.6176552772521973,0.4078911000552792,1786435227.9722822
2,4038,0.41528549790382385,0.4080435982339956,1786435228.0624502
2,4039,0.40586376190185547,0.4084022038567493,1786435228.151066
2,4040,0.5250109434127808,0.40855335533553355,1786435228.2389483
2,4041,0.43709543347358704,0.40870400878638113,1786435228.336364
2,4042,0.4794764518737793,0.40899122807017546,1786435228.423954
2,4043,0.4223206639289856,0.4088669950738916,1786435228.5237145
2,4044,0.44705891609191895,0.4090846994535519,1786435228.6228397
2,4045,0.510283887386322,0.40916530278232405,1786435228.7126594
2,4046,0.494894415140152,0.409109477124183,1786435228.8051753
2,4047,0.4734753370285034,0.4093936922240348,1786435228.8966734
2,4048,0.5108913779258728,0.4096769815418024,1786435228.9945264
2,4049,0.4219982326030731,0.4096205962059621,1786435229.0891054
2,4050,0.5615342855453491,0.40983495670995673,1786435229.1866722
2,4051,0.48813268542289734,0.4100486223662885,1786435229.2754517
2,4052,0.44119489192962646,0.41019417475728154,1786435229.3723438
2,4053,0.548973023891449,0.4100026925148088,1786435229.4608455
2,4054,0.34910449385643005,0.40974462365591396,1786435229.5539296
2,4055,0.5810325145721436,0.4092860976918948,1786435229.6434004
2,4056,0.38740274310112,0.4094989281886388,1786435229.73353
2,4057,0.4551464915275574,0.4095104333868379,1786435229.8224063
2,4058,0.44653257727622986,0.4093215811965812,1786435229.9117904
2,4059,0.5012285709381104,0.40946666666666665,1786435230.0011425
2,4060,0.4611450731754303,0.4095447284345048,1786435230.0894291
2,4061,0.4874482750892639,0.4094896331738437,1786435230.178763
2,4062,0.6038667559623718,0.4094347133757962,1786435230.2698796
2,4063,0.6097317934036255,0.4097111817700053,1786435230.3583257
2,4064,0.49492835998535156,0.4095238095238095,1786435230.447103
2,4065,0.44280144572257996,0.40966719492868464,1786435230.5357838
2,4066,0.4406287372112274,0.4095464135021097,1786435230.6249316
2,4067,0.639443039894104,0.40982095839915744,1786435230.712617
2,4068,0.42328882217407227,0.40996319663512093,1786435230.800813
2,4069,0.5722631812095642,0.4096456692913386,1786435230.888587
2,4070,0.4678743779659271,0.4093946540880503,1786435230.9777973
2,4071,0.36996549367904663,0.4097331240188383,1786435231.065294
2,4072,0.5998800992965698,0.40974399164054337,1786435231.1535974
2,4073,0.6919286251068115,0.40968961919666147,1786435231.2428753
2,4074,0.47337743639945984,0.409375,1786435231.3330042
2,4075,0.4884490370750427,0.4095163806552262,1786435231.4213638
2,4076,0.5316142439842224,0.4093977154724818,1786435231.510315
2,4077,0.5386643409729004,0.40908501814411613,1786435231.5991209
2,4078,0.6696833968162537,0.40877329192546585,1786435231.687857
2,4079,0.4651322662830353,0.4089793281653747,1786435231.776717
2,4080,0.4123954474925995,0.4088622291021672,1786435231.8649812
2,4081,0.6288481950759888,0.40855229263266357,1786435231.95335
2,4082,0.4042832851409912,0.40862911522633744,1786435232.0409527
2,4083,0.4721803665161133,0.40864149974319464,1786435232.129079
2,4084,0.3933059275150299,0.4085897435897436,1786435232.216826
2,4085,0.4805956482887268,0.40853814644137226,1786435232.3055828
2,4086,0.4604976773262024,0.4086784253578732,1786435232.3935778
2,4087,0.36317160725593567,0.40888208269525267,1786435232.4821153
2,4088,0.43594807386398315,0.4088939857288481,1786435232.570333
2,4089,0.5049999356269836,0.40903307888040713,1786435232.6581137
2,4090,0.6897356510162354,0.4089811991869919,1786435232.7464697
2,4091,0.5621679425239563,0.40918315575849823,1786435232.8348346
2,4092,0.409326434135437,0.409257852077001,1786435232.9226189
2,4093,0.5772541761398315,0.40933232169954475,1786435233.0110035
2,4094,0.49343010783195496,0.40928030303030305,1786435233.1003246
2,4095,0.6470627188682556,0.4094175491679274,1786435233.190691
2,4096,0.41131138801574707,0.4097432024169184,1786435233.2785487
2,4097,0.4683862328529358,0.4099421820010055,1786435233.3658094
2,4098,0.4904017448425293,0.4098895582329317,1786435233.4547892
2,4099,0.3316284716129303,0.40958646616541355,1786435233.543479
2,4100,0.41006118059158325,0.40984734734734735,1786435233.6324446
2,4101,0.5502229332923889,0.40954522738630683,1786435233.7219625
2,4102,0.6676212549209595,0.4094935129740519,1786435233.8112135
2,4103,0.6552553176879883,0.4095042351768809,1786435233.9017768
2,4104,0.4237928092479706,0.4097014925373134,1786435233.9900646
2,4105,0.4000682532787323,0.41002235469448584,1786435234.079256
2,4106,0.3838003873825073,0.40990823412698413,1786435234.1687908
2,4107,0.5994048714637756,0.4099801882119861,1786435234.2581637
2,4108,0.42967888712882996,0.40999010880316517,1786435234.3464866
2,4109,0.49762964248657227,0.41012345679012346,1786435234.4350698
2,4110,0.5036073923110962,0.4100714990138067,1786435234.5228975
2,4111,0.6370106339454651,0.41008124076809455,1786435234.611838
2,4112,0.44128018617630005,0.40978367748279254,1786435234.7003198
2,4113,0.47562330961227417,0.4095483554246441,1786435234.790622
2,4114,0.30737367272377014,0.40980392156862744,1786435234.8784816
2,4115,0.38766708970069885,0.4100587371512482,1786435234.965771
2,4116,0.46503138542175293,0.4097629521016618,1786435235.0545337
2,4117,0.4753127098083496,0.40989507076622744,1786435235.142348
2,4118,0.4953014850616455,0.40996588693957114,1786435235.2322433
2,4119,0.5143855214118958,0.41027980535279807,1786435235.3200283
2,4120,0.4596777558326721,0.4105928085519922,1786435235.408987
2,4121,0.368194043636322,0.41096555070354196,1786435235.4968894
2,4122,0.48341286182403564,0.4112160852713178,1786435235.5841525
2,4123,0.5175219774246216,0.41146589259796806,1786435235.6738374
2,4124,0.45820561051368713,0.411231884057971,1786435235.7627485
2,4125,0.43735799193382263,0.41123974915581285,1786435235.851788
2,4126,0.3903433084487915,0.41088631984585744,1786435235.940399
2,4127,0.4970622956752777,0.41095478595478596,1786435236.029131
2,4128,0.47973406314849854,0.411083093179635,1786435236.1174932
2,4129,0.4122088551521301,0.4113908872901679,1786435236.206533
2,4130,0.3598960340023041,0.4115780651340996,1786435236.2945783
2,4131,0.3311905264854431,0.4117647058823529,1786435236.3828394
2,4132,0.37274816632270813,0.41183142311365806,1786435236.4712856
2,4133,0.3647465109825134,0.4119575584167859,1786435236.5606399
2,4134,0.5097833871841431,0.41220238095238093,1786435236.6486347
2,4135,0.4472424387931824,0.41232762719923916,1786435236.7369432
2,4136,0.5035678148269653,0.4123338081671415,1786435236.8256636
2,4137,0.4108998775482178,0.4125770507349455,1786435236.9142733
2,4138,0.4201432466506958,0.4128196022727273,1786435237.003089
2,4139,0.6823947429656982,0.4125886524822695,1786435237.1020668
2,4140,0.5381793975830078,0.4124173748819641,1786435237.1910028
2,4141,0.34278661012649536,0.41201084394153703,1786435237.2898185
2,4142,0.38890814781188965,0.4120762711864407,1786435237.3796668
2,4143,0.5931273698806763,0.4118476727785614,1786435237.4687383
2,4144,0.3787180483341217,0.41173708920187796,1786435237.5692601
2,4145,0.6476596593856812,0.4114510079699953,1786435237.658882
2,4146,0.46614956855773926,0.4116924157303371,1786435237.7469697
2,4147,0.43843990564346313,0.4120500233754091,1786435237.8361137
2,4148,0.5435178279876709,0.4120564892623716,1786435237.9241803
2,4149,0.4972918629646301,0.41188811188811186,1786435238.013514
2,4150,0.45487627387046814,0.4118947858472998,1786435238.1028657
2,4151,0.3957602381706238,0.4118433286843329,1786435238.1911764
2,4152,0.31183359026908875,0.41202414113277624,1786435238.2793262
2,4153,0.5584931969642639,0.41162494204914235,1786435238.3686612
2,4154,0.4380844831466675,0.4116898148148148,1786435238.4570713
2,4155,0.521945595741272,0.4112921867776237,1786435238.5460737
2,4156,0.6217473745346069,0.41112650046168053,1786435238.6346824
2,4157,0.4835631251335144,0.4110189027201475,1786435238.7220445
2,4158,0.4058597981929779,0.41119935543278086,1786435238.81003
2,4159,0.603960394859314,0.41097701149425286,1786435238.899398
2,4160,0.652629017829895,0.4109848484848485,1786435238.986962
2,4161,0.3639834225177765,0.41087803759743236,1786435239.0756695
2,4162,0.47231772541999817,0.4107142857142857,1786435239.164383
2,4163,0.34379303455352783,0.410893918609968,1786435239.2518888
2,4164,0.5394076704978943,0.41078767123287674,1786435239.3411593
2,4165,0.6035017371177673,0.41062471500228,1786435239.4293904
2,4166,0.5394889712333679,0.4106329690346084,1786435239.5177245
2,4167,0.38525304198265076,0.4106980445657117,1786435239.6054978
2,4168,0.7096765637397766,0.4104223433242507,1786435239.694374
2,4169,0.5629046559333801,0.41043083900226757,1786435239.7826226
2,4170,0.6257758140563965,0.41015625,1786435239.8706214
2,4171,0.417610764503479,0.41010854816824965,1786435239.9583886
2,4172,0.4151642918586731,0.40966576332429994,1786435240.0468216
2,4173,0.3641097843647003,0.4099007668019847,1786435240.1360674
2,4174,0.5980104207992554,0.40968468468468466,1786435240.22469
2,4175,0.6386488676071167,0.4095254161043635,1786435240.3137474
2,4176,0.6337760090827942,0.4096473495058401,1786435240.4030788
2,4177,0.635384202003479,0.4094324809331539,1786435240.491834
2,4178,0.37028729915618896,0.40949820788530467,1786435240.580281
2,4179,0.44262242317199707,0.40956375838926173,1786435240.6688664
2,4180,0.41722720861434937,0.40968498659517427,1786435240.7566469
2,4181,0.4311946630477905,0.40991744756805,1786435240.8442261
2,4182,0.5387183427810669,0.4098150623885918,1786435240.9326534
2,4183,0.614693820476532,0.4098798397863818,1786435241.021064
2,4184,0.5239773392677307,0.40955555555555556,1786435241.109991
2,4185,0.3666039705276489,0.40928761651131823,1786435241.1992407
2,4186,0.5020714402198792,0.4092974290780142,1786435241.2877567
2,4187,0.5765812397003174,0.40941788401947765,1786435241.3768406
2,4188,0.39785337448120117,0.40964854111405835,1786435241.4643512
2,4189,0.3809319734573364,0.40987858719646797,1786435241.5521932
2,4190,0.3925621807575226,0.4099977954144621,1786435241.6405756
2,4191,0.3991873860359192,0.41028181417877585,1786435241.7301476
2,4192,0.40697553753852844,0.41051011433597184,1786435241.8185058
2,4193,0.45120057463645935,0.41068291611769875,1786435241.9067307
2,4194,0.586841344833374,0.41025219298245613,1786435241.9952717
2,4195,0.621999979019165,0.4100963644327639,1786435242.0836554
2,4196,0.3357008993625641,0.410323709536308,1786435242.1721725
2,4197,0.40233471989631653,0.4101135867190913,1786435242.2615614
2,4198,0.4933024048805237,0.41017670157068065,1786435242.3499095
2,4199,0.373867392539978,0.4099673202614379,1786435242.4384456
2,4200,0.4156659245491028,0.40997606614447346,1786435242.526756
2,4201,0.44155263900756836,0.4100934376358105,1786435242.6152298
2,4202,0.4232695996761322,0.4102647569444444,1786435242.7055354
2,4203,0.4259186387062073,0.4102730819245774,1786435242.7934723
2,4204,0.42788267135620117,0.4103896103896104,1786435242.882099
2,4205,0.5125094056129456,0.410451794206658,1786435242.9699938
2,4206,0.40082770586013794,0.4107836787564767,1786435243.0581448
2,4207,0.5864415764808655,0.4105217766278568,1786435243.146973
2,4208,0.6588318347930908,0.4106912144702842,1786435243.2347584
2,4209,0.5282258987426758,0.41059139784946236,1786435243.3233354
2,4210,0.5321543216705322,0.4105992268041237,1786435243.4120197
2,4211,0.7279296517372131,0.4103925353925354,1786435243.4995754
2,4212,0.4333433508872986,0.41002570694087404,1786435243.5880861
2,4213,0.3059418797492981,0.41024818142918273,1786435243.6759133
2,4214,0.48655810952186584,0.41004273504273503,1786435243.7644813
2,4215,0.5508742332458496,0.40999786598378146,1786435243.8523705
2,4216,0.5961775779724121,0.40995311167945436,1786435243.940532
2,4217,0.4761419892311096,0.4098020434227331,1786435244.030115
2,4218,0.5537370443344116,0.41002338435374147,1786435244.117774
2,4219,0.4245607256889343,0.4101910828025478,1786435244.2078524
2,4220,0.6489125490188599,0.4099342663273961,1786435244.2996838
2,4221,0.42058372497558594,0.41004870817450234,1786435244.3885906
2,4222,0.526685893535614,0.40995135363790186,1786435244.4880745
2,4223,0.33549222350120544,0.4102239121250528,1786435244.585505
2,4224,0.5239563584327698,0.4102320675105485,1786435244.679713
2,4225,0.829178512096405,0.40997682258744206,1786435244.7791893
2,4226,0.5036939978599548,0.4099326599326599,1786435244.8748193
2,4227,0.43671754002571106,0.41020386717108026,1786435244.9633093
2,4228,0.3742765486240387,0.4104219143576826,1786435245.0507305
2,4229,0.5371853113174438,0.41032494758909854,1786435245.1499214
2,4230,0.5096278190612793,0.4105422948073702,1786435245.238646
2,4231,0.5086187124252319,0.41044542032622333,1786435245.3275638
2,4232,0.6785581111907959,0.4105054302422724,1786435245.4170873
2,4233,0.7330785989761353,0.41040884438881936,1786435245.5064592
2,4234,0.48779237270355225,0.41052083333333333,1786435245.596389
2,4235,0.3784085810184479,0.4103204327923429,1786435245.686448
2,4236,0.44415968656539917,0.41032834580216127,1786435245.7753367
2,4237,0.5158571004867554,0.41044001660440016,1786435245.865105
2,4238,0.5177372694015503,0.4105514096185738,1786435245.9553916
2,4239,0.5813035368919373,0.41045548654244307,1786435246.0458875
2,4240,0.46552544832229614,0.4099979321753515,1786435246.1356552
2,4241,0.511597752571106,0.41026435357290375,1786435246.229474
2,4242,0.47944971919059753,0.4104785478547855,1786435246.3183396
2,4243,0.36252743005752563,0.4107437165224557,1786435246.407428
2,4244,0.5746775269508362,0.4108539094650206,1786435246.4988155
2,4245,0.44379961490631104,0.41101520756267984,1786435246.5906873
2,4246,0.7067232131958008,0.41061165845648606,1786435246.6825807
2,4247,0.38403981924057007,0.4106191061910619,1786435246.7720983
2,4248,0.48057255148887634,0.41067772317772316,1786435246.8615253
2,4249,0.4078572392463684,0.41037832310838446,1786435246.9551113
2,4250,0.3770461082458496,0.41048815359477125,1786435247.0476449
2,4251,0.4769248962402344,0.4100877192982456,1786435247.1435018
2,4252,0.34239453077316284,0.4102485737571312,1786435247.2492626
2,4253,0.6714015007019043,0.4104090354090354,1786435247.356616
2,4254,0.4084376394748688,0.41036585365853656,1786435247.4511225
2,4255,0.469073086977005,0.410119772634998,1786435247.5474734
2,4256,0.5679365396499634,0.409823600973236,1786435247.6551337
2,4257,0.5161343216896057,0.4095787768327258,1786435247.7488468
2,4258,0.5707314610481262,0.4096379449838188,1786435247.851043
2,4259,0.4766654670238495,0.40954545454545455,1786435247.945602
2,4260,0.6711763739585876,0.4095540758676352,1786435248.041561
2,4261,0.5052515864372253,0.4096130592503023,1786435248.143288
2,4262,0.3726602792739868,0.41002415458937197,1786435248.2397723
2,4263,0.6327924728393555,0.4100824286288701,1786435248.3392816
2,4264,0.7631072998046875,0.40998995983935743,1786435248.4340656
2,4265,0.5094932317733765,0.409997994384276,1786435248.5246756
2,4266,0.4093729257583618,0.4101061698717949,1786435248.6218681
2,4267,0.48939648270606995,0.4101640656262505,1786435248.710984
2,4268,0.40317580103874207,0.40997202238209435,1786435248.8011003
2,4269,0.4150417447090149,0.41022954091816366,1786435248.8923786
2,4270,0.5586472749710083,0.4102372408293461,1786435248.9817421
2,4271,0.4950060248374939,0.4103942652329749,1786435249.0705988
2,4272,0.5262249112129211,0.4103520286396181,1786435249.1602352
2,4273,0.48347657918930054,0.41060786650774733,1786435249.2571557
2,4274,0.42741715908050537,0.4108630952380952,1786435249.3469803
2,4275,0.5488957166671753,0.4111672611969877,1786435249.4370074
2,4276,0.5665836334228516,0.41092636579572445,1786435249.5269928
2,4277,0.4499901533126831,0.411081455120601,1786435249.61588
2,4278,0.6716837286949158,0.410989336492891,1786435249.7064593
2,4279,0.5185319781303406,0.411094674556213,1786435249.7967267
2,4280,0.5989813804626465,0.41095350669818753,1786435249.8856976
2,4281,0.5669264793395996,0.41076347894529713,1786435249.975495
2,4282,0.3446371555328369,0.4109178459119497,1786435250.0648708
2,4283,0.35790184140205383,0.410924617196702,1786435250.1537023
2,4284,0.573586106300354,0.4108823529411765,1786435250.2434442
2,4285,0.5895550847053528,0.4109870740305523,1786435250.3333657
2,4286,0.6475228071212769,0.4107492175273865,1786435250.4226494
2,4287,0.6485379934310913,0.4104630715123095,1786435250.5134356
2,4288,0.38886550068855286,0.41081186572989853,1786435250.6021717
2,4289,0.45574474334716797,0.41091617933723196,1786435250.6910906
2,4290,0.3743440806865692,0.41063084112149534,1786435250.779619
2,4291,0.5970149636268616,0.41068650330610657,1786435250.8675952
2,4292,0.5934045314788818,0.410499222999223,1786435250.95621
2,4293,0.5508809089660645,0.41011835467597985,1786435251.0446787
2,4294,0.4466254711151123,0.41027131782945736,1786435251.1322134
2,4295,0.44183775782585144,0.4103271389856756,1786435251.2212927
2,4296,0.4151967763900757,0.4101894818252127,1786435251.3091161
2,4297,0.39475834369659424,0.41024526844341447,1786435251.3969176
2,4298,0.5423462986946106,0.41005979938271603,1786435251.4852245
2,4299,0.5233526229858398,0.41021194605009637,1786435251.5737503
2,4300,0.6428199410438538,0.4099788298691301,1786435251.664383
2,4301,0.4722093939781189,0.41013071895424835,1786435251.7510388
2,4302,0.5427945852279663,0.41013824884792627,1786435251.8378708
2,4303,0.3613157272338867,0.41028960490985805,1786435251.9240987
2,4304,0.581108570098877,0.4103448275862069,1786435252.010242
2,4305,0.4412476718425751,0.41001722158438575,1786435252.0978415
2,4306,0.39872267842292786,0.40969036697247707,1786435252.1850374
2,4307,0.3827328085899353,0.40984154257350136,1786435252.2722538
2,4308,0.6138916015625,0.40994469870327993,1786435252.3594043
2,4309,0.33893904089927673,0.4101904761904762,1786435252.445877
2,4310,0.5217639803886414,0.4101978691019787,1786435252.5320976
2,4311,0.38120129704475403,0.41001520334473585,1786435252.6190913
2,4312,0.569270133972168,0.409832953682612,1786435252.7064261
2,4313,0.3783978223800659,0.40984072810011374,1786435252.7927878
2,4314,0.3795837163925171,0.4095170454545455,1786435252.8800297
2,4315,0.6685202717781067,0.40938327657964435,1786435252.9679475
2,4316,0.485440731048584,0.4093442932728647,1786435253.0553076
2,4317,0.4768845736980438,0.4094469611174028,1786435253.141866
2,4318,0.4401187300682068,0.4093608597285068,1786435253.2281911
2,4319,0.5425009727478027,0.4092749529190207,1786435253.3152995
2,4320,0.340829074382782,0.40956546275395034,1786435253.403165
2,4321,0.3376768231391907,0.4096674182638106,1786435253.490312
3,4322,0.33829525113105774,0.625,1786435259.6667254
3,4323,0.61478191614151,0.3958333333333333,1786435259.768433
3,4324,0.42831289768218994,0.4166666666666667,1786435259.8706112
3,4325,0.5543295741081238,0.3333333333333333,1786435259.9773366
3,4326,0.3197140693664551,0.375,1786435260.0786402
3,4327,0.37696051597595215,0.4166666666666667,1786435260.18452
3,4328,0.4899210035800934,0.4166666666666667,1786435260.2755387
3,4329,0.5865986943244934,0.4375,1786435260.3687112
3,4330,0.7191956639289856,0.4444444444444444,1786435260.4615164
3,4331,0.5190776586532593,0.44166666666666665,1786435260.5694633
3,4332,0.5896969437599182,0.4166666666666667,1786435260.6688933
3,4333,0.5925136804580688,0.3888888888888889,1786435260.7599952
3,4334,0.4462820291519165,0.38782051282051283,1786435260.8580968
3,4335,0.48252928256988525,0.4017857142857143,1786435260.9457877
3,4336,0.4691256880760193,0.4027777777777778,1786435261.034784
3,4337,0.4621289372444153,0.40625,1786435261.1225567
3,4338,0.3543761372566223,0.4166666666666667,1786435261.210109
3,4339,0.43725070357322693,0.41435185185185186,1786435261.298375
3,4340,0.4701102674007416,0.41885964912280704,1786435261.3864183
3,4341,0.4737141728401184,0.41875,1786435261.474509
3,4342,0.40661025047302246,0.4226190476190476,1786435261.5642428
3,4343,0.664103627204895,0.42803030303030304,1786435261.6538908
3,4344,0.6217504143714905,0.4311594202898551,1786435261.7426116
3,4345,0.3779970407485962,0.4392361111111111,1786435261.8306212
3,4346,0.5246639847755432,0.44,1786435261.9186575
3,4347,0.449741393327713,0.4342948717948718,1786435262.0078428
3,4348,0.7561347484588623,0.42901234567901236,1786435262.09625
3,4349,0.5146599411964417,0.4226190476190476,1786435262.186006
3,4350,0.4033644199371338,0.4166666666666667,1786435262.274828
3,4351,0.5956931114196777,0.41388888888888886,1786435262.364382
3,4352,0.41239649057388306,0.4206989247311828,1786435262.4523234
3,4353,0.38258737325668335,0.4322916666666667,1786435262.5408423
3,4354,0.5054639577865601,0.42676767676767674,1786435262.6293974
3,4355,0.6066115498542786,0.41911764705882354,1786435262.71782
3,4356,0.6453037858009338,0.42023809523809524,1786435262.8069618
3,4357,0.48908179998397827,0.42476851851851855,1786435262.8952427
3,4358,0.4279254674911499,0.42567567567567566,1786435262.9887986
3,4359,0.4722418487071991,0.42653508771929827,1786435263.0777526
3,4360,0.5118824243545532,0.42094017094017094,1786435263.166277
3,4361,0.5059536099433899,0.425,1786435263.2545168
3,4362,0.4260542690753937,0.4247967479674797,1786435263.343588
3,4363,0.49591290950775146,0.42857142857142855,1786435263.431775
3,4364,0.4112429916858673,0.43410852713178294,1786435263.5207381
3,4365,0.39271506667137146,0.4318181818181818,1786435263.6105096
3,4366,0.41649946570396423,0.42777777777777776,1786435263.6994936
3,4367,0.41658031940460205,0.4302536231884058,1786435263.7872946
3,4368,0.5695441365242004,0.42730496453900707,1786435263.8755379
3,4369,0.612484872341156,0.4253472222222222,1786435263.9642062
3,4370,0.45340463519096375,0.42857142857142855,1786435264.0522773
3,4371,0.4471732974052429,0.42333333333333334,1786435264.14726
3,4372,0.4294240474700928,0.42401960784313725,1786435264.236046
3,4373,0.45859795808792114,0.42948717948717946,1786435264.324781
3,4374,0.5150583386421204,0.42845911949685533,1786435264.4134994
3,4375,0.41145509481430054,0.4305555555555556,1786435264.5024695
3,4376,0.4717012941837311,0.4318181818181818,1786435264.601602
3,4377,0.40961113572120667,0.43154761904761907,1786435264.6933973
3,4378,0.4576341509819031,0.4342105263157895,1786435264.785228
3,4379,0.5028852820396423,0.4331896551724138,1786435264.8763993
3,4380,0.5534695982933044,0.4314971751412429,1786435264.9758582
3,4381,0.451668918132782,0.4361111111111111,1786435265.0676236
3,4382,0.4274851679801941,0.43920765027322406,1786435265.1667855
3,4383,0.4855000674724579,0.43951612903225806,1786435265.256903
3,4384,0.633025050163269,0.43915343915343913,1786435265.3494658
3,4385,0.56820148229599,0.4401041666666667,1786435265.4509997
3,4386,0.5173559784889221,0.43846153846153846,1786435265.5452127
3,4387,0.48073115944862366,0.4393939393939394,1786435265.6409435
3,4388,0.41657570004463196,0.44092039800995025,1786435265.7370605
3,4389,0.5689114332199097,0.4387254901960784,1786435265.8338575
3,4390,0.3973587155342102,0.44021739130434784,1786435265.9320073
3,4391,0.49337732791900635,0.4380952380952381,1786435266.021582
3,4392,0.506496250629425,0.43603286384976525,1786435266.120774
3,4393,0.3792259097099304,0.43460648148148145,1786435266.218514
3,4394,0.4620145559310913,0.4349315068493151,1786435266.3060696
3,4395,0.47350019216537476,0.43186936936936937,1786435266.3964639
3,4396,0.4818461537361145,0.42777777777777776,1786435266.4867184
3,4397,0.6342716217041016,0.42489035087719296,1786435266.5858684
3,4398,0.42195555567741394,0.42694805194805197,1786435266.673968
3,4399,0.4156178832054138,0.42788461538461536,1786435266.7632518
3,4400,0.6453151106834412,0.42616033755274263,1786435266.8517923
3,4401,0.4626704156398773,0.428125,1786435266.945613
3,4402,0.34881240129470825,0.4243827160493827,1786435267.033958
3,4403,0.5794223546981812,0.42073170731707316,1786435267.1233077
3,4404,0.5391418933868408,0.42018072289156627,1786435267.2123482
3,4405,0.4998074173927307,0.42063492063492064,1786435267.3003492
3,4406,0.40716028213500977,0.42058823529411765,1786435267.388085
3,4407,0.38458070158958435,0.42296511627906974,1786435267.4769342
3,4408,0.46427690982818604,0.4238505747126437,1786435267.565339
3,4409,0.4604904353618622,0.42329545454545453,1786435267.6538148
3,4410,0.4546653628349304,0.4241573033707865,1786435267.7418003
3,4411,0.44484391808509827,0.425,1786435267.8291814
3,4412,0.4735945463180542,0.4217032967032967,1786435267.9178545
3,4413,0.37410932779312134,0.422554347826087,1786435268.0055063
3,4414,0.6118513941764832,0.4211469534050179,1786435268.0944521
3,4415,0.5557672381401062,0.4175531914893617,1786435268.1831667
3,4416,0.5442503094673157,0.41535087719298247,1786435268.2733505
3,4417,0.3694366216659546,0.4175347222222222,1786435268.3618352
3,4418,0.45109856128692627,0.41881443298969073,1786435268.450361
3,4419,0.5861402750015259,0.41836734693877553,1786435268.538742
3,4420,0.46731051802635193,0.414983164983165,1786435268.6276686
3,4421,0.5113574266433716,0.41375,1786435268.7158148
3,4422,0.45218583941459656,0.41542904290429045,1786435268.8053615
3,4423,0.3824901282787323,0.41625816993464054,1786435268.8934183
3,4424,0.4466696083545685,0.41707119741100324,1786435268.9836786
3,4425,0.4459882974624634,0.4166666666666667,1786435269.0764034
3,4426,0.491386353969574,0.41785714285714287,1786435269.1695573
3,4427,0.6427544951438904,0.4166666666666667,1786435269.2584782
3,4428,0.4286019802093506,0.41705607476635514,1786435269.3510346
3,4429,0.36635905504226685,0.41782407407407407,1786435269.450174
3,4430,0.41115671396255493,0.4181957186544342,1786435269.5379357
3,4431,0.5524760484695435,0.41515151515151516,1786435269.6280925
3,4432,0.5842503309249878,0.4147897897897898,1786435269.7160075
3,4433,0.33615097403526306,0.41517857142857145,1786435269.8046677
3,4434,0.6687927842140198,0.4133480825958702,1786435269.893257
3,4435,0.43595248460769653,0.4144736842105263,1786435269.9815767
3,4436,0.4210989773273468,0.4166666666666667,1786435270.0704024
3,4437,0.4475708305835724,0.4170258620689655,1786435270.1591601
3,4438,0.5043238401412964,0.41773504273504275,1786435270.2478359
3,4439,0.5421373248100281,0.419138418079096,1786435270.336558
3,4440,0.39795708656311035,0.41911764705882354,1786435270.4251282
3,4441,0.5510700941085815,0.4184027777777778,1786435270.5140207
3,4442,0.330824613571167,0.4190771349862259,1786435270.6018474
3,4443,0.4444999694824219,0.42042349726775957,1786435270.6905715
3,4444,0.5138208270072937,0.4203929539295393,1786435270.7800987
3,4445,0.5124772787094116,0.4213709677419355,1786435270.8697085
3,4446,0.3351133167743683,0.422,1786435270.9584067
3,4447,0.5444148778915405,0.4209656084656085,1786435271.0546706
3,4448,0.4051635265350342,0.42191601049868765,1786435271.1507149
3,4449,0.6833664178848267,0.4202473958333333,1786435271.2452173
3,4450,0.5060082077980042,0.4208656330749354,1786435271.3405623
3,4451,0.3979930281639099,0.42115384615384616,1786435271.4380739
3,4452,0.5723000764846802,0.4211195928753181,1786435271.5349414
3,4453,0.42642924189567566,0.42266414141414144,1786435271.6309774
3,4454,0.3453175723552704,0.4232456140350877,1786435271.7218435
3,4455,0.4035061001777649,0.4222636815920398,1786435271.8221018
3,4456,0.4031541645526886,0.42345679012345677,1786435271.9117618
3,4457,0.5414356589317322,0.4212622549019608,1786435272.0012002
3,4458,0.6976271271705627,0.42001216545012166,1786435272.0908368
3,4459,0.48748335242271423,0.41878019323671495,1786435272.1796134
3,4460,0.6205626130104065,0.41786570743405277,1786435272.269462
3,4461,0.45351460576057434,0.41904761904761906,1786435272.3576643
3,4462,0.4390464425086975,0.41962174940898345,1786435272.445937
3,4463,0.522021472454071,0.41960093896713613,1786435272.5387707
3,4464,0.41688472032546997,0.4201631701631702,1786435272.627233
3,4465,0.42213159799575806,0.41898148148148145,1786435272.7168896
3,4466,0.5165510177612305,0.417816091954023,1786435272.808515
3,4467,0.5454820394515991,0.41837899543379,1786435272.9002388
3,4468,0.4595249891281128,0.41865079365079366,1786435272.9905808
3,4469,0.5936744213104248,0.41920045045045046,1786435273.082863
3,4470,0.5537300705909729,0.41694630872483224,1786435273.1720543
3,4471,0.5417143702507019,0.41638888888888886,1786435273.2599556
3,4472,0.44450029730796814,0.4166666666666667,1786435273.3577964
3,4473,0.4457342028617859,0.41776315789473684,1786435273.4458663
3,4474,0.4310629665851593,0.41830065359477125,1786435273.5425653
3,4475,0.5373797416687012,0.41883116883116883,1786435273.6317954
3,4476,0.38818636536598206,0.41693548387096774,1786435273.7246814
3,4477,0.41473838686943054,0.41800213675213677,1786435273.8160646
3,4478,0.5778497457504272,0.4182590233545648,1786435273.9156358
3,4479,0.45832908153533936,0.4177215189873418,1786435274.0054328
3,4480,0.39935192465782166,0.4190251572327044,1786435274.1030447
3,4481,0.48881736397743225,0.41796875,1786435274.2023034
3,4482,0.5272346138954163,0.41718426501035194,1786435274.2922945
3,4483,0.5748923420906067,0.4158950617283951,1786435274.3892632
3,4484,0.45857521891593933,0.4158997955010225,1786435274.4772968
3,4485,0.4118315577507019,0.4171747967479675,1786435274.5675254
3,4486,0.5751936435699463,0.4161616161616162,1786435274.6579914
3,4487,0.41444888710975647,0.4171686746987952,1786435274.746933
3,4488,0.44881492853164673,0.41791417165668665,1786435274.8365014
3,4489,0.4648135304450989,0.4181547619047619,1786435274.929555
3,4490,0.44947493076324463,0.4188856015779093,1786435275.0215735
3,4491,0.4554084241390228,0.4193627450980392,1786435275.11155
3,4492,0.4674420952796936,0.41885964912280704,1786435275.2017696
3,4493,0.3810500204563141,0.4181201550387597,1786435275.290873
3,4494,0.49402371048927307,0.4166666666666667,1786435275.3829696
3,4495,0.4223472774028778,0.4169061302681992,1786435275.47614
3,4496,0.5955722332000732,0.4169047619047619,1786435275.5690544
3,4497,0.43852943181991577,0.4159564393939394,1786435275.6603122
3,4498,0.6312782168388367,0.4150188323917137,1786435275.7504768
3,4499,0.46222203969955444,0.41596441947565543,1786435275.8400018
3,4500,0.5054750442504883,0.41480446927374304,1786435275.9292068
3,4501,0.6895321011543274,0.41412037037037036,1786435276.017877
3,4502,0.5409058332443237,0.4132136279926335,1786435276.1065967
3,4503,0.42868679761886597,0.41346153846153844,1786435276.1943583
3,4504,0.7284115552902222,0.4127959927140255,1786435276.2817225
3,4505,0.5461511015892029,0.4123641304347826,1786435276.3701127
3,4506,0.5143674612045288,0.4126126126126126,1786435276.457742
3,4507,0.4368463456630707,0.4128584229390681,1786435276.5452728
3,4508,0.415439248085022,0.4128787878787879,1786435276.6328712
3,4509,0.5655250549316406,0.4120124113475177,1786435276.7218297
3,4510,0.4709964692592621,0.4124779541446208,1786435276.810195
3,4511,0.3572477698326111,0.4144736842105263,1786435276.899547
3,4512,0.4950113892555237,0.4151396160558464,1786435276.9877656
3,4513,0.4434833228588104,0.4151475694444444,1786435277.0756443
3,4514,0.5006049275398254,0.41429188255613125,1786435277.1651661
3,4515,0.4350246787071228,0.41451890034364264,1786435277.253558
3,4516,0.6586982011795044,0.41388888888888886,1786435277.34244
3,4517,0.48904895782470703,0.4139030612244898,1786435277.4302099
3,4518,0.520732581615448,0.4143401015228426,1786435277.5185533
3,4519,0.4276084303855896,0.41414141414141414,1786435277.6085618
3,4520,0.6027802228927612,0.41457286432160806,1786435277.7009103
3,4521,0.42838484048843384,0.41520833333333335,1786435277.7926314
3,4522,0.3308248221874237,0.41645936981757875,1786435277.883426
3,4523,0.5274325013160706,0.41707920792079206,1786435277.9722042
3,4524,0.3507717251777649,0.4178981937602627,1786435278.0612638
3,4525,0.38606706261634827,0.4187091503267974,1786435278.149076
3,4526,0.4293610155582428,0.4193089430894309,1786435278.2399275
3,4527,0.45270001888275146,0.42010517799352753,1786435278.3312435
3,4528,0.5302633047103882,0.42069243156199676,1786435278.4223933
3,4529,0.5004540681838989,0.42107371794871795,1786435278.5118012
3,4530,0.4556073546409607,0.41985645933014354,1786435278.6002605
3,4531,0.6669038534164429,0.41884920634920636,1786435278.6943164
3,4532,0.5353302955627441,0.41962875197472355,1786435278.782798
3,4533,0.5616843104362488,0.41882861635220126,1786435278.8743176
3,4534,0.4139567017555237,0.4192097026604069,1786435278.9652102
3,4535,0.5290887951850891,0.4182242990654206,1786435279.0570445
3,4536,0.6554811596870422,0.41821705426356587,1786435279.1458788
3,4537,0.4024208188056946,0.4176311728395062,1786435279.2335324
3,4538,0.43805432319641113,0.41685867895545314,1786435279.3219159
3,4539,0.3873555064201355,0.4176223241590214,1786435279.4114506
3,4540,0.39097657799720764,0.4185692541856925,1786435279.5025704
3,4541,0.5004929304122925,0.4191287878787879,1786435279.5930796
3,4542,0.608629047870636,0.41911764705882354,1786435279.68327
3,4543,0.583789587020874,0.42004504504504503,1786435279.771721
3,4544,0.518420398235321,0.4200298953662182,1786435279.8616257
3,4545,0.4443214535713196,0.42001488095238093,1786435279.9509633
3,4546,0.34729063510894775,0.4211111111111111,1786435280.0437229
3,4547,0.4475775361061096,0.42109144542772864,1786435280.136369
3,4548,0.6480081081390381,0.42033773861967694,1786435280.2290165
3,4549,0.5780272483825684,0.4199561403508772,1786435280.3205645
3,4550,0.4599989354610443,0.4193959243085881,1786435280.4210367
3,4551,0.49135223031044006,0.41956521739130437,1786435280.5092652
3,4552,0.38422080874443054,0.4199134199134199,1786435280.5996754
3,4553,0.5541934370994568,0.42061781609195403,1786435280.6915174
3,4554,0.6639038920402527,0.4198855507868383,1786435280.7910023
3,4555,0.362545371055603,0.4205840455840456,1786435280.8857522
3,4556,0.48616182804107666,0.42021276595744683,1786435280.9787743
3,4557,0.37631216645240784,0.4210805084745763,1786435281.0705225
3,4558,0.4620855450630188,0.4210618846694796,1786435281.168632
3,4559,0.4237423837184906,0.4210434173669468,1786435281.26696
3,4560,0.5204164981842041,0.4201534170153417,1786435281.3605368
3,4561,0.39582350850105286,0.4204861111111111,1786435281.4608386
3,4562,0.5594922304153442,0.4211618257261411,1786435281.5492022
3,4563,0.5664874911308289,0.42131542699724517,1786435281.6402419
3,4564,0.5359070301055908,0.42146776406035663,1786435281.7291875
3,4565,0.4152882397174835,0.4224726775956284,1786435281.8278582
3,4566,0.6301417946815491,0.4215986394557823,1786435281.92698
3,4567,0.37540653347969055,0.4222560975609756,1786435282.0185025
3,4568,0.48915714025497437,0.4225708502024291,1786435282.1161203
3,4569,0.5717282891273499,0.4227150537634409,1786435282.2042434
3,4570,0.44253838062286377,0.42352744310575635,1786435282.2954404
3,4571,0.3542967438697815,0.423,1786435282.3859513
3,4572,0.47043585777282715,0.42297476759628155,1786435282.487062
3,4573,0.5396305918693542,0.42212301587301587,1786435282.578954
3,4574,0.39292609691619873,0.4224308300395257,1786435282.6700573
3,4575,0.6529442071914673,0.42191601049868765,1786435282.7696989
3,4576,0.4379900395870209,0.4223856209150327,1786435282.8676198
3,4577,0.5019587874412537,0.4220377604166667,1786435282.9658606
3,4578,0.39710551500320435,0.42282749675745784,1786435283.066625
3,4579,0.4997267723083496,0.42151162790697677,1786435283.1588218
3,4580,0.7246841192245483,0.42133204633204635,1786435283.258119
3,4581,0.4667937755584717,0.42131410256410257,1786435283.354039
3,4582,0.5276257395744324,0.421455938697318,1786435283.4438725
3,4583,0.5197494626045227,0.4219147582697201,1786435283.5419219
3,4584,0.529066801071167,0.4225285171102662,1786435283.6340003
3,4585,0.41838502883911133,0.42297979797979796,1786435283.7314506
3,4586,0.3694457709789276,0.4221698113207547,1786435283.8198738
3,4587,0.35255804657936096,0.42293233082706766,1786435283.9179614
3,4588,0.3812299370765686,0.4235330836454432,1786435284.0071747
3,4589,0.4738350808620453,0.4230410447761194,1786435284.1088781
3,4590,0.3271285593509674,0.4239467162329616,1786435284.2009954
3,4591,0.4360268712043762,0.4228395061728395,1786435284.2941074
3,4592,0.4545310139656067,0.42281672816728166,1786435284.3898032
3,4593,0.4366206228733063,0.4227941176470588,1786435284.4775453
3,4594,0.47744929790496826,0.42277167277167277,1786435284.5671237
3,4595,0.33895182609558105,0.4233576642335766,1786435284.6559489
3,4596,0.48460662364959717,0.42348484848484846,1786435284.75287
3,4597,0.5040568709373474,0.42436594202898553,1786435284.8410616
3,4598,0.4037182927131653,0.42524067388688325,1786435284.9417186
3,4599,0.5328869223594666,0.4255095923261391,1786435285.0303957
3,4600,0.5716785788536072,0.42458183990442055,1786435285.1210828
3,4601,0.5315009951591492,0.4245535714285714,1786435285.2091413
3,4602,0.4117976427078247,0.423932384341637,1786435285.305923
3,4603,0.5368385910987854,0.4240543735224586,1786435285.3935125
3,4604,0.3566557765007019,0.424469964664311,1786435285.4868033
3,4605,0.400716096162796,0.42356220657276994,1786435285.58497
3,4606,0.5220924019813538,0.4236842105263158,1786435285.677046
3,4607,0.47178155183792114,0.4227855477855478,1786435285.7661908
3,4608,0.3152979016304016,0.42334494773519166,1786435285.8564346
3,4609,0.4882974624633789,0.4230324074074074,1786435285.948808
3,4610,0.687671422958374,0.42315455594002305,1786435286.0380695
3,4611,0.4103618860244751,0.4228448275862069,1786435286.131769
3,4612,0.5176993012428284,0.42239404352806414,1786435286.2205076
3,4613,0.6472675204277039,0.4229452054794521,1786435286.3095956
3,4614,0.627988338470459,0.42306598407281,1786435286.3987079
3,4615,0.5362585783004761,0.423327664399093,1786435286.4881501
3,4616,0.4516499638557434,0.4230225988700565,1786435286.5756402
3,4617,0.4576013684272766,0.42201576576576577,1786435286.6649287
3,4618,0.4372667372226715,0.4214365881032548,1786435286.757827
3,4619,0.33978378772735596,0.4217002237136465,1786435286.8464222
3,4620,0.47608673572540283,0.42168338907469344,1786435286.934837
3,4621,0.4668853282928467,0.42138888888888887,1786435287.023908
3,4622,0.41481685638427734,0.421234772978959,1786435287.1118677
3,4623,0.5850393772125244,0.42066777041942605,1786435287.2011006
3,4624,0.4643736481666565,0.4207920792079208,1786435287.2888415
3,4625,0.3496658504009247,0.42160087719298245,1786435287.3768983
3,4626,0.44186174869537354,0.42240437158469946,1786435287.4648042
3,4627,0.4480452239513397,0.42224945533769065,1786435287.5524375
3,4628,0.3519509434700012,0.4229098805646037,1786435287.6403615
3,4629,0.4194452464580536,0.4218073593073593,1786435287.7294872
3,4630,0.7451037764549255,0.42125134843581447,1786435287.8221385
3,4631,0.34329459071159363,0.4220430107526882,1786435287.9139273
3,4632,0.4561680555343628,0.42189174705251875,1786435288.0060434
3,4633,0.47588998079299927,0.421474358974359,1786435288.0992343
3,4634,0.41546809673309326,0.4221246006389776,1786435288.1897013
3,4635,0.43693870306015015,0.4229033970276008,1786435288.285461
3,4636,0.5645929574966431,0.42288359788359786,1786435288.3749912
3,4637,0.578014075756073,0.42325949367088606,1786435288.4640079
3,4638,0.4722546935081482,0.42323869610935855,1786435288.5526917
3,4639,0.443949818611145,0.42321802935010483,1786435288.6408281
3,4640,0.2852885127067566,0.422675026123302,1786435288.7291229
3,4641,0.3800521492958069,0.423046875,1786435288.8173335
3,4642,0.38162434101104736,0.4234164070612669,1786435288.9050927
3,4643,0.4459790587425232,0.42274844720496896,1786435288.9937565
3,4644,0.45455506443977356,0.4227296181630547,1786435289.0812201
3,4645,0.37950533628463745,0.4218106995884774,1786435289.1696982
3,4646,0.4292012155056,0.42128205128205126,1786435289.2584994
3,4647,0.5816757678985596,0.42037321063394684,1786435289.3481097
3,4648,0.3720285892486572,0.4207441386340469,1786435289.4358685
3,4649,0.8483545780181885,0.42022357723577236,1786435289.5247211
3,4650,0.5255415439605713,0.4204660587639311,1786435289.612436
3,4651,0.49906185269355774,0.42083333333333334,1786435289.7015874
3,4652,0.7613356709480286,0.4204431017119839,1786435289.7910306
3,4653,0.47043299674987793,0.42055722891566266,1786435289.8788311
3,4654,0.6110420227050781,0.42017017017017017,1786435289.967617
3,4655,0.40718314051628113,0.42015968063872255,1786435290.056332
3,4656,0.4939737319946289,0.4205223880597015,1786435290.1448317
3,4657,0.3510269522666931,0.42075892857142855,1786435290.2330236
3,4658,0.5760020613670349,0.42074678536102866,1786435290.3219402
3,4659,0.5005308389663696,0.41999506903353057,1786435290.4105554
3,4660,0.6825430393218994,0.42035398230088494,1786435290.4997005
3,4661,0.4373290240764618,0.4207107843137255,1786435290.5888405
3,4662,0.40502628684043884,0.4211876832844575,1786435290.6778512
3,4663,0.37489888072013855,0.4212962962962963,1786435290.7658768
3,4664,0.7993571758270264,0.42091836734693877,1786435290.8556185
3,4665,0.3418848216533661,0.41981589147286824,1786435290.9452546
3,4666,0.4180859327316284,0.4196859903381642,1786435291.034314
3,4667,0.3777444362640381,0.42003853564547206,1786435291.1239614
3,4668,0.4027201235294342,0.420028818443804,1786435291.2169204
3,4669,0.4692978858947754,0.4193007662835249,1786435291.3077047
3,4670,0.3825507164001465,0.42012893982808025,1786435291.3982394
3,4671,0.46296411752700806,0.4205952380952381,1786435291.4859743
3,4672,0.5106305480003357,0.42094017094017094,1786435291.5807726
3,4673,0.3470626473426819,0.4211647727272727,1786435291.6741192
3,4674,0.37799641489982605,0.42162417374881966,1786435291.766683
3,4675,0.4552758038043976,0.4220809792843691,1786435291.857627
3,4676,0.5481196045875549,0.42241784037558683,1786435291.94872
3,4677,0.45641112327575684,0.4220505617977528,1786435292.037723
3,4678,0.5420603156089783,0.4219187675070028,1786435292.126439
3,4679,0.4428751468658447,0.42248603351955305,1786435292.2199395
3,4680,0.5466011166572571,0.4221216341689879,1786435292.3130832
3,4681,0.41152966022491455,0.42291666666666666,1786435292.4062667
3,4682,0.5541209578514099,0.4224376731301939,1786435292.4993773
3,4683,0.4348567724227905,0.4228821362799263,1786435292.5912752
3,4684,0.41860994696617126,0.4221763085399449,1786435292.6836395
3,4685,0.48581692576408386,0.42181776556776557,1786435292.7770731
3,4686,0.6602612733840942,0.42134703196347034,1786435292.8693602
3,4687,0.8406760692596436,0.4213342440801457,1786435292.9618685
3,4688,0.538925051689148,0.42120799273387827,1786435293.0535307
3,4689,0.43634483218193054,0.4214221014492754,1786435293.1460652
3,4690,0.35206666588783264,0.4218608852755194,1786435293.2379768
3,4691,0.56519615650177,0.4222972972972973,1786435293.329485
3,4692,0.47951602935791016,0.4226190476190476,1786435293.4209108
3,4693,0.49039512872695923,0.42226702508960573,1786435293.5139863
3,4694,0.6414551734924316,0.4215817694369973,1786435293.6068282
3,4695,0.7346398830413818,0.42101158645276293,1786435293.7004387
3,4696,0.40777289867401123,0.42177777777777775,1786435293.7964187
3,4697,0.4474013149738312,0.420988475177305,1786435293.8907788
3,4698,0.44534093141555786,0.4203138815207781,1786435293.9946203
3,4699,0.41678816080093384,0.4203042328042328,1786435294.0937624
3,4700,0.39777064323425293,0.4204045734388742,1786435294.186589
3,4701,0.37993481755256653,0.4207236842105263,1786435294.283978
3,4702,0.47634410858154297,0.4200568678915136,1786435294.3786852
3,4703,0.48298680782318115,0.42026614310645727,1786435294.4713566
3,4704,0.41780251264572144,0.42036553524804177,1786435294.5640104
3,4705,0.4230650067329407,0.4205729166666667,1786435294.656565
3,4706,0.45304906368255615,0.42077922077922075,1786435294.7500997
3,4707,0.5366936922073364,0.41990500863557856,1786435294.853801
3,4708,0.4054798483848572,0.4201119724375538,1786435294.9594386
3,4709,0.4083254635334015,0.41978092783505155,1786435295.0537536
3,4710,0.44210946559906006,0.4200942587832048,1786435295.1524792
3,4711,0.5372315645217896,0.4200854700854701,1786435295.2463152
3,4712,0.43985646963119507,0.42028985507246375,1786435295.3415978
3,4713,0.3837119936943054,0.42070578231292516,1786435295.44326
3,4714,0.3891167640686035,0.4201653944020356,1786435295.55015
3,4715,0.46674495935440063,0.41983925549915396,1786435295.642863
3,4716,0.6394266486167908,0.41930379746835444,1786435295.7378883
3,4717,0.42529964447021484,0.4187710437710438,1786435295.8335223
3,4718,0.4021754264831543,0.4188706968933669,1786435295.9273412
3,4719,0.4053429663181305,0.4185510887772194,1786435296.0242865
3,4720,0.42639246582984924,0.41854636591478694,1786435296.1168454
3,4721,0.365908682346344,0.4189583333333333,1786435296.2130425
3,4722,0.5829039812088013,0.41905652535328347,1786435296.3069248
3,4723,0.4238519072532654,0.41946517412935325,1786435296.400791
3,4724,0.4459012448787689,0.4198717948717949,1786435296.504394
3,4725,0.5763486623764038,0.41996699669966997,1786435296.6099055
3,4726,0.6055641770362854,0.41975308641975306,1786435296.7035797
3,4727,0.4285567104816437,0.41995073891625617,1786435296.79734
3,4728,0.5093151926994324,0.4202497952497953,1786435296.8900309
3,4729,0.44360455870628357,0.4206495098039216,1786435296.9836087
3,4730,0.5346266031265259,0.420639771801141,1786435297.0773294
3,4731,0.37539616227149963,0.4201219512195122,1786435297.1718903
3,4732,0.6543911695480347,0.4197080291970803,1786435297.2665622
3,4733,0.4753085672855377,0.41980177993527507,1786435297.3602898
3,4734,0.5910238027572632,0.4197941888619855,1786435297.4544783
3,4735,0.44714319705963135,0.4197866344605475,1786435297.5464468
3,4736,0.45860356092453003,0.41957831325301204,1786435297.6389854
3,4737,0.48551470041275024,0.4188701923076923,1786435297.732659
3,4738,0.4869711399078369,0.41906474820143885,1786435297.8252516
3,4739,0.3865569233894348,0.4194577352472089,1786435297.9179132
3,4740,0.37858933210372925,0.41915274463007157,1786435298.0121155
3,4741,0.4877157211303711,0.4191468253968254,1786435298.1056483
3,4742,0.4155905246734619,0.41943784639746634,1786435298.1985366
3,4743,0.5046963095664978,0.41903633491311215,1786435298.2921817
3,4744,0.611604630947113,0.41912923561859733,1786435298.3861873
3,4745,0.6774049401283264,0.4190251572327044,1786435298.4796348
3,4746,0.5118954181671143,0.4194117647058824,1786435298.5742373
3,4747,0.3670336604118347,0.4197965571205008,1786435298.6673186
3,4748,0.5100876688957214,0.41939890710382516,1786435298.7594488
3,4749,0.4910134971141815,0.41958722741433024,1786435298.8530428
3,4750,0.5581172704696655,0.4195804195804196,1786435298.945152
3,4751,0.40659138560295105,0.42005813953488375,1786435299.0467627
3,4752,0.5696582794189453,0.41947022428460945,1786435299.1405659
3,4753,0.557447612285614,0.4195601851851852,1786435299.2338006
3,4754,0.47424548864364624,0.419072363356428,1786435299.3270087
3,4755,0.46159398555755615,0.41945084485407064,1786435299.4203234
3,4756,0.5165042281150818,0.4190613026819923,1786435299.5137239
3,4757,0.6077134609222412,0.41867354740061163,1786435299.6068008
3,4758,0.3751559257507324,0.41924103737604884,1786435299.700341
3,4759,0.4686617851257324,0.4191400304414003,1786435299.7928143
3,4760,0.4881908893585205,0.4185649202733485,1786435299.8864663
3,4761,0.41100841760635376,0.41893939393939394,1786435299.9786882
3,4762,0.3674040734767914,0.41912320483749055,1786435300.0704322
3,4763,0.3711306154727936,0.4193061840120664,1786435300.1624749
3,4764,0.4497707486152649,0.4196764484574868,1786435300.2544224
3,4765,0.48358991742134094,0.4197635135135135,1786435300.3466353
3,4766,0.3897237479686737,0.4200374531835206,1786435300.4387505
3,4767,0.5773559808731079,0.4202167414050822,1786435300.5314846
3,4768,0.7305827140808105,0.4199291573452647,1786435300.6244948
3,4769,0.4673035442829132,0.4201078869047619,1786435300.7160478
3,4770,0.5222519636154175,0.4196362286562732,1786435300.8097825
3,4771,0.5285195112228394,0.4191666666666667,1786435300.9020667
3,4772,0.3715418875217438,0.41925351071692535,1786435300.9939723
3,4773,0.4638485014438629,0.41952433628318586,1786435301.086322
3,4774,0.6210159063339233,0.4197019867549669,1786435301.179324
3,4775,0.43494412302970886,0.4193281938325991,1786435301.2723062
3,4776,0.3822091817855835,0.4195054945054945,1786435301.3660557
3,4777,0.45055699348449707,0.4197733918128655,1786435301.4591978
3,4778,0.685104489326477,0.4197665937272064,1786435301.5515387
3,4779,0.603111743927002,0.41930494905385735,1786435301.6441886
3,4780,0.36079251766204834,0.4196623093681917,1786435301.7369843
3,4781,0.3887241780757904,0.41929347826086955,1786435301.8301942
3,4782,0.4450611174106598,0.4197396963123644,1786435301.92156
3,4783,0.3943195343017578,0.4198232323232323,1786435302.0126731
3,4784,0.6652926206588745,0.4191864650827934,1786435302.1057196
3,4785,0.44389525055885315,0.4189116379310345,1786435302.1978629
3,4786,0.6247431039810181,0.41863799283154124,1786435302.2920527
3,4787,0.3766762912273407,0.4180972818311874,1786435302.3850787
3,4788,0.4049113988876343,0.4181834403997145,1786435302.487129
3,4789,0.42281484603881836,0.4183582621082621,1786435302.5842085
3,4790,0.48484525084495544,0.4189765458422175,1786435302.67585
3,4791,0.46194523572921753,0.41843971631205673,1786435302.7693844
3,4792,0.4060972332954407,0.4190552016985138,1786435302.8609605
3,4793,0.37169820070266724,0.4193149717514124,1786435302.952305
3,4794,0.42002445459365845,0.41957364341085274,1786435303.050314
3,4795,0.3749854266643524,0.4200070323488045,1786435303.1425402
3,4796,0.37842223048210144,0.4205263157894737,1786435303.2362723
3,4797,0.5860471725463867,0.42043067226890757,1786435303.3412158
3,4798,0.4894028902053833,0.42051013277428373,1786435303.4393978
3,4799,0.4567033648490906,0.42067642956764295,1786435303.5381188
3,4800,0.4026721715927124,0.42066805845511485,1786435303.6402104
3,4801,0.574237585067749,0.4206597222222222,1786435303.7317305
3,4802,0.5469499230384827,0.4203915453915454,1786435303.8249538
3,4803,0.6418773531913757,0.4205567081604426,1786435303.9177892
3,4804,0.601436972618103,0.4204623878536922,1786435304.0119343
3,4805,0.4480622410774231,0.4203684573002755,1786435304.10619
3,4806,0.3908368945121765,0.420446735395189,1786435304.2038832
3,4807,0.43221452832221985,0.4207818930041152,1786435304.2964025
3,4808,0.542314887046814,0.42077344284736484,1786435304.3876019
3,4809,0.6156398057937622,0.42067964480874315,1786435304.4899151
3,4810,0.4927520751953125,0.4201601908657123,1786435304.5788352
3,4811,0.5378103256225586,0.4195578231292517,1786435304.6692858
3,4812,0.45896145701408386,0.41946707399864225,1786435304.7581153
3,4813,0.38584065437316895,0.41980013550135503,1786435304.856026
3,4814,0.5600570440292358,0.41979377958079783,1786435304.9534872
3,4815,0.4070337414741516,0.4191970310391363,1786435305.0434253
3,4816,0.45020294189453125,0.4193602693602694,1786435305.1408064
3,4817,0.6413482427597046,0.41935483870967744,1786435305.2394793
3,4818,0.6386139392852783,0.41901408450704225,1786435305.3305707
3,4819,0.3472585380077362,0.41934404283801874,1786435305.4297917
3,4820,0.38909971714019775,0.4196726786907148,1786435305.5176861
3,4821,0.3584405481815338,0.42,1786435305.616009
3,4822,0.3392804265022278,0.4203260146373919,1786435305.704108
3,4823,0.4436711370944977,0.42073373173970785,1786435305.8042257
3,4824,0.6823484897613525,0.4203943008614977,1786435305.902412
3,4825,0.44759437441825867,0.42038690476190477,1786435305.9902277
3,4826,0.3986976742744446,0.41996699669966997,1786435306.0791237
3,4827,0.4264759123325348,0.41971343873517786,1786435306.1768522
3,4828,0.4169396162033081,0.41946088099934253,1786435306.265499
3,4829,0.3909396529197693,0.4195374015748031,1786435306.3618977
3,4830,0.45787596702575684,0.41985920104780616,1786435306.4505649
3,4831,0.40392571687698364,0.4200980392156863,1786435306.5382497
3,4832,0.5000762939453125,0.42000978473581213,1786435306.6280062
3,4833,0.48879367113113403,0.4202473958333333,1786435306.7257729
3,4834,0.523231565952301,0.42007797270955166,1786435306.8199701
3,4835,0.5050681829452515,0.41958495460440987,1786435306.90814
3,4836,0.5022833943367004,0.4191747572815534,1786435307.0072687
3,4837,0.6806700825691223,0.4191698966408269,1786435307.0956988
3,4838,0.6783179640769958,0.418923275306254,1786435307.1881511
3,4839,0.6771024465560913,0.41875804375804376,1786435307.276343
3,4840,0.473423033952713,0.4193159922928709,1786435307.3707948
3,4841,0.5278348922729492,0.41939102564102565,1786435307.4611351
3,4842,0.3803977966308594,0.4195457453614843,1786435307.5486736
3,4843,0.4917715787887573,0.4198595146871009,1786435307.6484063
3,4844,0.4741860628128052,0.420012746972594,1786435307.7363074
3,4845,0.5032227635383606,0.42040394402035625,1786435307.8332653
3,4846,0.3512860834598541,0.4204761904761905,1786435307.9203978
3,4847,0.38775134086608887,0.4206273764258555,1786435308.018975
3,4848,0.4261907935142517,0.4209361163820367,1786435308.1174908
3,4849,0.4073654115200043,0.4205334595959596,1786435308.2061162
3,4850,0.7203274369239807,0.4203686200378072,1786435308.304964
3,4851,0.5456789135932922,0.4199685534591195,1786435308.3934283
3,4852,0.4383027255535126,0.4195699937225361,1786435308.4818065
3,4853,0.5470300316810608,0.41948621553884713,1786435308.570349
3,4854,0.5782773494720459,0.41948092557848654,1786435308.6718562
3,4855,0.40510988235473633,0.41970973782771537,1786435308.7633073
3,4856,0.41747263073921204,0.4193146417445483,1786435308.8640113
3,4857,0.6738697290420532,0.41923196517412936,1786435308.9572399
3,4858,0.44337594509124756,0.4196151458721291,1786435309.0447896
3,4859,0.5124252438545227,0.419454770755886,1786435309.137764
3,4860,0.45119908452033997,0.419604205318491,1786435309.233906
3,4861,0.43934166431427,0.4199074074074074,1786435309.3218763
3,4862,0.6120836138725281,0.4197473813924831,1786435309.415754
3,4863,0.3216947913169861,0.41997232472324725,1786435309.507228
3,4864,0.6402492523193359,0.42004297114794353,1786435309.6012099
3,4865,0.6150200963020325,0.42003676470588236,1786435309.6899679
3,4866,0.5529472827911377,0.4197247706422018,1786435309.7786138
3,4867,0.5041171908378601,0.4194139194139194,1786435309.8786979
3,4868,0.6307176947593689,0.4195612431444241,1786435309.9737194
3,4869,0.36776241660118103,0.4199361313868613,1786435310.061765
3,4870,0.3070632219314575,0.4197024893746205,1786435310.1503744
3,4871,0.4597150683403015,0.41984848484848486,1786435310.249184
3,4872,0.3747211694717407,0.41969147005444646,1786435310.3393126
3,4873,0.6338589191436768,0.419987922705314,1786435310.4344463
3,4874,0.33331701159477234,0.42013261000602775,1786435310.5225563
3,4875,0.4764854311943054,0.42035198555956677,1786435310.6197827
3,4876,0.443365216255188,0.4198948948948949,1786435310.7131715
3,4877,0.47508102655410767,0.41973920863309355,1786435310.807806
3,4878,0.5778800249099731,0.4196588868940754,1786435310.907169
3,4879,0.6435661911964417,0.4192801672640382,1786435311.0040314
3,4880,0.4157527685165405,0.41949910554561715,1786435311.1053057
3,4881,0.462054580450058,0.4197172619047619,1786435311.1943734
3,4882,0.5145934224128723,0.41986036838978014,1786435311.2818248
3,4883,0.4938995838165283,0.4199288256227758,1786435311.3796003
3,4884,0.34291547536849976,0.4201450562462996,1786435311.4711728
3,4885,0.48534148931503296,0.4199911347517731,1786435311.5719428
3,4886,0.48273512721061707,0.4200589970501475,1786435311.6593719
3,4887,0.46034473180770874,0.4196113074204947,1786435311.748971
3,4888,0.33274853229522705,0.41967960023515577,1786435311.8363576
3,4889,0.554831326007843,0.4194542253521127,1786435311.9253528
3,4890,0.4450429081916809,0.4195957820738137,1786435312.0134647
3,4891,0.724199652671814,0.4195906432748538,1786435312.101702
3,4892,0.4674922823905945,0.41951255107997665,1786435312.1912227
3,4893,0.43403369188308716,0.4195804195804196,1786435312.2876892
3,4894,0.43484148383140564,0.41942990110529377,1786435312.3876665
3,4895,0.6231715083122253,0.41935249709639955,1786435312.483372
3,4896,0.47313162684440613,0.41905797101449277,1786435312.574538
3,4897,0.4567882716655731,0.4194878472222222,1786435312.6617217
3,4898,0.4642406404018402,0.41984402079722705,1786435312.7604985
3,4899,0.43967723846435547,0.4201989619377163,1786435312.8539498
3,4900,0.4748639464378357,0.4198330454807139,1786435312.9423883
3,4901,0.49394330382347107,0.41975574712643676,1786435313.0316217
3,4902,0.46793919801712036,0.41975043029259895,1786435313.1300213
3,4903,0.4063635766506195,0.41988831615120276,1786435313.2179108
3,4904,0.4523121118545532,0.42031160663236133,1786435313.3140516
3,4905,0.4609811305999756,0.4204480593607306,1786435313.410148
3,4906,0.6222085952758789,0.4205128205128205,1786435313.508047
3,4907,0.4667922258377075,0.420221843003413,1786435313.616703
3,4908,0.38616833090782166,0.420144804088586,1786435313.7085466
3,4909,0.38693729043006897,0.41964285714285715,1786435313.8017569
3,4910,0.38107118010520935,0.41985002829654783,1786435313.8892488
3,4911,0.4902317225933075,0.4201271186440678,1786435313.9860682
3,4912,0.5114453434944153,0.4203327693175409,1786435314.0737245
3,4913,0.3170357048511505,0.42046734234234234,1786435314.161899
3,4914,0.45666125416755676,0.4204609331084879,1786435314.2605975
3,4915,0.3830319046974182,0.4207351290684624,1786435314.3518558
3,4916,0.5507646203041077,0.4200980392156863,1786435314.44576
3,4917,0.4339531660079956,0.42016219239373603,1786435314.5344286
3,4918,0.3515889346599579,0.4202959240647683,1786435314.622066
3,4919,0.4597925543785095,0.4204988851727982,1786435314.711011
3,4920,0.4565274119377136,0.42070116861435725,1786435314.7987804
3,4921,0.5035763382911682,0.4209027777777778,1786435314.8875537
3,4922,0.32219791412353516,0.42110371602884084,1786435314.9756658
3,4923,0.34047120809555054,0.4213039867109635,1786435315.0739088
3,4924,0.5417296290397644,0.4212962962962963,1786435315.170188
3,4925,0.4048730731010437,0.42149558498896245,1786435315.2686188
3,4926,0.6192572116851807,0.4212121212121212,1786435315.3576128
3,4927,0.42610085010528564,0.4214108910891089,1786435315.4463525
3,4928,0.46946802735328674,0.42140307523338827,1786435315.5367937
3,4929,0.34599465131759644,0.42166940789473684,1786435315.6356778
3,4930,0.6262245178222656,0.4215927750410509,1786435315.725361
3,4931,0.42271697521209717,0.42165300546448087,1786435315.818507
3,4932,0.360996276140213,0.4213720676486634,1786435315.9180899
3,4933,0.41802579164505005,0.42143246187363836,1786435316.014106
3,4934,0.507276713848114,0.42088091353996737,1786435316.1159217
3,4935,0.46264398097991943,0.4209419109663409,1786435316.2114282
3,4936,0.41468456387519836,0.4211382113821138,1786435316.29867
3,4937,0.3538357615470886,0.42160443722943725,1786435316.3887112
3,4938,0.40440991520881653,0.4218665586169638,1786435316.4776611
3,4939,0.5935317873954773,0.42192556634304207,1786435316.5732203
3,4940,0.5507500171661377,0.42164781906300486,1786435316.6639352
3,4941,0.3044736981391907,0.42184139784946234,1786435316.7518725
3,4942,0.6879252791404724,0.42163177670424046,1786435316.8452027
3,4943,0.47808924317359924,0.4217577706323687,1786435316.9436126
3,4944,0.5245272517204285,0.42208400214018194,1786435317.038497
3,4945,0.5469093322753906,0.422142094017094,1786435317.127996
3,4946,0.5015190839767456,0.42233333333333334,1786435317.2160277
3,4947,0.42654359340667725,0.4225905218317359,1786435317.3067968
3,4948,0.3562735617160797,0.4225810738968634,1786435317.3944025
3,4949,0.405605673789978,0.4227043524416136,1786435317.4824545
3,4950,0.4412685036659241,0.4228272390037096,1786435317.570588
3,4951,0.5932294130325317,0.4224206349206349,1786435317.6594212
3,4952,0.43744489550590515,0.42241151611199157,1786435317.749005
3,4953,0.3938494622707367,0.4228639240506329,1786435317.8366299
3,4954,0.5337095260620117,0.4226566614007372,1786435317.926768
3,4955,0.37960371375083923,0.42291009463722395,1786435318.0151887
3,4956,0.33392447233200073,0.4230971128608924,1786435318.1075919
3,4957,0.5209368467330933,0.42315251572327045,1786435318.1960614
3,4958,0.5318873524665833,0.4230115122972266,1786435318.2850099
3,4959,0.6831505298614502,0.4230015673981191,1786435318.3729126
3,4960,0.6446746587753296,0.4226656233698487,1786435318.4618068
3,4961,0.46678808331489563,0.4225260416666667,1786435318.5510142
3,4962,0.4883400797843933,0.42264690587623505,1786435318.6402357
3,4963,0.5157355070114136,0.42270249221183803,1786435318.728792
3,4964,0.35274243354797363,0.42308190772420945,1786435318.8163648
3,4965,0.45190876722335815,0.42339544513457555,1786435318.904111
3,4966,0.3943558931350708,0.4235142118863049,1786435318.9918046
3,4967,0.387166827917099,0.42389060887512897,1786435319.0801418
3,4968,0.7529656887054443,0.4235574446161772,1786435319.1686375
3,4969,0.40040725469589233,0.4237397119341564,1786435319.2571378
3,4970,0.421310156583786,0.4238572162300976,1786435319.3448713
3,4971,0.3725118041038513,0.42403846153846153,1786435319.4325304
3,4972,0.41256093978881836,0.42383512544802865,1786435319.5212712
3,4973,0.4880450963973999,0.4237602249488753,1786435319.60991
3,4974,0.44767364859580994,0.42381316998468604,1786435319.6983476
3,4975,0.4991590976715088,0.42367482161060144,1786435319.7868893
3,4976,0.4737165868282318,0.42340966921119594,1786435319.8757608
3,4977,0.4818241000175476,0.42365345528455284,1786435319.9645648
3,4978,0.3429706394672394,0.42395991882293255,1786435320.052421
3,4979,0.3631664514541626,0.4237588652482269,1786435320.141156
3,4980,0.5902740955352783,0.4234951947395043,1786435320.2305458
3,4981,0.4713405668735504,0.4235479797979798,1786435320.3181252
3,4982,0.5078011155128479,0.42328542612203734,1786435320.4064639
3,4983,0.3258972764015198,0.4235901309164149,1786435320.4940345
3,4984,0.33745792508125305,0.42376822523881347,1786435320.581792
3,4985,0.36437493562698364,0.4239457831325301,1786435320.6696105
3,4986,0.3976377248764038,0.42406015037593986,1786435320.7573977
3,4987,0.552233099937439,0.4238613613613614,1786435320.8464348
3,4988,0.3656439483165741,0.4237881059470265,1786435320.9349215
3,4989,0.4774582087993622,0.42390219560878245,1786435321.0229292
3,4990,0.5454512238502502,0.42395366218236175,1786435321.1111102
3,4991,0.6236411929130554,0.4240049751243781,1786435321.1996748
3,4992,0.42377060651779175,0.42405613512170887,1786435321.2877836
3,4993,0.34906232357025146,0.4241691468253968,1786435321.3769279
3,4994,0.5201258659362793,0.42440564635958394,1786435321.4659574
3,4995,0.5167151093482971,0.4240850642927794,1786435321.554857
3,4996,0.39050546288490295,0.42444444444444446,1786435321.6445105
3,4997,0.3779483437538147,0.42418639053254437,1786435321.733859
3,4998,0.3577859401702881,0.4241752831117676,1786435321.8218777
3,4999,0.42308980226516724,0.42428711897738447,1786435321.9101787
3,5000,0.4402133822441101,0.42378497790868924,1786435321.9997802
3,5001,0.5800431966781616,0.4233455882352941,1786435322.0890045
3,5002,0.5434564352035522,0.42345814977973567,1786435322.1776993
3,5003,0.41978397965431213,0.42350928641251223,1786435322.2654371
3,5004,0.33350515365600586,0.42374328940946804,1786435322.353729
3,5005,0.4319058954715729,0.42422027290448344,1786435322.4426465
3,5006,0.4358550012111664,0.4243917274939173,1786435322.5313168
3,5007,0.37234267592430115,0.4246234207968902,1786435322.6192558
3,5008,0.44312283396720886,0.42467248908296945,1786435322.7077744
3,5009,0.40011948347091675,0.4250847868217054,1786435322.7952552
3,5010,0.395379900932312,0.4247097242380261,1786435322.8838902
3,5011,0.5825839042663574,0.42427536231884055,1786435322.9732938
3,5012,0.525624692440033,0.4242040520984081,1786435323.061315
3,5013,0.39009618759155273,0.4241329479768786,1786435323.150334
3,5014,0.5077721476554871,0.42394179894179895,1786435323.2387753
3,5015,0.42540863156318665,0.4241114313160423,1786435323.3271942
3,5016,0.5872893333435059,0.4239808153477218,1786435323.4144835
3,5017,0.3701411485671997,0.4241499042145594,1786435323.5032613
3,5018,0.6771187782287598,0.42431850789096126,1786435323.591791
3,5019,0.49629783630371094,0.4245463228271251,1786435323.6801782
3,5020,0.44954049587249756,0.42471387696709584,1786435323.7682347
3,5021,0.4493676722049713,0.4243452380952381,1786435323.85642
3,5022,0.7477766275405884,0.4240965287684261,1786435323.9461815
3,5023,0.5338405966758728,0.42432336182336183,1786435324.0371387
3,5024,0.5423694849014282,0.42454954954954954,1786435324.1259282
3,5025,0.42927393317222595,0.4247159090909091,1786435324.2155194
3,5026,0.4045093357563019,0.42488179669030735,1786435324.3042881
3,5027,0.31091028451919556,0.42522426817752595,1786435324.3937297
3,5028,0.4717928469181061,0.4253889674681754,1786435324.4835923
3,5029,0.42562490701675415,0.4254354990583804,1786435324.5722275
3,5030,0.3500305414199829,0.42524682651622003,1786435324.6622963
3,5031,0.36814019083976746,0.4254107981220657,1786435324.7512312
3,5032,0.3064268231391907,0.4257501172058134,1786435324.8403769
3,5033,0.5642231106758118,0.42532771535580527,1786435324.930877
3,5034,0.48408934473991394,0.4250818139317438,1786435325.0213184
3,5035,0.3825533986091614,0.4252450980392157,1786435325.1117754
3,5036,0.5128955245018005,0.4248834498834499,1786435325.2020414
3,5037,0.6009056568145752,0.42493016759776536,1786435325.2910945
3,5038,0.36547788977622986,0.42503486750348674,1786435325.3815596
3,5039,0.45846694707870483,0.42502321262766946,1786435325.4717462
3,5040,0.4948469400405884,0.4251274918868799,1786435325.5616844
3,5041,0.3781374394893646,0.4248263888888889,1786435325.6518214
3,5042,0.3895983099937439,0.4252196024040684,1786435325.741112
3,5043,0.45890602469444275,0.42543859649122806,1786435325.8307526
3,5044,0.45413345098495483,0.4257146150299677,1786435325.9193785
3,5045,0.7892112731933594,0.4258747697974217,1786435326.0091848
3,5046,0.32757458090782166,0.4259770114942529,1786435326.0978923
3,5047,0.4860289692878723,0.4255050505050505,1786435326.1876273
3,5048,0.6362552046775818,0.4252636405318661,1786435326.277775
3,5049,0.6765933632850647,0.4251373626373626,1786435326.3678803
3,5050,0.3670385777950287,0.42483996342021035,1786435326.4584198
3,5051,0.33207833766937256,0.4252853881278539,1786435326.547298
3,5052,0.46644169092178345,0.42544459644322846,1786435326.6380286
3,5053,0.45500537753105164,0.4255464480874317,1786435326.7266634
3,5054,0.47170770168304443,0.4256480218281037,1786435326.8176794
3,5055,0.4113384783267975,0.42569255222524977,1786435326.9069018
3,5056,0.3634391725063324,0.42585034013605444,1786435326.9953523
3,5057,0.46613240242004395,0.42578125,1786435327.0838199
3,5058,0.36999034881591797,0.4260515603799186,1786435327.1740465
3,5059,0.44384896755218506,0.4261517615176152,1786435327.2632105
3,5060,0.8001886010169983,0.42585701398285974,1786435327.352832
3,5061,0.2654600441455841,0.425731981981982,1786435327.442255
3,5062,0.536620020866394,0.4257759784075574,1786435327.531205
3,5063,0.4373597502708435,0.42581985624438456,1786435327.6198483
3,5064,0.3650411367416382,0.42608793180798565,1786435327.7084503
3,5065,0.3918394446372986,0.4262432795698925,1786435327.7969506
3,5066,0.4876003861427307,0.4262304250559284,1786435327.8866055
3,5067,0.44341719150543213,0.42649687220732796,1786435327.97532
3,5068,0.34861209988594055,0.42659526996876396,1786435328.0636754
3,5069,0.37078675627708435,0.42674910873440286,1786435328.152534
3,5070,0.5351141095161438,0.42668001780151316,1786435328.2412734
3,5071,0.36055928468704224,0.42627777777777776,1786435328.3308938
3,5072,0.46248847246170044,0.42654238792720817,1786435328.421017
3,5073,0.5571643114089966,0.42641843971631205,1786435328.5104218
3,5074,0.6577585935592651,0.4262394864984506,1786435328.6003008
3,5075,0.41655316948890686,0.42583996463306806,1786435328.690156
3,5076,0.3465149998664856,0.42615894039735097,1786435328.779139
3,5077,0.37776750326156616,0.42653218694885364,1786435328.8670943
3,5078,0.4874103367328644,0.4265741963892558,1786435328.9657974
3,5079,0.41109123826026917,0.42617634124890064,1786435329.059134
3,5080,0.45025375485420227,0.42610891523935,1786435329.1486375
3,5081,0.4726886749267578,0.4261513157894737,1786435329.245715
3,5082,0.4338911175727844,0.42608409986859397,1786435329.3330936
3,5083,0.46805089712142944,0.4262904636920385,1786435329.4208694
3,5084,0.36100515723228455,0.42616863259065096,1786435329.5185163
3,5085,0.500843346118927,0.4261561954624782,1786435329.61239
3,5086,0.5302241444587708,0.4264161220043573,1786435329.701015
3,5087,0.4849189221858978,0.42656657963446476,1786435329.7976372
3,5088,0.404341459274292,0.42628205128205127,1786435329.889008
3,5089,0.4668710231781006,0.4262152777777778,1786435329.977761
3,5090,0.42656540870666504,0.4262028608582575,1786435330.0699317
3,5091,0.4901823103427887,0.42624458874458876,1786435330.163246
3,5092,0.4848329424858093,0.4262321660181582,1786435330.2617207
3,5093,0.4615020155906677,0.42643566493955093,1786435330.353971
3,5094,0.47553279995918274,0.42647692971108236,1786435330.4511201
3,5095,0.4558911621570587,0.42651808785529716,1786435330.5402203
3,5096,0.33209773898124695,0.4268279569892473,1786435330.6281033
3,5097,0.3578060567378998,0.4271370274914089,1786435330.7159224
3,5098,0.4837958514690399,0.42744530244530243,1786435330.8064883
3,5099,0.39763742685317993,0.42743144815766926,1786435330.8940153
3,5100,0.6250297427177429,0.4270967051775781,1786435330.982729
3,5101,0.42092522978782654,0.42735042735042733,1786435331.0702565
3,5102,0.41883236169815063,0.427336747759283,1786435331.1580951
3,5103,0.4729517996311188,0.42748294970161976,1786435331.2463455
3,5104,0.5595062971115112,0.427522349936143,1786435331.3336747
3,5105,0.41060870885849,0.42756164965986393,1786435331.4211926
3,5106,0.43404117226600647,0.42760084925690023,1786435331.5091422
3,5107,0.5374574661254883,0.4275869380831213,1786435331.5978403
3,5108,0.49439167976379395,0.42773189326556543,1786435331.6865976
3,5109,0.4048565626144409,0.42798223350253806,1786435331.7751775
3,5110,0.4060330092906952,0.4280207013096747,1786435331.8629665
3,5111,0.42764073610305786,0.4279535864978903,1786435331.9507458
3,5112,0.4077063798904419,0.4276232616940582,1786435332.0395474
3,5113,0.4720642864704132,0.4278198653198653,1786435332.1353717
3,5114,0.5298439264297485,0.4275430853299706,1786435332.2241974
3,5115,0.5387845039367676,0.4275818639798489,1786435332.3229718
3,5116,0.4550585150718689,0.4274633123689727,1786435332.4159083
3,5117,0.4301902651786804,0.4272403685092127,1786435332.5045152
3,5118,0.46783754229545593,0.4272793810121288,1786435332.5994837
3,5119,0.48778876662254333,0.4273182957393484,1786435332.697026
3,5120,0.40484046936035156,0.4273571130579892,1786435332.7854283
3,5121,0.48853859305381775,0.42703125,1786435332.8738666
3,5122,0.45119377970695496,0.42707032875572204,1786435332.9712956
3,5123,0.3997727334499359,0.427213216957606,1786435333.0693455
3,5124,0.6167500019073486,0.4270444167704442,1786435333.1579518
3,5125,0.3965755105018616,0.4270833333333333,1786435333.2454553
3,5126,0.4278242588043213,0.4270703933747412,1786435333.3338308
3,5127,0.5419765114784241,0.4267990074441687,1786435333.4217997
3,5128,0.5881487131118774,0.42683808343659646,1786435333.5217283
3,5129,0.49122363328933716,0.4264645214521452,1786435333.6104338
3,5130,0.5885143876075745,0.42634940255459414,1786435333.6997468
3,5131,0.43842941522598267,0.426440329218107,1786435333.7921543
3,5132,0.3673208951950073,0.4262741471434443,1786435333.8901877
3,5133,0.42064446210861206,0.4258004926108374,1786435333.980067
3,5134,0.6749788522720337,0.4256867568675687,1786435334.0813124
3,5135,0.4138714075088501,0.4258292383292383,1786435334.172307
3,5136,0.3969607949256897,0.4255112474437628,1786435334.261443
3,5137,0.4263809621334076,0.4252450980392157,1786435334.3521166
3,5138,0.6648296117782593,0.42508159934720524,1786435334.4531302
3,5139,0.45345544815063477,0.42496943765281175,1786435334.5484993
3,5140,0.36915871500968933,0.42511192511192514,1786435334.6360133
3,5141,0.40855172276496887,0.4249491869918699,1786435334.72588
3,5142,0.5889784693717957,0.42463459196102316,1786435334.8242354
3,5143,0.3556485176086426,0.42477696674776966,1786435334.9125555
3,5144,0.6526826024055481,0.4246658566221142,1786435335.012529
3,5145,0.43452709913253784,0.4248584142394822,1786435335.106626
3,5146,0.4143054485321045,0.4251010101010101,1786435335.1940444
3,5147,0.3252057731151581,0.42539346246973364,1786435335.2870958
3,5148,0.7154395580291748,0.4254332930270052,1786435335.3843298
3,5149,0.3707779347896576,0.42567431561996777,1786435335.4721828
3,5150,0.4160521924495697,0.42581423401688784,1786435335.560884
3,5151,0.42046576738357544,0.42605421686746986,1786435335.648417
3,5152,0.4415423274040222,0.42609306056959484,1786435335.740608
3,5153,0.30996382236480713,0.42623197115384615,1786435335.8284307
3,5154,0.3954619765281677,0.4260704281712685,1786435335.9158788
3,5155,0.47917330265045166,0.4260091926458833,1786435336.0042114
3,5156,0.442687451839447,0.42604790419161676,1786435336.0977905
3,5157,0.4216580092906952,0.425737639553429,1786435336.187059
3,5158,0.41244491934776306,0.42537833532457187,1786435336.2761004
3,5159,0.38411957025527954,0.4255171042163882,1786435336.3641086
3,5160,0.4150012731552124,0.4257052046086611,1786435336.454857
3,5161,0.52067631483078,0.4255456349206349,1786435336.5440469
3,5162,0.6529321670532227,0.42563416567578277,1786435336.6325793
3,5163,0.404598593711853,0.42582145684877276,1786435336.7209036
3,5164,0.678647518157959,0.42581059707394225,1786435336.8093426
3,5165,0.6469273567199707,0.42575039494470773,1786435336.8981526
3,5166,0.3858587145805359,0.42583826429980276,1786435336.9864917
3,5167,0.3218969702720642,0.42597517730496454,1786435337.0765786
3,5168,0.36062100529670715,0.42611176702085796,1786435337.1649406
3,5169,0.3934060335159302,0.4261988993710692,1786435337.2528048
3,5170,0.3459540605545044,0.4262858264625049,1786435337.3405788
3,5171,0.5756462812423706,0.4261274509803922,1786435337.4299414
3,5172,0.5542651414871216,0.42621425773599686,1786435337.5178566
3,5173,0.3145418167114258,0.42659428794992177,1786435337.605891
3,5174,0.4479413330554962,0.42663149667839,1786435337.694555
3,5175,0.40480276942253113,0.42666861826697894,1786435337.793946
3,5176,0.4878513514995575,0.4264132553606238,1786435337.883755
3,5177,0.5052923560142517,0.4264018691588785,1786435337.9732103
3,5178,0.4470396041870117,0.42658498638662,1786435338.0711772
3,5179,0.6479498147964478,0.4266219891219891,1786435338.1599143
3,5180,0.42146021127700806,0.4262708575863407,1786435338.2579713
3,5181,0.4230630695819855,0.4259205426356589,1786435338.3462594
3,5182,0.5340145230293274,0.42600658149438636,1786435338.4371908
3,5183,0.4469689726829529,0.42604408352668216,1786435338.5336354
3,5184,0.5623024106025696,0.42608149864812667,1786435338.622412
3,5185,0.5270127058029175,0.4261188271604938,1786435338.7174745
3,5186,0.5683638453483582,0.4260597302504817,1786435338.8048697
3,5187,0.3989449441432953,0.42609699769053117,1786435338.891773
3,5188,0.41852015256881714,0.4259419454056132,1786435338.979297
3,5189,0.4685313105583191,0.4260752688172043,1786435339.0655715
3,5190,0.48832082748413086,0.42625623321825856,1786435339.1517634
3,5191,0.4230952858924866,0.4264367816091954,1786435339.2382693
3,5192,0.4401156008243561,0.42652123995407576,1786435339.325405
3,5193,0.7362862825393677,0.4265099388379205,1786435339.412644
3,5194,0.5295689105987549,0.4265463917525773,1786435339.4991748
3,5195,0.3371841311454773,0.4268211289092296,1786435339.5854092
3,5196,0.4586371183395386,0.4269047619047619,1786435339.671946
3,5197,0.3746081292629242,0.4267503805175038,1786435339.7592819
3,5198,0.42601487040519714,0.4264063093880654,1786435339.8465273
3,5199,0.4663713872432709,0.42649012908124523,1786435339.9329474
3,5200,0.3738706111907959,0.4266685627607129,1786435340.0193276
3,5201,0.33145496249198914,0.4268939393939394,1786435340.1056058
3,5202,0.5143817663192749,0.42688233068482784,1786435340.1928587
3,5203,0.3714125454425812,0.4270124716553288,1786435340.2794907
3,5204,0.3542056083679199,0.4270951302378256,1786435340.3657658
3,5205,0.4720815122127533,0.42717760180995473,1786435340.4529836
3,5206,0.4406263828277588,0.427165725047081,1786435340.5394418
3,5207,0.7305867671966553,0.42705981941309257,1786435340.626937
3,5208,0.4063446521759033,0.42714205186020293,1786435340.713421
4,5209,0.4152454733848572,0.625,1786435346.603027
4,5210,0.35137221217155457,0.4166666666666667,1786435346.812808
4,5211,0.3628341555595398,0.4722222222222222,1786435346.9136178
4,5212,0.6731355786323547,0.40625,1786435347.0161617
4,5213,0.3186393082141876,0.44166666666666665,1786435347.1380205
4,5214,0.303719699382782,0.4861111111111111,1786435347.2596433
4,5215,0.4183375835418701,0.4523809523809524,1786435347.372954
4,5216,0.40478527545928955,0.4583333333333333,1786435347.4856763
4,5217,0.31908464431762695,0.47685185185185186,1786435347.5795274
4,5218,0.35429850220680237,0.45,1786435347.6909976
4,5219,0.38620030879974365,0.45454545454545453,1786435347.79816
4,5220,0.6076253056526184,0.4513888888888889,1786435347.8940625
4,5221,0.4607875347137451,0.46153846153846156,1786435347.9837115
4,5222,0.36469197273254395,0.44047619047619047,1786435348.072903
4,5223,0.4581448435783386,0.45,1786435348.16081
4,5224,0.36782604455947876,0.4661458333333333,1786435348.2492816
4,5225,0.38244491815567017,0.4730392156862745,1786435348.3374999
4,5226,0.33360448479652405,0.4791666666666667,1786435348.4250267
4,5227,0.5391976237297058,0.4758771929824561,1786435348.5130982
4,5228,0.393477201461792,0.48541666666666666,1786435348.6007106
4,5229,0.37275901436805725,0.4861111111111111,1786435348.6894708
4,5230,0.4190674126148224,0.4753787878787879,1786435348.7781014
4,5231,0.5821646451950073,0.46557971014492755,1786435348.8667023
4,5232,0.4583941102027893,0.4618055555555556,1786435348.9543674
4,5233,0.36646929383277893,0.4716666666666667,1786435349.0436587
4,5234,0.42361214756965637,0.47275641025641024,1786435349.1317258
4,5235,0.6176649332046509,0.4645061728395062,1786435349.2201302
4,5236,0.4812818765640259,0.46726190476190477,1786435349.307905
4,5237,0.7473021149635315,0.45689655172413796,1786435349.395992
4,5238,0.4025840163230896,0.46111111111111114,1786435349.4839525
4,5239,0.3073754608631134,0.4650537634408602,1786435349.5718431
4,5240,0.5288187265396118,0.45703125,1786435349.660711
4,5241,0.38730087876319885,0.46464646464646464,1786435349.748269
4,5242,0.34952419996261597,0.4681372549019608,1786435349.8371015
4,5243,0.42926210165023804,0.4714285714285714,1786435349.9250865
4,5244,0.7074645757675171,0.4699074074074074,1786435350.0139265
4,5245,0.3514005243778229,0.4752252252252252,1786435350.1023345
4,5246,0.38283708691596985,0.4769736842105263,1786435350.1907494
4,5247,0.3332163989543915,0.4807692307692308,1786435350.278465
4,5248,0.5914099216461182,0.471875,1786435350.3674388
4,5249,0.3534286916255951,0.4644308943089431,1786435350.4560578
4,5250,0.4138137698173523,0.45535714285714285,1786435350.5444558
4,5251,0.3903394639492035,0.4583333333333333,1786435350.633099
4,5252,0.3351271450519562,0.4621212121212121,1786435350.7209294
4,5253,0.29408183693885803,0.4564814814814815,1786435350.809326
4,5254,0.47440996766090393,0.4592391304347826,1786435350.8971279
4,5255,0.3550090789794922,0.46365248226950356,1786435350.9853115
4,5256,0.46095114946365356,0.4574652777777778,1786435351.0734823
4,5257,0.3024846315383911,0.4608843537414966,1786435351.1617022
4,5258,0.32140710949897766,0.465,1786435351.250062
4,5259,0.5017814636230469,0.4591503267973856,1786435351.3386903
4,5260,0.6421413421630859,0.4599358974358974,1786435351.4262762
4,5261,0.33057188987731934,0.4591194968553459,1786435351.5148685
4,5262,0.6048786640167236,0.45987654320987653,1786435351.603449
4,5263,0.36532533168792725,0.4583333333333333,1786435351.6920264
4,5264,0.3839729428291321,0.45907738095238093,1786435351.78094
4,5265,0.6417648792266846,0.45614035087719296,1786435351.868682
4,5266,0.4332311153411865,0.4561781609195402,1786435351.9569151
4,5267,0.5426696538925171,0.4540960451977401,1786435352.0455232
4,5268,0.6311129927635193,0.4534722222222222,1786435352.134419
4,5269,0.48442554473876953,0.4501366120218579,1786435352.223575
4,5270,0.4383167028427124,0.4522849462365591,1786435352.3116045
4,5271,0.37462207674980164,0.45105820105820105,1786435352.4007878
4,5272,0.479343444108963,0.4505208333333333,1786435352.489062
4,5273,0.527190625667572,0.45,1786435352.5778437
4,5274,0.4839678704738617,0.4476010101010101,1786435352.6656206
4,5275,0.6727511882781982,0.4427860696517413,1786435352.7539153
4,5276,0.3457822799682617,0.44485294117647056,1786435352.8426
4,5277,0.41580718755722046,0.44504830917874394,1786435352.931611
4,5278,0.2797347903251648,0.44821428571428573,1786435353.0198648
4,5279,0.37795212864875793,0.44366197183098594,1786435353.1084275
4,5280,0.5046330690383911,0.44155092592592593,1786435353.1975493
4,5281,0.5084356069564819,0.4406392694063927,1786435353.2858872
4,5282,0.5836054086685181,0.4380630630630631,1786435353.3745263
4,5283,0.5924599170684814,0.43833333333333335,1786435353.4618661
4,5284,0.6220625042915344,0.43859649122807015,1786435353.5504105
4,5285,0.4132005274295807,0.43885281385281383,1786435353.639308
4,5286,0.44454479217529297,0.4407051282051282,1786435353.7270586
4,5287,0.5690332651138306,0.439873417721519,1786435353.8150804
4,5288,0.4120487868785858,0.4375,1786435353.9036772
4,5289,0.5983579158782959,0.4351851851851852,1786435353.9926558
4,5290,0.4594709277153015,0.4349593495934959,1786435354.080333
4,5291,0.42482268810272217,0.4342369477911647,1786435354.1682034
4,5292,0.44921255111694336,0.43005952380952384,1786435354.2611225
4,5293,0.6162317395210266,0.42598039215686273,1786435354.3498728
4,5294,0.4430054724216461,0.4263565891472868,1786435354.4386864
4,5295,0.43406373262405396,0.4267241379310345,1786435354.526641
4,5296,0.4096437692642212,0.4266098484848485,1786435354.6143909
4,5297,0.44805729389190674,0.42790262172284643,1786435354.7028928
4,5298,0.40488600730895996,0.4310185185185185,1786435354.7916143
4,5299,0.40694767236709595,0.43131868131868134,1786435354.879335
4,5300,0.4092561602592468,0.42934782608695654,1786435354.968041
4,5301,0.3860432207584381,0.43010752688172044,1786435355.0556533
4,5302,0.6597630977630615,0.42863475177304966,1786435355.144507
4,5303,0.474229097366333,0.43026315789473685,1786435355.2338057
4,5304,0.39406320452690125,0.4331597222222222,1786435355.3218296
4,5305,0.39097893238067627,0.43470790378006874,1786435355.410309
4,5306,0.4185826778411865,0.43579931972789115,1786435355.4991093
4,5307,0.6634405255317688,0.4335016835016835,1786435355.5875764
4,5308,0.3743101954460144,0.43375,1786435355.6760032
4,5309,0.5589420795440674,0.43316831683168316,1786435355.7642694
4,5310,0.7262754440307617,0.43137254901960786,1786435355.8626842
4,5311,0.3719249665737152,0.4320388349514563,1786435355.9503202
4,5312,0.39244771003723145,0.43149038461538464,1786435356.0383415
4,5313,0.34298816323280334,0.43293650793650795,1786435356.126681
4,5314,0.5911556482315063,0.43238993710691825,1786435356.2154424
4,5315,0.3895639479160309,0.42990654205607476,1786435356.3040829
4,5316,0.37381571531295776,0.43209876543209874,1786435356.3929744
4,5317,0.47888508439064026,0.42851681957186544,1786435356.4923167
4,5318,0.5528202056884766,0.42954545454545456,1786435356.5904274
4,5319,0.3910890519618988,0.4294294294294294,1786435356.6790974
4,5320,0.3784642815589905,0.43154761904761907,1786435356.7776728
4,5321,0.3472607731819153,0.42957227138643067,1786435356.8736029
4,5322,0.3107535243034363,0.43128654970760233,1786435356.9614344
4,5323,0.472128301858902,0.4315217391304348,1786435357.0599182
4,5324,0.5372701287269592,0.43103448275862066,1786435357.1517222
4,5325,0.4313357472419739,0.4301994301994302,1786435357.2432196
4,5326,0.5284640789031982,0.4307909604519774,1786435357.3440745
4,5327,0.34959638118743896,0.43137254901960786,1786435357.4317114
4,5328,0.7574117183685303,0.43194444444444446,1786435357.5207949
4,5329,0.6078990697860718,0.4321625344352617,1786435357.6156046
4,5330,0.4657002389431,0.4337431693989071,1786435357.7159364
4,5331,0.40892863273620605,0.4356368563685637,1786435357.8080592
4,5332,0.4081932306289673,0.4361559139784946,1786435357.9074006
4,5333,0.4512827396392822,0.437,1786435357.9947486
4,5334,0.27545037865638733,0.43882275132275134,1786435358.090449
4,5335,0.5966241955757141,0.43963254593175854,1786435358.1788821
4,5336,0.6857787370681763,0.4388020833333333,1786435358.2723086
4,5337,0.39655059576034546,0.4395994832041344,1786435358.3712783
4,5338,0.3442942500114441,0.44006410256410255,1786435358.4590964
4,5339,0.46907511353492737,0.44147582697201015,1786435358.5476966
4,5340,0.4249057173728943,0.4412878787878788,1786435358.645323
4,5341,0.6296471357345581,0.43859649122807015,1786435358.737834
4,5342,0.557668924331665,0.4387437810945274,1786435358.829271
4,5343,0.4514762759208679,0.43734567901234567,1786435358.9182827
4,5344,0.6623730659484863,0.4368872549019608,1786435359.0066109
4,5345,0.3891845941543579,0.43704379562043794,1786435359.0942726
4,5346,0.45411109924316406,0.4368961352657005,1786435359.1816616
4,5347,0.38339364528656006,0.4379496402877698,1786435359.2694924
4,5348,0.3653215169906616,0.4354166666666667,1786435359.3584998
4,5349,0.5495632290840149,0.4364657210401891,1786435359.446693
4,5350,0.3872542679309845,0.4363262910798122,1786435359.5344832
4,5351,0.5316426157951355,0.4358974358974359,1786435359.6223583
4,5352,0.7433427572250366,0.4351851851851852,1786435359.7112474
4,5353,0.6956436038017273,0.435632183908046,1786435359.8003685
4,5354,0.4651089906692505,0.4346461187214612,1786435359.8890853
4,5355,0.540630578994751,0.4342403628117914,1786435359.977676
4,5356,0.5658239722251892,0.43243243243243246,1786435360.0669332
4,5357,0.5093576908111572,0.43232662192393734,1786435360.1555066
4,5358,0.5891603231430054,0.43222222222222223,1786435360.24395
4,5359,0.49001187086105347,0.43211920529801323,1786435360.332051
4,5360,0.45232197642326355,0.4303728070175439,1786435360.4210112
4,5361,0.4463828206062317,0.42892156862745096,1786435360.5108533
4,5362,0.44824862480163574,0.42938311688311687,1786435360.598735
4,5363,0.4879308342933655,0.4282258064516129,1786435360.6878974
4,5364,0.3179984390735626,0.42948717948717946,1786435360.7757761
4,5365,0.6581696271896362,0.4286093418259023,1786435360.8653634
4,5366,0.40346306562423706,0.4298523206751055,1786435360.952788
4,5367,0.4792715013027191,0.4310796645702306,1786435361.0406396
4,5368,0.4238063097000122,0.4309895833333333,1786435361.1295774
4,5369,0.7446432113647461,0.4301242236024845,1786435361.218541
4,5370,0.38559308648109436,0.42978395061728397,1786435361.3079362
4,5371,0.4698027968406677,0.42995910020449896,1786435361.3959723
4,5372,0.7089425921440125,0.43064024390243905,1786435361.4844928
4,5373,0.5662149786949158,0.4305555555555556,1786435361.573782
4,5374,0.37223443388938904,0.4314759036144578,1786435361.6615922
4,5375,0.5714337229728699,0.43263473053892215,1786435361.7493014
4,5376,0.39277422428131104,0.43353174603174605,1786435361.8374324
4,5377,0.5344876646995544,0.4329388560157791,1786435361.9255795
4,5378,0.3850195109844208,0.43308823529411766,1786435362.0134578
4,5379,0.6629887819290161,0.4337231968810916,1786435362.1019437
4,5380,0.3123306632041931,0.43410852713178294,1786435362.1900203
4,5381,0.4382517635822296,0.433766859344894,1786435362.2789135
4,5382,0.3002288043498993,0.4341475095785441,1786435362.366727
4,5383,0.4810996353626251,0.43404761904761907,1786435362.4542751
4,5384,0.5926532745361328,0.4330018939393939,1786435362.542527
4,5385,0.4106746017932892,0.4338512241054614,1786435362.631154
4,5386,0.5355454087257385,0.4328183520599251,1786435362.719988
4,5387,0.4078282117843628,0.43272811918063314,1786435362.809199
4,5388,0.431468665599823,0.4335648148148148,1786435362.8967402
4,5389,0.37783247232437134,0.43370165745856354,1786435362.9842143
4,5390,0.38672971725463867,0.4333791208791209,1786435363.071912
4,5391,0.5791563987731934,0.43169398907103823,1786435363.16118
4,5392,0.4854028820991516,0.4313858695652174,1786435363.2486172
4,5393,0.3874771296977997,0.4297297297297297,1786435363.3375297
4,5394,0.5832747220993042,0.4292114695340502,1786435363.42583
4,5395,0.3840332627296448,0.4298128342245989,1786435363.5132616
4,5396,0.5644469261169434,0.4284131205673759,1786435363.6020257
4,5397,0.5953006148338318,0.42857142857142855,1786435363.690212
4,5398,0.3739844858646393,0.4274122807017544,1786435363.7792604
4,5399,0.69841068983078,0.4271378708551483,1786435363.8670604
4,5400,0.3793937861919403,0.427734375,1786435363.9546835
4,5401,0.43748852610588074,0.42810880829015546,1786435364.0424824
4,5402,0.4192112386226654,0.4267611683848797,1786435364.1308563
4,5403,0.29641443490982056,0.42756410256410254,1786435364.2196364
4,5404,0.5171177983283997,0.42857142857142855,1786435364.3081706
4,5405,0.49770766496658325,0.42914551607445006,1786435364.3966446
4,5406,0.6426081657409668,0.42803030303030304,1786435364.4866652
4,5407,0.31790268421173096,0.4286013400335008,1786435364.5744548
4,5408,0.36898234486579895,0.42875,1786435364.6626832
4,5409,0.3812747001647949,0.42786069651741293,1786435364.75308
4,5410,0.34155210852622986,0.42883663366336633,1786435364.8421032
4,5411,0.4494644105434418,0.4269293924466338,1786435364.9312348
4,5412,0.3201954960823059,0.42830882352941174,1786435365.019757
4,5413,0.4583802819252014,0.42886178861788615,1786435365.1095665
4,5414,0.6872615814208984,0.42880258899676377,1786435365.1975553
4,5415,0.5887323021888733,0.428743961352657,1786435365.2850263
4,5416,0.4887874722480774,0.42908653846153844,1786435365.3727643
4,5417,0.42508476972579956,0.42922647527910684,1786435365.4617848
4,5418,0.7412924766540527,0.42936507936507934,1786435365.5505624
4,5419,0.4498172700405121,0.4279225908372828,1786435365.6393163
4,5420,0.5023819208145142,0.4282625786163522,1786435365.7279387
4,5421,0.7211499214172363,0.42820813771517996,1786435365.816349
4,5422,0.4310651421546936,0.4285436137071651,1786435365.9042041
4,5423,0.4231092631816864,0.4294573643410853,1786435365.9919887
4,5424,0.3451029360294342,0.4305555555555556,1786435366.0808444
4,5425,0.526101291179657,0.42972350230414746,1786435366.1696224
4,5426,0.4262150228023529,0.430237003058104,1786435366.2581275
4,5427,0.37929636240005493,0.4311263318112633,1786435366.3469915
4,5428,0.6143156886100769,0.43200757575757576,1786435366.4359329
4,5429,0.7049959897994995,0.43080693815987936,1786435366.523959
4,5430,0.3445899486541748,0.431493993993994,1786435366.6124444
4,5431,0.39169225096702576,0.43030642750373693,1786435366.7009227
4,5432,0.5041979551315308,0.4291294642857143,1786435366.7899873
4,5433,0.45894870162010193,0.42833333333333334,1786435366.8785963
4,5434,0.4261860251426697,0.4280973451327434,1786435366.9663153
4,5435,0.6472005844116211,0.42786343612334804,1786435367.0539184
4,5436,0.3087548315525055,0.4285453216374269,1786435367.1417584
4,5437,0.474931001663208,0.4284934497816594,1786435367.2294168
4,5438,0.47555476427078247,0.4286231884057971,1786435367.3171663
4,5439,0.47590214014053345,0.4283910533910534,1786435367.4053917
4,5440,0.5688239336013794,0.4274425287356322,1786435367.4938061
4,5441,0.5949840545654297,0.42721745350500717,1786435367.5810337
4,5442,0.4188978970050812,0.42806267806267806,1786435367.6697114
4,5443,0.4910615086555481,0.4280141843971631,1786435367.7571874
4,5444,0.41743093729019165,0.4290254237288136,1786435367.8451357
4,5445,0.5022853016853333,0.42844585091420534,1786435367.9326077
4,5446,0.49872541427612305,0.42892156862745096,1786435368.0205345
4,5447,0.2876969575881958,0.42974198047419804,1786435368.1082747
4,5448,0.5509244799613953,0.42951388888888886,1786435368.196457
4,5449,0.4282287061214447,0.4289419087136929,1786435368.285726
4,5450,0.6205193996429443,0.4294077134986226,1786435368.3742218
4,5451,0.601635754108429,0.42935528120713307,1786435368.4618182
4,5452,0.37607675790786743,0.4301571038251366,1786435368.5499337
4,5453,0.40072500705718994,0.4306122448979592,1786435368.6378424
4,5454,0.5132501721382141,0.4303861788617886,1786435368.7266693
4,5455,0.43238455057144165,0.43016194331983804,1786435368.8150418
4,5456,0.33883458375930786,0.43111559139784944,1786435368.9034703
4,5457,0.30597275495529175,0.4322289156626506,1786435368.9912937
4,5458,0.5580947399139404,0.43216666666666664,1786435369.0807488
4,5459,0.655525267124176,0.4314409030544489,1786435369.1702845
4,5460,0.4089173674583435,0.4323743386243386,1786435369.2597241
4,5461,0.472322016954422,0.43264163372859027,1786435369.347716
4,5462,0.4408791661262512,0.4330708661417323,1786435369.436357
4,5463,0.40142741799354553,0.4339869281045752,1786435369.5344722
4,5464,0.4711284637451172,0.4329427083333333,1786435369.6330748
4,5465,0.42894893884658813,0.43304150453955903,1786435369.720733
4,5466,0.6942237615585327,0.4321705426356589,1786435369.8117654
4,5467,0.3543775677680969,0.43194980694980695,1786435369.9001532
4,5468,0.4579240381717682,0.43173076923076925,1786435369.9916832
4,5469,0.37642478942871094,0.43167305236270753,1786435370.081308
4,5470,0.3987070322036743,0.4312977099236641,1786435370.1686182
4,5471,0.47646114230155945,0.4318757921419518,1786435370.2576966
4,5472,0.4598352313041687,0.4321338383838384,1786435370.3464363
4,5473,0.5183740854263306,0.4320754716981132,1786435370.4351919
4,5474,0.4190550744533539,0.43217418546365916,1786435370.523498
4,5475,0.4920736849308014,0.43258426966292135,1786435370.6129212
4,5476,0.54318767786026,0.4326803482587065,1786435370.7017462
4,5477,0.6038873791694641,0.4323110285006196,1786435370.7903144
4,5478,0.38523027300834656,0.43287037037037035,1786435370.8787339
4,5479,0.4176488220691681,0.4318880688806888,1786435370.9741137
4,5480,0.6816163063049316,0.43152573529411764,1786435371.0632675
4,5481,0.43608933687210083,0.4317765567765568,1786435371.152558
4,5482,0.4118454158306122,0.4309610705596107,1786435371.243285
4,5483,0.7765918374061584,0.4301515151515152,1786435371.3318434
4,5484,0.3899279236793518,0.4305555555555556,1786435371.4284976
4,5485,0.3894279897212982,0.4297533092659446,1786435371.5222404
4,5486,0.4430190324783325,0.4300059952038369,1786435371.616456
4,5487,0.29884251952171326,0.4305555555555556,1786435371.7037592
4,5488,0.6520505547523499,0.43020833333333336,1786435371.7913616
4,5489,0.40248903632164,0.4314946619217082,1786435371.8876917
4,5490,0.5329763889312744,0.4314420803782506,1786435371.9754834
4,5491,0.4673032760620117,0.43153710247349825,1786435372.064112
4,5492,0.45903950929641724,0.43163145539906106,1786435372.1524763
4,5493,0.6011420488357544,0.43201754385964913,1786435372.2404544
4,5494,0.5573321580886841,0.43167249417249415,1786435372.329577
4,5495,0.6204743981361389,0.4313298490127758,1786435372.4184983
4,5496,0.367002934217453,0.4314236111111111,1786435372.517254
4,5497,0.409917950630188,0.43166089965397925,1786435372.605953
4,5498,0.4011521637439728,0.4317528735632184,1786435372.7023876
4,5499,0.48425471782684326,0.43155784650630014,1786435372.790908
4,5500,0.41136395931243896,0.4315068493150685,1786435372.8891854
4,5501,0.6596386432647705,0.430745164960182,1786435372.9840493
4,5502,0.30975306034088135,0.4312641723356009,1786435373.0715504
4,5503,0.4571230113506317,0.4314971751412429,1786435373.1617584
4,5504,0.47298896312713623,0.4317286036036036,1786435373.2502532
4,5505,0.3419860601425171,0.4319584736251403,1786435373.3453062
4,5506,0.28694385290145874,0.43288590604026844,1786435373.4373248
4,5507,0.5019052028656006,0.4322742474916388,1786435373.528173
4,5508,0.6099990606307983,0.43180555555555555,1786435373.6192014
4,5509,0.41036683320999146,0.43272425249169433,1786435373.7140403
4,5510,0.4143698513507843,0.43322295805739514,1786435373.8110766
4,5511,0.3927408456802368,0.4333058305830583,1786435373.902477
4,5512,0.34564173221588135,0.43338815789473684,1786435374.0010574
4,5513,0.4569201171398163,0.43346994535519123,1786435374.0995684
4,5514,0.3719092011451721,0.4338235294117647,1786435374.1955287
4,5515,0.40427833795547485,0.43471769815418027,1786435374.284026
4,5516,0.46261096000671387,0.4342532467532468,1786435374.3721435
4,5517,0.42804551124572754,0.4343311758360302,1786435374.460207
4,5518,0.3066295385360718,0.4350806451612903,1786435374.5481248
4,5519,0.4903799593448639,0.43394962486602356,1786435374.6367943
4,5520,0.41412487626075745,0.43309294871794873,1786435374.7268167
4,5521,0.5115388035774231,0.4331735889243876,1786435374.81634
4,5522,0.5483174920082092,0.43219214437367304,1786435374.9055274
4,5523,0.38541078567504883,0.43267195767195765,1786435374.9934657
4,5524,0.48582905530929565,0.43235759493670883,1786435375.0809765
4,5525,0.3904789090156555,0.4324395373291272,1786435375.1691406
4,5526,0.4828530251979828,0.4314727463312369,1786435375.2578094
4,5527,0.4897170662879944,0.43051201671891326,1786435375.3459678
4,5528,0.43496400117874146,0.43046875,1786435375.4340358
4,5529,0.3934567868709564,0.4310747663551402,1786435375.5226772
4,5530,0.3727102279663086,0.4314182194616977,1786435375.6111012
4,5531,0.3533787131309509,0.4311145510835913,1786435375.699694
4,5532,0.3262459933757782,0.4315843621399177,1786435375.7877657
4,5533,0.3798847496509552,0.4319230769230769,1786435375.875474
4,5534,0.34573835134506226,0.4325153374233129,1786435375.9649465
4,5535,0.4321853220462799,0.4318297655453619,1786435376.0537014
4,5536,0.40012988448143005,0.4321646341463415,1786435376.141361
4,5537,0.4887836277484894,0.43275075987841943,1786435376.2310789
4,5538,0.4740432798862457,0.43257575757575756,1786435376.319731
4,5539,0.44546473026275635,0.4329053373615307,1786435376.4083433
4,5540,0.6244590282440186,0.43285642570281124,1786435376.497272
4,5541,0.46313488483428955,0.4326826826826827,1786435376.5855162
4,5542,0.742173433303833,0.4320109780439122,1786435376.6741226
4,5543,0.4713837504386902,0.4322139303482587,1786435376.7625697
4,5544,0.4119226932525635,0.43266369047619047,1786435376.8544931
4,5545,0.4260135293006897,0.43212166172106825,1786435376.9432154
4,5546,0.5307580232620239,0.4323224852071006,1786435377.038806
4,5547,0.29997050762176514,0.4326450344149459,1786435377.127223
4,5548,0.3173931837081909,0.4329656862745098,1786435377.2149553
4,5549,0.6810966730117798,0.4318181818181818,1786435377.3035135
4,5550,0.341109037399292,0.432504873294347,1786435377.3916411
4,5551,0.3974030911922455,0.43318756073858117,1786435377.4837089
4,5552,0.45222145318984985,0.4324127906976744,1786435377.5722296
4,5553,0.3383439779281616,0.43272946859903383,1786435377.6603153
4,5554,0.40719231963157654,0.43304431599229287,1786435377.7483716
4,5555,0.44159582257270813,0.4329971181556196,1786435377.8415148
4,5556,0.3483186662197113,0.4329501915708812,1786435377.9307392
4,5557,0.6082772016525269,0.4333810888252149,1786435378.0184119
4,5558,0.5161683559417725,0.4332142857142857,1786435378.1128676
4,5559,0.3360062539577484,0.4337606837606838,1786435378.200465
4,5560,0.46869438886642456,0.43383049242424243,1786435378.2889748
4,5561,0.43657755851745605,0.43389990557129365,1786435378.378208
4,5562,0.559558629989624,0.4338512241054614,1786435378.467058
4,5563,0.7934321165084839,0.43333333333333335,1786435378.5555482
4,5564,0.5398238897323608,0.43316947565543074,1786435378.6442335
4,5565,0.42001527547836304,0.4332399626517274,1786435378.7340608
4,5566,0.499315083026886,0.4333100558659218,1786435378.824118
4,5567,0.38565507531166077,0.4325673166202414,1786435378.9157245
4,5568,0.6164050698280334,0.4322916666666667,1786435379.0058227
4,5569,0.42913001775741577,0.4328254847645429,1786435379.094591
4,5570,0.3303987681865692,0.43324125230202576,1786435379.1845112
4,5571,0.4390060007572174,0.4326216712580349,1786435379.2745016
4,5572,0.34590643644332886,0.4320054945054945,1786435379.36986
4,5573,0.5878342390060425,0.43230593607305934,1786435379.464056
4,5574,0.30497175455093384,0.4324908925318761,1786435379.5540805
4,5575,0.5778079032897949,0.4330154405086285,1786435379.6428266
4,5576,0.5069889426231384,0.4333106884057971,1786435379.7323716
4,5577,0.49461543560028076,0.43326558265582654,1786435379.8209417
4,5578,0.40352940559387207,0.43344594594594593,1786435379.910049
4,5579,0.6154171824455261,0.4334007187780773,1786435379.9992368
4,5580,0.3803471624851227,0.4336917562724014,1786435380.0894556
4,5581,0.4186325967311859,0.4337578194816801,1786435380.1784325
4,5582,0.295803040266037,0.4343805704099822,1786435380.269193
4,5583,0.6364567875862122,0.43477777777777776,1786435380.3588593
4,5584,0.3823135793209076,0.4348404255319149,1786435380.4486754
4,5585,0.386736661195755,0.4349027409372237,1786435380.5379887
4,5586,0.35640081763267517,0.43540564373897706,1786435380.6272476
4,5587,0.3741336762905121,0.43579595426561124,1786435380.7156682
4,5588,0.502851665019989,0.43486842105263157,1786435380.8053322
4,5589,0.4686773717403412,0.43416447944007,1786435380.8951159
4,5590,0.49165329337120056,0.4342277486910995,1786435380.9843733
4,5591,0.5624163150787354,0.433964316797215,1786435381.0741978
4,5592,0.41763392090797424,0.4340277777777778,1786435381.1629755
4,5593,0.49339255690574646,0.4341991341991342,1786435381.2521973
4,5594,0.5204106569290161,0.4336139896373057,1786435381.3414161
4,5595,0.42220842838287354,0.4337855297157623,1786435381.430491
4,5596,0.337758868932724,0.4330970790378007,1786435381.5199816
4,5597,0.38683781027793884,0.43359040274207367,1786435381.6098084
4,5598,0.4044734537601471,0.4338675213675214,1786435381.6984117
4,5599,0.3935597538948059,0.43424978687127025,1786435381.787114
4,5600,0.8004066944122314,0.43420493197278914,1786435381.8763278
4,5601,0.4084591865539551,0.43469041560644617,1786435381.9666684
4,5602,0.3498660624027252,0.4342216582064298,1786435382.0568118
4,5603,0.37473711371421814,0.43481012658227847,1786435382.1463156
4,5604,0.44493138790130615,0.4342382154882155,1786435382.2363174
4,5605,0.5455584526062012,0.4342989084802687,1786435382.3264635
4,5606,0.48528853058815,0.43467336683417085,1786435382.4155815
4,5607,0.32013994455337524,0.43504594820384296,1786435382.5042918
4,5608,0.5123509168624878,0.4345833333333333,1786435382.5941489
4,5609,0.3350479006767273,0.4350581878636742,1786435382.6831832
4,5610,0.46958228945732117,0.43542703150912104,1786435382.7717476
4,5611,0.268731951713562,0.43610421836228286,1786435382.861295
4,5612,0.42689424753189087,0.4360561056105611,1786435382.9509535
4,5613,0.4196862578392029,0.43652263374485595,1786435383.0402544
4,5614,0.33477210998535156,0.437192118226601,1786435383.1291964
4,5615,0.5995745658874512,0.43724406224406226,1786435383.2187016
4,5616,0.3555169701576233,0.4375,1786435383.3080442
4,5617,0.508737325668335,0.4375509372453138,1786435383.3966095
4,5618,0.3638010323047638,0.436890243902439,1786435383.4852405
4,5619,0.3418378531932831,0.4376520681265207,1786435383.5740898
4,5620,0.35118091106414795,0.43790453074433655,1786435383.6627815
4,5621,0.42672285437583923,0.4380548829701372,1786435383.7502756
4,5622,0.4240504503250122,0.4384057971014493,1786435383.8381677
4,5623,0.4300587773323059,0.43855421686746987,1786435383.9263265
4,5624,0.5555463433265686,0.4382011217948718,1786435384.0146763
4,5625,0.3241843581199646,0.4377498001598721,1786435384.1034765
4,5626,0.2891882359981537,0.4381977671451356,1786435384.1916816
4,5627,0.48764723539352417,0.4379474940334129,1786435384.2803252
4,5628,0.37243857979774475,0.43819444444444444,1786435384.3684447
4,5629,0.5250244736671448,0.43844022169437846,1786435384.457013
4,5630,0.7326303124427795,0.4381911532385466,1786435384.5503678
4,5631,0.35395553708076477,0.4383372734436564,1786435384.6450462
4,5632,0.46520209312438965,0.4386792452830189,1786435384.737545
4,5633,0.4681982100009918,0.4387254901960784,1786435384.8349524
4,5634,0.4034639596939087,0.4387715179968701,1786435384.9229789
4,5635,0.39406079053878784,0.43901249024199845,1786435385.016042
4,5636,0.6901718378067017,0.43876557632398755,1786435385.1093497
4,5637,0.518277645111084,0.4386169386169386,1786435385.1982718
4,5638,0.43094712495803833,0.4387596899224806,1786435385.2873638
4,5639,0.407817542552948,0.4390951276102088,1786435385.3757849
4,5640,0.3584442734718323,0.4390432098765432,1786435385.473183
4,5641,0.4016219675540924,0.4390877598152425,1786435385.5625157
4,5642,0.33158645033836365,0.4396121351766513,1786435385.6614156
4,5643,0.38957712054252625,0.43984674329501916,1786435385.760332
4,5644,0.4361524283885956,0.4390290519877676,1786435385.8485003
4,5645,0.4332181513309479,0.43945461479786424,1786435385.9375768
4,5646,0.47733360528945923,0.4389269406392694,1786435386.0267045
4,5647,0.3761941194534302,0.4380220197418375,1786435386.115277
4,5648,0.5917485952377319,0.43778409090909093,1786435386.2037468
4,5649,0.4848623275756836,0.4375472411186697,1786435386.2917068
4,5650,0.5346828103065491,0.4374057315233786,1786435386.3800888
4,5651,0.39423784613609314,0.4367005267118134,1786435386.4692667
4,5652,0.42150506377220154,0.4369369369369369,1786435386.558239
4,5653,0.2871451675891876,0.43764044943820224,1786435386.6561604
4,5654,0.4476609528064728,0.4375,1786435386.7545505
4,5655,0.49582380056381226,0.4375466070096943,1786435386.8554482
4,5656,0.36469709873199463,0.43712797619047616,1786435386.9437041
4,5657,0.5570739507675171,0.43643281365998515,1786435387.0323896
4,5658,0.6761223077774048,0.43648148148148147,1786435387.1206565
4,5659,0.44543027877807617,0.43671470805617146,1786435387.2089317
4,5660,0.48074617981910706,0.43676253687315636,1786435387.2969232
4,5661,0.4720594584941864,0.43625827814569534,1786435387.3930829
4,5662,0.4002392888069153,0.43658223201174745,1786435387.48179
4,5663,0.3726744055747986,0.4367216117216117,1786435387.5778718
4,5664,0.36696985363960266,0.43704312865497075,1786435387.6753817
4,5665,0.41066867113113403,0.43727206418672504,1786435387.7644024
4,5666,0.45305967330932617,0.43713609898107714,1786435387.8533115
4,5667,0.48159515857696533,0.43736383442265797,1786435387.9417377
4,5668,0.45525169372558594,0.4375905797101449,1786435388.0303419
4,5669,0.5425633192062378,0.4374548083875633,1786435388.1271613
4,5670,0.5757125616073608,0.43722943722943725,1786435388.2196534
4,5671,0.3405017554759979,0.4377249820014399,1786435388.309148
4,5672,0.6785591840744019,0.43767959770114945,1786435388.4018087
4,5673,0.6829739809036255,0.43700716845878135,1786435388.498251
4,5674,0.3719429075717926,0.43705293276108725,1786435388.5946774
4,5675,0.3816278278827667,0.43665239114917914,1786435388.6836414
4,5676,0.31815144419670105,0.4370548433048433,1786435388.7755225
4,5677,0.4085143804550171,0.43674484719260837,1786435388.8640633
4,5678,0.662173867225647,0.43652482269503545,1786435388.955772
4,5679,0.41145867109298706,0.43639419674451524,1786435389.0545075
4,5680,0.36996573209762573,0.4365289548022599,1786435389.1537688
4,5681,0.5097688436508179,0.4365750528541226,1786435389.247933
4,5682,0.36228734254837036,0.43670886075949367,1786435389.3364313
4,5683,0.4276457726955414,0.4369298245614035,1786435389.424702
4,5684,0.6570272445678711,0.4367997198879552,1786435389.5148551
4,5685,0.40941381454467773,0.43675751222921033,1786435389.613896
4,5686,0.3334258496761322,0.43697698744769875,1786435389.7138674
4,5687,0.3937605023384094,0.43728253305497566,1786435389.8026042
4,5688,0.38889673352241516,0.43758680555555557,1786435389.890306
4,5689,0.3257738947868347,0.4378898128898129,1786435389.9827344
4,5690,0.575213611125946,0.43793222683264177,1786435390.0755043
4,5691,0.5165164470672607,0.43831953071083507,1786435390.1659803
4,5692,0.34616023302078247,0.4385330578512397,1786435390.2536738
4,5693,0.35436439514160156,0.4390893470790378,1786435390.3418193
4,5694,0.597948431968689,0.4393861454046639,1786435390.4298074
4,5695,0.3681274652481079,0.4394250513347023,1786435390.5179803
4,5696,0.46812307834625244,0.4396345628415301,1786435390.605591
4,5697,0.33599188923835754,0.43941717791411045,1786435390.6939447
4,5698,0.5060669183731079,0.43920068027210885,1786435390.7816875
4,5699,0.3244311213493347,0.4393245078071962,1786435390.86964
4,5700,0.40330612659454346,0.4388550135501355,1786435390.959231
4,5701,0.5682136416435242,0.43864097363083165,1786435391.0467224
4,5702,0.46876290440559387,0.4383434547908232,1786435391.1350236
4,5703,0.4035756587982178,0.4385521885521885,1786435391.229376
4,5704,0.42035597562789917,0.4388440860215054,1786435391.3180215
4,5705,0.47507238388061523,0.43896713615023475,1786435391.40577
4,5706,0.5261943936347961,0.43917336010709507,1786435391.4941378
4,5707,0.4066869914531708,0.4394622578490314,1786435391.5816803
4,5708,0.3227279484272003,0.43975,1786435391.6692288
4,5709,0.40311989188194275,0.43953759148369925,1786435391.7578301
4,5710,0.4413142204284668,0.43949203187250996,1786435391.846125
4,5711,0.34395304322242737,0.44010934393638174,1786435391.933466
4,5712,0.5427389740943909,0.4400628306878307,1786435392.0212493
4,5713,0.32473695278167725,0.44018151815181517,1786435392.1089418
4,5714,0.38033929467201233,0.4403820816864295,1786435392.1973925
4,5715,0.43033838272094727,0.4404174884944116,1786435392.2850163
4,5716,0.36377251148223877,0.44028871391076113,1786435392.373467
4,5717,0.27921682596206665,0.44048788474132283,1786435392.4607432
4,5718,0.6414088010787964,0.44019607843137254,1786435392.5492916
4,5719,0.4532032310962677,0.4398238747553816,1786435392.6378257
4,5720,0.47524768114089966,0.4397786458333333,1786435392.725542
4,5721,0.5324717164039612,0.4394899285250162,1786435392.8137019
4,5722,0.6398045420646667,0.4393644617380026,1786435392.9012997
4,5723,0.6675690412521362,0.43907766990291264,1786435392.9904954
4,5724,0.4915880262851715,0.4391149870801034,1786435393.079079
4,5725,0.4146663546562195,0.4392327530625403,1786435393.1663961
4,5726,0.4412696361541748,0.43878700128700127,1786435393.2551227
4,5727,0.44610396027565,0.4385035324341683,1786435393.3438947
4,5728,0.4600480794906616,0.4387820512820513,1786435393.4313726
4,5729,0.3078940510749817,0.4382597568777991,1786435393.520285
4,5730,0.47612953186035156,0.43813856960408687,1786435393.6078417
4,5731,0.34686553478240967,0.4385755258126195,1786435393.6955285
4,5732,0.3840988576412201,0.4381361323155216,1786435393.7911048
4,5733,0.5659353137016296,0.43833333333333335,1786435393.8851779
4,5734,0.429576575756073,0.43829214195183774,1786435393.97486
4,5735,0.5367928743362427,0.43785578747628084,1786435394.0639777
4,5736,0.5153121948242188,0.43773674242424243,1786435394.153053
4,5737,0.47634488344192505,0.4375393824826717,1786435394.2416484
4,5738,0.40800702571868896,0.4375,1786435394.329755
4,5739,0.5277604460716248,0.4372253609541745,1786435394.4178133
4,5740,0.4587012529373169,0.43703007518796994,1786435394.5058005
4,5741,0.3226722478866577,0.4376172607879925,1786435394.5945957
4,5742,0.3836222290992737,0.4380461922596754,1786435394.6851811
4,5743,0.42696061730384827,0.4382398753894081,1786435394.7774622
4,5744,0.40398815274238586,0.4385105721393035,1786435394.867314
4,5745,0.5582644939422607,0.43808193668528866,1786435394.956167
4,5746,0.43448981642723083,0.4381195786864932,1786435395.0444398
4,5747,0.6281769275665283,0.43807977736549164,1786435395.1370533
4,5748,0.5729882717132568,0.4385030864197531,1786435395.225747
4,5749,0.34669575095176697,0.43846272335181763,1786435395.317675
4,5750,0.38284531235694885,0.43865313653136534,1786435395.4094644
4,5751,0.6037481427192688,0.43853591160220995,1786435395.498338
4,5752,0.4294215142726898,0.43864889705882354,1786435395.5860589
4,5753,0.5115571618080139,0.4381498470948012,1786435395.6744354
4,5754,0.5890309810638428,0.4378815628815629,1786435395.7630773
4,5755,0.38076555728912354,0.4373095673369896,1786435395.8518932
4,5756,0.6169729232788086,0.4371198296836983,1786435395.9403424
4,5757,0.4914614260196686,0.43677899210686094,1786435396.0280976
4,5758,0.40360593795776367,0.4368181818181818,1786435396.1159515
4,5759,0.5027211904525757,0.43693284936479126,1786435396.2064373
4,5760,0.594219982624054,0.4370471014492754,1786435396.2952325
4,5761,0.4969208240509033,0.4367842073538276,1786435396.384228
4,5762,0.6661463975906372,0.43667268351383876,1786435396.471669
4,5763,0.358218789100647,0.4368618618618619,1786435396.5595052
4,5764,0.6104826927185059,0.4371252997601918,1786435396.6485693
4,5765,0.39598768949508667,0.4371633752244165,1786435396.7371535
4,5766,0.49996668100357056,0.43727598566308246,1786435396.8277671
4,5767,0.38657471537590027,0.4377608825283244,1786435396.9189303
4,5768,0.5402047634124756,0.43794642857142857,1786435397.008012
4,5769,0.5607435703277588,0.43768568033273914,1786435397.0980074
4,5770,0.3860795199871063,0.43787069988137606,1786435397.1918612
4,5771,0.42966794967651367,0.43761101243339257,1786435397.2862785
4,5772,0.3982291519641876,0.4373522458628842,1786435397.3751402
4,5773,0.43793922662734985,0.4376106194690266,1786435397.4641688
4,5774,0.6274640560150146,0.4372055359246172,1786435397.5540104
4,5775,0.4811524450778961,0.4374632569077013,1786435397.6420138
4,5776,0.528224527835846,0.43742664319248825,1786435397.7307417
4,5777,0.35134536027908325,0.4376830697129467,1786435397.8188696
4,5778,0.5901517271995544,0.43757309941520467,1786435397.9079409
4,5779,0.4133043885231018,0.43775539988324574,1786435397.9964764
4,5780,0.6094126105308533,0.4373543123543124,1786435398.0851176
4,5781,0.3397846221923828,0.4374636416521233,1786435398.1725056
4,5782,0.37831878662109375,0.43764518002322883,1786435398.2611895
4,5783,0.6603947281837463,0.43775362318840577,1786435398.350583
4,5784,0.5236880779266357,0.4372829861111111,1786435398.4397879
4,5785,0.4680401682853699,0.4373916811091854,1786435398.5276651
4,5786,0.4117521047592163,0.43685121107266434,1786435398.6165774
4,5787,0.5221818685531616,0.43667242371905585,1786435398.704968
4,5788,0.4016754925251007,0.4360632183908046,1786435398.793711
4,5789,0.3694378733634949,0.4362449799196787,1786435398.881762
4,5790,0.4009443521499634,0.43599656357388317,1786435398.9712768
4,5791,0.46886584162712097,0.4362492853058891,1786435399.0601897
4,5792,0.44442352652549744,0.4365724885844749,1786435399.1493475
4,5793,0.5843358039855957,0.43675213675213675,1786435399.238338
4,5794,0.6435670852661133,0.4367889647326507,1786435399.3352544
4,5795,0.3114929795265198,0.4363287904599659,1786435399.4248111
4,5796,0.3658983111381531,0.4366496598639456,1786435399.5129902
4,5797,0.4204408526420593,0.43689869835880024,1786435399.6017177
4,5798,0.5011510252952576,0.4367231638418079,1786435399.6959047
4,5799,0.38588452339172363,0.4369007332205302,1786435399.7843866
4,5800,0.3348679542541504,0.43728885135135137,1786435399.8720412
4,5801,0.39052215218544006,0.43753513209668354,1786435399.960904
4,5802,0.5687698125839233,0.43757014590347926,1786435400.048884
4,5803,0.4016972780227661,0.43788515406162465,1786435400.1369743
4,5804,0.5048357844352722,0.43812919463087246,1786435400.2284036
4,5805,0.536393404006958,0.43830262423227245,1786435400.3209107
4,5806,0.3147200047969818,0.4387541806020067,1786435400.4120898
4,5807,0.5660742521286011,0.43850862548692265,1786435400.5013573
4,5808,0.3645237386226654,0.4386805555555556,1786435400.5898798
4,5809,0.6292767524719238,0.4387132556849695,1786435400.677822
4,5810,0.46547794342041016,0.4383997785160576,1786435400.7665374
4,5811,0.3766036331653595,0.4386401326699834,1786435400.8548715
4,5812,0.5147310495376587,0.43825883002207505,1786435400.943306
4,5813,0.3537795841693878,0.4385674931129477,1786435401.0316627
4,5814,0.520273745059967,0.43846259625962597,1786435401.1197865
4,5815,0.43025073409080505,0.43808347062053815,1786435401.208457
4,5816,0.4681863784790039,0.43825383771929827,1786435401.3041592
4,5817,0.42242059111595154,0.43842364532019706,1786435401.3979614
4,5818,0.39008229970932007,0.43838797814207653,1786435401.4926658
4,5819,0.373169481754303,0.43848881614839064,1786435401.583818
4,5820,0.3832041323184967,0.4385893246187364,1786435401.6733108
4,5821,0.3326001465320587,0.4387574768896139,1786435401.7685952
4,5822,0.5636716485023499,0.4382464712269272,1786435401.8624487
4,5823,0.4632343053817749,0.43861788617886177,1786435401.9542017
4,5824,0.42546015977859497,0.4387175324675325,1786435402.046263
4,5825,0.5008297562599182,0.4389519178822258,1786435402.1516378
4,5826,0.5006186962127686,0.43918554476806904,1786435402.2465446
4,5827,0.3680867552757263,0.43935110393107163,1786435402.3413825
4,5828,0.4261642396450043,0.4396505376344086,1786435402.4327266
4,5829,0.36847448348999023,0.43968062265163715,1786435402.5224123
4,5830,0.3913750648498535,0.43991157556270094,1786435402.6111252
4,5831,0.3468564450740814,0.4400749063670412,1786435402.7015064
4,5832,0.48564133048057556,0.43977029914529914,1786435402.7935264
4,5833,0.4502425491809845,0.43946666666666667,1786435402.8975606
4,5834,0.46219751238822937,0.439363684771033,1786435402.986667
4,5835,0.5773008465766907,0.4393939393939394,1786435403.0761201
4,5836,0.5700210332870483,0.43929140127388533,1786435403.1746557
4,5837,0.337215393781662,0.43932167461579225,1786435403.2719698
4,5838,0.3791128396987915,0.4392857142857143,1786435403.3611648
4,5839,0.7560010552406311,0.43911780243000526,1786435403.461755
4,5840,0.7179920673370361,0.4387526371308017,1786435403.5560923
4,5841,0.4599264860153198,0.4385860979462875,1786435403.6496668
4,5842,0.3169909715652466,0.43907728706624605,1786435403.739484
4,5843,0.4172634780406952,0.43871391076115485,1786435403.8303614
4,5844,0.4421021640300751,0.438875786163522,1786435403.9285214
4,5845,0.48724067211151123,0.43884092098377814,1786435404.017405
4,5846,0.3925529420375824,0.4389367816091954,1786435404.1153357
4,5847,0.39447978138923645,0.4389019300991132,1786435404.2130735
4,5848,0.5729784369468689,0.4386067708333333,1786435404.3064117
4,5849,0.61402827501297,0.43863754550182005,1786435404.4051607
4,5850,0.6195542812347412,0.43860332294911736,1786435404.503085
4,5851,0.6130632162094116,0.4381156039398652,1786435404.5941598
4,5852,0.5621551275253296,0.43814699792960665,1786435404.6854537
4,5853,0.36839160323143005,0.43830749354005166,1786435404.7745855
4,5854,0.4040237069129944,0.43808049535603716,1786435404.8745408
4,5855,0.5118047595024109,0.43798299845440497,1786435404.9737513
4,5856,0.3939845561981201,0.4380787037037037,1786435405.073096
4,5857,0.3673846125602722,0.43817411402157164,1786435405.1683874
4,5858,0.4425973892211914,0.4379487179487179,1786435405.256551
4,5859,0.5542909502983093,0.4381720430107527,1786435405.3448687
4,5860,0.5369933247566223,0.43769171779141103,1786435405.4373624
4,5861,0.4231790006160736,0.4377233282286881,1786435405.5310228
4,5862,0.3978421092033386,0.43743628950050967,1786435405.6268313
4,5863,0.4714886248111725,0.43753180661577606,1786435405.7273157
4,5864,0.4178604185581207,0.437182418699187,1786435405.8161864
4,5865,0.4368724226951599,0.43753170979198375,1786435405.9047964
4,5866,0.3722134232521057,0.4377532928064843,1786435406.000285
4,5867,0.34172457456588745,0.4373419322205362,1786435406.0964613
4,5868,0.6212269067764282,0.4374368686868687,1786435406.1913154
4,5869,0.5567597150802612,0.43734241048915784,1786435406.2805061
4,5870,0.4162957966327667,0.43737411883182276,1786435406.369645
4,5871,0.5447861552238464,0.43721719457013575,1786435406.4664278
4,5872,0.44009754061698914,0.4375,1786435406.5561488
4,5873,0.3896830677986145,0.43734335839599,1786435406.645951
4,5874,0.4497739374637604,0.4373123123123123,1786435406.7343462
4,5875,0.4913788139820099,0.43696901549225386,1786435406.8235323
4,5876,0.3737267553806305,0.436813872255489,1786435406.912724
4,5877,0.34108707308769226,0.43641006477329347,1786435407.006546
4,5878,0.4448467195034027,0.43606965174129353,1786435407.0970442
4,5879,0.38216477632522583,0.43591654247391953,1786435407.1867518
4,5880,0.4718950390815735,0.43570188492063494,1786435407.2752666
4,5881,0.401379257440567,0.4357974244675582,1786435407.3629932
4,5882,0.35614222288131714,0.4358926805143422,1786435407.45172
4,5883,0.6309587955474854,0.43555555555555553,1786435407.540371
4,5884,0.4049060344696045,0.43558925049309666,1786435407.6280494
4,5885,0.39507773518562317,0.43580748399803054,1786435407.7169836
4,5886,0.5056332349777222,0.43565634218289084,1786435407.8058488
4,5887,0.4251770079135895,0.43599656357388317,1786435407.89434
4,5888,0.4452305734157562,0.43615196078431373,1786435407.985758
4,5889,0.3032678961753845,0.436429270680372,1786435408.0745142
4,5890,0.41884657740592957,0.43640029325513197,1786435408.1640384
4,5891,0.42307260632514954,0.43637140068326014,1786435408.2559505
4,5892,0.4510652422904968,0.4364644249512671,1786435408.3456116
4,5893,0.4738360643386841,0.4366788321167883,1786435408.435338
4,5894,0.3090989589691162,0.4370748299319728,1786435408.5243106
4,5895,0.3519095778465271,0.43728772440562835,1786435408.6118417
4,5896,0.334091454744339,0.4376211240310077,1786435408.6996827
4,5897,0.3627398908138275,0.4372278664731495,1786435408.7880197
4,5898,0.3367600739002228,0.4375,1786435408.8764386
4,5899,0.37385547161102295,0.4372889532079112,1786435408.9667852
4,5900,0.42498043179512024,0.436897880539499,1786435409.0573628
4,5901,0.5058352947235107,0.4367484367484368,1786435409.1472042
4,5902,0.5077242255210876,0.43647934678194045,1786435409.235555
4,5903,0.5899420976638794,0.43639088729016784,1786435409.325733
4,5904,0.4372956156730652,0.4364822796934866,1786435409.4147117
4,5905,0.45986902713775635,0.4365734098517456,1786435409.5027149
4,5906,0.3638339042663574,0.4369030563514804,1786435409.5913036
4,5907,0.39473968744277954,0.436516452074392,1786435409.6807754
4,5908,0.5745648145675659,0.43666666666666665,1786435409.7685444
4,5909,0.3107546865940094,0.43628150261531146,1786435409.8585827
4,5910,0.40846961736679077,0.43637226970560306,1786435409.9477053
4,5911,0.39184045791625977,0.4364627785680417,1786435410.035448
4,5912,0.3985813856124878,0.43607954545454547,1786435410.124105
4,5913,0.44299447536468506,0.4358156028368794,1786435410.2127945
4,5914,0.5283457636833191,0.43555240793201133,1786435410.3024874
4,5915,0.4480850398540497,0.4355846298915606,1786435410.3905742
4,5916,0.5603061318397522,0.4353813559322034,1786435410.479949
4,5917,0.5397769212722778,0.4352374236013164,1786435410.5719514
4,5918,0.5240942239761353,0.4352112676056338,1786435410.6620946
4,5919,0.38876086473464966,0.4353023909985935,1786435410.751005
4,5920,0.4582340717315674,0.4353932584269663,1786435410.839811
4,5921,0.5840791463851929,0.43507480130902293,1786435410.9284656
4,5922,0.3065686821937561,0.4352824463118581,1786435411.0218716
4,5923,0.5390153527259827,0.4353146853146853,1786435411.1160169
4,5924,0.5486421585083008,0.43534683426443205,1786435411.2087457
4,5925,0.4983416497707367,0.4352045560204556,1786435411.3008988
4,5926,0.7169986963272095,0.4351787372330548,1786435411.393518
4,5927,0.6278365254402161,0.4349791376912378,1786435411.490831
4,5928,0.41111963987350464,0.4351851851851852,1786435411.5874498
4,5929,0.45310524106025696,0.4352172907998151,1786435411.6895506
4,5930,0.3544403612613678,0.4354224376731302,1786435411.7867088
4,5931,0.3524898588657379,0.4354541263254956,1786435411.882425
4,5932,0.6983023881912231,0.43525552486187846,1786435411.9887981
4,5933,0.3886072635650635,0.4353448275862069,1786435412.0860271
4,5934,0.4916110038757324,0.4356060606060606,1786435412.1885128
4,5935,0.4369044899940491,0.4354080696928015,1786435412.2914515
4,5936,0.482526957988739,0.4354967948717949,1786435412.3887315
4,5937,0.3479154109954834,0.4357567443987197,1786435412.4828742
4,5938,0.4823988676071167,0.4355593607305936,1786435412.577984
4,5939,0.41500914096832275,0.43576151390788875,1786435412.6731308
4,5940,0.43936866521835327,0.43579234972677594,1786435412.7683527
4,5941,0.4894452393054962,0.435993633469759,1786435412.8621798
4,5942,0.44149452447891235,0.4357402361489555,1786435412.9573872
4,5943,0.34925147891044617,0.4354308390022676,1786435413.063616
4,5944,0.34759777784347534,0.4351222826086957,1786435413.1609375
4,5945,0.44984865188598633,0.43532338308457713,1786435413.2552636
4,5946,0.3075677156448364,0.43558039747064137,1786435413.3500926
4,5947,0.39735350012779236,0.43516012629679746,1786435413.4450366
4,5948,0.4077843427658081,0.43530405405405403,1786435413.5396073
4,5949,0.3822711110115051,0.43527890238416556,1786435413.634027
4,5950,0.38844943046569824,0.43497304582210244,1786435413.7351303
4,5951,0.6914346218109131,0.4348362494392104,1786435413.8309681
4,5952,0.35768046975135803,0.43514784946236557,1786435413.9253442
4,5953,0.27321869134902954,0.4355145413870246,1786435414.0205815
4,5954,0.5666406154632568,0.4354334226988382,1786435414.1151333
4,5955,0.5240538716316223,0.4355198572066042,1786435414.2190294
4,5956,0.4104953408241272,0.4356060606060606,1786435414.3150373
4,5957,0.42645516991615295,0.43524699599465955,1786435414.4102693
4,5958,0.5442554950714111,0.43522222222222223,1786435414.5057452
4,5959,0.37494707107543945,0.43497558810474923,1786435414.6013813
4,5960,0.37286776304244995,0.43495124113475175,1786435414.6974726
4,5961,0.49244424700737,0.4345949535192563,1786435414.7996943
4,5962,0.2715332508087158,0.4350685234305924,1786435414.894303
4,5963,0.3760712146759033,0.43526490066225165,1786435414.989428
4,5964,0.4346369802951813,0.4351851851851852,1786435415.0873442
4,5965,0.37231916189193726,0.4352157639806253,1786435415.1822636
4,5966,0.6506178975105286,0.4348614775725594,1786435415.2795186
4,5967,0.7368619441986084,0.4348375054896794,1786435415.374743
4,5968,0.3280918598175049,0.4351973684210526,1786435415.4698117
4,5969,0.3993724584579468,0.43478975032851513,1786435415.5751739
4,5970,0.4102267622947693,0.43503937007874016,1786435415.6706903
4,5971,0.7114271521568298,0.43479685452162514,1786435415.7789934
4,5972,0.4956818222999573,0.4349367364746946,1786435415.88607
4,5973,0.39017805457115173,0.4350762527233116,1786435415.980806
4,5974,0.4413965344429016,0.4351610095735422,1786435416.077543
4,5975,0.46467113494873047,0.4350282485875706,1786435416.181678
4,5976,0.4236869812011719,0.4351128472222222,1786435416.2778974
4,5977,0.5939269661903381,0.43514304291287387,1786435416.373794
4,5978,0.26953861117362976,0.4350108225108225,1786435416.4822536
4,5979,0.5635582208633423,0.43460873324686555,1786435416.578639
4,5980,0.26420408487319946,0.43496329879101897,1786435416.682324
4,5981,0.4004915654659271,0.43520914187149634,1786435416.7775807
4,5982,0.47199127078056335,0.4351851851851852,1786435416.8743598
4,5983,0.4323998987674713,0.4352150537634409,1786435416.9771097
4,5984,0.5073090195655823,0.43524484536082475,1786435417.0796852
4,5985,0.4077581763267517,0.43543543543543545,1786435417.1762981
4,5986,0.43773549795150757,0.43546486718080546,1786435417.2721622
4,5987,0.3379508852958679,0.43581514762516044,1786435417.37404
4,5988,0.6843335628509521,0.4358974358974359,1786435417.481621
4,5989,0.6276879906654358,0.43608621425522837,1786435417.5774915
4,5990,0.5905224680900574,0.4360613810741688,1786435417.6741903
4,5991,0.472098708152771,0.43614303959131545,1786435417.7685142
4,5992,0.3882419168949127,0.436437074829932,1786435417.862957
4,5993,0.39234989881515503,0.4363588110403397,1786435417.9576159
4,5994,0.5044910311698914,0.4361217133163698,1786435418.064511
4,5995,0.475644588470459,0.43599110546378655,1786435418.1644013
4,5996,0.634783923625946,0.43607233502538073,1786435418.260105
4,5997,0.36391761898994446,0.43615335868187577,1786435418.3640668
4,5998,0.45810192823410034,0.4360232067510548,1786435418.4598327
4,5999,0.480753630399704,0.4355773282764433,1786435418.5546381
4,6000,0.49353206157684326,0.4353956228956229,1786435418.6608875
4,6001,0.6117749214172363,0.43521437578814626,1786435418.7553859
4,6002,0.4648374915122986,0.43524349286314024,1786435418.8498912
4,6003,0.5537948608398438,0.4351153039832285,1786435418.9502134
4,6004,0.3209781050682068,0.43519681742043553,1786435419.04676
4,6005,0.4179488718509674,0.43533040568799664,1786435419.1425545
4,6006,0.39073818922042847,0.435359231411863,1786435419.2422304
4,6007,0.4240582287311554,0.43538798498122655,1786435419.3370364
4,6008,0.43957310914993286,0.4354166666666667,1786435419.4319248
4,6009,0.5101454257965088,0.43528922180607577,1786435419.527416
4,6010,0.6775037050247192,0.4351101413133832,1786435419.6321433
4,6011,0.3630019426345825,0.43534661685346615,1786435419.726524
4,6012,0.32934480905532837,0.43542703150912104,1786435419.8219223
4,6013,0.45510491728782654,0.43545548654244304,1786435419.916962
4,6014,0.4116348922252655,0.43574234904880066,1786435420.010877
4,6015,0.3510095477104187,0.43592523750516315,1786435420.1063032
4,6016,0.37737035751342773,0.43631394389438943,1786435420.2087784
4,6017,0.5197202563285828,0.4361351462711166,1786435420.3129444
4,6018,0.3888736367225647,0.4364197530864197,1786435420.414017
4,6019,0.5305946469306946,0.43603575832305796,1786435420.5094461
4,6020,0.3793114423751831,0.4362684729064039,1786435420.6036687
4,6021,0.37220826745033264,0.43650061500615006,1786435420.6977367
4,6022,0.5378446578979492,0.4366298116298116,1786435420.7970586
4,6023,0.4122970998287201,0.43660531697341515,1786435420.9011295
4,6024,0.3772091567516327,0.4365808823529412,1786435420.999309
4,6025,0.3381572961807251,0.43691350469196244,1786435421.0952806
4,6026,0.4282466173171997,0.4369396903015485,1786435421.1908035
4,6027,0.4042544364929199,0.43691493691493694,1786435421.285434
4,6028,0.5539193749427795,0.4367378048780488,1786435421.3807988
4,6029,0.5309857726097107,0.43661185546082015,1786435421.479026
4,6030,0.6230417490005493,0.43623276561232766,1786435421.583791
4,6031,0.3691418170928955,0.4364115026326448,1786435421.6793733
4,6032,0.6609890460968018,0.43653923948220064,1786435421.7729487
4,6033,0.4221242070198059,0.4367171717171717,1786435421.8691838
4,6034,0.5791741609573364,0.4367937853107345,1786435421.9709206
4,6035,0.43707841634750366,0.43702136235388955,1786435422.073862
4,6036,0.33315107226371765,0.4372483896940419,1786435422.1716783
4,6037,0.35569053888320923,0.43742460796139926,1786435422.2669113
4,6038,0.3476753532886505,0.4376004016064257,1786435422.3619983
4,6039,0.44187667965888977,0.4373245086241476,1786435422.468477
4,6040,0.39688578248023987,0.43704927884615385,1786435422.5753455
4,6041,0.40643638372421265,0.4372248899559824,1786435422.671052
4,6042,0.3683772087097168,0.4373001598721023,1786435422.7651942
4,6043,0.38056743144989014,0.437375249500998,1786435422.8596978
4,6044,0.32970741391181946,0.4376993620414673,1786435422.9653165
4,6045,0.511196494102478,0.43757467144563916,1786435423.0663016
4,6046,0.38741207122802734,0.4372016706443914,1786435423.1607919
4,6047,0.49659037590026855,0.4371771950735002,1786435423.2554278
4,6048,0.4007960855960846,0.43720238095238095,1786435423.3508127
4,6049,0.4082523286342621,0.43737613951644866,1786435423.4456587
4,6050,0.6829941868782043,0.4372030878859858,1786435423.539798
4,6051,0.4794447720050812,0.4369315935152234,1786435423.6344976
4,6052,0.35583898425102234,0.43700631911532384,1786435423.7354155
4,6053,0.5894539952278137,0.4369329388560158,1786435423.832228
4,6054,0.4387781023979187,0.4371059889676911,1786435423.9271774
4,6055,0.5682317614555359,0.43688508461235737,1786435424.0222225
4,6056,0.49917787313461304,0.4368612421383648,1786435424.1160781
4,6057,0.33418068289756775,0.43703376521397724,1786435424.2143786
4,6058,0.4609973430633545,0.43720588235294117,1786435424.3094945
4,6059,0.6101087331771851,0.4372307089698394,1786435424.405503
4,6060,0.48006388545036316,0.43705985915492956,1786435424.500462
4,6061,0.4475543200969696,0.43723134036733097,1786435424.5964508
4,6062,0.4316105842590332,0.4373536299765808,1786435424.6987224
4,6063,0.44245216250419617,0.43732943469785573,1786435424.7949502
4,6064,0.41347160935401917,0.4375,1786435424.8994708
4,6065,0.5452073812484741,0.43747569039284323,1786435425.0006819
4,6066,0.4335172772407532,0.43774281274281274,1786435425.0945208
4,6067,0.4124476909637451,0.4375242530073729,1786435425.1859152
4,6068,0.38287943601608276,0.4376453488372093,1786435425.2767928
4,6069,0.5086492896080017,0.43776616337591945,1786435425.3674128
4,6070,0.42697224020957947,0.4377416860015468,1786435425.458536
4,6071,0.4237719476222992,0.4379103901120124,1786435425.5505831
4,6072,0.4134601652622223,0.43798225308641975,1786435425.651539
4,6073,0.43180620670318604,0.438102119460501,1786435425.7484171
4,6074,0.39045268297195435,0.437933025404157,1786435425.8391702
4,6075,0.6904844045639038,0.4380046136101499,1786435425.9287705
4,6076,0.4240671694278717,0.437884024577573,1786435426.018314
4,6077,0.31085237860679626,0.4378596087456847,1786435426.1081378
4,6078,0.4049721360206604,0.43802681992337167,1786435426.197376
4,6079,0.5675064921379089,0.4377631075392269,1786435426.287796
4,6080,0.3925030529499054,0.4380256116207951,1786435426.3762171
4,6081,0.6745239496231079,0.4380011454753723,1786435426.4650018
4,6082,0.49258536100387573,0.43778604118993136,1786435426.5542214
4,6083,0.4934327006340027,0.43747619047619046,1786435426.644567
4,6084,0.39285019040107727,0.4375,1786435426.7348497
4,6085,0.32212546467781067,0.4376662865830483,1786435426.824072
4,6086,0.5738471746444702,0.43773728170083526,1786435426.9160144
4,6087,0.43525850772857666,0.437808115282518,1786435427.0067675
4,6088,0.40502142906188965,0.437594696969697,1786435427.0968878
4,6089,0.2632165551185608,0.43771282633371167,1786435427.1862338
4,6090,0.3261292576789856,0.43773620559334847,1786435427.2758524
4,6091,0.6719108819961548,0.43785390713476785,1786435427.3651214
4,6092,0.3533012270927429,0.4379242081447964,1786435427.4529414
4,6093,0.38900911808013916,0.43804143126177025,1786435427.5414755
4,6094,0.41873741149902344,0.4382994732881866,1786435427.6302943
4,6095,0.6005666255950928,0.43836903419767004,1786435427.7229342
5,6096,0.41963991522789,0.5,1786435433.4790115
5,6097,0.39626654982566833,0.375,1786435433.598076
5,6098,0.42163264751434326,0.4444444444444444,1786435433.6987104
5,6099,0.3910646438598633,0.4583333333333333,1786435433.7997026
5,6100,0.45972466468811035,0.44166666666666665,1786435433.925109
5,6101,0.4882397949695587,0.4583333333333333,1786435434.0192008
5,6102,0.4146133363246918,0.4642857142857143,1786435434.131462
5,6103,0.35014915466308594,0.4375,1786435434.2237597
5,6104,0.3994598984718323,0.4537037037037037,1786435434.315148
5,6105,0.5330271124839783,0.4583333333333333,1786435434.412899
5,6106,0.6180322766304016,0.45075757575757575,1786435434.5170772
5,6107,0.522263765335083,0.4513888888888889,1786435434.6104987
5,6108,0.38702407479286194,0.42948717948717946,1786435434.7066026
5,6109,0.5078478455543518,0.4375,1786435434.7971957
5,6110,0.6082736849784851,0.41944444444444445,1786435434.8876219
5,6111,0.42279353737831116,0.4192708333333333,1786435434.9861646
5,6112,0.4843435287475586,0.40931372549019607,1786435435.0757818
5,6113,0.657071590423584,0.39814814814814814,1786435435.1657016
5,6114,0.3615093529224396,0.4057017543859649,1786435435.2556868
5,6115,0.5434374809265137,0.39791666666666664,1786435435.3454678
5,6116,0.5891568660736084,0.4027777777777778,1786435435.4341154
5,6117,0.7834119200706482,0.3939393939393939,1786435435.5241797
5,6118,0.46525663137435913,0.3858695652173913,1786435435.6135287
5,6119,0.40254271030426025,0.3802083333333333,1786435435.7031834
5,6120,0.48599010705947876,0.38666666666666666,1786435435.791532
5,6121,0.2988980710506439,0.3958333333333333,1786435435.8897188
5,6122,0.3422207534313202,0.404320987654321,1786435435.9848955
5,6123,0.5837411284446716,0.40773809523809523,1786435436.0848231
5,6124,0.41939854621887207,0.4166666666666667,1786435436.1739528
5,6125,0.4022701680660248,0.40694444444444444,1786435436.2627082
5,6126,0.4722312390804291,0.396505376344086,1786435436.3602095
5,6127,0.5364528298377991,0.3984375,1786435436.4495413
5,6128,0.47175800800323486,0.3926767676767677,1786435436.5394583
5,6129,0.32799187302589417,0.39950980392156865,1786435436.628757
5,6130,0.3563549518585205,0.4035714285714286,1786435436.71833
5,6131,0.41602209210395813,0.4085648148148148,1786435436.8066902
5,6132,0.4232144057750702,0.3975225225225225,1786435436.899867
5,6133,0.3393387496471405,0.40350877192982454,1786435436.9925497
5,6134,0.50069260597229,0.40705128205128205,1786435437.0946817
5,6135,0.30398324131965637,0.415625,1786435437.1902723
5,6136,0.39026981592178345,0.4217479674796748,1786435437.2910912
5,6137,0.6732068061828613,0.41964285714285715,1786435437.3818524
5,6138,0.3318484127521515,0.42441860465116277,1786435437.469991
5,6139,0.588720440864563,0.4251893939393939,1786435437.568937
5,6140,0.581872820854187,0.42592592592592593,1786435437.6578925
5,6141,0.42493629455566406,0.421195652173913,1786435437.753208
5,6142,0.5000794529914856,0.4157801418439716,1786435437.8477023
5,6143,0.4480307102203369,0.4131944444444444,1786435437.9372075
5,6144,0.4668857455253601,0.4166666666666667,1786435438.0261314
5,6145,0.5527524948120117,0.41,1786435438.123587
5,6146,0.5374051928520203,0.40522875816993464,1786435438.2126622
5,6147,0.7654550075531006,0.40544871794871795,1786435438.307877
5,6148,0.4574701488018036,0.40644654088050314,1786435438.403961
5,6149,0.3896854519844055,0.4089506172839506,1786435438.493018
5,6150,0.43993711471557617,0.4106060606060606,1786435438.5813897
5,6151,0.4586296081542969,0.41443452380952384,1786435438.677261
5,6152,0.4386114478111267,0.4144736842105263,1786435438.7734947
5,6153,0.4483542740345001,0.41810344827586204,1786435438.8625352
5,6154,0.4864461421966553,0.4145480225988701,1786435438.953157
5,6155,0.3274462819099426,0.4166666666666667,1786435439.0530128
5,6156,0.37490764260292053,0.4187158469945355,1786435439.1530569
5,6157,0.4816422462463379,0.41801075268817206,1786435439.2563143
5,6158,0.4426088333129883,0.42063492063492064,1786435439.3492503
5,6159,0.3804081380367279,0.4231770833333333,1786435439.439896
5,6160,0.4004219174385071,0.4205128205128205,1786435439.5381477
5,6161,0.33447301387786865,0.4217171717171717,1786435439.6276667
5,6162,0.42048150300979614,0.42412935323383083,1786435439.7163205
5,6163,0.5824869275093079,0.42034313725490197,1786435439.8056037
5,6164,0.5387408137321472,0.42089371980676327,1786435439.9034553
5,6165,0.4100269675254822,0.42142857142857143,1786435439.9938471
5,6166,0.5976288914680481,0.42077464788732394,1786435440.0926766
5,6167,0.5471898317337036,0.4201388888888889,1786435440.183132
5,6168,0.5694400072097778,0.4200913242009132,1786435440.2724037
5,6169,0.46358057856559753,0.4166666666666667,1786435440.3719218
5,6170,0.5256162881851196,0.4172222222222222,1786435440.4722238
5,6171,0.36741307377815247,0.4139254385964912,1786435440.5771055
5,6172,0.4883185625076294,0.41504329004329005,1786435440.6708188
5,6173,0.4077441394329071,0.41185897435897434,1786435440.7724667
5,6174,0.5007175207138062,0.4129746835443038,1786435440.8758929
5,6175,0.3622538149356842,0.41458333333333336,1786435440.9656105
5,6176,0.354632705450058,0.4156378600823045,1786435441.0613568
5,6177,0.3213837444782257,0.4136178861788618,1786435441.1514895
5,6178,0.4957570433616638,0.41616465863453816,1786435441.2444499
5,6179,0.3245435357093811,0.4131944444444444,1786435441.3421557
5,6180,0.5088291764259338,0.41323529411764703,1786435441.4316552
5,6181,0.4771002233028412,0.41424418604651164,1786435441.5198793
5,6182,0.4229716360569,0.41522988505747127,1786435441.6081924
5,6183,0.550360918045044,0.41761363636363635,1786435441.699245
5,6184,0.39332959055900574,0.41947565543071164,1786435441.7879674
5,6185,0.44024261832237244,0.4199074074074074,1786435441.8781657
5,6186,0.5073435306549072,0.4207875457875458,1786435441.9671216
5,6187,0.4420400857925415,0.422554347826087,1786435442.0570486
5,6188,0.3972533643245697,0.41935483870967744,1786435442.1474252
5,6189,0.33012163639068604,0.42021276595744683,1786435442.2363176
5,6190,0.5699633359909058,0.4201754385964912,1786435442.3251822
5,6191,0.35598286986351013,0.4227430555555556,1786435442.415142
5,6192,0.3545578718185425,0.42439862542955326,1786435442.504751
5,6193,0.5316289067268372,0.42517006802721086,1786435442.5935667
5,6194,0.30830225348472595,0.42592592592592593,1786435442.6864479
5,6195,0.5667228698730469,0.42833333333333334,1786435442.7787576
5,6196,0.4261847138404846,0.42863036303630364,1786435442.8693936
5,6197,0.37695908546447754,0.4297385620915033,1786435442.959296
5,6198,0.39665526151657104,0.4308252427184466,1786435443.04835
5,6199,0.4074351191520691,0.4322916666666667,1786435443.1388235
5,6200,0.4660727083683014,0.430952380952381,1786435443.232224
5,6201,0.5853668451309204,0.43042452830188677,1786435443.3271966
5,6202,0.39425337314605713,0.4318535825545171,1786435443.432551
5,6203,0.5468329191207886,0.43171296296296297,1786435443.5271032
5,6204,0.4162060022354126,0.4323394495412844,1786435443.6221323
5,6205,0.32848572731018066,0.43068181818181817,1786435443.7157652
5,6206,0.4185565710067749,0.4286786786786787,1786435443.8093438
5,6207,0.4249260723590851,0.4296875,1786435443.9032044
5,6208,0.48832759261131287,0.4284660766961652,1786435444.005311
5,6209,0.5319752097129822,0.42909356725146197,1786435444.1070063
5,6210,0.41890788078308105,0.43079710144927535,1786435444.2059085
5,6211,0.4409484565258026,0.4295977011494253,1786435444.3021476
5,6212,0.37557023763656616,0.4301994301994302,1786435444.3967998
5,6213,0.542177677154541,0.4307909604519774,1786435444.496642
5,6214,0.35150495171546936,0.4327731092436975,1786435444.593069
5,6215,0.5743098258972168,0.42986111111111114,1786435444.6829712
5,6216,0.4173361659049988,0.4283746556473829,1786435444.7766113
5,6217,0.31721174716949463,0.428620218579235,1786435444.8655543
5,6218,0.5431869626045227,0.42886178861788615,1786435444.962121
5,6219,0.4068833589553833,0.42943548387096775,1786435445.0499344
5,6220,0.4242173731327057,0.43066666666666664,1786435445.1379368
5,6221,0.47530055046081543,0.42956349206349204,1786435445.227837
5,6222,0.36613544821739197,0.4301181102362205,1786435445.3161573
5,6223,0.3682606816291809,0.4309895833333333,1786435445.4154165
5,6224,0.5036723017692566,0.4312015503875969,1786435445.5047867
5,6225,0.45743393898010254,0.43173076923076925,1786435445.599239
5,6226,0.3720078468322754,0.43288804071246817,1786435445.687929
5,6227,0.4942382574081421,0.4337121212121212,1786435445.7853322
5,6228,0.49273788928985596,0.4348370927318296,1786435445.8782008
5,6229,0.6753116846084595,0.43470149253731344,1786435445.9733691
5,6230,0.451242059469223,0.43487654320987656,1786435446.0617769
5,6231,0.37754589319229126,0.4332107843137255,1786435446.1601267
5,6232,0.3836751878261566,0.4343065693430657,1786435446.258604
5,6233,0.3776342272758484,0.43568840579710144,1786435446.3497283
5,6234,0.45639485120773315,0.4337529976019185,1786435446.4428825
5,6235,0.4896599352359772,0.43333333333333335,1786435446.5312014
5,6236,0.3808406889438629,0.43469267139479906,1786435446.631131
5,6237,0.40689077973365784,0.43515258215962443,1786435446.7226608
5,6238,0.3458920419216156,0.4367715617715618,1786435446.8202431
5,6239,0.42063841223716736,0.43778935185185186,1786435446.909296
5,6240,0.46023082733154297,0.4382183908045977,1786435446.9979122
5,6241,0.5127347707748413,0.4363584474885845,1786435447.0937786
5,6242,0.3480755686759949,0.4376417233560091,1786435447.1858382
5,6243,0.4152182936668396,0.4380630630630631,1786435447.2744522
5,6244,0.4090633988380432,0.43791946308724833,1786435447.3743095
5,6245,0.3218380808830261,0.4386111111111111,1786435447.4731874
5,6246,0.33069735765457153,0.4390176600441501,1786435447.561107
5,6247,0.3737630844116211,0.44051535087719296,1786435447.6484442
5,6248,0.3952358365058899,0.43818082788671026,1786435447.7373886
5,6249,0.563146710395813,0.4364177489177489,1786435447.82712
5,6250,0.657996416091919,0.4373655913978495,1786435447.9156144
5,6251,0.33308398723602295,0.4361645299145299,1786435448.0041184
5,6252,0.8238890171051025,0.43577494692144375,1786435448.0965285
5,6253,0.45428791642189026,0.4361814345991561,1786435448.185793
5,6254,0.3533984124660492,0.4368448637316562,1786435448.2740803
5,6255,0.45154058933258057,0.4375,1786435448.3617861
5,6256,0.4530310332775116,0.43685300207039335,1786435448.4492898
5,6257,0.6283628940582275,0.43698559670781895,1786435448.5389068
5,6258,0.3421970009803772,0.4378834355828221,1786435448.6271925
5,6259,0.2825019657611847,0.43902439024390244,1786435448.715356
5,6260,0.37037524580955505,0.4393939393939394,1786435448.80309
5,6261,0.35478445887565613,0.4402610441767068,1786435448.8914115
5,6262,0.5973074436187744,0.43962075848303395,1786435448.9802978
5,6263,0.4117703437805176,0.43973214285714285,1786435449.0679374
5,6264,0.3662787973880768,0.4403353057199211,1786435449.1562312
5,6265,0.40827345848083496,0.4406862745098039,1786435449.2460122
5,6266,0.5286312699317932,0.4412768031189084,1786435449.3345292
5,6267,0.3914376497268677,0.43992248062015504,1786435449.4229937
5,6268,0.40955686569213867,0.44026974951830444,1786435449.5108392
5,6269,0.3353053033351898,0.44157088122605365,1786435449.598496
5,6270,0.3980052173137665,0.44023809523809526,1786435449.687267
5,6271,0.29305166006088257,0.4415246212121212,1786435449.7749932
5,6272,0.44048598408699036,0.4409133709981168,1786435449.8642452
5,6273,0.4736592173576355,0.44030898876404495,1786435449.9534783
5,6274,0.464828759431839,0.43971135940409684,1786435450.041875
5,6275,0.38941431045532227,0.4393518518518518,1786435450.1293263
5,6276,0.4382019639015198,0.4389963167587477,1786435450.2171955
5,6277,0.35123521089553833,0.4391025641025641,1786435450.3048651
5,6278,0.5690021514892578,0.43989071038251365,1786435450.3936753
5,6279,0.5586597323417664,0.4384057971014493,1786435450.482504
5,6280,0.5272533893585205,0.43716216216216214,1786435450.5710628
5,6281,0.39138299226760864,0.43727598566308246,1786435450.6593373
5,6282,0.6348719596862793,0.4362745098039216,1786435450.748803
5,6283,0.5313228368759155,0.43550531914893614,1786435450.838737
5,6284,0.4822676479816437,0.4351851851851852,1786435450.9277837
5,6285,0.3370981514453888,0.4355263157894737,1786435451.0167882
5,6286,0.5618683099746704,0.4349912739965096,1786435451.1051342
5,6287,0.3668025732040405,0.435546875,1786435451.1939442
5,6288,0.5181393623352051,0.4371761658031088,1786435451.2834368
5,6289,0.39274150133132935,0.43599656357388317,1786435451.3720791
5,6290,0.4761398434638977,0.43632478632478633,1786435451.460058
5,6291,0.4464051127433777,0.43537414965986393,1786435451.548848
5,6292,0.35170894861221313,0.4357021996615905,1786435451.6377056
5,6293,0.6888332962989807,0.43665824915824913,1786435451.7261145
5,6294,0.43930333852767944,0.4367671691792295,1786435451.8142917
5,6295,0.585332989692688,0.43666666666666665,1786435451.9034798
5,6296,0.6459514498710632,0.4361525704809287,1786435451.9919076
5,6297,0.5401535034179688,0.43646864686468645,1786435452.080709
5,6298,0.33019766211509705,0.43698686371100165,1786435452.1692898
5,6299,0.6193112730979919,0.4352532679738562,1786435452.2576923
5,6300,0.421577125787735,0.43434959349593494,1786435452.348213
5,6301,0.47803279757499695,0.43406148867313915,1786435452.4463453
5,6302,0.49239107966423035,0.4331723027375201,1786435452.5360074
5,6303,0.35086578130722046,0.4338942307692308,1786435452.6245532
5,6304,0.6633472442626953,0.4342105263157895,1786435452.7139313
5,6305,0.683586597442627,0.43333333333333335,1786435452.8096075
5,6306,0.4218943119049072,0.4338467614533965,1786435452.9060683
5,6307,0.42774105072021484,0.4343553459119497,1786435452.9963138
5,6308,0.32857510447502136,0.43466353677621283,1786435453.0922668
5,6309,0.4888339042663574,0.4349688473520249,1786435453.1926615
5,6310,0.47083842754364014,0.4352713178294574,1786435453.2810476
5,6311,0.45624205470085144,0.435570987654321,1786435453.3801162
5,6312,0.3422137498855591,0.434715821812596,1786435453.4744067
5,6313,0.3472590446472168,0.43520642201834864,1786435453.569351
5,6314,0.40727609395980835,0.4356925418569254,1786435453.6568074
5,6315,0.4938603639602661,0.4361742424242424,1786435453.7545938
5,6316,0.40966951847076416,0.43665158371040724,1786435453.8533254
5,6317,0.3975743353366852,0.43487237237237236,1786435453.9417887
5,6318,0.37499329447746277,0.43553811659192826,1786435454.0294683
5,6319,0.5439146161079407,0.43582589285714285,1786435454.123875
5,6320,0.3932797312736511,0.43592592592592594,1786435454.2202005
5,6321,0.2923283874988556,0.43731563421828906,1786435454.3089187
5,6322,0.4739948511123657,0.43612334801762115,1786435454.408596
5,6323,0.5238823890686035,0.43603801169590645,1786435454.5029528
5,6324,0.3699873089790344,0.43649927219796214,1786435454.593753
5,6325,0.35796502232551575,0.43768115942028984,1786435454.6877966
5,6326,0.46067020297050476,0.43722943722943725,1786435454.7813468
5,6327,0.40650203824043274,0.4358836206896552,1786435454.8803816
5,6328,0.39683234691619873,0.43580114449213164,1786435454.9686646
5,6329,0.5359793901443481,0.4357193732193732,1786435455.0656605
5,6330,0.5843823552131653,0.43457446808510636,1786435455.1548412
5,6331,0.5407160520553589,0.4343220338983051,1786435455.2540004
5,6332,0.3770025968551636,0.435126582278481,1786435455.3469503
5,6333,0.27949395775794983,0.43557422969187676,1786435455.4357848
5,6334,0.4197653830051422,0.43444909344490934,1786435455.5253494
5,6335,0.36970755457878113,0.43524305555555554,1786435455.6178584
5,6336,0.4330843687057495,0.436030428769018,1786435455.7070386
5,6337,0.660403847694397,0.43491735537190085,1786435455.7958605
5,6338,0.37839484214782715,0.43364197530864196,1786435455.8920822
5,6339,0.38093799352645874,0.43408469945355194,1786435455.9809713
5,6340,0.47553032636642456,0.43418367346938774,1786435456.0761187
5,6341,0.49366945028305054,0.4334349593495935,1786435456.1728854
5,6342,0.4311678409576416,0.4340418353576248,1786435456.2649696
5,6343,0.5259697437286377,0.43363575268817206,1786435456.3592172
5,6344,0.5943067073822021,0.4344042838018742,1786435456.4469478
5,6345,0.6436914205551147,0.4345,1786435456.5383847
5,6346,0.366066038608551,0.4347609561752988,1786435456.6353533
5,6347,0.4198574721813202,0.43353174603174605,1786435456.73246
5,6348,0.4522680640220642,0.4323122529644269,1786435456.8242905
5,6349,0.3611697852611542,0.432742782152231,1786435456.9203236
5,6350,0.5415907502174377,0.43366013071895426,1786435457.009214
5,6351,0.49519288539886475,0.4324544270833333,1786435457.0981023
5,6352,0.3086429536342621,0.43287937743190663,1786435457.1955924
5,6353,0.40250054001808167,0.43297803617571057,1786435457.283724
5,6354,0.42515692114830017,0.4313063063063063,1786435457.382781
5,6355,0.8117817640304565,0.43028846153846156,1786435457.4772232
5,6356,0.2717072665691376,0.4313537675606641,1786435457.5720448
5,6357,0.5058557391166687,0.43161577608142493,1786435457.668991
5,6358,0.55710768699646,0.4323510773130545,1786435457.7578838
5,6359,0.48206010460853577,0.4322916666666667,1786435457.8458838
5,6360,0.360881507396698,0.43254716981132074,1786435457.9340634
5,6361,0.7363196611404419,0.43280075187969924,1786435458.030491
5,6362,0.5079823136329651,0.4324282147315855,1786435458.119697
5,6363,0.35549700260162354,0.43330223880597013,1786435458.208506
5,6364,0.47042009234428406,0.43308550185873607,1786435458.299212
5,6365,0.5978022217750549,0.43287037037037035,1786435458.3876789
5,6366,0.43064260482788086,0.43342558425584254,1786435458.4761155
5,6367,0.5120391845703125,0.4341299019607843,1786435458.5654655
5,6368,0.4162076711654663,0.434981684981685,1786435458.6535988
5,6369,0.3866865634918213,0.43552311435523117,1786435458.7417984
5,6370,0.33790916204452515,0.43575757575757573,1786435458.8296144
5,6371,0.4864886999130249,0.43568840579710144,1786435458.918006
5,6372,0.3527791500091553,0.43577015643802647,1786435459.0059953
5,6373,0.6177046298980713,0.43540167865707435,1786435459.0943723
5,6374,0.6170743107795715,0.4348864994026284,1786435459.1823928
5,6375,0.5304410457611084,0.43526785714285715,1786435459.271534
5,6376,0.7312146425247192,0.4347568208778173,1786435459.3600688
5,6377,0.49116283655166626,0.43424940898345155,1786435459.4496472
5,6378,0.5513926148414612,0.4333038869257951,1786435459.5389016
5,6379,0.5612756013870239,0.4329518779342723,1786435459.6272604
5,6380,0.457586407661438,0.4324561403508772,1786435459.7164016
5,6381,0.3656543791294098,0.43283799533799533,1786435459.8044467
5,6382,0.49377718567848206,0.43162020905923343,1786435459.8944323
5,6383,0.40012669563293457,0.43214699074074076,1786435459.9834101
5,6384,0.5379747152328491,0.43137254901960786,1786435460.0724382
5,6385,0.3111235201358795,0.4307471264367816,1786435460.1620605
5,6386,0.4959518313407898,0.4309851088201604,1786435460.250437
5,6387,0.508586585521698,0.4299372146118721,1786435460.3392296
5,6388,0.3032405376434326,0.430745164960182,1786435460.4279013
5,6389,0.5835416316986084,0.42970521541950113,1786435460.5163305
5,6390,0.40530693531036377,0.42909604519774014,1786435460.6057453
5,6391,0.46929800510406494,0.4293355855855856,1786435460.694414
5,6392,0.44669580459594727,0.4292929292929293,1786435460.7828338
5,6393,0.4266011416912079,0.42827181208053694,1786435460.872024
5,6394,0.40927383303642273,0.4289297658862876,1786435460.9601161
5,6395,0.5170928239822388,0.42916666666666664,1786435461.0498004
5,6396,0.4274170696735382,0.42857142857142855,1786435461.138476
5,6397,0.5006548762321472,0.4286699779249448,1786435461.226438
5,6398,0.5541107654571533,0.42835533553355337,1786435461.3139222
5,6399,0.35735175013542175,0.42872807017543857,1786435461.403004
5,6400,0.44691014289855957,0.4288251366120219,1786435461.4917958
5,6401,0.8555172681808472,0.42905773420479304,1786435461.5802453
5,6402,0.5518076419830322,0.42901737242128124,1786435461.6689434
5,6403,0.45164158940315247,0.4291125541125541,1786435461.7571087
5,6404,0.3064538240432739,0.42839805825242716,1786435461.8457613
5,6405,0.29568082094192505,0.42916666666666664,1786435461.9339464
5,6406,0.37238579988479614,0.4296623794212219,1786435462.0219743
5,6407,0.4503081440925598,0.42948717948717946,1786435462.1107776
5,6408,0.5142896175384521,0.4295793397231097,1786435462.1990833
5,6409,0.4414321780204773,0.4298036093418259,1786435462.2869031
5,6410,0.44386783242225647,0.43002645502645503,1786435462.3746994
5,6411,0.4293738305568695,0.43024789029535865,1786435462.4625165
5,6412,0.36922377347946167,0.43086225026288116,1786435462.5520327
5,6413,0.42800283432006836,0.4310796645702306,1786435462.6397903
5,6414,0.43608224391937256,0.43077324973876696,1786435462.7283876
5,6415,0.5631247758865356,0.4309895833333333,1786435462.8175545
5,6416,0.644332766532898,0.4310747663551402,1786435462.908618
5,6417,0.47191330790519714,0.4318064182194617,1786435462.9972343
5,6418,0.7127772569656372,0.43175954592363264,1786435463.0860677
5,6419,0.4525999128818512,0.43184156378600824,1786435463.1742473
5,6420,0.4090958833694458,0.43166666666666664,1786435463.2638855
5,6421,0.3362020254135132,0.4317484662576687,1786435463.3535557
5,6422,0.6025355458259583,0.4318297655453619,1786435463.4424076
5,6423,0.3920987844467163,0.4322916666666667,1786435463.5310812
5,6424,0.35417476296424866,0.43275075987841943,1786435463.6195195
5,6425,0.42367976903915405,0.4332070707070707,1786435463.7097492
5,6426,0.6015200614929199,0.43366062437059416,1786435463.7990599
5,6427,0.3207884728908539,0.4339859437751004,1786435463.8878634
5,6428,0.39792686700820923,0.43455955955955955,1786435463.9768295
5,6429,0.30991771817207336,0.4352544910179641,1786435464.0659602
5,6430,0.4807979464530945,0.43582089552238806,1786435464.1548753
5,6431,0.39708560705184937,0.4361359126984127,1786435464.2434268
5,6432,0.33845409750938416,0.4365727002967359,1786435464.3319495
5,6433,0.4267842769622803,0.4370069033530572,1786435464.4207125
5,6434,0.43966513872146606,0.43768436578171094,1786435464.5095305
5,6435,0.6053497791290283,0.43737745098039216,1786435464.598787
5,6436,0.5463704466819763,0.43658357771260997,1786435464.687432
5,6437,0.3407576084136963,0.43689083820662766,1786435464.775256
5,6438,0.4899779260158539,0.43743926141885325,1786435464.8636231
5,6439,0.37963616847991943,0.4376211240310077,1786435464.951776
5,6440,0.49821263551712036,0.43768115942028984,1786435465.0414639
5,6441,0.4107847511768341,0.43774084778420036,1786435465.1306694
5,6442,0.31195706129074097,0.43804034582132567,1786435465.219932
5,6443,0.4080308675765991,0.4389367816091954,1786435465.3103352
5,6444,0.45240211486816406,0.438872970391595,1786435465.3999066
5,6445,0.5805425047874451,0.4388095238095238,1786435465.4887304
5,6446,0.4391401410102844,0.4392212725546059,1786435465.5769575
5,6447,0.4382672905921936,0.43974905303030304,1786435465.664413
5,6448,0.2575145363807678,0.4402738432483475,1786435465.7524319
5,6449,0.5508756637573242,0.4396186440677966,1786435465.8410423
5,6450,0.5453903675079346,0.43990610328638496,1786435465.9293168
5,6451,0.5717002749443054,0.44030898876404495,1786435466.0171967
5,6452,0.35305356979370117,0.44059290382819793,1786435466.1047537
5,6453,0.5771524906158447,0.4408752327746741,1786435466.1937096
5,6454,0.46635544300079346,0.4403435468895079,1786435466.2828665
5,6455,0.45012688636779785,0.44027777777777777,1786435466.3716998
5,6456,0.3243805468082428,0.44067405355494,1786435466.4598365
5,6457,0.528706967830658,0.44060773480662985,1786435466.5481293
5,6458,0.3234921395778656,0.44088613406795224,1786435466.636088
5,6459,0.5801706314086914,0.4401327838827839,1786435466.724673
5,6460,0.380894273519516,0.4391552511415525,1786435466.8140268
5,6461,0.2887459993362427,0.4396630236794171,1786435466.9025495
5,6462,0.5926160216331482,0.4390326975476839,1786435466.9912136
5,6463,0.3875059485435486,0.4394248188405797,1786435467.081258
5,6464,0.37149354815483093,0.43902439024390244,1786435467.1704233
5,6465,0.46516332030296326,0.4394144144144144,1786435467.2586358
5,6466,0.41911816596984863,0.43957771787960465,1786435467.3476322
5,6467,0.4634906053543091,0.4397401433691756,1786435467.4356723
5,6468,0.5968223810195923,0.4395665773011618,1786435467.5235684
5,6469,0.3957187533378601,0.4395053475935829,1786435467.6118
5,6470,0.5519591569900513,0.43966666666666665,1786435467.699662
5,6471,0.4504437744617462,0.43993794326241137,1786435467.788695
5,6472,0.5589214563369751,0.43932360742705573,1786435467.8775399
5,6473,0.3874470293521881,0.43959435626102294,1786435467.968149
5,6474,0.5826990604400635,0.43964379947229554,1786435468.0572
5,6475,0.35148730874061584,0.4398026315789474,1786435468.1471913
5,6476,0.318820059299469,0.4405074365704287,1786435468.235636
5,6477,0.4763909578323364,0.4406631762652705,1786435468.3252404
5,6478,0.45482537150382996,0.44081810269799826,1786435468.413673
5,6479,0.5098728537559509,0.4407552083333333,1786435468.502346
5,6480,0.38243818283081055,0.4414502164502164,1786435468.5914385
5,6481,0.4543704092502594,0.44149395509499134,1786435468.6805146
5,6482,0.41978275775909424,0.4415374677002584,1786435468.768218
5,6483,0.39934030175209045,0.4421176975945017,1786435468.8563201
5,6484,0.43251508474349976,0.44237360754070265,1786435468.9446359
5,6485,0.32862672209739685,0.4427350427350427,1786435469.0335662
5,6486,0.4346240162849426,0.44298806479113384,1786435469.121761
5,6487,0.297740638256073,0.44366496598639454,1786435469.210171
5,6488,0.4927474856376648,0.4438083121289228,1786435469.2982247
5,6489,0.35529908537864685,0.44416243654822335,1786435469.3859499
5,6490,0.39753204584121704,0.44451476793248945,1786435469.4754212
5,6491,0.44738855957984924,0.44465488215488214,1786435469.5653417
5,6492,0.357354074716568,0.443744752308984,1786435469.6544857
5,6493,0.43261826038360596,0.44357202680067004,1786435469.742113
5,6494,0.4217188358306885,0.44381787802840433,1786435469.8319995
5,6495,0.6450812220573425,0.4430208333333333,1786435469.9210534
5,6496,0.5144585967063904,0.44326683291770574,1786435470.009473
5,6497,0.6950324773788452,0.4427860696517413,1786435470.0988002
5,6498,0.3817328214645386,0.4424110835401158,1786435470.191315
5,6499,0.3489672839641571,0.4425536303630363,1786435470.2880466
5,6500,0.36878323554992676,0.44310699588477365,1786435470.3883846
5,6501,0.5908546447753906,0.4430418719211823,1786435470.4828146
5,6502,0.4272969365119934,0.44338656838656837,1786435470.575972
5,6503,0.3214375972747803,0.4429125816993464,1786435470.668229
5,6504,0.5444356203079224,0.4427465362673187,1786435470.7572415
5,6505,0.37340956926345825,0.44308943089430897,1786435470.847685
5,6506,0.30855968594551086,0.44373479318734793,1786435470.9356775
5,6507,0.41094523668289185,0.443163430420712,1786435471.024375
5,6508,0.3640877306461334,0.4435028248587571,1786435471.1127703
5,6509,0.5659011602401733,0.44363929146537845,1786435471.217748
5,6510,0.3335672616958618,0.4439759036144578,1786435471.306321
5,6511,0.5458694696426392,0.4440104166666667,1786435471.3965268
5,6512,0.47097834944725037,0.4441446842525979,1786435471.4999332
5,6513,0.48446398973464966,0.44417862838915473,1786435471.6022377
5,6514,0.5052714347839355,0.44361575178997614,1786435471.7050905
5,6515,0.3802488446235657,0.4439484126984127,1786435471.8039062
5,6516,0.2934246063232422,0.4442794932699921,1786435471.896666
5,6517,0.3820825517177582,0.4445102685624013,1786435471.9968128
5,6518,0.6281328201293945,0.4443459416863672,1786435472.0904255
5,6519,0.5298357009887695,0.44437893081761004,1786435472.1909196
5,6520,0.44372251629829407,0.44441176470588234,1786435472.2837467
5,6521,0.5015944838523865,0.44434663536776214,1786435472.3764348
5,6522,0.3979552388191223,0.443696330991413,1786435472.4797866
5,6523,0.2634849548339844,0.44421728971962615,1786435472.5729907
5,6524,0.5776863098144531,0.44425019425019424,1786435472.6715066
5,6525,0.47594156861305237,0.4442829457364341,1786435472.7721977
5,6526,0.30154740810394287,0.44460556844547566,1786435472.8663828
5,6527,0.6171731352806091,0.4449266975308642,1786435472.960026
5,6528,0.4371926784515381,0.44534257120862203,1786435473.0545626
5,6529,0.42472657561302185,0.44556451612903225,1786435473.1473677
5,6530,0.6776173710823059,0.44482758620689655,1786435473.246081
5,6531,0.5775648355484009,0.44495412844036697,1786435473.3388388
5,6532,0.6989738941192627,0.4444126620900076,1786435473.4402514
5,6533,0.4211122989654541,0.4444444444444444,1786435473.5337436
5,6534,0.43313395977020264,0.4448557327258922,1786435473.6281161
5,6535,0.593042254447937,0.4446969696969697,1786435473.720032
5,6536,0.377916544675827,0.44491685563114136,1786435473.8106318
5,6537,0.37809816002845764,0.4453242835595777,1786435473.9116974
5,6538,0.5540856122970581,0.44554176072234764,1786435474.0103488
5,6539,0.4220260977745056,0.44575825825825827,1786435474.1086173
5,6540,0.5845893621444702,0.44559925093632957,1786435474.2010505
5,6541,0.5204352736473083,0.44562780269058294,1786435474.2928932
5,6542,0.34210607409477234,0.4459358687546607,1786435474.3860173
5,6543,0.46532315015792847,0.44577752976190477,1786435474.4899993
5,6544,0.38790687918663025,0.4459910913140312,1786435474.58089
5,6545,0.39303022623062134,0.4463888888888889,1786435474.682956
5,6546,0.4520418047904968,0.4466925351071693,1786435474.7769027
5,6547,0.3211037516593933,0.44708702064896755,1786435474.876622
5,6548,0.37693172693252563,0.44729580573951433,1786435474.970892
5,6549,0.4284217357635498,0.44649412628487517,1786435475.0708451
5,6550,0.4410572946071625,0.4456959706959707,1786435475.1626086
5,6551,0.3857903480529785,0.4455409356725146,1786435475.259755
5,6552,0.46337440609931946,0.44529540481400437,1786435475.3631666
5,6553,0.41105031967163086,0.44486899563318777,1786435475.466417
5,6554,0.31425032019615173,0.445079883805374,1786435475.5605857
5,6555,0.33202487230300903,0.44556159420289854,1786435475.6520758
5,6556,0.38439932465553284,0.44558929862617497,1786435475.7551537
5,6557,0.38486671447753906,0.4457070707070707,1786435475.8474188
5,6558,0.6172951459884644,0.4454643628509719,1786435475.9395876
5,6559,0.40020132064819336,0.4458512931034483,1786435476.0313525
5,6560,0.38298308849334717,0.4459677419354839,1786435476.1231263
5,6561,0.5193584561347961,0.4459942775393419,1786435476.2147398
5,6562,0.4938303828239441,0.44593147751605994,1786435476.3077466
5,6563,0.3096771836280823,0.44524572649572647,1786435476.4011261
5,6564,0.2983207106590271,0.44562899786780386,1786435476.4936903
5,6565,0.42751264572143555,0.44601063829787235,1786435476.5872068
5,6566,0.364014595746994,0.4454175513092711,1786435476.6807585
5,6567,0.69092857837677,0.4453566384180791,1786435476.7729542
5,6568,0.62973952293396,0.44494362226920364,1786435476.8659444
5,6569,0.3794754147529602,0.44488396624472576,1786435476.9603107
5,6570,0.42198672890663147,0.44473684210526315,1786435477.0538929
5,6571,0.4268763065338135,0.44485294117647056,1786435477.146228
5,6572,0.3658207356929779,0.44531795946890285,1786435477.238862
5,6573,0.46091899275779724,0.44482217573221755,1786435477.3295534
5,6574,0.2945723235607147,0.4451983298538622,1786435477.4182322
5,6575,0.3233122229576111,0.44548611111111114,1786435477.50563
5,6576,0.7067097425460815,0.4450796950796951,1786435477.5940802
5,6577,0.6472787857055664,0.444588520055325,1786435477.6832247
5,6578,0.40709230303764343,0.44496204278812973,1786435477.7713006
5,6579,0.31186041235923767,0.44507575757575757,1786435477.859131
5,6580,0.3478608727455139,0.44527491408934705,1786435477.9476707
5,6581,0.35786718130111694,0.44564471879286693,1786435478.035781
5,6582,0.3636259436607361,0.4460130047912389,1786435478.1235223
5,6583,0.3201907277107239,0.4451844262295082,1786435478.2118235
5,6584,0.5025905966758728,0.4452965235173824,1786435478.2993205
5,6585,0.30806827545166016,0.44574829931972787,1786435478.3870084
5,6586,0.5203076004981995,0.44585879158180586,1786435478.4750884
5,6587,0.5210221409797668,0.4458841463414634,1786435478.56417
5,6588,0.4656185209751129,0.4455713319810683,1786435478.6530483
5,6589,0.3393404483795166,0.4451754385964912,1786435478.7417543
5,6590,0.4389350712299347,0.44545454545454544,1786435478.830189
5,6591,0.5369724631309509,0.44573252688172044,1786435478.9293005
5,6592,0.32904383540153503,0.44567404426559354,1786435479.0167012
5,6593,0.49401018023490906,0.4455321285140562,1786435479.115514
5,6594,0.3854147493839264,0.4457247828991316,1786435479.2065895
5,6595,0.39742356538772583,0.44575,1786435479.3011196
5,6596,0.5584130883216858,0.44560878243512975,1786435479.3902283
5,6597,0.7607472538948059,0.44546812749003983,1786435479.478474
5,6598,0.4813993275165558,0.4454108681245858,1786435479.5664554
5,6599,0.39372193813323975,0.44477513227513227,1786435479.655761
5,6600,0.571088433265686,0.44471947194719474,1786435479.7451355
5,6601,0.3630308210849762,0.44507575757575757,1786435479.8343654
5,6602,0.44927313923835754,0.44518408941485865,1786435479.9222944
5,6603,0.3505152761936188,0.44463582677165353,1786435480.0108519
5,6604,0.5695710778236389,0.4451538965291421,1786435480.0994394
5,6605,0.5121166110038757,0.44509803921568625,1786435480.1878378
5,6606,0.40173807740211487,0.44536855838225703,1786435480.276195
5,6607,0.3895809054374695,0.44482421875,1786435480.365761
5,6608,0.5566834211349487,0.44509421702404156,1786435480.4532616
5,6609,0.25905561447143555,0.4456874189364462,1786435480.5421007
5,6610,0.399033784866333,0.4457928802588997,1786435480.630191
5,6611,0.36009085178375244,0.4460594315245478,1786435480.7185695
5,6612,0.5835728645324707,0.4458413926499033,1786435480.806364
5,6613,0.44680526852607727,0.44626769626769625,1786435480.8945668
5,6614,0.37037917971611023,0.44653179190751446,1786435480.9825008
5,6615,0.5193309783935547,0.4467147435897436,1786435481.070813
5,6616,0.33832401037216187,0.4470569417786308,1786435481.1593864
5,6617,0.4072766900062561,0.447477650063857,1786435481.2486196
5,6618,0.3786262273788452,0.44749840662842577,1786435481.3363097
5,6619,0.39020469784736633,0.44775763358778625,1786435481.4285164
5,6620,0.47932106256484985,0.44785714285714284,1786435481.5211287
5,6621,0.41575920581817627,0.44771863117870725,1786435481.6140158
5,6622,0.40169715881347656,0.4475806451612903,1786435481.7026432
5,6623,0.4175835847854614,0.4477588383838384,1786435481.7921095
5,6624,0.49628105759620667,0.4481726528040328,1786435481.8916934
5,6625,0.4980325698852539,0.4483490566037736,1786435481.981293
5,6626,0.3967033922672272,0.448210922787194,1786435482.0717688
5,6627,0.3803108036518097,0.44862155388471175,1786435482.1610477
5,6628,0.4062732458114624,0.4486397748592871,1786435482.253422
5,6629,0.4281262159347534,0.4486579275905119,1786435482.3460803
5,6630,0.2922329008579254,0.44875389408099686,1786435482.436231
5,6631,0.47501736879348755,0.4486162935323383,1786435482.5278537
5,6632,0.5835256576538086,0.4482464307883302,1786435482.6187627
5,6633,0.470188170671463,0.44849752168525403,1786435482.707952
5,6634,0.48158878087997437,0.4485157699443414,1786435482.798166
5,6635,0.34302660822868347,0.44891975308641974,1786435482.8872013
5,6636,0.3774530589580536,0.4491682070240296,1786435482.9774091
5,6637,0.45385950803756714,0.4492619926199262,1786435483.0665915
5,6638,0.9558299779891968,0.4491252302025783,1786435483.1557486
5,6639,0.8388098478317261,0.4494485294117647,1786435483.244901
5,6640,0.42785152792930603,0.44938837920489294,1786435483.3334224
5,6641,0.40213072299957275,0.4494047619047619,1786435483.4221473
5,6642,0.3452109694480896,0.4496496039000609,1786435483.5101151
5,6643,0.3981303572654724,0.4498935523114355,1786435483.5986967
5,6644,0.6375669240951538,0.4494535519125683,1786435483.6875503
5,6645,0.4208197295665741,0.44886363636363635,1786435483.7765388
5,6646,0.3526940941810608,0.448956442831216,1786435483.865054
5,6647,0.43152210116386414,0.44867149758454106,1786435483.9549005
5,6648,0.5270947217941284,0.4482368896925859,1786435484.0445457
5,6649,0.38930290937423706,0.44855595667870035,1786435484.1337624
5,6650,0.5281245708465576,0.44834834834834836,1786435484.2218041
5,6651,0.3522898554801941,0.447841726618705,1786435484.310384
5,6652,0.38200727105140686,0.447935368043088,1786435484.4006562
5,6653,0.5658634901046753,0.4475806451612903,1786435484.4983711
5,6654,0.33408743143081665,0.4479725700655933,1786435484.5870821
5,6655,0.5907478332519531,0.4479166666666667,1786435484.6836824
5,6656,0.5805383920669556,0.4481580510992276,1786435484.771861
5,6657,0.30793505907058716,0.4485468564650059,1786435484.8641403
5,6658,0.6759544014930725,0.448194197750148,1786435484.9526522
5,6659,0.3724609911441803,0.44850768321513,1786435485.0425143
5,6660,0.42023196816444397,0.44874631268436577,1786435485.1426768
5,6661,0.30765223503112793,0.44913133097762076,1786435485.2305787
5,6662,0.32860246300697327,0.44914756025867136,1786435485.3182008
5,6663,0.489275723695755,0.4485768779342723,1786435485.4066882
5,6664,0.4122563898563385,0.44881370826010547,1786435485.4955792
5,6665,0.42423558235168457,0.44846491228070173,1786435485.5925682
5,6666,0.38957569003105164,0.44877408056042034,1786435485.6903615
5,6667,0.5854963064193726,0.44871794871794873,1786435485.7901993
5,6668,0.4556880593299866,0.4489528795811518,1786435485.883515
5,6669,0.5010141730308533,0.4491144018583043,1786435485.9813786
5,6670,0.45687589049339294,0.4492753623188406,1786435486.0747938
5,6671,0.58793044090271,0.44907407407407407,1786435486.1623864
5,6672,0.43284714221954346,0.4491623339110341,1786435486.260166
5,6673,0.4290218949317932,0.4488177623990773,1786435486.3536913
5,6674,0.4626156687736511,0.44912204951065055,1786435486.4518466
5,6675,0.5105688571929932,0.44913793103448274,1786435486.5414312
5,6676,0.43901944160461426,0.448938611589214,1786435486.6287358
5,6677,0.40162545442581177,0.4490979381443299,1786435486.717615
5,6678,0.35454654693603516,0.4490423098913665,1786435486.8061733
5,6679,0.3461036682128906,0.4490582191780822,1786435486.8962467
5,6680,0.4169108271598816,0.4492877492877493,1786435486.9859865
5,6681,0.36829036474227905,0.4489476678043231,1786435487.0767758
5,6682,0.5152794122695923,0.44910562180579217,1786435487.1689205
5,6683,0.50523841381073,0.44848356009070295,1786435487.2591534
5,6684,0.6108136773109436,0.44835880022637237,1786435487.3477116
5,6685,0.3386145830154419,0.4484463276836158,1786435487.43632
5,6686,0.29239386320114136,0.44888606880992665,1786435487.5252001
5,6687,0.35688188672065735,0.44890202702702703,1786435487.613508
5,6688,0.5173416137695312,0.4487071388420461,1786435487.7017908
5,6689,0.47129055857658386,0.44823232323232326,1786435487.7920458
5,6690,0.4075852036476135,0.4484593837535014,1786435487.880362
5,6691,0.3557579517364502,0.44854586129753915,1786435487.969744
5,6692,0.5381051301956177,0.44870184254606366,1786435488.0584729
5,6693,0.6362009644508362,0.4483695652173913,1786435488.1480942
5,6694,0.38603445887565613,0.4485253199777407,1786435488.2394276
5,6695,0.4123667776584625,0.4483333333333333,1786435488.329663
5,6696,0.529674768447876,0.44814198557958956,1786435488.4184918
5,6697,0.38825365900993347,0.4475359911406423,1786435488.511453
5,6698,0.3960075080394745,0.4474847982310669,1786435488.6009111
5,6699,0.3847597539424896,0.4476407284768212,1786435488.6889503
5,6700,0.5648031234741211,0.44758953168044074,1786435488.7786262
5,6701,0.32355767488479614,0.44788228822882287,1786435488.8671815
5,6702,0.40062636137008667,0.44796814936847884,1786435488.955468
5,6703,0.4664369821548462,0.44812225877192985,1786435489.0436332
5,6704,0.3571788966655731,0.44834428024083195,1786435489.131812
5,6705,0.641425609588623,0.44795081967213113,1786435489.2203345
5,6706,0.5056526064872742,0.44755864702673215,1786435489.3092473
5,6707,0.5398731231689453,0.44764433551198257,1786435489.401511
5,6708,0.4728490114212036,0.44766177270255575,1786435489.4956856
5,6709,0.4136677384376526,0.44808631921824105,1786435489.5974047
5,6710,0.48876407742500305,0.4481029810298103,1786435489.6892715
5,6711,0.465944766998291,0.44818722943722944,1786435489.7776895
5,6712,0.4176097512245178,0.44867639113992436,1786435489.8666875
5,6713,0.33389124274253845,0.4489617044228695,1786435489.9637303
5,6714,0.5612773299217224,0.44890953150242324,1786435490.064556
5,6715,0.5168185830116272,0.44899193548387095,1786435490.1645465
5,6716,0.4414088726043701,0.4485373054213634,1786435490.2581081
5,6717,0.5520147681236267,0.4482851018220793,1786435490.3526843
5,6718,0.6016104817390442,0.44830123060460136,1786435490.4460979
5,6719,0.4916715919971466,0.4481837606837607,1786435490.543043
5,6720,0.4225361943244934,0.4484666666666667,1786435490.63544
5,6721,0.38600462675094604,0.44868210862619806,1786435490.7267692
5,6722,0.28738489747047424,0.44922913343965976,1786435490.8239887
5,6723,0.3390371799468994,0.44904458598726116,1786435490.912337
5,6724,0.3351619839668274,0.44925808161102276,1786435491.0018876
5,6725,0.43475645780563354,0.44927248677248677,1786435491.096271
5,6726,0.4769899845123291,0.44935287902799786,1786435491.1929476
5,6727,0.4436156749725342,0.44949894514767935,1786435491.2903254
5,6728,0.3242083191871643,0.44971037388099,1786435491.3885825
5,6729,0.6867761015892029,0.4495925341745531,1786435491.484131
5,6730,0.4747321605682373,0.4498687664041995,1786435491.5785346
5,6731,0.43446922302246094,0.4500131027253669,1786435491.6810825
5,6732,0.5013509392738342,0.4499607535321821,1786435491.780086
5,6733,0.28956133127212524,0.45023510971786834,1786435491.8786335
5,6734,0.4572860598564148,0.4502477829942619,1786435491.9691677
5,6735,0.36722683906555176,0.4503255208333333,1786435492.0568984
5,6736,0.3930325508117676,0.4505330213208528,1786435492.1450586
5,6737,0.44929033517837524,0.45048026998961577,1786435492.24823
5,6738,0.4944905936717987,0.4501684810782789,1786435492.3510847
5,6739,0.40281352400779724,0.4495341614906832,1786435492.444036
5,6740,0.5332483649253845,0.44922480620155036,1786435492.5381365
5,6741,0.4436630308628082,0.44917440660474717,1786435492.626521
5,6742,0.3261120021343231,0.449317362184441,1786435492.7276075
5,6743,0.3593769371509552,0.4494598765432099,1786435492.8251603
5,6744,0.47202637791633606,0.44908834103749357,1786435492.9240892
5,6745,0.42869317531585693,0.4491025641025641,1786435493.0129383
5,6746,0.3694160580635071,0.4492447516641065,1786435493.1060467
5,6747,0.5772116184234619,0.4491947852760736,1786435493.2016761
5,6748,0.4127642810344696,0.4493363961204696,1786435493.2963314
5,6749,0.5798215866088867,0.44909531090723753,1786435493.3913147
5,6750,0.5514880418777466,0.4488549618320611,1786435493.4878666
5,6751,0.4005838930606842,0.4489329268292683,1786435493.5941794
5,6752,0.6115912199020386,0.44875697615423643,1786435493.690197
5,6753,0.4195376932621002,0.4483915906788247,1786435493.7949028
5,6754,0.5377284288406372,0.4485331310065756,1786435493.8874862
5,6755,0.5983943939208984,0.4481691919191919,1786435493.9796748
5,6756,0.359815776348114,0.4483736762481089,1786435494.079992
5,6757,0.40992939472198486,0.44851460221550854,1786435494.171174
5,6758,0.483644038438797,0.44859225741578684,1786435494.2745035
5,6759,0.34672075510025024,0.44854417670682734,1786435494.3767009
5,6760,0.24314339458942413,0.44899749373433584,1786435494.471438
5,6761,0.40352797508239746,0.4486361361361361,1786435494.5653684
5,6762,0.45114657282829285,0.44858820589705145,1786435494.6582215
5,6763,0.5260464549064636,0.4484156686626746,1786435494.762487
5,6764,0.43646711111068726,0.44818136522172397,1786435494.8548877
5,6765,0.5276970863342285,0.44838308457711445,1786435494.9625394
5,6766,0.471634179353714,0.4480253353204173,1786435495.060521
5,6767,0.3278847932815552,0.44841269841269843,1786435495.1627095
5,6768,0.5738049149513245,0.4483655274888559,1786435495.2600703
5,6769,0.6935510039329529,0.4481330365974283,1786435495.3536675
5,6770,0.6374064087867737,0.44771604938271603,1786435495.4591897
5,6771,0.5373469591140747,0.4479783037475345,1786435495.5564153
5,6772,0.46120357513427734,0.44811669128508125,1786435495.6485262
5,6773,0.45781850814819336,0.4477630285152409,1786435495.7453387
5,6774,0.3304655849933624,0.4479626902307315,1786435495.8403945
5,6775,0.5592744946479797,0.4482230392156863,1786435495.9341435
5,6776,0.398357629776001,0.4479931473323544,1786435496.029092
5,6777,0.34027549624443054,0.448252688172043,1786435496.1222148
5,6778,0.48289766907691956,0.4480234260614934,1786435496.2275832
5,6779,0.3374744951725006,0.44822124756335285,1786435496.3240058
5,6780,0.37924981117248535,0.44829683698296835,1786435496.4275868
5,6781,0.3252100348472595,0.4483114674441205,1786435496.5276449
5,6782,0.4371528923511505,0.4483260553129549,1786435496.618166
5,6783,0.6803639531135559,0.44821947674418605,1786435496.712295
5,6784,0.34003257751464844,0.4484155781325593,1786435496.8006756
5,6785,0.30507832765579224,0.44867149758454106,1786435496.8907976
5,6786,0.5038328170776367,0.4486854799807043,1786435496.981916
5,6787,0.3849341869354248,0.4486994219653179,1786435497.0719106
5,6788,0.38604751229286194,0.4488936988936989,1786435497.1634274
5,6789,0.40313059091567993,0.4489673390970221,1786435497.2574606
5,6790,0.4601656198501587,0.44862110311750597,1786435497.3505044
5,6791,0.3587574064731598,0.4488146551724138,1786435497.4408963
5,6792,0.44434475898742676,0.4488283118125299,1786435497.5309649
5,6793,0.40543147921562195,0.4490210124164279,1786435497.6209092
5,6794,0.358266144990921,0.4490343347639485,1786435497.7106037
5,6795,0.42341864109039307,0.4492857142857143,1786435497.8011706
5,6796,0.40481847524642944,0.44941749881122206,1786435497.8973522
5,6797,0.23923005163669586,0.4497863247863248,1786435497.9875169
5,6798,0.3703162968158722,0.45003556187766713,1786435498.0863984
5,6799,0.4186479449272156,0.4501065340909091,1786435498.1775112
5,6800,0.43684127926826477,0.45011820330969265,1786435498.2686157
5,6801,0.3749641478061676,0.45018885741265346,1786435498.3596869
5,6802,0.3695456385612488,0.4504361150400754,1786435498.4506507
5,6803,0.5489039421081543,0.4502118644067797,1786435498.54237
5,6804,0.25129395723342896,0.4498707099200752,1786435498.633586
5,6805,0.5895285606384277,0.4498239436619718,1786435498.7240942
5,6806,0.48625433444976807,0.44960150023441164,1786435498.8156774
5,6807,0.5135834813117981,0.4498478464419476,1786435498.9059322
5,6808,0.6163884997367859,0.4493922393641889,1786435498.9963536
5,6809,0.7198402881622314,0.4490546218487395,1786435499.0874426
5,6810,0.48396337032318115,0.4493589743589744,1786435499.1788394
5,6811,0.42120590806007385,0.449487895716946,1786435499.270912
5,6812,0.5366252660751343,0.44950023245002324,1786435499.3671606
5,6813,0.44208812713623047,0.44939647168059427,1786435499.4584682
5,6814,0.34451743960380554,0.4495827538247566,1786435499.5478878
5,6815,0.42775267362594604,0.44907407407407407,1786435499.6403809
5,6816,0.4749390482902527,0.4492602866389274,1786435499.7363293
5,6817,0.5051270723342896,0.4492151431209603,1786435499.8318634
5,6818,0.38052403926849365,0.4491701244813278,1786435499.9223926
5,6819,0.5742208957672119,0.4491252302025783,1786435500.0129015
5,6820,0.4482760429382324,0.4491954022988506,1786435500.103412
5,6821,0.2759789526462555,0.44943755739210284,1786435500.2056863
5,6822,0.32150569558143616,0.4497363594681339,1786435500.297376
5,6823,0.32638123631477356,0.45003434065934067,1786435500.3873925
5,6824,0.3511529266834259,0.45010288065843623,1786435500.4782205
5,6825,0.42327332496643066,0.4500570776255708,1786435500.568433
5,6826,0.35916465520858765,0.45018239854081166,1786435500.6590433
5,6827,0.2931506931781769,0.45053506375227687,1786435500.7499626
5,6828,0.2616789937019348,0.4508867667121419,1786435500.840363
5,6829,0.4242154359817505,0.4510672116257947,1786435500.9311278
5,6830,0.7267297506332397,0.45107709750566893,1786435501.0245128
5,6831,0.33676469326019287,0.45131340579710144,1786435501.1144416
5,6832,0.3681347370147705,0.45171867933061965,1786435501.2052343
5,6833,0.5181165337562561,0.4518970189701897,1786435501.296499
5,6834,0.4410049617290497,0.45145466847090665,1786435501.3873396
5,6835,0.4152112603187561,0.45140765765765767,1786435501.4828172
5,6836,0.42168310284614563,0.4513607737291948,1786435501.5861843
5,6837,0.5377743244171143,0.4511455525606469,1786435501.6904998
5,6838,0.4874061346054077,0.45132346343651863,1786435501.792667
5,6839,0.5011638402938843,0.4513888888888889,1786435501.8905199
5,6840,0.34297025203704834,0.45100671140939597,1786435501.9834206
5,6841,0.3211217224597931,0.4507372654155496,1786435502.0771925
5,6842,0.5303217768669128,0.4508032128514056,1786435502.1697679
5,6843,0.4175846576690674,0.45098039215686275,1786435502.2643676
5,6844,0.46851593255996704,0.4510458388963062,1786435502.3659573
5,6845,0.5550209879875183,0.4507777777777778,1786435502.4579597
5,6846,0.3803711533546448,0.45112072791833113,1786435502.5590415
5,6847,0.33661288022994995,0.45135195035460995,1786435502.6563773
5,6848,0.4080698490142822,0.45141655599822933,1786435502.7509353
5,6849,0.5258605480194092,0.45125994694960214,1786435502.8508797
5,6850,0.2835966944694519,0.45160044150110373,1786435502.9507082
5,6851,0.4084824025630951,0.45171957671957674,1786435503.0433164
5,6852,0.6426997184753418,0.45134302069572874,1786435503.144668
5,6853,0.46826502680778503,0.4515721196130167,1786435503.236811
5,6854,0.5422725677490234,0.4518555116381203,1786435503.3324664
5,6855,0.33627083897590637,0.4518640350877193,1786435503.4321592
5,6856,0.5781546831130981,0.4517082785808147,1786435503.5388393
5,6857,0.6890292167663574,0.451334208223972,1786435503.6297102
5,6858,0.3026137351989746,0.45139799038881606,1786435503.7303975
5,6859,0.4327557384967804,0.4512979930191972,1786435503.8225296
5,6860,0.3536910116672516,0.4507625272331155,1786435503.9254725
5,6861,0.287879079580307,0.4509899912967798,1786435504.0166116
5,6862,0.3431394696235657,0.4512168622338114,1786435504.10654
5,6863,0.33236509561538696,0.4512261284722222,1786435504.1992025
5,6864,0.3564363718032837,0.4512895535327265,1786435504.2946465
5,6865,0.41674527525901794,0.4512445887445887,1786435504.3970518
5,6866,0.4124981164932251,0.45087548638132297,1786435504.4939477
5,6867,0.42077958583831787,0.45088514680483593,1786435504.583657
5,6868,0.6137226223945618,0.4508947822337214,1786435504.6816273
5,6869,0.5848342180252075,0.45047372954349696,1786435504.771252
5,6870,0.5090320706367493,0.45048387096774195,1786435504.8647985
5,6871,0.4071265161037445,0.45070876288659795,1786435504.962486
5,6872,0.43759578466415405,0.4508258258258258,1786435505.0536919
5,6873,0.43772852420806885,0.4509961439588689,1786435505.1461165
5,6874,0.4487752318382263,0.4510055626872058,1786435505.2451594
5,6875,0.41125062108039856,0.4512286324786325,1786435505.337635
5,6876,0.33629319071769714,0.4514511310285958,1786435505.4384658
5,6877,0.4953330159187317,0.4512468030690537,1786435505.52929
5,6878,0.34782204031944275,0.45130906768837803,1786435505.6225893
5,6879,0.4425989091396332,0.45126488095238093,1786435505.7127635
5,6880,0.46345993876457214,0.45148619957537156,1786435505.802407
5,6881,0.4858572483062744,0.4516009329940628,1786435505.8934581
5,6882,0.3792630732059479,0.4517683185091063,1786435505.9842641
5,6883,0.34867745637893677,0.45182952622673433,1786435506.0765736
5,6884,0.3509117662906647,0.4519961977186312,1786435506.166336
5,6885,0.41117429733276367,0.4516350210970464,1786435506.2621582
5,6886,0.4547361135482788,0.45164348925410874,1786435506.3573637
5,6887,0.386763334274292,0.4517571548821549,1786435506.4571724
5,6888,0.3622801601886749,0.4516603614964271,1786435506.552055
5,6889,0.27211901545524597,0.4520885810243493,1786435506.6432753
5,6890,0.6925088763237,0.4521488469601677,1786435506.7347994
5,6891,0.3913131654262543,0.45194723618090454,1786435506.8259327
5,6892,0.2985752820968628,0.45205980761187786,1786435506.9158235
5,6893,0.30232807993888855,0.45243316624895574,1786435507.0108001
5,6894,0.3935537338256836,0.45259699624530664,1786435507.101444
5,6895,0.5495549440383911,0.45234375,1786435507.1971958
5,6896,0.4362983703613281,0.45250728256346234,1786435507.2894375
5,6897,0.39628928899765015,0.4524625935162095,1786435507.3823864
5,6898,0.4042893350124359,0.45246990452469904,1786435507.4739783
5,6899,0.4698324203491211,0.45242537313432835,1786435507.564006
5,6900,0.6675963997840881,0.45248447204968945,1786435507.6541412
5,6901,0.3271244764328003,0.45244003308519437,1786435507.7437031
5,6902,0.5468029975891113,0.4519826517967782,1786435507.8395605
5,6903,0.38924723863601685,0.4519905115511551,1786435507.933333
5,6904,0.43714460730552673,0.4515863205603626,1786435508.028081
5,6905,0.24545717239379883,0.45113168724279834,1786435508.1191547
5,6906,0.4603232443332672,0.45129469790382243,1786435508.2080798
5,6907,0.3887454867362976,0.45094417077175697,1786435508.3008494
5,6908,0.4250361919403076,0.4507482574825748,1786435508.3957038
5,6909,0.5669414401054382,0.4507063882063882,1786435508.4924202
5,6910,0.44217026233673096,0.450920245398773,1786435508.5885491
5,6911,0.408734530210495,0.4508782679738562,1786435508.6835554
5,6912,0.3017306923866272,0.45058139534883723,1786435508.7778642
5,6913,0.4661712050437927,0.45064180929095354,1786435508.8821268
5,6914,0.5148550868034363,0.45054945054945056,1786435508.976637
5,6915,0.5158325433731079,0.4507621951219512,1786435509.0725305
5,6916,0.32029134035110474,0.4511266747868453,1786435509.1652637
5,6917,0.47102051973342896,0.4512368207623682,1786435509.26587
5,6918,0.5077229738235474,0.45129607128392063,1786435509.3559706
5,6919,0.4597519040107727,0.45150687702265374,1786435509.4487765
5,6920,0.3507678210735321,0.45156565656565656,1786435509.553241
5,6921,0.4032246470451355,0.451271186440678,1786435509.6559424
5,6922,0.437190443277359,0.4514812575574365,1786435509.7477822
5,6923,0.4484291672706604,0.45153985507246375,1786435509.85016
5,6924,0.5024980306625366,0.4515480498592682,1786435509.9523447
5,6925,0.626778244972229,0.45160642570281123,1786435510.0495706
5,6926,0.6122211217880249,0.45161452065784197,1786435510.145627
5,6927,0.38273802399635315,0.45167267628205127,1786435510.2430537
5,6928,0.40811386704444885,0.45188075230092034,1786435510.3347685
5,6929,0.39068445563316345,0.45198840927258194,1786435510.4294243
5,6930,0.36606836318969727,0.4520459081836327,1786435510.52183
5,6931,0.4347209632396698,0.4521032695374801,1786435510.6134117
5,6932,0.472202867269516,0.45211071286340104,1786435510.70582
5,6933,0.5340604782104492,0.4518695306284805,1786435510.797169
5,6934,0.27322646975517273,0.45217520858164484,1786435510.8876896
5,6935,0.33428728580474854,0.45223214285714286,1786435510.978431
5,6936,0.4414515197277069,0.4520412207689259,1786435511.0687547
5,6937,0.4539530873298645,0.4522466349960412,1786435511.1565123
5,6938,0.41617727279663086,0.45245156188216684,1786435511.245773
5,6939,0.4832126498222351,0.4525078988941548,1786435511.3349361
5,6940,0.4436713457107544,0.4522682445759369,1786435511.4239435
5,6941,0.38319501280784607,0.4522754137115839,1786435511.5125124
5,6942,0.6480820775032043,0.45218417945690675,1786435511.601739
5,6943,0.3392074704170227,0.4522897012578616,1786435511.6893387
5,6944,0.4263486862182617,0.4519042010208088,1786435511.7794898
5,6945,0.5688471794128418,0.4515686274509804,1786435511.872387
5,6946,0.39319348335266113,0.4517724245985116,1786435511.9731507
5,6947,0.5047866106033325,0.45168231611893583,1786435512.0718703
5,6948,0.3588653802871704,0.4518855021492771,1786435512.1637914
5,6949,0.36278849840164185,0.4519418423106948,1786435512.2541614
5,6950,0.4282287359237671,0.4520955165692008,1786435512.3419893
5,6951,0.39299672842025757,0.45229750778816197,1786435512.430479
5,6952,0.4282503128051758,0.45240178918708673,1786435512.5202997
5,6953,0.3273640275001526,0.45216588966588966,1786435512.610191
5,6954,0.5756798386573792,0.45212456344586727,1786435512.6989079
5,6955,0.37311291694641113,0.45232558139534884,1786435512.7993429
5,6956,0.4175553321838379,0.4520421989934185,1786435512.896194
5,6957,0.47112083435058594,0.4520494972931168,1786435512.9948826
5,6958,0.7145861387252808,0.45210505986867516,1786435513.0830643
5,6959,0.38875874876976013,0.45206404320987653,1786435513.171869
5,6960,0.4085870385169983,0.4521194605009634,1786435513.259146
5,6961,0.4964788556098938,0.45178983833718245,1786435513.349302
5,6962,0.4736250638961792,0.4515570934256055,1786435513.436478
5,6963,0.4570631980895996,0.45151689708141324,1786435513.5232692
5,6964,0.4274013638496399,0.4515247410817031,1786435513.6109598
5,6965,0.5021688342094421,0.45158045977011496,1786435513.6980903
5,6966,0.5309383273124695,0.45149253731343286,1786435513.786415
5,6967,0.6852113008499146,0.4512136850152905,1786435513.8736186
5,6968,0.44311073422431946,0.4512695685376098,1786435513.9606674
5,6969,0.3244222402572632,0.4515160183066362,1786435514.0480444
5,6970,0.3394050598144531,0.4512857142857143,1786435514.1352677
5,6971,0.44327831268310547,0.4514840182648402,1786435514.2221682
5,6972,0.42384085059165955,0.45149182820220446,1786435514.3088915
5,6973,0.4135289192199707,0.4514047076689446,1786435514.3954434
5,6974,0.365399569272995,0.4514599924156238,1786435514.4831488
5,6975,0.5350028872489929,0.4512310606060606,1786435514.5706663
5,6976,0.32576364278793335,0.45081346954218693,1786435514.6582773
5,6977,0.4283122420310974,0.4507747543461829,1786435514.7447464
5,6978,0.43430253863334656,0.45059456398640996,1786435514.8322268
5,6979,0.3896253705024719,0.45032051282051283,1786435514.919697
5,6980,0.37502768635749817,0.4504237288135593,1786435515.0059135
5,6981,0.7750794887542725,0.45038562829194884,1786435515.0932426
5,6982,0.4135378897190094,0.4503945885005637,1786435515.1870167
6,6983,0.39249885082244873,0.5833333333333334,1786435521.0570767
6,6984,0.5684317946434021,0.5833333333333334,1786435521.2822003
6,6985,0.5053765177726746,0.5277777777777778,1786435521.3844893
6,6986,0.4129505753517151,0.5,1786435521.4898362
6,6987,0.5967500805854797,0.4666666666666667,1786435521.5905526
6,6988,0.3177017569541931,0.4861111111111111,1786435521.702541
6,6989,0.597852349281311,0.4642857142857143,1786435521.8005652
6,6990,0.348178505897522,0.4739583333333333,1786435521.9288769
6,6991,0.3154929280281067,0.4861111111111111,1786435522.0267465
6,6992,0.3674367070198059,0.5,1786435522.1187263
6,6993,0.36568453907966614,0.5037878787878788,1786435522.2150528
6,6994,0.4449937343597412,0.5104166666666666,1786435522.3235624
6,6995,0.40639230608940125,0.5128205128205128,1786435522.448854
6,6996,0.38641005754470825,0.5208333333333334,1786435522.5555317
6,6997,0.3351556956768036,0.5111111111111111,1786435522.6445868
6,6998,0.44327855110168457,0.5130208333333334,1786435522.7318523
6,6999,0.36555230617523193,0.5147058823529411,1786435522.8236542
6,7000,0.456974059343338,0.49074074074074076,1786435522.9117825
6,7001,0.4346599876880646,0.4934210526315789,1786435523.001062
6,7002,0.3968872129917145,0.49583333333333335,1786435523.0896404
6,7003,0.3497718572616577,0.5,1786435523.1778324
6,7004,0.538500964641571,0.4943181818181818,1786435523.2664382
6,7005,0.47427183389663696,0.48731884057971014,1786435523.3554504
6,7006,0.26226285099983215,0.4965277777777778,1786435523.4435291
6,7007,0.6149385571479797,0.49333333333333335,1786435523.5321903
6,7008,0.5976328253746033,0.4823717948717949,1786435523.6207333
6,7009,0.402860552072525,0.4845679012345679,1786435523.709684
6,7010,0.3482562005519867,0.4895833333333333,1786435523.7979362
6,7011,0.6499268412590027,0.4899425287356322,1786435523.8862503
6,7012,0.5997392535209656,0.4875,1786435523.9815028
6,7013,0.34349626302719116,0.4838709677419355,1786435524.0717397
6,7014,0.567339301109314,0.48046875,1786435524.1669571
6,7015,0.3626052141189575,0.48484848484848486,1786435524.2561548
6,7016,0.34023353457450867,0.4840686274509804,1786435524.3539174
6,7017,0.3154664635658264,0.47619047619047616,1786435524.449711
6,7018,0.42157474160194397,0.4791666666666667,1786435524.5384398
6,7019,0.6063972115516663,0.4786036036036036,1786435524.627526
6,7020,0.3392113149166107,0.47368421052631576,1786435524.7162986
6,7021,0.3263518810272217,0.46474358974358976,1786435524.8118076
6,7022,0.4105829894542694,0.4635416666666667,1786435524.9000914
6,7023,0.3825778365135193,0.45528455284552843,1786435524.9978611
6,7024,0.3491891026496887,0.45535714285714285,1786435525.0854087
6,7025,0.534470796585083,0.4563953488372093,1786435525.1765108
6,7026,0.3258306086063385,0.45359848484848486,1786435525.274553
6,7027,0.4143680930137634,0.45,1786435525.3682497
6,7028,0.34066736698150635,0.45108695652173914,1786435525.4685152
6,7029,0.4248799681663513,0.44769503546099293,1786435525.5570729
6,7030,0.3537985384464264,0.4513888888888889,1786435525.6445749
6,7031,0.542422354221344,0.45153061224489793,1786435525.7406805
6,7032,0.44265443086624146,0.44916666666666666,1786435525.842084
6,7033,0.24193456768989563,0.4542483660130719,1786435525.9416623
6,7034,0.3121265172958374,0.45753205128205127,1786435526.0344229
6,7035,0.6241949796676636,0.45990566037735847,1786435526.1223838
6,7036,0.5019689202308655,0.46219135802469136,1786435526.2100844
6,7037,0.36200547218322754,0.46515151515151515,1786435526.307449
6,7038,0.2729334831237793,0.46875,1786435526.3954568
6,7039,0.44907844066619873,0.4685672514619883,1786435526.4832041
6,7040,0.7343642711639404,0.46479885057471265,1786435526.5725052
6,7041,0.4372917711734772,0.4597457627118644,1786435526.661778
6,7042,0.4600607454776764,0.4597222222222222,1786435526.7504714
6,7043,0.3635585606098175,0.45491803278688525,1786435526.8398125
6,7044,0.2971900999546051,0.45161290322580644,1786435526.9294424
6,7045,0.3647477328777313,0.4470899470899471,1786435527.0179653
6,7046,0.5664471387863159,0.4453125,1786435527.106048
6,7047,0.4218187928199768,0.43974358974358974,1786435527.1946795
6,7048,0.32548874616622925,0.43623737373737376,1786435527.283744
6,7049,0.4030425548553467,0.43843283582089554,1786435527.3720856
6,7050,0.4473934769630432,0.4338235294117647,1786435527.4605486
6,7051,0.35820990800857544,0.43780193236714976,1786435527.5487258
6,7052,0.37785202264785767,0.4351190476190476,1786435527.6374807
6,7053,0.6505568027496338,0.4336854460093897,1786435527.7258382
6,7054,0.5708274841308594,0.43460648148148145,1786435527.8134196
6,7055,0.32030656933784485,0.4309360730593607,1786435527.9018285
6,7056,0.414204865694046,0.43074324324324326,1786435527.9893684
6,7057,0.5505420565605164,0.43333333333333335,1786435528.078299
6,7058,0.5164624452590942,0.43530701754385964,1786435528.1672199
6,7059,0.47102081775665283,0.43073593073593075,1786435528.2558334
6,7060,0.4829125702381134,0.4310897435897436,1786435528.3441646
6,7061,0.4939829409122467,0.4340717299578059,1786435528.4325697
6,7062,0.48025912046432495,0.43645833333333334,1786435528.5205412
6,7063,0.43333953619003296,0.4382716049382716,1786435528.6089616
6,7064,0.40829595923423767,0.43902439024390244,1786435528.6976478
6,7065,0.41778114438056946,0.4397590361445783,1786435528.7851977
6,7066,0.3194456696510315,0.44146825396825395,1786435528.8735933
6,7067,0.6196808815002441,0.44166666666666665,1786435528.9618187
6,7068,0.31856146454811096,0.4442829457364341,1786435529.0495155
6,7069,0.3618328869342804,0.446360153256705,1786435529.1373773
6,7070,0.34612390398979187,0.4479166666666667,1786435529.2248116
6,7071,0.39887791872024536,0.450374531835206,1786435529.3133187
6,7072,0.4916625916957855,0.45046296296296295,1786435529.4020672
6,7073,0.7056189775466919,0.44871794871794873,1786435529.490192
6,7074,0.29555994272232056,0.45108695652173914,1786435529.5786507
6,7075,0.6258323192596436,0.449820788530466,1786435529.6678407
6,7076,0.5283269882202148,0.450354609929078,1786435529.7552161
6,7077,0.3759247064590454,0.4504385964912281,1786435529.8432107
6,7078,0.26582229137420654,0.4522569444444444,1786435529.931339
6,7079,0.6473830938339233,0.45017182130584193,1786435530.0201137
6,7080,0.4093255400657654,0.4489795918367347,1786435530.1092103
6,7081,0.485156774520874,0.4494949494949495,1786435530.1978846
6,7082,0.4414132237434387,0.45,1786435530.2854652
6,7083,0.479474276304245,0.4500825082508251,1786435530.3731987
6,7084,0.4158857464790344,0.45098039215686275,1786435530.461147
6,7085,0.3436611592769623,0.4522653721682848,1786435530.5490513
6,7086,0.4120292067527771,0.452724358974359,1786435530.6370718
6,7087,0.4154660105705261,0.45357142857142857,1786435530.724914
6,7088,0.46106910705566406,0.45361635220125784,1786435530.813045
6,7089,0.42918717861175537,0.45404984423676015,1786435530.900641
6,7090,0.3030572831630707,0.4564043209876543,1786435530.9880507
6,7091,0.4355771541595459,0.45718654434250766,1786435531.0756447
6,7092,0.33038759231567383,0.4556818181818182,1786435531.1639445
6,7093,0.44422513246536255,0.4553303303303303,1786435531.2531292
6,7094,0.5023514628410339,0.45610119047619047,1786435531.3421652
6,7095,0.36892497539520264,0.45685840707964603,1786435531.4344404
6,7096,0.33903807401657104,0.45760233918128657,1786435531.5224643
6,7097,0.4766979217529297,0.45471014492753625,1786435531.6114292
6,7098,0.3911929726600647,0.4547413793103448,1786435531.699437
6,7099,0.6263272762298584,0.4544159544159544,1786435531.7884216
6,7100,0.5391091108322144,0.4523305084745763,1786435531.8770168
6,7101,0.7040921449661255,0.45098039215686275,1786435531.9650128
6,7102,0.40201500058174133,0.4486111111111111,1786435532.054534
6,7103,0.3242492079734802,0.45041322314049587,1786435532.1422768
6,7104,0.590749979019165,0.4521857923497268,1786435532.2309024
6,7105,0.36470040678977966,0.4488482384823848,1786435532.3194857
6,7106,0.371616929769516,0.4495967741935484,1786435532.4071364
6,7107,0.3747063875198364,0.45066666666666666,1786435532.4956431
6,7108,0.3775477707386017,0.45171957671957674,1786435532.584095
6,7109,0.3630519211292267,0.4524278215223097,1786435532.6718292
6,7110,0.6867324113845825,0.4514973958333333,1786435532.7601373
6,7111,0.29546570777893066,0.4518733850129199,1786435532.8478444
6,7112,0.37448808550834656,0.45256410256410257,1786435532.9355218
6,7113,0.37726837396621704,0.4532442748091603,1786435533.0239844
6,7114,0.30570104718208313,0.45454545454545453,1786435533.1130998
6,7115,0.537274956703186,0.4542606516290727,1786435533.2010846
6,7116,0.39310747385025024,0.4558457711442786,1786435533.290041
6,7117,0.5291802287101746,0.4558641975308642,1786435533.3788805
6,7118,0.4610826373100281,0.4534313725490196,1786435533.4675682
6,7119,0.3559143841266632,0.4540754257907543,1786435533.563302
6,7120,0.5494326949119568,0.4522946859903382,1786435533.652093
6,7121,0.3704172372817993,0.4526378896882494,1786435533.747599
6,7122,0.5102196335792542,0.4523809523809524,1786435533.8448687
6,7123,0.36625295877456665,0.4533096926713948,1786435533.941268
6,7124,0.5873032212257385,0.4518779342723005,1786435534.0397866
6,7125,0.31628140807151794,0.4522144522144522,1786435534.128531
6,7126,0.29195836186408997,0.4513888888888889,1786435534.2178655
6,7127,0.5393528938293457,0.4514367816091954,1786435534.3064127
6,7128,0.41141918301582336,0.4529109589041096,1786435534.399006
6,7129,0.6161572337150574,0.4518140589569161,1786435534.4981437
6,7130,0.4016280174255371,0.4501689189189189,1786435534.5964148
6,7131,0.39393380284309387,0.45022371364653246,1786435534.6841419
6,7132,0.8003969788551331,0.4488888888888889,1786435534.7726815
6,7133,0.36925727128982544,0.4467439293598234,1786435534.8612728
6,7134,0.7930634021759033,0.4454495614035088,1786435534.9510078
6,7135,0.514333188533783,0.4455337690631808,1786435535.0402489
6,7136,0.29646384716033936,0.4439935064935065,1786435535.1384335
6,7137,0.3475404977798462,0.44193548387096776,1786435535.23193
6,7138,0.5150485038757324,0.44150641025641024,1786435535.3295724
6,7139,0.5992825031280518,0.440552016985138,1786435535.418501
6,7140,0.3949287235736847,0.4419831223628692,1786435535.5065887
6,7141,0.3940965533256531,0.44025157232704404,1786435535.6029983
6,7142,0.4695320427417755,0.4401041666666667,1786435535.701849
6,7143,0.372731477022171,0.44073498964803315,1786435535.7892978
6,7144,1.0328084230422974,0.44058641975308643,1786435535.8765538
6,7145,0.43967774510383606,0.44069529652351735,1786435535.9652493
6,7146,0.397175669670105,0.4413109756097561,1786435536.0605278
6,7147,0.5917297601699829,0.4404040404040404,1786435536.1610196
6,7148,0.47318077087402344,0.43850401606425704,1786435536.252685
6,7149,0.6144286394119263,0.437624750499002,1786435536.341428
6,7150,0.42204582691192627,0.4375,1786435536.4298544
6,7151,0.4645102918148041,0.4388560157790927,1786435536.5184872
6,7152,0.36232811212539673,0.4377450980392157,1786435536.611468
6,7153,0.3673226833343506,0.43640350877192985,1786435536.7018402
6,7154,0.46622970700263977,0.436046511627907,1786435536.7906966
6,7155,0.3814859986305237,0.43641618497109824,1786435536.8803122
6,7156,0.4206898808479309,0.43797892720306514,1786435536.973408
6,7157,0.313221275806427,0.43976190476190474,1786435537.0653064
6,7158,0.38005784153938293,0.4403409090909091,1786435537.1575074
6,7159,0.620903730392456,0.4409133709981168,1786435537.2498567
6,7160,0.3815567195415497,0.4405430711610487,1786435537.3379846
6,7161,0.340107262134552,0.4415735567970205,1786435537.4265306
6,7162,0.34191304445266724,0.44074074074074077,1786435537.5154161
6,7163,0.5569744110107422,0.44129834254143646,1786435537.607062
6,7164,0.7188044786453247,0.4407051282051282,1786435537.6996043
6,7165,0.4904976487159729,0.44193989071038253,1786435537.7901235
6,7166,0.4588336944580078,0.4429347826086957,1786435537.8787632
6,7167,0.29554513096809387,0.4436936936936937,1786435537.9671526
6,7168,0.3646877408027649,0.44377240143369173,1786435538.0565596
6,7169,0.35259756445884705,0.4447415329768271,1786435538.1445408
6,7170,0.4798737168312073,0.4454787234042553,1786435538.232421
6,7171,0.5196585655212402,0.4455467372134039,1786435538.3208368
6,7172,0.6500967144966125,0.4451754385964912,1786435538.409885
6,7173,0.515744686126709,0.4456806282722513,1786435538.4982557
6,7174,0.5737165212631226,0.4457465277777778,1786435538.5865722
6,7175,0.3450015187263489,0.44689119170984454,1786435538.6762538
6,7176,0.32554471492767334,0.4475945017182131,1786435538.765598
6,7177,0.4446999430656433,0.4482905982905983,1786435538.8539548
6,7178,0.5508748888969421,0.4487670068027211,1786435538.9426968
6,7179,0.3078550696372986,0.4496615905245347,1786435539.0303292
6,7180,0.48361921310424805,0.44886363636363635,1786435539.119712
6,7181,0.4765608608722687,0.44870184254606366,1786435539.207965
6,7182,0.4523482918739319,0.44875,1786435539.2975626
6,7183,0.47806158661842346,0.4481757877280265,1786435539.385436
6,7184,0.49005934596061707,0.44781353135313534,1786435539.4741068
6,7185,0.3049059212207794,0.4490968801313629,1786435539.5637598
6,7186,0.4595680236816406,0.44955065359477125,1786435539.6533399
6,7187,0.4336167275905609,0.4502032520325203,1786435539.7421868
6,7188,0.3330756425857544,0.45105177993527507,1786435539.8305194
6,7189,0.474751353263855,0.45169082125603865,1786435539.9183517
6,7190,0.7358651757240295,0.4501201923076923,1786435540.0076506
6,7191,0.3109174370765686,0.451555023923445,1786435540.0970414
6,7192,0.4400903284549713,0.4513888888888889,1786435540.1851242
6,7193,0.5261067748069763,0.4496445497630332,1786435540.2750397
6,7194,0.35271385312080383,0.44830974842767296,1786435540.3644545
6,7195,0.5453551411628723,0.44679186228482004,1786435540.4534595
6,7196,0.3690551221370697,0.44567757009345793,1786435540.5423663
6,7197,0.43518030643463135,0.44573643410852715,1786435540.639526
6,7198,0.42582622170448303,0.44483024691358025,1786435540.737628
6,7199,0.5114986896514893,0.4447004608294931,1786435540.8319833
6,7200,0.4653438925743103,0.4455275229357798,1786435540.9203472
6,7201,0.4106198847293854,0.4461567732115677,1786435541.0079787
6,7202,0.47740834951400757,0.44488636363636364,1786435541.0969791
6,7203,0.5247384309768677,0.44551282051282054,1786435541.196118
6,7204,0.33560651540756226,0.44463213213213215,1786435541.285695
6,7205,0.5437064170837402,0.44431988041853515,1786435541.3830957
6,7206,0.4120786488056183,0.4451264880952381,1786435541.476571
6,7207,0.53973388671875,0.4444444444444444,1786435541.5653577
6,7208,0.35978949069976807,0.443952802359882,1786435541.663411
6,7209,0.46825700998306274,0.4445668135095448,1786435541.7535217
6,7210,0.499568372964859,0.4451754385964912,1786435541.8524418
6,7211,0.4963442385196686,0.44377729257641924,1786435541.9410033
6,7212,0.4424445331096649,0.44365942028985506,1786435542.028275
6,7213,0.4207357168197632,0.44282106782106784,1786435542.1188397
6,7214,0.3883126676082611,0.4430675287356322,1786435542.2069273
6,7215,0.4457883834838867,0.4434907010014306,1786435542.2949972
6,7216,0.4969361126422882,0.44337606837606836,1786435542.3843663
6,7217,0.5267456769943237,0.4443262411347518,1786435542.4732
6,7218,0.388062059879303,0.4452683615819209,1786435542.5606647
6,7219,0.543801486492157,0.44532348804500704,1786435542.6483197
6,7220,0.4197848439216614,0.44537815126050423,1786435542.7367902
6,7221,0.31173038482666016,0.44595536959553694,1786435542.8249023
6,7222,0.4666227400302887,0.4465277777777778,1786435542.913075
6,7223,0.3502168655395508,0.44726832641770403,1786435543.0008852
6,7224,0.33387476205825806,0.4476584022038568,1786435543.0885992
6,7225,0.44820594787597656,0.44787379972565156,1786435543.176311
6,7226,0.38038867712020874,0.4484289617486339,1786435543.2645063
6,7227,0.4726638197898865,0.4477891156462585,1786435543.353446
6,7228,0.6968424320220947,0.44664634146341464,1786435543.4425955
6,7229,0.40412813425064087,0.4465249662618084,1786435543.5307143
6,7230,0.42232316732406616,0.4470766129032258,1786435543.6182823
6,7231,0.41096699237823486,0.44712182061579653,1786435543.7059002
6,7232,0.42983224987983704,0.4465,1786435543.7951167
6,7233,0.38955530524253845,0.44704515272244355,1786435543.8830159
6,7234,0.4582555294036865,0.44758597883597884,1786435543.9711246
6,7235,0.6348687410354614,0.44696969696969696,1786435544.0598078
6,7236,0.3849191665649414,0.44750656167979,1786435544.1488962
6,7237,0.47617608308792114,0.4477124183006536,1786435544.2380047
6,7238,0.34630095958709717,0.4480794270833333,1786435544.3255885
6,7239,0.4812811017036438,0.447632944228275,1786435544.4149787
6,7240,0.3915616273880005,0.4470284237726098,1786435544.5045497
6,7241,0.3639078140258789,0.44787644787644787,1786435544.5919764
6,7242,0.49495410919189453,0.44759615384615387,1786435544.6812532
6,7243,0.3801604211330414,0.447477650063857,1786435544.770049
6,7244,0.5606333017349243,0.4470419847328244,1786435544.8591871
6,7245,0.40607017278671265,0.44724334600760457,1786435544.9482775
6,7246,0.3747561573982239,0.4476010101010101,1786435545.035803
6,7247,0.30949288606643677,0.44858490566037734,1786435545.1250672
6,7248,0.46155765652656555,0.44893483709273185,1786435545.2143385
6,7249,0.4240557849407196,0.449438202247191,1786435545.3025808
6,7250,0.5874581336975098,0.44993781094527363,1786435545.3913417
6,7251,0.3933047652244568,0.4502788104089219,1786435545.4862182
6,7252,0.5326806306838989,0.4503086419753086,1786435545.5755458
6,7253,0.4298141896724701,0.45095325953259535,1786435545.664402
6,7254,0.4141986668109894,0.45143995098039214,1786435545.7526152
6,7255,0.41626644134521484,0.45024420024420025,1786435545.8421576
6,7256,0.48809871077537537,0.45027372262773724,1786435545.9309578
6,7257,0.41625842452049255,0.45075757575757575,1786435546.0200608
6,7258,0.4626365602016449,0.4494263285024155,1786435546.1104302
6,7259,0.585172712802887,0.4493080625752106,1786435546.1990418
6,7260,0.46939465403556824,0.44964028776978415,1786435546.2871644
6,7261,0.27234283089637756,0.4489247311827957,1786435546.377332
6,7262,0.3914930820465088,0.44895833333333335,1786435546.4659436
6,7263,0.4736820161342621,0.4491399762752076,1786435546.5552468
6,7264,0.3870452344417572,0.44902482269503546,1786435546.644975
6,7265,0.28775110840797424,0.4499411071849234,1786435546.7330506
6,7266,0.39278534054756165,0.4498239436619718,1786435546.8213272
6,7267,0.3360690176486969,0.4502923976608187,1786435546.9101396
6,7268,0.46384233236312866,0.45104895104895104,1786435546.9980772
6,7269,0.38271772861480713,0.45107433217189313,1786435547.0855951
6,7270,0.32935085892677307,0.4519675925925926,1786435547.1741629
6,7271,0.5149950981140137,0.4514129181084198,1786435547.2643292
6,7272,0.43788713216781616,0.4502873563218391,1786435547.3576784
6,7273,0.44664934277534485,0.44945589919816725,1786435547.4529955
6,7274,0.3217955529689789,0.4501997716894977,1786435547.5484054
6,7275,0.42699581384658813,0.44937428896473264,1786435547.6429002
6,7276,0.43038761615753174,0.44968820861678005,1786435547.7352738
6,7277,0.3978996276855469,0.45,1786435547.8235588
6,7278,0.548879086971283,0.4497466216216216,1786435547.9139733
6,7279,0.4150051474571228,0.44991582491582494,1786435548.0025902
6,7280,0.5952810049057007,0.44966442953020136,1786435548.0907373
6,7281,0.3645431697368622,0.4499721293199554,1786435548.1791043
6,7282,0.2905370593070984,0.4504166666666667,1786435548.2673461
6,7283,0.6048997640609741,0.45071982281284606,1786435548.3567762
6,7284,0.5478416085243225,0.45102097130242824,1786435548.4454346
6,7285,0.4211782217025757,0.45173267326732675,1786435548.5350256
6,7286,0.5464270114898682,0.4517543859649123,1786435548.6233106
6,7287,0.5181377530097961,0.45204918032786884,1786435548.7122152
6,7288,0.37716224789619446,0.4526143790849673,1786435548.8006818
6,7289,0.3786861300468445,0.4516829533116178,1786435548.8939886
6,7290,0.44919201731681824,0.45170454545454547,1786435548.9871182
6,7291,0.551941990852356,0.4513214670981661,1786435549.080561
6,7292,0.3305738568305969,0.4521505376344086,1786435549.1738343
6,7293,0.41262924671173096,0.4515005359056806,1786435549.2682679
6,7294,0.30168095231056213,0.4519230769230769,1786435549.361536
6,7295,0.45581987500190735,0.452209797657082,1786435549.4559455
6,7296,0.36175161600112915,0.4520966029723992,1786435549.5604038
6,7297,0.4351288080215454,0.451984126984127,1786435549.656932
6,7298,0.3105774521827698,0.45226793248945146,1786435549.7610416
6,7299,0.6960434913635254,0.45136698212407994,1786435549.8565655
6,7300,0.377286434173584,0.45086477987421386,1786435549.9496684
6,7301,0.43563413619995117,0.45075757575757575,1786435550.0422661
6,7302,0.3975439965724945,0.45143229166666665,1786435550.134399
6,7303,0.49323663115501404,0.4517133956386293,1786435550.2303534
6,7304,0.40424787998199463,0.4514751552795031,1786435550.322235
6,7305,0.3645218014717102,0.4508513931888545,1786435550.418647
6,7306,0.5163767337799072,0.45074588477366256,1786435550.520797
6,7307,0.5043049454689026,0.45,1786435550.614468
6,7308,0.36004772782325745,0.45028118609406953,1786435550.7054904
6,7309,0.2994578182697296,0.45081549439347607,1786435550.80184
6,7310,0.47661688923835754,0.4507113821138211,1786435550.900411
6,7311,0.34013280272483826,0.45149442755825736,1786435551.002121
6,7312,0.5034903287887573,0.4518939393939394,1786435551.095616
6,7313,0.5341514348983765,0.4519133937562941,1786435551.1875749
6,7314,0.31844964623451233,0.451179718875502,1786435551.283772
6,7315,0.46724990010261536,0.4513263263263263,1786435551.3868387
6,7316,0.3900495767593384,0.45147205588822353,1786435551.479458
6,7317,0.5580368041992188,0.4513681592039801,1786435551.5738943
6,7318,0.5009060502052307,0.45163690476190477,1786435551.6651986
6,7319,0.3692689538002014,0.4515331355093966,1786435551.7561543
6,7320,0.34869468212127686,0.4515532544378698,1786435551.8572571
6,7321,0.37894782423973083,0.45071288102261553,1786435551.959742
6,7322,0.6150862574577332,0.44987745098039217,1786435552.054411
6,7323,0.45938050746917725,0.4497800586510264,1786435552.1597404
6,7324,0.45588934421539307,0.4501705653021443,1786435552.2518647
6,7325,0.6852968335151672,0.44958697764820216,1786435552.3572783
6,7326,0.3037509620189667,0.4486434108527132,1786435552.454622
6,7327,0.43219277262687683,0.44879227053140097,1786435552.5461688
6,7328,0.3479193449020386,0.4490606936416185,1786435552.6373286
6,7329,0.3234308958053589,0.44968780019212296,1786435552.7295215
6,7330,0.4771327078342438,0.4489942528735632,1786435552.83007
6,7331,0.33249372243881226,0.44949856733524357,1786435552.930489
6,7332,0.42971301078796387,0.4498809523809524,1786435553.0257614
6,7333,0.3948378264904022,0.4503798670465337,1786435553.1194682
6,7334,0.4377065598964691,0.4509943181818182,1786435553.216616
6,7335,0.4638640284538269,0.45018885741265346,1786435553.3101907
6,7336,0.47912582755088806,0.4502118644067797,1786435553.4020803
6,7337,0.48977091908454895,0.45023474178403755,1786435553.5073798
6,7338,0.33944737911224365,0.45072565543071164,1786435553.5996053
6,7339,0.45871269702911377,0.4505135387488329,1786435553.6975248
6,7340,0.3007689118385315,0.4499534450651769,1786435553.79241
6,7341,0.3211684226989746,0.4500928505106778,1786435553.881712
6,7342,0.389310359954834,0.45046296296296295,1786435553.9783268
6,7343,0.4048006534576416,0.4500230840258541,1786435554.0669165
6,7344,0.543754518032074,0.4498158379373849,1786435554.1650493
6,7345,0.36572298407554626,0.45041322314049587,1786435554.25292
6,7346,0.4823446571826935,0.4497481684981685,1786435554.3503604
6,7347,0.5716699361801147,0.4502283105022831,1786435554.445592
6,7348,0.3406960666179657,0.4503642987249545,1786435554.5389183
6,7349,0.5821877121925354,0.450386012715713,1786435554.6331387
6,7350,0.5853501558303833,0.45063405797101447,1786435554.731631
6,7351,0.47411903738975525,0.4500903342366757,1786435554.826762
6,7352,0.4228695034980774,0.45022522522522523,1786435554.9142284
6,7353,0.47749319672584534,0.4494609164420485,1786435555.0030415
6,7354,0.6944807767868042,0.44937275985663083,1786435555.0971024
6,7355,0.36564207077026367,0.4497319034852547,1786435555.187401
6,7356,0.5403615236282349,0.4499777183600713,1786435555.2764494
6,7357,0.5294424891471863,0.45022222222222225,1786435555.3655257
6,7358,0.5430114269256592,0.450354609929078,1786435555.4539475
6,7359,0.3707146644592285,0.4501547303271441,1786435555.5416057
6,7360,0.40593430399894714,0.4503968253968254,1786435555.6293416
6,7361,0.5677531361579895,0.45019788918205805,1786435555.7184107
6,7362,0.4366682767868042,0.45032894736842105,1786435555.806706
6,7363,0.38822174072265625,0.4508967629046369,1786435555.8940942
6,7364,0.4544697403907776,0.45091623036649214,1786435555.9833724
6,7365,0.563590407371521,0.45071801566579633,1786435556.0722475
6,7366,0.5072926878929138,0.4508463541666667,1786435556.1613376
6,7367,0.6553139090538025,0.45032467532467535,1786435556.2613575
6,7368,0.4902597963809967,0.45034542314335063,1786435556.349848
6,7369,0.5456322431564331,0.4502583979328165,1786435556.448083
6,7370,0.45796066522598267,0.45049398625429554,1786435556.5438046
6,7371,0.41908377408981323,0.45072836332476435,1786435556.6321146
6,7372,0.3786722421646118,0.45096153846153847,1786435556.7233613
6,7373,0.4415650963783264,0.45087382779198637,1786435556.8159351
6,7374,0.5236383080482483,0.4507865646258503,1786435556.9067938
6,7375,0.3765680491924286,0.4501696352841391,1786435556.9978704
6,7376,0.4181061387062073,0.4501903553299492,1786435557.0860498
6,7377,0.6347901225090027,0.4501054852320675,1786435557.1758268
6,7378,0.5346677303314209,0.44938973063973064,1786435557.268587
6,7379,0.4286898970603943,0.44972712006717047,1786435557.3612633
6,7380,0.47326403856277466,0.4494346733668342,1786435557.45421
6,7381,0.5046562552452087,0.4491436925647452,1786435557.5503016
6,7382,0.4995816946029663,0.44927083333333334,1786435557.6385567
6,7383,0.40836140513420105,0.44929343308395675,1786435557.7262313
6,7384,0.34060218930244446,0.4495232172470978,1786435557.8144574
6,7385,0.4253748953342438,0.4486145574855252,1786435557.9132414
6,7386,0.380522757768631,0.44884488448844884,1786435558.01062
6,7387,0.37176403403282166,0.4488683127572016,1786435558.100824
6,7388,0.579174280166626,0.4487889983579639,1786435558.1994913
6,7389,0.4496963620185852,0.4487100737100737,1786435558.2915184
6,7390,0.4332957863807678,0.4493464052287582,1786435558.3820772
6,7391,0.5402823686599731,0.44896088019559904,1786435558.4772134
6,7392,0.4146379232406616,0.4485772357723577,1786435558.5659323
6,7393,0.4499219059944153,0.4488037307380373,1786435558.6639977
6,7394,0.5792333483695984,0.4494336569579288,1786435558.7541263
6,7395,0.6203662157058716,0.4487489911218725,1786435558.8423154
6,7396,0.33649158477783203,0.44907407407407407,1786435558.9301019
6,7397,0.49735498428344727,0.4491967871485944,1786435559.0200267
6,7398,0.4067643880844116,0.44941907051282054,1786435559.108692
6,7399,0.3378181755542755,0.4487410071942446,1786435559.19815
6,7400,0.33145543932914734,0.44806618819776717,1786435559.286856
6,7401,0.4756923019886017,0.4472951471758154,1786435559.3825846
6,7402,0.42446544766426086,0.44761904761904764,1786435559.4711835
6,7403,0.42335641384124756,0.44804038004750596,1786435559.5609071
6,7404,0.34517523646354675,0.4476698262243286,1786435559.6504605
6,7405,0.3278500437736511,0.44789204097714735,1786435559.7482355
6,7406,0.526992917060852,0.4479166666666667,1786435559.838231
6,7407,0.3865673542022705,0.4484313725490196,1786435559.936491
6,7408,0.34038272500038147,0.44874804381846634,1786435560.0248585
6,7409,0.5146535634994507,0.4481850117096019,1786435560.1161563
6,7410,0.4015032649040222,0.4485007788161994,1786435560.2106006
6,7411,0.5201452970504761,0.44823232323232326,1786435560.3062537
6,7412,0.38426822423934937,0.44874031007751936,1786435560.3968942
6,7413,0.4182349443435669,0.44818252126836816,1786435560.4955647
6,7414,0.33555105328559875,0.4485918209876543,1786435560.5934882
6,7415,0.4374234974384308,0.44803695150115475,1786435560.6828
6,7416,0.3839693069458008,0.4479646697388633,1786435560.770782
6,7417,0.4238322079181671,0.4482758620689655,1786435560.8591068
6,7418,0.5234655141830444,0.44829892966360857,1786435560.950574
6,7419,0.33845341205596924,0.447463768115942,1786435561.0396495
6,7420,0.6078673601150513,0.4470129375951294,1786435561.1284285
6,7421,0.4744170606136322,0.44703872437357633,1786435561.2170088
6,7422,0.4201340675354004,0.44668560606060603,1786435561.304841
6,7423,0.4557410180568695,0.44690098261526834,1786435561.3935125
6,7424,0.3784215450286865,0.4468325791855204,1786435561.4816036
6,7425,0.501116156578064,0.4470466516177577,1786435561.570091
6,7426,0.4050460457801819,0.4468843843843844,1786435561.6604002
6,7427,0.5605473518371582,0.44728464419475655,1786435561.749082
6,7428,0.44660213589668274,0.4475896860986547,1786435561.8385448
6,7429,0.5413259863853455,0.4469612229679344,1786435561.9277673
6,7430,0.3051871657371521,0.447265625,1786435562.0155654
6,7431,0.3760000765323639,0.4467334818114328,1786435562.1045032
6,7432,0.3508824110031128,0.44601851851851854,1786435562.1948755
6,7433,0.45627352595329285,0.4453067257945307,1786435562.2836666
6,7434,0.32834693789482117,0.44515117994100295,1786435562.374073
6,7435,0.34987321496009827,0.4445364238410596,1786435562.4634998
6,7436,0.4564850926399231,0.44419970631424377,1786435562.553044
6,7437,0.44458556175231934,0.44459706959706957,1786435562.6417484
6,7438,0.2777675986289978,0.4448099415204678,1786435562.7303581
6,7439,0.46663907170295715,0.44529540481400437,1786435562.8210871
6,7440,0.3614005744457245,0.44568777292576417,1786435562.9103038
6,7441,0.3078014552593231,0.445079883805374,1786435562.999979
6,7442,0.6890450716018677,0.4451086956521739,1786435563.0907621
6,7443,0.4201357066631317,0.4450469992769342,1786435563.180142
6,7444,0.37553319334983826,0.44507575757575757,1786435563.2679873
6,7445,0.5856009125709534,0.44447444204463643,1786435563.3579376
6,7446,0.529567539691925,0.4443247126436782,1786435563.4454901
6,7447,0.4074278473854065,0.4438172043010753,1786435563.5347075
6,7448,0.46849289536476135,0.44358011444921314,1786435563.6236613
6,7449,0.4858629107475281,0.44361170592433974,1786435563.7117841
6,7450,0.40220457315444946,0.44373219373219375,1786435563.8003936
6,7451,0.541826069355011,0.44323027718550106,1786435563.8906147
6,7452,0.33645251393318176,0.44361702127659575,1786435563.9790828
6,7453,0.4460008144378662,0.4434713375796178,1786435564.067875
6,7454,0.28507545590400696,0.4441207627118644,1786435564.1558
6,7455,0.4758921265602112,0.4437103594080338,1786435564.2448227
6,7456,0.3236308693885803,0.4439170182841069,1786435564.341736
6,7457,0.6411274671554565,0.4436842105263158,1786435564.431288
6,7458,0.4773963987827301,0.44371498599439774,1786435564.5200953
6,7459,0.5114442706108093,0.4440076869322152,1786435564.6081946
6,7460,0.47579294443130493,0.44421199442119946,1786435564.697179
6,7461,0.41866549849510193,0.44424147529575503,1786435564.785502
6,7462,0.4769698679447174,0.4444444444444444,1786435564.874799
6,7463,0.3915081322193146,0.4445599445599446,1786435564.9624152
6,7464,0.3189127445220947,0.44467496542185336,1786435565.0503516
6,7465,0.38765448331832886,0.44496204278812973,1786435565.1381173
6,7466,0.31700170040130615,0.44542011019283745,1786435565.2270827
6,7467,0.3479418158531189,0.4457903780068729,1786435565.3156672
6,7468,0.4521867632865906,0.4458161865569273,1786435565.41387
6,7469,0.366341769695282,0.445927446954141,1786435565.5013807
6,7470,0.2815360128879547,0.4453551912568306,1786435565.5909438
6,7471,0.456059992313385,0.4447852760736196,1786435565.6792417
6,7472,0.31993430852890015,0.4451530612244898,1786435565.7689295
6,7473,0.339953750371933,0.4455193482688391,1786435565.857975
6,7474,0.402094304561615,0.44596883468834686,1786435565.95211
6,7475,0.46158134937286377,0.44523326572008115,1786435566.0415206
6,7476,0.36230379343032837,0.44551282051282054,1786435566.1401553
6,7477,0.3581106960773468,0.44587542087542087,1786435566.2348583
6,7478,0.3007558286190033,0.4464885752688172,1786435566.3247273
6,7479,0.4185897409915924,0.44668008048289737,1786435566.4235804
6,7480,0.42165929079055786,0.446619812583668,1786435566.5125356
6,7481,0.6736345291137695,0.44605878423513695,1786435566.6080282
6,7482,0.3761212229728699,0.44558333333333333,1786435566.696991
6,7483,0.27996742725372314,0.4458582834331337,1786435566.7927666
6,7484,0.36387303471565247,0.4459661354581673,1786435566.881947
6,7485,0.42310217022895813,0.446156394963552,1786435566.9745708
6,7486,0.37126341462135315,0.4466765873015873,1786435567.0634282
6,7487,0.3437495529651642,0.4466171617161716,1786435567.1587114
6,7488,0.32788729667663574,0.4468050065876153,1786435567.2562945
6,7489,0.8567219972610474,0.4465811965811966,1786435567.344863
6,7490,0.7434072494506836,0.4462762467191601,1786435567.4386034
6,7491,0.5177080035209656,0.4462180746561886,1786435567.5258033
6,7492,0.44273409247398376,0.4462418300653595,1786435567.6239228
6,7493,0.3470665514469147,0.4463470319634703,1786435567.7191925
6,7494,0.30233457684516907,0.4468587239583333,1786435567.8098073
6,7495,0.42720693349838257,0.447043534762833,1786435567.9011533
6,7496,0.40133607387542725,0.4469033722438392,1786435567.9896924
6,7497,0.3474104404449463,0.4470064724919094,1786435568.086875
6,7498,0.3492703139781952,0.44646317829457366,1786435568.1807442
6,7499,0.4602072536945343,0.4463249516441006,1786435568.270054
6,7500,0.397929310798645,0.4457046332046332,1786435568.3631005
6,7501,0.4176280200481415,0.44629094412331405,1786435568.4513252
6,7502,0.24105218052864075,0.4467147435897436,1786435568.5399504
6,7503,0.554060697555542,0.4472168905950096,1786435568.6301944
6,7504,0.5672681331634521,0.4470785440613027,1786435568.7306883
6,7505,0.33285701274871826,0.44670172084130016,1786435568.8218575
6,7506,0.5682482123374939,0.4466444020356234,1786435568.9202392
6,7507,0.3940340578556061,0.44682539682539685,1786435569.0084195
6,7508,0.3208938539028168,0.44621356147021546,1786435569.1001177
6,7509,0.35888731479644775,0.44623655913978494,1786435569.1891646
6,7510,0.29419445991516113,0.44657512626262624,1786435569.2854307
6,7511,0.3213864862918854,0.4469911783238815,1786435569.3803942
6,7512,0.5351659655570984,0.44669811320754715,1786435569.4691896
6,7513,0.5075381398200989,0.44617074701820464,1786435569.5575948
6,7514,0.2990318238735199,0.44650689223057644,1786435569.6552927
6,7515,0.382671982049942,0.44668542839274544,1786435569.7508528
6,7516,0.32945096492767334,0.44709737827715357,1786435569.8393881
6,7517,0.4043947756290436,0.44672897196261685,1786435569.9281476
6,7518,0.39272692799568176,0.44675062189054726,1786435570.024012
6,7519,1.179328441619873,0.44646182495344505,1786435570.1199806
6,7520,0.373625248670578,0.44609665427509293,1786435570.217823
6,7521,0.48983126878738403,0.4461966604823748,1786435570.3069572
6,7522,0.479948490858078,0.4457561728395062,1786435570.3957882
6,7523,0.44634413719177246,0.44601047443006775,1786435570.4833102
6,7524,0.550072193145752,0.4461869618696187,1786435570.5723097
6,7525,0.349222332239151,0.4462860650705955,1786435570.6706517
6,7526,0.4062126874923706,0.4466145833333333,1786435570.7703245
6,7527,0.43926164507865906,0.4466360856269113,1786435570.8695984
6,7528,0.40864479541778564,0.4461996336996337,1786435570.9654434
6,7529,0.3511672616004944,0.44652650822669104,1786435571.0544817
6,7530,0.4777941405773163,0.4464720194647202,1786435571.1433337
6,7531,0.5879882574081421,0.4465695203400121,1786435571.240789
6,7532,0.39360395073890686,0.44696969696969696,1786435571.3386476
6,7533,0.5307254791259766,0.44661222020568664,1786435571.4335532
6,7534,0.3931300938129425,0.4467844202898551,1786435571.5225792
6,7535,0.38607528805732727,0.44612718505123566,1786435571.6113646
6,7536,0.2712223529815674,0.4457731648616125,1786435571.7048705
6,7537,0.39072591066360474,0.44602102102102104,1786435571.801168
6,7538,0.3557431101799011,0.4461181055155875,1786435571.8966093
6,7539,0.6856430172920227,0.44584081388390184,1786435571.9909933
6,7540,0.6824886798858643,0.445863201911589,1786435572.078453
6,7541,0.4591084122657776,0.44596004770423375,1786435572.1796467
6,7542,0.40394848585128784,0.4454613095238095,1786435572.279724
6,7543,0.39024800062179565,0.44489007724301843,1786435572.3683379
6,7544,0.3933126926422119,0.44506227758007116,1786435572.4587052
6,7545,0.44048047065734863,0.4454558910597987,1786435572.5474846
6,7546,0.6460061073303223,0.4451832151300236,1786435572.6479568
6,7547,0.41194355487823486,0.44542772861356933,1786435572.7442663
6,7548,0.3837871551513672,0.4455241460541814,1786435572.8342044
6,7549,0.3011017441749573,0.44576719576719576,1786435572.9222252
6,7550,0.4650392532348633,0.4454225352112676,1786435573.020382
6,7551,0.5437331795692444,0.4450058582308143,1786435573.1175268
6,7552,0.31874510645866394,0.44532163742690056,1786435573.2061286
6,7553,0.37116366624832153,0.4454903677758319,1786435573.2992487
6,7554,0.3265179395675659,0.445731351981352,1786435573.3964593
6,7555,0.2948967516422272,0.44604421175101805,1786435573.4902108
6,7556,0.40664660930633545,0.4462833914053426,1786435573.5843563
6,7557,0.36081206798553467,0.4467391304347826,1786435573.6733313
6,7558,0.5373253226280212,0.44632523148148145,1786435573.7723932
6,7559,0.47822993993759155,0.4462016175621028,1786435573.8618388
6,7560,0.37842682003974915,0.4465109573241061,1786435573.9500387
6,7561,0.48045581579208374,0.4463154864709269,1786435574.047672
6,7562,0.2625559866428375,0.4459770114942529,1786435574.1418
6,7563,0.6741311550140381,0.4454962707974756,1786435574.2410822
6,7564,0.420573890209198,0.4455183276059565,1786435574.3292992
6,7565,0.47978895902633667,0.44568324757004,1786435574.4175377
6,7566,0.5062920451164246,0.4457049086757991,1786435574.5069416
6,7567,0.42953288555145264,0.44572649572649575,1786435574.598282
6,7568,0.46949705481529236,0.4459613196814562,1786435574.687139
6,7569,0.33480411767959595,0.446053378762067,1786435574.7752497
6,7570,0.3722773790359497,0.4456490929705215,1786435574.865986
6,7571,0.5692943334579468,0.4459535936615733,1786435574.9545126
6,7572,0.34761103987693787,0.4461864406779661,1786435575.0431883
6,7573,0.28847062587738037,0.4460659898477157,1786435575.131813
6,7574,0.3664867579936981,0.4462274774774775,1786435575.2195284
6,7575,0.3347119092941284,0.44652894884766725,1786435575.307106
6,7576,0.4364456236362457,0.44668911335578004,1786435575.3947358
6,7577,0.38462603092193604,0.4466386554621849,1786435575.4827554
6,7578,0.4003124535083771,0.4467980984340045,1786435575.5715694
6,7579,0.3382030427455902,0.4472361809045226,1786435575.658883
6,7580,0.39403748512268066,0.4467670011148272,1786435575.747334
6,7581,0.46952304244041443,0.44629938786867,1786435575.8362195
6,7582,0.3930126130580902,0.44666666666666666,1786435575.9242628
6,7583,0.45339739322662354,0.4468247365501941,1786435576.0128934
6,7584,0.28586986660957336,0.44642857142857145,1786435576.1018136
6,7585,0.4132862687110901,0.44596462133775566,1786435576.1920867
6,7586,0.3202346861362457,0.4463300220750552,1786435576.2802083
6,7587,0.47455650568008423,0.44641873278236915,1786435576.3696308
6,7588,0.4882139563560486,0.4463008800880088,1786435576.4580462
6,7589,0.26950928568840027,0.446389346512905,1786435576.5475523
6,7590,0.3189738094806671,0.4466145833333333,1786435576.6356745
6,7591,0.3507137894630432,0.44622331691297207,1786435576.7247796
6,7592,0.53225177526474,0.44651639344262295,1786435576.8131323
6,7593,0.34492236375808716,0.4466721222040371,1786435576.900909
6,7594,0.3491078317165375,0.44689542483660133,1786435576.9902449
6,7595,0.4158988893032074,0.4467781402936378,1786435577.07937
6,7596,0.43128183484077454,0.44672909880564604,1786435577.1677594
6,7597,0.574320912361145,0.446680216802168,1786435577.2564182
6,7598,0.4176754057407379,0.4466314935064935,1786435577.3443942
6,7599,0.46915489435195923,0.44644786601836844,1786435577.4321818
6,7600,0.38252145051956177,0.4464670981661273,1786435577.5220885
6,7601,0.3612947165966034,0.4466882067851373,1786435577.610538
6,7602,0.45774245262145996,0.4465725806451613,1786435577.6988409
6,7603,0.4876876473426819,0.4464573268921095,1786435577.7870483
6,7604,0.6098198890686035,0.44647642015005357,1786435577.8759046
6,7605,0.3771530091762543,0.4464954521134296,1786435577.9638495
6,7606,0.32186615467071533,0.4465811965811966,1786435578.0530992
6,7607,0.4273347854614258,0.4467333333333333,1786435578.1411893
6,7608,0.3190552890300751,0.4469515441959531,1786435578.2293105
6,7609,0.373297780752182,0.4470361509835194,1786435578.3176508
6,7610,0.37089094519615173,0.4471868365180467,1786435578.4058897
6,7611,0.49268704652786255,0.44720455749867516,1786435578.4939163
6,7612,0.5272397994995117,0.4474867724867725,1786435578.584266
6,7613,0.3346094787120819,0.44770206022187004,1786435578.6724298
6,7614,0.3881722092628479,0.44765295358649787,1786435578.761222
6,7615,0.36616116762161255,0.4477356503422854,1786435578.8501797
6,7616,0.6137557625770569,0.44735804416403785,1786435578.9398456
6,7617,0.4875238537788391,0.44750656167979,1786435579.0286252
6,7618,0.5559782981872559,0.4469994758909853,1786435579.1178212
6,7619,0.4911654591560364,0.44708267922553635,1786435579.2052
6,7620,0.4216204881668091,0.4467737722048067,1786435579.294944
6,7621,0.37955331802368164,0.44698748043818465,1786435579.3840203
6,7622,0.3892765939235687,0.44700520833333335,1786435579.4725018
6,7623,0.37333714962005615,0.4471528861154446,1786435579.5618703
6,7624,0.3247259259223938,0.447365005192108,1786435579.6504672
6,7625,0.5241470336914062,0.44712286158631415,1786435579.7390597
6,7626,0.34146028757095337,0.4473343685300207,1786435579.827773
6,7627,0.46951305866241455,0.44735142118863047,1786435579.917608
6,7628,0.4291764199733734,0.44749742002063986,1786435580.0054133
6,7629,0.3987925052642822,0.44777176713034517,1786435580.0960755
6,7630,0.4857599437236786,0.4479166666666667,1786435580.1861043
6,7631,0.33915770053863525,0.44812532100667696,1786435580.2818234
6,7632,0.5378260016441345,0.4478846153846154,1786435580.370654
6,7633,0.3557156026363373,0.4482206861239119,1786435580.4706328
6,7634,0.4034637212753296,0.44849182004089977,1786435580.569552
6,7635,0.3231472373008728,0.4486345074017356,1786435580.662633
6,7636,0.4251644015312195,0.4487767584097859,1786435580.7502716
6,7637,0.3333726227283478,0.4485368956743003,1786435580.8387868
6,7638,0.3788944184780121,0.4486788617886179,1786435580.9306505
6,7639,0.3678450882434845,0.448820395738204,1786435581.0257258
6,7640,0.36273643374443054,0.44915146909827763,1786435581.119676
6,7641,0.3386238217353821,0.4486595852301467,1786435581.2148945
6,7642,0.41037818789482117,0.4484217171717172,1786435581.3092296
6,7643,0.3038580119609833,0.44868885526979324,1786435581.4024
6,7644,0.27683916687965393,0.4490181268882175,1786435581.4982567
6,7645,0.3771708607673645,0.44903217697335346,1786435581.5943434
6,7646,0.566277265548706,0.44892068273092367,1786435581.6953483
6,7647,0.6003387570381165,0.44893483709273185,1786435581.7838917
6,7648,0.3800886869430542,0.44901151151151153,1786435581.8718367
6,7649,0.6440809369087219,0.4490254872563718,1786435581.9695776
6,7650,0.41990718245506287,0.4492889221556886,1786435582.062546
6,7651,0.4552610516548157,0.44930244145490783,1786435582.1539636
6,7652,0.6103440523147583,0.4494402985074627,1786435582.2496576
6,7653,0.3550178110599518,0.44963984103328364,1786435582.3509908
6,7654,0.3898526132106781,0.44971478174603174,1786435582.4473932
6,7655,0.2995467483997345,0.449851411589896,1786435582.5551653
6,7656,0.49692803621292114,0.4495548961424332,1786435582.6566405
6,7657,0.37067803740501404,0.44981481481481483,1786435582.7585244
6,7658,0.7167322039604187,0.44964250493096647,1786435582.8502054
6,7659,0.40313199162483215,0.44971688823239786,1786435582.9424088
6,7660,0.368956595659256,0.45003687315634217,1786435583.034164
6,7661,0.4445568323135376,0.45011045655375553,1786435583.1257865
6,7662,0.327905535697937,0.4501838235294118,1786435583.222829
6,7663,0.40153712034225464,0.4503181595692609,1786435583.3230271
6,7664,0.5264474153518677,0.4500244379276637,1786435583.419978
6,7665,0.6705991625785828,0.45021961932650073,1786435583.5111399
6,7666,0.5559760928153992,0.4504751461988304,1786435583.6121256
6,7667,0.427299439907074,0.45,1786435583.7063262
6,7668,0.33749520778656006,0.4502551020408163,1786435583.806691
6,7669,0.38933128118515015,0.4497210092188258,1786435583.8998184
6,7670,0.3261446952819824,0.4500363372093023,1786435583.991537
6,7671,0.41806361079216003,0.450229801644896,1786435584.0893686
6,7672,0.3608644902706146,0.45030193236714977,1786435584.1813314
6,7673,0.3326863944530487,0.4505547515677762,1786435584.282222
6,7674,0.4790785312652588,0.4505057803468208,1786435584.376378
6,7675,0.6727348566055298,0.4503367003367003,1786435584.4697502
6,7676,0.3596033453941345,0.4498078770413064,1786435584.5620928
6,7677,0.3817310333251953,0.45,1786435584.653703
6,7678,0.4091584384441376,0.45013170498084293,1786435584.7464135
6,7679,0.45948415994644165,0.4501434720229555,1786435584.8458548
6,7680,0.38524726033210754,0.45033428844317097,1786435584.9372373
6,7681,0.34819722175598145,0.45046494992846925,1786435585.0333402
6,7682,0.31651461124420166,0.45071428571428573,1786435585.128005
6,7683,0.5087206363677979,0.4507251545411317,1786435585.2318387
6,7684,0.3694668710231781,0.45073599240265905,1786435585.334404
6,7685,0.3669784963130951,0.4511024182076814,1786435585.4272568
6,7686,0.38987278938293457,0.4512310606060606,1786435585.5228474
6,7687,0.29552823305130005,0.4514775413711584,1786435585.6154232
6,7688,0.35488003492355347,0.4516052880075543,1786435585.716557
6,7689,0.5810517072677612,0.4513201320132013,1786435585.816375
6,7690,0.4334791302680969,0.4514477401129944,1786435585.9156146
6,7691,0.28362423181533813,0.45169252468265164,1786435586.0192254
6,7692,0.32131996750831604,0.45193661971830984,1786435586.1114101
6,7693,0.5358092188835144,0.4515939990623535,1786435586.204109
6,7694,0.3535400927066803,0.4513693820224719,1786435586.3040555
6,7695,0.4286994934082031,0.4513207106124357,1786435586.3998406
6,7696,0.2767116129398346,0.4517390289449113,1786435586.4914796
6,7697,0.35681647062301636,0.4518648018648019,1786435586.5841365
6,7698,0.603513240814209,0.4514664804469274,1786435586.6805925
6,7699,0.3657251298427582,0.4516503951650395,1786435586.7841744
6,7700,0.5525071620941162,0.4517177344475395,1786435586.876847
6,7701,0.47103092074394226,0.4513212795549374,1786435586.9792657
6,7702,0.6129903793334961,0.4511574074074074,1786435587.0883877
6,7703,0.47396376729011536,0.4509361997226075,1786435587.1814084
6,7704,0.41634562611579895,0.45106186518928904,1786435587.273488
6,7705,0.3904649615287781,0.45066851083448595,1786435587.3658478
6,7706,0.6175604462623596,0.45062154696132595,1786435587.4711032
6,7707,0.4656018316745758,0.450632183908046,1786435587.5742106
6,7708,0.3780360519886017,0.4508149678604224,1786435587.6712623
6,7709,0.3261529505252838,0.4510545621274645,1786435587.7630959
6,7710,0.4229893982410431,0.4511217948717949,1786435587.854355
6,7711,0.48760154843330383,0.4511888431641518,1786435587.9461696
6,7712,0.3266998827457428,0.4507420091324201,1786435588.040143
6,7713,0.35983261466026306,0.45035339717282263,1786435588.1331494
6,7714,0.27184295654296875,0.45070582877959925,1786435588.227073
6,7715,0.45553290843963623,0.450943610732151,1786435588.3267448
6,7716,0.4595210552215576,0.4506698455949137,1786435588.4190166
6,7717,0.3905673325061798,0.45090702947845807,1786435588.5101295
6,7718,0.33792364597320557,0.45103034420289856,1786435588.5990446
6,7719,0.29369887709617615,0.45132293080054275,1786435588.6896775
6,7720,0.28102952241897583,0.45172764227642276,1786435588.7781653
6,7721,0.3848942816257477,0.4519621109607578,1786435588.8670218
6,7722,0.3329905569553375,0.45213963963963966,1786435588.9543235
6,7723,0.45047760009765625,0.45169815564552407,1786435589.043228
6,7724,0.49821943044662476,0.45148247978436656,1786435589.1309793
6,7725,0.3933558166027069,0.45143562135486764,1786435589.218833
6,7726,0.5956382155418396,0.45144489247311825,1786435589.3078349
6,7727,0.352863073348999,0.45151006711409397,1786435589.396018
6,7728,0.504873514175415,0.45151921358355673,1786435589.4843638
6,7729,0.7942947745323181,0.45130522088353414,1786435589.57285
6,7730,0.4135955274105072,0.45125891265597146,1786435589.6604013
6,7731,0.5456280708312988,0.4512683578104139,1786435589.74864
6,7732,0.32772862911224365,0.4513888888888889,1786435589.8374674
6,7733,0.4075043201446533,0.4514536173990235,1786435589.9257686
6,7734,0.2996017336845398,0.45190602836879434,1786435590.0135295
6,7735,0.5976347327232361,0.45213590084108013,1786435590.1048446
6,7736,0.5325891971588135,0.4521441202475685,1786435590.1937187
6,7737,0.5602249503135681,0.45187637969094924,1786435590.2824476
6,7738,0.6168846487998962,0.4514440035273369,1786435590.3709338
6,7739,0.33254319429397583,0.45150814619110524,1786435590.4588523
6,7740,0.649024248123169,0.4515171503957784,1786435590.5477617
6,7741,0.24925753474235535,0.4518006148440931,1786435590.636814
6,7742,0.42185887694358826,0.45208333333333334,1786435590.7263231
6,7743,0.3093860447406769,0.45231055628558914,1786435590.817511
6,7744,0.3911997675895691,0.45237314085739283,1786435590.905551
6,7745,0.40105971693992615,0.45254477937964177,1786435590.9971104
6,7746,0.33012503385543823,0.4526614310645724,1786435591.0903115
6,7747,0.3797799050807953,0.4526143790849673,1786435591.1821206
6,7748,0.65184485912323,0.4524586597040905,1786435591.2712834
6,7749,0.5337389707565308,0.45241199478487615,1786435591.3605053
6,7750,0.3126089572906494,0.45263671875,1786435591.4494119
6,7751,0.25923287868499756,0.45286085825747724,1786435591.537004
6,7752,0.3830144703388214,0.453030303030303,1786435591.6246753
6,7753,0.35227030515670776,0.4532533506268915,1786435591.711967
6,7754,0.4697159230709076,0.4534218480138169,1786435591.8010552
6,7755,0.5886638760566711,0.4532664941785252,1786435591.8904333
6,7756,0.5720142126083374,0.4532192075796727,1786435591.9796813
6,7757,0.3595616817474365,0.45306451612903226,1786435592.0682714
6,7758,0.5623390674591064,0.453125,1786435592.1568532
6,7759,0.33835217356681824,0.4531853281853282,1786435592.2458563
6,7760,0.6359313726425171,0.4527634961439589,1786435592.3350046
6,7761,0.3239854872226715,0.45309157038938813,1786435592.4236832
6,7762,0.4359190762042999,0.4527777777777778,1786435592.5129228
6,7763,0.5298815965652466,0.4529449423815621,1786435592.6018567
6,7764,0.42732444405555725,0.45295183290707586,1786435592.6901126
6,7765,0.5200316905975342,0.4529054916985951,1786435592.7784479
6,7766,0.38213345408439636,0.4525403911564626,1786435592.8678935
6,7767,0.6107460260391235,0.45217622080679404,1786435592.9566
6,7768,0.3803617060184479,0.45218405428329095,1786435593.0449126
6,7769,0.4588984549045563,0.4522977551884795,1786435593.1331992
6,7770,0.39479315280914307,0.4520410321489002,1786435593.2218757
6,7771,0.32003894448280334,0.4521018166455429,1786435593.309669
6,7772,0.6637458801269531,0.4520569620253165,1786435593.398378
6,7773,0.41145238280296326,0.4521702486304256,1786435593.4882126
6,7774,0.270156592130661,0.45228324915824913,1786435593.5768924
6,7775,0.3242114782333374,0.45244850777637663,1786435593.676154
6,7776,0.3560473322868347,0.4527707808564232,1786435593.7750294
6,7777,0.31968972086906433,0.4528825995807128,1786435593.86336
6,7778,0.4482828676700592,0.45262772194304857,1786435593.953237
6,7779,0.32136836647987366,0.4526348808030113,1786435594.0466995
6,7780,0.38208526372909546,0.4522765246449457,1786435594.1376467
6,7781,0.453116238117218,0.4523362536503963,1786435594.235508
6,7782,0.43188825249671936,0.45203125,1786435594.3243952
6,7783,0.5592789053916931,0.4519350811485643,1786435594.4120631
6,7784,0.4302620589733124,0.4522547797173732,1786435594.509724
6,7785,0.7726945877075195,0.4522623495226235,1786435594.606799
6,7786,0.3635569214820862,0.45232172470978443,1786435594.7042973
6,7787,0.3522240221500397,0.45253623188405795,1786435594.792602
6,7788,0.3244628608226776,0.4526468155500414,1786435594.8811662
6,7789,0.328670859336853,0.45249896736885586,1786435594.9745138
6,7790,0.43262749910354614,0.45255775577557755,1786435595.0698495
6,7791,0.29175180196762085,0.4528739184177997,1786435595.1688073
6,7792,0.33340221643447876,0.45308641975308644,1786435595.2568884
6,7793,0.460338294506073,0.4528873818331278,1786435595.3460681
6,7794,0.617948591709137,0.4528427750410509,1786435595.4393215
6,7795,0.4448951184749603,0.4530545305453055,1786435595.5338345
6,7796,0.4825004041194916,0.4531633906633907,1786435595.6216874
6,7797,0.38411635160446167,0.4532719836400818,1786435595.7218173
6,7798,0.4340805113315582,0.45338031045751637,1786435595.8119507
6,7799,0.5255983471870422,0.45333537331701346,1786435595.90681
6,7800,0.31943652033805847,0.4534433577832111,1786435595.995458
6,7801,0.5487332344055176,0.45344932844932845,1786435596.0925372
6,7802,0.3382079005241394,0.4535569105691057,1786435596.1843927
6,7803,0.38632673025131226,0.45356272838002437,1786435596.27395
6,7804,0.6584070920944214,0.4535178426601784,1786435596.3621337
6,7805,0.36452287435531616,0.45352369380315916,1786435596.4639587
6,7806,0.39772114157676697,0.4535800970873786,1786435596.5536609
6,7807,0.38306868076324463,0.4536363636363636,1786435596.656082
6,7808,0.322797954082489,0.4534402744148507,1786435596.758077
6,7809,0.33229705691337585,0.45359733978234584,1786435596.856752
6,7810,0.552632212638855,0.4537037037037037,1786435596.9655664
6,7811,0.5790483355522156,0.4534579815038199,1786435597.0545375
6,7812,0.3380451798439026,0.45371485943775103,1786435597.1444278
6,7813,0.4073880612850189,0.4537705575611713,1786435597.2317922
6,7814,0.3595028221607208,0.45337540064102566,1786435597.327156
6,7815,0.2920536696910858,0.45363145258103243,1786435597.4155123
6,7816,0.3117947280406952,0.45388689048760994,1786435597.5171716
6,7817,0.3900914788246155,0.45404191616766465,1786435597.615455
6,7818,0.41005581617355347,0.45419657097288674,1786435597.7095356
6,7819,0.6140018701553345,0.4541517323775388,1786435597.7981317
6,7820,0.4752190113067627,0.45435560859188545,1786435597.8962362
6,7821,0.3169519305229187,0.45465832340087403,1786435597.9955945
6,7822,0.40300726890563965,0.45456349206349206,1786435598.098355
6,7823,0.45665162801742554,0.4544688862465319,1786435598.1912618
6,7824,0.5755942463874817,0.4544239904988123,1786435598.278542
6,7825,0.40647971630096436,0.45447805456702256,1786435598.3718653
6,7826,0.3439198434352875,0.4546800947867299,1786435598.4655287
6,7827,0.5953116416931152,0.45438856015779094,1786435598.5566254
6,7828,0.7367081642150879,0.45424546887312844,1786435598.6577287
6,7829,0.4290451109409332,0.45410271546635184,1786435598.7459886
6,7830,0.295819491147995,0.4542059748427673,1786435598.8366628
6,7831,0.682037353515625,0.45411268158617984,1786435598.932637
6,7832,0.437061607837677,0.4541176470588235,1786435599.0220711
6,7833,0.601386308670044,0.4541226008617313,1786435599.1163359
6,7834,0.4053502678871155,0.45422535211267606,1786435599.2058933
6,7835,0.32531458139419556,0.45452325127002735,1786435599.293606
6,7836,0.5429421067237854,0.45452771272443404,1786435599.383567
6,7837,0.706636369228363,0.4546783625730994,1786435599.4725642
6,7838,0.36696428060531616,0.4548773364485981,1786435599.5605123
6,7839,0.37434467673301697,0.45507584597432904,1786435599.6487105
6,7840,0.36841753125190735,0.45522533022533024,1786435599.7370243
6,7841,0.29254013299942017,0.4553744664338378,1786435599.8252823
6,7842,0.5367981791496277,0.4552325581395349,1786435599.9139776
6,7843,0.2594330608844757,0.45484901277584205,1786435600.002426
6,7844,0.3430030047893524,0.45451469450889403,1786435600.0916748
6,7845,0.47063371539115906,0.4545191193511008,1786435600.179433
6,7846,0.3478662669658661,0.4543306327160494,1786435600.267987
6,7847,0.5660912394523621,0.45404624277456646,1786435600.3566165
6,7848,0.5534412860870361,0.45400307929176287,1786435600.4450104
6,7849,0.35343778133392334,0.4542483660130719,1786435600.5317461
6,7850,0.35319724678993225,0.4542530721966206,1786435600.6181939
6,7851,0.37591469287872314,0.4544016110471807,1786435600.705034
6,7852,0.4168857932090759,0.45440613026819926,1786435600.7913816
6,7853,0.4610985517501831,0.45441063911213164,1786435600.8780856
6,7854,0.4330495595932007,0.45446292048929665,1786435600.9642606
6,7855,0.4450899064540863,0.45427644138984347,1786435601.0518882
6,7856,0.47359731793403625,0.45423340961098396,1786435601.1391437
6,7857,0.442668616771698,0.4543333333333333,1786435601.2259219
6,7858,0.3739051818847656,0.454337899543379,1786435601.3136492
6,7859,0.39696305990219116,0.4543424553401748,1786435601.4001822
6,7860,0.4880737066268921,0.45458428246013666,1786435601.4884923
6,7861,0.29438936710357666,0.4548729616989003,1786435601.5758142
6,7862,0.5044103860855103,0.45482954545454546,1786435601.6624048
6,7863,0.32592955231666565,0.4550227014755959,1786435601.7498863
6,7864,0.3894203305244446,0.4546485260770975,1786435601.837635
6,7865,0.5304991602897644,0.454841449603624,1786435601.9250135
6,7866,0.530885636806488,0.45479826546003016,1786435602.011735
6,7867,0.3342622220516205,0.45494350282485874,1786435602.10246
6,7868,0.34554925560951233,0.4549473288186606,1786435602.194648
6,7869,0.3927600383758545,0.45504509582863584,1786435602.2870855
7,7870,0.47013407945632935,0.5833333333333334,1786435608.5083878
7,7871,0.45506030321121216,0.6458333333333334,1786435608.659745
7,7872,0.36338239908218384,0.6111111111111112,1786435608.7562995
7,7873,0.2937409579753876,0.59375,1786435608.854688
7,7874,0.36736148595809937,0.5416666666666666,1786435608.952338
7,7875,0.3750392198562622,0.4791666666666667,1786435609.053847
7,7876,0.43521037697792053,0.4583333333333333,1786435609.1765952
7,7877,0.3266172707080841,0.4895833333333333,1786435609.3054922
7,7878,0.3484877347946167,0.46296296296296297,1786435609.3987844
7,7879,0.37219610810279846,0.48333333333333334,1786435609.49687
7,7880,0.3326880633831024,0.48484848484848486,1786435609.5935533
7,7881,0.3287785053253174,0.4930555555555556,1786435609.6985264
7,7882,0.4156080186367035,0.47115384615384615,1786435609.8106458
7,7883,0.5081341862678528,0.4732142857142857,1786435609.9060984
7,7884,0.4888232350349426,0.44722222222222224,1786435609.9975805
7,7885,0.42373576760292053,0.4505208333333333,1786435610.0923357
7,7886,0.5785150527954102,0.4583333333333333,1786435610.195456
7,7887,0.3645385801792145,0.46296296296296297,1786435610.2872615
7,7888,0.3199889361858368,0.46710526315789475,1786435610.377975
7,7889,0.3999142646789551,0.46458333333333335,1786435610.4725368
7,7890,0.37128058075904846,0.47619047619047616,1786435610.563123
7,7891,0.4608500599861145,0.4753787878787879,1786435610.6524045
7,7892,0.5382498502731323,0.4601449275362319,1786435610.7429695
7,7893,0.5242043137550354,0.4565972222222222,1786435610.8326132
7,7894,0.3036765456199646,0.4583333333333333,1786435610.9226289
7,7895,0.4213234782218933,0.46153846153846156,1786435611.0121562
7,7896,0.42641395330429077,0.4660493827160494,1786435611.1011326
7,7897,0.5323596596717834,0.46577380952380953,1786435611.1905136
7,7898,0.4663044810295105,0.46264367816091956,1786435611.2848969
7,7899,0.4743736982345581,0.4583333333333333,1786435611.3803775
7,7900,0.539335310459137,0.45026881720430106,1786435611.4750338
7,7901,0.27787649631500244,0.4609375,1786435611.5683806
7,7902,0.6206604242324829,0.4583333333333333,1786435611.658286
7,7903,0.44295865297317505,0.4522058823529412,1786435611.7483547
7,7904,0.31968826055526733,0.45595238095238094,1786435611.839429
7,7905,0.4462369382381439,0.4513888888888889,1786435611.9336092
7,7906,0.3513372540473938,0.44481981981981983,1786435612.0270276
7,7907,0.5116603970527649,0.4440789473684211,1786435612.11999
7,7908,0.45042112469673157,0.4391025641025641,1786435612.2141473
7,7909,0.4262241721153259,0.434375,1786435612.3059285
7,7910,0.3468998670578003,0.43089430894308944,1786435612.3986642
7,7911,0.4085990786552429,0.435515873015873,1786435612.5017974
7,7912,0.35648250579833984,0.44089147286821706,1786435612.5947282
7,7913,0.692318856716156,0.4403409090909091,1786435612.689259
7,7914,0.42593419551849365,0.4388888888888889,1786435612.7865272
7,7915,0.29065990447998047,0.44021739130434784,1786435612.8846948
7,7916,0.32590505480766296,0.4441489361702128,1786435612.9817092
7,7917,0.3946232795715332,0.4392361111111111,1786435613.0749204
7,7918,0.30878984928131104,0.44387755102040816,1786435613.1690207
7,7919,0.4853582978248596,0.44666666666666666,1786435613.2618864
7,7920,0.5115535259246826,0.44689542483660133,1786435613.3542175
7,7921,0.3883216977119446,0.45032051282051283,1786435613.4498413
7,7922,0.3865409791469574,0.45361635220125784,1786435613.5450027
7,7923,0.3525139391422272,0.4567901234567901,1786435613.6375687
7,7924,0.5772547125816345,0.45227272727272727,1786435613.7343175
7,7925,0.41462212800979614,0.45461309523809523,1786435613.8388264
7,7926,0.3815946578979492,0.4583333333333333,1786435613.9350886
7,7927,0.35497868061065674,0.4525862068965517,1786435614.0286026
7,7928,0.458204984664917,0.4477401129943503,1786435614.1247292
7,7929,0.34943872690200806,0.45,1786435614.2135587
7,7930,0.48565131425857544,0.4494535519125683,1786435614.3020918
7,7931,0.3325439393520355,0.4536290322580645,1786435614.3907957
7,7932,0.5404098033905029,0.45436507936507936,1786435614.4798918
7,7933,0.33951282501220703,0.4576822916666667,1786435614.5681736
7,7934,0.30485352873802185,0.46089743589743587,1786435614.65699
7,7935,0.5642542243003845,0.4602272727272727,1786435614.7447047
7,7936,0.5478513836860657,0.46455223880597013,1786435614.8327456
7,7937,0.2904897928237915,0.4675245098039216,1786435614.9206645
7,7938,0.4196111559867859,0.46799516908212563,1786435615.0107083
7,7939,0.41886553168296814,0.4654761904761905,1786435615.0996435
7,7940,0.4247216582298279,0.4677230046948357,1786435615.1875744
7,7941,0.3972904086112976,0.4722222222222222,1786435615.2811954
7,7942,0.48838669061660767,0.4726027397260274,1786435615.3745787
7,7943,0.5227757692337036,0.47184684684684686,1786435615.4665802
7,7944,0.53728187084198,0.47333333333333333,1786435615.5554824
7,7945,0.36267247796058655,0.4753289473684211,1786435615.644816
7,7946,0.506736695766449,0.47023809523809523,1786435615.7379794
7,7947,0.4841538071632385,0.47115384615384615,1786435615.8301673
7,7948,0.3220616281032562,0.4741561181434599,1786435615.9234116
7,7949,0.3361612558364868,0.47604166666666664,1786435616.0146544
7,7950,0.4935363233089447,0.4758230452674897,1786435616.1059606
7,7951,0.27359652519226074,0.47865853658536583,1786435616.194431
7,7952,0.3623385727405548,0.4748995983935743,1786435616.2838454
7,7953,0.35393860936164856,0.4751984126984127,1786435616.373269
7,7954,0.32585304975509644,0.4769607843137255,1786435616.4610555
7,7955,0.3618345558643341,0.47819767441860467,1786435616.5529275
7,7956,0.43727603554725647,0.4755747126436782,1786435616.6458678
7,7957,0.346723347902298,0.47490530303030304,1786435616.7348242
7,7958,0.3667350709438324,0.477059925093633,1786435616.8232875
7,7959,0.3434334695339203,0.4787037037037037,1786435616.9139926
7,7960,0.6642118692398071,0.47619047619047616,1786435617.0032
7,7961,0.5855420827865601,0.4746376811594203,1786435617.0919158
7,7962,0.38134706020355225,0.47401433691756273,1786435617.1838753
7,7963,0.4595462679862976,0.46941489361702127,1786435617.2756581
7,7964,0.3115308880805969,0.4706140350877193,1786435617.364702
7,7965,0.3734998404979706,0.4691840277777778,1786435617.4524276
7,7966,0.4583430290222168,0.47079037800687284,1786435617.540415
7,7967,0.45498618483543396,0.4710884353741497,1786435617.6344318
7,7968,0.44800376892089844,0.46885521885521886,1786435617.7244415
7,7969,0.7082176804542542,0.4666666666666667,1786435617.8129725
7,7970,0.4207313656806946,0.466996699669967,1786435617.9005604
7,7971,0.35585862398147583,0.46772875816993464,1786435617.990798
7,7972,0.6108964085578918,0.46601941747572817,1786435618.0800552
7,7973,0.39116430282592773,0.4675480769230769,1786435618.1682234
7,7974,0.3708028793334961,0.46865079365079365,1786435618.2627714
7,7975,0.3934105634689331,0.4705188679245283,1786435618.35408
7,7976,0.4578099548816681,0.4696261682242991,1786435618.4461737
7,7977,0.3772817552089691,0.4710648148148148,1786435618.5378344
7,7978,0.4317820072174072,0.4701834862385321,1786435618.6394427
7,7979,0.56358402967453,0.47045454545454546,1786435618.7401829
7,7980,0.6433640718460083,0.47072072072072074,1786435618.8292332
7,7981,0.4089856445789337,0.4713541666666667,1786435618.9240835
7,7982,0.3250240087509155,0.4723451327433628,1786435619.01203
7,7983,0.38662058115005493,0.47404970760233917,1786435619.1119435
7,7984,0.3032931089401245,0.47101449275362317,1786435619.2104049
7,7985,0.37401825189590454,0.47126436781609193,1786435619.2983131
7,7986,0.4425150454044342,0.47115384615384615,1786435619.3860629
7,7987,0.2913585901260376,0.4724576271186441,1786435619.4740431
7,7988,0.3155580759048462,0.4737394957983193,1786435619.565875
7,7989,0.5048428177833557,0.47152777777777777,1786435619.6592247
7,7990,0.32180115580558777,0.4693526170798898,1786435619.7484167
7,7991,0.4018528461456299,0.46994535519125685,1786435619.836687
7,7992,0.42431211471557617,0.46747967479674796,1786435619.9259207
7,7993,0.5596876740455627,0.4674059139784946,1786435620.0151906
7,7994,0.31388282775878906,0.4686666666666667,1786435620.1051915
7,7995,0.5320727229118347,0.4699074074074074,1786435620.1959965
7,7996,0.38758373260498047,0.46948818897637795,1786435620.2846684
7,7997,0.3580707013607025,0.470703125,1786435620.3742712
7,7998,0.48559948801994324,0.47093023255813954,1786435620.4638746
7,7999,0.346085786819458,0.4717948717948718,1786435620.5548031
7,8000,0.35838237404823303,0.4723282442748092,1786435620.6424727
7,8001,0.6010332107543945,0.4696969696969697,1786435620.7315266
7,8002,0.3795459270477295,0.47023809523809523,1786435620.8232827
7,8003,0.4193710386753082,0.4701492537313433,1786435620.914393
7,8004,0.3309173882007599,0.4719135802469136,1786435621.004479
7,8005,0.444094717502594,0.47089460784313725,1786435621.094849
7,8006,0.3423382043838501,0.47141119221411193,1786435621.1853752
7,8007,0.4443157911300659,0.47041062801932365,1786435621.2771592
7,8008,0.42514127492904663,0.4712230215827338,1786435621.369291
7,8009,0.5099987983703613,0.46845238095238095,1786435621.4582932
7,8010,0.5060920715332031,0.4671985815602837,1786435621.54752
7,8011,0.4122017025947571,0.4688967136150235,1786435621.6402664
7,8012,0.2454221099615097,0.47027972027972026,1786435621.73015
7,8013,0.5352509617805481,0.4681712962962963,1786435621.8200545
7,8014,0.41138797998428345,0.46839080459770116,1786435621.9085367
7,8015,0.5219043493270874,0.4666095890410959,1786435622.0007331
7,8016,0.4244096875190735,0.46485260770975056,1786435622.0960708
7,8017,0.32841652631759644,0.46565315315315314,1786435622.1859243
7,8018,0.3356952965259552,0.4658836689038031,1786435622.2792153
7,8019,0.2802174687385559,0.46694444444444444,1786435622.3837724
7,8020,0.3013039529323578,0.46716335540838855,1786435622.4760182
7,8021,0.5208021402359009,0.4649122807017544,1786435622.572321
7,8022,0.33552873134613037,0.46568627450980393,1786435622.6629128
7,8023,0.4783215820789337,0.4642857142857143,1786435622.754108
7,8024,0.4646299183368683,0.46344086021505376,1786435622.8427453
7,8025,0.3557692766189575,0.46447649572649574,1786435622.9344602
7,8026,0.48574554920196533,0.46337579617834396,1786435623.0246432
7,8027,0.37750810384750366,0.4641350210970464,1786435623.1157334
7,8028,0.44721901416778564,0.46226415094339623,1786435623.2051933
7,8029,0.447896808385849,0.46197916666666666,1786435623.298265
7,8030,0.3720568120479584,0.4609213250517598,1786435623.398676
7,8031,0.7033296227455139,0.4591049382716049,1786435623.496772
7,8032,0.5127148032188416,0.4593558282208589,1786435623.5879464
7,8033,0.3536539077758789,0.46011178861788615,1786435623.6818936
7,8034,0.4064847528934479,0.46035353535353535,1786435623.7711344
7,8035,0.4766554534435272,0.4608433734939759,1786435623.8606257
7,8036,0.37654319405555725,0.46082834331337325,1786435623.9491506
7,8037,0.48063498735427856,0.46130952380952384,1786435624.0387855
7,8038,0.47256791591644287,0.45956607495069035,1786435624.1281226
7,8039,0.45167410373687744,0.4598039215686274,1786435624.2171407
7,8040,0.4634820520877838,0.4600389863547758,1786435624.3058236
7,8041,0.546203076839447,0.4583333333333333,1786435624.3951788
7,8042,0.4830547273159027,0.45688824662813105,1786435624.488182
7,8043,0.3516426086425781,0.45761494252873564,1786435624.5786555
7,8044,0.3879278600215912,0.4580952380952381,1786435624.6703389
7,8045,0.4771020710468292,0.45857007575757575,1786435624.7595475
7,8046,0.3713434934616089,0.4595103578154426,1786435624.8484108
7,8047,0.4005012512207031,0.460440074906367,1786435624.936519
7,8048,0.2489989697933197,0.4618249534450652,1786435625.0284157
7,8049,0.5038501620292664,0.4625,1786435625.1185095
7,8050,0.3422044515609741,0.4631675874769797,1786435625.2062106
7,8051,0.39466622471809387,0.46382783882783885,1786435625.2951725
7,8052,0.3790381848812103,0.46379781420765026,1786435625.3838308
7,8053,0.3286292552947998,0.4639945652173913,1786435625.4788024
7,8054,0.30031564831733704,0.46531531531531534,1786435625.5748959
7,8055,0.6278496980667114,0.46550179211469533,1786435625.6677022
7,8056,0.5564098358154297,0.46524064171123,1786435625.7583303
7,8057,0.5168989896774292,0.4654255319148936,1786435625.8512502
7,8058,0.4153546094894409,0.46649029982363316,1786435625.9392645
7,8059,0.3734937608242035,0.4668859649122807,1786435626.0320911
7,8060,0.4256446063518524,0.4668411867364747,1786435626.125934
7,8061,0.2981392443180084,0.4650607638888889,1786435626.2189496
7,8062,0.6647400856018066,0.4643782383419689,1786435626.3106818
7,8063,0.5846988558769226,0.4649914089347079,1786435626.4031777
7,8064,0.3849394917488098,0.4655982905982906,1786435626.5056376
7,8065,0.30091550946235657,0.4640731292517007,1786435626.6081889
7,8066,0.5401276350021362,0.4646785109983079,1786435626.701256
7,8067,0.4387447237968445,0.4652777777777778,1786435626.7918231
7,8068,0.3486003875732422,0.4635678391959799,1786435626.8812814
7,8069,0.29149356484413147,0.46416666666666667,1786435626.9688928
7,8070,0.4398471713066101,0.46247927031509123,1786435627.0581698
7,8071,0.374885618686676,0.4628712871287129,1786435627.1555314
7,8072,0.33228057622909546,0.4640804597701149,1786435627.251306
7,8073,0.4424549341201782,0.46425653594771243,1786435627.3467464
7,8074,0.32066771388053894,0.46504065040650405,1786435627.4384649
7,8075,0.3039688467979431,0.46561488673139156,1786435627.5294151
7,8076,0.5471282601356506,0.46497584541062803,1786435627.6205924
7,8077,0.3145856261253357,0.4651442307692308,1786435627.71224
7,8078,0.49340689182281494,0.4651116427432217,1786435627.8048809
7,8079,0.36955663561820984,0.4654761904761905,1786435627.8972704
7,8080,0.38066932559013367,0.4660347551342812,1786435627.9908721
7,8081,0.43021997809410095,0.46658805031446543,1786435628.083234
7,8082,0.3876085877418518,0.4671361502347418,1786435628.1747143
7,8083,0.41417261958122253,0.4672897196261682,1786435628.2651532
7,8084,0.3365069031715393,0.4676356589147287,1786435628.353881
7,8085,0.43757081031799316,0.4679783950617284,1786435628.4433663
7,8086,0.37741518020629883,0.4681259600614439,1786435628.532129
7,8087,0.31759321689605713,0.466934250764526,1786435628.6217718
7,8088,0.3947061598300934,0.4665144596651446,1786435628.710016
7,8089,0.2899133265018463,0.46761363636363634,1786435628.7991848
7,8090,0.33102115988731384,0.4681372549019608,1786435628.894215
7,8091,0.4486396908760071,0.46715465465465467,1786435628.9968166
7,8092,0.5111628174781799,0.4663677130044843,1786435629.0904772
7,8093,0.43921664357185364,0.46521577380952384,1786435629.182904
7,8094,0.2589104473590851,0.4664814814814815,1786435629.2748082
7,8095,0.4360427260398865,0.4651548672566372,1786435629.3655598
7,8096,0.28417497873306274,0.46622613803230545,1786435629.4553757
7,8097,0.5051801204681396,0.46582602339181284,1786435629.5436392
7,8098,0.31554287672042847,0.46652110625909754,1786435629.6318946
7,8099,0.3008522093296051,0.4668478260869565,1786435629.7207754
7,8100,0.36331692337989807,0.4677128427128427,1786435629.810268
7,8101,0.4632348418235779,0.4680316091954023,1786435629.898435
7,8102,0.5756953954696655,0.4674535050071531,1786435629.9959931
7,8103,0.30677497386932373,0.468482905982906,1786435630.0852826
7,8104,0.38482412695884705,0.46879432624113476,1786435630.1745586
7,8105,0.34823155403137207,0.46875,1786435630.2635794
7,8106,0.4924532473087311,0.4687060478199719,1786435630.3627903
7,8107,0.35837236046791077,0.4676120448179272,1786435630.4533913
7,8108,0.4371018409729004,0.4667015341701534,1786435630.543474
7,8109,0.38271692395210266,0.46684027777777776,1786435630.6320574
7,8110,0.3485315442085266,0.4657676348547718,1786435630.721551
7,8111,0.3164108395576477,0.46642561983471076,1786435630.8127291
7,8112,0.23397713899612427,0.46724965706447186,1786435630.900851
7,8113,0.34342074394226074,0.46789617486338797,1786435630.989561
7,8114,0.49621036648750305,0.46802721088435373,1786435631.0786018
7,8115,0.4701732397079468,0.46747967479674796,1786435631.1666956
7,8116,0.3273528218269348,0.4681174089068826,1786435631.256078
7,8117,0.3099743127822876,0.46841397849462363,1786435631.3453343
7,8118,0.45268160104751587,0.46887550200803213,1786435631.4331694
7,8119,0.37871479988098145,0.469,1786435631.522335
7,8120,0.4435853958129883,0.46895750332005315,1786435631.6138887
7,8121,0.47218993306159973,0.4697420634920635,1786435631.7029684
7,8122,0.43608930706977844,0.4698616600790514,1786435631.7910452
7,8123,0.4938347339630127,0.4696522309711286,1786435631.8794246
7,8124,0.573364794254303,0.469281045751634,1786435631.9680622
7,8125,0.4325316548347473,0.4698893229166667,1786435632.0567162
7,8126,0.3707587420940399,0.4701686121919585,1786435632.1451797
7,8127,0.34095022082328796,0.4707687338501292,1786435632.234425
7,8128,0.37693899869918823,0.4716859716859717,1786435632.3238375
7,8129,0.3419755697250366,0.4721153846153846,1786435632.4140608
7,8130,0.5221351385116577,0.4715836526181354,1786435632.5036535
7,8131,0.40473923087120056,0.4713740458015267,1786435632.593507
7,8132,0.5354229807853699,0.47069074778200254,1786435632.6826215
7,8133,0.5683101415634155,0.4703282828282828,1786435632.7747881
7,8134,0.3421160578727722,0.47091194968553457,1786435632.8634603
7,8135,0.5772719383239746,0.4707080200501253,1786435632.951505
7,8136,0.3964517414569855,0.47097378277153557,1786435633.04045
7,8137,0.4790953993797302,0.46968283582089554,1786435633.129712
7,8138,0.6474947929382324,0.46995043370508055,1786435633.217552
7,8139,0.406487375497818,0.4703703703703704,1786435633.3058388
7,8140,0.3185574412345886,0.4712484624846248,1786435633.3938835
7,8141,0.3991234004497528,0.4716605392156863,1786435633.4823942
7,8142,0.5569648146629333,0.4716117216117216,1786435633.5718157
7,8143,0.4035354554653168,0.4715632603406326,1786435633.6593535
7,8144,0.39121246337890625,0.4722727272727273,1786435633.7483113
7,8145,0.37260156869888306,0.47282608695652173,1786435633.837636
7,8146,0.3678455352783203,0.4717208182912154,1786435633.9367857
7,8147,0.4647359549999237,0.4706235011990408,1786435634.033231
7,8148,0.33197763562202454,0.4711768219832736,1786435634.1286838
7,8149,0.4726508557796478,0.4711309523809524,1786435634.2233386
7,8150,0.35658302903175354,0.4707888493475682,1786435634.3169131
7,8151,0.3203517198562622,0.47044917257683216,1786435634.4052181
7,8152,0.2920488119125366,0.46967020023557127,1786435634.4951825
7,8153,0.5682951211929321,0.46919014084507044,1786435634.5841122
7,8154,0.37996602058410645,0.46944444444444444,1786435634.6724854
7,8155,0.3937005400657654,0.46867715617715616,1786435634.7623973
7,8156,0.634663999080658,0.4690766550522648,1786435634.8533123
7,8157,0.40925365686416626,0.46889467592592593,1786435634.9420724
7,8158,0.4394108057022095,0.46871395617070355,1786435635.0304096
7,8159,0.3465339243412018,0.46910919540229884,1786435635.121881
7,8160,0.3514029383659363,0.4690721649484536,1786435635.2147722
7,8161,0.3458133339881897,0.4688926940639269,1786435635.30705
7,8162,0.3604166805744171,0.4678612059158134,1786435635.3995059
7,8163,0.38816744089126587,0.46839569160997735,1786435635.4914172
7,8164,0.41736215353012085,0.46864406779661016,1786435635.5826724
7,8165,0.29289090633392334,0.46875,1786435635.6741648
7,8166,0.37362152338027954,0.4685746352413019,1786435635.7653928
7,8167,0.425009161233902,0.46798098434004476,1786435635.858123
7,8168,0.3695368468761444,0.4682274247491639,1786435635.9498258
7,8169,0.5620121359825134,0.46791666666666665,1786435636.0427344
7,8170,0.36093869805336,0.4683001107419712,1786435636.1344833
7,8171,0.38487866520881653,0.46881898454746135,1786435636.2270346
7,8172,0.29820653796195984,0.4676842684268427,1786435636.3194337
7,8173,0.46585607528686523,0.46792763157894735,1786435636.4103162
7,8174,0.43009138107299805,0.4672131147540984,1786435636.5025108
7,8175,0.5185441970825195,0.4673202614379085,1786435636.5931
7,8176,0.38574954867362976,0.46661237785016285,1786435636.6857705
7,8177,0.26358747482299805,0.46726190476190477,1786435636.777785
7,8178,0.38321301341056824,0.4672330097087379,1786435636.8701842
7,8179,0.276750385761261,0.46774193548387094,1786435636.9617436
7,8180,0.4567369222640991,0.4665058949624866,1786435637.0546672
7,8181,0.4689215421676636,0.4672809829059829,1786435637.1476955
7,8182,0.34780949354171753,0.46751863684771033,1786435637.239064
7,8183,0.43853679299354553,0.4677547770700637,1786435637.3306594
7,8184,0.7112700939178467,0.4675925925925926,1786435637.4224088
7,8185,0.34475189447402954,0.4676951476793249,1786435637.513987
7,8186,0.4337767958641052,0.46779705573080965,1786435637.6063864
7,8187,0.3889325261116028,0.4667190775681342,1786435637.6998978
7,8188,0.6905384063720703,0.4663009404388715,1786435637.792125
7,8189,0.2887810468673706,0.4669270833333333,1786435637.8836775
7,8190,0.33567431569099426,0.46715991692627207,1786435637.975989
7,8191,0.4372826814651489,0.46726190476190477,1786435638.068795
7,8192,0.3229628801345825,0.4678792569659443,1786435638.159929
7,8193,0.9495795369148254,0.46746399176954734,1786435638.2515779
7,8194,0.41112107038497925,0.4666666666666667,1786435638.3458753
7,8195,0.33848366141319275,0.467280163599182,1786435638.4386215
7,8196,0.8783076405525208,0.4673802242609582,1786435638.5306897
7,8197,0.4734730124473572,0.46735264227642276,1786435638.6213121
7,8198,0.4122941195964813,0.4677051671732523,1786435638.712948
7,8199,0.41978782415390015,0.4679292929292929,1786435638.8043888
7,8200,0.41675740480422974,0.4668932527693857,1786435638.9038546
7,8201,0.34099313616752625,0.4671184738955823,1786435638.9951448
7,8202,0.584954559803009,0.4677177177177177,1786435639.0883076
7,8203,0.34000346064567566,0.468438123752495,1786435639.1801212
7,8204,0.3052510619163513,0.4689054726368159,1786435639.2721343
7,8205,0.4599934220314026,0.46850198412698413,1786435639.3639586
7,8206,0.39988040924072266,0.4687190900098912,1786435639.4552042
7,8207,0.45188140869140625,0.46918145956607493,1786435639.5475297
7,8208,0.45952922105789185,0.4692723697148476,1786435639.6401944
7,8209,0.4714582562446594,0.46948529411764706,1786435639.7319896
7,8210,0.3669111430644989,0.4698191593352884,1786435639.8234453
7,8211,0.41654345393180847,0.4701510721247563,1786435639.9264047
7,8212,0.3584592342376709,0.46890184645286687,1786435640.019081
7,8213,0.37528640031814575,0.46790213178294576,1786435640.1112368
7,8214,0.4319193959236145,0.4682367149758454,1786435640.2099464
7,8215,0.6404335498809814,0.46724470134874757,1786435640.2996173
7,8216,0.5560711622238159,0.46721902017291067,1786435640.4007397
7,8217,0.5028762817382812,0.46695402298850575,1786435640.4916105
7,8218,0.3019757568836212,0.4674068767908309,1786435640.5810864
7,8219,0.34766677021980286,0.4679761904761905,1786435640.6807404
7,8220,0.6005446910858154,0.4672364672364672,1786435640.77288
7,8221,0.28466635942459106,0.46827651515151514,1786435640.8625777
7,8222,0.5555354356765747,0.4683663833805477,1786435640.9609447
7,8223,0.42789381742477417,0.4685734463276836,1786435641.0492477
7,8224,0.2909654676914215,0.4693661971830986,1786435641.1377647
7,8225,0.4313257932662964,0.46980337078651685,1786435641.2266452
7,8226,0.3494679033756256,0.46977124183006536,1786435641.314407
7,8227,0.3267008066177368,0.46997206703910616,1786435641.4043715
7,8228,0.3197459280490875,0.47040389972144847,1786435641.4944398
7,8229,0.4291011393070221,0.4704861111111111,1786435641.5844321
7,8230,0.4815560579299927,0.47079870729455214,1786435641.6734624
7,8231,0.35890427231788635,0.47076427255985265,1786435641.7617645
7,8232,0.4160163402557373,0.4699265381083563,1786435641.8516722
7,8233,0.3493104875087738,0.4693223443223443,1786435641.9416392
7,8234,0.43005192279815674,0.46929223744292237,1786435642.030414
7,8235,0.4804724156856537,0.46869307832422585,1786435642.1324794
7,8236,0.48453786969184875,0.4685513169845595,1786435642.2263193
7,8237,0.28502458333969116,0.4692028985507246,1786435642.316041
7,8238,0.31391942501068115,0.4698509485094851,1786435642.4062028
7,8239,0.5958074331283569,0.46959459459459457,1786435642.5021129
7,8240,0.3236427307128906,0.469115004492363,1786435642.595826
7,8241,0.4527497887611389,0.4681899641577061,1786435642.6857302
7,8242,0.5835360288619995,0.46726988382484363,1786435642.774467
7,8243,0.3071594834327698,0.4678030303030303,1786435642.864523
7,8244,0.2807183861732483,0.4682222222222222,1786435642.9560504
7,8245,0.38844552636146545,0.4688608156028369,1786435643.048133
7,8246,0.3913626968860626,0.46938549955791337,1786435643.1377525
7,8247,0.421802818775177,0.4697971781305115,1786435643.230719
7,8248,0.484944224357605,0.4698768689533861,1786435643.3229444
7,8249,0.3981039524078369,0.46984649122807015,1786435643.4150395
7,8250,0.41832464933395386,0.4700349956255468,1786435643.5063906
7,8251,0.27985984086990356,0.47033158813263526,1786435643.5935495
7,8252,0.5113179087638855,0.4703002610966057,1786435643.6835654
7,8253,0.5862730741500854,0.4697265625,1786435643.7770038
7,8254,0.2790861129760742,0.47034632034632035,1786435643.8649971
7,8255,0.642547607421875,0.47053108808290156,1786435643.9537063
7,8256,0.37380853295326233,0.4707149009474591,1786435644.0478468
7,8257,0.2871868908405304,0.47111254295532645,1786435644.1415772
7,8258,0.3642182946205139,0.4712939160239931,1786435644.2399015
7,8259,0.3833644390106201,0.47136752136752136,1786435644.3383634
7,8260,0.46802228689193726,0.4713341858482523,1786435644.4293592
7,8261,0.2904908061027527,0.4705569727891156,1786435644.5332375
7,8262,0.35659170150756836,0.47084393553859205,1786435644.6295173
7,8263,0.4476945102214813,0.47070642978003385,1786435644.7245653
7,8264,0.35997501015663147,0.4710970464135021,1786435644.813548
7,8265,0.3852778673171997,0.4710648148148148,1786435644.911201
7,8266,0.26500871777534485,0.4714525608732158,1786435645.0076344
7,8267,0.6197781562805176,0.4708961474036851,1786435645.102533
7,8268,0.7182071208953857,0.470655806182122,1786435645.192599
7,8269,0.3651202917098999,0.47072916666666664,1786435645.2915375
7,8270,0.48794621229171753,0.4698669991687448,1786435645.3885953
7,8271,0.3590902090072632,0.4699419568822554,1786435645.477848
7,8272,0.32590508460998535,0.4703267162944582,1786435645.576947
7,8273,0.6394896507263184,0.4698844884488449,1786435645.6763403
7,8274,0.47964271903038025,0.47016460905349794,1786435645.7677796
7,8275,0.31546711921691895,0.47013546798029554,1786435645.8646429
7,8276,0.4730401039123535,0.47072072072072074,1786435645.956573
7,8277,0.38468363881111145,0.47089460784313725,1786435646.0479856
7,8278,0.405254065990448,0.47147514262428686,1786435646.1441705
7,8279,0.3039613664150238,0.4717479674796748,1786435646.2476647
7,8280,0.31275099515914917,0.4720194647201946,1786435646.3404653
7,8281,0.3967021405696869,0.472289644012945,1786435646.441417
7,8282,0.5181878805160522,0.4715496368038741,1786435646.533019
7,8283,0.4488917291164398,0.47171900161030594,1786435646.6306593
7,8284,0.36642056703567505,0.4718875502008032,1786435646.7316496
7,8285,0.2948301136493683,0.47255608974358976,1786435646.82766
7,8286,0.24787452816963196,0.47302158273381295,1786435646.9212098
7,8287,0.6454264521598816,0.47228867623604465,1786435647.0110981
7,8288,0.3246484696865082,0.4728520286396181,1786435647.108329
7,8289,0.3543885350227356,0.473015873015873,1786435647.2079577
7,8290,0.3827962875366211,0.4730799683293745,1786435647.3067799
7,8291,0.3892207741737366,0.4729462875197472,1786435647.3952668
7,8292,0.3851502537727356,0.4733057525610717,1786435647.4833984
7,8293,0.5876860022544861,0.47327044025157233,1786435647.5802314
7,8294,0.4792875647544861,0.47323529411764703,1786435647.6811914
7,8295,0.32514113187789917,0.47320031298904536,1786435647.779761
7,8296,0.4149925112724304,0.4729703356752537,1786435647.8722436
7,8297,0.4898267984390259,0.4725467289719626,1786435647.9649155
7,8298,0.3399697244167328,0.47183372183372185,1786435648.0618632
7,8299,0.4010937213897705,0.47199612403100777,1786435648.1598315
7,8300,0.3732701241970062,0.4718677494199536,1786435648.2541525
7,8301,0.3663117289543152,0.4721257716049383,1786435648.3463645
7,8302,0.3730110824108124,0.47151655119322555,1786435648.447191
7,8303,0.324470579624176,0.4718701996927803,1786435648.5487516
7,8304,0.2586296796798706,0.4724137931034483,1786435648.6421916
7,8305,0.3908770978450775,0.4726681957186544,1786435648.7334557
7,8306,0.3821631073951721,0.47301678108314266,1786435648.8244412
7,8307,0.46392765641212463,0.4721270928462709,1786435648.9235811
7,8308,0.3782363831996918,0.47190584662110857,1786435649.0130384
7,8309,0.3795435428619385,0.4721590909090909,1786435649.104099
7,8310,0.4380500912666321,0.4717498110355253,1786435649.2064676
7,8311,0.31279513239860535,0.4719079939668175,1786435649.3061745
7,8312,0.3206980228424072,0.4719714070729872,1786435649.400348
7,8313,0.3045198321342468,0.4723160660660661,1786435649.49295
7,8314,0.43764156103134155,0.47247191011235956,1786435649.5906138
7,8315,0.4009212255477905,0.4718796711509716,1786435649.6814854
7,8316,0.37693527340888977,0.47194258016405666,1786435649.7693353
7,8317,0.3642776608467102,0.47228422619047616,1786435649.8569994
7,8318,0.4039541184902191,0.47243875278396436,1786435649.9448001
7,8319,0.4210394620895386,0.4723148148148148,1786435650.0424733
7,8320,0.3849462568759918,0.47191426459719144,1786435650.1311867
7,8321,0.4343113899230957,0.471976401179941,1786435650.2222834
7,8322,0.3948834240436554,0.4715783664459161,1786435650.3114421
7,8323,0.2533910572528839,0.4722834067547724,1786435650.400352
7,8324,0.3629653751850128,0.4728021978021978,1786435650.4890928
7,8325,0.328685998916626,0.4720394736842105,1786435650.5804129
7,8326,0.45713943243026733,0.4713712618526623,1786435650.6700366
7,8327,0.3598830997943878,0.47161572052401746,1786435650.7620347
7,8328,0.4599924683570862,0.4715867828612927,1786435650.8502042
7,8329,0.3054085671901703,0.4718297101449275,1786435650.9383166
7,8330,0.3473624587059021,0.4719812002892263,1786435651.0286686
7,8331,0.5799964070320129,0.47195165945165946,1786435651.1213636
7,8332,0.394597589969635,0.47219222462203025,1786435651.214689
7,8333,0.49774792790412903,0.47207255747126436,1786435651.3076115
7,8334,0.33502814173698425,0.4723118279569892,1786435651.400886
7,8335,0.39536482095718384,0.4727288984263233,1786435651.4954035
7,8336,0.3062288165092468,0.47296573875803,1786435651.5885642
7,8337,0.42977288365364075,0.47302350427350426,1786435651.690494
7,8338,0.5429301261901855,0.47316986496090974,1786435651.781803
7,8339,0.27157333493232727,0.4726950354609929,1786435651.8749888
7,8340,0.3208305239677429,0.4724876150035386,1786435651.9731848
7,8341,0.42898961901664734,0.4723693502824859,1786435652.0730457
7,8342,0.5199181437492371,0.4723396758280479,1786435652.1623425
7,8343,0.415321946144104,0.472485935302391,1786435652.249582
7,8344,0.5023934841156006,0.4723684210526316,1786435652.3475454
7,8345,0.39859533309936523,0.4721638655462185,1786435652.436101
7,8346,0.45428726077079773,0.4720475192173305,1786435652.5243156
7,8347,0.583923876285553,0.4721059972105997,1786435652.6123006
7,8348,0.47890573740005493,0.4718162839248434,1786435652.701745
7,8349,0.7510592937469482,0.47196180555555556,1786435652.7906084
7,8350,0.3994215130805969,0.47132709632709635,1786435652.880813
7,8351,0.4030136168003082,0.47147302904564314,1786435652.9723618
7,8352,0.365909218788147,0.47127329192546585,1786435653.073903
7,8353,0.5413292050361633,0.47098829201101927,1786435653.1673117
7,8354,0.667241096496582,0.47096219931271477,1786435653.2691278
7,8355,0.36058181524276733,0.47127914951989025,1786435653.3662736
7,8356,0.5277213454246521,0.4710814510609172,1786435653.4644637
7,8357,0.4264410436153412,0.47071379781420764,1786435653.560958
7,8358,0.3676183223724365,0.4706884798909339,1786435653.6580505
7,8359,0.3690873086452484,0.4710034013605442,1786435653.7524097
7,8360,0.2641473114490509,0.4714019008825526,1786435653.8565834
7,8361,0.35497385263442993,0.47078252032520324,1786435653.952826
7,8362,0.3891410231590271,0.47050371872887087,1786435654.0587652
7,8363,0.2333141416311264,0.4708164642375169,1786435654.1507654
7,8364,0.36110803484916687,0.47104377104377104,1786435654.241649
7,8365,0.34412261843681335,0.47127016129032256,1786435654.3386266
7,8366,0.31208309531211853,0.4706572769953052,1786435654.4289677
7,8367,0.38219788670539856,0.4703815261044177,1786435654.5250127
7,8368,0.3202192783355713,0.4697728790915164,1786435654.6145027
7,8369,0.38086575269699097,0.46991666666666665,1786435654.7051258
7,8370,0.4716496467590332,0.47014304723885564,1786435654.8035903
7,8371,0.6865150928497314,0.4702855245683931,1786435654.893996
7,8372,0.34534895420074463,0.4696819085487077,1786435654.9896762
7,8373,0.4330127239227295,0.46999007936507936,1786435655.0893736
7,8374,0.30496877431869507,0.47046204620462045,1786435655.179401
7,8375,0.6413564682006836,0.4696969696969697,1786435655.2692664
7,8376,0.21883755922317505,0.4700854700854701,1786435655.3604205
7,8377,0.41257092356681824,0.4702263779527559,1786435655.4612975
7,8378,0.45227015018463135,0.4702030124426981,1786435655.5532584
7,8379,0.592138409614563,0.4698529411764706,1786435655.6426635
7,8380,0.3374437987804413,0.4699934768427919,1786435655.7314038
7,8381,0.43405696749687195,0.4703776041666667,1786435655.8249843
7,8382,0.28121334314346313,0.47092267706302793,1786435655.9160843
7,8383,0.3586539328098297,0.4710603112840467,1786435656.0096993
7,8384,0.6531392931938171,0.47119741100323626,1786435656.1057355
7,8385,0.3272574543952942,0.4715762273901809,1786435656.1970522
7,8386,0.30636364221572876,0.471792392005158,1786435656.2865882
7,8387,0.46143215894699097,0.47160553410553413,1786435656.375471
7,8388,0.48658329248428345,0.4710179833012203,1786435656.4725182
7,8389,0.4165356755256653,0.47107371794871794,1786435656.566448
7,8390,0.4013526737689972,0.4712891874600128,1786435656.6623626
7,8391,0.2115018367767334,0.47086526181353766,1786435656.7672486
7,8392,0.3183273673057556,0.47123964308476735,1786435656.8618433
7,8393,0.38574787974357605,0.4711354961832061,1786435656.9536166
7,8394,0.35856667160987854,0.4714285714285714,1786435657.0466738
7,8395,0.487687885761261,0.47140367553865653,1786435657.1363955
7,8396,0.36541715264320374,0.4715370018975332,1786435657.2281694
7,8397,0.40862980484962463,0.471511994949495,1786435657.321651
7,8398,0.5692501068115234,0.47140831758034024,1786435657.4130163
7,8399,0.7115610837936401,0.4710691823899371,1786435657.5060503
7,8400,0.4049491882324219,0.47112366603892025,1786435657.5985014
7,8401,0.5125550627708435,0.4706296992481203,1786435657.6890354
7,8402,0.32391464710235596,0.47068480300187615,1786435657.7835774
7,8403,0.39737680554389954,0.47019350811485644,1786435657.8755088
7,8404,0.31770867109298706,0.47024922118380064,1786435657.9684072
7,8405,0.3967161178588867,0.46968283582089554,1786435658.0606673
7,8406,0.332709401845932,0.47004965859714465,1786435658.1530025
7,8407,0.5206745862960815,0.4701053283767038,1786435658.2418582
7,8408,0.2819332480430603,0.4704700061842919,1786435658.3293087
7,8409,0.5646951198577881,0.4706018518518518,1786435658.4198215
7,8410,0.3051855266094208,0.4707332101047443,1786435658.5124807
7,8411,0.3647138476371765,0.47086408364083643,1786435658.6083317
7,8412,0.37334099411964417,0.47114794352363415,1786435658.7041264
7,8413,0.35626429319381714,0.4714307598039216,1786435658.8013442
7,8414,0.48660773038864136,0.47148318042813453,1786435658.8997695
7,8415,0.5126341581344604,0.47176434676434675,1786435658.991779
7,8416,0.5600430369377136,0.4719683120048751,1786435659.082355
7,8417,0.48516616225242615,0.47141119221411193,1786435659.173131
7,8418,0.28222566843032837,0.4716909532483303,1786435659.2643058
7,8419,0.4766635000705719,0.47174242424242424,1786435659.3558815
7,8420,0.37616103887557983,0.4720205686630369,1786435659.4482553
7,8421,0.47452467679977417,0.4713919082125604,1786435659.54679
7,8422,0.4239627718925476,0.4718203737191079,1786435659.6381276
7,8423,0.3029569983482361,0.4720216606498195,1786435659.7294812
7,8424,0.3297736942768097,0.47154654654654654,1786435659.8282886
7,8425,0.3819402754306793,0.4713729016786571,1786435659.9214413
7,8426,0.25279146432876587,0.47097546379413524,1786435660.01691
7,8427,0.41263628005981445,0.47087813620071683,1786435660.1127346
7,8428,0.3557780981063843,0.4710047704233751,1786435660.2073827
7,8429,0.28417232632637024,0.4711309523809524,1786435660.3027678
7,8430,0.21492689847946167,0.47170231729055256,1786435660.3992
7,8431,0.7028589248657227,0.47138196915776986,1786435660.4934292
7,8432,0.32291728258132935,0.47172883362936646,1786435660.5865607
7,8433,0.3113915026187897,0.4717789598108747,1786435660.6793559
7,8434,0.4981690049171448,0.4717551622418879,1786435660.770384
7,8435,0.34555137157440186,0.4718050647820966,1786435660.859161
7,8436,0.34727293252944946,0.47192827748383304,1786435660.951255
7,8437,0.6318738460540771,0.4716842723004695,1786435661.0420861
7,8438,0.6060448288917542,0.47173403632103106,1786435661.1294858
7,8439,0.4102514982223511,0.47178362573099414,1786435661.2174413
7,8440,0.33254504203796387,0.4720519556333917,1786435661.3075776
7,8441,0.42504051327705383,0.4719551282051282,1786435661.3961008
7,8442,0.2893892228603363,0.4722949389179756,1786435661.4851346
7,8443,0.38674116134643555,0.4724157955865273,1786435661.576556
7,8444,0.34531456232070923,0.47246376811594204,1786435661.6750205
7,8445,0.6122714877128601,0.47251157407407407,1786435661.771223
7,8446,0.3027333617210388,0.47277585210860773,1786435661.8613467
7,8447,0.5027574896812439,0.4730392156862745,1786435661.9511557
7,8448,0.34486204385757446,0.47315774323546345,1786435662.0393298
7,8449,0.40397515892982483,0.47291666666666665,1786435662.1291215
7,8450,0.3829036056995392,0.4732501434308663,1786435662.2220814
7,8451,0.29966849088668823,0.4735824742268041,1786435662.3109062
7,8452,0.660723090171814,0.4731275014293882,1786435662.4051788
7,8453,0.33253151178359985,0.473458904109589,1786435662.4961276
7,8454,0.5268586277961731,0.47364672364672367,1786435662.5851395
7,8455,0.33963093161582947,0.4737627986348123,1786435662.6733909
7,8456,0.43933966755867004,0.47380749574105624,1786435662.7621381
7,8457,0.6342542171478271,0.4734268707482993,1786435662.8498201
7,8458,0.4162207245826721,0.4732597623089983,1786435662.9376833
7,8459,0.32105645537376404,0.4735169491525424,1786435663.025767
7,8460,0.4160042405128479,0.4736322617033277,1786435663.1136484
7,8461,0.3060723841190338,0.47367680180180183,1786435663.202105
7,8462,0.39745351672172546,0.47379145587408655,1786435663.2899168
7,8463,0.49637359380722046,0.4737654320987654,1786435663.3780782
7,8464,0.4444441795349121,0.4734593837535014,1786435663.4665954
7,8465,0.38608095049858093,0.473084451901566,1786435663.5595543
7,8466,0.433931440114975,0.4731295365717476,1786435663.6485023
7,8467,0.43327683210372925,0.47324414715719065,1786435663.737145
7,8468,0.41631999611854553,0.4730105731775181,1786435663.8266966
7,8469,0.36298367381095886,0.4723611111111111,1786435663.9154818
7,8470,0.4478835463523865,0.47206045479755965,1786435664.0040915
7,8471,0.4125431180000305,0.47231450719822815,1786435664.0933743
7,8472,0.33654457330703735,0.47256771697070205,1786435664.1905706
7,8473,0.36288413405418396,0.472682119205298,1786435664.2784898
7,8474,0.5833481550216675,0.4724517906336088,1786435664.3681152
7,8475,0.3766290843486786,0.4729097909790979,1786435664.4634185
7,8476,0.3476780951023102,0.4730917078528281,1786435664.5508077
7,8477,0.6017827987670898,0.47293037280701755,1786435664.649254
7,8478,0.6072235703468323,0.47283798576902025,1786435664.7443728
7,8479,0.36289656162261963,0.473224043715847,1786435664.8525007
7,8480,0.35556140542030334,0.4734724495362793,1786435664.9570403
7,8481,0.297549307346344,0.47372004357298475,1786435665.0508368
7,8482,0.422641396522522,0.473694942903752,1786435665.1455328
7,8483,0.4447408616542816,0.4733984799131379,1786435665.2392843
7,8484,0.35178446769714355,0.47289972899729,1786435665.3345242
7,8485,0.2655923664569855,0.47307900432900435,1786435665.4289403
7,8486,0.462630033493042,0.4731226364127499,1786435665.5231118
7,8487,0.37131503224372864,0.4733009708737864,1786435665.6167388
7,8488,0.5139948725700378,0.47341141626278943,1786435665.7103217
7,8489,0.4633444547653198,0.4730510752688172,1786435665.802897
7,8490,0.4176415801048279,0.4731615673644659,1786435665.9050243
7,8491,0.43555811047554016,0.4728027867095391,1786435665.9996736
7,8492,0.27437153458595276,0.4730470840021402,1786435666.0948434
7,8493,0.3188816010951996,0.4730902777777778,1786435666.1887336
7,8494,0.3582313060760498,0.47246666666666665,1786435666.2921426
7,8495,0.6034542322158813,0.47264376996805113,1786435666.3871582
7,8496,0.4086018204689026,0.4723551302498671,1786435666.48294
7,8497,0.30023229122161865,0.4724654989384289,1786435666.5853446
7,8498,0.34415948390960693,0.4719793322734499,1786435666.6809275
7,8499,0.4357547461986542,0.47215608465608466,1786435666.7729843
7,8500,0.35952329635620117,0.47160591653460116,1786435666.8694665
7,8501,0.5249321460723877,0.4711893459915612,1786435666.9615405
7,8502,0.545417308807373,0.470839915745129,1786435667.0531805
7,8503,0.4279157817363739,0.4710173501577287,1786435667.148321
7,8504,0.3364641070365906,0.4705380577427822,1786435667.246115
7,8505,0.3343660533428192,0.4701912997903564,1786435667.3420346
7,8506,0.30290836095809937,0.47030350601779175,1786435667.4371364
7,8507,0.5246416330337524,0.4699582027168234,1786435667.5332673
7,8508,0.40003305673599243,0.4700052164840897,1786435667.6287584
7,8509,0.40383031964302063,0.47024739583333336,1786435667.7249198
7,8510,0.34709829092025757,0.4705538221528861,1786435667.8213215
7,8511,0.23103325068950653,0.4704698857736241,1786435667.9158719
7,8512,0.4185059070587158,0.470386210471747,1786435668.021731
7,8513,0.353732168674469,0.4706909937888199,1786435668.1208034
7,8514,0.2890840172767639,0.4708656330749354,1786435668.2135272
7,8515,0.4422416090965271,0.4709107327141383,1786435668.305886
7,8516,0.4218484163284302,0.4710200927357032,1786435668.398866
7,8517,0.48082512617111206,0.47112911522633744,1786435668.4891336
7,8518,0.51127028465271,0.4709167950693374,1786435668.5822716
7,8519,0.4093227982521057,0.4709615384615385,1786435668.6748054
7,8520,0.3743650019168854,0.47119815668202764,1786435668.7682679
7,8521,0.46395260095596313,0.47098670756646216,1786435668.862329
7,8522,0.36355656385421753,0.47090352220520676,1786435668.9549043
7,8523,0.4384406507015228,0.4710117227319062,1786435669.0469244
7,8524,0.3398299217224121,0.4705470737913486,1786435669.1398578
7,8525,0.3603450655937195,0.47033790650406504,1786435669.2310438
7,8526,0.4436846375465393,0.47038305428716387,1786435669.3232446
7,8527,0.4479716122150421,0.4704913880445795,1786435669.415978
7,8528,0.3839327096939087,0.47053616590794134,1786435669.5090966
7,8529,0.478358656167984,0.4706439393939394,1786435669.6035807
7,8530,0.4680251181125641,0.4706253151790217,1786435669.6955504
7,8531,0.4568774104118347,0.47073262839879154,1786435669.7885745
7,8532,0.36419469118118286,0.47090246354952237,1786435669.8790815
7,8533,0.4388847053050995,0.4705070281124498,1786435669.9708686
7,8534,0.23894351720809937,0.47098997493734335,1786435670.0637655
7,8535,0.6301077008247375,0.47097097097097096,1786435670.156466
7,8536,0.4416673183441162,0.4710769615192404,1786435670.2489371
7,8537,0.46807974576950073,0.4713073852295409,1786435670.3410249
7,8538,0.33794882893562317,0.4714748380667663,1786435670.435335
7,8539,0.3039546310901642,0.4717039800995025,1786435670.527977
7,8540,0.4485465884208679,0.47180824639841035,1786435670.6209335
7,8541,0.4262086749076843,0.4720362103174603,1786435670.722124
7,8542,0.32885709404945374,0.47226349678058444,1786435670.8160946
7,8543,0.3165532052516937,0.47249010880316517,1786435670.916563
7,8544,0.5900137424468994,0.4720987654320988,1786435671.0107403
7,8545,0.41220054030418396,0.47164694280078895,1786435671.1042342
7,8546,0.5626131296157837,0.4714426390940423,1786435671.1988854
7,8547,0.2712264060974121,0.4710545722713864,1786435671.2981079
7,8548,0.5041925311088562,0.47054491899852724,1786435671.392108
7,8549,0.3491401970386505,0.4707720588235294,1786435671.4906893
7,8550,0.3277566134929657,0.47087616250611847,1786435671.5841095
7,8551,0.38016456365585327,0.47116324535679377,1786435671.6771598
7,8552,0.30362293124198914,0.47144948755490484,1786435671.7690327
7,8553,0.4578236937522888,0.47167397660818716,1786435671.861596
7,8554,0.3674713671207428,0.47177615571776155,1786435671.9526613
7,8555,0.4061869978904724,0.4716958211856171,1786435672.0556335
7,8556,0.42803359031677246,0.47185832120329935,1786435672.1489723
7,8557,0.36168697476387024,0.47214147286821706,1786435672.2425601
7,8558,0.4141356647014618,0.4718795355587808,1786435672.3362942
7,8559,0.4117525517940521,0.47204106280193237,1786435672.427726
7,8560,0.6434009075164795,0.47190062711046793,1786435672.5213144
7,8561,0.43752509355545044,0.471881021194605,1786435672.6145217
7,8562,0.33615919947624207,0.4719215969215969,1786435672.7064755
7,8563,0.27919691801071167,0.4714817483189241,1786435672.7978332
7,8564,0.256880521774292,0.47188249400479615,1786435672.8858163
7,8565,0.3314581513404846,0.4721024904214559,1786435672.9784417
7,8566,0.32446351647377014,0.4721425155428025,1786435673.0685868
7,8567,0.5865218639373779,0.47194364851957976,1786435673.1601863
7,8568,0.3112558126449585,0.4722222222222222,1786435673.2509243
7,8569,0.7890612483024597,0.47208333333333335,1786435673.3403752
7,8570,0.3264304995536804,0.47242035187826914,1786435673.4380825
7,8571,0.33065712451934814,0.4724596391263058,1786435673.5263596
7,8572,0.31599944829940796,0.47267662399241345,1786435673.615231
7,8573,0.5530539751052856,0.4725970643939394,1786435673.7033439
7,8574,0.3603660762310028,0.47263593380614655,1786435673.7924612
7,8575,0.37008363008499146,0.47255665722379603,1786435673.8808393
7,8576,0.3161473870277405,0.47277227722772275,1786435673.9683979
7,8577,0.42862215638160706,0.4728107344632768,1786435674.0560148
7,8578,0.4435965120792389,0.4726140103432064,1786435674.1450734
7,8579,0.4326390326023102,0.4727112676056338,1786435674.234129
7,8580,0.3357826769351959,0.4722808251289264,1786435674.3230932
7,8581,0.2728336751461029,0.47267088014981273,1786435674.4119124
7,8582,0.3457055985927582,0.47294296400187,1786435674.4996357
7,8583,0.3521634042263031,0.4723389355742297,1786435674.588967
7,8584,0.31251129508018494,0.4723776223776224,1786435674.677239
7,8585,0.31133466958999634,0.4720670391061452,1786435674.7661939
7,8586,0.4530327320098877,0.47152487215248723,1786435674.8548675
7,8587,0.6561883687973022,0.47150649953574747,1786435674.9432526
7,8588,0.6911157369613647,0.471256374594344,1786435675.0330982
7,8589,0.44288480281829834,0.47129629629629627,1786435675.1214938
7,8590,0.658397912979126,0.47110494683310217,1786435675.210623
7,8591,0.46411195397377014,0.47079870729455214,1786435675.2993994
7,8592,0.5849819183349609,0.47055094513600737,1786435675.389128
7,8593,0.35722655057907104,0.4708218232044199,1786435675.4783201
7,8594,0.4330359399318695,0.4709195402298851,1786435675.5660143
7,8595,0.39954331517219543,0.4709022038567493,1786435675.654724
7,8596,0.3477592468261719,0.47054103622191656,1786435675.7430172
7,8597,0.4338810443878174,0.47012362637362637,1786435675.8360538
7,8598,0.6003012657165527,0.4699359853680841,1786435675.9291847
7,8599,0.2667672634124756,0.4702625570776256,1786435676.0217662
7,8600,0.329010546207428,0.4700752393980848,1786435676.1148689
7,8601,0.571654736995697,0.4696607468123862,1786435676.2056434
7,8602,0.3648442327976227,0.46958844929513416,1786435676.3049114
7,8603,0.3778685927391052,0.4694028156221617,1786435676.4005532
7,8604,0.2925606966018677,0.4696145124716553,1786435676.4957433
7,8605,0.4271604120731354,0.4698822463768116,1786435676.5921698
7,8606,0.3979032635688782,0.4697535052012664,1786435676.684757
7,8607,0.3548504114151001,0.4699074074074074,1786435676.7885432
7,8608,0.7570016384124756,0.4694406856111863,1786435676.8915126
7,8609,0.28979262709617615,0.46920045045045045,1786435676.9812455
7,8610,0.44889163970947266,0.4692982456140351,1786435677.0737898
7,8611,0.6157732009887695,0.46928346810422283,1786435677.1754537
7,8612,0.5524070262908936,0.46949304620906235,1786435677.266997
7,8613,0.37265607714653015,0.46908602150537637,1786435677.3556666
7,8614,0.5842792391777039,0.46879194630872484,1786435677.4493773
7,8615,0.4250180721282959,0.4688896336014298,1786435677.5444314
7,8616,0.3218962252140045,0.46887550200803213,1786435677.636772
7,8617,0.5245940685272217,0.468527183600713,1786435677.7282271
7,8618,0.3582080900669098,0.46856920338228747,1786435677.8225646
7,8619,0.2848314642906189,0.4681111111111111,1786435677.9192383
7,8620,0.4638174772262573,0.46843098091433644,1786435678.007684
7,8621,0.3962937593460083,0.4683621453900709,1786435678.1105385
7,8622,0.24900750815868378,0.4679614873837981,1786435678.2040062
7,8623,0.3862445652484894,0.46816976127320953,1786435678.3013983
7,8624,0.6920002698898315,0.46810154525386316,1786435678.3901083
7,8625,0.5537101626396179,0.46764770723104054,1786435678.4834166
7,8626,0.3642023503780365,0.4678005284015852,1786435678.5853264
7,8627,0.6063543558120728,0.46745822339489884,1786435678.6772265
7,8628,0.3908328711986542,0.46766578831796224,1786435678.7679334
7,8629,0.39423805475234985,0.4672149122807018,1786435678.8666975
7,8630,0.301257848739624,0.4673674989049496,1786435678.9653804
7,8631,0.3306690454483032,0.4674650043744532,1786435679.0540416
7,8632,0.3194855749607086,0.4676714722586282,1786435679.1521368
7,8633,0.47912776470184326,0.4676592495636998,1786435679.2409544
7,8634,0.3020804524421692,0.4678104575163399,1786435679.3303118
7,8635,0.3785770535469055,0.46785248041775457,1786435679.4180846
7,8636,0.5658222436904907,0.46740547588005216,1786435679.508401
7,8637,0.3521743416786194,0.4674479166666667,1786435679.59577
7,8638,0.49829763174057007,0.46716514954486343,1786435679.684964
7,8639,0.3775661587715149,0.46715367965367965,1786435679.774007
7,8640,0.4060181677341461,0.4671422395157804,1786435679.8620977
7,8641,0.7780765891075134,0.46702288428324695,1786435679.9535546
7,8642,0.2697475254535675,0.46733505821474774,1786435680.0483868
7,8643,0.3058842122554779,0.46705426356589147,1786435680.1438992
7,8644,0.2850940525531769,0.46736559139784944,1786435680.234637
7,8645,0.26148682832717896,0.4676224226804124,1786435680.3260994
7,8646,0.4842952489852905,0.4673959673959674,1786435680.4199874
7,8647,0.5868836641311646,0.46743787489288774,1786435680.5117579
7,8648,0.3765289783477783,0.46758664955070606,1786435680.6021407
7,8649,0.44977301359176636,0.46778846153846154,1786435680.694702
7,8650,0.33252671360969543,0.4678830559112249,1786435680.7848887
7,8651,0.26810142397880554,0.4681372549019608,1786435680.8809574
7,8652,0.2666279673576355,0.4677522349936143,1786435680.973975
7,8653,0.31651660799980164,0.467687074829932,1786435681.0643141
7,8654,0.3457601070404053,0.46772823779193207,1786435681.1628053
7,8655,0.433851957321167,0.4678753180661578,1786435681.2598233
7,8656,0.580323338508606,0.4679161372299873,1786435681.3597484
7,8657,0.38865938782691956,0.46832698815566837,1786435681.4568207
7,8658,0.37892651557922363,0.46841994085340094,1786435681.5445023
7,8659,0.5195867419242859,0.4684071729957806,1786435681.643048
7,8660,0.4331727921962738,0.46849978929624947,1786435681.7391033
7,8661,0.4041474163532257,0.4685921717171717,1786435681.8384216
7,8662,0.35934436321258545,0.4682114333753678,1786435681.9268825
7,8663,0.33314743638038635,0.46788413098236775,1786435682.0160222
7,8664,0.4402332305908203,0.4679769392033543,1786435682.1054828
7,8665,0.6899924278259277,0.4680171691792295,1786435682.1937392
7,8666,0.4946219325065613,0.4681095775826014,1786435682.530021
7,8667,0.41272348165512085,0.4680451127819549,1786435682.617916
7,8668,0.5056557059288025,0.4681372549019608,1786435682.706091
7,8669,0.3475590944290161,0.46822916666666664,1786435682.7935636
7,8670,0.28477469086647034,0.4685289221806076,1786435682.8814576
7,8671,0.4942437410354614,0.46862011637572737,1786435682.9754071
7,8672,0.5061378479003906,0.4687110834371108,1786435683.0691688
7,8673,0.2999309301376343,0.46880182421227196,1786435683.160819
7,8674,0.37799474596977234,0.46853002070393374,1786435683.25027
7,8675,0.4296155571937561,0.4685690653432589,1786435683.339402
7,8676,0.398373544216156,0.4684014869888476,1786435683.4281921
7,8677,0.49374625086784363,0.46802805280528054,1786435683.520625
7,8678,0.32923567295074463,0.46786155747836833,1786435683.6139224
7,8679,0.4402364194393158,0.46795267489711934,1786435683.715506
7,8680,0.35852664709091187,0.46819769831483765,1786435683.8037472
7,8681,0.338651567697525,0.4683394909688013,1786435683.9030344
7,8682,0.25007250905036926,0.46863468634686345,1786435684.0064123
7,8683,0.4301198124885559,0.4688779688779689,1786435684.1024528
7,8684,0.34981754422187805,0.4689672801635992,1786435684.204091
7,8685,0.35345298051834106,0.46920955882352944,1786435684.291873
7,8686,0.3996710479259491,0.4692472460220318,1786435684.3901572
7,8687,0.27488818764686584,0.4691320293398533,1786435684.4819865
7,8688,0.6200922727584839,0.46881359381359383,1786435684.5764675
7,8689,0.4083644151687622,0.4688516260162602,1786435684.6810439
7,8690,0.3733362853527069,0.4689403166869671,1786435684.7693477
7,8691,0.4532506465911865,0.46857258718572586,1786435684.8605118
7,8692,0.5216573476791382,0.4685095180234913,1786435684.95099
7,8693,0.35048627853393555,0.4685983009708738,1786435685.0426455
7,8694,0.35817527770996094,0.4683838383838384,1786435685.1398797
7,8695,0.4361947476863861,0.46811945117029863,1786435685.2380307
7,8696,0.4314473867416382,0.4681076178960097,1786435685.3363516
7,8697,0.40827706456184387,0.4680958132045089,1786435685.4289024
7,8698,0.5283985137939453,0.4678829915560917,1786435685.5174234
7,8699,0.3003423511981964,0.46817269076305223,1786435685.6078343
7,8700,0.3325723707675934,0.46831127156036906,1786435685.7098765
7,8701,0.589596688747406,0.4681991185897436,1786435685.8053415
7,8702,0.3564188480377197,0.46828731492597037,1786435685.8988001
7,8703,0.24044393002986908,0.4684752198241407,1786435685.9933858
7,8704,0.5246330499649048,0.46841317365269464,1786435686.0886846
7,8705,0.46087950468063354,0.46845095693779903,1786435686.185176
7,8706,0.2939070463180542,0.46863799283154123,1786435686.2887092
7,8707,0.5892192721366882,0.46862569610182975,1786435686.3946693
7,8708,0.4739575684070587,0.4682161303138657,1786435686.4887507
7,8709,0.40353626012802124,0.46825396825396826,1786435686.585378
7,8710,0.39529338479042053,0.4684403487911217,1786435686.677947
7,8711,0.44889920949935913,0.468576801266825,1786435686.7713213
7,8712,0.44168922305107117,0.4683175168050613,1786435686.86391
7,8713,0.41744306683540344,0.46860189573459715,1786435686.9562483
7,8714,0.704110860824585,0.46844181459566075,1786435687.0495872
7,8715,0.5200411081314087,0.46828211189913316,1786435687.1424863
7,8716,0.38326531648635864,0.4684671389216844,1786435687.2342794
7,8717,0.32406720519065857,0.4685043238993711,1786435687.3271863
7,8718,0.36967283487319946,0.4685904986258343,1786435687.419951
7,8719,0.34355443716049194,0.4686764705882353,1786435687.5169768
7,8720,0.4651264548301697,0.4683215824520172,1786435687.618828
7,8721,0.2744041979312897,0.46865219092331767,1786435687.714383
7,8722,0.36870378255844116,0.46868894099257524,1786435687.8064795
7,8723,0.30429357290267944,0.4687256049960968,1786435687.9044921
7,8724,0.35270455479621887,0.46876218323586744,1786435687.995362
7,8725,0.30860424041748047,0.4688473520249221,1786435688.0908751
7,8726,0.2641054391860962,0.4692240373395566,1786435688.1847334
7,8727,0.48614048957824707,0.46916278166278164,1786435688.277272
7,8728,0.42818036675453186,0.46905316259216145,1786435688.3725061
7,8729,0.37814292311668396,0.4691375968992248,1786435688.466082
7,8730,0.35428476333618164,0.46946380178087493,1786435688.557931
7,8731,0.31273677945137024,0.46959590100541376,1786435688.6514049
7,8732,0.4671006202697754,0.46958285052143683,1786435688.7419536
7,8733,0.3421172797679901,0.4697145061728395,1786435688.834772
7,8734,0.6320759654045105,0.46936416184971097,1786435688.9274137
7,8735,0.31644386053085327,0.4693995381062356,1786435689.0195963
7,8736,0.38955336809158325,0.4695309496347559,1786435689.1147091
7,8737,0.36487340927124023,0.46975806451612906,1786435689.2013242
7,8738,0.5070517063140869,0.4696969696969697,1786435689.2880678
7,8739,0.4193563163280487,0.4698275862068966,1786435689.3756495
7,8740,0.5576680898666382,0.4695752009184845,1786435689.464126
7,8741,0.5341007709503174,0.46956230886850153,1786435689.5505571
7,8742,0.43937981128692627,0.46931080565101185,1786435689.638245
7,8743,0.4410656988620758,0.46925057208237986,1786435689.7247243
7,8744,0.3645748496055603,0.4694761904761905,1786435689.8121
7,8745,0.6366924047470093,0.4693207762557078,1786435689.8994896
7,8746,0.33756014704704285,0.4694982896237172,1786435689.9868712
7,8747,0.3656894862651825,0.4695330296127563,1786435690.0739079
7,8748,0.6368787288665771,0.4694728858551384,1786435690.161467
7,8749,0.4243507981300354,0.46903409090909093,1786435690.2491999
7,8750,0.39635005593299866,0.46906923950056756,1786435690.335979
7,8751,0.4423984885215759,0.4691987906273621,1786435690.4229922
7,8752,0.2720576226711273,0.46895054737636843,1786435690.5105367
7,8753,0.6385343074798584,0.4688914027149321,1786435690.598247
7,8754,0.5122250318527222,0.46850282485875705,1786435690.686001
7,8755,0.4092148244380951,0.46830323551542513,1786435690.7749045
7,8756,0.3588004410266876,0.4683859451334085,1786435690.861898
8,8757,0.5215739607810974,0.5416666666666666,1786435697.0596557
8,8758,0.4418145716190338,0.4583333333333333,1786435697.1581433
8,8759,0.42496389150619507,0.3611111111111111,1786435697.2551506
8,8760,0.4766610860824585,0.3854166666666667,1786435697.3659866
8,8761,0.32950079441070557,0.4083333333333333,1786435697.4721653
8,8762,0.5458559989929199,0.375,1786435697.572824
8,8763,0.38131949305534363,0.39880952380952384,1786435697.6726878
8,8764,0.4601239264011383,0.421875,1786435697.7636714
8,8765,0.4186544418334961,0.4444444444444444,1786435697.8535688
8,8766,0.31252989172935486,0.45,1786435697.9478774
8,8767,0.4095727503299713,0.4696969696969697,1786435698.0395305
8,8768,0.3517559766769409,0.4479166666666667,1786435698.1406775
8,8769,0.37579330801963806,0.4583333333333333,1786435698.2294326
8,8770,0.3771078884601593,0.4642857142857143,1786435698.3270116
8,8771,0.3926859498023987,0.475,1786435698.4234765
8,8772,0.38665705919265747,0.4583333333333333,1786435698.5138588
8,8773,0.38834941387176514,0.4583333333333333,1786435698.602433
8,8774,0.4896891713142395,0.4444444444444444,1786435698.7025404
8,8775,0.3534714877605438,0.43201754385964913,1786435698.7924645
8,8776,0.22519168257713318,0.44375,1786435698.8806314
8,8777,0.29812008142471313,0.44841269841269843,1786435698.9695091
8,8778,0.30269864201545715,0.45454545454545453,1786435699.062454
8,8779,0.42901527881622314,0.45471014492753625,1786435699.1509926
8,8780,0.29548782110214233,0.4600694444444444,1786435699.2397785
8,8781,0.3224755525588989,0.4666666666666667,1786435699.3291516
8,8782,0.4807853102684021,0.4519230769230769,1786435699.422473
8,8783,0.40300536155700684,0.45987654320987653,1786435699.5157075
8,8784,0.5178253650665283,0.4568452380952381,1786435699.6091578
8,8785,0.32304123044013977,0.4525862068965517,1786435699.7021692
8,8786,0.27870121598243713,0.46111111111111114,1786435699.802509
8,8787,0.3875981271266937,0.45026881720430106,1786435699.9003928
8,8788,0.2783607244491577,0.4427083333333333,1786435699.997762
8,8789,0.4130304753780365,0.4444444444444444,1786435700.0933263
8,8790,0.44232094287872314,0.44485294117647056,1786435700.1859882
8,8791,0.4365798234939575,0.44047619047619047,1786435700.2826798
8,8792,0.4830186367034912,0.4409722222222222,1786435700.3819153
8,8793,0.41614532470703125,0.4436936936936937,1786435700.481361
8,8794,0.42077744007110596,0.4451754385964912,1786435700.5764656
8,8795,0.4882825016975403,0.44551282051282054,1786435700.667385
8,8796,0.5517972707748413,0.4354166666666667,1786435700.76681
8,8797,0.3235520124435425,0.42886178861788615,1786435700.8723223
8,8798,0.453002005815506,0.43154761904761907,1786435700.9684095
8,8799,0.3441150486469269,0.4321705426356589,1786435701.0652099
8,8800,0.517078697681427,0.4251893939393939,1786435701.1573977
8,8801,0.36946627497673035,0.4305555555555556,1786435701.2503603
8,8802,0.5337006449699402,0.427536231884058,1786435701.3501744
8,8803,0.4282681941986084,0.424645390070922,1786435701.442201
8,8804,0.3569245934486389,0.4270833333333333,1786435701.544761
8,8805,0.4655018746852875,0.42772108843537415,1786435701.6460156
8,8806,0.345031201839447,0.43416666666666665,1786435701.7384613
8,8807,0.2741888165473938,0.4387254901960784,1786435701.8329895
8,8808,0.3212960660457611,0.4407051282051282,1786435701.9279177
8,8809,0.36879056692123413,0.44025157232704404,1786435702.0217834
8,8810,0.37818247079849243,0.4398148148148148,1786435702.112588
8,8811,0.4910659193992615,0.4356060606060606,1786435702.2032967
8,8812,0.3293841779232025,0.43898809523809523,1786435702.2951415
8,8813,0.29441526532173157,0.4444444444444444,1786435702.3894186
8,8814,0.40524378418922424,0.4454022988505747,1786435702.4806747
8,8815,0.37339502573013306,0.4470338983050847,1786435702.5701666
8,8816,0.7100403308868408,0.4423611111111111,1786435702.6613028
8,8817,0.34877443313598633,0.44330601092896177,1786435702.7501924
8,8818,0.494362473487854,0.4388440860215054,1786435702.843049
8,8819,0.4123588800430298,0.43915343915343913,1786435702.9400387
8,8820,0.26652777194976807,0.443359375,1786435703.032884
8,8821,0.30121785402297974,0.4461538461538462,1786435703.1313725
8,8822,0.2810833752155304,0.44886363636363635,1786435703.2267618
8,8823,0.5205718278884888,0.4490049751243781,1786435703.321533
8,8824,0.4469132125377655,0.45098039215686275,1786435703.4140203
8,8825,0.3985257148742676,0.45169082125603865,1786435703.507631
8,8826,0.3514679968357086,0.45476190476190476,1786435703.603286
8,8827,0.464044451713562,0.45011737089201875,1786435703.7065148
8,8828,0.38673874735832214,0.453125,1786435703.795398
8,8829,0.5595942735671997,0.4526255707762557,1786435703.8934717
8,8830,0.43245676159858704,0.45326576576576577,1786435703.9819734
8,8831,0.5245879888534546,0.45611111111111113,1786435704.0713444
8,8832,0.3861140012741089,0.45778508771929827,1786435704.160531
8,8833,0.5042580366134644,0.45725108225108224,1786435704.248898
8,8834,0.3267635107040405,0.4599358974358974,1786435704.3412747
8,8835,0.330819308757782,0.46149789029535865,1786435704.4293396
8,8836,0.29962602257728577,0.4640625,1786435704.5173323
8,8837,0.2870507836341858,0.4655349794238683,1786435704.6054726
8,8838,0.41969287395477295,0.46697154471544716,1786435704.694241
8,8839,0.35838404297828674,0.46987951807228917,1786435704.7831922
8,8840,0.2989410161972046,0.47271825396825395,1786435704.8713806
8,8841,0.36067068576812744,0.475,1786435704.9606223
8,8842,0.45049816370010376,0.4752906976744186,1786435705.048352
8,8843,0.5432361960411072,0.4731800766283525,1786435705.1366847
8,8844,0.2918391227722168,0.46922348484848486,1786435705.2256873
8,8845,0.5063029527664185,0.4700374531835206,1786435705.314114
8,8846,0.4017180800437927,0.4708333333333333,1786435705.4028876
8,8847,0.3558879494667053,0.46703296703296704,1786435705.4918876
8,8848,0.39926403760910034,0.4692028985507246,1786435705.580964
8,8849,0.35391515493392944,0.47087813620071683,1786435705.6692047
8,8850,0.31645509600639343,0.4716312056737589,1786435705.7570016
8,8851,0.9936841130256653,0.4679824561403509,1786435705.845647
8,8852,0.4254767894744873,0.4678819444444444,1786435705.9340866
8,8853,0.40784773230552673,0.47036082474226804,1786435706.0220232
8,8854,0.6610031127929688,0.4710884353741497,1786435706.1113563
8,8855,0.3431147038936615,0.4692760942760943,1786435706.2012932
8,8856,0.6689782738685608,0.46791666666666665,1786435706.2904568
8,8857,0.477885901927948,0.46905940594059403,1786435706.379029
8,8858,0.64713054895401,0.4701797385620915,1786435706.466851
8,8859,0.4167996644973755,0.4728964401294498,1786435706.5559592
8,8860,0.3283771574497223,0.47275641025641024,1786435706.6437986
8,8861,0.3612914979457855,0.4738095238095238,1786435706.7353895
8,8862,0.3211352527141571,0.47562893081761004,1786435706.8273098
8,8863,0.44998639822006226,0.47546728971962615,1786435706.9187663
8,8864,0.455904483795166,0.47723765432098764,1786435707.0095987
8,8865,0.43534770607948303,0.47744648318042815,1786435707.0985827
8,8866,0.4667579233646393,0.47765151515151516,1786435707.19344
8,8867,0.5621922016143799,0.47785285285285284,1786435707.286713
8,8868,0.32891058921813965,0.47842261904761907,1786435707.38001
8,8869,0.6873464584350586,0.47676991150442477,1786435707.468616
8,8870,0.412251740694046,0.47733918128654973,1786435707.5582132
8,8871,0.3258351683616638,0.4789855072463768,1786435707.6456363
8,8872,0.6714408993721008,0.47737068965517243,1786435707.734677
8,8873,0.2826109230518341,0.47827635327635326,1786435707.822105
8,8874,0.3319954574108124,0.4791666666666667,1786435707.9105957
8,8875,0.39159882068634033,0.4796918767507003,1786435707.9983647
8,8876,0.43007487058639526,0.48020833333333335,1786435708.088078
8,8877,0.6125528812408447,0.4796831955922865,1786435708.1815987
8,8878,0.3656617999076843,0.47780054644808745,1786435708.2723203
8,8879,0.332215815782547,0.47831978319783197,1786435708.3600411
8,8880,0.3875111937522888,0.47614247311827956,1786435708.4497485
8,8881,0.3274555206298828,0.47733333333333333,1786435708.5413904
8,8882,0.3506229519844055,0.478505291005291,1786435708.6333241
8,8883,0.3316170275211334,0.479002624671916,1786435708.725391
8,8884,0.39589616656303406,0.4772135416666667,1786435708.818391
8,8885,0.2750709354877472,0.47835917312661497,1786435708.919392
8,8886,0.27179405093193054,0.4794871794871795,1786435709.0251143
8,8887,0.4167289733886719,0.4796437659033079,1786435709.1280622
8,8888,0.40227723121643066,0.4797979797979798,1786435709.2211196
8,8889,0.36417171359062195,0.4780701754385965,1786435709.3145683
8,8890,0.326901912689209,0.4797885572139303,1786435709.404439
8,8891,0.44681352376937866,0.47962962962962963,1786435709.4940014
8,8892,0.27115127444267273,0.48131127450980393,1786435709.5820098
8,8893,0.4580022096633911,0.4814476885644769,1786435709.6695197
8,8894,0.3679797649383545,0.4797705314009662,1786435709.7605581
8,8895,0.49715423583984375,0.47931654676258995,1786435709.8520644
8,8896,0.4099424481391907,0.4773809523809524,1786435709.9489274
8,8897,0.4671002924442291,0.4769503546099291,1786435710.0449939
8,8898,0.2733388841152191,0.47769953051643194,1786435710.139952
8,8899,0.5089313983917236,0.4775641025641026,1786435710.2334008
8,8900,0.46880412101745605,0.4774305555555556,1786435710.3283052
8,8901,0.45968905091285706,0.47729885057471266,1786435710.4329805
8,8902,0.34523674845695496,0.4777397260273973,1786435710.5307403
8,8903,0.4339083731174469,0.4770408163265306,1786435710.6286933
8,8904,0.3260076642036438,0.4786036036036036,1786435710.7253933
8,8905,0.4744662344455719,0.479586129753915,1786435710.8262355
8,8906,0.6644965410232544,0.4777777777777778,1786435710.9304097
8,8907,0.3360212743282318,0.4793046357615894,1786435711.024181
8,8908,0.2537657618522644,0.48135964912280704,1786435711.1180823
8,8909,0.39496663212776184,0.4795751633986928,1786435711.2080834
8,8910,0.738598108291626,0.4788961038961039,1786435711.303954
8,8911,0.38933640718460083,0.4771505376344086,1786435711.4034286
8,8912,0.579491138458252,0.47676282051282054,1786435711.5016572
8,8913,0.5494287610054016,0.4758492569002123,1786435711.5897293
8,8914,0.38302329182624817,0.4757383966244726,1786435711.6890326
8,8915,0.5824873447418213,0.47431865828092246,1786435711.7888527
8,8916,0.3970315456390381,0.47239583333333335,1786435711.889364
8,8917,0.7632237076759338,0.47127329192546585,1786435711.9770565
8,8918,0.5585417747497559,0.4727366255144033,1786435712.0644197
8,8919,0.33126360177993774,0.4736707566462168,1786435712.161899
8,8920,0.48504212498664856,0.4720528455284553,1786435712.2506657
8,8921,0.3667103946208954,0.4727272727272727,1786435712.3462687
8,8922,0.4448837637901306,0.4738955823293173,1786435712.436591
8,8923,0.35097628831863403,0.4750499001996008,1786435712.528731
8,8924,0.30094432830810547,0.4759424603174603,1786435712.617582
8,8925,0.30673789978027344,0.476577909270217,1786435712.7070613
8,8926,0.5118791460990906,0.47524509803921566,1786435712.7957428
8,8927,0.3581817150115967,0.4758771929824561,1786435712.8839128
8,8928,0.6866529583930969,0.4752906976744186,1786435712.9722939
8,8929,0.31971368193626404,0.47591522157996147,1786435713.0656323
8,8930,0.37922438979148865,0.47725095785440613,1786435713.154315
8,8931,0.29696911573410034,0.4788095238095238,1786435713.2441242
8,8932,0.34664347767829895,0.4794034090909091,1786435713.3327174
8,8933,0.33813661336898804,0.4795197740112994,1786435713.423877
8,8934,0.44076070189476013,0.48010299625468167,1786435713.5122929
8,8935,0.34048372507095337,0.48044692737430167,1786435713.6000798
8,8936,0.321930855512619,0.48125,1786435713.6895254
8,8937,0.32276540994644165,0.48204419889502764,1786435713.7818646
8,8938,0.3719954490661621,0.48214285714285715,1786435713.8731837
8,8939,0.2931919991970062,0.4840619307832423,1786435713.963921
8,8940,0.5970484018325806,0.484375,1786435714.0542097
8,8941,0.4903086721897125,0.4831081081081081,1786435714.1444142
8,8942,0.5722431540489197,0.4831989247311828,1786435714.2348661
8,8943,0.38955721259117126,0.4832887700534759,1786435714.323663
8,8944,0.4251835346221924,0.48315602836879434,1786435714.412173
8,8945,0.36628901958465576,0.48148148148148145,1786435714.501632
8,8946,0.39321041107177734,0.48157894736842105,1786435714.5916066
8,8947,0.39851441979408264,0.4818935427574171,1786435714.6807623
8,8948,0.44279661774635315,0.4819878472222222,1786435714.7704213
8,8949,0.426504909992218,0.48078583765112265,1786435714.8606617
8,8950,0.34052103757858276,0.4806701030927835,1786435714.950013
8,8951,0.40222790837287903,0.4807692307692308,1786435715.0390983
8,8952,0.38400328159332275,0.48086734693877553,1786435715.1282563
8,8953,0.3712213635444641,0.4805414551607445,1786435715.216273
8,8954,0.48410555720329285,0.4793771043771044,1786435715.3058941
8,8955,0.37063783407211304,0.47822445561139026,1786435715.397132
8,8956,0.3646080195903778,0.47854166666666664,1786435715.485842
8,8957,0.41255003213882446,0.4790630182421227,1786435715.5745401
8,8958,0.33615171909332275,0.47875412541254125,1786435715.667804
8,8959,0.47106513381004333,0.47885878489326766,1786435715.7579765
8,8960,0.35422995686531067,0.4797794117647059,1786435715.846242
8,8961,0.5965520739555359,0.4792682926829268,1786435715.9356833
8,8962,0.5402519106864929,0.4785598705501618,1786435716.0257983
8,8963,0.4095119833946228,0.4782608695652174,1786435716.1151516
8,8964,0.45542198419570923,0.47876602564102566,1786435716.2027674
8,8965,0.39147165417671204,0.4786682615629984,1786435716.2918818
8,8966,0.4900933504104614,0.4783730158730159,1786435716.388144
8,8967,0.59938645362854,0.47808056872037913,1786435716.4803612
8,8968,0.7205098867416382,0.4783805031446541,1786435716.5727558
8,8969,0.6848424673080444,0.47789514866979654,1786435716.665379
8,8970,0.39025765657424927,0.4783878504672897,1786435716.7586658
8,8971,0.49601948261260986,0.47848837209302325,1786435716.85228
8,8972,0.27826857566833496,0.4791666666666667,1786435716.9454405
8,8973,0.4070812463760376,0.4794546850998464,1786435717.0378816
8,8974,0.3698183298110962,0.4805045871559633,1786435717.1327853
8,8975,0.4437136948108673,0.4802130898021309,1786435717.2340736
8,8976,0.37897616624832153,0.4810606060606061,1786435717.329809
8,8977,0.379148006439209,0.4809577677224736,1786435717.425185
8,8978,0.38096970319747925,0.48179429429429427,1786435717.520744
8,8979,0.30750131607055664,0.48243647234678627,1786435717.6134374
8,8980,0.36293065547943115,0.48288690476190477,1786435717.70919
8,8981,0.3262656331062317,0.4840740740740741,1786435717.8047829
8,8982,0.41723203659057617,0.48266961651917406,1786435717.8974524
8,8983,0.3032379150390625,0.4834801762114537,1786435717.988879
8,8984,0.36792731285095215,0.4815423976608187,1786435718.0821235
8,8985,0.5216656923294067,0.4801673944687045,1786435718.1765504
8,8986,0.39335396885871887,0.48007246376811596,1786435718.2711291
8,8987,0.2960160970687866,0.4805194805194805,1786435718.3619783
8,8988,0.38495180010795593,0.48042385057471265,1786435718.4565055
8,8989,0.4256560802459717,0.48050786838340487,1786435718.5556486
8,8990,0.30297520756721497,0.4813034188034188,1786435718.6454968
8,8991,0.3894614577293396,0.48156028368794324,1786435718.734475
8,8992,0.34264567494392395,0.4819915254237288,1786435718.8230767
8,8993,0.45216041803359985,0.4820675105485232,1786435718.923674
8,8994,0.39186838269233704,0.4810924369747899,1786435719.0141287
8,8995,0.429821252822876,0.4815202231520223,1786435719.1032028
8,8996,0.5182812213897705,0.48211805555555554,1786435719.195423
8,8997,0.34550487995147705,0.4827109266943292,1786435719.2908413
8,8998,0.5608000755310059,0.48226584022038566,1786435719.3859746
8,8999,0.31047093868255615,0.4825102880658436,1786435719.4882684
8,9000,0.41159510612487793,0.48275273224043713,1786435719.5787618
8,9001,0.4144403040409088,0.4828231292517007,1786435719.6683216
8,9002,0.4122321605682373,0.48323170731707316,1786435719.7579005
8,9003,0.36695653200149536,0.48211875843454793,1786435719.8486075
8,9004,0.6600750088691711,0.4808467741935484,1786435719.9386063
8,9005,0.2897464632987976,0.48075635876840694,1786435720.0286853
8,9006,0.41802841424942017,0.4806666666666667,1786435720.1210988
8,9007,0.3768516182899475,0.4809096945551129,1786435720.2138176
8,9008,0.2860724627971649,0.48214285714285715,1786435720.3053625
8,9009,0.4043683111667633,0.4823781291172596,1786435720.3972569
8,9010,0.3962070941925049,0.48326771653543305,1786435720.495876
8,9011,0.40096795558929443,0.4831699346405229,1786435720.5891466
8,9012,0.42211902141571045,0.4832356770833333,1786435720.6783628
8,9013,0.4681265354156494,0.48249027237354086,1786435720.7687402
8,9014,0.4292215406894684,0.48223514211886304,1786435720.8671362
8,9015,0.3025713860988617,0.4827863577863578,1786435720.9662766
8,9016,0.32274556159973145,0.48349358974358975,1786435721.0647695
8,9017,0.3781471252441406,0.48355683269476374,1786435721.1540496
8,9018,0.3948161005973816,0.4839376590330789,1786435721.2423978
8,9019,0.5138735175132751,0.48273130544993664,1786435721.3313723
8,9020,0.4078534245491028,0.4827967171717172,1786435721.4211168
8,9021,0.47613561153411865,0.48333333333333334,1786435721.5160694
8,9022,0.6324191093444824,0.4830827067669173,1786435721.6119409
8,9023,0.4123190641403198,0.48330212234706615,1786435721.7056649
8,9024,0.2662566006183624,0.48274253731343286,1786435721.7974606
8,9025,0.49176928400993347,0.48234200743494426,1786435721.8875499
8,9026,0.3229391276836395,0.4828703703703704,1786435721.9796116
8,9027,0.5964623093605042,0.48231857318573185,1786435722.0738847
8,9028,0.6042176485061646,0.48161764705882354,1786435722.1764352
8,9029,0.29482874274253845,0.4826007326007326,1786435722.2670786
8,9030,0.40147510170936584,0.4812956204379562,1786435722.3581266
8,9031,0.33032912015914917,0.4813636363636364,1786435722.448799
8,9032,0.40760743618011475,0.4815821256038647,1786435722.539101
8,9033,0.46780338883399963,0.4808965102286402,1786435722.6291559
8,9034,0.4926314949989319,0.48081534772182255,1786435722.7217906
8,9035,0.2995437681674957,0.480884109916368,1786435722.8130414
8,9036,0.4760015606880188,0.4806547619047619,1786435722.9030232
8,9037,0.4248504340648651,0.4805753262158956,1786435722.9931438
8,9038,0.4109736382961273,0.48093971631205673,1786435723.084827
8,9039,0.4134941101074219,0.48115429917550057,1786435723.1778822
8,9040,0.5085160732269287,0.48063380281690143,1786435723.2731056
8,9041,0.3641141951084137,0.47923976608187135,1786435723.374609
8,9042,0.2770712673664093,0.4797494172494173,1786435723.4753664
8,9043,0.5339893698692322,0.4796747967479675,1786435723.5685608
8,9044,0.4117603898048401,0.47902199074074076,1786435723.663553
8,9045,0.3705114424228668,0.47808535178777395,1786435723.7591317
8,9046,0.4910863935947418,0.4783045977011494,1786435723.855871
8,9047,0.3202163577079773,0.47837915234822453,1786435723.9508286
8,9048,0.3901147246360779,0.4774543378995434,1786435724.0451617
8,9049,0.32254526019096375,0.47810011376564276,1786435724.1390455
8,9050,0.36596158146858215,0.4770408163265306,1786435724.22976
8,9051,0.44468119740486145,0.4774011299435028,1786435724.3188536
8,9052,0.29739144444465637,0.4781813063063063,1786435724.4078372
8,9053,0.36026909947395325,0.478675645342312,1786435724.497115
8,9054,0.39291834831237793,0.479586129753915,1786435724.5851018
8,9055,0.41613999009132385,0.4789576365663322,1786435724.6745203
8,9056,0.4090934097766876,0.4795833333333333,1786435724.7633374
8,9057,0.32818126678466797,0.47937430786268,1786435724.8519747
8,9058,0.5331172943115234,0.47875275938189843,1786435724.9412403
8,9059,0.2857196033000946,0.4792354235423542,1786435725.0293882
8,9060,0.4518372416496277,0.47930372807017546,1786435725.11861
8,9061,0.34266364574432373,0.47978142076502733,1786435725.2064261
8,9062,0.44772493839263916,0.4798474945533769,1786435725.2944891
8,9063,0.5839589834213257,0.4788273615635179,1786435725.3837135
8,9064,0.41197893023490906,0.4779491341991342,1786435725.4723625
8,9065,0.3288142681121826,0.47761596548004315,1786435725.560364
8,9066,0.3220471739768982,0.47809139784946236,1786435725.6483638
8,9067,0.23681609332561493,0.4786977491961415,1786435725.7372549
8,9068,0.3635701835155487,0.47889957264957267,1786435725.8250506
8,9069,0.4354330897331238,0.4788338658146965,1786435725.913415
8,9070,0.2780941128730774,0.47823779193205945,1786435726.003283
8,9071,0.36408165097236633,0.4783068783068783,1786435726.0912216
8,9072,0.42134132981300354,0.47824367088607594,1786435726.1799536
8,9073,0.35983288288116455,0.4785751840168244,1786435726.2678947
8,9074,0.33973100781440735,0.47877358490566035,1786435726.3586934
8,9075,0.33022382855415344,0.47910135841170326,1786435726.4528193
8,9076,0.2962742745876312,0.480078125,1786435726.5469415
8,9077,0.33657780289649963,0.48039979231568014,1786435726.6408882
8,9078,0.3585096299648285,0.4808488612836439,1786435726.7331321
8,9079,0.39577043056488037,0.4812951496388029,1786435726.8260107
8,9080,0.32617154717445374,0.4818672839506173,1786435726.9197729
8,9081,0.2447323501110077,0.48128205128205126,1786435727.0165336
8,9082,0.40386858582496643,0.48057259713701433,1786435727.1056316
8,9083,0.33803239464759827,0.4797400611620795,1786435727.1989443
8,9084,0.2993265986442566,0.4790396341463415,1786435727.2951007
8,9085,0.45918798446655273,0.4788500506585613,1786435727.3893833
8,9086,0.41409945487976074,0.4791666666666667,1786435727.4829133
8,9087,0.3706810176372528,0.47935548841893255,1786435727.5736175
8,9088,0.29761216044425964,0.48004518072289154,1786435727.6657333
8,9089,0.2948857545852661,0.4802302302302302,1786435727.7558117
8,9090,0.6808415651321411,0.47941616766467066,1786435727.8452327
8,9091,0.32569605112075806,0.48034825870646763,1786435727.9352498
8,9092,0.3991386890411377,0.4802827380952381,1786435728.0246334
8,9093,0.3158855438232422,0.48034124629080116,1786435728.11359
8,9094,0.31462231278419495,0.48101577909270216,1786435728.2013915
8,9095,0.4917784333229065,0.4807030481809243,1786435728.2900298
8,9096,0.5486321449279785,0.48075980392156864,1786435728.3847816
8,9097,0.387707382440567,0.4800830889540567,1786435728.4753785
8,9098,0.4426612854003906,0.4790448343079922,1786435728.5663862
8,9099,0.29412567615509033,0.47947035957240036,1786435728.6573555
8,9100,0.3528405725955963,0.4798934108527132,1786435728.7489548
8,9101,0.31043189764022827,0.4806763285024155,1786435728.8398259
8,9102,0.3550424873828888,0.48109344894026973,1786435728.9325266
8,9103,0.6641486883163452,0.48054755043227665,1786435729.0269659
8,9104,0.5701488852500916,0.4810823754789272,1786435729.122389
8,9105,0.2882150411605835,0.48018147086915,1786435729.2156296
8,9106,0.6049051284790039,0.4798809523809524,1786435729.3050005
8,9107,0.3782274127006531,0.4799382716049383,1786435729.3976448
8,9108,0.5775667428970337,0.47892992424242425,1786435729.491536
8,9109,0.3580927550792694,0.47922568460812087,1786435729.5825355
8,9110,0.3799355626106262,0.4797551789077213,1786435729.6711822
8,9111,0.6340498924255371,0.47981220657276996,1786435729.7613883
8,9112,0.2649240493774414,0.48010299625468167,1786435729.8504283
8,9113,0.45381513237953186,0.47980859010270777,1786435729.940166
8,9114,0.8221739530563354,0.4791666666666667,1786435730.0296805
8,9115,0.4174495041370392,0.4794568245125348,1786435730.1205113
8,9116,0.33712318539619446,0.47858796296296297,1786435730.2125227
8,9117,0.28678715229034424,0.47899353647276083,1786435730.304727
8,9118,0.4770074486732483,0.47905156537753224,1786435730.395308
8,9119,0.3475288450717926,0.4792240587695133,1786435730.4860015
8,9120,0.4430166482925415,0.47893772893772896,1786435730.5767612
8,9121,0.3034001588821411,0.47922374429223746,1786435730.6684625
8,9122,0.3786371052265167,0.4793943533697632,1786435730.7588882
8,9123,0.4833877682685852,0.4794504995458674,1786435730.8475738
8,9124,0.4824695587158203,0.4798460144927536,1786435730.9369185
8,9125,0.659248948097229,0.47899728997289975,1786435731.0257616
8,9126,0.3953595757484436,0.4797297297297297,1786435731.1152601
8,9127,0.4455385208129883,0.4801212938005391,1786435731.2067184
8,9128,0.279714971780777,0.4807347670250896,1786435731.29523
8,9129,0.4497249722480774,0.4808981233243968,1786435731.383453
8,9130,0.26820018887519836,0.48139483065953653,1786435731.4722817
8,9131,0.4048774540424347,0.4817777777777778,1786435731.562854
8,9132,0.41437608003616333,0.48226950354609927,1786435731.653528
8,9133,0.43440112471580505,0.4822060123784262,1786435731.7414134
8,9134,0.29959696531295776,0.48192239858906527,1786435731.832131
8,9135,0.23084887862205505,0.48229991204925243,1786435731.9249232
8,9136,0.5906690359115601,0.48157894736842105,1786435732.0191789
8,9137,0.41171199083328247,0.4816272965879265,1786435732.112996
8,9138,0.3769643008708954,0.48091186736474695,1786435732.2068675
8,9139,0.3150617182254791,0.48020017406440385,1786435732.2998898
8,9140,0.4530370831489563,0.4806857638888889,1786435732.3894367
8,9141,0.5654626488685608,0.4803030303030303,1786435732.4836864
8,9142,0.32895782589912415,0.4805699481865285,1786435732.5754228
8,9143,0.32425788044929504,0.48072782084409993,1786435732.6665137
8,9144,0.2802385091781616,0.48142182130584193,1786435732.7582467
8,9145,0.46953481435775757,0.48157669237360756,1786435732.8515835
8,9146,0.6551847457885742,0.4814102564102564,1786435732.9439192
8,9147,0.4079324007034302,0.4816709292412617,1786435733.0353525
8,9148,0.34950506687164307,0.4820365646258503,1786435733.125407
8,9149,0.38115713000297546,0.4825063613231552,1786435733.2183006
8,9150,0.3018536865711212,0.4826565143824027,1786435733.308832
8,9151,0.3596348762512207,0.48248945147679323,1786435733.397358
8,9152,0.565815269947052,0.48200757575757575,1786435733.4871156
8,9153,0.3442300260066986,0.4819479429051218,1786435733.5795376
8,9154,0.32135674357414246,0.4822026800670017,1786435733.6709876
8,9155,0.4238731265068054,0.48235171261487053,1786435733.7595046
8,9156,0.2774779796600342,0.48270833333333335,1786435733.8509698
8,9157,0.3316648304462433,0.48223192019950123,1786435733.94321
8,9158,0.5888190269470215,0.4816542288557214,1786435734.0325904
8,9159,0.42924749851226807,0.48097601323407774,1786435734.1224377
8,9160,0.41265633702278137,0.48102310231023104,1786435734.2118263
8,9161,0.31555813550949097,0.48127572016460907,1786435734.3011851
8,9162,0.6063449382781982,0.48060344827586204,1786435734.390573
8,9163,0.45518743991851807,0.48065110565110564,1786435734.478698
8,9164,0.26640620827674866,0.47998366013071897,1786435734.5682206
8,9165,0.5014756917953491,0.4798288508557457,1786435734.6560194
8,9166,0.36435458064079285,0.48038617886178864,1786435734.7452204
8,9167,0.34389984607696533,0.48002838605028386,1786435734.8343635
8,9168,0.29053929448127747,0.48027912621359226,1786435734.9224486
8,9169,0.49248021841049194,0.480225988700565,1786435735.011911
8,9170,0.41280806064605713,0.4793679549114332,1786435735.1029208
8,9171,0.36355745792388916,0.47971887550200804,1786435735.1942024
8,9172,0.382245272397995,0.48026842948717946,1786435735.2865527
8,9173,0.30740058422088623,0.4797162270183853,1786435735.3883224
8,9174,0.22188645601272583,0.48046251993620415,1786435735.480201
8,9175,0.45484593510627747,0.4806085918854415,1786435735.5721707
8,9176,0.5675594210624695,0.4804563492063492,1786435735.6724744
8,9177,0.2978377938270569,0.4799089469517023,1786435735.7647243
8,9178,0.3750627934932709,0.4791666666666667,1786435735.8639963
8,9179,0.7145108580589294,0.4788219070133964,1786435735.9525337
8,9180,0.37962815165519714,0.47897012578616355,1786435736.0509002
8,9181,0.3875998258590698,0.4793137254901961,1786435736.148005
8,9182,0.3703768253326416,0.47926447574334896,1786435736.2358687
8,9183,0.499996542930603,0.47872755659640903,1786435736.3312857
8,9184,0.2837103009223938,0.47877725856697817,1786435736.419751
8,9185,0.32102569937705994,0.47853535353535354,1786435736.5130172
8,9186,0.3278740346431732,0.4786821705426357,1786435736.6118336
8,9187,0.31816670298576355,0.47902165506573857,1786435736.7032986
8,9188,0.2018573135137558,0.47945601851851855,1786435736.7952857
8,9189,0.2868322730064392,0.47988837567359505,1786435736.8960075
8,9190,0.40062472224235535,0.48031874039938555,1786435736.990078
8,9191,0.33526214957237244,0.4795977011494253,1786435737.081753
8,9192,0.4831934869289398,0.4790711009174312,1786435737.1840894
8,9193,0.36932840943336487,0.47911899313501144,1786435737.2764046
8,9194,0.3486458361148834,0.4791666666666667,1786435737.377241
8,9195,0.6088411211967468,0.4791192103264996,1786435737.4678352
8,9196,0.2118157297372818,0.4800189393939394,1786435737.569083
8,9197,0.29387930035591125,0.4804421768707483,1786435737.6612864
8,9198,0.3239247500896454,0.479920814479638,1786435737.7606282
8,9199,0.4149808883666992,0.479778028592927,1786435737.8606453
8,9200,0.4718315601348877,0.4796358858858859,1786435737.9529428
8,9201,0.38743263483047485,0.4796816479400749,1786435738.0462997
8,9202,0.3028639554977417,0.4798206278026906,1786435738.1533663
8,9203,0.4889649748802185,0.47930648769574946,1786435738.2462606
8,9204,0.5603933334350586,0.4792596726190476,1786435738.3458445
8,9205,0.3489636778831482,0.4795842613214551,1786435738.4473906
8,9206,0.3998785614967346,0.4791666666666667,1786435738.5396457
8,9207,0.5930927991867065,0.4796747967479675,1786435738.6402276
8,9208,0.35731005668640137,0.4798119469026549,1786435738.7289777
8,9209,0.35814473032951355,0.48013245033112584,1786435738.8170702
8,9210,0.46020203828811646,0.47999265785609396,1786435738.9092095
8,9211,0.3917677402496338,0.48012820512820514,1786435738.9966807
8,9212,0.459825336933136,0.480171783625731,1786435739.0854082
8,9213,0.3493572473526001,0.48039752005835157,1786435739.175054
8,9214,0.3849743604660034,0.4807132459970888,1786435739.2720819
8,9215,0.4993727505207062,0.4807552650689906,1786435739.3714933
8,9216,0.5227931141853333,0.48079710144927534,1786435739.4672089
8,9217,0.5628820657730103,0.4809291395516992,1786435739.5557578
8,9218,0.34046846628189087,0.4809704184704185,1786435739.6493955
8,9219,0.3711722195148468,0.4814614830813535,1786435739.7435474
8,9220,0.5086101293563843,0.4813218390804598,1786435739.8399777
8,9221,0.5136570930480957,0.4806451612903226,1786435739.9311903
8,9222,0.3080104887485504,0.48086552217453504,1786435740.0319428
8,9223,0.2689288556575775,0.4814418272662384,1786435740.1272416
8,9224,0.604933500289917,0.48157051282051283,1786435740.2218533
8,9225,0.44056838750839233,0.48196517412935325,1786435740.3235173
8,9226,0.6316087245941162,0.48164893617021276,1786435740.4135303
8,9227,0.3142942190170288,0.4809801840056617,1786435740.5102026
8,9228,0.450516939163208,0.4805790960451977,1786435740.5994306
8,9229,0.7321442365646362,0.4805320648343904,1786435740.6929839
8,9230,0.3513551652431488,0.48004571026722925,1786435740.7851548
8,9231,0.3767314851284027,0.4797368421052632,1786435740.8801465
8,9232,0.5011770725250244,0.4796043417366947,1786435740.9742918
8,9233,0.27226272225379944,0.4798218029350105,1786435741.0770001
8,9234,0.25478246808052063,0.4802126917712692,1786435741.170096
8,9235,0.42107218503952026,0.4801670146137787,1786435741.2612867
8,9236,0.40858304500579834,0.48046875,1786435741.3508673
8,9237,0.3352500796318054,0.4806826056826057,1786435741.440319
8,9238,0.3367435932159424,0.4808091286307054,1786435741.530706
8,9239,0.377886563539505,0.4801587301587302,1786435741.6218004
8,9240,0.3679278492927551,0.4806301652892562,1786435741.7148545
8,9241,0.4025537669658661,0.4799828178694158,1786435741.808031
8,9242,0.40358254313468933,0.48002400548696844,1786435741.900853
8,9243,0.316855788230896,0.4792094455852156,1786435741.9938617
8,9244,0.30522269010543823,0.4792520491803279,1786435742.083166
8,9245,0.2955251634120941,0.47937968643490114,1786435742.1729493
8,9246,0.34684115648269653,0.4797619047619048,1786435742.2627316
8,9247,0.5759900808334351,0.4791242362525458,1786435742.3559763
8,9248,0.4109320044517517,0.47899728997289975,1786435742.4500313
8,9249,0.3816276788711548,0.4793779580797836,1786435742.5418599
8,9250,0.44522666931152344,0.478997975708502,1786435742.636555
8,9251,0.2987184524536133,0.4793771043771044,1786435742.7295403
8,9252,0.422110378742218,0.47975470430107525,1786435742.8198147
8,9253,0.2961695194244385,0.4801307847082495,1786435742.9082987
8,9254,0.30737295746803284,0.4805053547523427,1786435742.9999971
8,9255,0.5394137501716614,0.4804609218436874,1786435743.089065
8,9256,0.41777607798576355,0.47991666666666666,1786435743.1793919
8,9257,0.3155270218849182,0.4801230871590153,1786435743.2714643
8,9258,0.39077818393707275,0.4802456839309429,1786435743.361675
8,9259,0.4004894196987152,0.48028495692511597,1786435743.452327
8,9260,0.29346516728401184,0.48040674603174605,1786435743.5484533
8,9261,0.49288487434387207,0.4806105610561056,1786435743.6437848
8,9262,0.41386163234710693,0.4807312252964427,1786435743.7359288
8,9263,0.3829139471054077,0.4807692307692308,1786435743.8301046
8,9264,0.5188896059989929,0.48088910761154857,1786435743.9335365
8,9265,0.37490159273147583,0.481090373280943,1786435744.0344326
8,9266,0.3696814775466919,0.48047385620915034,1786435744.1288466
8,9267,0.27405938506126404,0.4806751467710372,1786435744.2188027
8,9268,0.26176053285598755,0.481201171875,1786435744.3086598
8,9269,0.49208492040634155,0.4812378167641326,1786435744.3985968
8,9270,0.29820069670677185,0.48135538261997407,1786435744.488418
8,9271,0.32501867413520813,0.4815533980582524,1786435744.576623
8,9272,0.39062559604644775,0.4811046511627907,1786435744.6658394
8,9273,0.3204067051410675,0.4804964539007092,1786435744.755408
8,9274,0.25141650438308716,0.48085585585585583,1786435744.8446748
8,9275,0.35349515080451965,0.481053307642903,1786435744.9350219
8,9276,0.4047318696975708,0.480849358974359,1786435745.0265255
8,9277,0.37407493591308594,0.4808861164427383,1786435745.1192148
8,9278,0.3758721649646759,0.4809227330779055,1786435745.209934
8,9279,0.4614487886428833,0.4808795411089866,1786435745.2992914
8,9280,0.3205103576183319,0.4802798982188295,1786435745.3889759
8,9281,0.4731217920780182,0.4801587301587302,1786435745.48139
8,9282,0.4023306369781494,0.480117237008872,1786435745.5696561
8,9283,0.43557190895080566,0.4799177735610373,1786435745.6621573
8,9284,0.44048309326171875,0.47995580808080807,1786435745.7537162
8,9285,0.3643811345100403,0.48015122873345933,1786435745.8441567
8,9286,0.41493767499923706,0.4803459119496855,1786435745.9322586
8,9287,0.5264877676963806,0.4804613935969868,1786435746.0210683
8,9288,0.3048340082168579,0.48081140350877194,1786435746.1104367
8,9289,0.40217068791389465,0.48084740462789244,1786435746.1996257
8,9290,0.3308660686016083,0.48064918851435706,1786435746.2881267
8,9291,0.48723143339157104,0.48045171339563864,1786435746.3778865
8,9292,0.4086667001247406,0.48033271144278605,1786435746.467027
8,9293,0.43048322200775146,0.4802917442582247,1786435746.5556111
8,9294,0.3728657364845276,0.47994114002478316,1786435746.6445098
8,9295,0.4847044348716736,0.479978354978355,1786435746.7344534
8,9296,0.31148871779441833,0.48032407407407407,1786435746.8220296
8,9297,0.5637412071228027,0.47997535428219346,1786435746.9114892
8,9298,0.4419797658920288,0.4799354243542435,1786435747.0105424
8,9299,0.34285616874694824,0.47997237569060774,1786435747.099996
8,9300,0.6746177673339844,0.4798560049019608,1786435747.1896067
8,9301,0.36164724826812744,0.4801223241590214,1786435747.285791
8,9302,0.6839463710784912,0.4797771672771673,1786435747.3844285
8,9303,0.33213141560554504,0.48011882998171845,1786435747.4837983
8,9304,0.3530658781528473,0.48038321167883213,1786435747.5713902
8,9305,0.3666360378265381,0.48049483910139645,1786435747.6693876
8,9306,0.2534659802913666,0.48068181818181815,1786435747.7610776
8,9307,0.35898661613464355,0.4810949788263763,1786435747.8516061
8,9308,0.3385423421859741,0.4813556763285024,1786435747.9493637
8,9309,0.32511791586875916,0.4816154309825196,1786435748.0377119
8,9310,0.3471267521381378,0.4818742478941035,1786435748.1262205
8,9311,0.5306223034858704,0.4816066066066066,1786435748.2252328
8,9312,0.5746142268180847,0.4809652278177458,1786435748.323157
8,9313,0.3730422556400299,0.4812986235786954,1786435748.4179559
8,9314,0.5074372887611389,0.4814068100358423,1786435748.5063465
8,9315,0.43377697467803955,0.481216457960644,1786435748.5948792
8,9316,0.3473973870277405,0.48080357142857144,1786435748.6840746
8,9317,0.4257469177246094,0.4809863339275104,1786435748.7723718
8,9318,0.3965255320072174,0.4805753262158956,1786435748.861879
8,9319,0.6191446781158447,0.48016577856719955,1786435748.9516888
8,9320,0.40377306938171387,0.4796099290780142,1786435749.0413945
8,9321,0.2850310802459717,0.47979351032448375,1786435749.1297925
8,9322,0.503195583820343,0.4799764428739694,1786435749.2187016
8,9323,0.49763280153274536,0.4793503821281599,1786435749.3153443
8,9324,0.5171865820884705,0.4794600938967136,1786435749.4168286
8,9325,0.39701586961746216,0.47964264792032807,1786435749.5061255
8,9326,0.34647899866104126,0.47989766081871343,1786435749.5937128
8,9327,0.3260202407836914,0.4802247518972563,1786435749.6831503
8,9328,0.2944370210170746,0.48069638694638694,1786435749.7722118
8,9329,0.32683423161506653,0.4802210587550902,1786435749.8619614
8,9330,0.5947972536087036,0.4802555168408827,1786435749.9510045
8,9331,0.42057299613952637,0.48028985507246374,1786435750.0399776
8,9332,0.438533753156662,0.48061342592592593,1786435750.1280892
8,9333,0.6761178970336914,0.4805748122472559,1786435750.2170377
8,9334,0.3006959557533264,0.479959630911188,1786435750.3068023
8,9335,0.3539566397666931,0.48021013241220495,1786435750.3959575
8,9336,0.34984415769577026,0.4802442528735632,1786435750.4852812
8,9337,0.3514541983604431,0.4804934021801492,1786435750.5736425
8,9338,0.3376680314540863,0.4800257731958763,1786435750.6627774
8,9339,0.38455092906951904,0.4804173813607776,1786435750.7510421
8,9340,0.35361447930336,0.4806649543378995,1786435750.8397422
8,9341,0.6010297536849976,0.48005698005698005,1786435750.928657
8,9342,0.4140291213989258,0.48001990898748575,1786435751.0162241
8,9343,0.4221076965332031,0.48026689381033505,1786435751.1041896
8,9344,0.2542022466659546,0.47987528344671204,1786435751.1931505
8,9345,0.2572094202041626,0.4800509337860781,1786435751.280875
8,9346,0.44317519664764404,0.4803672316384181,1786435751.3692393
8,9347,0.4313216805458069,0.4798364354201918,1786435751.4603245
8,9348,0.3533654510974884,0.48001126126126126,1786435751.5496323
8,9349,0.4993627071380615,0.4797639123102867,1786435751.6401553
8,9350,0.3519268035888672,0.4800084175084175,1786435751.7288
8,9351,0.4910331666469574,0.47983193277310926,1786435751.8185134
8,9352,0.34500494599342346,0.48014541387024606,1786435751.9066327
8,9353,0.3442971110343933,0.4796901172529313,1786435751.9952383
8,9354,0.43826228380203247,0.4791666666666667,1786435752.0851934
8,9355,0.3245559632778168,0.4785058430717863,1786435752.1739328
8,9356,0.5386649370193481,0.4786111111111111,1786435752.2623246
8,9357,0.4075920581817627,0.4787160288408209,1786435752.3504052
8,9358,0.3593170940876007,0.4790282392026578,1786435752.439115
8,9359,0.5769797563552856,0.47878662244333886,1786435752.5282729
8,9360,0.4676336348056793,0.47882174392935983,1786435752.6173158
8,9361,0.45585358142852783,0.47892561983471077,1786435752.7052112
8,9362,0.30711355805397034,0.478479097909791,1786435752.795935
8,9363,0.4033128023147583,0.478445908841296,1786435752.8871677
8,9364,0.5413732528686523,0.4784128289473684,1786435752.9795582
8,9365,0.39612889289855957,0.47851669403393543,1786435753.071018
8,9366,0.5486218929290771,0.4782103825136612,1786435753.1614883
8,9367,0.42169907689094543,0.47831423895253683,1786435753.249439
8,9368,0.32049059867858887,0.4778730936819172,1786435753.339434
8,9369,0.47557932138442993,0.47811310494834147,1786435753.4319108
8,9370,0.44724422693252563,0.4783523344191097,1786435753.5234773
8,9371,0.45163291692733765,0.4783875338753388,1786435753.6169786
8,9372,0.29932788014411926,0.47882846320346323,1786435753.7085047
8,9373,0.31399527192115784,0.4782549972987574,1786435753.7976933
8,9374,0.37168699502944946,0.4780879180151025,1786435753.8870986
8,9375,0.40391385555267334,0.4785271943995692,1786435753.9791603
8,9376,0.35798516869544983,0.478494623655914,1786435754.0673196
8,9377,0.5232049226760864,0.4786634460547504,1786435754.159641
8,9378,0.3259822428226471,0.4787647374062165,1786435754.251078
8,9379,0.5064635872840881,0.4787319422150883,1786435754.3427007
8,9380,0.28506746888160706,0.47896634615384615,1786435754.4345527
8,9381,0.2515966594219208,0.47933333333333333,1786435754.5235212
8,9382,0.324139267206192,0.4790335463258786,1786435754.6121168
8,9383,0.2735360562801361,0.47946570972886765,1786435754.7005727
8,9384,0.3420775532722473,0.47956475583864117,1786435754.7931883
8,9385,0.35493218898773193,0.4797297297297297,1786435754.8818772
8,9386,0.25880879163742065,0.48009259259259257,1786435754.9763644
8,9387,0.4623945653438568,0.47959587955625993,1786435755.0719028
8,9388,0.34462159872055054,0.4798259493670886,1786435755.1648257
8,9389,0.6821914911270142,0.47972617166929965,1786435755.2577257
8,9390,0.2512925863265991,0.4800210304942166,1786435755.3489935
8,9391,0.3687872290611267,0.4795275590551181,1786435755.4423392
8,9392,0.2572258412837982,0.4798218029350105,1786435755.5351565
8,9393,0.5267062187194824,0.4794610151753009,1786435755.628814
8,9394,0.40801143646240234,0.47936259143155696,1786435755.7249653
8,9395,0.33027225732803345,0.47932968179447055,1786435755.8161173
8,9396,0.34964221715927124,0.4796223958333333,1786435755.9093015
8,9397,0.4938281178474426,0.4794591783671347,1786435756.0016031
8,9398,0.28300607204437256,0.47988058151609553,1786435756.0976574
8,9399,0.3262487053871155,0.48010627268014516,1786435756.189595
8,9400,0.6179080605506897,0.48007246376811596,1786435756.2928743
8,9401,0.5227276086807251,0.47958656330749355,1786435756.3962672
8,9402,0.6646994948387146,0.4794246646026832,1786435756.4998918
8,9403,0.37954050302505493,0.479005667181865,1786435756.5946302
8,9404,0.3628712296485901,0.4793595679012346,1786435756.6860778
8,9405,0.45573270320892334,0.4793913713405239,1786435756.7994156
8,9406,0.5327455997467041,0.47935897435897434,1786435756.891054
8,9407,0.4166552722454071,0.4794546850998464,1786435756.9810386
8,9408,0.49476176500320435,0.47923057259713703,1786435757.0839741
8,9409,0.34019091725349426,0.4793899948953548,1786435757.1757555
8,9410,0.3365725576877594,0.4794215086646279,1786435757.2665193
8,9411,0.3099220395088196,0.4796437659033079,1786435757.365026
8,9412,0.41360771656036377,0.4792936991869919,1786435757.4583077
8,9413,0.43503060936927795,0.479261796042618,1786435757.5600104
8,9414,0.4736519455909729,0.4787234042553192,1786435757.6526504
8,9415,0.30028513073921204,0.47907182599898834,1786435757.755475
8,9416,0.42442846298217773,0.4789141414141414,1786435757.8534827
8,9417,0.775627851486206,0.47894604135148766,1786435757.9459782
8,9418,0.47978946566581726,0.4786002014098691,1786435758.047126
8,9419,0.5118831396102905,0.47875816993464054,1786435758.1454725
8,9420,0.2994096279144287,0.4791039156626506,1786435758.2436395
8,9421,0.4742918610572815,0.4787593984962406,1786435758.342089
8,9422,0.43097370862960815,0.47816566566566565,1786435758.4446642
8,9423,0.2696886956691742,0.4783858070964518,1786435758.5459502
8,9424,0.5328889489173889,0.4784805389221557,1786435758.636414
8,9425,0.3078523874282837,0.4785749875435974,1786435758.7415519
8,9426,0.3416140377521515,0.47804726368159206,1786435758.8312945
8,9427,0.25287559628486633,0.4782662692498758,1786435758.921356
8,9428,0.49189233779907227,0.47836061507936506,1786435759.011416
8,9429,0.6070257425308228,0.4783308568598316,1786435759.111341
8,9430,0.3692931830883026,0.4778684470820969,1786435759.2017155
8,9431,0.318966269493103,0.4774074074074074,1786435759.2911084
8,9432,0.4911566972732544,0.4771326429980276,1786435759.3814745
8,9433,0.48254305124282837,0.4771048744460857,1786435759.4768002
8,9434,0.4453200697898865,0.47732300884955753,1786435759.5699518
8,9435,0.40502363443374634,0.47747913598429065,1786435759.6636076
8,9436,0.2726093530654907,0.47708333333333336,1786435759.7664049
8,9437,0.4207601547241211,0.47711698482623593,1786435759.860911
8,9438,0.3496986925601959,0.47666177908113394,1786435759.9540513
8,9439,0.4666818082332611,0.47626891166422647,1786435760.0477955
8,9440,0.616081953048706,0.47630360623781676,1786435760.1435196
8,9441,0.32017606496810913,0.47670316301703164,1786435760.234506
8,9442,0.41144368052482605,0.4767371234207969,1786435760.3282406
8,9443,0.49828463792800903,0.47671033478893743,1786435760.4303293
8,9444,0.28913354873657227,0.47686531007751937,1786435760.5240958
8,9445,0.26760950684547424,0.47701983551040156,1786435760.6314433
8,9446,0.32795795798301697,0.4771739130434783,1786435760.722823
8,9447,0.4609290659427643,0.47672455378678247,1786435760.8252559
8,9448,0.3024676442146301,0.4770592485549133,1786435760.9151845
8,9449,0.3037576973438263,0.4766714766714767,1786435761.0141234
8,9450,0.3091047406196594,0.4767050912584054,1786435761.1029775
8,9451,0.32711565494537354,0.47679856115107916,1786435761.1915598
8,9452,0.6546089053153992,0.47695162835249044,1786435761.2921185
8,9453,0.3099325895309448,0.477104256336681,1786435761.385171
8,9454,0.4712364673614502,0.4773758357211079,1786435761.480319
8,9455,0.5506043434143066,0.4772889842632332,1786435761.5764275
8,9456,0.34107506275177,0.4775,1786435761.6779983
8,9457,0.22213536500930786,0.47788873038516405,1786435761.7769701
8,9458,0.5332472324371338,0.4773860398860399,1786435761.8652532
8,9459,0.3102860450744629,0.47765528686581316,1786435761.9531965
8,9460,0.31697237491607666,0.4778053977272727,1786435762.0445695
8,9461,0.2676137089729309,0.47789598108747045,1786435762.141346
8,9462,0.44887077808380127,0.4776912181303116,1786435762.2361197
8,9463,0.23122325539588928,0.4777817067421028,1786435762.3308651
8,9464,0.6409889459609985,0.4774599811676083,1786435762.4205892
8,9465,0.2400449961423874,0.47755054066760694,1786435762.5120604
8,9466,0.5546060800552368,0.4778169014084507,1786435762.601937
8,9467,0.39321255683898926,0.47814111579934365,1786435762.69146
8,9468,0.31253254413604736,0.4784058988764045,1786435762.7798228
8,9469,0.3864016532897949,0.47820243104254323,1786435762.8690906
8,9470,0.4328986704349518,0.4775326797385621,1786435762.9582515
8,9471,0.26845332980155945,0.47785547785547783,1786435763.0471196
8,9472,0.4402598440647125,0.47794459962756053,1786435763.1367533
8,9473,0.2648972272872925,0.4782659228265923,1786435763.2287016
8,9474,0.49331721663475037,0.4778319405756732,1786435763.318365
8,9475,0.4417518079280853,0.4772832637923041,1786435763.407348
8,9476,0.6298058032989502,0.47702546296296294,1786435763.4972024
8,9477,0.3465854823589325,0.4772306981044845,1786435763.5913105
8,9478,0.3949280381202698,0.4772622345337027,1786435763.6913822
8,9479,0.6880348920822144,0.4771207929921623,1786435763.7909446
8,9480,0.5866734385490417,0.4768070902394107,1786435763.8803844
8,9481,0.4811473488807678,0.47683908045977014,1786435763.9688292
8,9482,0.38367128372192383,0.4764692378328742,1786435764.0568182
8,9483,0.4027894139289856,0.47655891792755617,1786435764.1442995
8,9484,0.29990580677986145,0.4768772893772894,1786435764.231873
8,9485,0.2460585981607437,0.4771376314586191,1786435764.320802
8,9486,0.2852647304534912,0.4771689497716895,1786435764.4091556
8,9487,0.3028246760368347,0.47748518011855906,1786435764.4986722
8,9488,0.3541143834590912,0.4775728597449909,1786435764.5863447
8,9489,0.3125028610229492,0.4770918599363347,1786435764.6758687
8,9490,0.3493027985095978,0.47723660308810173,1786435764.7645028
8,9491,0.3260810375213623,0.477437641723356,1786435764.8533251
8,9492,0.3393903970718384,0.47758152173913043,1786435764.9423409
8,9493,0.3969126343727112,0.47755540479421077,1786435765.0307581
8,9494,0.39888283610343933,0.4778116531165312,1786435765.1197145
8,9495,0.3421792685985565,0.47812359043752817,1786435765.208431
8,9496,0.35805585980415344,0.47832207207207206,1786435765.298615
8,9497,0.206381157040596,0.47874493927125505,1786435765.3947394
8,9498,0.6502300500869751,0.4785489667565139,1786435765.484523
8,9499,0.5017296075820923,0.47897039030955585,1786435765.5808036
8,9500,0.4469429850578308,0.47911066308243727,1786435765.6744506
8,9501,0.570814311504364,0.479082774049217,1786435765.7618303
8,9502,0.3926372230052948,0.4792225201072386,1786435765.8531418
8,9503,0.3024391829967499,0.47941767068273095,1786435765.9497337
8,9504,0.3616192638874054,0.4796680035650624,1786435766.0394702
8,9505,0.452362060546875,0.47913885180240323,1786435766.1277776
8,9506,0.4927839934825897,0.4792222222222222,1786435766.2256317
8,9507,0.2801224887371063,0.47941633377718595,1786435766.324431
8,9508,0.3558037579059601,0.47938829787234044,1786435766.4125164
8,9509,0.5586488246917725,0.47941567065073043,1786435766.5008094
8,9510,0.27060413360595703,0.4797745358090186,1786435766.5935926
8,9511,0.47371673583984375,0.4794150110375276,1786435766.6922932
8,9512,0.4434186816215515,0.4794973544973545,1786435766.7838204
8,9513,0.5694244503974915,0.47902906208718626,1786435766.872061
8,9514,0.3127625584602356,0.47867194371152155,1786435766.960785
8,9515,0.686715841293335,0.47880983750548967,1786435767.0498393
8,9516,0.49379226565361023,0.47850877192982455,1786435767.1398132
8,9517,0.25420069694519043,0.47886552781427943,1786435767.23546
8,9518,0.29909271001815796,0.4790573053368329,1786435767.3235583
8,9519,0.3806927800178528,0.47930318916557446,1786435767.4119005
8,9520,0.41010409593582153,0.4793848167539267,1786435767.5007184
8,9521,0.3824666440486908,0.4795751633986928,1786435767.5893364
8,9522,0.4841417670249939,0.4797106179286336,1786435767.678158
8,9523,0.2966722548007965,0.47995436766623206,1786435767.7665024
8,9524,0.5741875171661377,0.4798719618055556,1786435767.8554077
8,9525,0.5973444581031799,0.4798439531859558,1786435767.9440377
8,9526,0.268518328666687,0.48003246753246753,1786435768.0333169
8,9527,0.6536760330200195,0.479842196281885,1786435768.1220398
8,9528,0.391834557056427,0.4793825561312608,1786435768.2113988
8,9529,0.31616896390914917,0.4791397153945666,1786435768.3004699
8,9530,0.42856284976005554,0.47922049956933677,1786435768.3900518
8,9531,0.35880935192108154,0.47913978494623655,1786435768.47812
8,9532,0.3593844175338745,0.4791666666666667,1786435768.5691097
8,9533,0.4729689359664917,0.47913985413985416,1786435768.6598608
8,9534,0.3651856780052185,0.47900599828620394,1786435768.7486985
8,9535,0.4368242025375366,0.4790329482242191,1786435768.8378599
8,9536,0.3246931731700897,0.4790598290598291,1786435768.9268217
8,9537,0.29749834537506104,0.47881988903115663,1786435769.015729
8,9538,0.37788593769073486,0.4789002557544757,1786435769.103539
8,9539,0.1932200789451599,0.47935291613452535,1786435769.1913157
8,9540,0.36719194054603577,0.47900722789115646,1786435769.2811456
8,9541,0.29099297523498535,0.4788747346072187,1786435769.371063
8,9542,0.335310161113739,0.47900763358778625,1786435769.4597526
8,9543,0.40197861194610596,0.4790872511647607,1786435769.5490248
8,9544,0.3071860671043396,0.47943104906937395,1786435769.6381555
8,9545,0.4796123504638672,0.47945711871567387,1786435769.726334
8,9546,0.5553207397460938,0.47906118143459914,1786435769.8151004
8,9547,0.5403076410293579,0.4787189211967973,1786435769.9043272
8,9548,0.26334601640701294,0.4784301346801347,1786435769.9939744
8,9549,0.6572325229644775,0.4781946195880622,1786435770.0832264
8,9550,0.40839076042175293,0.4783795130142737,1786435770.171712
8,9551,0.35036203265190125,0.4784591194968553,1786435770.2604902
8,9552,0.29670804738998413,0.4786955611390285,1786435770.349812
8,9553,0.5187490582466125,0.4787222919280636,1786435770.438211
8,9554,0.31077972054481506,0.4787489557226399,1786435770.5263224
8,9555,0.583182692527771,0.478619107217355,1786435770.6152704
8,9556,0.47369009256362915,0.47869791666666667,1786435770.7029114
8,9557,0.49058595299720764,0.47882854764877236,1786435770.7919285
8,9558,0.41516974568367004,0.47890689941812137,1786435770.8813696
8,9559,0.37667936086654663,0.47903694479036946,1786435770.9703555
8,9560,0.31452107429504395,0.4790630182421227,1786435771.0597842
8,9561,0.5862829685211182,0.4786231884057971,1786435771.1499605
8,9562,0.4518018364906311,0.47870140612076095,1786435771.2381823
8,9563,0.5718348026275635,0.4788310615448162,1786435771.327591
8,9564,0.39003100991249084,0.4788572607260726,1786435771.4160645
8,9565,0.3891425132751465,0.47862587556654307,1786435771.5138535
8,9566,0.39940768480300903,0.478858024691358,1786435771.6018846
8,9567,0.4002089500427246,0.4790382244143033,1786435771.690476
8,9568,0.5250816345214844,0.479064039408867,1786435771.7801106
8,9569,0.571008563041687,0.47919229192291923,1786435771.8699672
8,9570,0.5452058911323547,0.47911547911547914,1786435771.9591043
8,9571,0.28405332565307617,0.4792433537832311,1786435772.047908
8,9572,0.3731808364391327,0.4792687908496732,1786435772.1426535
8,9573,0.6132451295852661,0.4790391676866585,1786435772.2325523
8,9574,0.37522435188293457,0.4792685411572942,1786435772.321371
8,9575,0.4467243552207947,0.478988603988604,1786435772.4109561
8,9576,0.4698488712310791,0.4790142276422764,1786435772.499778
8,9577,0.36138662695884705,0.47909053999187984,1786435772.5883996
8,9578,0.7167439460754395,0.4790652879156529,1786435772.677836
8,9579,0.22213323414325714,0.47939449169704335,1786435772.7678783
8,9580,0.3384462893009186,0.47941949838187703,1786435772.8612454
8,9581,0.2731918394565582,0.47964646464646465,1786435772.9533665
8,9582,0.3783937096595764,0.47962066182405166,1786435773.0452802
8,9583,0.6682899594306946,0.47939338976219265,1786435773.138502
8,9584,0.5713660717010498,0.4790157004830918,1786435773.228498
8,9585,0.5982134938240051,0.4788399678327302,1786435773.3171008
8,9586,0.30173590779304504,0.4791164658634538,1786435773.4058213
8,9587,0.4167473316192627,0.47899117529081425,1786435773.4946067
8,9588,0.33700332045555115,0.4788161057692308,1786435773.583188
8,9589,0.3212320804595947,0.4789415766306523,1786435773.6716425
8,9590,0.23352089524269104,0.47936650679456433,1786435773.7604427
8,9591,0.6697437763214111,0.47934131736526947,1786435773.848524
8,9592,0.5213218927383423,0.47931618819776717,1786435773.937111
8,9593,0.40870940685272217,0.479042214257268,1786435774.0261977
8,9594,0.5487685799598694,0.4789180588703262,1786435774.113882
8,9595,0.43919622898101807,0.47894318633293603,1786435774.2016208
8,9596,0.4123791456222534,0.4791666666666667,1786435774.2911823
8,9597,0.5426783561706543,0.47874554102259215,1786435774.3803487
8,9598,0.3608998656272888,0.47882026920031673,1786435774.4718003
8,9599,0.31816643476486206,0.47859826018189006,1786435774.5644062
8,9600,0.49226662516593933,0.47872235387045814,1786435774.6585133
8,9601,0.2645597755908966,0.47884615384615387,1786435774.7499883
8,9602,0.45548516511917114,0.4789204097714736,1786435774.8390267
8,9603,0.6501952409744263,0.47879771743408106,1786435774.9279447
8,9604,0.2715795636177063,0.4790683962264151,1786435775.0263157
8,9605,0.43637093901634216,0.4791421279937181,1786435775.1170154
8,9606,0.40702053904533386,0.4788235294117647,1786435775.2074323
8,9607,0.44696569442749023,0.47899529964747356,1786435775.297582
8,9608,0.31010133028030396,0.47926447574334896,1786435775.3861232
8,9609,0.37894874811172485,0.4789468542399375,1786435775.4745479
8,9610,0.2922397255897522,0.47867876658860264,1786435775.5646553
8,9611,0.37046515941619873,0.4788011695906433,1786435775.6534157
8,9612,0.5320611000061035,0.4787285825545171,1786435775.742119
8,9613,0.44765782356262207,0.47885064177362896,1786435775.8307688
8,9614,0.5027270317077637,0.47863247863247865,1786435775.9202178
8,9615,0.46783238649368286,0.47817229336437717,1786435776.008957
8,9616,0.3851317763328552,0.47771317829457366,1786435776.097895
8,9617,0.59557044506073,0.4775454897406117,1786435776.1880832
8,9618,0.6530870199203491,0.47732985305491105,1786435776.2771153
8,9619,0.2664445638656616,0.47750096562379296,1786435776.365725
8,9620,0.28618305921554565,0.4777199074074074,1786435776.4543626
8,9621,0.30208802223205566,0.47789017341040463,1786435776.5482244
8,9622,0.34458673000335693,0.4781562740569669,1786435776.6393569
8,9623,0.3947960138320923,0.4781334102268358,1786435776.7262466
8,9624,0.2827219069004059,0.47839861751152074,1786435776.8152027
8,9625,0.2775663137435913,0.4786632144227081,1786435776.906248
8,9626,0.43714311718940735,0.478544061302682,1786435776.9972959
8,9627,0.30544936656951904,0.47832950631458093,1786435777.087037
8,9628,0.3828210234642029,0.47840214067278286,1786435777.1750515
8,9629,0.31380695104599,0.47842688048873616,1786435777.2614837
8,9630,0.5016269087791443,0.4784038901601831,1786435777.3481398
8,9631,0.40993884205818176,0.4784761904761905,1786435777.434616
8,9632,0.3032732307910919,0.4785958904109589,1786435777.5251281
8,9633,0.24362121522426605,0.4789053591790194,1786435777.6167533
8,9634,0.3663317561149597,0.47892938496583143,1786435777.7115257
8,9635,0.3067112863063812,0.47890595373530526,1786435777.8052151
8,9636,0.7769891023635864,0.4785511363636364,1786435777.8975124
8,9637,0.31153786182403564,0.47833900870223234,1786435777.9910376
8,9638,0.41588112711906433,0.47836356764928195,1786435778.0831141
8,9639,0.3255782723426819,0.4784824462061155,1786435778.1779225
8,9640,0.32169806957244873,0.4787424585218703,1786435778.271151
8,9641,0.389944463968277,0.47871939736346514,1786435778.3630223
8,9642,0.3489862084388733,0.47888449962377727,1786435778.4576411
8,9643,0.5372777581214905,0.4789552799699361,1786435778.5516047
9,9644,0.3891006410121918,0.5833333333333334,1786435784.4567056
9,9645,0.40747904777526855,0.3958333333333333,1786435784.5587835
9,9646,0.5504558086395264,0.4166666666666667,1786435784.663053
9,9647,0.624994695186615,0.40625,1786435784.7665238
9,9648,0.40779754519462585,0.4166666666666667,1786435784.8804774
9,9649,0.39429396390914917,0.4375,1786435784.9931133
9,9650,0.42807912826538086,0.47023809523809523,1786435785.1006393
9,9651,0.3404169976711273,0.484375,1786435785.192136
9,9652,0.3169415593147278,0.5046296296296297,1786435785.2865577
9,9653,0.40398937463760376,0.5,1786435785.381897
9,9654,0.3581564128398895,0.5227272727272727,1786435785.4817166
9,9655,0.37637874484062195,0.5138888888888888,1786435785.5896082
9,9656,0.3653607666492462,0.5064102564102564,1786435785.685461
9,9657,0.4886171817779541,0.5119047619047619,1786435785.786398
9,9658,0.3260374665260315,0.5027777777777778,1786435785.8819213
9,9659,0.5079168081283569,0.5078125,1786435785.9720159
9,9660,0.3506978154182434,0.5122549019607843,1786435786.0612226
9,9661,0.5162724256515503,0.5,1786435786.156041
9,9662,0.3203341066837311,0.4824561403508772,1786435786.247416
9,9663,0.3999488353729248,0.48541666666666666,1786435786.3358772
9,9664,0.3658622205257416,0.4801587301587302,1786435786.4241009
9,9665,0.534334659576416,0.4791666666666667,1786435786.5141902
9,9666,0.2873269021511078,0.4891304347826087,1786435786.6026597
9,9667,0.2887055277824402,0.4965277777777778,1786435786.693151
9,9668,0.289236456155777,0.5,1786435786.7815378
9,9669,0.32260385155677795,0.5048076923076923,1786435786.869509
9,9670,0.4239901900291443,0.5061728395061729,1786435786.9579275
9,9671,0.28730127215385437,0.5163690476190477,1786435787.0462384
9,9672,0.4195536673069,0.5201149425287356,1786435787.1347
9,9673,0.22008231282234192,0.5291666666666667,1786435787.2281692
9,9674,0.3803834021091461,0.5295698924731183,1786435787.3171003
9,9675,0.3940844237804413,0.5299479166666666,1786435787.4068694
9,9676,0.4049103260040283,0.5303030303030303,1786435787.5029416
9,9677,0.4204610586166382,0.5220588235294118,1786435787.5947175
9,9678,0.49741417169570923,0.5261904761904762,1786435787.6890962
9,9679,0.3578786849975586,0.5266203703703703,1786435787.7866368
9,9680,0.739486038684845,0.5191441441441441,1786435787.8852363
9,9681,0.3967325687408447,0.5131578947368421,1786435787.981139
9,9682,0.2939207851886749,0.5170940170940171,1786435788.077697
9,9683,0.29621872305870056,0.5197916666666667,1786435788.1661396
9,9684,0.2754065990447998,0.5223577235772358,1786435788.262004
9,9685,0.2729695439338684,0.5257936507936508,1786435788.3494065
9,9686,0.2763095200061798,0.5203488372093024,1786435788.440162
9,9687,0.445842981338501,0.5170454545454546,1786435788.534209
9,9688,0.2887774109840393,0.5092592592592593,1786435788.6324904
9,9689,0.6879924535751343,0.5036231884057971,1786435788.7219093
9,9690,0.3252255320549011,0.5079787234042553,1786435788.8102586
9,9691,0.2626153528690338,0.5095486111111112,1786435788.9003406
9,9692,0.4820345938205719,0.5085034013605442,1786435788.9889233
9,9693,0.3420606851577759,0.51,1786435789.0767448
9,9694,0.45243319869041443,0.505718954248366,1786435789.1694205
9,9695,0.39498335123062134,0.5048076923076923,1786435789.2638705
9,9696,0.39739128947257996,0.5055031446540881,1786435789.3600643
9,9697,0.3404151499271393,0.5069444444444444,1786435789.4513705
9,9698,0.26254063844680786,0.5113636363636364,1786435789.5403233
9,9699,0.30590561032295227,0.5141369047619048,1786435789.629755
9,9700,0.32999134063720703,0.5160818713450293,1786435789.7197518
9,9701,0.49041664600372314,0.5158045977011494,1786435789.814568
9,9702,0.3050231635570526,0.5098870056497176,1786435789.9126868
9,9703,0.3710200786590576,0.5090277777777777,1786435790.0102348
9,9704,0.3564601540565491,0.5109289617486339,1786435790.10414
9,9705,0.5852818489074707,0.5073924731182796,1786435790.1991358
9,9706,0.4931635856628418,0.5085978835978836,1786435790.2907577
9,9707,0.5489081740379333,0.5078125,1786435790.379043
9,9708,0.5077536702156067,0.507051282051282,1786435790.4691236
9,9709,0.4385327696800232,0.5082070707070707,1786435790.5613785
9,9710,0.4345066249370575,0.5068407960199005,1786435790.6535108
9,9711,0.4347854256629944,0.508578431372549,1786435790.743786
9,9712,0.3407312035560608,0.5036231884057971,1786435790.8325577
9,9713,0.43149688839912415,0.5053571428571428,1786435790.9211817
9,9714,0.3604156970977783,0.5076291079812206,1786435791.010923
9,9715,0.4609322249889374,0.5069444444444444,1786435791.1021535
9,9716,0.3055349588394165,0.509703196347032,1786435791.1948347
9,9717,0.3471219539642334,0.5112612612612613,1786435791.2882247
9,9718,0.300362765789032,0.5111111111111111,1786435791.392359
9,9719,0.38346222043037415,0.5076754385964912,1786435791.4842658
9,9720,0.3151765763759613,0.5027056277056277,1786435791.5855048
9,9721,0.4477490186691284,0.49732905982905984,1786435791.6777523
9,9722,0.3549702763557434,0.4978902953586498,1786435791.7753851
9,9723,0.4053765535354614,0.4942708333333333,1786435791.8683453
9,9724,0.3792339563369751,0.49691358024691357,1786435791.9610364
9,9725,0.41427069902420044,0.4959349593495935,1786435792.0515702
9,9726,0.4580819010734558,0.4924698795180723,1786435792.1416118
9,9727,0.5204408168792725,0.4895833333333333,1786435792.2395155
9,9728,0.7249279618263245,0.48627450980392156,1786435792.3309286
9,9729,0.3696156442165375,0.4874031007751938,1786435792.4222057
9,9730,0.3487023115158081,0.4899425287356322,1786435792.5205438
9,9731,0.3861231505870819,0.4891098484848485,1786435792.610231
9,9732,0.4488520622253418,0.48735955056179775,1786435792.7063146
9,9733,0.4984916150569916,0.48842592592592593,1786435792.8075805
9,9734,0.3486824035644531,0.49038461538461536,1786435792.9076636
9,9735,0.5208580493927002,0.48867753623188404,1786435793.0050144
9,9736,0.5946966409683228,0.48655913978494625,1786435793.1005485
9,9737,0.26220959424972534,0.48891843971631205,1786435793.1924944
9,9738,0.35196834802627563,0.49078947368421055,1786435793.2802222
9,9739,0.30540552735328674,0.4878472222222222,1786435793.3699243
9,9740,0.25635385513305664,0.4892611683848797,1786435793.4605465
9,9741,0.30222776532173157,0.4906462585034014,1786435793.5527718
9,9742,0.3999505341053009,0.4903198653198653,1786435793.6420324
9,9743,0.5107549428939819,0.4866666666666667,1786435793.732537
9,9744,0.29634422063827515,0.4867986798679868,1786435793.8207028
9,9745,0.35630500316619873,0.4889705882352941,1786435793.918001
9,9746,0.5206086039543152,0.49029126213592233,1786435794.0082588
9,9747,0.3237219452857971,0.49158653846153844,1786435794.0967367
9,9748,0.39464128017425537,0.49166666666666664,1786435794.1857216
9,9749,0.4781656563282013,0.4913522012578616,1786435794.2753375
9,9750,0.5604681372642517,0.4898753894080997,1786435794.3641555
9,9751,0.4076007306575775,0.49074074074074076,1786435794.4518576
9,9752,0.360580712556839,0.4900611620795107,1786435794.540895
9,9753,0.3861790895462036,0.49166666666666664,1786435794.6293964
9,9754,0.6038944721221924,0.4894894894894895,1786435794.718202
9,9755,0.6012251377105713,0.4895833333333333,1786435794.806946
9,9756,0.30965834856033325,0.49041297935103245,1786435794.8947902
9,9757,0.42087751626968384,0.489766081871345,1786435794.9833913
9,9758,0.5940194129943848,0.48731884057971014,1786435795.073102
9,9759,0.513630747795105,0.48886494252873564,1786435795.1620257
9,9760,0.3517744541168213,0.48896011396011396,1786435795.2510417
9,9761,0.4646753668785095,0.4911723163841808,1786435795.3399282
9,9762,0.6344096064567566,0.49054621848739494,1786435795.429866
9,9763,0.42856544256210327,0.48993055555555554,1786435795.5181193
9,9764,0.3241313695907593,0.4893250688705234,1786435795.6056511
9,9765,0.3266647458076477,0.48941256830601093,1786435795.6945264
9,9766,0.4231325387954712,0.49017615176151763,1786435795.7822268
9,9767,0.3031609058380127,0.490255376344086,1786435795.8697221
9,9768,0.4453898072242737,0.491,1786435795.962785
9,9769,0.27700456976890564,0.49173280423280424,1786435796.0515592
9,9770,0.4087122082710266,0.4921259842519685,1786435796.1396585
9,9771,0.4290202260017395,0.4915364583333333,1786435796.2304132
9,9772,0.3741666376590729,0.4919250645994832,1786435796.3185134
9,9773,0.29382210969924927,0.49262820512820515,1786435796.4075875
9,9774,0.6104599237442017,0.48982188295165396,1786435796.4975932
9,9775,0.3832437992095947,0.4914772727272727,1786435796.5859382
9,9776,0.43300312757492065,0.4924812030075188,1786435796.6781929
9,9777,0.7110710144042969,0.4909825870646766,1786435796.7698653
9,9778,0.49406951665878296,0.4919753086419753,1786435796.861822
9,9779,0.4243973195552826,0.49234068627450983,1786435796.950174
9,9780,0.33335110545158386,0.49452554744525545,1786435797.0379057
9,9781,0.5376720428466797,0.49245169082125606,1786435797.1281571
9,9782,0.5570783615112305,0.4925059952038369,1786435797.216515
9,9783,0.3429449498653412,0.49315476190476193,1786435797.3052614
9,9784,0.30448052287101746,0.4946808510638298,1786435797.3938782
9,9785,0.3693641126155853,0.49471830985915494,1786435797.481991
9,9786,0.22537988424301147,0.49213286713286714,1786435797.5818965
9,9787,0.2287362962961197,0.4904513888888889,1786435797.6833172
9,9788,0.637726902961731,0.4885057471264368,1786435797.771987
9,9789,0.5697982311248779,0.4865867579908676,1786435797.860469
9,9790,0.4010416567325592,0.48781179138321995,1786435797.9577398
9,9791,0.5699552297592163,0.486768018018018,1786435798.0480282
9,9792,0.4056504964828491,0.48713646532438476,1786435798.136398
9,9793,0.2874883711338043,0.48777777777777775,1786435798.225171
9,9794,0.31068122386932373,0.488962472406181,1786435798.3131332
9,9795,0.4566519260406494,0.48711622807017546,1786435798.4025657
9,9796,0.36978089809417725,0.4874727668845316,1786435798.497765
9,9797,0.32046276330947876,0.4862012987012987,1786435798.5922582
9,9798,0.3158314824104309,0.4870967741935484,1786435798.6860795
9,9799,0.42497000098228455,0.4877136752136752,1786435798.781691
9,9800,0.3261256814002991,0.4851380042462845,1786435798.8762355
9,9801,0.3354860544204712,0.48575949367088606,1786435798.970867
9,9802,0.1975022703409195,0.4868972746331237,1786435799.0647652
9,9803,0.6067504286766052,0.4869791666666667,1786435799.1763716
9,9804,0.3995881974697113,0.48731884057971014,1786435799.2721565
9,9805,0.33269476890563965,0.48842592592592593,1786435799.368566
9,9806,0.36310526728630066,0.4887525562372188,1786435799.467057
9,9807,0.5685060024261475,0.4875508130081301,1786435799.5601172
9,9808,0.4816189408302307,0.48737373737373735,1786435799.6500561
9,9809,0.2381022870540619,0.48820281124497994,1786435799.7503521
9,9810,0.6628385782241821,0.4875249500998004,1786435799.8517184
9,9811,0.30726805329322815,0.4878472222222222,1786435799.9460104
9,9812,0.6345977783203125,0.4859467455621302,1786435800.0430226
9,9813,0.587472677230835,0.4843137254901961,1786435800.1395326
9,9814,0.4507442116737366,0.4848927875243665,1786435800.233888
9,9815,0.35958224534988403,0.48498062015503873,1786435800.327394
9,9816,0.26069188117980957,0.4865125240847784,1786435800.426483
9,9817,0.49550145864486694,0.48659003831417624,1786435800.520323
9,9818,0.4032185673713684,0.4878571428571429,1786435800.609765
9,9819,0.33440253138542175,0.4876893939393939,1786435800.6996891
9,9820,0.3287796676158905,0.4882297551789077,1786435800.7887127
9,9821,0.36637383699417114,0.48782771535580527,1786435800.876824
9,9822,0.30991455912590027,0.4888268156424581,1786435800.9652915
9,9823,0.28498780727386475,0.4898148148148148,1786435801.0552592
9,9824,0.43381398916244507,0.4910220994475138,1786435801.1433
9,9825,0.3461221754550934,0.49175824175824173,1786435801.231588
9,9826,0.3364104628562927,0.49157559198542805,1786435801.3201919
9,9827,0.29204264283180237,0.4927536231884058,1786435801.4083462
9,9828,0.4096173942089081,0.49324324324324326,1786435801.4959626
9,9829,0.49441584944725037,0.4930555555555556,1786435801.593671
9,9830,0.6536280512809753,0.4928698752228164,1786435801.683258
9,9831,0.5088415741920471,0.49157801418439717,1786435801.7725134
9,9832,0.3684897720813751,0.49228395061728397,1786435801.8611746
9,9833,0.3769875764846802,0.4925438596491228,1786435801.9492748
9,9834,0.35715430974960327,0.49040139616055844,1786435802.038535
9,9835,0.40531477332115173,0.4904513888888889,1786435802.1270287
9,9836,0.29621613025665283,0.4913644214162349,1786435802.2155201
9,9837,0.3842492699623108,0.49205326460481097,1786435802.305383
9,9838,0.3488166928291321,0.49273504273504276,1786435802.3951313
9,9839,0.6200196743011475,0.491921768707483,1786435802.4833477
9,9840,0.28931188583374023,0.4928087986463621,1786435802.5714564
9,9841,0.33809828758239746,0.49158249158249157,1786435802.6604357
9,9842,0.386796772480011,0.49141541038525965,1786435802.7503183
9,9843,0.23331813514232635,0.49291666666666667,1786435802.8394752
9,9844,0.2666357159614563,0.49398839137645106,1786435802.927751
9,9845,0.4978683590888977,0.4940181518151815,1786435803.0163934
9,9846,0.46557626128196716,0.4942528735632184,1786435803.1049304
9,9847,0.5120450258255005,0.49387254901960786,1786435803.1941888
9,9848,0.4412347078323364,0.492479674796748,1786435803.2841818
9,9849,0.3771720230579376,0.49292071197411,1786435803.3728356
9,9850,0.3673694431781769,0.4939613526570048,1786435803.4610107
9,9851,0.5892173051834106,0.4935897435897436,1786435803.5502174
9,9852,0.43424713611602783,0.4918261562998405,1786435803.6410124
9,9853,0.3711560368537903,0.4924603174603175,1786435803.7302299
9,9854,0.3540840148925781,0.49229857819905215,1786435803.8194695
9,9855,0.31376656889915466,0.4925314465408805,1786435803.9129958
9,9856,0.5027559995651245,0.49119718309859156,1786435804.0029147
9,9857,0.4178350865840912,0.49162772585669784,1786435804.091945
9,9858,0.3370334804058075,0.4920542635658915,1786435804.1806154
9,9859,0.38276660442352295,0.49189814814814814,1786435804.2707224
9,9860,0.30394554138183594,0.49193548387096775,1786435804.3604538
9,9861,0.3424387276172638,0.492737003058104,1786435804.4496663
9,9862,0.5134702920913696,0.4929604261796043,1786435804.5381281
9,9863,0.4370231330394745,0.49242424242424243,1786435804.6264775
9,9864,0.32062235474586487,0.4928355957767723,1786435804.7140741
9,9865,0.3623964190483093,0.4919294294294294,1786435804.8021963
9,9866,0.6204624176025391,0.4906576980568012,1786435804.8957682
9,9867,0.32173773646354675,0.49107142857142855,1786435804.98621
9,9868,0.6625491380691528,0.49092592592592593,1786435805.077762
9,9869,0.5853211283683777,0.4902286135693215,1786435805.1698155
9,9870,0.25153735280036926,0.49100587371512483,1786435805.2586918
9,9871,0.30198171734809875,0.49141081871345027,1786435805.347808
9,9872,0.3364642262458801,0.49163027656477437,1786435805.4361787
9,9873,0.3389968276023865,0.4920289855072464,1786435805.5251002
9,9874,0.3152817487716675,0.49206349206349204,1786435805.6126304
9,9875,0.29371514916419983,0.49263649425287354,1786435805.7004154
9,9876,0.29457899928092957,0.49320457796852646,1786435805.7892206
9,9877,0.3297167718410492,0.4935897435897436,1786435805.878125
9,9878,0.3108927011489868,0.4925531914893617,1786435805.9701576
9,9879,0.3536495268344879,0.4917019774011299,1786435806.0648458
9,9880,0.3635060787200928,0.4913853727144866,1786435806.155993
9,9881,0.2567487061023712,0.49212184873949577,1786435806.2461965
9,9882,0.5269919633865356,0.49250348675034866,1786435806.3443198
9,9883,0.5421879291534424,0.4913194444444444,1786435806.4467232
9,9884,0.3321783244609833,0.4915283540802213,1786435806.5374389
9,9885,0.456554114818573,0.490702479338843,1786435806.6353016
9,9886,0.3298836946487427,0.49108367626886146,1786435806.7231216
9,9887,0.45185738801956177,0.491120218579235,1786435806.8154306
9,9888,0.258920282125473,0.49166666666666664,1786435806.9128366
9,9889,0.35795900225639343,0.4900067750677507,1786435807.002528
9,9890,0.4373471438884735,0.4883603238866397,1786435807.1047454
9,9891,0.4595836400985718,0.48823924731182794,1786435807.1952648
9,9892,0.34520718455314636,0.4882864792503347,1786435807.2849362
9,9893,0.27440544962882996,0.4886666666666667,1786435807.3735468
9,9894,0.37687018513679504,0.4893758300132802,1786435807.4678426
9,9895,0.2991681396961212,0.49007936507936506,1786435807.5645978
9,9896,0.3342896103858948,0.4902832674571805,1786435807.6527247
9,9897,0.403789758682251,0.4913057742782152,1786435807.744205
9,9898,0.4776415228843689,0.4915032679738562,1786435807.832693
9,9899,0.3855126202106476,0.4913736979166667,1786435807.9218893
9,9900,0.4448392391204834,0.4912451361867704,1786435808.009924
9,9901,0.2745855450630188,0.49160206718346255,1786435808.0997357
9,9902,0.30319416522979736,0.4914736164736165,1786435808.1914403
9,9903,0.3066193759441376,0.49214743589743587,1786435808.2795367
9,9904,0.30543649196624756,0.49265644955300125,1786435808.3690786
9,9905,0.5128670930862427,0.4925254452926209,1786435808.4614267
9,9906,0.3711618483066559,0.4923954372623574,1786435808.5538697
9,9907,0.2769656479358673,0.492739898989899,1786435808.6434479
9,9908,0.4647428095340729,0.49261006289308173,1786435808.737019
9,9909,0.4211615324020386,0.4926378446115288,1786435808.830455
9,9910,0.3042859733104706,0.49297752808988765,1786435808.9196112
9,9911,0.5812225341796875,0.4920708955223881,1786435809.0083044
9,9912,0.5485510230064392,0.4921003717472119,1786435809.0988233
9,9913,0.3558911681175232,0.4925925925925926,1786435809.1942136
9,9914,0.36822518706321716,0.491389913899139,1786435809.2874944
9,9915,0.41692906618118286,0.49172794117647056,1786435809.3867965
9,9916,0.5600981712341309,0.49221611721611724,1786435809.486851
9,9917,0.41099637746810913,0.4925486618004866,1786435809.5779426
9,9918,0.31530991196632385,0.49318181818181817,1786435809.6775753
9,9919,0.3466489911079407,0.49381038647342995,1786435809.7661903
9,9920,0.31333646178245544,0.4944344163658243,1786435809.8590674
9,9921,0.27589553594589233,0.4934052757793765,1786435809.9528532
9,9922,0.23272529244422913,0.4946236559139785,1786435810.0400229
9,9923,0.3752002716064453,0.4936011904761905,1786435810.1286626
9,9924,0.3414675295352936,0.49377224199288255,1786435810.215809
9,9925,0.439552366733551,0.4933510638297872,1786435810.3030806
9,9926,0.372040331363678,0.4919022379269729,1786435810.3924184
9,9927,0.3785913586616516,0.49061032863849763,1786435810.4816523
9,9928,0.4129939675331116,0.4896198830409357,1786435810.5710657
9,9929,0.35373616218566895,0.48892773892773894,1786435810.660911
9,9930,0.3599420189857483,0.48940185830429733,1786435810.7496407
9,9931,0.35788223147392273,0.48842592592592593,1786435810.8387825
9,9932,0.38716816902160645,0.4884659746251442,1786435810.9329004
9,9933,0.5707614421844482,0.48836206896551726,1786435811.0272503
9,9934,0.563545286655426,0.4888316151202749,1786435811.1208024
9,9935,0.30470141768455505,0.4890125570776256,1786435811.2088945
9,9936,0.2480819970369339,0.4894766780432309,1786435811.3005595
9,9937,0.3736024796962738,0.4893707482993197,1786435811.3888078
9,9938,0.5363278388977051,0.488135593220339,1786435811.4869237
9,9939,0.37789812684059143,0.4884572072072072,1786435811.5749712
9,9940,0.456619530916214,0.4883557800224467,1786435811.6637444
9,9941,0.38127970695495605,0.48727628635346754,1786435811.7527866
9,9942,0.4754146337509155,0.48773690078037907,1786435811.8413913
9,9943,0.39194315671920776,0.48777777777777775,1786435811.9305084
9,9944,0.47321566939353943,0.48781838316722037,1786435812.0211785
9,9945,0.38853201270103455,0.48661699779249445,1786435812.1108587
9,9946,0.24007298052310944,0.48734873487348734,1786435812.2004144
9,9947,0.316873699426651,0.4876644736842105,1786435812.2885747
9,9948,0.3153538405895233,0.48797814207650275,1786435812.37952
9,9949,0.40682023763656616,0.4866557734204793,1786435812.4688041
9,9950,0.3722199499607086,0.48683496199782844,1786435812.5567396
9,9951,0.3995293378829956,0.4868777056277056,1786435812.6448305
9,9952,0.2780897319316864,0.4878640776699029,1786435812.7345114
9,9953,0.5781788229942322,0.48736559139784946,1786435812.8237777
9,9954,0.43094608187675476,0.48727224008574493,1786435812.912736
9,9955,0.3234838843345642,0.4878472222222222,1786435813.000832
9,9956,0.4311133027076721,0.48642172523961663,1786435813.0904932
9,9957,0.5124128460884094,0.48633227176220806,1786435813.1793103
9,9958,0.37633588910102844,0.48558201058201056,1786435813.2682483
9,9959,0.5487658381462097,0.4853639240506329,1786435813.3600912
9,9960,0.6061372756958008,0.4859358569926393,1786435813.449699
9,9961,0.24636782705783844,0.485062893081761,1786435813.542113
9,9962,0.5986632108688354,0.48484848484848486,1786435813.6386228
9,9963,0.27609458565711975,0.48515625,1786435813.7277555
9,9964,0.34347763657569885,0.4845534787123572,1786435813.8174303
9,9965,0.32655584812164307,0.48524844720496896,1786435813.9077368
9,9966,0.43711116909980774,0.4852941176470588,1786435813.9958436
9,9967,0.5703194737434387,0.485082304526749,1786435814.08506
9,9968,0.4661073386669159,0.48435897435897435,1786435814.1757693
9,9969,0.29320988059043884,0.48440695296523517,1786435814.264395
9,9970,0.2594708502292633,0.4848369011213048,1786435814.3528197
9,9971,0.4817277789115906,0.4838668699186992,1786435814.4413352
9,9972,0.4651077389717102,0.4837892603850051,1786435814.5351658
9,9973,0.7002551555633545,0.48333333333333334,1786435814.6248748
9,9974,0.2998995780944824,0.4838872104733132,1786435814.7148263
9,9975,0.3095752000808716,0.4840612449799197,1786435814.8027625
9,9976,0.4219314455986023,0.482982982982983,1786435814.8925798
9,9977,0.2508038580417633,0.4837824351297405,1786435814.987277
9,9978,0.5335360765457153,0.4835820895522388,1786435815.0749257
9,9979,0.5077242851257324,0.4833829365079365,1786435815.1625645
9,9980,0.5744142532348633,0.4833086053412463,1786435815.2506375
9,9981,0.5335274934768677,0.48261834319526625,1786435815.3393946
9,9982,0.39998185634613037,0.48279252704031467,1786435815.4282506
9,9983,0.2995564639568329,0.4834558823529412,1786435815.516813
9,9984,0.3705362379550934,0.48240469208211145,1786435815.6059518
9,9985,0.2948204576969147,0.4824561403508772,1786435815.6949437
9,9986,0.36541980504989624,0.4826287657920311,1786435815.78258
9,9987,0.5837448835372925,0.48231589147286824,1786435815.8714035
9,9988,0.6733652949333191,0.4816425120772947,1786435815.9606223
9,9989,0.476100891828537,0.4818159922928709,1786435816.0503712
9,9990,0.45779091119766235,0.4810278578290106,1786435816.1395772
9,9991,0.7886350750923157,0.48012452107279696,1786435816.2287455
9,9992,0.31724077463150024,0.4806590257879656,1786435816.3167918
9,9993,0.3289608955383301,0.4810714285714286,1786435816.406
9,9994,0.22804316878318787,0.48183760683760685,1786435816.4936228
9,9995,0.31328144669532776,0.4817708333333333,1786435816.581411
9,9996,0.3826119899749756,0.48194050991501414,1786435816.669721
9,9997,0.3356166481971741,0.4825800376647834,1786435816.7580767
9,9998,0.32562553882598877,0.4828638497652582,1786435816.8463318
9,9999,0.5915482640266418,0.48232677902621723,1786435816.9365728
9,10000,0.49205106496810913,0.4815592903828198,1786435817.0253057
9,10001,0.33649665117263794,0.48195996275605213,1786435817.1137142
9,10002,0.4032666087150574,0.4815459610027855,1786435817.201283
9,10003,0.33785849809646606,0.48182870370370373,1786435817.2906358
9,10004,0.5947096347808838,0.48164819944598336,1786435817.3785326
9,10005,0.26697835326194763,0.48089318600368325,1786435817.469077
9,10006,0.31030088663101196,0.48117539026629935,1786435817.5570738
9,10007,0.3900561034679413,0.48145604395604397,1786435817.6454003
9,10008,0.6338779330253601,0.48162100456621004,1786435817.7338731
9,10009,0.33774280548095703,0.4822404371584699,1786435817.8233984
9,10010,0.3954318165779114,0.48217529518619434,1786435817.9123964
9,10011,0.31586867570877075,0.4829030797101449,1786435818.0010638
9,10012,0.2930363118648529,0.48362691960252935,1786435818.0904627
9,10013,0.4400278925895691,0.4834459459459459,1786435818.1796815
9,10014,0.337350070476532,0.4838274932614555,1786435818.2689674
9,10015,0.3381589353084564,0.4831989247311828,1786435818.3584397
9,10016,0.35376325249671936,0.48313226094727435,1786435818.446923
9,10017,0.3823263347148895,0.48273172905525846,1786435818.535355
9,10018,0.43641018867492676,0.48277777777777775,1786435818.6243165
9,10019,0.6858602166175842,0.48193705673758863,1786435818.7128422
9,10020,0.2637574076652527,0.4824270557029178,1786435818.8009691
9,10021,0.24782362580299377,0.48302469135802467,1786435818.8903878
9,10022,0.3558030426502228,0.4827396657871592,1786435818.978547
9,10023,0.46812009811401367,0.4820175438596491,1786435819.0679843
9,10024,0.29514622688293457,0.4827209098862642,1786435819.1563451
9,10025,0.35141274333000183,0.4826570680628272,1786435819.2485642
9,10026,0.4492085576057434,0.48281114012184506,1786435819.3380463
9,10027,0.2858603000640869,0.4830729166666667,1786435819.4267375
9,10028,0.2575052082538605,0.4836580086580087,1786435819.5151076
9,10029,0.2350195348262787,0.4840241796200345,1786435819.6039045
9,10030,0.38516759872436523,0.4844961240310077,1786435819.6962717
9,10031,0.3411646783351898,0.4839991408934708,1786435819.788053
9,10032,0.4035228490829468,0.4838260497000857,1786435819.876875
9,10033,0.29941338300704956,0.4844017094017094,1786435819.9649851
9,10034,0.4656727910041809,0.48358908780903664,1786435820.0537372
9,10035,0.34959492087364197,0.4836309523809524,1786435820.14459
9,10036,0.4413290023803711,0.48314249363867684,1786435820.2348225
9,10037,0.1913396269083023,0.4825507614213198,1786435820.3233747
9,10038,0.26865333318710327,0.4830168776371308,1786435820.4108262
9,10039,0.47976207733154297,0.4828493265993266,1786435820.4994023
9,10040,0.6158419847488403,0.48268261964735515,1786435820.5887077
9,10041,0.36257028579711914,0.48199329983249584,1786435820.6790428
9,10042,0.4995914697647095,0.48214285714285715,1786435820.7726097
9,10043,0.47616785764694214,0.4822916666666667,1786435820.8615015
9,10044,0.503958523273468,0.48171238570241065,1786435820.9503827
9,10045,0.4240415692329407,0.4818615257048093,1786435821.0485773
9,10046,0.35892489552497864,0.48180314309346567,1786435821.1378834
9,10047,0.36692672967910767,0.4823638613861386,1786435821.2264538
9,10048,0.43690556287765503,0.4823045267489712,1786435821.314263
9,10049,0.23584789037704468,0.4825533661740558,1786435821.402549
9,10050,0.232206329703331,0.483005733005733,1786435821.491153
9,10051,0.35474351048469543,0.4831495098039216,1786435821.5793056
9,10052,0.4454772174358368,0.4832925835370823,1786435821.6679442
9,10053,0.4352952539920807,0.4834349593495935,1786435821.755229
9,10054,0.2786625921726227,0.4839821573398216,1786435821.8467004
9,10055,0.39896130561828613,0.4842233009708738,1786435821.935526
9,10056,0.4976028800010681,0.48476594027441483,1786435822.0252652
9,10057,0.29043659567832947,0.4841988727858293,1786435822.115642
9,10058,0.2598319947719574,0.48463855421686747,1786435822.204753
9,10059,0.24467642605304718,0.483974358974359,1786435822.293513
9,10060,0.37701863050460815,0.4846123101518785,1786435822.3815572
9,10061,0.31466567516326904,0.4840510366826156,1786435822.4705226
9,10062,0.28463947772979736,0.48418854415274465,1786435822.5599139
9,10063,0.28404420614242554,0.4843253968253968,1786435822.6480074
9,10064,0.3604627549648285,0.48475851148060173,1786435822.736782
9,10065,0.3182784616947174,0.4849921011058452,1786435822.825393
9,10066,0.32082998752593994,0.4852245862884161,1786435822.9140704
9,10067,0.6783705353736877,0.48447327044025157,1786435823.0053504
9,10068,0.31942498683929443,0.48480392156862745,1786435823.0932152
9,10069,0.3835441768169403,0.484839593114241,1786435823.1837761
9,10070,0.3755934238433838,0.4847775175644028,1786435823.2720718
9,10071,0.4208955764770508,0.48539719626168226,1786435823.36196
9,10072,0.3085901439189911,0.48562548562548563,1786435823.4502435
9,10073,0.34246426820755005,0.48565891472868217,1786435823.5396495
9,10074,0.4865815043449402,0.48578886310904873,1786435823.627532
9,10075,0.4494374990463257,0.48562885802469136,1786435823.7155964
9,10076,0.3264923691749573,0.4860469591993841,1786435823.804142
9,10077,0.4975563883781433,0.4861751152073733,1786435823.8937075
9,10078,0.3042592406272888,0.48659003831417624,1786435823.9875607
9,10079,0.4531821608543396,0.4864296636085627,1786435824.081097
9,10080,0.498736709356308,0.4856979405034325,1786435824.1753142
9,10081,0.36773112416267395,0.4857305936073059,1786435824.2683818
9,10082,0.33590757846832275,0.4858580106302202,1786435824.36836
9,10083,0.2468327283859253,0.4863636363636364,1786435824.4566853
9,10084,0.41887471079826355,0.48630007558578986,1786435824.5451014
9,10085,0.38160911202430725,0.48651960784313725,1786435824.6393385
9,10086,0.3738665282726288,0.4865500376222724,1786435824.7324855
9,10087,0.5014100670814514,0.4860172672672673,1786435824.8233666
9,10088,0.5080275535583496,0.4853932584269663,1786435824.912426
9,10089,0.556883692741394,0.4854260089686099,1786435825.0012052
9,10090,0.3386736512184143,0.48592468307233405,1786435825.0893323
9,10091,0.5753476619720459,0.48623511904761907,1786435825.1804519
9,10092,0.4484376907348633,0.4862657757980698,1786435825.271143
9,10093,0.5562001466751099,0.48638888888888887,1786435825.3608952
9,10094,0.608663022518158,0.4859571322985957,1786435825.4503462
9,10095,0.218821719288826,0.48654129793510326,1786435825.5381083
9,10096,0.3701285719871521,0.48684694628403236,1786435825.6283338
9,10097,0.7291419506072998,0.486417033773862,1786435825.7188964
9,10098,0.329301655292511,0.48635531135531135,1786435825.8086421
9,10099,0.48401689529418945,0.4862938596491228,1786435825.897189
9,10100,0.23538507521152496,0.48568563092633116,1786435825.9865277
9,10101,0.7712941765785217,0.485716885007278,1786435826.074963
9,10102,0.38801226019859314,0.4852941176470588,1786435826.165393
9,10103,0.6729263067245483,0.48487318840579713,1786435826.2544484
9,10104,0.49267080426216125,0.4849060014461316,1786435826.3441916
9,10105,0.45777881145477295,0.4852994227994228,1786435826.4414027
9,10106,0.3195606470108032,0.4853311735061195,1786435826.5301888
9,10107,0.34631067514419556,0.48554238505747127,1786435826.6197793
9,10108,0.6626912951469421,0.4850358422939068,1786435826.7092698
9,10109,0.5757628679275513,0.48506795422031473,1786435826.7970264
9,10110,0.6109145283699036,0.4842969307637402,1786435826.885921
9,10111,0.42325615882873535,0.4844195156695157,1786435826.974506
9,10112,0.609473466873169,0.4841862117981521,1786435827.064114
9,10113,0.578261137008667,0.48404255319148937,1786435827.1535428
9,10114,0.4195244312286377,0.4844302901627742,1786435827.245732
9,10115,0.5749661326408386,0.4846398305084746,1786435827.3349464
9,10116,0.5752599239349365,0.4843199436222692,1786435827.4251115
9,10117,0.4992094039916992,0.48461673699015473,1786435827.5140579
9,10118,0.40260303020477295,0.4842105263157895,1786435827.6074188
9,10119,0.34373950958251953,0.4840686274509804,1786435827.696327
9,10120,0.38143134117126465,0.48340321453529,1786435827.7857878
9,10121,0.39649394154548645,0.4830020920502092,1786435827.875238
9,10122,0.33965685963630676,0.48312456506610996,1786435827.9636726
9,10123,0.31608763337135315,0.4834201388888889,1786435828.051502
9,10124,0.34493446350097656,0.4836278586278586,1786435828.1395192
9,10125,0.3738551139831543,0.4841804979253112,1786435828.227811
9,10126,0.4605552554130554,0.48421325051759834,1786435828.3185759
9,10127,0.2868223786354065,0.484418044077135,1786435828.4104874
9,10128,0.270677387714386,0.4847938144329897,1786435828.4981818
9,10129,0.31282269954681396,0.484139231824417,1786435828.5864854
9,10130,0.33855485916137695,0.4844284736481862,1786435828.6745958
9,10131,0.38838282227516174,0.48352117486338797,1786435828.7633188
9,10132,0.3529145419597626,0.4837252897068848,1786435828.852264
9,10133,0.3041762709617615,0.48418367346938773,1786435828.9403634
9,10134,0.3360676169395447,0.4843007467752885,1786435829.0284743
9,10135,0.3908791244029999,0.48467140921409213,1786435829.1179466
9,10136,0.5109182000160217,0.48436443542934415,1786435829.2066913
9,10137,0.4918065071105957,0.48372132253711203,1786435829.2950752
9,10138,0.21456380188465118,0.4845117845117845,1786435829.3826716
9,10139,0.35568660497665405,0.48462701612903225,1786435829.4714081
9,10140,0.5020328164100647,0.4844064386317907,1786435829.5594542
9,10141,0.28285297751426697,0.48443775100401604,1786435829.6478636
9,10142,0.28493809700012207,0.4840514362057448,1786435829.7361922
9,10143,0.2885335385799408,0.4841666666666667,1786435829.824425
9,10144,0.313387006521225,0.48444777112441784,1786435829.9131768
9,10145,0.5180193781852722,0.4844787516600266,1786435830.0011249
9,10146,0.2549945116043091,0.484012591119947,1786435830.0897644
9,10147,0.5771483778953552,0.48330026455026454,1786435830.178679
9,10148,0.33733493089675903,0.4834983498349835,1786435830.2670853
9,10149,0.28548383712768555,0.4839426877470356,1786435830.3545961
9,10150,0.42407238483428955,0.48405654174884943,1786435830.4434664
9,10151,0.34009110927581787,0.4838418635170604,1786435830.5323598
9,10152,0.49227195978164673,0.48362802881466926,1786435830.6202393
9,10153,0.3753789961338043,0.48390522875816994,1786435830.7082362
9,10154,0.27438655495643616,0.4840182648401826,1786435830.7968621
9,10155,0.4459294080734253,0.4845377604166667,1786435830.8852034
9,10156,0.31406253576278687,0.48464912280701755,1786435830.9731553
9,10157,0.35556137561798096,0.48516536964980544,1786435831.0619776
9,10158,0.5748010277748108,0.4854368932038835,1786435831.1512845
9,10159,0.32955917716026306,0.48570736434108525,1786435831.239358
9,10160,0.5486177206039429,0.4852514506769826,1786435831.3279636
9,10161,0.27845510840415955,0.4856016731016731,1786435831.4158208
9,10162,0.32908526062965393,0.48562941554271033,1786435831.5041316
9,10163,0.31402644515037537,0.4855769230769231,1786435831.5926392
9,10164,0.27844810485839844,0.4860044785668586,1786435831.6799252
9,10165,0.34593793749809265,0.4853927203065134,1786435831.7688823
9,10166,0.3639516532421112,0.48565965583174,1786435831.8564305
9,10167,0.6145539283752441,0.48520992366412213,1786435831.9450777
9,10168,0.5838860273361206,0.48468253968253966,1786435832.0334828
9,10169,0.4171968698501587,0.48494930291508237,1786435832.1225383
9,10170,0.6394941210746765,0.4847406704617331,1786435832.2114136
9,10171,0.5517621040344238,0.48429608585858586,1786435832.3003848
9,10172,0.3828975558280945,0.4843257718966604,1786435832.3904698
9,10173,0.23250824213027954,0.48474842767295595,1786435832.4783638
9,10174,0.3120464086532593,0.4844632768361582,1786435832.5734038
9,10175,0.30615806579589844,0.48472744360902253,1786435832.6661286
9,10176,0.4286686182022095,0.4842870544090056,1786435832.763205
9,10177,0.43895697593688965,0.48369225967540574,1786435832.8641548
9,10178,0.280962198972702,0.4839563862928349,1786435832.9631543
9,10179,0.5542171597480774,0.48390858208955223,1786435833.0577211
9,10180,0.4546370208263397,0.4840937306021105,1786435833.1520622
9,10181,0.4024735689163208,0.4837360594795539,1786435833.2628882
9,10182,0.43806588649749756,0.4840754483611627,1786435833.358506
9,10183,0.43685364723205566,0.4844907407407407,1786435833.4517262
9,10184,0.44713500142097473,0.48436537276648184,1786435833.5418136
9,10185,0.40823179483413696,0.4839329643296433,1786435833.630558
9,10186,0.26116302609443665,0.4841927562922038,1786435833.7350554
9,10187,0.5836322903633118,0.48360906862745096,1786435833.8282344
9,10188,0.3325413167476654,0.48363914373088684,1786435833.9198234
9,10189,0.445500910282135,0.48305860805860806,1786435834.008338
9,10190,0.29479295015335083,0.4834704448507008,1786435834.09644
9,10191,0.3680371940135956,0.4828923357664234,1786435834.1851218
9,10192,0.45110639929771423,0.48261991499696416,1786435834.2784474
9,10193,0.3667140305042267,0.48287878787878785,1786435834.3675025
9,10194,0.48042434453964233,0.48321234119782214,1786435834.455394
9,10195,0.3688957095146179,0.48331823671497587,1786435834.543091
9,10196,0.29302021861076355,0.483499095840868,1786435834.6362638
9,10197,0.37535354495048523,0.48300240673886885,1786435834.727911
9,10198,0.31669992208480835,0.48333333333333334,1786435834.821613
9,10199,0.46332255005836487,0.48306354916067146,1786435834.9152787
9,10200,0.4283505082130432,0.4833183722321963,1786435835.0064712
9,10201,0.39957302808761597,0.48342293906810035,1786435835.1038625
9,10202,0.39077940583229065,0.48345259391771017,1786435835.202526
9,10203,0.28689470887184143,0.48348214285714286,1786435835.2997196
9,10204,0.33694732189178467,0.48343731431966724,1786435835.3915472
9,10205,0.3100387156009674,0.4830960854092527,1786435835.4874918
9,10206,0.4882497489452362,0.48327412670219067,1786435835.5815146
9,10207,0.34053224325180054,0.4835254137115839,1786435835.6810606
9,10208,0.5218311548233032,0.4828171091445428,1786435835.7721786
9,10209,0.5152141451835632,0.4824793875147232,1786435835.8637629
9,10210,0.37250620126724243,0.4825837742504409,1786435835.953911
9,10211,0.28771576285362244,0.4827611502347418,1786435836.0535936
9,10212,0.36174291372299194,0.4828646748681898,1786435836.1489608
9,10213,0.30316418409347534,0.4828216374269006,1786435836.2448869
9,10214,0.49275094270706177,0.4823409223584355,1786435836.3453104
9,10215,0.42094844579696655,0.48229895104895104,1786435836.4344854
9,10216,0.3595160245895386,0.4825479930191972,1786435836.5256016
9,10217,0.3938811719417572,0.4827961672473868,1786435836.615367
9,10218,0.3150855600833893,0.48297101449275365,1786435836.7070196
9,10219,0.35283708572387695,0.48314525462962965,1786435836.796411
9,10220,0.5802517533302307,0.48331889081455803,1786435836.88622
9,10221,0.6712953448295593,0.48327566320645904,1786435836.9761517
9,10222,0.3015938997268677,0.48272884283246975,1786435837.0663016
9,10223,0.3406851589679718,0.48304597701149427,1786435837.156805
9,10224,0.28301945328712463,0.4832185886402754,1786435837.2453604
9,10225,0.491990864276886,0.48267468499427263,1786435837.3350039
9,10226,0.35692131519317627,0.48313321898227557,1786435837.4291656
9,10227,0.2916978597640991,0.483162100456621,1786435837.5194328
9,10228,0.3652673065662384,0.4825498575498576,1786435837.608188
9,10229,0.35868313908576965,0.4820108077360637,1786435837.6976023
9,10230,0.4139706790447235,0.4820414537194776,1786435837.7858548
9,10231,0.39393407106399536,0.48235544217687076,1786435837.8736708
9,10232,0.46808773279190063,0.48238539898132426,1786435837.96281
9,10233,0.26512742042541504,0.48283898305084744,1786435838.0504224
9,10234,0.35613054037094116,0.48286802030456855,1786435838.1396399
9,10235,0.344066321849823,0.4830377252252252,1786435838.2297735
9,10236,0.32772839069366455,0.4832771219786397,1786435838.3203747
9,10237,0.281832218170166,0.4833754208754209,1786435838.4094658
9,10238,0.5743556022644043,0.4834733893557423,1786435838.4984665
9,10239,0.30020850896835327,0.4836409395973154,1786435838.5882766
9,10240,0.2633102238178253,0.48394751535455055,1786435838.678153
9,10241,0.41817882657051086,0.48404403567447046,1786435838.7672346
9,10242,0.36384984850883484,0.484070673344463,1786435838.858288
9,10243,0.34816619753837585,0.4842361111111111,1786435838.9485903
9,10244,0.3217419385910034,0.4844009983361065,1786435839.0384767
9,10245,0.46594271063804626,0.484703765227021,1786435839.1283677
9,10246,0.6490349769592285,0.48445273631840796,1786435839.2183034
9,10247,0.2946229875087738,0.48468543046357615,1786435839.3080606
9,10248,0.32008683681488037,0.48464187327823693,1786435839.3979988
9,10249,0.41930675506591797,0.48494224422442245,1786435839.487607
9,10250,0.4254438877105713,0.48517298187808894,1786435839.5768516
9,10251,0.21481896936893463,0.4856770833333333,1786435839.6668665
9,10252,0.39070257544517517,0.48556376573617954,1786435839.75589
9,10253,0.38868722319602966,0.4850409836065574,1786435839.8456492
9,10254,0.285757452249527,0.48520185488270595,1786435839.934262
9,10255,0.30487677454948425,0.48543028322440085,1786435840.024195
9,10256,0.27562761306762695,0.48586188145731374,1786435840.1140027
9,10257,0.24293339252471924,0.4852741585233442,1786435840.2051332
9,10258,0.3566853404045105,0.48462059620596204,1786435840.2991478
9,10259,0.30312633514404297,0.48484848484848486,1786435840.3872304
9,10260,0.5868624448776245,0.48500810372771475,1786435840.4768937
9,10261,0.27205443382263184,0.48509978425026967,1786435840.5656078
9,10262,0.25799012184143066,0.4853257942918686,1786435840.6551163
9,10263,0.2743584215641022,0.48561827956989245,1786435840.7452698
9,10264,0.570989191532135,0.48544015029522275,1786435840.8343759
9,10265,0.3838934898376465,0.4855305466237942,1786435840.9227343
9,10266,0.2465161234140396,0.48575441412520065,1786435841.0104718
9,10267,0.4193861186504364,0.48604433760683763,1786435841.1000373
9,10268,0.3979717493057251,0.486,1786435841.189083
9,10269,0.34309855103492737,0.4860223642172524,1786435841.2770107
9,10270,0.42404091358184814,0.48597820308346623,1786435841.36548
9,10271,0.5086285471916199,0.4854033970276008,1786435841.4546847
9,10272,0.3241945505142212,0.4856253312135665,1786435841.542623
9,10273,0.26564905047416687,0.48597883597883595,1786435841.6329746
9,10274,0.3780387341976166,0.48619915478077125,1786435841.7247372
9,10275,0.47333091497421265,0.48595727848101267,1786435841.8135595
9,10276,0.3361937701702118,0.4863744075829384,1786435841.901806
9,10277,0.26508787274360657,0.48665878023133546,1786435841.989963
9,10278,0.2820426821708679,0.4869422572178478,1786435842.082908
9,10279,0.2321164757013321,0.4872248427672956,1786435842.170856
9,10280,0.32984453439712524,0.4867216117216117,1786435842.260299
9,10281,0.38729366660118103,0.48621995820271685,1786435842.3497407
9,10282,0.23935818672180176,0.4865023474178404,1786435842.4481063
9,10283,0.3292430639266968,0.48684895833333336,1786435842.5466518
9,10284,0.5773887038230896,0.48667446697867917,1786435842.6356795
9,10285,0.2945161759853363,0.48701973001038423,1786435842.7316868
9,10286,0.34926724433898926,0.4871047174701918,1786435842.8216574
9,10287,0.4049513638019562,0.48731884057971014,1786435842.9148796
9,10288,0.3033792972564697,0.4877260981912145,1786435843.003033
9,10289,0.3958775997161865,0.48780959752321984,1786435843.1017451
9,10290,0.6081529855728149,0.4875064399793921,1786435843.1958694
9,10291,0.4558601379394531,0.4870756172839506,1786435843.2943084
9,10292,0.40903544425964355,0.48651771956856704,1786435843.384367
9,10293,0.5142045021057129,0.48596153846153844,1786435843.4740875
9,10294,0.2947051227092743,0.4863031233998976,1786435843.5644612
9,10295,0.3098023235797882,0.4864519427402863,1786435843.6651645
9,10296,0.3276739716529846,0.48660030627871365,1786435843.7536464
9,10297,0.23048898577690125,0.4869393476044852,1786435843.8498542
9,10298,0.363894522190094,0.48689567430025443,1786435843.9466813
9,10299,0.295885294675827,0.4871697154471545,1786435844.0442312
9,10300,0.3786665201187134,0.4873795027904617,1786435844.1411707
9,10301,0.43344947695732117,0.4868920972644377,1786435844.2333298
9,10302,0.7160938382148743,0.48621648963075365,1786435844.3232915
9,10303,0.28393301367759705,0.48566919191919194,1786435844.412561
9,10304,0.2865944504737854,0.4857539082198689,1786435844.501436
9,10305,0.288269966840744,0.48571248741188316,1786435844.5984843
9,10306,0.3065829873085022,0.48592257415786827,1786435844.6902983
9,10307,0.32112181186676025,0.48531626506024095,1786435844.7938519
9,10308,0.4119243323802948,0.4849624060150376,1786435844.8939507
9,10309,0.2361820638179779,0.48454704704704704,1786435844.9832208
9,10310,0.399407297372818,0.48450774612693653,1786435845.080099
9,10311,0.4140375256538391,0.4845933133732535,1786435845.1712945
9,10312,0.45980462431907654,0.4847409068261086,1786435845.2659779
9,10313,0.2911933362483978,0.4850124378109453,1786435845.3716807
9,10314,0.2703903913497925,0.4853452558370591,1786435845.4694476
9,10315,0.26671478152275085,0.4857390873015873,1786435845.5708857
9,10316,0.4983060956001282,0.4856364536899455,1786435845.6633196
9,10317,0.3275579512119293,0.48590504451038574,1786435845.762912
9,10318,0.2824825644493103,0.48617283950617285,1786435845.8560822
9,10319,0.36644449830055237,0.48613165680473375,1786435845.954087
9,10320,0.6063741445541382,0.48584441161989167,1786435846.05859
9,10321,0.3725256025791168,0.4859882005899705,1786435846.1507137
9,10322,0.3595629036426544,0.48600883652430044,1786435846.2504334
9,10323,0.4763297736644745,0.4860906862745098,1786435846.3441224
9,10324,0.24046634137630463,0.4863558492413118,1786435846.4317296
9,10325,0.2879301905632019,0.4866813294232649,1786435846.5201025
9,10326,0.43810829520225525,0.48657881893606636,1786435846.6115937
9,10327,0.2860049307346344,0.4868421052631579,1786435846.7122545
9,10328,0.42762741446495056,0.4867396593673966,1786435846.804868
9,10329,0.2445211559534073,0.4871234207968902,1786435846.8932817
9,10330,0.46655356884002686,0.48683891314895683,1786435846.983263
9,10331,0.29049673676490784,0.48703972868217055,1786435847.071882
9,10332,0.3883327543735504,0.48717948717948717,1786435847.1687038
9,10333,0.3925405740737915,0.4871376811594203,1786435847.2579114
9,10334,0.6790883541107178,0.48721659430776654,1786435847.356095
9,10335,0.2599642872810364,0.48759633911368017,1786435847.451607
9,10336,0.2811117172241211,0.4878547378547379,1786435847.5525944
9,10337,0.26999327540397644,0.488052353506244,1786435847.646138
9,10338,0.43823617696762085,0.4880695443645084,1786435847.734486
9,10339,0.33944398164749146,0.48814655172413796,1786435847.8224163
9,10340,0.48863208293914795,0.4882831181252989,1786435847.9207342
9,10341,0.2503732442855835,0.4887177650429799,1786435848.0087318
9,10342,0.2628522217273712,0.48891273247496425,1786435848.1086519
9,10343,0.508542001247406,0.4888690476190476,1786435848.2033627
9,10344,0.3316556513309479,0.4890632429862102,1786435848.3018265
9,10345,0.3864053785800934,0.48901946818613484,1786435848.393586
9,10346,0.31781530380249023,0.48862019914651494,1786435848.4848654
9,10347,0.4142320454120636,0.48881392045454547,1786435848.585911
9,10348,0.3398102819919586,0.48877068557919623,1786435848.684033
9,10349,0.6083218455314636,0.4886685552407932,1786435848.774268
9,10350,0.6533645391464233,0.4884488448844885,1786435848.870517
9,10351,0.310753732919693,0.488641713747646,1786435848.9599102
9,10352,0.22061088681221008,0.4881875881523272,1786435849.0500195
9,10353,0.2510281801223755,0.48843896713615026,1786435849.147632
9,10354,0.2709314823150635,0.48874824191279886,1786435849.249803
9,10355,0.26932257413864136,0.488998127340824,1786435849.3415852
9,10356,0.3353338837623596,0.4893057503506311,1786435849.441446
9,10357,0.3085472583770752,0.48885387488328663,1786435849.5394194
9,10358,0.35811007022857666,0.4891025641025641,1786435849.6285615
9,10359,0.7562270164489746,0.4888268156424581,1786435849.7236476
9,10360,0.5776489973068237,0.48866806136680613,1786435849.812387
9,10361,0.5761765837669373,0.4883356545961003,1786435849.9071763
9,10362,0.25358209013938904,0.4883518776077886,1786435850.0046449
9,10363,0.2634262442588806,0.4884837962962963,1786435850.0923193
9,10364,0.4478710889816284,0.4886731391585761,1786435850.1802578
9,10365,0.3004138171672821,0.48834256694367495,1786435850.273906
9,10366,0.33025655150413513,0.488531581373905,1786435850.361489
9,10367,0.4582061171531677,0.4886049723756906,1786435850.4500656
9,10368,0.3285420536994934,0.48867816091954025,1786435850.5389607
9,10369,0.6676727533340454,0.48863636363636365,1786435850.6352017
9,10370,0.7338151335716248,0.4885373681797341,1786435850.7288105
9,10371,0.3181712031364441,0.4882669413919414,1786435850.8224025
9,10372,0.29910632967948914,0.48856881572930955,1786435850.9162648
9,10373,0.5493443608283997,0.48881278538812784,1786435851.00968
9,10374,0.39397132396698,0.488828089375285,1786435851.102523
9,10375,0.4275517463684082,0.48901411657559196,1786435851.1996107
9,10376,0.5106134414672852,0.48880172805820826,1786435851.2879064
9,10377,0.36048659682273865,0.4889305177111717,1786435851.3848405
9,10378,0.3944656550884247,0.4890589569160998,1786435851.4727924
9,10379,0.3205384910106659,0.4891304347826087,1786435851.5619571
9,10380,0.2709025740623474,0.48925825418362734,1786435851.6503158
9,10381,0.27624818682670593,0.48899051490514905,1786435851.7407572
9,10382,0.3406534194946289,0.4890617952187641,1786435851.8329625
9,10383,0.31199052929878235,0.4893581081081081,1786435851.9273837
9,10384,0.40512746572494507,0.48942869995501576,1786435852.020678
9,10385,0.4590536057949066,0.48961141060197666,1786435852.1141834
9,10386,0.2555551528930664,0.48968147151188873,1786435852.2078393
9,10387,0.3569663465023041,0.4897513440860215,1786435852.3020098
9,10388,0.3779965937137604,0.4899888143176734,1786435852.4030032
9,10389,0.3101420998573303,0.49011394101876676,1786435852.506347
9,10390,0.37673428654670715,0.49040606871932174,1786435852.6005173
9,10391,0.3655882775783539,0.4903631907308378,1786435852.693334
9,10392,0.5771180987358093,0.49004227859368044,1786435852.7871075
9,10393,0.40081077814102173,0.4897222222222222,1786435852.8802207
9,10394,0.503470242023468,0.4898468708388815,1786435852.9724987
9,10395,0.37592560052871704,0.4901374113475177,1786435853.0643704
9,10396,0.5009645819664001,0.4902058432934927,1786435853.1596463
9,10397,0.5106095671653748,0.490053050397878,1786435853.252207
9,10398,0.38637682795524597,0.48984547461368655,1786435853.3444953
9,10399,0.5673726201057434,0.48974867724867727,1786435853.4382389
9,10400,0.37584197521209717,0.48992734478203437,1786435853.5321238
9,10401,0.302900105714798,0.4901055408970976,1786435853.6251016
9,10402,0.4008938670158386,0.4902832674571805,1786435853.7175066
9,10403,0.3591354787349701,0.49029605263157894,1786435853.8114033
9,10404,0.4174486994743347,0.49008979413053,1786435853.903761
9,10405,0.35301071405410767,0.4897747156605424,1786435853.9967418
9,10406,0.4560660421848297,0.4898427260812582,1786435854.088727
9,10407,0.31372642517089844,0.49012870855148344,1786435854.1818027
9,10408,0.47582292556762695,0.4900871459694989,1786435854.2737434
9,10409,0.3045526146888733,0.49015448215839863,1786435854.3669908
9,10410,0.5162097811698914,0.49022164276401564,1786435854.4604983
9,10411,0.49063652753829956,0.4898003472222222,1786435854.558354
9,10412,0.2979910969734192,0.49003034243606414,1786435854.650785
9,10413,0.41402357816696167,0.4900974025974026,1786435854.7527795
9,10414,0.3824949562549591,0.48989407695633375,1786435854.845103
9,10415,0.3904426693916321,0.4899071675302245,1786435854.946249
9,10416,0.2803214192390442,0.49029754204398446,1786435855.0399292
9,10417,0.32743221521377563,0.49041774332472005,1786435855.1344357
9,10418,0.38198795914649963,0.4905913978494624,1786435855.2279255
9,10419,0.3575366139411926,0.49071091065292094,1786435855.318629
9,10420,0.29896780848503113,0.4909373659373659,1786435855.410105
9,10421,0.46128761768341064,0.4910025706940874,1786435855.502165
9,10422,0.3401291072368622,0.49096063329054346,1786435855.5940254
9,10423,0.20772391557693481,0.491292735042735,1786435855.6862152
9,10424,0.29582679271698,0.4913572343149808,1786435855.7772384
9,10425,0.4842070937156677,0.49142156862745096,1786435855.8688223
9,10426,0.2837171256542206,0.4911132396764581,1786435855.9625545
9,10427,0.3013145327568054,0.4914965986394558,1786435856.0547595
9,10428,0.340332567691803,0.4916135881104034,1786435856.1472025
9,10429,0.4919312000274658,0.49157124681933845,1786435856.2418177
9,10430,0.3999408483505249,0.4911584074544684,1786435856.3364713
9,10431,0.3687598705291748,0.4913811336717428,1786435856.4329123
9,10432,0.28098064661026,0.49123362906632867,1786435856.521905
9,10433,0.4437416195869446,0.4913502109704641,1786435856.6186452
9,10434,0.43931955099105835,0.49099241466498106,1786435856.718595
9,10435,0.2819095849990845,0.491266835016835,1786435856.8130348
9,10436,0.3651588559150696,0.4916456494325347,1786435856.9013815
9,10437,0.4075019359588623,0.49149874055415615,1786435856.997197
9,10438,0.3487434983253479,0.49171907756813416,1786435857.0858796
9,10439,0.40131354331970215,0.49157244556113905,1786435857.180667
9,10440,0.637729823589325,0.4915307402760351,1786435857.274619
9,10441,0.67057204246521,0.49107142857142855,1786435857.36356
9,10442,0.552221953868866,0.4907175636211932,1786435857.460685
9,10443,0.5268933773040771,0.49078125,1786435857.5491877
9,10444,0.3132724165916443,0.4909488139825218,1786435857.6372063
9,10445,0.4391808807849884,0.49096009975062344,1786435857.7340107
9,10446,0.3381003737449646,0.49102324616023246,1786435857.8318703
9,10447,0.29082536697387695,0.4911898839137645,1786435857.9217322
9,10448,0.49661609530448914,0.4908385093167702,1786435858.0122032
9,10449,0.2563994228839874,0.4911600496277916,1786435858.1003833
9,10450,0.47135603427886963,0.49080958281701775,1786435858.1886826
9,10451,0.4005211293697357,0.4905631188118812,1786435858.2768743
9,10452,0.3713107705116272,0.4907292954264524,1786435858.3651097
9,10453,0.3675576448440552,0.49079218106995887,1786435858.4607663
9,10454,0.27997681498527527,0.4910090423345664,1786435858.5582957
9,10455,0.4875348210334778,0.49122536945812806,1786435858.6466665
9,10456,0.2734981179237366,0.49128741287412875,1786435858.7442455
9,10457,0.3083152174949646,0.4914004914004914,1786435858.8334513
9,10458,0.2728981375694275,0.49166666666666664,1786435858.9307735
9,10459,0.40858134627342224,0.4913705065359477,1786435859.0244792
9,10460,0.309927761554718,0.49117707058343535,1786435859.1139643
9,10461,0.6205966472625732,0.49093317033414835,1786435859.203161
9,10462,0.5593138933181763,0.49068986568986567,1786435859.2918403
9,10463,0.4453584551811218,0.49080284552845527,1786435859.3814702
9,10464,0.3702515959739685,0.49086479902557856,1786435859.4703155
9,10465,0.7436413168907166,0.4905717761557178,1786435859.5596342
9,10466,0.26656484603881836,0.4905832320777643,1786435859.649098
9,10467,0.24372681975364685,0.49044296116504854,1786435859.7378585
9,10468,0.31419864296913147,0.49005050505050507,1786435859.8288565
9,10469,0.3176676034927368,0.49001210653753025,1786435859.9175377
9,10470,0.3086700439453125,0.49027609834744057,1786435860.0058475
9,10471,0.3687925338745117,0.490438808373591,1786435860.093578
9,10472,0.30360284447669983,0.4899477281865702,1786435860.1830804
9,10473,0.28619250655174255,0.49016064257028114,1786435860.2710156
9,10474,0.4347201883792877,0.49027276373846773,1786435860.359519
9,10475,0.2763473391532898,0.49043469551282054,1786435860.4480796
9,10476,0.5840284824371338,0.49044617847138855,1786435860.5366898
9,10477,0.33128517866134644,0.49055755395683454,1786435860.6246529
9,10478,0.3602895736694336,0.4908183632734531,1786435860.7134573
9,10479,0.43741315603256226,0.49092902711323766,1786435860.8023725
9,10480,0.35360825061798096,0.49118876941457584,1786435860.8904612
9,10481,0.36451059579849243,0.49129872712808276,1786435860.9781227
9,10482,0.3908643126487732,0.4912097735399285,1786435861.0660753
9,10483,0.29443982243537903,0.49087301587301585,1786435861.1561315
9,10484,0.26140066981315613,0.49103250099088386,1786435861.244683
9,10485,0.3022706210613251,0.4910926365795725,1786435861.3344758
9,10486,0.3428974747657776,0.49075721629102415,1786435861.4306436
9,10487,0.3318673372268677,0.4909656398104265,1786435861.520455
9,10488,0.5085838437080383,0.49097633136094676,1786435861.6103063
9,10489,0.35531681776046753,0.49118400315208827,1786435861.7050064
9,10490,0.4185376763343811,0.49139118457300274,1786435861.7939065
9,10491,0.29974886775016785,0.49169614779874216,1786435861.8820744
9,10492,0.4729149341583252,0.49185316058107575,1786435861.971603
9,10493,0.3119436204433441,0.4919117647058823,1786435862.0697494
9,10494,0.723082959651947,0.4917254210732472,1786435862.1593986
9,10495,0.6269705295562744,0.49153951486697967,1786435862.2497075
9,10496,0.4105561077594757,0.49135404454865184,1786435862.3384204
9,10497,0.3214016854763031,0.49121779859484777,1786435862.4378622
9,10498,0.2934173345565796,0.4909844054580897,1786435862.5313697
9,10499,0.35021716356277466,0.490946261682243,1786435862.6265602
9,10500,0.21121840178966522,0.49042201478024117,1786435862.7235212
9,10501,0.3296950161457062,0.49053030303030304,1786435862.8114355
9,10502,0.3514373302459717,0.49058983313930926,1786435862.9094486
9,10503,0.5741821527481079,0.49064922480620154,1786435863.002259
9,10504,0.7006924152374268,0.490418118466899,1786435863.103146
9,10505,0.3208905756473541,0.4899941995359629,1786435863.2009685
9,10506,0.3968355357646942,0.4900540749324063,1786435863.3001194
9,10507,0.3397108316421509,0.4896797839506173,1786435863.3972633
9,10508,0.33341360092163086,0.4894990366088632,1786435863.4858375
9,10509,0.23476195335388184,0.4898479599692071,1786435863.5728235
9,10510,0.2626817226409912,0.48990772779700115,1786435863.6600177
9,10511,0.30421948432922363,0.49001536098310294,1786435863.7509906
9,10512,0.4336097240447998,0.49002685078634445,1786435863.8431292
9,10513,0.270458459854126,0.4900383141762452,1786435863.936658
9,10514,0.3093988001346588,0.4900497512437811,1786435864.0244107
9,10515,0.34959277510643005,0.4901567278287462,1786435864.1109135
9,10516,0.31553909182548523,0.49026345933562426,1786435864.2000847
9,10517,0.3951210081577301,0.490036231884058,1786435864.2920156
9,10518,0.3873833119869232,0.4901904761904762,1786435864.3820329
9,10519,0.365200936794281,0.4902016742770167,1786435864.4689605
9,10520,0.2843289077281952,0.4903553781832003,1786435864.5555613
9,10521,0.31676554679870605,0.49060364464692485,1786435864.6418567
9,10522,0.3513393998146057,0.49075654152445963,1786435864.728401
9,10523,0.3575422167778015,0.4908617424242424,1786435864.8146625
9,10524,0.2937423288822174,0.4909194097616345,1786435864.9025826
9,10525,0.3397441804409027,0.4906462585034014,1786435864.9902756
9,10526,0.3232525885105133,0.4903265383163458,1786435865.0781105
9,10527,0.37738192081451416,0.49033748114630465,1786435865.164618
9,10528,0.35551759600639343,0.49048964218455743,1786435865.2510834
9,10529,0.40855637192726135,0.49059443190368696,1786435865.3385768
9,10530,0.3956202566623688,0.49065201052236,1786435865.425103
10,10531,0.35014408826828003,0.4166666666666667,1786435871.4787304
10,10532,0.4973653256893158,0.5833333333333334,1786435871.585538
10,10533,0.4262000322341919,0.4583333333333333,1786435871.6852498
10,10534,0.24574905633926392,0.53125,1786435871.7847896
10,10535,0.4114111363887787,0.5,1786435871.8927884
10,10536,0.6070184707641602,0.4861111111111111,1786435872.0064561
10,10537,0.3928643763065338,0.5178571428571429,1786435872.1167648
10,10538,0.3504161238670349,0.5208333333333334,1786435872.213195
10,10539,0.5548210144042969,0.5185185185185185,1786435872.3107922
10,10540,0.5428211688995361,0.4875,1786435872.426159
10,10541,0.6309595108032227,0.4962121212121212,1786435872.5321698
10,10542,0.5083988904953003,0.4861111111111111,1786435872.6248298
10,10543,0.3155762553215027,0.5,1786435872.7207332
10,10544,0.2951837182044983,0.5059523809523809,1786435872.814566
10,10545,0.37156420946121216,0.5166666666666667,1786435872.9061015
10,10546,0.5060029029846191,0.5260416666666666,1786435872.9948092
10,10547,0.2901339530944824,0.5098039215686274,1786435873.0833771
10,10548,0.2934432327747345,0.5138888888888888,1786435873.1723917
10,10549,0.4076979160308838,0.5153508771929824,1786435873.2604053
10,10550,0.38316500186920166,0.525,1786435873.3484864
10,10551,0.33699655532836914,0.5376984126984127,1786435873.4370575
10,10552,0.3671705722808838,0.5435606060606061,1786435873.524686
10,10553,0.39436957240104675,0.5271739130434783,1786435873.6137483
10,10554,0.5692340135574341,0.5121527777777778,1786435873.7023256
10,10555,0.7011370658874512,0.5116666666666667,1786435873.791941
10,10556,0.3501666784286499,0.5096153846153846,1786435873.8795533
10,10557,0.3804849088191986,0.5138888888888888,1786435873.9683256
10,10558,0.5529191493988037,0.5014880952380952,1786435874.0618212
10,10559,0.47337856888771057,0.5028735632183908,1786435874.154898
10,10560,0.3309217393398285,0.5125,1786435874.2574277
10,10561,0.30632996559143066,0.5174731182795699,1786435874.351522
10,10562,0.4729148745536804,0.5091145833333334,1786435874.4482205
10,10563,0.4501657783985138,0.5088383838383839,1786435874.5502534
10,10564,0.3490440249443054,0.5122549019607843,1786435874.6512513
10,10565,0.30326712131500244,0.5023809523809524,1786435874.745163
10,10566,0.3610546886920929,0.5057870370370371,1786435874.8456554
10,10567,0.40784361958503723,0.5078828828828829,1786435874.9393675
10,10568,0.336679607629776,0.5087719298245614,1786435875.0279922
10,10569,0.39381495118141174,0.5106837606837606,1786435875.1245508
10,10570,0.6422356367111206,0.5020833333333333,1786435875.2208784
10,10571,0.41615596413612366,0.4969512195121951,1786435875.3234131
10,10572,0.3071983754634857,0.5,1786435875.422555
10,10573,0.25400853157043457,0.5058139534883721,1786435875.5115159
10,10574,0.3175394535064697,0.5085227272727273,1786435875.598916
10,10575,0.3761838376522064,0.5018518518518519,1786435875.691135
10,10576,0.32256191968917847,0.5036231884057971,1786435875.7890832
10,10577,0.5751248598098755,0.5070921985815603,1786435875.8804674
10,10578,0.33887985348701477,0.5060763888888888,1786435875.9737527
10,10579,0.290230929851532,0.5093537414965986,1786435876.0654943
10,10580,0.5315908193588257,0.5025,1786435876.1673355
10,10581,0.3520522713661194,0.5024509803921569,1786435876.2695012
10,10582,0.28652670979499817,0.5032051282051282,1786435876.3578453
10,10583,0.43564915657043457,0.5047169811320755,1786435876.4487264
10,10584,0.4061691462993622,0.4984567901234568,1786435876.5367324
10,10585,0.2847509980201721,0.4954545454545455,1786435876.626949
10,10586,0.29835835099220276,0.49851190476190477,1786435876.7155397
10,10587,0.33532947301864624,0.49122807017543857,1786435876.8042073
10,10588,0.35832875967025757,0.492816091954023,1786435876.8919399
10,10589,0.4797629117965698,0.4879943502824859,1786435876.9804163
10,10590,0.31928908824920654,0.48819444444444443,1786435877.069529
10,10591,0.21617376804351807,0.4924863387978142,1786435877.1571965
10,10592,0.37311068177223206,0.48588709677419356,1786435877.2462356
10,10593,0.314786434173584,0.4794973544973545,1786435877.3350806
10,10594,0.19518111646175385,0.4837239583333333,1786435877.4235773
10,10595,0.2590908110141754,0.4858974358974359,1786435877.5114083
10,10596,0.28370559215545654,0.48863636363636365,1786435877.599467
10,10597,0.6303501129150391,0.48880597014925375,1786435877.688763
10,10598,0.3576955497264862,0.4877450980392157,1786435877.7771637
10,10599,0.3082446753978729,0.49033816425120774,1786435877.8655646
10,10600,0.3641866147518158,0.4869047619047619,1786435877.9547415
10,10601,0.25008243322372437,0.482981220657277,1786435878.0439868
10,10602,0.37549158930778503,0.4861111111111111,1786435878.1325362
10,10603,0.7076522707939148,0.4840182648401826,1786435878.221864
10,10604,0.3342105448246002,0.4786036036036036,1786435878.310009
10,10605,0.3649424910545349,0.4811111111111111,1786435878.399389
10,10606,0.3607780933380127,0.48135964912280704,1786435878.4867954
10,10607,0.2880145311355591,0.47673160173160173,1786435878.5752118
10,10608,0.2555069327354431,0.4780982905982906,1786435878.6634963
10,10609,0.2677041292190552,0.4810126582278481,1786435878.7525709
10,10610,0.3989573121070862,0.48385416666666664,1786435878.8420632
10,10611,0.299357533454895,0.485082304526749,1786435878.93051
10,10612,0.2445218414068222,0.48272357723577236,1786435879.019252
10,10613,0.3736841678619385,0.482429718875502,1786435879.1081524
10,10614,0.381536602973938,0.47867063492063494,1786435879.197966
10,10615,0.3523912727832794,0.48137254901960785,1786435879.2863104
10,10616,0.32146260142326355,0.48352713178294576,1786435879.3749075
10,10617,0.3478440046310425,0.4846743295019157,1786435879.4629238
10,10618,0.47397151589393616,0.4810606060606061,1786435879.551843
10,10619,0.32858413457870483,0.4789325842696629,1786435879.6409347
10,10620,0.25278913974761963,0.4810185185185185,1786435879.7288451
10,10621,0.31523847579956055,0.4826007326007326,1786435879.8160765
10,10622,0.4133848547935486,0.4832427536231884,1786435879.9042614
10,10623,0.39409124851226807,0.48566308243727596,1786435879.9919467
10,10624,0.39614227414131165,0.487145390070922,1786435880.0803337
10,10625,0.37836331129074097,0.4885964912280702,1786435880.1680706
10,10626,0.6108200550079346,0.4861111111111111,1786435880.257617
10,10627,0.4226991534233093,0.48668384879725085,1786435880.3471286
10,10628,0.4151144027709961,0.4885204081632653,1786435880.4348571
10,10629,0.2821018695831299,0.4911616161616162,1786435880.5325851
10,10630,0.3661738634109497,0.49166666666666664,1786435880.6198626
10,10631,0.3399100601673126,0.4884488448844885,1786435880.7086234
10,10632,0.2989506423473358,0.49019607843137253,1786435880.8006763
10,10633,0.7418109774589539,0.49029126213592233,1786435880.8889422
10,10634,0.37442103028297424,0.4891826923076923,1786435880.9774506
10,10635,0.273379921913147,0.48928571428571427,1786435881.0658517
10,10636,0.4043580889701843,0.4893867924528302,1786435881.1549342
10,10637,0.25845959782600403,0.49065420560747663,1786435881.2438774
10,10638,0.300484836101532,0.4888117283950617,1786435881.332185
10,10639,0.27524206042289734,0.4919724770642202,1786435881.4207764
10,10640,0.27719518542289734,0.49393939393939396,1786435881.509442
10,10641,0.29566577076911926,0.49024024024024027,1786435881.5985947
10,10642,0.4593745470046997,0.48921130952380953,1786435881.6876688
10,10643,0.5261452794075012,0.48746312684365783,1786435881.7765763
10,10644,0.3906360864639282,0.48830409356725146,1786435881.8641276
10,10645,0.36022627353668213,0.4894927536231884,1786435881.9564695
10,10646,0.28123244643211365,0.49137931034482757,1786435882.0440874
10,10647,0.4394773542881012,0.49216524216524216,1786435882.132202
10,10648,0.3378989100456238,0.4939971751412429,1786435882.220925
10,10649,0.26869693398475647,0.49089635854341734,1786435882.3103793
10,10650,0.2826322913169861,0.4895833333333333,1786435882.399978
10,10651,0.27160027623176575,0.49173553719008267,1786435882.4889357
10,10652,0.246445894241333,0.492827868852459,1786435882.5767186
10,10653,0.28241202235221863,0.4942411924119241,1786435882.6652484
10,10654,0.3102528154850006,0.4956317204301075,1786435882.7540276
10,10655,0.38269665837287903,0.49633333333333335,1786435882.843279
10,10656,0.41410815715789795,0.49437830687830686,1786435882.931847
10,10657,0.3793066740036011,0.4944225721784777,1786435883.019875
10,10658,0.39389678835868835,0.494140625,1786435883.1085262
10,10659,0.2054038643836975,0.4951550387596899,1786435883.197941
10,10660,0.2938210368156433,0.4935897435897436,1786435883.2864058
10,10661,0.34604617953300476,0.49395674300254455,1786435883.374223
10,10662,0.2596547603607178,0.4946338383838384,1786435883.462593
10,10663,0.22810611128807068,0.49592731829573933,1786435883.5502717
10,10664,0.2633572518825531,0.49657960199004975,1786435883.6392355
10,10665,0.3380913734436035,0.4941358024691358,1786435883.7279685
10,10666,0.3584509491920471,0.4950980392156863,1786435883.8158376
10,10667,0.23815856873989105,0.49635036496350365,1786435883.904027
10,10668,0.22604627907276154,0.49818840579710144,1786435883.9923315
10,10669,0.3194480836391449,0.49940047961630696,1786435884.0807958
10,10670,0.3909328579902649,0.4979166666666667,1786435884.1695275
10,10671,0.3604157567024231,0.49822695035460995,1786435884.2572167
10,10672,0.2867048382759094,0.49911971830985913,1786435884.3451183
10,10673,0.28459250926971436,0.497960372960373,1786435884.4343858
10,10674,0.6070086359977722,0.49710648148148145,1786435884.522608
10,10675,0.5792871713638306,0.4959770114942529,1786435884.61122
10,10676,0.35561758279800415,0.4937214611872146,1786435884.7006078
10,10677,0.34042611718177795,0.4943310657596372,1786435884.7889373
10,10678,0.5587267875671387,0.49268018018018017,1786435884.8773417
10,10679,0.29599201679229736,0.49384787472035796,1786435884.9658713
10,10680,0.36787310242652893,0.495,1786435885.0539849
10,10681,0.39937537908554077,0.4955849889624724,1786435885.1446836
10,10682,0.3066864311695099,0.4975328947368421,1786435885.2404585
10,10683,0.6230522394180298,0.49618736383442263,1786435885.3352244
10,10684,0.4468178153038025,0.4945887445887446,1786435885.424733
10,10685,0.763062059879303,0.4932795698924731,1786435885.5146646
10,10686,0.353130966424942,0.49198717948717946,1786435885.6039104
10,10687,0.29425209760665894,0.49256900212314225,1786435885.692815
10,10688,0.36098718643188477,0.4899789029535865,1786435885.7853186
10,10689,0.5109723806381226,0.48951781970649894,1786435885.873904
10,10690,0.47255754470825195,0.48932291666666666,1786435885.962766
10,10691,0.30548495054244995,0.48990683229813664,1786435886.0526705
10,10692,0.23554231226444244,0.49151234567901236,1786435886.1408074
10,10693,0.3145841360092163,0.4918200408997955,1786435886.2302985
10,10694,0.3175032138824463,0.4926321138211382,1786435886.3181243
10,10695,0.5264117121696472,0.49242424242424243,1786435886.4069932
10,10696,0.44911301136016846,0.49221887550200805,1786435886.4958792
10,10697,0.44531136751174927,0.49226546906187624,1786435886.5845053
10,10698,0.4246586561203003,0.49330357142857145,1786435886.6732624
10,10699,0.4103383719921112,0.4943293885601578,1786435886.7612975
10,10700,0.4785127341747284,0.4931372549019608,1786435886.8491158
10,10701,0.3800274133682251,0.4909844054580897,1786435886.937661
10,10702,0.3844403922557831,0.49176356589147285,1786435887.0270438
10,10703,0.29541438817977905,0.49253371868978807,1786435887.1151588
10,10704,0.4803308844566345,0.491139846743295,1786435887.204626
10,10705,0.4459660053253174,0.49166666666666664,1786435887.2938435
10,10706,0.22001385688781738,0.4895833333333333,1786435887.3825104
10,10707,0.3085767924785614,0.4898775894538606,1786435887.472345
10,10708,0.37336575984954834,0.4901685393258427,1786435887.5614858
10,10709,0.28398215770721436,0.4909217877094972,1786435887.649915
10,10710,0.4041591286659241,0.4888888888888889,1786435887.7387295
10,10711,0.32544657588005066,0.48987108655616945,1786435887.8276818
10,10712,0.34274253249168396,0.489010989010989,1786435887.9157798
10,10713,0.29853731393814087,0.48975409836065575,1786435888.0057435
10,10714,0.3047071397304535,0.4902626811594203,1786435888.100102
10,10715,0.3731755316257477,0.48986486486486486,1786435888.1929538
10,10716,0.3694916367530823,0.49126344086021506,1786435888.2865689
10,10717,0.5490512251853943,0.4910873440285205,1786435888.3822236
10,10718,0.36211591958999634,0.48936170212765956,1786435888.4822896
10,10719,0.4845069944858551,0.4896384479717813,1786435888.575112
10,10720,0.2609294652938843,0.4905701754385965,1786435888.6687903
10,10721,0.32008227705955505,0.4906195462478185,1786435888.7573237
10,10722,0.35648390650749207,0.4908854166666667,1786435888.8558764
10,10723,0.36993756890296936,0.4889896373056995,1786435888.9486265
10,10724,0.3106986880302429,0.4879725085910653,1786435889.05595
10,10725,0.4319626986980438,0.48846153846153845,1786435889.1595857
10,10726,0.7855424880981445,0.48681972789115646,1786435889.257069
10,10727,0.35870757699012756,0.48752115059221657,1786435889.3574626
10,10728,0.2664034366607666,0.4880050505050505,1786435889.446191
10,10729,0.4413062036037445,0.48743718592964824,1786435889.5412438
10,10730,0.2694711685180664,0.48604166666666665,1786435889.6400142
10,10731,0.5217633843421936,0.4859038142620232,1786435889.736156
10,10732,0.2440241128206253,0.48473597359735976,1786435889.8389406
10,10733,0.24726812541484833,0.4850164203612479,1786435889.9360986
10,10734,0.24243807792663574,0.4861111111111111,1786435890.0332754
10,10735,0.4114140272140503,0.48577235772357724,1786435890.1276476
10,10736,0.2788861095905304,0.48624595469255666,1786435890.2227657
10,10737,0.44310516119003296,0.4853059581320451,1786435890.3139746
10,10738,0.5196988582611084,0.48497596153846156,1786435890.4163823
10,10739,0.32937291264533997,0.483652312599681,1786435890.5106845
10,10740,0.3698924779891968,0.4853174603174603,1786435890.603312
10,10741,0.3232307434082031,0.4861769352290679,1786435890.703664
10,10742,0.2967050075531006,0.48702830188679247,1786435890.7940502
10,10743,0.2824701964855194,0.4876760563380282,1786435890.8935578
10,10744,0.22925111651420593,0.4889018691588785,1786435890.9824874
10,10745,0.23289354145526886,0.49011627906976746,1786435891.0767946
10,10746,0.39698582887649536,0.49151234567901236,1786435891.1787677
10,10747,0.3603672981262207,0.4913594470046083,1786435891.2662346
10,10748,0.3178371489048004,0.49178134556574926,1786435891.362606
10,10749,0.3053782880306244,0.4927701674277017,1786435891.4646502
10,10750,0.6393824815750122,0.4914772727272727,1786435891.5527282
10,10751,0.537845253944397,0.49189291101055804,1786435891.6416798
10,10752,0.34867629408836365,0.4924924924924925,1786435891.7377288
10,10753,0.31512245535850525,0.49196562032884905,1786435891.8372214
10,10754,0.5599969625473022,0.49181547619047616,1786435891.9348567
10,10755,0.5504463911056519,0.49037037037037035,1786435892.0234253
10,10756,0.31788039207458496,0.4885693215339233,1786435892.1132221
10,10757,0.5159784555435181,0.4880690161527166,1786435892.2098749
10,10758,0.38190269470214844,0.4868421052631579,1786435892.3103933
10,10759,0.39160898327827454,0.4868995633187773,1786435892.4134436
10,10760,0.315921425819397,0.48731884057971014,1786435892.5147784
10,10761,0.31773316860198975,0.48593073593073594,1786435892.6047838
10,10762,0.3611949682235718,0.4858117816091954,1786435892.6951587
10,10763,0.6917396187782288,0.4855150214592275,1786435892.7884712
10,10764,0.3046923279762268,0.4859330484330484,1786435892.8770208
10,10765,0.31420114636421204,0.4851063829787234,1786435892.9663355
10,10766,0.328855037689209,0.4853460451977401,1786435893.0593424
10,10767,0.30960988998413086,0.48575949367088606,1786435893.1528926
10,10768,0.3465620279312134,0.4842436974789916,1786435893.2470033
10,10769,0.4454881250858307,0.4829149232914923,1786435893.3417487
10,10770,0.26057159900665283,0.4840277777777778,1786435893.4337332
10,10771,0.2828995883464813,0.4828838174273859,1786435893.531476
10,10772,0.5793585181236267,0.48329889807162535,1786435893.6242054
10,10773,0.39241671562194824,0.48233882030178327,1786435893.7214944
10,10774,0.6287531852722168,0.4812158469945355,1786435893.8149943
10,10775,0.19595971703529358,0.48112244897959183,1786435893.917055
10,10776,0.40300485491752625,0.4811991869918699,1786435894.0121617
10,10777,0.3860633373260498,0.48228744939271256,1786435894.1065147
10,10778,0.30801594257354736,0.48118279569892475,1786435894.2084188
10,10779,0.46248140931129456,0.48075635876840694,1786435894.3005517
10,10780,0.6817015409469604,0.48,1786435894.400133
10,10781,0.43849343061447144,0.4807436918990704,1786435894.5004742
10,10782,0.29902762174606323,0.48131613756613756,1786435894.591902
10,10783,0.4916020631790161,0.4813899868247694,1786435894.69041
10,10784,0.2581118047237396,0.4822834645669291,1786435894.7798078
10,10785,0.27897942066192627,0.48284313725490197,1786435894.8773394
10,10786,0.3955981135368347,0.4832356770833333,1786435894.970911
10,10787,0.3933027386665344,0.48313878080415046,1786435895.0677223
10,10788,0.29753828048706055,0.4843346253229974,1786435895.158195
10,10789,0.36314713954925537,0.48503861003861004,1786435895.2494643
10,10790,0.29019397497177124,0.4858974358974359,1786435895.338051
10,10791,0.3145616948604584,0.486749680715198,1786435895.427736
10,10792,0.41983264684677124,0.486323155216285,1786435895.5205173
10,10793,0.39609721302986145,0.48637515842839035,1786435895.6110015
10,10794,0.31899723410606384,0.4864267676767677,1786435895.7017758
10,10795,0.4272155165672302,0.4867924528301887,1786435895.7938359
10,10796,0.437468945980072,0.48699874686716793,1786435895.8850405
10,10797,0.40594592690467834,0.4867353308364544,1786435895.9754212
10,10798,0.28220874071121216,0.48740671641791045,1786435896.063538
10,10799,0.4400346577167511,0.4868339529120198,1786435896.1518176
10,10800,0.3603367805480957,0.48703703703703705,1786435896.239604
10,10801,0.38257285952568054,0.4870848708487085,1786435896.3274493
10,10802,0.2636755704879761,0.48621323529411764,1786435896.4183142
10,10803,0.8492988348007202,0.48565323565323565,1786435896.5115623
10,10804,0.42130863666534424,0.4854014598540146,1786435896.6027052
10,10805,0.57375168800354,0.48484848484848486,1786435896.6918213
10,10806,0.4002397060394287,0.485054347826087,1786435896.7803528
10,10807,0.35703620314598083,0.4855595667870036,1786435896.8793104
10,10808,0.19612285494804382,0.48666067146282976,1786435896.9686027
10,10809,0.25602033734321594,0.4873058542413381,1786435897.0584688
10,10810,0.35770246386528015,0.4876488095238095,1786435897.1561189
10,10811,0.3089534640312195,0.488582443653618,1786435897.2487893
10,10812,0.4852471947669983,0.48877068557919623,1786435897.3378456
10,10813,0.4247299134731293,0.4879269729093051,1786435897.4279678
10,10814,0.3100256621837616,0.488556338028169,1786435897.517996
10,10815,0.2936567962169647,0.48874269005847953,1786435897.6059034
10,10816,0.35923832654953003,0.48921911421911424,1786435897.6965456
10,10817,0.32538366317749023,0.4898373983739837,1786435897.787956
10,10818,0.4519779086112976,0.49016203703703703,1786435897.8789582
10,10819,0.4269426167011261,0.4903402537485582,1786435897.9718413
10,10820,0.26635855436325073,0.49051724137931035,1786435898.061668
10,10821,0.27732160687446594,0.4911225658648339,1786435898.150497
10,10822,0.4856443405151367,0.4907248858447489,1786435898.2387717
10,10823,0.49123573303222656,0.4901877133105802,1786435898.32798
10,10824,0.40060025453567505,0.49121315192743764,1786435898.4177306
10,10825,0.2677394449710846,0.49166666666666664,1786435898.5068295
10,10826,0.3542737662792206,0.49197635135135137,1786435898.5954964
10,10827,0.48962974548339844,0.4925645342312009,1786435898.6840577
10,10828,0.27910566329956055,0.4928691275167785,1786435898.7717917
10,10829,0.38911640644073486,0.4935897435897436,1786435898.8634593
10,10830,0.4123896360397339,0.4934722222222222,1786435898.95744
10,10831,0.33394643664360046,0.4939091915836102,1786435899.0567744
10,10832,0.35321763157844543,0.4940673289183223,1786435899.1492941
10,10833,0.3453451097011566,0.4947744774477448,1786435899.2398376
10,10834,0.3959847092628479,0.4947916666666667,1786435899.3285844
10,10835,0.38296860456466675,0.4941256830601093,1786435899.421456
10,10836,0.3906938433647156,0.4948257080610022,1786435899.512719
10,10837,0.38023272156715393,0.495385450597177,1786435899.604566
10,10838,0.43716809153556824,0.4952651515151515,1786435899.6940725
10,10839,0.3750011920928955,0.49581984897518877,1786435899.7836897
10,10840,0.29890644550323486,0.49489247311827955,1786435899.8722708
10,10841,0.33536389470100403,0.49437299035369775,1786435899.9639318
10,10842,0.44781383872032166,0.49452457264957267,1786435900.0573218
10,10843,0.30002474784851074,0.4946751863684771,1786435900.1504204
10,10844,0.33665451407432556,0.4948248407643312,1786435900.2423596
10,10845,0.4140833020210266,0.49523809523809526,1786435900.3309803
10,10846,0.35423511266708374,0.49485759493670883,1786435900.419479
10,10847,0.7304392457008362,0.4952681388012618,1786435900.5090206
10,10848,0.2703084349632263,0.4954140461215933,1786435900.598245
10,10849,0.3431676924228668,0.49582027168234066,1786435900.6881826
10,10850,0.3139367997646332,0.4962239583333333,1786435900.7840917
10,10851,0.3516828417778015,0.49623572170301145,1786435900.8742735
10,10852,0.3478105962276459,0.49611801242236025,1786435900.9699092
10,10853,0.5948299169540405,0.49574303405572756,1786435901.0615234
10,10854,0.3388504087924957,0.49588477366255146,1786435901.1501522
10,10855,0.4729572534561157,0.4957692307692308,1786435901.2446039
10,10856,0.2951503098011017,0.49616564417177916,1786435901.3429031
10,10857,0.2936651110649109,0.4968144750254842,1786435901.4400995
10,10858,0.34523534774780273,0.4969512195121951,1786435901.5379283
10,10859,0.3277733325958252,0.4969604863221885,1786435901.6264575
10,10860,0.3050548732280731,0.4973484848484849,1786435901.7148337
10,10861,0.3471282124519348,0.49798590130916415,1786435901.8030777
10,10862,0.5627520084381104,0.49849397590361444,1786435901.8919876
10,10863,0.4466697573661804,0.4983733733733734,1786435901.9797013
10,10864,0.42486539483070374,0.49750499001996007,1786435902.0691814
10,10865,0.4132584035396576,0.497636815920398,1786435902.162357
10,10866,0.25882411003112793,0.498015873015873,1786435902.2547367
10,10867,0.3856886923313141,0.4981454005934718,1786435902.3513997
10,10868,0.3367672562599182,0.4982741617357002,1786435902.450146
10,10869,0.32935795187950134,0.4974188790560472,1786435902.5405412
10,10870,0.38594597578048706,0.4963235294117647,1786435902.629847
10,10871,0.42450717091560364,0.49682306940371457,1786435902.7193017
10,10872,0.4167117476463318,0.496588693957115,1786435902.8083403
10,10873,0.46570125222206116,0.49550534499514093,1786435902.9017086
10,10874,0.3798079788684845,0.4958817829457364,1786435902.9989324
10,10875,0.2335430383682251,0.4964975845410628,1786435903.0916464
10,10876,0.3054856061935425,0.49542389210019266,1786435903.1820514
10,10877,0.4462296664714813,0.49543707973102785,1786435903.272367
10,10878,0.2858735918998718,0.4956896551724138,1786435903.3720887
10,10879,0.37633129954338074,0.49510506208213945,1786435903.4755044
10,10880,0.4963621497154236,0.4951190476190476,1786435903.5755868
10,10881,0.41629427671432495,0.49537037037037035,1786435903.6699626
10,10882,0.40636366605758667,0.49585700757575757,1786435903.759503
10,10883,0.3284270763397217,0.49610481586402266,1786435903.8521395
10,10884,0.28635114431381226,0.4967043314500942,1786435903.9545941
10,10885,0.3987525701522827,0.49671361502347416,1786435904.0446706
10,10886,0.35850685834884644,0.4970739700374532,1786435904.1449454
10,10887,0.2644254267215729,0.49719887955182074,1786435904.2403371
10,10888,0.3157038986682892,0.4962756052141527,1786435904.328621
10,10889,0.5495409369468689,0.4958217270194986,1786435904.4180777
10,10890,0.3647022545337677,0.49502314814814813,1786435904.5085535
10,10891,0.2679695188999176,0.49549861495844877,1786435904.597253
10,10892,0.2850848138332367,0.49574125230202576,1786435904.6877367
10,10893,0.4023038148880005,0.4951790633608815,1786435904.780406
10,10894,0.2605031728744507,0.4953067765567766,1786435904.8728943
10,10895,0.33706891536712646,0.49554794520547946,1786435904.9631665
10,10896,0.4326764941215515,0.49578779599271405,1786435905.0507712
10,10897,0.27684929966926575,0.49613987284287014,1786435905.142009
10,10898,0.2614116370677948,0.4967164855072464,1786435905.2338006
10,10899,0.4377012848854065,0.49672538392050586,1786435905.3221886
10,10900,0.30960434675216675,0.4968468468468468,1786435905.410965
10,10901,0.41913023591041565,0.4967430368373765,1786435905.4996853
10,10902,0.472985178232193,0.49663978494623656,1786435905.5889475
10,10903,0.6545224189758301,0.49664879356568364,1786435905.6783462
10,10904,0.17905627191066742,0.49732620320855614,1786435905.7670844
10,10905,0.35811933875083923,0.49655555555555553,1786435905.8565607
10,10906,0.5709228515625,0.49589982269503546,1786435905.9458542
10,10907,0.3935791850090027,0.4959106984969054,1786435906.0349033
10,10908,0.3798395097255707,0.49514991181657847,1786435906.124834
10,10909,0.45739731192588806,0.49450307827616535,1786435906.2147155
10,10910,0.3556617498397827,0.49473684210526314,1786435906.304479
10,10911,0.2530801594257355,0.4955161854768154,1786435906.3947425
10,10912,0.30434781312942505,0.49596422338568935,1786435906.4841623
10,10913,0.4597252607345581,0.4956483899042646,1786435906.5725439
10,10914,0.33600732684135437,0.4959852430555556,1786435906.6612966
10,10915,0.34474894404411316,0.49502164502164503,1786435906.7509658
10,10916,0.5296837687492371,0.4943868739205527,1786435906.8401897
10,10917,0.30987492203712463,0.4945090439276486,1786435906.9296334
10,10918,0.2556661069393158,0.4947379725085911,1786435907.0182188
10,10919,0.7455607652664185,0.49421593830334193,1786435907.106742
10,10920,0.20198418200016022,0.4949786324786325,1786435907.1955552
10,10921,0.3417458236217499,0.49445865302642794,1786435907.285772
10,10922,0.3372959494590759,0.49383503401360546,1786435907.3786573
10,10923,0.43242335319519043,0.49406276505513147,1786435907.4699745
10,10924,0.4302140772342682,0.4938663282571912,1786435907.5599792
10,10925,0.28425294160842896,0.494620253164557,1786435907.6479576
10,10926,0.331943154335022,0.4938973063973064,1786435907.7373254
10,10927,0.28952157497406006,0.49433249370277077,1786435907.8288467
10,10928,0.5866069793701172,0.49424204355108875,1786435907.9205327
10,10929,0.29028722643852234,0.49373433583959897,1786435908.0223913
10,10930,0.33305925130844116,0.4940625,1786435908.1118102
10,10931,0.4960394501686096,0.4936616791354946,1786435908.205265
10,10932,0.4243752360343933,0.4942993366500829,1786435908.2952635
10,10933,0.4023379385471344,0.49421009098428453,1786435908.3861396
10,10934,0.37671032547950745,0.4943275577557756,1786435908.475377
10,10935,0.6943908929824829,0.4940329218106996,1786435908.5691435
10,10936,0.33389711380004883,0.4938423645320197,1786435908.6600244
10,10937,0.26745322346687317,0.4942669942669943,1786435908.7519732
10,10938,0.2154933512210846,0.49499591503267976,1786435908.8445861
10,10939,0.3614428639411926,0.49531377343113286,1786435908.9394324
10,10940,0.35257309675216675,0.4953252032520325,1786435909.0309258
10,10941,0.23866219818592072,0.4958434712084347,1786435909.1231213
10,10942,0.4603923559188843,0.4949433656957929,1786435909.2138634
10,10943,0.32024914026260376,0.4950564971751412,1786435909.302734
10,10944,0.3509022295475006,0.49557165861513686,1786435909.3918326
10,10945,0.29047396779060364,0.4958835341365462,1786435909.4811654
10,10946,0.3566488027572632,0.49599358974358976,1786435909.569051
10,10947,0.3921721279621124,0.49590327737809753,1786435909.6570413
10,10948,0.38276010751724243,0.49631180223285487,1786435909.7483537
10,10949,0.32299208641052246,0.4964200477326969,1786435909.838469
10,10950,0.2858318090438843,0.4969246031746032,1786435909.9321425
10,10951,0.4199044108390808,0.49663499604117184,1786435910.026924
10,10952,0.3724440634250641,0.4969391785150079,1786435910.1207836
10,10953,0.33761459589004517,0.49704491725768324,1786435910.211892
10,10954,0.47564226388931274,0.49665880503144655,1786435910.304671
10,10955,0.2953355610370636,0.4956862745098039,1786435910.3946278
10,10956,0.3787519335746765,0.49559859154929575,1786435910.484614
10,10957,0.4506800174713135,0.4958040593286495,1786435910.5752046
10,10958,0.2994533181190491,0.4963006230529595,1786435910.6647074
10,10959,0.30065008997917175,0.4967948717948718,1786435910.7527528
10,10960,0.3261861801147461,0.49709302325581395,1786435910.8411238
10,10961,0.3523310422897339,0.49719644238205724,1786435910.9299166
10,10962,0.6596133708953857,0.4966242283950617,1786435911.0193388
10,10963,0.7327505350112915,0.49672825250192454,1786435911.1085255
10,10964,0.36740970611572266,0.4958717357910906,1786435911.197597
10,10965,0.379962682723999,0.4959770114942529,1786435911.285975
10,10966,0.4219299852848053,0.4954128440366973,1786435911.3750248
10,10967,0.41266533732414246,0.4945652173913043,1786435911.4640255
10,10968,0.38387176394462585,0.4943873668188737,1786435911.5548694
10,10969,0.46507370471954346,0.49411541381928625,1786435911.64357
10,10970,0.2910139262676239,0.493655303030303,1786435911.7324264
10,10971,0.3597901463508606,0.4933862433862434,1786435911.8219435
10,10972,0.3552533686161041,0.49377828054298645,1786435911.9107625
10,10973,0.2583291232585907,0.49426260346124906,1786435911.9992254
10,10974,0.5561826825141907,0.49455705705705705,1786435912.0902023
10,10975,0.4286041259765625,0.4947565543071161,1786435912.1789813
10,10976,0.29520153999328613,0.49486173393124067,1786435912.2676678
10,10977,0.34320229291915894,0.4947800149142431,1786435912.3571799
10,10978,0.3910678029060364,0.4947916666666667,1786435912.4449735
10,10979,0.24893450736999512,0.49498886414253895,1786435912.5328362
10,10980,0.2620639204978943,0.4951851851851852,1786435912.6236203
10,10981,0.3237227499485016,0.49528824833702884,1786435912.7118568
10,10982,0.35850760340690613,0.49529867256637167,1786435912.8002977
10,10983,0.24923349916934967,0.4960448859455482,1786435912.8888738
10,10984,0.23669981956481934,0.4966960352422907,1786435912.984458
10,10985,0.37073779106140137,0.4967032967032967,1786435913.0746214
10,10986,0.36867135763168335,0.49607090643274854,1786435913.1641426
10,10987,0.376216322183609,0.4961706783369803,1786435913.2538433
10,10988,0.37129318714141846,0.49545123726346435,1786435913.3435597
10,10989,0.2659990191459656,0.4957334785766158,1786435913.432085
10,10990,0.3154033422470093,0.49592391304347827,1786435913.521396
10,10991,0.26299798488616943,0.4967462039045553,1786435913.6097841
10,10992,0.34182029962539673,0.49693362193362195,1786435913.6982849
10,10993,0.33328044414520264,0.49622030237580994,1786435913.78724
10,10994,0.3099006712436676,0.49622844827586204,1786435913.8759687
10,10995,0.4804985821247101,0.49551971326164873,1786435913.964738
10,10996,0.3879644572734833,0.49508226037195996,1786435914.0588427
10,10997,0.32870563864707947,0.49527123483226265,1786435914.153269
10,10998,0.3039766848087311,0.4954594017094017,1786435914.2459342
10,10999,0.36414167284965515,0.4955579246624023,1786435914.3352425
10,11000,0.5244032144546509,0.49539007092198584,1786435914.4233809
10,11001,0.28850916028022766,0.49566525123849964,1786435914.511803
10,11002,0.6557870507240295,0.4955861581920904,1786435914.6018429
10,11003,0.24373260140419006,0.4949788583509514,1786435914.6927671
10,11004,0.2884950637817383,0.4954289732770745,1786435914.7809477
10,11005,0.2938116788864136,0.4956140350877193,1786435914.868703
10,11006,0.28602924942970276,0.4958858543417367,1786435914.9568434
10,11007,0.41491761803627014,0.49589447938504544,1786435915.044905
10,11008,0.342470645904541,0.49607740585774057,1786435915.1336699
10,11009,0.6733818054199219,0.4953027139874739,1786435915.2225308
10,11010,0.423121839761734,0.4953125,1786435915.312304
10,11011,0.38720422983169556,0.4954088704088704,1786435915.4007623
10,11012,0.3058125972747803,0.4948997233748271,1786435915.4899797
10,11013,0.591377317905426,0.494824016563147,1786435915.5785787
10,11014,0.3637418746948242,0.4947486225895317,1786435915.6660411
10,11015,0.4670387804508209,0.49424398625429555,1786435915.7545643
10,11016,0.3142024576663971,0.49382716049382713,1786435915.8433692
10,11017,0.508404016494751,0.4934120465434634,1786435915.9323125
10,11018,0.27723750472068787,0.4937670765027322,1786435916.0207324
10,11019,0.36500340700149536,0.49412065439672803,1786435916.1093369
10,11020,0.309511661529541,0.49421768707482994,1786435916.1970296
10,11021,0.37021753191947937,0.49397488119484045,1786435916.2857668
10,11022,0.19529777765274048,0.494579945799458,1786435916.3745804
10,11023,0.28182440996170044,0.4950980392156863,1786435916.4626622
10,11024,0.32354313135147095,0.49527665317139,1786435916.5509439
10,11025,0.720493733882904,0.4946127946127946,1786435916.639672
10,11026,0.33766764402389526,0.49420362903225806,1786435916.72947
10,11027,0.3336588740348816,0.494382964453387,1786435916.817946
10,11028,0.2269766628742218,0.49464524765729584,1786435916.9080517
10,11029,0.23365259170532227,0.49498997995991983,1786435916.997516
10,11030,0.2819410264492035,0.4955,1786435917.0857995
10,11031,0.546252429485321,0.49550898203592814,1786435917.1752357
10,11032,0.2848973870277405,0.49593293492695883,1786435917.264458
10,11033,0.39011991024017334,0.4958581842279655,1786435917.353198
10,11034,0.5555872917175293,0.4957010582010582,1786435917.4427438
10,11035,0.20993731915950775,0.4962046204620462,1786435917.5316935
10,11036,0.5821726322174072,0.4958827404479578,1786435917.6215107
10,11037,0.2668767273426056,0.4964661406969099,1786435917.7104108
10,11038,0.5280253887176514,0.4955708661417323,1786435917.7996547
10,11039,0.43808650970458984,0.4955795677799607,1786435917.8879054
10,11040,0.3327920138835907,0.49493464052287583,1786435917.9761598
10,11041,0.5044817328453064,0.4942922374429224,1786435918.065011
10,11042,0.3261064291000366,0.4943033854166667,1786435918.152834
10,11043,0.3504243791103363,0.49455815464587394,1786435918.2404623
10,11044,0.4188378155231476,0.49489299610894943,1786435918.3289902
10,11045,0.3848504424095154,0.49506472491909387,1786435918.4203994
10,11046,0.48510634899139404,0.49531653746770027,1786435918.5151284
10,11047,0.2813432514667511,0.49492263056092844,1786435918.6077557
10,11048,0.3180558383464813,0.4954954954954955,1786435918.7036033
10,11049,0.2948463559150696,0.4960661528580604,1786435918.7966988
10,11050,0.6283870339393616,0.49567307692307694,1786435918.890318
10,11051,0.30566754937171936,0.49560140754958415,1786435918.9811115
10,11052,0.5147907733917236,0.49560983397190295,1786435919.0755095
10,11053,0.29815050959587097,0.4958572339069471,1786435919.168438
10,11054,0.40442126989364624,0.4957856234096692,1786435919.2613962
10,11055,0.24171411991119385,0.4963492063492064,1786435919.3504524
10,11056,0.33558961749076843,0.49675221799746516,1786435919.4389033
10,11057,0.6247783899307251,0.49667931688804556,1786435919.5282555
10,11058,0.30922430753707886,0.49684343434343436,1786435919.617304
10,11059,0.3787228763103485,0.49661310649023316,1786435919.7095718
10,11060,0.34455886483192444,0.49583333333333335,1786435919.8035362
10,11061,0.33448389172554016,0.49591964846202136,1786435919.8962777
10,11062,0.43716681003570557,0.49624060150375937,1786435919.9863393
10,11063,0.32418039441108704,0.4961694809255785,1786435920.0772645
10,11064,0.4246620535850525,0.4957084893882647,1786435920.1710057
10,11065,0.6779952049255371,0.4957165109034268,1786435920.2594547
10,11066,0.595199704170227,0.49533582089552236,1786435920.3480918
10,11067,0.7376991510391235,0.49495654872749845,1786435920.438387
10,11068,0.4096549451351166,0.4944237918215613,1786435920.5280507
10,11069,0.3416931629180908,0.49435683364254795,1786435920.6163538
10,11070,0.30147212743759155,0.49483024691358024,1786435920.7035682
10,11071,0.33817631006240845,0.4953789279112754,1786435920.7934237
10,11072,0.31963181495666504,0.4957718327183272,1786435920.8860276
10,11073,0.3555354177951813,0.4958563535911602,1786435920.9788866
10,11074,0.46674248576164246,0.4960171568627451,1786435921.0697935
10,11075,0.2596895694732666,0.4963302752293578,1786435921.1573226
10,11076,0.4484209418296814,0.4958028083028083,1786435921.2456656
10,11077,0.2881304621696472,0.4954296160877514,1786435921.3341274
10,11078,0.31396305561065674,0.49505778588807786,1786435921.4231107
10,11079,0.28031161427497864,0.49453551912568305,1786435921.5119863
10,11080,0.3447110652923584,0.49477272727272725,1786435921.6010916
10,11081,0.2693694233894348,0.4950846944948578,1786435921.6901703
10,11082,0.2711152136325836,0.4953955314009662,1786435921.7794921
10,11083,0.44495612382888794,0.4947257383966245,1786435921.8683662
10,11084,0.44317513704299927,0.4949608904933815,1786435921.9569616
10,11085,0.609323263168335,0.49421921921921924,1786435922.0457046
10,11086,0.39828717708587646,0.49348021582733814,1786435922.1348643
10,11087,0.49571913480758667,0.4931178934769599,1786435922.2237554
10,11088,0.24012520909309387,0.49350358422939067,1786435922.311841
10,11089,0.36785250902175903,0.4935152057245081,1786435922.3995879
10,11090,0.4696199893951416,0.49315476190476193,1786435922.4886105
10,11091,0.4175000786781311,0.49331550802139035,1786435922.5772588
10,11092,0.28587689995765686,0.49354982206405695,1786435922.6646175
10,11093,0.24323560297489166,0.4938573120189461,1786435922.7525287
10,11094,0.5164405703544617,0.4936465721040189,1786435922.8414938
10,11095,0.4496743679046631,0.49358407079646016,1786435922.9297063
10,11096,0.28654956817626953,0.49388987043580684,1786435923.0175595
10,11097,0.3512042462825775,0.49419459141681366,1786435923.1060169
10,11098,0.32657068967819214,0.49420481220657275,1786435923.1943638
10,11099,0.29652175307273865,0.49362917398945516,1786435923.2834601
10,11100,0.6237955689430237,0.4935672514619883,1786435923.372275
10,11101,0.5962649583816528,0.49365148861646235,1786435923.4616833
10,11102,0.42917126417160034,0.4938811188811189,1786435923.551062
10,11103,0.19334492087364197,0.4944735311227458,1786435923.6391733
10,11104,0.35776767134666443,0.49470092915214864,1786435923.7269585
10,11105,0.323058158159256,0.495,1786435923.815117
10,11106,0.45956698060035706,0.4945023148148148,1786435923.9036584
10,11107,0.32678863406181335,0.49472848064702485,1786435923.9912088
10,11108,0.3920649290084839,0.49430507497116494,1786435924.0801349
10,11109,0.3774104714393616,0.49431491076568795,1786435924.1683648
10,11110,0.29779618978500366,0.49439655172413793,1786435924.2570834
10,11111,0.34121522307395935,0.49419104991394147,1786435924.3463087
10,11112,0.2592494487762451,0.4947737686139748,1786435924.4351583
10,11113,0.35696321725845337,0.49478273299028014,1786435924.523624
10,11114,0.22012734413146973,0.4942208904109589,1786435924.6125784
10,11115,0.2392960786819458,0.4946581196581197,1786435924.7016814
10,11116,0.3217788636684418,0.4948805460750853,1786435924.7910888
10,11117,0.2644461393356323,0.4951731970471323,1786435924.8797858
10,11118,0.2751666009426117,0.4953939909297052,1786435924.9694564
10,11119,0.361688494682312,0.4947651386530843,1786435925.0583766
10,11120,0.36292487382888794,0.49413841807909603,1786435925.1467133
10,11121,0.3501541316509247,0.4941483361534123,1786435925.2357905
10,11122,0.25409120321273804,0.49451013513513514,1786435925.3239598
10,11123,0.5645285248756409,0.4945896571107364,1786435925.4124095
10,11124,0.3360762596130371,0.494668911335578,1786435925.499662
10,11125,0.2898281514644623,0.49488795518207285,1786435925.5887125
10,11126,0.25576886534690857,0.4951761744966443,1786435925.6770809
10,11127,0.6299670934677124,0.4953238414293691,1786435925.7660098
10,11128,0.536658763885498,0.4951923076923077,1786435925.8556378
10,11129,0.31009069085121155,0.4954785754034502,1786435925.943195
10,11130,0.41668570041656494,0.49541666666666667,1786435926.0323088
10,11131,0.3128267824649811,0.49556295063782585,1786435926.128692
10,11132,0.23152370750904083,0.49591638981173863,1786435926.2217531
10,11133,0.6828955411911011,0.49543946932006633,1786435926.320482
10,11134,0.22387468814849854,0.4956539735099338,1786435926.4177566
10,11135,0.34947875142097473,0.4959366391184573,1786435926.5050476
10,11136,0.34188079833984375,0.4960808580858086,1786435926.5976348
10,11137,0.30190563201904297,0.4963618890719385,1786435926.6908855
10,11138,0.5070815086364746,0.49588815789473684,1786435926.7908528
10,11139,0.5162898302078247,0.495415982484948,1786435926.8802204
10,11140,0.5410076379776001,0.4949453551912568,1786435926.9704583
10,11141,0.6372548937797546,0.4948172394980906,1786435927.0608366
10,11142,0.27549028396606445,0.4944852941176471,1786435927.153735
10,11143,0.40572798252105713,0.4945622620989668,1786435927.242712
10,11144,0.3945610225200653,0.49457111834962,1786435927.3396537
10,11145,0.4113534390926361,0.49464769647696477,1786435927.428127
10,11146,0.5215619802474976,0.4941829004329004,1786435927.518394
10,11147,0.2215888947248459,0.4937871420853593,1786435927.607601
10,11148,0.4667130708694458,0.49325782092772386,1786435927.6958752
10,11149,0.36378154158592224,0.4926628971459343,1786435927.7853076
10,11150,0.5056751370429993,0.49294354838709675,1786435927.8744023
10,11151,0.443862646818161,0.49315619967793883,1786435927.9624455
10,11152,0.25549519062042236,0.4935021436227224,1786435928.0508263
10,11153,0.28388285636901855,0.493713215623328,1786435928.1387947
10,11154,0.22538809478282928,0.49425747863247865,1786435928.2270405
10,11155,0.30559325218200684,0.4942666666666667,1786435928.3150263
10,11156,0.48371821641921997,0.4936767838125666,1786435928.4041188
10,11157,0.3734280467033386,0.4937533227006911,1786435928.4935503
10,11158,0.2576073110103607,0.4940286624203822,1786435928.5819435
10,11159,0.363522469997406,0.493706942236354,1786435928.67057
10,11160,0.21832141280174255,0.49404761904761907,1786435928.7595613
10,11161,0.4400944113731384,0.4943211833069202,1786435928.849131
10,11162,0.27597737312316895,0.49393459915611815,1786435928.9384046
10,11163,0.31891560554504395,0.4932859399684044,1786435929.0285993
10,11164,0.3314312696456909,0.49336225026288116,1786435929.1172535
10,11165,0.3729672133922577,0.49291338582677163,1786435929.206967
10,11166,0.3784003257751465,0.49292452830188677,1786435929.2955477
10,11167,0.35158097743988037,0.4928048142333857,1786435929.384295
10,11168,0.3455616533756256,0.49294670846394983,1786435929.4734545
10,11169,0.39210250973701477,0.4923056859676578,1786435929.5625477
10,11170,0.3125896453857422,0.4925130208333333,1786435929.6513367
10,11171,0.27786415815353394,0.49271970878835153,1786435929.7409012
10,11172,0.44806286692619324,0.49292575285565937,1786435929.8291543
10,11173,0.28471484780311584,0.49313115603939867,1786435929.9170234
10,11174,0.36476370692253113,0.4932712215320911,1786435930.0056255
10,11175,0.4595263600349426,0.4932170542635659,1786435930.0953898
10,11176,0.2667599618434906,0.4933565531475748,1786435930.184163
10,11177,0.2992379367351532,0.4929804224626481,1786435930.2735307
10,11178,0.2968258559703827,0.49266975308641975,1786435930.3623667
10,11179,0.3327023684978485,0.49203903441191577,1786435930.4513762
10,11180,0.39224961400032043,0.49198717948717946,1786435930.540314
10,11181,0.4883485436439514,0.49142345110087043,1786435930.629465
10,11182,0.3747842311859131,0.4914366053169734,1786435930.7177615
10,11183,0.43232616782188416,0.49119448698315465,1786435930.8076375
10,11184,0.2806689739227295,0.49076197757390416,1786435930.897081
10,11185,0.4427397549152374,0.4906488549618321,1786435930.9859877
10,11186,0.33026906847953796,0.49066310975609756,1786435931.074879
10,11187,0.32857009768486023,0.49036022323693557,1786435931.1644971
10,11188,0.326920747756958,0.4905015197568389,1786435931.253653
10,11189,0.30610090494155884,0.49070561456752654,1786435931.3411698
10,11190,0.23881056904792786,0.49015151515151517,1786435931.4309483
10,11191,0.3304043114185333,0.48978819969742815,1786435931.5201082
10,11192,0.34454435110092163,0.48999244712990936,1786435931.6094108
10,11193,0.4350765645503998,0.4894419306184012,1786435931.698859
10,11194,0.3200496435165405,0.48977158634538154,1786435931.7870402
10,11195,0.39565128087997437,0.4900375939849624,1786435931.8746445
10,11196,0.22729012370109558,0.4904904904904905,1786435931.9626648
10,11197,0.6762025356292725,0.49031734132933535,1786435932.0515537
10,11198,0.3289237916469574,0.4903942115768463,1786435932.1394494
10,11199,0.3004508912563324,0.49059541604384654,1786435932.2272234
10,11200,0.3915598392486572,0.4902363184079602,1786435932.316763
10,11201,0.3911318778991699,0.4901266766020864,1786435932.4055893
10,11202,0.2657451033592224,0.490265376984127,1786435932.4937725
10,11203,0.3011492192745209,0.49027984150569587,1786435932.5825813
10,11204,0.49503016471862793,0.48979970326409494,1786435932.6717489
10,11205,0.33242329955101013,0.4895679012345679,1786435932.7603936
10,11206,0.2510587275028229,0.48982988165680474,1786435932.8487298
10,11207,0.5904741883277893,0.4894140817331364,1786435932.9390066
10,11208,0.3789365887641907,0.48936823992133727,1786435933.0268679
10,11209,0.5520963668823242,0.4893838978890525,1786435933.1161382
10,11210,0.4874133765697479,0.48915441176470587,1786435933.2052352
10,11211,0.6585462093353271,0.48892559960841897,1786435933.2948618
10,11212,0.4945334196090698,0.488880742913001,1786435933.3842022
10,11213,0.3125091791152954,0.4890190336749634,1786435933.4733725
10,11214,0.2995610535144806,0.48927875243664715,1786435933.5715153
10,11215,0.3837362229824066,0.48935523114355234,1786435933.6618989
10,11216,0.27600905299186707,0.48955296404275994,1786435933.750749
10,11217,0.5706276297569275,0.48914361960213487,1786435933.841205
10,11218,0.36895468831062317,0.48928052325581395,1786435933.941914
10,11219,0.377765029668808,0.48887276245766814,1786435934.0330777
10,11220,0.6277071237564087,0.4886473429951691,1786435934.1282127
10,11221,0.33597201108932495,0.48896526772793053,1786435934.2169485
10,11222,0.37332093715667725,0.4889812138728324,1786435934.3123813
10,11223,0.28523436188697815,0.4893578643578644,1786435934.4100103
10,11224,0.5932576060295105,0.4888328530259366,1786435934.5087695
10,11225,0.22531114518642426,0.4882494004796163,1786435934.604162
10,11226,0.23184558749198914,0.48862547892720304,1786435934.6971953
10,11227,0.32756420969963074,0.4885820181731229,1786435934.786208
10,11228,0.2680450975894928,0.4882999044890162,1786435934.8747897
10,11229,0.34850600361824036,0.48831664282308057,1786435934.9747713
10,11230,0.2410828024148941,0.48857142857142855,1786435935.0685134
10,11231,0.37992629408836365,0.48817165953399905,1786435935.1577115
10,11232,0.3482955992221832,0.48824786324786323,1786435935.2482696
10,11233,0.32101061940193176,0.48838311996206735,1786435935.351463
10,11234,0.3348875343799591,0.4883996212121212,1786435935.4568486
10,11235,0.4166949987411499,0.4885342789598109,1786435935.5556726
10,11236,0.293465256690979,0.4885505193578848,1786435935.6452236
10,11237,0.487102210521698,0.4880952380952381,1786435935.7448301
10,11238,0.4215822219848633,0.4879943502824859,1786435935.835392
10,11239,0.4387778043746948,0.48807005171603196,1786435935.9344218
10,11240,0.32836949825286865,0.48826291079812206,1786435936.0269697
10,11241,0.3975839912891388,0.48822081575246135,1786435936.1238115
10,11242,0.3124591112136841,0.48829588014981273,1786435936.223974
10,11243,0.6926296949386597,0.4879032258064516,1786435936.3219035
10,11244,0.5024909377098083,0.48786181139122314,1786435936.414766
10,11245,0.2680554986000061,0.48822843822843826,1786435936.5047982
10,11246,0.3958415389060974,0.48824487895716945,1786435936.595382
10,11247,0.294822096824646,0.4883774988377499,1786435936.696594
10,11248,0.4399648606777191,0.4881615598885794,1786435936.7982259
10,11249,0.4106937646865845,0.4883518776077886,1786435936.8891165
10,11250,0.36785268783569336,0.48819444444444443,1786435936.9840102
10,11251,0.3868582248687744,0.4883263985205733,1786435937.0735662
10,11252,0.3208692967891693,0.4886311172668513,1786435937.166014
10,11253,0.2953018546104431,0.48905025357307513,1786435937.254454
10,11254,0.3426772654056549,0.4893531307550645,1786435937.343505
10,11255,0.24918483197689056,0.4896551724137931,1786435937.4333801
10,11256,0.2896650433540344,0.48921028466483013,1786435937.5231373
10,11257,0.45129385590553284,0.48928243924805137,1786435937.611862
10,11258,0.5349218249320984,0.48912545787545786,1786435937.701285
10,11259,0.3371849060058594,0.4893118427069044,1786435937.791047
10,11260,0.33368831872940063,0.48961187214611873,1786435937.880439
10,11261,0.5237690210342407,0.4894550843593251,1786435937.9708304
10,11262,0.24091771245002747,0.489867941712204,1786435938.060359
10,11263,0.3822673559188843,0.49005229649840837,1786435938.149728
10,11264,0.3391285836696625,0.4898955495004541,1786435938.2396226
10,11265,0.5233680605888367,0.4898526077097506,1786435938.3288922
10,11266,0.2855607867240906,0.489356884057971,1786435938.4192638
10,11267,0.27683502435684204,0.4895974672094075,1786435938.5087152
10,11268,0.46536785364151,0.48949864498644985,1786435938.5984263
10,11269,0.26344209909439087,0.4897947677041046,1786435938.6880388
10,11270,0.3836967945098877,0.48986486486486486,1786435938.777197
10,11271,0.31719133257865906,0.4900472334682861,1786435938.8676922
10,11272,0.6907401084899902,0.4897237196765499,1786435938.958206
10,11273,0.27418074011802673,0.4898497083894123,1786435939.0486968
10,11274,0.5597348213195801,0.48952732974910396,1786435939.1381974
10,11275,0.34649044275283813,0.48982102908277403,1786435939.2289646
10,11276,0.46390169858932495,0.48983467381590706,1786435939.3193583
10,11277,0.45095333456993103,0.4893462739848282,1786435939.4261913
10,11278,0.3279433846473694,0.48924910873440286,1786435939.5264606
10,11279,0.3408730626106262,0.4892634623943035,1786435939.6177073
10,11280,0.3339161276817322,0.48927777777777776,1786435939.72182
10,11281,0.24305962026119232,0.48945849977807365,1786435939.8188362
10,11282,0.3961431086063385,0.4895279255319149,1786435939.9185686
10,11283,0.3083822727203369,0.48959716688800353,1786435940.007071
10,11284,0.3520479202270508,0.48988726790450926,1786435940.096707
10,11285,0.4093182682991028,0.48940397350993375,1786435940.1945317
10,11286,0.307975709438324,0.48919753086419754,1786435940.2846663
10,11287,0.45958617329597473,0.48877146631439894,1786435940.3758657
10,11288,0.4200440049171448,0.488896218117854,1786435940.464587
10,11289,0.30215033888816833,0.4883618796662275,1786435940.5538933
10,11290,0.437826931476593,0.48848684210526316,1786435940.6420784
10,11291,0.4262164235115051,0.4884472185720543,1786435940.7306967
10,11292,0.27862006425857544,0.48868110236220474,1786435940.819513
10,11293,0.6880424618721008,0.48825906509392747,1786435940.9094095
10,11294,0.32913050055503845,0.4883835078534031,1786435940.9986637
10,11295,0.3115866482257843,0.4886165577342048,1786435941.0873024
10,11296,0.28063055872917175,0.488848999129678,1786435941.1760373
10,11297,0.294750452041626,0.4884832681442851,1786435941.2649727
10,11298,0.4899398684501648,0.4883897569444444,1786435941.3534865
10,11299,0.2693079710006714,0.4884590377113134,1786435941.4418478
10,11300,0.6259243488311768,0.48852813852813853,1786435941.5310519
10,11301,0.39965641498565674,0.48875918720276695,1786435941.618827
10,11302,0.42231839895248413,0.48861183074265974,1786435941.7063475
10,11303,0.3575513958930969,0.4886804657179819,1786435941.7958965
10,11304,0.29550811648368835,0.4883182601205857,1786435941.8849561
10,11305,0.3946322500705719,0.48833333333333334,1786435941.9745972
10,11306,0.3913073241710663,0.4883483676975945,1786435942.063255
10,11307,0.3499433696269989,0.4884706134706135,1786435942.1519604
10,11308,0.3139050304889679,0.4884854327335047,1786435942.2403157
10,11309,0.2157806158065796,0.488660676080445,1786435942.3282113
10,11310,0.2693302631378174,0.48862179487179486,1786435942.4174342
10,11311,0.2385949194431305,0.48884976525821594,1786435942.5156748
10,11312,0.3316696882247925,0.488384484228474,1786435942.6048799
10,11313,0.4458259642124176,0.4886121753937846,1786435942.6994348
10,11314,0.23630787432193756,0.48894557823129253,1786435942.7881122
10,11315,0.33774369955062866,0.48901273885350316,1786435942.8782663
10,11316,0.33404502272605896,0.4886026293469042,1786435942.9673405
10,11317,0.5127654671669006,0.4881935620499788,1786435943.05668
10,11318,0.43968525528907776,0.4884200507614213,1786435943.1453369
10,11319,0.3309827744960785,0.48859315589353614,1786435943.233969
10,11320,0.2878357470035553,0.4887658227848101,1786435943.3219109
10,11321,0.5800331830978394,0.48825326590813317,1786435943.4104714
10,11322,0.2880123257637024,0.48789983164983164,1786435943.5043783
10,11323,0.2503330409526825,0.487547288776797,1786435943.593429
10,11324,0.4561973214149475,0.48772040302267,1786435943.6825867
10,11325,0.2673603892326355,0.48789308176100626,1786435943.773418
10,11326,0.382826566696167,0.4881176716917923,1786435943.861181
10,11327,0.3569420874118805,0.4883416980342953,1786435943.9495885
10,11328,0.5267131328582764,0.4882518796992481,1786435944.0383043
10,11329,0.36903512477874756,0.4882665832290363,1786435944.1259196
10,11330,0.366860568523407,0.48828125,1786435944.2136545
10,11331,0.7021939158439636,0.4881918435289222,1786435944.3020463
10,11332,0.28696805238723755,0.48779093931837075,1786435944.3917775
10,11333,0.32357287406921387,0.48739103362391034,1786435944.480642
10,11334,0.520470380783081,0.4874585406301824,1786435944.5698106
10,11335,0.2724299430847168,0.48768115942028983,1786435944.658522
10,11336,0.5081979036331177,0.4876964433416046,1786435944.7476962
10,11337,0.4741373062133789,0.4877633209417596,1786435944.8355055
10,11338,0.7241548299789429,0.48757219471947194,1786435944.9245212
10,11339,0.44124147295951843,0.48779357231149567,1786435945.0124955
10,11340,0.24948564171791077,0.487962962962963,1786435945.1014018
10,11341,0.39016446471214294,0.4880805589806823,1786435945.1903596
10,11342,0.356051504611969,0.4880952380952381,1786435945.2794344
10,11343,0.21649330854415894,0.4883148831488315,1786435945.3673215
10,11344,0.29000750184059143,0.48843161343161345,1786435945.4552743
10,11345,0.5993304252624512,0.4883435582822086,1786435945.5441666
10,11346,0.32135340571403503,0.4885110294117647,1786435945.633676
10,11347,0.28654003143310547,0.48811709506323947,1786435945.7220395
10,11348,0.41801512241363525,0.48823349633251834,1786435945.8101397
10,11349,0.35854828357696533,0.4884004884004884,1786435945.8985188
10,11350,0.47194963693618774,0.48800813008130084,1786435945.987387
10,11351,0.4182579517364502,0.4879212342671539,1786435946.0769925
10,11352,0.38787391781806946,0.48808799675588,1786435946.1646283
10,11353,0.2961772680282593,0.4883556095585257,1786435946.253178
10,11354,0.36509495973587036,0.4884203074433657,1786435946.3407292
10,11355,0.35709694027900696,0.48843434343434344,1786435946.429591
10,11356,0.28863081336021423,0.48849878934624696,1786435946.5183222
10,11357,0.4063233435153961,0.4886134623135832,1786435946.6066513
10,11358,0.22452427446842194,0.48882850241545894,1786435946.6951487
10,11359,0.595505952835083,0.48854041013269,1786435946.7840261
10,11360,0.69364333152771,0.4884036144578313,1786435946.8728147
10,11361,0.4044707715511322,0.48841756919374246,1786435946.961374
10,11362,0.2968909740447998,0.4885817307692308,1786435947.0490212
10,11363,0.3049771785736084,0.4882452981192477,1786435947.137501
10,11364,0.5906500816345215,0.48815947242206237,1786435947.2259822
10,11365,0.32320529222488403,0.4883233532934132,1786435947.3150015
10,11366,0.2700173556804657,0.48793859649122806,1786435947.4040124
10,11367,0.3766714930534363,0.48800278773397054,1786435947.4941318
10,11368,0.2995329797267914,0.4881662688941925,1786435947.5827215
10,11369,0.24680602550506592,0.4878823996821613,1786435947.671723
10,11370,0.2812223732471466,0.4880952380952381,1786435947.759777
10,11371,0.3903227150440216,0.4882580261593341,1786435947.8487506
10,11372,0.3068186044692993,0.4885193982581156,1786435947.9365525
10,11373,0.7708227038383484,0.48808817714511665,1786435948.025458
10,11374,0.386496365070343,0.4882010268562401,1786435948.1145191
10,11375,0.27971652150154114,0.48846153846153845,1786435948.2031863
10,11376,0.3997833728790283,0.48862293144208035,1786435948.2913523
10,11377,0.22781698405742645,0.4889807162534435,1786435948.3794856
10,11378,0.32199594378471375,0.4892393867924528,1786435948.467804
10,11379,0.39902806282043457,0.48935021594032196,1786435948.5555139
10,11380,0.28356993198394775,0.4892156862745098,1786435948.644111
10,11381,0.3863806426525116,0.4887877007442225,1786435948.7338955
10,11382,0.2961162030696869,0.4888986697965571,1786435948.8219981
10,11383,0.3165673315525055,0.48900937866354044,1786435948.9095912
10,11384,0.36517512798309326,0.4891198282591725,1786435948.9972427
10,11385,0.28953292965888977,0.4892300194931774,1786435949.0854132
10,11386,0.2136530727148056,0.4896320093457944,1786435949.1731203
10,11387,0.3973594605922699,0.4898872034227927,1786435949.261316
10,11388,0.28965282440185547,0.49004467754467756,1786435949.3501015
10,11389,0.28462937474250793,0.48981373690337604,1786435949.439423
10,11390,0.3014591336250305,0.49001937984496124,1786435949.5275996
10,11391,0.34231793880462646,0.4896438250096787,1786435949.6175056
10,11392,0.32476821541786194,0.48946249033255995,1786435949.7064688
10,11393,0.3389165699481964,0.48971610660486675,1786435949.79498
10,11394,0.5483375787734985,0.48963155864197533,1786435949.883657
10,11395,0.4066934287548065,0.4898362235067437,1786435949.979084
10,11396,0.39510607719421387,0.4899923017705928,1786435950.0660152
10,11397,0.37372350692749023,0.49019607843137253,1786435950.1526382
10,11398,0.3770396411418915,0.4901593701996928,1786435950.2389235
10,11399,0.4042679965496063,0.4902665899501343,1786435950.3250523
10,11400,0.30364444851875305,0.48975095785440614,1786435950.41262
10,11401,0.3315819501876831,0.4898584003061615,1786435950.4996653
10,11402,0.3015442490577698,0.4900611620795107,1786435950.5868056
10,11403,0.4968021512031555,0.4900248186330661,1786435950.674788
10,11404,0.33599328994750977,0.490036231884058,1786435950.7612104
10,11405,0.32464689016342163,0.49004761904761907,1786435950.8477614
10,11406,0.2579697072505951,0.4902016742770167,1786435950.9339242
10,11407,0.3418048024177551,0.48992778411250476,1786435951.0220883
10,11408,0.41513702273368835,0.4899392558845862,1786435951.109046
10,11409,0.48990973830223083,0.48976109215017066,1786435951.1970444
10,11410,0.23681169748306274,0.4895359848484849,1786435951.2844436
10,11411,0.25928008556365967,0.4896897465001892,1786435951.371497
10,11412,0.2767404615879059,0.4898904006046863,1786435951.4588327
10,11413,0.7580913305282593,0.4896659116647792,1786435951.5461307
10,11414,0.5013945698738098,0.48925339366515835,1786435951.634329
10,11415,0.36939311027526855,0.48945386064030133,1786435951.721217
10,11416,0.23622006177902222,0.4897009029345372,1786435951.8093367
10,11417,0.2531728446483612,0.48990041337842916,1786435951.8961663
11,11418,0.35477542877197266,0.6666666666666666,1786435957.5674138
11,11419,0.46545174717903137,0.4166666666666667,1786435957.7662494
11,11420,0.6602498292922974,0.3333333333333333,1786435957.8638356
11,11421,0.24598035216331482,0.40625,1786435957.9648068
11,11422,0.5345966815948486,0.4083333333333333,1786435958.0740166
11,11423,0.37243765592575073,0.3680555555555556,1786435958.2197058
11,11424,0.31533554196357727,0.3869047619047619,1786435958.3252459
11,11425,0.2921079397201538,0.4010416666666667,1786435958.443601
11,11426,0.44848376512527466,0.39814814814814814,1786435958.5360904
11,11427,0.4903022050857544,0.4125,1786435958.6271858
11,11428,0.43852752447128296,0.42045454545454547,1786435958.7222016
11,11429,0.551814079284668,0.4305555555555556,1786435958.8146653
11,11430,0.417834609746933,0.4198717948717949,1786435958.9077728
11,11431,0.27066680788993835,0.39285714285714285,1786435958.998858
11,11432,0.3756563663482666,0.4027777777777778,1786435959.0888865
11,11433,0.3976624608039856,0.3932291666666667,1786435959.1784117
11,11434,0.3219234049320221,0.38480392156862747,1786435959.2718723
11,11435,0.3247262239456177,0.3912037037037037,1786435959.3719535
11,11436,0.35592707991600037,0.4100877192982456,1786435959.4597538
11,11437,0.3831915557384491,0.4125,1786435959.5481205
11,11438,0.42077136039733887,0.4087301587301587,1786435959.6478295
11,11439,0.41474422812461853,0.4109848484848485,1786435959.736111
11,11440,0.3571052551269531,0.4148550724637681,1786435959.8240433
11,11441,0.3000746965408325,0.4097222222222222,1786435959.9147344
11,11442,0.2405978888273239,0.41833333333333333,1786435960.0029614
11,11443,0.3590756952762604,0.4230769230769231,1786435960.0912216
11,11444,0.3481867015361786,0.43364197530864196,1786435960.1823373
11,11445,0.4339107275009155,0.43452380952380953,1786435960.271241
11,11446,0.4463721215724945,0.4367816091954023,1786435960.3593884
11,11447,0.2987355589866638,0.4388888888888889,1786435960.447337
11,11448,0.3729891777038574,0.43951612903225806,1786435960.5357263
11,11449,0.3572353720664978,0.43359375,1786435960.6245263
11,11450,0.42213934659957886,0.43434343434343436,1786435960.712178
11,11451,0.23058131337165833,0.44362745098039214,1786435960.800359
11,11452,0.37367990612983704,0.444047619047619,1786435960.8904328
11,11453,0.3659011721611023,0.4479166666666667,1786435960.9790823
11,11454,0.3642424941062927,0.45045045045045046,1786435961.0670424
11,11455,0.4146135151386261,0.44627192982456143,1786435961.155732
11,11456,0.3563636243343353,0.44764957264957267,1786435961.24457
11,11457,0.33239278197288513,0.4552083333333333,1786435961.3319585
11,11458,0.26512837409973145,0.4563008130081301,1786435961.4209266
11,11459,0.4375534653663635,0.4603174603174603,1786435961.5098522
11,11460,0.3893124461174011,0.4641472868217054,1786435961.59803
11,11461,0.3233468532562256,0.4640151515151515,1786435961.687334
11,11462,0.21438302099704742,0.4703703703703704,1786435961.77597
11,11463,0.25796982645988464,0.47192028985507245,1786435961.8654034
11,11464,0.26898786425590515,0.4787234042553192,1786435961.9529355
11,11465,0.33344322443008423,0.4739583333333333,1786435962.0424612
11,11466,0.6541121006011963,0.4710884353741497,1786435962.1305158
11,11467,0.3554007411003113,0.4633333333333333,1786435962.2197795
11,11468,0.40190085768699646,0.4599673202614379,1786435962.308974
11,11469,0.2418520599603653,0.4639423076923077,1786435962.3982744
11,11470,0.34290993213653564,0.4661949685534591,1786435962.486571
11,11471,0.6612168550491333,0.4652777777777778,1786435962.5753882
11,11472,0.3249967694282532,0.4666666666666667,1786435962.6645582
11,11473,0.30085813999176025,0.46875,1786435962.7527597
11,11474,0.20556654036045074,0.4656432748538012,1786435962.8433566
11,11475,0.23709313571453094,0.4676724137931034,1786435962.93217
11,11476,0.38440483808517456,0.4675141242937853,1786435963.0211473
11,11477,0.3705899715423584,0.46458333333333335,1786435963.1112847
11,11478,0.3707878589630127,0.46584699453551914,1786435963.2000387
11,11479,0.3286893367767334,0.46639784946236557,1786435963.2891426
11,11480,0.2531461715698242,0.4689153439153439,1786435963.3882883
11,11481,0.4563247859477997,0.46484375,1786435963.478315
11,11482,0.26864761114120483,0.4673076923076923,1786435963.5674853
11,11483,0.3956519067287445,0.4684343434343434,1786435963.656135
11,11484,0.30112510919570923,0.47077114427860695,1786435963.7445195
11,11485,0.41048356890678406,0.47487745098039214,1786435963.8344488
11,11486,0.5631107091903687,0.4746376811594203,1786435963.924231
11,11487,0.4165392518043518,0.475,1786435964.0126214
11,11488,0.2883770167827606,0.4782863849765258,1786435964.1007457
11,11489,0.28085121512413025,0.4791666666666667,1786435964.190389
11,11490,0.2602967321872711,0.4823059360730594,1786435964.2778544
11,11491,0.5012671947479248,0.48254504504504503,1786435964.3682396
11,11492,0.3128998577594757,0.485,1786435964.4564512
11,11493,0.4547560214996338,0.4857456140350877,1786435964.5448883
11,11494,0.3186395466327667,0.4875541125541126,1786435964.6380975
11,11495,0.328200101852417,0.48878205128205127,1786435964.726309
11,11496,0.278044730424881,0.4920886075949367,1786435964.814091
11,11497,0.4982290267944336,0.49270833333333336,1786435964.9029753
11,11498,0.47312137484550476,0.49074074074074076,1786435964.99178
11,11499,0.38682982325553894,0.4928861788617886,1786435965.0804956
11,11500,0.2987116873264313,0.49447791164658633,1786435965.1681764
11,11501,0.22696971893310547,0.49206349206349204,1786435965.257749
11,11502,0.507787823677063,0.4931372549019608,1786435965.346512
11,11503,0.7332057356834412,0.49273255813953487,1786435965.4365504
11,11504,0.36925241351127625,0.49377394636015326,1786435965.5260909
11,11505,0.37872177362442017,0.4943181818181818,1786435965.6142697
11,11506,0.36615413427352905,0.4953183520599251,1786435965.704319
11,11507,0.31304216384887695,0.49212962962962964,1786435965.7931683
11,11508,0.2577018439769745,0.49313186813186816,1786435965.8825896
11,11509,0.5395687818527222,0.49094202898550726,1786435965.97193
11,11510,0.3321422338485718,0.4910394265232975,1786435966.0601509
11,11511,0.46183544397354126,0.4875886524822695,1786435966.1489213
11,11512,0.39069071412086487,0.487280701754386,1786435966.2367306
11,11513,0.6122962236404419,0.4869791666666667,1786435966.3258233
11,11514,0.4108830392360687,0.4879725085910653,1786435966.4136684
11,11515,0.31188809871673584,0.4897959183673469,1786435966.5019996
11,11516,0.34927868843078613,0.4898989898989899,1786435966.5895534
11,11517,0.3597279489040375,0.49125,1786435966.679404
11,11518,0.4029827415943146,0.4909240924092409,1786435966.767702
11,11519,0.3656461536884308,0.4881535947712418,1786435966.8571906
11,11520,0.328284353017807,0.4898867313915858,1786435966.946717
11,11521,0.5742083787918091,0.48838141025641024,1786435967.0358012
11,11522,0.2913540005683899,0.49007936507936506,1786435967.1255279
11,11523,0.2664499282836914,0.4886006289308176,1786435967.214513
11,11524,0.34047114849090576,0.48909657320872274,1786435967.303044
11,11525,0.3167356550693512,0.4888117283950617,1786435967.4018698
11,11526,0.22786813974380493,0.4904434250764526,1786435967.4903798
11,11527,0.5546099543571472,0.4909090909090909,1786435967.584438
11,11528,0.4543710947036743,0.4883633633633634,1786435967.6781812
11,11529,0.21108891069889069,0.49107142857142855,1786435967.767256
11,11530,0.2745065987110138,0.49262536873156343,1786435967.855377
11,11531,0.4977840185165405,0.4894005847953216,1786435967.944298
11,11532,0.3112739622592926,0.48768115942028983,1786435968.042569
11,11533,0.2725875675678253,0.48455459770114945,1786435968.131444
11,11534,0.6723136901855469,0.4825498575498576,1786435968.2259548
11,11535,0.31808003783226013,0.4819915254237288,1786435968.3201458
11,11536,0.3849042057991028,0.4793417366946779,1786435968.4151957
11,11537,0.33437758684158325,0.4809027777777778,1786435968.5088809
11,11538,0.3700866997241974,0.47830578512396693,1786435968.602255
11,11539,0.5131610631942749,0.4781420765027322,1786435968.6918635
11,11540,0.34066784381866455,0.47764227642276424,1786435968.7811024
11,11541,0.31393522024154663,0.4798387096774194,1786435968.8702273
11,11542,0.6048543453216553,0.4796666666666667,1786435968.959664
11,11543,0.7201628684997559,0.4798280423280423,1786435969.0484843
11,11544,0.3534473478794098,0.4806430446194226,1786435969.1373622
11,11545,0.5147292017936707,0.4801432291666667,1786435969.227545
11,11546,0.23640131950378418,0.47835917312661497,1786435969.3170035
11,11547,0.3005446493625641,0.48044871794871796,1786435969.4057164
11,11548,0.3991699516773224,0.4818702290076336,1786435969.4945018
11,11549,0.26332396268844604,0.4797979797979798,1786435969.5840414
11,11550,0.32016831636428833,0.4805764411027569,1786435969.6720257
11,11551,0.5017409324645996,0.48072139303482586,1786435969.7607605
11,11552,0.5002830624580383,0.4808641975308642,1786435969.8494549
11,11553,0.3170364797115326,0.48253676470588236,1786435969.9375648
11,11554,0.27966538071632385,0.4811435523114355,1786435970.0268106
11,11555,0.22815123200416565,0.4830917874396135,1786435970.1149085
11,11556,0.26310235261917114,0.4844124700239808,1786435970.2038634
11,11557,0.34992727637290955,0.48541666666666666,1786435970.292993
11,11558,0.32074710726737976,0.48404255319148937,1786435970.382383
11,11559,0.22449009120464325,0.4809272300469484,1786435970.4740992
11,11560,0.6043720245361328,0.4804778554778555,1786435970.5640104
11,11561,0.33113348484039307,0.4774305555555556,1786435970.6541452
11,11562,0.7207783460617065,0.4764367816091954,1786435970.74364
11,11563,0.5526320338249207,0.4763127853881279,1786435970.8320014
11,11564,0.2621844410896301,0.47845804988662133,1786435970.9202032
11,11565,0.5796403884887695,0.47719594594594594,1786435971.009446
11,11566,0.33676227927207947,0.47930648769574946,1786435971.0979705
11,11567,0.36622899770736694,0.47833333333333333,1786435971.1880262
11,11568,0.28877052664756775,0.47709713024282563,1786435971.2778792
11,11569,0.3871102035045624,0.4777960526315789,1786435971.3665314
11,11570,0.30338793992996216,0.47576252723311546,1786435971.4551828
11,11571,0.2912520170211792,0.4770021645021645,1786435971.5436609
11,11572,0.37879928946495056,0.47661290322580646,1786435971.6333811
11,11573,0.4664199948310852,0.47676282051282054,1786435971.7224965
11,11574,0.25519365072250366,0.47823779193205945,1786435971.8106341
11,11575,0.27633678913116455,0.4796940928270042,1786435971.899438
11,11576,0.49573683738708496,0.480083857442348,1786435971.9890556
11,11577,0.30262160301208496,0.48072916666666665,1786435972.0774333
11,11578,0.31995004415512085,0.48110766045548653,1786435972.1672719
11,11579,0.2904938757419586,0.4801954732510288,1786435972.2565322
11,11580,0.48469388484954834,0.4808282208588957,1786435972.3464868
11,11581,0.3023822605609894,0.47865853658536583,1786435972.4364383
11,11582,0.23329204320907593,0.48005050505050506,1786435972.5248148
11,11583,0.37027037143707275,0.47941767068273095,1786435972.6227398
11,11584,0.4890280067920685,0.4772954091816367,1786435972.7123287
11,11585,0.27650517225265503,0.4781746031746032,1786435972.8012564
11,11586,0.4095730483531952,0.47830374753451677,1786435972.890585
11,11587,0.6452969312667847,0.4762254901960784,1786435972.9803376
11,11588,0.2769683301448822,0.4770955165692008,1786435973.070618
11,11589,0.27799180150032043,0.4748062015503876,1786435973.159918
11,11590,0.735252857208252,0.4730250481695568,1786435973.2498171
11,11591,0.24625307321548462,0.4724616858237548,1786435973.3410583
11,11592,0.28208693861961365,0.47285714285714286,1786435973.4297783
11,11593,0.2935304641723633,0.4732481060606061,1786435973.525741
11,11594,0.2448214888572693,0.4731638418079096,1786435973.615629
11,11595,0.3454855680465698,0.47401685393258425,1786435973.705647
11,11596,0.32539603114128113,0.4720670391061452,1786435973.7978344
11,11597,0.4665279984474182,0.47175925925925927,1786435973.8873408
11,11598,0.24426260590553284,0.47306629834254144,1786435973.9799335
11,11599,0.3033899962902069,0.4732142857142857,1786435974.0683482
11,11600,0.2989705204963684,0.47404371584699456,1786435974.1606424
11,11601,0.3921135663986206,0.4725996376811594,1786435974.255949
11,11602,0.2971973419189453,0.47364864864864864,1786435974.3457158
11,11603,0.27003565430641174,0.4746863799283154,1786435974.4361713
11,11604,0.43164852261543274,0.47549019607843135,1786435974.5456407
11,11605,0.4087153375148773,0.47562056737588654,1786435974.6347122
11,11606,0.35111427307128906,0.47619047619047616,1786435974.7317472
11,11607,0.3005060851573944,0.47653508771929826,1786435974.8264484
11,11608,0.27095547318458557,0.47709424083769636,1786435974.9190538
11,11609,0.3728182911872864,0.4776475694444444,1786435975.0079436
11,11610,0.2623574137687683,0.4786269430051813,1786435975.0962641
11,11611,0.3525669276714325,0.4789518900343643,1786435975.1869144
11,11612,0.30632516741752625,0.48012820512820514,1786435975.2811997
11,11613,0.3009866774082184,0.4806547619047619,1786435975.3715591
11,11614,0.17682518064975739,0.4826565143824027,1786435975.4617434
11,11615,0.3500952124595642,0.4831649831649832,1786435975.551945
11,11616,0.2690657377243042,0.48387772194304857,1786435975.6408088
11,11617,0.37425485253334045,0.4822916666666667,1786435975.7367804
11,11618,0.6666748523712158,0.48196517412935325,1786435975.826005
11,11619,0.448228120803833,0.4822607260726073,1786435975.925512
11,11620,0.41153576970100403,0.4823481116584565,1786435976.014916
11,11621,0.2946135103702545,0.4832516339869281,1786435976.1078613
11,11622,0.2405499815940857,0.4845528455284553,1786435976.2016914
11,11623,0.42988187074661255,0.48321197411003236,1786435976.296249
11,11624,0.2760959267616272,0.48450080515297905,1786435976.3842611
11,11625,0.3242146670818329,0.48357371794871795,1786435976.4730194
11,11626,0.3064490854740143,0.48504784688995217,1786435976.5611238
11,11627,0.23203733563423157,0.4861111111111111,1786435976.6494763
11,11628,0.5586425065994263,0.48657187993680884,1786435976.7400873
11,11629,0.4903782606124878,0.4858490566037736,1786435976.8342223
11,11630,0.2982866168022156,0.4841549295774648,1786435976.9263804
11,11631,0.46436676383018494,0.4840342679127726,1786435977.0148728
11,11632,0.4401046335697174,0.48430232558139535,1786435977.103563
11,11633,0.2337033599615097,0.4847608024691358,1786435977.1921763
11,11634,0.31749096512794495,0.483294930875576,1786435977.280755
11,11635,0.5034046173095703,0.48394495412844035,1786435977.3699203
11,11636,0.27513110637664795,0.4826864535768645,1786435977.4585707
11,11637,0.575322687625885,0.4825757575757576,1786435977.5522022
11,11638,0.513797402381897,0.4820889894419306,1786435977.6466866
11,11639,0.3118048906326294,0.4827327327327327,1786435977.7369485
11,11640,0.23725362122058868,0.48374439461883406,1786435977.8252928
11,11641,0.3239598870277405,0.484375,1786435977.9138525
11,11642,0.3238118290901184,0.4848148148148148,1786435978.0019279
11,11643,0.2700386643409729,0.48580383480825956,1786435978.0902102
11,11644,0.27239570021629333,0.48660058737151246,1786435978.1783547
11,11645,0.4131409525871277,0.4857456140350877,1786435978.2689264
11,11646,0.38945141434669495,0.4859898107714702,1786435978.3584726
11,11647,0.373977929353714,0.486231884057971,1786435978.44704
11,11648,0.3336576521396637,0.4871933621933622,1786435978.537768
11,11649,0.3638705313205719,0.48778735632183906,1786435978.62735
11,11650,0.3955654203891754,0.486587982832618,1786435978.7231033
11,11651,0.2997649013996124,0.4853988603988604,1786435978.8153963
11,11652,0.2601483464241028,0.48439716312056735,1786435978.9053524
11,11653,0.23527605831623077,0.4851694915254237,1786435978.9950323
11,11654,0.3174368143081665,0.48628691983122363,1786435979.0848248
11,11655,0.36218884587287903,0.48686974789915966,1786435979.174066
11,11656,0.29421892762184143,0.4872733612273361,1786435979.263349
11,11657,0.2137257307767868,0.48854166666666665,1786435979.3553512
11,11658,0.46694695949554443,0.48910788381742737,1786435979.4502292
11,11659,0.4628473222255707,0.48949724517906334,1786435979.5448728
11,11660,0.47936317324638367,0.48919753086419754,1786435979.644971
11,11661,0.6377553343772888,0.48924180327868855,1786435979.7465575
11,11662,0.42844754457473755,0.49047619047619045,1786435979.8642368
11,11663,0.3888460099697113,0.49034552845528456,1786435979.954083
11,11664,0.35042962431907654,0.4892037786774629,1786435980.044804
11,11665,0.29937508702278137,0.4899193548387097,1786435980.140457
11,11666,0.5872137546539307,0.48895582329317266,1786435980.2365813
11,11667,0.33985406160354614,0.48783333333333334,1786435980.3265483
11,11668,0.35594427585601807,0.48854581673306774,1786435980.417167
11,11669,0.3519384264945984,0.4889219576719577,1786435980.5179842
11,11670,0.26918962597846985,0.4894598155467721,1786435980.6151624
11,11671,0.520378828048706,0.4896653543307087,1786435980.7207448
11,11672,0.6469303369522095,0.49003267973856207,1786435980.8184974
11,11673,0.5271070003509521,0.4886067708333333,1786435980.9147947
11,11674,0.38130760192871094,0.4888132295719844,1786435981.003805
11,11675,0.3229230046272278,0.4893410852713178,1786435981.1035938
11,11676,0.26728951930999756,0.4885778635778636,1786435981.194343
11,11677,0.33236944675445557,0.4873397435897436,1786435981.294067
11,11678,0.6492102146148682,0.486749680715198,1786435981.384768
11,11679,0.3195229768753052,0.48584605597964375,1786435981.4754725
11,11680,0.31759023666381836,0.4866920152091255,1786435981.5659475
11,11681,0.24596567451953888,0.4872159090909091,1786435981.6599715
11,11682,0.5920755863189697,0.4863207547169811,1786435981.7503934
11,11683,0.39966902136802673,0.48527568922305764,1786435981.8407457
11,11684,0.28829410672187805,0.48564294631710364,1786435981.9292827
11,11685,0.3698335289955139,0.48585199004975127,1786435982.0196357
11,11686,0.3960855007171631,0.484820322180917,1786435982.1097941
11,11687,0.3632204532623291,0.48487654320987655,1786435982.1987894
11,11688,0.5186947584152222,0.48370233702337023,1786435982.2973545
11,11689,0.4114609956741333,0.4840686274509804,1786435982.393415
11,11690,0.2515866160392761,0.48412698412698413,1786435982.4867957
11,11691,0.23300603032112122,0.4854014598540146,1786435982.5813148
11,11692,0.4331277906894684,0.4865151515151515,1786435982.6771376
11,11693,0.3408644497394562,0.4856582125603865,1786435982.7716048
11,11694,0.2706662714481354,0.48601083032490977,1786435982.8635604
11,11695,0.3807086646556854,0.4856115107913669,1786435982.9558556
11,11696,0.4790889620780945,0.48446833930704897,1786435983.049549
11,11697,0.284807026386261,0.4849702380952381,1786435983.1442318
11,11698,0.20351913571357727,0.48591340450771053,1786435983.2381508
11,11699,0.36157190799713135,0.4862588652482269,1786435983.333945
11,11700,0.3120930790901184,0.48542402826855124,1786435983.4302943
11,11701,0.2677571475505829,0.48620892018779344,1786435983.5248451
11,11702,0.3426381051540375,0.487280701754386,1786435983.6200216
11,11703,0.41097283363342285,0.4879079254079254,1786435983.7136106
11,11704,0.2517262399196625,0.4888211382113821,1786435983.810021
11,11705,0.44384247064590454,0.4888599537037037,1786435983.9052732
11,11706,0.42828676104545593,0.48875432525951557,1786435984.001391
11,11707,0.5259863138198853,0.4889367816091954,1786435984.0983818
11,11708,0.36898040771484375,0.4899770904925544,1786435984.1922536
11,11709,0.5469849109649658,0.4890125570776256,1786435984.2851543
11,11710,0.37134528160095215,0.4891922639362912,1786435984.3736951
11,11711,0.5727440118789673,0.48894557823129253,1786435984.4665525
11,11712,0.49637529253959656,0.4888418079096045,1786435984.554656
11,11713,0.3358898460865021,0.4890202702702703,1786435984.646308
11,11714,0.3171425461769104,0.4877946127946128,1786435984.7376032
11,11715,0.2937881052494049,0.48839485458612975,1786435984.8282852
11,11716,0.348307728767395,0.48731884057971014,1786435984.9190283
11,11717,0.3199009597301483,0.4875,1786435985.0071971
11,11718,0.3680518567562103,0.48684939091915835,1786435985.099986
11,11719,0.27862197160720825,0.48730684326710816,1786435985.1895642
11,11720,0.2925834357738495,0.4877612761276128,1786435985.281023
11,11721,0.2952364683151245,0.4882127192982456,1786435985.3693478
11,11722,0.5929820537567139,0.4882513661202186,1786435985.4605277
11,11723,0.4274718761444092,0.48788126361655776,1786435985.5585635
11,11724,0.2682602107524872,0.48873507057546145,1786435985.6474495
11,11725,0.2136964499950409,0.4897186147186147,1786435985.734925
11,11726,0.3065880835056305,0.4886731391585761,1786435985.824839
11,11727,0.28550171852111816,0.48884408602150536,1786435985.913597
11,11728,0.36335885524749756,0.4891479099678457,1786435986.005438
11,11729,0.34424975514411926,0.4895833333333333,1786435986.096825
11,11730,0.4422587454319,0.4885516506922258,1786435986.1889145
11,11731,0.350335955619812,0.4876592356687898,1786435986.2817805
11,11732,0.3874499797821045,0.4880952380952381,1786435986.3719535
11,11733,0.3114404082298279,0.48694620253164556,1786435986.463199
11,11734,0.3745597004890442,0.4871188222923239,1786435986.5534072
11,11735,0.30829229950904846,0.48729035639413,1786435986.647241
11,11736,0.23301288485527039,0.48837513061650994,1786435986.7432816
11,11737,0.44693031907081604,0.4889322916666667,1786435986.8373394
11,11738,0.329166978597641,0.4892263759086189,1786435986.9331267
11,11739,0.3664923310279846,0.48900103519668736,1786435987.0285413
11,11740,0.32650071382522583,0.48800309597523217,1786435987.1242275
11,11741,0.39848119020462036,0.487011316872428,1786435987.220121
11,11742,0.703001081943512,0.48615384615384616,1786435987.3171294
11,11743,0.629966676235199,0.4863241308793456,1786435987.4125867
11,11744,0.4795428514480591,0.48623853211009177,1786435987.5097997
11,11745,0.28197258710861206,0.48666158536585363,1786435987.6154938
11,11746,0.2896926999092102,0.4868287740628166,1786435987.713437
11,11747,0.359586238861084,0.4871212121212121,1786435987.8237934
11,11748,0.34486687183380127,0.4876636455186304,1786435987.9204166
11,11749,0.28534793853759766,0.48619477911646586,1786435988.0180197
11,11750,0.37486732006073,0.4864864864864865,1786435988.1121993
11,11751,0.3855385184288025,0.4856536926147705,1786435988.2058601
11,11752,0.2450307309627533,0.4861940298507463,1786435988.3018115
11,11753,0.504454493522644,0.4861111111111111,1786435988.390981
11,11754,0.29827189445495605,0.4854104846686449,1786435988.4840167
11,11755,0.3210906684398651,0.4844674556213018,1786435988.577641
11,11756,0.26858144998550415,0.48537364798426746,1786435988.670667
11,11757,0.27836984395980835,0.4861519607843137,1786435988.7700896
11,11758,0.2202242612838745,0.48704789833822093,1786435988.8666096
11,11759,0.37856554985046387,0.4872076023391813,1786435988.9624612
11,11760,0.36866891384124756,0.4871234207968902,1786435989.0551355
11,11761,0.38062411546707153,0.4876453488372093,1786435989.1477773
11,11762,0.30516019463539124,0.4880434782608696,1786435989.2396784
11,11763,0.2673511207103729,0.4869942196531792,1786435989.3344545
11,11764,0.310589075088501,0.48739193083573484,1786435989.4291646
11,11765,0.24677808582782745,0.48814655172413796,1786435989.520829
11,11766,0.29146692156791687,0.4882999044890162,1786435989.615308
11,11767,0.2649000287055969,0.4888095238095238,1786435989.7035449
11,11768,0.35661232471466064,0.4887226970560304,1786435989.7920642
11,11769,0.30080386996269226,0.4888731060606061,1786435989.8809009
11,11770,0.22604109346866608,0.48984891406987724,1786435989.969318
11,11771,0.28478705883026123,0.4890536723163842,1786435990.0611005
11,11772,0.35915493965148926,0.4877934272300469,1786435990.154443
11,11773,0.2544952929019928,0.488061797752809,1786435990.246661
11,11774,0.2789361774921417,0.4876283846872082,1786435990.3406959
11,11775,0.2716885805130005,0.48789571694599626,1786435990.4337833
11,11776,0.7466773390769958,0.4878133704735376,1786435990.5319378
11,11777,0.2078862488269806,0.48865740740740743,1786435990.623931
11,11778,0.25989481806755066,0.48926592797783935,1786435990.7149205
11,11779,0.5722250938415527,0.4882596685082873,1786435990.8106678
11,11780,0.2228914052248001,0.48886593204775025,1786435990.9121532
11,11781,0.30837997794151306,0.489010989010989,1786435991.013242
11,11782,0.3876926898956299,0.48881278538812784,1786435991.111186
11,11783,0.419467031955719,0.48895719489981787,1786435991.2067401
11,11784,0.4502268433570862,0.4891008174386921,1786435991.3048556
11,11785,0.36003994941711426,0.489356884057971,1786435991.3994746
11,11786,0.3444894850254059,0.48859530261969286,1786435991.4900582
11,11787,0.3359849452972412,0.48907657657657655,1786435991.5963147
11,11788,0.3310522735118866,0.4894429469901168,1786435991.691947
11,11789,0.30190587043762207,0.4899193548387097,1786435991.7864337
11,11790,0.2707323729991913,0.49016979445933867,1786435991.8876622
11,11791,0.2694087624549866,0.49064171122994654,1786435991.97801
11,11792,0.287423700094223,0.4902222222222222,1786435992.0684032
11,11793,0.22696395218372345,0.4895833333333333,1786435992.1714118
11,11794,0.30434519052505493,0.4897214854111406,1786435992.261671
11,11795,0.6095541715621948,0.48996913580246915,1786435992.3525174
11,11796,0.3688924014568329,0.48988566402814426,1786435992.4409742
11,11797,0.2836586833000183,0.49024122807017545,1786435992.5303257
11,11798,0.3551957607269287,0.49048556430446194,1786435992.6251025
11,11799,0.3333166539669037,0.49105584642233857,1786435992.715037
11,11800,0.2723536491394043,0.49129677980852915,1786435992.803462
11,11801,0.3034110367298126,0.4911024305555556,1786435992.891881
11,11802,0.5125278234481812,0.4915584415584416,1786435992.9820004
11,11803,0.3621436357498169,0.4907167530224525,1786435993.0717156
11,11804,0.31191691756248474,0.4910637381567614,1786435993.1647148
11,11805,0.3259042203426361,0.49140893470790376,1786435993.2577355
11,11806,0.26491111516952515,0.49185946872322195,1786435993.351404
11,11807,0.38746628165245056,0.491025641025641,1786435993.443926
11,11808,0.4580075144767761,0.49115515771526,1786435993.5356119
11,11809,0.3484632968902588,0.49075255102040816,1786435993.6283507
11,11810,0.5273784399032593,0.4907760814249364,1786435993.717599
11,11811,0.29739654064178467,0.49101099830795264,1786435993.80809
11,11812,0.34263575077056885,0.4911392405063291,1786435993.896769
11,11813,0.37519294023513794,0.49105639730639733,1786435993.9858305
11,11814,0.43549245595932007,0.49044920235096556,1786435994.0748494
11,11815,0.2620018720626831,0.49089195979899497,1786435994.1642709
11,11816,0.4912322163581848,0.4901837928153718,1786435994.2536545
11,11817,0.2807696759700775,0.49052083333333335,1786435994.3434806
11,11818,0.37664714455604553,0.4906483790523691,1786435994.4319758
11,11819,0.22534988820552826,0.4910862354892206,1786435994.523121
11,11820,0.3240681290626526,0.49172870140612074,1786435994.6126301
11,11821,0.2704719603061676,0.49195544554455445,1786435994.7007017
11,11822,0.3925932049751282,0.49218106995884775,1786435994.7886214
11,11823,0.34437844157218933,0.49220032840722494,1786435994.8780417
11,11824,0.4723379909992218,0.49242424242424243,1786435994.967725
11,11825,0.33207711577415466,0.4931576797385621,1786435995.0573273
11,11826,0.3914148211479187,0.4932762836185819,1786435995.1469753
11,11827,0.28565725684165955,0.49359756097560975,1786435995.2502294
11,11828,0.4116505980491638,0.49401865369018655,1786435995.3446069
11,11829,0.22070984542369843,0.49342637540453077,1786435995.4412
11,11830,0.31570005416870117,0.4938458434221146,1786435995.531337
11,11831,0.38958126306533813,0.4939613526570048,1786435995.62337
11,11832,0.500456690788269,0.49337349397590363,1786435995.7178934
11,11833,0.408233642578125,0.4933894230769231,1786435995.8106606
11,11834,0.53596031665802,0.49310551558752996,1786435995.902763
11,11835,0.34734833240509033,0.49381977671451355,1786435995.994011
11,11836,0.5477855205535889,0.49443118536197295,1786435996.0860252
11,11837,0.35351890325546265,0.49484126984126986,1786435996.1768064
11,11838,0.325454980134964,0.49495249406175773,1786435996.2683027
11,11839,0.3031858801841736,0.4954581358609795,1786435996.3599675
11,11840,0.22900673747062683,0.49458234830575254,1786435996.4528291
11,11841,0.2936795949935913,0.49518474842767296,1786435996.5444489
11,11842,0.3317464292049408,0.49558823529411766,1786435996.6388257
11,11843,0.4041314721107483,0.4957942097026604,1786435996.732228
11,11844,0.2642100751399994,0.49638953942232633,1786435996.8241014
11,11845,0.2472086101770401,0.4969820872274143,1786435996.916129
11,11846,0.4505912661552429,0.49601787101787104,1786435997.0094378
11,11847,0.653826117515564,0.49544573643410855,1786435997.1020317
11,11848,0.48659494519233704,0.49487625676720803,1786435997.20645
11,11849,0.26378995180130005,0.494116512345679,1786435997.2999964
11,11850,0.3496083617210388,0.4943225558121632,1786435997.3918362
11,11851,0.7116305828094482,0.494431643625192,1786435997.4865441
11,11852,0.26802530884742737,0.49473180076628354,1786435997.5874321
11,11853,0.49936139583587646,0.4948394495412844,1786435997.6859035
11,11854,0.3202548027038574,0.4938977879481312,1786435997.779308
11,11855,0.32243767380714417,0.4941019786910198,1786435997.8796577
11,11856,0.5166757106781006,0.4944001518602885,1786435997.9734812
11,11857,0.276803195476532,0.4946969696969697,1786435998.07308
11,11858,0.3298843801021576,0.4951814058956916,1786435998.1678338
11,11859,0.3561685085296631,0.49443815987933637,1786435998.2707474
11,11860,0.31397074460983276,0.49473288186606473,1786435998.3623617
11,11861,0.4646085500717163,0.4947447447447447,1786435998.4649148
11,11862,0.4769854247570038,0.4947565543071161,1786435998.5637755
11,11863,0.40820667147636414,0.49486173393124067,1786435998.6568794
11,11864,0.29780828952789307,0.4953392990305742,1786435998.7541811
11,11865,0.36245691776275635,0.4959077380952381,1786435998.8463936
11,11866,0.2754460871219635,0.495916852264291,1786435998.9355235
11,11867,0.29205024242401123,0.4962962962962963,1786435999.023922
11,11868,0.3296366333961487,0.4963968957871397,1786435999.1123443
11,11869,0.5903041362762451,0.49668141592920356,1786435999.2020524
11,11870,0.29890838265419006,0.49687270051508464,1786435999.2911289
11,11871,0.24251466989517212,0.4974302496328928,1786435999.3795884
11,11872,0.47084641456604004,0.4977106227106227,1786435999.467781
11,11873,0.27097389101982117,0.4968932748538012,1786435999.5572731
11,11874,0.2569953203201294,0.4972647702407002,1786435999.6460745
11,11875,0.2593425214290619,0.4976346433770015,1786435999.7391577
11,11876,0.2701643705368042,0.4979121278140886,1786435999.8322368
11,11877,0.3588351309299469,0.49755434782608693,1786435999.9229722
11,11878,0.45739173889160156,0.49783080260303686,1786436000.0123808
11,11879,0.4068959057331085,0.49747474747474746,1786436000.1014266
11,11880,0.3530140519142151,0.4976601871850252,1786436000.1901217
11,11881,0.42062002420425415,0.49766522988505746,1786436000.2786636
11,11882,0.29976722598075867,0.49811827956989246,1786436000.3676748
11,11883,0.2951904237270355,0.49856938483547925,1786436000.4555228
11,11884,0.4331958293914795,0.49866167023554603,1786436000.5466003
11,11885,0.3924761712551117,0.49875356125356124,1786436000.6349745
11,11886,0.3930518925189972,0.4991115849324805,1786436000.7237399
11,11887,0.3327173888683319,0.49929078014184397,1786436000.81268
11,11888,0.4581078588962555,0.49920382165605093,1786436000.9013205
11,11889,0.2673114538192749,0.4994703389830508,1786436000.9893012
11,11890,0.2521723210811615,0.4997357293868922,1786436001.0772333
11,11891,0.8197910785675049,0.49912095639943743,1786436001.1666276
11,11892,0.3070031404495239,0.49956140350877193,1786436001.2551684
11,11893,0.25607186555862427,0.5,1786436001.3456585
11,11894,0.4353010058403015,0.5001747030048916,1786436001.433852
11,11895,0.7906575798988342,0.5,1786436001.5227416
11,11896,0.7132607698440552,0.4995650661099513,1786436001.611996
11,11897,0.4007348418235779,0.4995659722222222,1786436001.704168
11,11898,0.2657161355018616,0.500086625086625,1786436001.7998223
11,11899,0.28961801528930664,0.49913554633471646,1786436001.8937488
11,11900,0.24231162667274475,0.4995686680469289,1786436001.9831362
11,11901,0.2566864788532257,0.4997417355371901,1786436002.0717857
11,11902,0.2426888346672058,0.5001718213058419,1786436002.16052
11,11903,0.3292119801044464,0.5001714677640604,1786436002.2486746
11,11904,0.2961254119873047,0.5003422313483915,1786436002.3364997
11,11905,0.6752182245254517,0.4999146174863388,1786436002.4253576
11,11906,0.265546590089798,0.5002556237218814,1786436002.5145566
11,11907,0.22841064631938934,0.5005952380952381,1786436002.6040692
11,11908,0.21585653722286224,0.5013577732518669,1786436002.6920717
11,11909,0.3813144266605377,0.5014397018970189,1786436002.7808173
11,11910,0.29567423462867737,0.5013522650439486,1786436002.8753746
11,11911,0.3822952210903168,0.5014338731443995,1786436002.9628422
11,11912,0.3292717933654785,0.5014309764309764,1786436003.0518544
11,11913,0.24932509660720825,0.5015961021505376,1786436003.1393335
11,11914,0.36087581515312195,0.5018443997317237,1786436003.227757
11,11915,0.5668221116065979,0.5010876840696118,1786436003.3199482
11,11916,0.3008868396282196,0.5011690046760187,1786436003.413963
11,11917,0.24192437529563904,0.5015,1786436003.505021
11,11918,0.2269112765789032,0.5020791749833666,1786436003.5937035
11,11919,0.2272876352071762,0.5025730411686588,1786436003.6817636
11,11920,0.4058172404766083,0.5019052352551359,1786436003.7757335
11,11921,0.272640585899353,0.501984126984127,1786436003.8638725
11,11922,0.6583251953125,0.5020627062706271,1786436003.9525337
11,11923,0.3740619421005249,0.5018939393939394,1786436004.044275
11,11924,0.42693471908569336,0.5020545693622617,1786436004.1329832
11,11925,0.6284705400466919,0.5015583989501312,1786436004.2224386
11,11926,0.3744203746318817,0.5017190569744597,1786436004.3116095
11,11927,0.447482705116272,0.5015522875816993,1786436004.3992782
11,11928,0.2171332687139511,0.5019569471624267,1786436004.487217
11,11929,0.2731146216392517,0.501220703125,1786436004.5758154
11,11930,0.34779092669487,0.5008122157244964,1786436004.6642094
11,11931,0.33262860774993896,0.5003242542153048,1786436004.7533019
11,11932,0.21203580498695374,0.49975728155339805,1786436004.8419843
11,11933,0.29401177167892456,0.49983850129198965,1786436004.930411
11,11934,0.34832537174224854,0.49959703417150225,1786436005.0193768
11,11935,0.38001856207847595,0.4996782496782497,1786436005.1084127
11,11936,0.2960127592086792,0.4991971740526654,1786436005.1976402
11,11937,0.4265426993370056,0.49943910256410257,1786436005.2862735
11,11938,0.3050248920917511,0.4996001279590531,1786436005.3745928
11,11939,0.2952377200126648,0.4990421455938697,1786436005.4641058
11,11940,0.38279974460601807,0.498565965583174,1786436005.5535722
11,11941,0.23486435413360596,0.49888676844783714,1786436005.6422517
11,11942,0.3587922751903534,0.49944444444444447,1786436005.7309186
11,11943,0.3581882417201996,0.49865335868187577,1786436005.8199034
11,11944,0.3857273757457733,0.4986559139784946,1786436005.9089844
11,11945,0.31880253553390503,0.4989741161616162,1786436005.9967225
11,11946,0.4350402057170868,0.4985822306238185,1786436006.0857038
11,11947,0.30754515528678894,0.49858490566037733,1786436006.1742008
11,11948,0.2869035005569458,0.4988229755178908,1786436006.2635467
11,11949,0.3417552709579468,0.4992951127819549,1786436006.353008
11,11950,0.4442344307899475,0.49953095684803,1786436006.4406831
11,11951,0.23205550014972687,0.5,1786436006.5285158
11,11952,0.24832966923713684,0.5003894080996885,1786436006.6177979
11,11953,0.20487163960933685,0.5006996268656716,1786436006.710165
11,11954,0.24825133383274078,0.5010862818125388,1786436006.8015258
11,11955,0.35523656010627747,0.5006195786864932,1786436006.8937714
11,11956,0.38550594449043274,0.5003092145949288,1786436006.9853318
11,11957,0.2515278458595276,0.5006172839506173,1786436007.0735898
11,11958,0.25190621614456177,0.5009242144177449,1786436007.16198
11,11959,0.22830651700496674,0.5013068880688807,1786436007.2500389
11,11960,0.37781500816345215,0.5007673419275629,1786436007.3391678
11,11961,0.34045034646987915,0.5008425245098039,1786436007.4268477
11,11962,0.3114979565143585,0.5009938837920489,1786436007.5172122
11,11963,0.2190718799829483,0.5012973137973138,1786436007.6046698
11,11964,0.29087668657302856,0.5013711151736746,1786436007.693336
11,11965,0.5569819211959839,0.5009124087591241,1786436007.7819605
11,11966,0.39041924476623535,0.5009866423800851,1786436007.8696308
11,11967,0.2611059546470642,0.5012878787878788,1786436007.9576335
11,11968,0.43014007806777954,0.5013611615245009,1786436008.0461872
11,11969,0.3608144521713257,0.501887077294686,1786436008.134523
11,11970,0.23549430072307587,0.5015069318866787,1786436008.2231739
11,11971,0.39710187911987305,0.5014290012033694,1786436008.312262
11,11972,0.31447505950927734,0.5016516516516516,1786436008.3998938
11,11973,0.2855169177055359,0.5019484412470024,1786436008.4882755
11,11974,0.2262328714132309,0.502393776181927,1786436008.5757086
11,11975,0.3700753152370453,0.5025388291517324,1786436008.6642482
11,11976,0.6040821075439453,0.5021615980918307,1786436008.7530384
11,11977,0.6632291674613953,0.5015625,1786436008.8430166
11,11978,0.2723216116428375,0.5021538918597742,1786436008.9353926
11,11979,0.24682527780532837,0.5022983392645315,1786436009.0257137
11,11980,0.503558874130249,0.5019982238010657,1786436009.116659
11,11981,0.2943018078804016,0.5022901891252955,1786436009.2049353
11,11982,0.3881602883338928,0.5026548672566372,1786436009.2938955
11,11983,0.5072314739227295,0.5025029446407538,1786436009.382506
11,11984,0.31496158242225647,0.5026455026455027,1786436009.4703956
11,11985,0.24450229108333588,0.5028609154929577,1786436009.5581038
11,11986,0.2669079899787903,0.5030755711775043,1786436009.6456785
11,11987,0.33204278349876404,0.5033625730994152,1786436009.7359793
11,11988,0.4784270226955414,0.5035755983654407,1786436009.8263898
11,11989,0.33309462666511536,0.5035693473193473,1786436009.9142556
11,11990,0.33998024463653564,0.5035631180919139,1786436010.0026412
11,11991,0.3697616457939148,0.5037020905923345,1786436010.0915267
11,11992,0.21777671575546265,0.5042753623188406,1786436010.1793683
11,11993,0.39885514974594116,0.5041956018518519,1786436010.2670445
11,11994,0.29656606912612915,0.5044771808203351,1786436010.3549442
11,11995,0.2842862904071808,0.5046856978085352,1786436010.443133
11,11996,0.27565115690231323,0.5048934945308002,1786436010.530848
11,11997,0.2998134195804596,0.5048850574712643,1786436010.6193779
11,11998,0.30816853046417236,0.50530694205393,1786436010.707069
11,11999,0.44909560680389404,0.5046534936998854,1786436010.7952354
11,12000,0.3252541422843933,0.5049313893653516,1786436010.8829532
11,12001,0.48415207862854004,0.5051369863013698,1786436010.9765997
11,12002,0.3421255648136139,0.5050569800569801,1786436011.0699553
11,12003,0.2580466568470001,0.5055460750853242,1786436011.1624238
11,12004,0.3642755150794983,0.505465644520159,1786436011.2514727
11,12005,0.22866949439048767,0.5058106575963719,1786436011.3402116
11,12006,0.2483842819929123,0.5060837577815507,1786436011.4295998
11,12007,0.26118892431259155,0.5064971751412429,1786436011.5181131
11,12008,0.3252735435962677,0.5067681895093062,1786436011.6076984
11,12009,0.3476269245147705,0.5068975225225225,1786436011.70077
11,12010,0.22887621819972992,0.507026419336706,1786436011.7939982
11,12011,0.44683146476745605,0.5071548821548821,1786436011.8862402
11,12012,0.3702543079853058,0.5071428571428571,1786436011.9761167
11,12013,0.2707245945930481,0.507410514541387,1786436012.0672185
11,12014,0.321321040391922,0.507607481853713,1786436012.1583605
11,12015,0.6704262495040894,0.5072463768115942,1786436012.2475288
11,12016,0.2757740318775177,0.5073038397328882,1786436012.3441463
11,12017,0.47718894481658936,0.5073611111111112,1786436012.4340355
11,12018,0.3414868712425232,0.5074181919023849,1786436012.5219305
11,12019,0.35188591480255127,0.5068521594684385,1786436012.6110694
11,12020,0.2692006826400757,0.5071862907683803,1786436012.6986272
11,12021,0.3639299273490906,0.5073813465783664,1786436012.7865272
11,12022,0.34034281969070435,0.5074380165289256,1786436012.874975
11,12023,0.18662962317466736,0.5080445544554455,1786436012.963589
11,12024,0.5505672097206116,0.5077567270730368,1786436013.0531094
11,12025,0.48614588379859924,0.5076754385964912,1786436013.1433725
11,12026,0.5444256067276001,0.5074575807334428,1786436013.2372415
11,12027,0.36153483390808105,0.5075819672131148,1786436013.328958
11,12028,0.5763765573501587,0.5072285870158211,1786436013.4188092
11,12029,0.5669059753417969,0.5068082788671024,1786436013.507841
11,12030,0.28459563851356506,0.5061174551386624,1786436013.5964735
11,12031,0.4556349515914917,0.5061753528773073,1786436013.686913
11,12032,0.29876816272735596,0.5064363143631436,1786436013.7757483
11,12033,0.5220568180084229,0.5063582251082251,1786436013.8645334
11,12034,0.302990198135376,0.5066180443003782,1786436013.952077
11,12035,0.6222826242446899,0.5060679611650486,1786436014.0407395
11,12036,0.31067362427711487,0.5063947226709747,1786436014.128494
11,12037,0.2803977429866791,0.5065860215053763,1786436014.220418
11,12038,0.2831389009952545,0.5069108964036501,1786436014.31427
11,12039,0.45679420232772827,0.5069667738478028,1786436014.408008
11,12040,0.5823602676391602,0.5065543071161048,1786436014.5026407
11,12041,0.2359243780374527,0.5068776709401709,1786436014.5960908
11,12042,0.3221830725669861,0.5069333333333333,1786436014.6868918
11,12043,0.38580235838890076,0.5068556975505857,1786436014.7870948
11,12044,0.4059555232524872,0.5064460393407761,1786436014.8909864
11,12045,0.27375054359436035,0.5066348195329087,1786436014.9915793
11,12046,0.33101534843444824,0.5066905140434552,1786436015.0897038
11,12047,0.31071990728378296,0.5068783068783069,1786436015.177941
11,12048,0.48149800300598145,0.506933438985737,1786436015.27997
11,12049,0.3382033407688141,0.5069224683544303,1786436015.372017
11,12050,0.3235822916030884,0.5072406529752501,1786436015.4703543
11,12051,0.2760382294654846,0.5074921135646687,1786436015.5642111
11,12052,0.2669071853160858,0.5076771653543307,1786436015.6656733
11,12053,0.5718023180961609,0.5072064989517819,1786436015.767169
11,12054,0.3002312183380127,0.5074568288854003,1786436015.8606133
11,12055,0.5973185896873474,0.5069226750261233,1786436015.9503894
11,12056,0.43741750717163086,0.5071726656233698,1786436016.0424569
11,12057,0.39466026425361633,0.506640625,1786436016.138187
11,12058,0.2753508985042572,0.5070852834113364,1786436016.2383332
11,12059,0.232431098818779,0.5064252336448598,1786436016.328301
11,12060,0.28864529728889465,0.5065448418869881,1786436016.4180348
11,12061,0.28108513355255127,0.5065346790890269,1786436016.5110042
11,12062,0.25697797536849976,0.50671834625323,1786436016.6028376
11,12063,0.43411755561828613,0.5067724458204335,1786436016.6955633
11,12064,0.5548586845397949,0.506246780010304,1786436016.7887151
11,12065,0.34128156304359436,0.5063657407407407,1786436016.8784328
11,12066,0.2630012035369873,0.506612737544941,1786436016.9677272
11,12067,0.4072059392929077,0.5067307692307692,1786436017.0564606
11,12068,0.32637664675712585,0.5071044546850998,1786436017.1461692
11,12069,0.2637466788291931,0.5070935582822086,1786436017.2359307
11,12070,0.28296980261802673,0.5073379275140377,1786436017.3392212
11,12071,0.2954539358615875,0.5071992864424058,1786436017.4385495
11,12072,0.4929835796356201,0.5073155216284987,1786436017.5291288
11,12073,0.2952989935874939,0.507494918699187,1786436017.6203659
11,12074,0.33321818709373474,0.5069127346524607,1786436017.714325
11,12075,0.48530498147010803,0.5065222897669707,1786436017.8071315
11,12076,0.31082215905189514,0.5068917551846231,1786436017.8968027
11,12077,0.34431618452072144,0.5073232323232323,1786436017.9892466
11,12078,0.26026633381843567,0.5076273323247604,1786436018.0787835
11,12079,0.28672635555267334,0.5070493454179255,1786436018.1688597
11,12080,0.49310392141342163,0.5070387129210658,1786436018.257676
11,12081,0.35260725021362305,0.5071536144578314,1786436018.3476956
11,12082,0.2926797568798065,0.5073934837092732,1786436018.4379385
11,12083,0.30745917558670044,0.5075075075075075,1786436018.5301533
11,12084,0.514441192150116,0.5073088455772113,1786436018.6198068
11,12085,0.3467783033847809,0.5075474051896207,1786436018.7084856
11,12086,0.2981724739074707,0.5079098156452416,1786436018.797614
11,12087,0.21675348281860352,0.5083333333333333,1786436018.8874953
11,12088,0.351516991853714,0.50801043219076,1786436018.97749
11,12089,0.23455466330051422,0.5081845238095238,1786436019.0666475
11,12090,0.3857153058052063,0.5075532441802872,1786436019.1582181
11,12091,0.33950597047805786,0.5076656775469832,1786436019.2468138
11,12092,0.558771014213562,0.5070370370370371,1786436019.3366437
11,12093,0.6379416584968567,0.5067184418145957,1786436019.4262133
11,12094,0.2570631206035614,0.5069547021171836,1786436019.5150948
11,12095,0.3807229697704315,0.5070673549655851,1786436019.6040409
11,12096,0.5041096210479736,0.5066887579774177,1786436019.6952684
11,12097,0.3751643896102905,0.5068014705882353,1786436019.7849834
11,12098,0.2875472605228424,0.5068526676456192,1786436019.8745594
11,12099,0.24143220484256744,0.507270283479961,1786436019.9639502
11,12100,0.3345627784729004,0.5069546120058566,1786436020.054816
11,12101,0.5123289227485657,0.5068835282651072,1786436020.1454098
11,12102,0.37421759963035583,0.5070559610705596,1786436020.2340262
11,12103,0.41495823860168457,0.5070456754130224,1786436020.3241918
11,12104,0.4404104948043823,0.5066108685104318,1786436020.414462
11,12105,0.3487201929092407,0.5064195736434108,1786436020.504569
11,12106,0.5629204511642456,0.5065312046444121,1786436020.594375
11,12107,0.2664012908935547,0.5066425120772947,1786436020.6831806
11,12108,0.41876742243766785,0.5066931982633864,1786436020.772624
11,12109,0.6289829015731812,0.5066835260115607,1786436020.862374
11,12110,0.3623497784137726,0.5067941317941318,1786436020.9521122
11,12111,0.34803876280784607,0.5069644572526417,1786436021.046204
11,12112,0.7647910714149475,0.5066546762589929,1786436021.13613
11,12113,0.3561655282974243,0.5068845785440613,1786436021.2259
11,12114,0.3638371527194977,0.5068747010999521,1786436021.3155699
11,12115,0.2971098721027374,0.5071633237822349,1786436021.4056282
11,12116,0.3753299117088318,0.5071530758226037,1786436021.4949532
11,12117,0.25715968012809753,0.5072619047619048,1786436021.5836487
11,12118,0.4020000994205475,0.5073704232049453,1786436021.6745877
11,12119,0.4565446376800537,0.5073599240265907,1786436021.7633836
11,12120,0.347911536693573,0.5073494547178757,1786436021.8510036
11,12121,0.2003677487373352,0.5078716856060606,1786436021.9394848
11,12122,0.35775116086006165,0.5076241134751773,1786436022.0295417
11,12123,0.4441366195678711,0.5072592067988668,1786436022.1188776
11,12124,0.2575562596321106,0.5074257425742574,1786436022.2082992
11,12125,0.21242626011371613,0.507768361581921,1786436022.2962756
11,12126,0.30926138162612915,0.5077574047954866,1786436022.3854282
11,12127,0.4164678752422333,0.5071009389671362,1786436022.4743588
11,12128,0.26867279410362244,0.507149554617909,1786436022.562578
11,12129,0.2632279396057129,0.5066713483146067,1786436022.6514509
11,12130,0.3068498969078064,0.5068957456755493,1786436022.739842
11,12131,0.33611294627189636,0.5070611577964519,1786436022.8285236
11,12132,0.33891475200653076,0.5072843822843823,1786436022.917203
11,12133,0.32735735177993774,0.5075651769087524,1786436023.0053458
11,12134,0.7528250813484192,0.5071478382147838,1786436023.0945275
11,12135,0.268515020608902,0.5073119777158774,1786436023.18381
11,12136,0.4653169512748718,0.5076495132127955,1786436023.2720182
11,12137,0.25332751870155334,0.5078703703703704,1786436023.3625243
11,12138,0.29767906665802,0.5078594544613962,1786436023.452087
11,12139,0.5229339599609375,0.5073291782086796,1786436023.5412078
11,12140,0.24987293779850006,0.5075495620101429,1786436023.6298277
11,12141,0.5029934644699097,0.5075391344383057,1786436023.7184117
11,12142,0.7144120335578918,0.5074712643678161,1786436023.806062
11,12143,0.3934211730957031,0.5075757575757576,1786436023.8939552
11,12144,0.49484512209892273,0.5076799633195782,1786436023.9818656
11,12145,0.33767715096473694,0.5078983516483516,1786436024.0700414
11,12146,0.1848098635673523,0.5082304526748971,1786436024.1588557
11,12147,0.44250696897506714,0.5083904109589041,1786436024.2476768
11,12148,0.2773759663105011,0.5087779297765618,1786436024.3352516
11,12149,0.3668653666973114,0.5088228597449909,1786436024.42423
11,12150,0.25496000051498413,0.5090381991814461,1786436024.5119953
11,12151,0.6032055616378784,0.508571752951862,1786436024.6012356
11,12152,0.3818795084953308,0.5082766439909298,1786436024.691435
11,12153,0.2610972225666046,0.5084352355072463,1786436024.7813573
11,12154,0.5836410522460938,0.5085368611488015,1786436024.8710191
11,12155,0.20230114459991455,0.508864046973803,1786436024.9601693
11,12156,0.27922722697257996,0.5089084348218313,1786436025.049184
11,12157,0.3572033941745758,0.5083333333333333,1786436025.1389225
11,12158,0.25826510787010193,0.508659469185785,1786436025.228841
11,12159,0.3149876892566681,0.5086477987421384,1786436025.3178954
11,12160,0.4059712588787079,0.5088043965903993,1786436025.408724
11,12161,0.21617501974105835,0.509016577060932,1786436025.4973288
11,12162,0.5625230073928833,0.5088366890380314,1786436025.5876508
11,12163,0.2624533772468567,0.5090482573726541,1786436025.676284
11,12164,0.3557431995868683,0.5092034805890228,1786436025.7643433
11,12165,0.3903348445892334,0.5093025846702317,1786436025.8573923
11,12166,0.27491217851638794,0.5095126835781041,1786436025.9571753
11,12167,0.31345707178115845,0.5096111111111111,1786436026.0491369
11,12168,0.28503140807151794,0.5092099422991567,1786436026.138688
11,12169,0.37284043431282043,0.5092531028368794,1786436026.2265017
11,12170,0.28841376304626465,0.5093514829570607,1786436026.3141232
11,12171,0.23191224038600922,0.5096153846153846,1786436026.4019804
11,12172,0.27984416484832764,0.5091611479028697,1786436026.4912348
11,12173,0.3633373975753784,0.5094797178130511,1786436026.5798872
11,12174,0.28024229407310486,0.5097974460590048,1786436026.6680217
11,12175,0.26316478848457336,0.5101693051890941,1786436026.7557395
11,12176,0.6235361099243164,0.5097716293368467,1786436026.8444088
11,12177,0.3610028028488159,0.5099232456140351,1786436026.9318829
11,12178,0.514883816242218,0.50991020586947,1786436027.0204797
11,12179,0.281923770904541,0.510061242344707,1786436027.109755
11,12180,0.6887916326522827,0.5097750109217999,1786436027.1991675
11,12181,0.29753583669662476,0.5098712914485166,1786436027.2947655
11,12182,0.43054717779159546,0.5098039215686274,1786436027.391895
11,12183,0.5984890460968018,0.5095735422106179,1786436027.4845102
11,12184,0.24341470003128052,0.509180790960452,1786436027.574149
11,12185,0.3097717761993408,0.5091688368055556,1786436027.666199
11,12186,0.2131444662809372,0.5095361941915908,1786436027.7543795
11,12187,0.2733858823776245,0.5097402597402597,1786436027.8437378
11,12188,0.40172749757766724,0.5096735840899265,1786436027.9330962
11,12189,0.25901681184768677,0.5098769430051814,1786436028.022043
11,12190,0.3740931451320648,0.5100258732212161,1786436028.10981
11,12191,0.3355366289615631,0.5100129198966409,1786436028.197511
11,12192,0.22528861463069916,0.5101612903225806,1786436028.2854671
11,12193,0.5129249691963196,0.5102018900343642,1786436028.3727562
11,12194,0.4519912302494049,0.5097061347061347,1786436028.4616184
11,12195,0.2288251668214798,0.5100149957155099,1786436028.549771
11,12196,0.2762027382850647,0.5102160890029953,1786436028.6376915
11,12197,0.6689411401748657,0.5099893162393162,1786436028.7383375
11,12198,0.2684248089790344,0.5102432778489117,1786436028.8318
11,12199,0.2421959638595581,0.5105498721227621,1786436028.9208338
11,12200,0.3889198899269104,0.5100574712643678,1786436029.017062
11,12201,0.2497478723526001,0.5103103741496599,1786436029.1093779
11,12202,0.4386597275733948,0.5101380042462845,1786436029.2075546
11,12203,0.39061564207077026,0.510178117048346,1786436029.297635
11,12204,0.32882070541381836,0.5103240152477764,1786436029.3851147
11,12205,0.26842623949050903,0.5103637901861252,1786436029.4817464
11,12206,0.3184206187725067,0.5098225602027884,1786436029.579999
11,12207,0.5955900549888611,0.5096518987341773,1786436029.6689649
11,12208,0.2848655581474304,0.5096923725242309,1786436029.7595627
11,12209,0.6557154655456543,0.5095749158249159,1786436029.8523414
11,12210,0.2925374209880829,0.5097204707860445,1786436029.9412956
11,12211,0.22701649367809296,0.5098656591099916,1786436030.039694
11,12212,0.3398248553276062,0.5093815513626835,1786436030.129748
11,12213,0.1967637687921524,0.5095268006700168,1786436030.2227244
11,12214,0.28384873270988464,0.5094625679631953,1786436030.3191688
11,12215,0.3274184763431549,0.5089807852965748,1786436030.412036
11,12216,0.3398352861404419,0.5086566541510221,1786436030.5103686
11,12217,0.3839818835258484,0.5086458333333334,1786436030.6084304
11,12218,0.4904485046863556,0.508270911360799,1786436030.697513
11,12219,0.25993674993515015,0.508520365752286,1786436030.7912579
11,12220,0.42095571756362915,0.5085097550850975,1786436030.8791208
11,12221,0.372216135263443,0.5080327529021559,1786436030.9716659
11,12222,0.33056315779685974,0.5081262939958592,1786436031.0656245
11,12223,0.3345932364463806,0.5082712985938792,1786436031.1579406
11,12224,0.39794179797172546,0.5078996282527881,1786436031.2490046
11,12225,0.3204156458377838,0.5078382838283828,1786436031.3364046
11,12226,0.3881658613681793,0.5079316028018129,1786436031.4244316
11,12227,0.2687750458717346,0.5074588477366255,1786436031.5139813
11,12228,0.6540753245353699,0.5072441430332922,1786436031.6038659
11,12229,0.4208632707595825,0.5073891625615764,1786436031.704378
11,12230,0.22995629906654358,0.5076875768757687,1786436031.7927597
11,12231,0.3063042163848877,0.5079340704340705,1786436031.8805015
11,12232,0.5446110963821411,0.5077709611451943,1786436031.9803221
11,12233,0.5467685461044312,0.5076082516339869,1786436032.07266
11,12234,0.5796815156936646,0.5074969400244798,1786436032.1676538
11,12235,0.3681745231151581,0.5077424612876935,1786436032.255425
11,12236,0.2758708894252777,0.5078347578347578,1786436032.342536
11,12237,0.18172016739845276,0.5081808943089431,1786436032.4396245
11,12238,0.3787476718425751,0.5082216808769793,1786436032.5361867
11,12239,0.22903218865394592,0.5079075425790754,1786436032.630353
11,12240,0.29228073358535767,0.5079485621709194,1786436032.719167
11,12241,0.568886399269104,0.5078883495145631,1786436032.808376
11,12242,0.30656200647354126,0.5075757575757576,1786436032.8988974
11,12243,0.3970712125301361,0.5074656981436643,1786436032.9881303
11,12244,0.40840810537338257,0.5075070536074163,1786436033.078447
11,12245,0.2665632963180542,0.5078502415458938,1786436033.1676486
11,12246,0.3287104666233063,0.5079412947326095,1786436033.2572296
11,12247,0.34189078211784363,0.5078313253012048,1786436033.3453014
11,12248,0.32744425535202026,0.5079723225030084,1786436033.4339442
11,12249,0.3152196407318115,0.5081129807692307,1786436033.521969
11,12250,0.3408987820148468,0.5081532613045218,1786436033.6098726
11,12251,0.4853110909461975,0.5078936850519584,1786436033.699988
11,12252,0.4891228675842285,0.5074850299401198,1786436033.7886443
11,12253,0.3449800908565521,0.5076255980861244,1786436033.8772447
11,12254,0.4359671175479889,0.5072680207088809,1786436033.9667106
11,12255,0.36072784662246704,0.5067621320604614,1786436034.0558012
11,12256,0.2550015449523926,0.507052046086611,1786436034.1437345
11,12257,0.31107592582702637,0.507093253968254,1786436034.2319841
11,12258,0.4928017854690552,0.5069361870788743,1786436034.3210135
11,12259,0.2881726622581482,0.5070269200316706,1786436034.4100273
11,12260,0.5901258587837219,0.5071668643732701,1786436034.498843
11,12261,0.4954806864261627,0.5072571090047393,1786436034.5895598
11,12262,0.3545449376106262,0.5068047337278107,1786436034.678719
11,12263,0.4002346396446228,0.5067966903073287,1786436034.767865
11,12264,0.33436307311058044,0.5068378591105864,1786436034.8554904
11,12265,0.30034735798835754,0.5070263364779874,1786436034.944012
11,12266,0.3393797278404236,0.5072634471927758,1786436035.0324056
11,12267,0.2960406243801117,0.5073529411764706,1786436035.120453
11,12268,0.2258192002773285,0.5075891108499804,1786436035.2081394
11,12269,0.302727609872818,0.5076291079812206,1786436035.2956955
11,12270,0.33107125759124756,0.5076690113325518,1786436035.3835263
11,12271,0.2775490880012512,0.5078551912568307,1786436035.4713066
11,12272,0.31657204031944275,0.5079922027290449,1786436035.5593963
11,12273,0.3076721429824829,0.5080802180685359,1786436035.6484413
11,12274,0.337410032749176,0.5081680280046674,1786436035.737454
11,12275,0.47508203983306885,0.5079642579642579,1786436035.826067
11,12276,0.3463115990161896,0.5081005044625534,1786436035.9136689
11,12277,0.5381265878677368,0.5077519379844961,1786436036.002735
11,12278,0.5403263568878174,0.5075493612078978,1786436036.091424
11,12279,0.33653372526168823,0.507153905645785,1786436036.1803176
11,12280,0.26525577902793884,0.5073870220162224,1786436036.2685716
11,12281,0.2563798427581787,0.5076195987654321,1786436036.3573296
11,12282,0.4867830276489258,0.5072736030828516,1786436036.4519608
11,12283,0.5369206666946411,0.5068321785989223,1786436036.5442297
11,12284,0.2723328471183777,0.5070645905420992,1786436036.6312187
11,12285,0.2629860043525696,0.5071524577572964,1786436036.7187366
11,12286,0.3759387731552124,0.5072401227464519,1786436036.804984
11,12287,0.42729902267456055,0.5073275862068966,1786436036.8913748
11,12288,0.29076385498046875,0.5073670110983544,1786436036.9782996
11,12289,0.3060029447078705,0.5075974770642202,1786436037.06506
11,12290,0.19552312791347504,0.5072546773577702,1786436037.1535726
11,12291,0.46005409955978394,0.5072463768115942,1786436037.2401056
11,12292,0.19133111834526062,0.5076190476190476,1786436037.326159
11,12293,0.3412831127643585,0.507277397260274,1786436037.4131346
11,12294,0.42140278220176697,0.5072215887495249,1786436037.4991417
11,12295,0.34683191776275635,0.507165907365224,1786436037.5847867
11,12296,0.256904274225235,0.5072525597269625,1786436037.6711373
11,12297,0.5165318250656128,0.5070075757575757,1786436037.7590406
11,12298,0.2888096272945404,0.507094211123723,1786436037.8454344
11,12299,0.4666820764541626,0.5071334089191232,1786436037.9335017
11,12300,0.36835965514183044,0.5072197055492639,1786436038.0207586
11,12301,0.317796528339386,0.507447209653092,1786436038.108764
11,12302,0.6110451221466064,0.5072033898305085,1786436038.196761
11,12303,0.36504897475242615,0.507242287434161,1786436038.2834327
11,12304,0.2018662393093109,0.5069052987598647,1786436038.3707104
12,12305,0.2926770746707916,0.625,1786436044.2960484
12,12306,0.4963144361972809,0.4375,1786436044.3913245
12,12307,0.5905269384384155,0.4305555555555556,1786436044.4886365
12,12308,0.5098620057106018,0.40625,1786436044.5933213
12,12309,0.32561933994293213,0.43333333333333335,1786436044.7128232
12,12310,0.35093235969543457,0.4652777777777778,1786436044.8195145
12,12311,0.288241446018219,0.5059523809523809,1786436044.9213166
12,12312,0.2476954460144043,0.5364583333333334,1786436045.0122342
12,12313,0.2793325185775757,0.5416666666666666,1786436045.1047308
12,12314,0.18808329105377197,0.5708333333333333,1786436045.2063286
12,12315,0.24439771473407745,0.5833333333333334,1786436045.2984128
12,12316,0.287809818983078,0.59375,1786436045.3880477
12,12317,0.266345739364624,0.5673076923076923,1786436045.477777
12,12318,0.33700090646743774,0.5744047619047619,1786436045.570055
12,12319,0.4307704567909241,0.5444444444444444,1786436045.665385
12,12320,0.3118548095226288,0.546875,1786436045.7534676
12,12321,0.23836074769496918,0.5563725490196079,1786436045.844647
12,12322,0.2668597102165222,0.5601851851851852,1786436045.9320748
12,12323,0.2385808825492859,0.5723684210526315,1786436046.0209281
12,12324,0.2872765064239502,0.5791666666666667,1786436046.1091719
12,12325,0.3135393559932709,0.5753968253968254,1786436046.1968696
12,12326,0.36063069105148315,0.5814393939393939,1786436046.2861211
12,12327,0.410166472196579,0.5797101449275363,1786436046.37559
12,12328,0.7086323499679565,0.5833333333333334,1786436046.4648464
12,12329,0.2888743579387665,0.585,1786436046.552879
12,12330,0.3442002534866333,0.5833333333333334,1786436046.6422777
12,12331,0.24531708657741547,0.5879629629629629,1786436046.7304156
12,12332,0.41685381531715393,0.5818452380952381,1786436046.8186939
12,12333,0.2388898730278015,0.5847701149425287,1786436046.9064972
12,12334,0.28917670249938965,0.5861111111111111,1786436046.9951746
12,12335,0.23054829239845276,0.5779569892473119,1786436047.0841048
12,12336,0.46515071392059326,0.5794270833333334,1786436047.1736114
12,12337,0.26879480481147766,0.5808080808080808,1786436047.2621756
12,12338,0.3697272837162018,0.5808823529411765,1786436047.3504817
12,12339,0.4313812255859375,0.5678571428571428,1786436047.4395094
12,12340,0.29188525676727295,0.5671296296296297,1786436047.5271864
12,12341,0.3876212537288666,0.5686936936936937,1786436047.6151319
12,12342,0.43136924505233765,0.5668859649122807,1786436047.7026358
12,12343,0.32525089383125305,0.5705128205128205,1786436047.7912447
12,12344,0.62205970287323,0.559375,1786436047.8805058
12,12345,0.4845837354660034,0.5508130081300813,1786436047.970027
12,12346,0.27258121967315674,0.5545634920634921,1786436048.0589764
12,12347,0.36835435032844543,0.5523255813953488,1786436048.1482303
12,12348,0.3630610704421997,0.5539772727272727,1786436048.2358973
12,12349,0.33453115820884705,0.5574074074074075,1786436048.3250551
12,12350,0.42510777711868286,0.5561594202898551,1786436048.4129186
12,12351,0.3735722601413727,0.5558510638297872,1786436048.501436
12,12352,0.6182713508605957,0.5529513888888888,1786436048.5905614
12,12353,0.2703177034854889,0.5527210884353742,1786436048.6801684
12,12354,0.3313368260860443,0.555,1786436048.7690752
12,12355,0.3428972363471985,0.5531045751633987,1786436048.8571382
12,12356,0.325330913066864,0.5544871794871795,1786436048.944707
12,12357,0.2884567677974701,0.5566037735849056,1786436049.0324798
12,12358,0.30589696764945984,0.558641975308642,1786436049.1203344
12,12359,0.6274887323379517,0.5553030303030303,1786436049.2097723
12,12360,0.2786921262741089,0.5580357142857143,1786436049.2989008
12,12361,0.6164765357971191,0.554093567251462,1786436049.388362
12,12362,0.37889257073402405,0.5581896551724138,1786436049.4775133
12,12363,0.5704442858695984,0.5543785310734464,1786436049.5659013
12,12364,0.31471025943756104,0.5555555555555556,1786436049.6535795
12,12365,0.334673136472702,0.5546448087431693,1786436049.7420087
12,12366,0.5355759263038635,0.5557795698924731,1786436049.830935
12,12367,0.23996856808662415,0.5582010582010583,1786436049.918696
12,12368,0.32275405526161194,0.55859375,1786436050.0066268
12,12369,0.4103733003139496,0.5596153846153846,1786436050.096295
12,12370,0.2550918459892273,0.553030303030303,1786436050.1843936
12,12371,0.5165371298789978,0.5522388059701493,1786436050.2730143
12,12372,0.4569060206413269,0.553921568627451,1786436050.3610082
12,12373,0.2491740733385086,0.5543478260869565,1786436050.451015
12,12374,0.3408011794090271,0.5529761904761905,1786436050.5410798
12,12375,0.363962858915329,0.5498826291079812,1786436050.6298144
12,12376,0.21679933369159698,0.5526620370370371,1786436050.719055
12,12377,0.21824100613594055,0.5570776255707762,1786436050.8087554
12,12378,0.24393589794635773,0.5591216216216216,1786436050.8972795
12,12379,0.2926006317138672,0.5622222222222222,1786436050.986531
12,12380,0.35160648822784424,0.5581140350877193,1786436051.0761144
12,12381,0.37704235315322876,0.5579004329004329,1786436051.164189
12,12382,0.32804110646247864,0.5582264957264957,1786436051.2526724
12,12383,0.37029528617858887,0.5590717299578059,1786436051.3436656
12,12384,0.27840039134025574,0.559375,1786436051.4315796
12,12385,0.3930981159210205,0.5565843621399177,1786436051.5205805
12,12386,0.32088935375213623,0.5579268292682927,1786436051.6095042
12,12387,0.5204347968101501,0.5562248995983936,1786436051.6989279
12,12388,0.4006114900112152,0.5555555555555556,1786436051.788622
12,12389,0.3996925950050354,0.5514705882352942,1786436051.8780425
12,12390,0.29076722264289856,0.5532945736434108,1786436051.9664817
12,12391,0.3099260926246643,0.553639846743295,1786436052.0558405
12,12392,0.33511820435523987,0.5539772727272727,1786436052.1451726
12,12393,0.3828771114349365,0.5491573033707865,1786436052.2353365
12,12394,0.3052233159542084,0.5481481481481482,1786436052.3235145
12,12395,0.7296773195266724,0.5448717948717948,1786436052.4121277
12,12396,0.24110180139541626,0.5452898550724637,1786436052.5001478
12,12397,0.2742990553379059,0.5456989247311828,1786436052.5883386
12,12398,0.2893281877040863,0.5456560283687943,1786436052.6775613
12,12399,0.329802930355072,0.5469298245614035,1786436052.7656019
12,12400,0.3763825297355652,0.5438368055555556,1786436052.854574
12,12401,0.28248336911201477,0.5442439862542955,1786436052.9430945
12,12402,0.544106125831604,0.54421768707483,1786436053.0319846
12,12403,0.511950671672821,0.5416666666666666,1786436053.1205037
12,12404,0.2249538004398346,0.545,1786436053.2083519
12,12405,0.40375757217407227,0.54496699669967,1786436053.295641
12,12406,0.2545233368873596,0.5465686274509803,1786436053.3827157
12,12407,0.2712878882884979,0.5477346278317152,1786436053.4701862
12,12408,0.4952871799468994,0.5444711538461539,1786436053.5661438
12,12409,0.3866976797580719,0.540079365079365,1786436053.6556354
12,12410,0.4705235958099365,0.5412735849056604,1786436053.7448895
12,12411,0.44513797760009766,0.5404984423676013,1786436053.8355331
12,12412,0.5138934850692749,0.5393518518518519,1786436053.934126
12,12413,0.23175162076950073,0.5401376146788991,1786436054.023371
12,12414,0.28201669454574585,0.5401515151515152,1786436054.121784
12,12415,0.4280453026294708,0.539039039039039,1786436054.2136445
12,12416,0.4202237129211426,0.5386904761904762,1786436054.3034499
12,12417,0.2532479763031006,0.5398230088495575,1786436054.3924332
12,12418,0.2732870876789093,0.5376461988304093,1786436054.4806845
12,12419,0.30352362990379333,0.5384057971014493,1786436054.5806937
12,12420,0.3746515214443207,0.5348419540229885,1786436054.6802843
12,12421,0.5365941524505615,0.5327635327635327,1786436054.7723343
12,12422,0.2050553560256958,0.5338983050847458,1786436054.864182
12,12423,0.3016575276851654,0.5353641456582633,1786436054.9544156
12,12424,0.2260867804288864,0.5371527777777778,1786436055.0427563
12,12425,0.32185137271881104,0.537534435261708,1786436055.131067
12,12426,0.29328182339668274,0.5389344262295082,1786436055.220534
12,12427,0.3480454087257385,0.5359078590785907,1786436055.3093839
12,12428,0.34045374393463135,0.5366263440860215,1786436055.398215
12,12429,0.32170796394348145,0.5366666666666666,1786436055.4856
12,12430,0.3175334930419922,0.5367063492063492,1786436055.5733473
12,12431,0.4035015404224396,0.5344488188976378,1786436055.6620603
12,12432,0.31251540780067444,0.5348307291666666,1786436055.7501917
12,12433,0.355584979057312,0.5358527131782945,1786436055.838299
12,12434,0.3270602524280548,0.5333333333333333,1786436055.9272985
12,12435,0.43085357546806335,0.5302162849872774,1786436056.017004
12,12436,0.2773468792438507,0.5299873737373737,1786436056.105103
12,12437,0.31669628620147705,0.5297619047619048,1786436056.1947827
12,12438,0.299976110458374,0.5282960199004975,1786436056.2835352
12,12439,0.3581007122993469,0.525,1786436056.3719785
12,12440,0.23528143763542175,0.5254289215686274,1786436056.4624846
12,12441,0.6135188341140747,0.523418491484185,1786436056.5513098
12,12442,0.21959105134010315,0.5253623188405797,1786436056.6407752
12,12443,0.27973437309265137,0.5254796163069544,1786436056.7380588
12,12444,0.3210265338420868,0.5270833333333333,1786436056.8335974
12,12445,0.3610392212867737,0.5271867612293144,1786436056.9221425
12,12446,0.4912869930267334,0.5255281690140845,1786436057.0108254
12,12447,0.2554445266723633,0.5227272727272727,1786436057.1079242
12,12448,0.37032121419906616,0.5222800925925926,1786436057.1957211
12,12449,0.33286184072494507,0.5229885057471264,1786436057.2845404
12,12450,0.22852647304534912,0.5205479452054794,1786436057.373789
12,12451,0.24081039428710938,0.5221088435374149,1786436057.4614081
12,12452,0.38307222723960876,0.5211148648648649,1786436057.5506985
12,12453,0.23266813158988953,0.5223713646532439,1786436057.638743
12,12454,0.26530522108078003,0.5230555555555556,1786436057.7280486
12,12455,0.24346524477005005,0.5242825607064018,1786436057.8161325
12,12456,0.28839370608329773,0.524671052631579,1786436057.9043002
12,12457,0.28478509187698364,0.5253267973856209,1786436057.9940326
12,12458,0.2524929940700531,0.5262445887445888,1786436058.090493
12,12459,0.340309739112854,0.5268817204301075,1786436058.1800983
12,12460,0.3546864986419678,0.5251068376068376,1786436058.277867
12,12461,0.23556631803512573,0.5222929936305732,1786436058.366643
12,12462,0.4830183982849121,0.5205696202531646,1786436058.4557354
12,12463,0.2801479697227478,0.5207023060796646,1786436058.544482
12,12464,0.31340646743774414,0.5216145833333333,1786436058.6332047
12,12465,0.38219842314720154,0.5209627329192547,1786436058.7213478
12,12466,0.39327725768089294,0.5198045267489712,1786436058.8101876
12,12467,0.33203837275505066,0.5194274028629857,1786436058.9075708
12,12468,0.34609055519104004,0.5193089430894309,1786436058.9973116
12,12469,0.2948920428752899,0.5189393939393939,1786436059.0852435
12,12470,0.26559367775917053,0.5188253012048193,1786436059.173692
12,12471,0.29099929332733154,0.5167165668662674,1786436059.263606
12,12472,0.24496278166770935,0.5183531746031746,1786436059.352334
12,12473,0.2992943227291107,0.5182445759368837,1786436059.441679
12,12474,0.30108213424682617,0.5193627450980393,1786436059.530357
12,12475,0.36042657494544983,0.5192495126705653,1786436059.6192486
12,12476,0.5711077451705933,0.5174418604651163,1786436059.7087703
12,12477,0.28489890694618225,0.5187861271676301,1786436059.7965877
12,12478,0.5088465213775635,0.5172413793103449,1786436059.8859563
12,12479,0.29765230417251587,0.5171428571428571,1786436059.9750948
12,12480,0.29203635454177856,0.5179924242424242,1786436060.0626779
12,12481,0.26308584213256836,0.5193032015065914,1786436060.1515214
12,12482,0.5364505052566528,0.5189606741573034,1786436060.2421622
12,12483,0.37473589181900024,0.5195530726256983,1786436060.3309612
12,12484,0.5556410551071167,0.5196759259259259,1786436060.421022
12,12485,0.3235081434249878,0.5200276243093923,1786436060.5098188
12,12486,0.38675153255462646,0.5215201465201466,1786436060.599835
12,12487,0.29363977909088135,0.5216302367941712,1786436060.6886113
12,12488,0.36122357845306396,0.519927536231884,1786436060.7788677
12,12489,0.4184432327747345,0.5177927927927928,1786436060.8674245
12,12490,0.32225704193115234,0.5183691756272402,1786436060.9554842
12,12491,0.5652514100074768,0.5189393939393939,1786436061.0442371
12,12492,0.1969427466392517,0.5203900709219859,1786436061.132761
12,12493,0.39158302545547485,0.5202821869488536,1786436061.220647
12,12494,0.26250582933425903,0.5208333333333334,1786436061.3084946
12,12495,0.22712329030036926,0.5215968586387435,1786436061.3971157
12,12496,0.4901376962661743,0.5203993055555556,1786436061.4861748
12,12497,0.3557036221027374,0.520293609671848,1786436061.5739467
12,12498,0.5072185397148132,0.5191151202749141,1786436061.6623552
12,12499,0.6573915481567383,0.5177350427350428,1786436061.7513525
12,12500,0.3695896863937378,0.5178571428571429,1786436061.8398108
12,12501,0.2862756550312042,0.5186125211505922,1786436061.9285045
12,12502,0.5388100743293762,0.5187289562289562,1786436062.0180666
12,12503,0.2861778736114502,0.5182160804020101,1786436062.107875
12,12504,0.4581066966056824,0.518125,1786436062.1963353
12,12505,0.47794169187545776,0.5188640132669984,1786436062.2850027
12,12506,0.31213313341140747,0.5198019801980198,1786436062.3731463
12,12507,0.4779864251613617,0.5186781609195402,1786436062.4618971
12,12508,0.530266523361206,0.5171568627450981,1786436062.5512447
12,12509,0.21556627750396729,0.5182926829268293,1786436062.6390622
12,12510,0.41559016704559326,0.5165857605177994,1786436062.728163
12,12511,0.3418200612068176,0.5154991948470209,1786436062.8176258
12,12512,0.4622471034526825,0.515625,1786436062.907041
12,12513,0.3835407495498657,0.5157496012759171,1786436062.9959617
12,12514,0.35069993138313293,0.5146825396825396,1786436063.0856884
12,12515,0.32593339681625366,0.5154028436018957,1786436063.1739948
12,12516,0.38318440318107605,0.5159198113207547,1786436063.261976
12,12517,0.3298332095146179,0.5166275430359938,1786436063.3503802
12,12518,0.18854987621307373,0.5183021806853583,1786436063.439462
12,12519,0.3769721984863281,0.5170542635658915,1786436063.5282912
12,12520,0.2727946639060974,0.517554012345679,1786436063.6163886
12,12521,0.30982694029808044,0.5178571428571429,1786436063.7042334
12,12522,0.32399511337280273,0.518539755351682,1786436063.7924232
12,12523,0.17552754282951355,0.5199771689497716,1786436063.8803606
12,12524,0.3493083417415619,0.5198863636363636,1786436063.9698062
12,12525,0.4412001073360443,0.5194193061840121,1786436064.0576153
12,12526,0.32102763652801514,0.5182057057057057,1786436064.146858
12,12527,0.37083905935287476,0.5183109118086696,1786436064.2350748
12,12528,0.7483357191085815,0.5178571428571429,1786436064.3246474
12,12529,0.4993947148323059,0.5175925925925926,1786436064.4142766
12,12530,0.28678831458091736,0.5160398230088495,1786436064.503478
12,12531,0.223428413271904,0.5174375917767988,1786436064.5932858
12,12532,0.2627372443675995,0.5155336257309941,1786436064.6826112
12,12533,0.3873233199119568,0.5163755458515283,1786436064.7712705
12,12534,0.24722646176815033,0.5175724637681159,1786436064.8595538
12,12535,0.34783339500427246,0.5173160173160173,1786436064.9483082
12,12536,0.3168811798095703,0.5181393678160919,1786436065.0390954
12,12537,0.5889700651168823,0.5180615164520744,1786436065.1279578
12,12538,0.336415559053421,0.5183404558404558,1786436065.2159972
12,12539,0.35845091938972473,0.5179078014184397,1786436065.3049617
12,12540,0.3846305310726166,0.5167725988700564,1786436065.3934407
12,12541,0.37696051597595215,0.5168776371308017,1786436065.4808028
12,12542,0.44270059466362,0.5166316526610645,1786436065.569354
12,12543,0.2658454477787018,0.5153417015341701,1786436065.6586268
12,12544,0.3365453779697418,0.5149305555555556,1786436065.74633
12,12545,0.44064861536026,0.5150414937759336,1786436065.8355646
12,12546,0.6005384922027588,0.5144628099173554,1786436065.9237685
12,12547,0.33593833446502686,0.5128600823045267,1786436066.0125685
12,12548,0.25942835211753845,0.51349043715847,1786436066.1014829
12,12549,0.3235061764717102,0.5137755102040816,1786436066.1895132
12,12550,0.39997005462646484,0.5142276422764228,1786436066.2782848
12,12551,0.24901670217514038,0.5153508771929824,1786436066.3670604
12,12552,0.28893500566482544,0.515625,1786436066.4547713
12,12553,0.45575058460235596,0.5145582329317269,1786436066.5438821
12,12554,0.4422568380832672,0.5136666666666667,1786436066.63315
12,12555,0.4000798165798187,0.5122841965471447,1786436066.7215292
12,12556,0.3950362801551819,0.5124007936507936,1786436066.8093233
12,12557,0.5063307881355286,0.5128458498023716,1786436066.8976927
12,12558,0.3023289740085602,0.5137795275590551,1786436066.985964
12,12559,0.349045991897583,0.5125816993464052,1786436067.0742445
12,12560,0.28262609243392944,0.5135091145833334,1786436067.162122
12,12561,0.2748156189918518,0.5141050583657587,1786436067.2504492
12,12562,0.31868040561676025,0.5140503875968992,1786436067.338991
12,12563,0.30202168226242065,0.5148005148005148,1786436067.4288583
12,12564,0.3313611149787903,0.5152243589743589,1786436067.5165951
12,12565,0.298044890165329,0.5153256704980843,1786436067.605196
12,12566,0.27386367321014404,0.5160623409669212,1786436067.6942103
12,12567,0.3536893129348755,0.5144169835234474,1786436067.782882
12,12568,0.2950632870197296,0.5149936868686869,1786436067.8709702
12,12569,0.3165659010410309,0.5146226415094339,1786436067.9596376
12,12570,0.36201032996177673,0.5147243107769424,1786436068.0479105
12,12571,0.6522828340530396,0.5140449438202247,1786436068.1364665
12,12572,0.3499193489551544,0.5138370646766169,1786436068.2247436
12,12573,0.44022858142852783,0.5122366790582404,1786436068.3136375
12,12574,0.39973458647727966,0.5121913580246914,1786436068.404082
12,12575,0.3933677077293396,0.5129151291512916,1786436068.4927475
12,12576,0.5525980591773987,0.5128676470588235,1786436068.580391
12,12577,0.2877444922924042,0.5117521367521367,1786436068.669374
12,12578,0.3728783130645752,0.5118613138686131,1786436068.7573287
12,12579,0.2473675161600113,0.5124242424242424,1786436068.8453937
12,12580,0.27897971868515015,0.5128321256038647,1786436068.9342787
12,12581,0.34950804710388184,0.5130866425992779,1786436069.0230865
12,12582,0.22254300117492676,0.5142386091127098,1786436069.1111104
12,12583,0.33261653780937195,0.5129928315412187,1786436069.200291
12,12584,0.3126421272754669,0.5133928571428571,1786436069.289383
12,12585,0.40836986899375916,0.5130486358244365,1786436069.3771029
12,12586,0.27132752537727356,0.5134456264775413,1786436069.4653986
12,12587,0.43446654081344604,0.5133981154299175,1786436069.5541122
12,12588,0.4946722090244293,0.5136443661971831,1786436069.642945
12,12589,0.25740382075309753,0.514327485380117,1786436069.731446
12,12590,0.3339356780052185,0.5147144522144522,1786436069.8199565
12,12591,0.2803381681442261,0.5153890824622532,1786436069.9092886
12,12592,0.23445908725261688,0.5159143518518519,1786436069.9981465
12,12593,0.25196173787117004,0.5162918108419838,1786436070.0871253
12,12594,0.2676698863506317,0.5168103448275863,1786436070.1754248
12,12595,0.3256925344467163,0.5173253150057274,1786436070.2635689
12,12596,0.21556171774864197,0.5181221461187214,1786436070.3512166
12,12597,0.21782301366329193,0.5190557451649602,1786436070.438957
12,12598,0.3384571373462677,0.5196995464852607,1786436070.527369
12,12599,0.27742496132850647,0.5199152542372881,1786436070.6163533
12,12600,0.35022467374801636,0.5199887387387387,1786436070.7053092
12,12601,0.3267820477485657,0.5202020202020202,1786436070.793467
12,12602,0.3840280771255493,0.5197147651006712,1786436070.8831558
12,12603,0.39941102266311646,0.52020624303233,1786436070.9723532
12,12604,0.5700830817222595,0.5197222222222222,1786436071.0612621
12,12605,0.3612753450870514,0.5193798449612403,1786436071.1504638
12,12606,0.2361544370651245,0.5184878587196468,1786436071.239903
12,12607,0.25300490856170654,0.5191144114411441,1786436071.3277838
12,12608,0.37233105301856995,0.5191885964912281,1786436071.415366
12,12609,0.2743259370326996,0.519672131147541,1786436071.503707
12,12610,0.28628861904144287,0.5194716775599129,1786436071.5922337
12,12611,0.3657691478729248,0.5198154180238871,1786436071.6810184
12,12612,0.33002978563308716,0.5201569264069265,1786436071.769372
12,12613,0.34849780797958374,0.5207659115426105,1786436071.8577683
12,12614,0.3407413959503174,0.5211021505376344,1786436071.9463015
12,12615,0.36719149351119995,0.5211682743837085,1786436072.0346255
12,12616,0.2783854007720947,0.5215010683760684,1786436072.1233604
12,12617,0.2233276516199112,0.5223642172523961,1786436072.2121646
12,12618,0.44681334495544434,0.5220276008492569,1786436072.301307
12,12619,0.5418171286582947,0.5222222222222223,1786436072.390403
12,12620,0.2531982660293579,0.5228111814345991,1786436072.4790087
12,12621,0.6628459692001343,0.5214248159831756,1786436072.568314
12,12622,0.27689942717552185,0.5220125786163522,1786436072.657255
12,12623,0.2975153625011444,0.5225966562173459,1786436072.7473948
12,12624,0.3092625141143799,0.5231770833333333,1786436072.8361237
12,12625,0.2794320285320282,0.5236240913811008,1786436072.9309018
12,12626,0.21902386844158173,0.5240683229813664,1786436073.0202246
12,12627,0.34186726808547974,0.5241228070175439,1786436073.109451
12,12628,0.38609978556632996,0.5244341563786008,1786436073.1990526
12,12629,0.36411845684051514,0.5248717948717949,1786436073.2873688
12,12630,0.5312341451644897,0.5245398773006135,1786436073.375304
12,12631,0.5533730983734131,0.5233180428134556,1786436073.464088
12,12632,0.2885598838329315,0.5235010162601627,1786436073.5524395
12,12633,0.25272685289382935,0.523936170212766,1786436073.64056
12,12634,0.5798867344856262,0.5233585858585859,1786436073.7299504
12,12635,0.4930272102355957,0.5232880161127895,1786436073.8182209
12,12636,0.284183531999588,0.5218373493975904,1786436073.9079106
12,12637,0.31018349528312683,0.5206456456456456,1786436073.997733
12,12638,0.3762768507003784,0.5212075848303394,1786436074.0865335
12,12639,0.2833888828754425,0.5213930348258706,1786436074.1752443
12,12640,0.49412479996681213,0.5200892857142857,1786436074.2647657
12,12641,0.3387855291366577,0.5199060336300693,1786436074.3524263
12,12642,0.26383963227272034,0.5199704142011834,1786436074.4410589
12,12643,0.3398151397705078,0.5202802359882006,1786436074.5308783
12,12644,0.3442670702934265,0.5207107843137255,1786436074.6186907
12,12645,0.34540581703186035,0.5197947214076246,1786436074.7100651
12,12646,0.3809291124343872,0.518640350877193,1786436074.8056946
12,12647,0.22652995586395264,0.5178571428571429,1786436074.9009838
12,12648,0.24067948758602142,0.5187742248062015,1786436074.9955702
12,12649,0.29178547859191895,0.5179951690821256,1786436075.0911634
12,12650,0.38628411293029785,0.5174614643545279,1786436075.1841817
12,12651,0.29214584827423096,0.5175312199807877,1786436075.2726738
12,12652,0.31806331872940063,0.5179597701149425,1786436075.3621333
12,12653,0.37058117985725403,0.518385864374403,1786436075.4528158
12,12654,0.30818939208984375,0.5177380952380952,1786436075.542703
12,12655,0.27127203345298767,0.5183998100664767,1786436075.631397
12,12656,0.3773541748523712,0.5176373106060606,1786436075.720905
12,12657,0.3263993263244629,0.5175873465533523,1786436075.810989
12,12658,0.326032429933548,0.5175376647834274,1786436075.8991003
12,12659,0.32089152932167053,0.5177230046948357,1786436075.9877453
12,12660,0.3650628924369812,0.5168539325842697,1786436076.0775695
12,12661,0.4720228910446167,0.5158730158730159,1786436076.1678827
12,12662,0.2526654303073883,0.5167597765363129,1786436076.2573397
12,12663,0.30464687943458557,0.5163649025069638,1786436076.34731
12,12664,0.28170982003211975,0.5170138888888889,1786436076.4370158
12,12665,0.24711261689662933,0.5173130193905817,1786436076.5261369
12,12666,0.3110738694667816,0.5177255985267035,1786436076.6141396
12,12667,0.32023370265960693,0.5167584940312213,1786436076.7034183
12,12668,0.29068583250045776,0.5170558608058609,1786436076.801692
12,12669,0.23423554003238678,0.5172374429223744,1786436076.8908498
12,12670,0.3723185658454895,0.5174180327868853,1786436076.9790983
12,12671,0.2681630253791809,0.516802906448683,1786436077.0690563
12,12672,0.36307257413864136,0.5159646739130435,1786436077.1593375
12,12673,0.24289047718048096,0.5163730803974707,1786436077.247498
12,12674,0.5364201068878174,0.5166666666666667,1786436077.336185
12,12675,0.30909690260887146,0.5171832884097035,1786436077.4304416
12,12676,0.3506993353366852,0.5172491039426523,1786436077.519608
12,12677,0.3083910346031189,0.5166443252904379,1786436077.6090748
12,12678,0.3251713514328003,0.5167112299465241,1786436077.6976078
12,12679,0.24040359258651733,0.5172222222222222,1786436077.7861493
12,12680,0.6436565518379211,0.5161790780141844,1786436077.8747091
12,12681,0.2693515419960022,0.5166887709991158,1786436077.962548
12,12682,0.44217416644096375,0.5168650793650794,1786436078.0519047
12,12683,0.2434263378381729,0.5172603342128408,1786436078.140503
12,12684,0.36661189794540405,0.5164473684210527,1786436078.2297947
12,12685,0.3277318477630615,0.5164041994750657,1786436078.3185
12,12686,0.26102304458618164,0.5169066317626527,1786436078.4065533
12,12687,0.3967520296573639,0.5157745865970409,1786436078.4952092
12,12688,0.2694072723388672,0.5147569444444444,1786436078.5845842
12,12689,0.32368794083595276,0.5147186147186147,1786436078.6738079
12,12690,0.4233640432357788,0.5140328151986183,1786436078.763577
12,12691,0.2550298571586609,0.5145348837209303,1786436078.8519402
12,12692,0.43114304542541504,0.5152491408934707,1786436078.9417794
12,12693,0.3548233211040497,0.5158526135389888,1786436079.0312192
12,12694,0.31204670667648315,0.5150641025641025,1786436079.1205258
12,12695,0.2652711570262909,0.5150255754475703,1786436079.2097018
12,12696,0.27241843938827515,0.5153061224489796,1786436079.2977755
12,12697,0.23774689435958862,0.5159033078880407,1786436079.3866456
12,12698,0.3257843852043152,0.5162859560067682,1786436079.4749026
12,12699,0.2992260754108429,0.515295358649789,1786436079.5643222
12,12700,0.33782052993774414,0.515256734006734,1786436079.6523786
12,12701,0.39045143127441406,0.5155331654072208,1786436079.7412775
12,12702,0.645710825920105,0.5151800670016751,1786436079.8395627
12,12703,0.3528708815574646,0.5151420217209691,1786436079.932675
12,12704,0.32489508390426636,0.5155208333333333,1786436080.0251906
12,12705,0.4571925699710846,0.515378221113882,1786436080.1170564
12,12706,0.5156835317611694,0.5152363184079602,1786436080.2132282
12,12707,0.29658615589141846,0.5155086848635235,1786436080.3145585
12,12708,0.4419507086277008,0.5154702970297029,1786436080.4116518
12,12709,0.27249714732170105,0.5155349794238683,1786436080.5034854
12,12710,0.5886896252632141,0.5155993431855501,1786436080.606308
12,12711,0.5130627155303955,0.51504914004914,1786436080.7049096
12,12712,0.2376234084367752,0.515625,1786436080.796297
12,12713,0.25666728615760803,0.5147718011409943,1786436080.892041
12,12714,0.24944715201854706,0.5147357723577236,1786436080.9833143
12,12715,0.2632162272930145,0.514294403892944,1786436081.077868
12,12716,0.39155280590057373,0.5144619741100324,1786436081.1704292
12,12717,0.62104731798172,0.5143260694108152,1786436081.2632616
12,12718,0.3580383360385895,0.5133856682769726,1786436081.356352
12,12719,0.21413223445415497,0.5139558232931727,1786436081.4479373
12,12720,0.2772386968135834,0.5131209935897436,1786436081.5439818
12,12721,0.29347795248031616,0.5121902478017586,1786436081.6377804
12,12722,0.2995775640010834,0.5121610845295056,1786436081.7300382
12,12723,0.45441097021102905,0.5122315035799523,1786436081.8292708
12,12724,0.49259862303733826,0.5114087301587301,1786436081.9308379
12,12725,0.3119381368160248,0.5114806017418844,1786436082.0235345
12,12726,0.35093432664871216,0.5115521327014217,1786436082.119456
12,12727,0.2820296883583069,0.5118203309692672,1786436082.2116728
12,12728,0.43782639503479004,0.5109080188679245,1786436082.3167048
12,12729,0.42406415939331055,0.5104901960784314,1786436082.4158714
12,12730,0.3653522729873657,0.5101721439749609,1786436082.5197632
12,12731,0.6037577390670776,0.5106362217017955,1786436082.6123507
12,12732,0.34460240602493286,0.5100272585669782,1786436082.7049866
12,12733,0.279758095741272,0.5103923853923854,1786436082.808002
12,12734,0.2801627516746521,0.5106589147286822,1786436082.9104881
12,12735,0.26927220821380615,0.5112142304717711,1786436083.00152
12,12736,0.23237010836601257,0.511670524691358,1786436083.110512
12,12737,0.30058470368385315,0.5119322555812164,1786436083.2027123
12,12738,0.4912891089916229,0.5120007680491552,1786436083.2949343
12,12739,0.3649577498435974,0.5123563218390804,1786436083.3971128
12,12740,0.4048274755477905,0.5126146788990825,1786436083.498685
12,12741,0.18976625800132751,0.513348588863463,1786436083.5977633
12,12742,0.5122485756874084,0.5133181126331812,1786436083.691601
12,12743,0.2780277132987976,0.5132877752467729,1786436083.7830627
12,12744,0.35039371252059937,0.5132575757575758,1786436083.8774002
12,12745,0.31315451860427856,0.5133219954648526,1786436083.971266
12,12746,0.33224356174468994,0.513763197586727,1786436084.0638733
12,12747,0.28008079528808594,0.5140142964635064,1786436084.1585581
12,12748,0.5933020710945129,0.5138888888888888,1786436084.257589
12,12749,0.23673266172409058,0.5142322097378277,1786436084.356947
12,12750,0.2298392504453659,0.5146674140508222,1786436084.4495983
12,12751,0.2693624794483185,0.5149142431021626,1786436084.542043
12,12752,0.3171677589416504,0.5148809523809523,1786436084.6444485
12,12753,0.35952624678611755,0.5149406087602079,1786436084.7371862
12,12754,0.46126922965049744,0.5140740740740741,1786436084.8414302
12,12755,0.30472850799560547,0.5142276422764228,1786436084.9321778
12,12756,0.6381969451904297,0.5136430678466076,1786436085.0290146
12,12757,0.3143555521965027,0.5129690949227373,1786436085.1333036
12,12758,0.3492296636104584,0.5133994126284875,1786436085.2280664
12,12759,0.2370835393667221,0.5137362637362637,1786436085.3259802
12,12760,0.3462934195995331,0.513797514619883,1786436085.4155471
12,12761,0.3456861674785614,0.5139496717724289,1786436085.5040097
12,12762,0.5780522227287292,0.5131914119359534,1786436085.593882
12,12763,0.26078495383262634,0.5133442265795207,1786436085.6814353
12,12764,0.21074596047401428,0.5140398550724637,1786436085.775376
12,12765,0.34429576992988586,0.5133767172812725,1786436085.8672452
12,12766,0.49680662155151367,0.5132575757575758,1786436085.955144
12,12767,0.38948580622673035,0.5135889128869691,1786436086.0449333
12,12768,0.31908947229385376,0.5139188218390804,1786436086.1341386
12,12769,0.36565080285072327,0.5137096774193548,1786436086.2220523
12,12770,0.30408623814582825,0.5133226037195995,1786436086.3116179
12,12771,0.48228999972343445,0.5131156316916489,1786436086.399627
12,12772,0.2842947542667389,0.5133547008547008,1786436086.489039
12,12773,0.3911363482475281,0.513681592039801,1786436086.5780625
12,12774,0.3360699713230133,0.5141843971631206,1786436086.675787
12,12775,0.2743661105632782,0.5145081387119603,1786436086.7645974
12,12776,0.5447772741317749,0.5141242937853108,1786436086.8551762
12,12777,0.22022093832492828,0.5146229739252995,1786436086.9464025
12,12778,0.29539334774017334,0.514943741209564,1786436087.0352385
12,12779,0.2913966774940491,0.5155263157894737,1786436087.1242719
12,12780,0.27260610461235046,0.5154936974789915,1786436087.2127476
12,12781,0.2591252326965332,0.5150244584206848,1786436087.3024235
12,12782,0.2631579339504242,0.5153417015341701,1786436087.3902683
12,12783,0.3516267240047455,0.5147007654836465,1786436087.4797919
12,12784,0.24717393517494202,0.5151909722222222,1786436087.5678651
12,12785,0.4095670282840729,0.5148128898128899,1786436087.658159
12,12786,0.38902971148490906,0.5142634854771784,1786436087.7469997
12,12787,0.39306730031967163,0.5144064872325742,1786436087.8360033
12,12788,0.5699920654296875,0.5143767217630854,1786436087.9251525
12,12789,0.20136868953704834,0.5150343642611683,1786436088.0136843
12,12790,0.312491238117218,0.5150891632373114,1786436088.1019487
12,12791,0.2756045162677765,0.5153148528405201,1786436088.1945748
12,12792,0.2894352078437805,0.5154542349726776,1786436088.2834685
12,12793,0.2114853411912918,0.5156782549420587,1786436088.3723714
12,12794,0.3199918568134308,0.5153061224489796,1786436088.4617076
12,12795,0.4568587839603424,0.5155295315682281,1786436088.5504363
12,12796,0.3124484419822693,0.5152439024390244,1786436088.6411676
12,12797,0.2720127999782562,0.5155510480054091,1786436088.735367
12,12798,0.6559505462646484,0.5149291497975709,1786436088.8277102
12,12799,0.2988734543323517,0.5151515151515151,1786436088.917158
12,12800,0.48409563302993774,0.5153729838709677,1786436089.006171
12,12801,0.4669313132762909,0.5155097250167673,1786436089.0936651
12,12802,0.30014005303382874,0.5155622489959839,1786436089.1830564
12,12803,0.25182098150253296,0.5149465597862392,1786436089.2713284
12,12804,0.30525732040405273,0.5145,1786436089.3616164
12,12805,0.39102327823638916,0.5145542248835662,1786436089.4511456
12,12806,0.26288437843322754,0.514691235059761,1786436089.5445926
12,12807,0.7185413241386414,0.514662027833002,1786436089.638054
12,12808,0.33747631311416626,0.5147982804232805,1786436089.7267644
12,12809,0.6304094195365906,0.5143564356435644,1786436089.8162773
12,12810,0.6403400301933289,0.5140810276679841,1786436089.905218
12,12811,0.43969202041625977,0.5132314266929652,1786436089.993638
12,12812,0.3377249240875244,0.5127132545931758,1786436090.0823975
12,12813,0.37508341670036316,0.5128519973804846,1786436090.1716146
12,12814,0.31560999155044556,0.5128267973856209,1786436090.2615142
12,12815,0.279450386762619,0.5122309197651663,1786436090.3557036
12,12816,0.5634276866912842,0.51171875,1786436090.4505153
12,12817,0.26683270931243896,0.5120207927225471,1786436090.5426438
12,12818,0.3168600797653198,0.5119974059662775,1786436090.6353507
12,12819,0.4857720732688904,0.5112459546925566,1786436090.727397
12,12820,0.3194427192211151,0.5107396640826873,1786436090.8212476
12,12821,0.28051304817199707,0.5108800773694391,1786436090.9144006
12,12822,0.3176593780517578,0.5111003861003861,1786436091.0066757
12,12823,0.356107622385025,0.5108381502890174,1786436091.099192
12,12824,0.446352481842041,0.5111378205128205,1786436091.1907063
12,12825,0.3880537748336792,0.5112763915547025,1786436091.2823637
12,12826,0.24619826674461365,0.5116538952745849,1786436091.3755589
12,12827,0.2339143604040146,0.512189292543021,1786436091.4669595
12,12828,0.365913450717926,0.5124840966921119,1786436091.559913
12,12829,0.3958773910999298,0.5119047619047619,1786436091.6523848
12,12830,0.28518110513687134,0.5112484157160964,1786436091.7459981
12,12831,0.2928393483161926,0.5109898798228969,1786436091.8400931
12,12832,0.5908265113830566,0.5111268939393939,1786436091.9337614
12,12833,0.20911094546318054,0.5116572148708255,1786436092.0261297
12,12834,0.19720959663391113,0.5117924528301887,1786436092.118658
12,12835,0.26585617661476135,0.5117702448210922,1786436092.2208652
12,12836,0.4994528293609619,0.5114348370927319,1786436092.3145483
12,12837,0.4355691075325012,0.5108661663539712,1786436092.407823
12,12838,0.5304083824157715,0.5103776529338327,1786436092.5015457
12,12839,0.2293611317873001,0.5108255451713396,1786436092.5931952
12,12840,0.2585512697696686,0.5110385572139303,1786436092.6845694
12,12841,0.33293893933296204,0.5107076350093109,1786436092.7773569
12,12842,0.3204699754714966,0.5101456009913259,1786436092.870145
12,12843,0.3555215001106262,0.5097402597402597,1786436092.9637477
12,12844,0.33206549286842346,0.5097993827160494,1786436093.0577564
12,12845,0.33239373564720154,0.5099353049907579,1786436093.150746
12,12846,0.25393763184547424,0.5103013530135302,1786436093.2440917
12,12847,0.34313076734542847,0.5105893186003683,1786436093.3365777
12,12848,0.42823711037635803,0.5101868872549019,1786436093.4291859
12,12849,0.3044184446334839,0.5103975535168196,1786436093.5228016
12,12850,0.5961412787437439,0.5103785103785103,1786436093.6161087
12,12851,0.3139027953147888,0.5103595368677636,1786436093.7089982
12,12852,0.5561586618423462,0.510492700729927,1786436093.8013263
12,12853,0.5630632042884827,0.5101700060716454,1786436093.8955514
12,12854,0.2785479426383972,0.5093939393939394,1786436093.9888463
12,12855,0.4352661073207855,0.5089231699939504,1786436094.0826726
12,12856,0.35220521688461304,0.5091334541062802,1786436094.1757593
12,12857,0.3481852412223816,0.5085141651597348,1786436094.2691243
12,12858,0.45542770624160767,0.5087244283995187,1786436094.3609533
12,12859,0.4378522038459778,0.5086336336336337,1786436094.451935
12,12860,0.3071416914463043,0.5090677458033573,1786436094.5430293
12,12861,0.3975967764854431,0.5090514661879114,1786436094.635432
12,12862,0.2849152088165283,0.5090352449223416,1786436094.7272468
12,12863,0.2672540843486786,0.5087209302325582,1786436094.8204985
12,12864,0.319091796875,0.5083333333333333,1786436094.912772
12,12865,0.27572694420814514,0.5079471182412358,1786436095.0057712
12,12866,0.29758405685424805,0.5081553973902728,1786436095.099404
12,12867,0.23547299206256866,0.5085109532267614,1786436095.1913714
12,12868,0.23972567915916443,0.5088652482269503,1786436095.2839036
12,12869,0.3128361999988556,0.5085545722713865,1786436095.3735125
12,12870,0.5547964572906494,0.508613074204947,1786436095.4657705
12,12871,0.5813242197036743,0.5088183421516755,1786436095.559052
12,12872,0.31055352091789246,0.5089495305164319,1786436095.6506376
12,12873,0.31307452917099,0.5084944346807264,1786436095.74453
12,12874,0.462482213973999,0.5080409356725146,1786436095.8371837
12,12875,0.2653849720954895,0.5082457676590777,1786436095.9323719
12,12876,0.3917474150657654,0.5083041958041958,1786436096.0237346
12,12877,0.5842621326446533,0.508435136707388,1786436096.1179302
12,12878,0.3349147140979767,0.508493031358885,1786436096.210231
12,12879,0.2727739214897156,0.508840579710145,1786436096.3016865
12,12880,0.3076269328594208,0.5091145833333334,1786436096.3906584
12,12881,0.3001078963279724,0.5085210860774119,1786436096.4800909
12,12882,0.3113827705383301,0.5087226066897347,1786436096.5679944
12,12883,0.24452339112758636,0.5091393206678181,1786436096.6568663
12,12884,0.264888733625412,0.5092672413793103,1786436096.7452054
12,12885,0.36445170640945435,0.5086775674125071,1786436096.8340979
12,12886,0.4665999412536621,0.5085910652920962,1786436096.923524
12,12887,0.31407487392425537,0.5089336763865066,1786436097.01413
12,12888,0.2694748342037201,0.5089183789954338,1786436097.1021192
12,12889,0.34706684947013855,0.5091880341880342,1786436097.192149
12,12890,0.40341514348983765,0.5090301478953356,1786436097.2821722
12,12891,0.3469872772693634,0.5094406587166382,1786436097.3703375
12,12892,0.6184481382369995,0.5089994331065759,1786436097.4598074
12,12893,0.3133430480957031,0.5084889643463497,1786436097.549035
12,12894,0.23512780666351318,0.5088983050847458,1786436097.6374295
12,12895,0.4500587284564972,0.5085307388606881,1786436097.727023
12,12896,0.2656611204147339,0.5088682432432432,1786436097.8146658
12,12897,0.30849969387054443,0.5084317032040472,1786436097.9033751
12,12898,0.3650033473968506,0.5082772166105499,1786436097.9924889
12,12899,0.4747363328933716,0.5081932773109243,1786436098.0819237
12,12900,0.30861514806747437,0.5077600671140939,1786436098.1706235
12,12901,0.26173022389411926,0.5078866554997208,1786436098.2608674
12,12902,0.5431879162788391,0.508082497212932,1786436098.3512037
12,12903,0.25445273518562317,0.5082081246521981,1786436098.4426506
12,12904,0.2828456461429596,0.5084722222222222,1786436098.5351977
12,12905,0.3167112171649933,0.5086661120354964,1786436098.623743
12,12906,0.4224482476711273,0.5086517165005537,1786436098.7125447
12,12907,0.23285266757011414,0.5089137645107794,1786436098.8010275
12,12908,0.33704718947410583,0.5082781456953642,1786436098.8947158
12,12909,0.3676244914531708,0.5084022038567493,1786436098.98624
12,12910,0.1958589255809784,0.5088696369636964,1786436099.0783772
12,12911,0.3271973133087158,0.5090609555189456,1786436099.17056
12,12912,0.27380260825157166,0.5092516447368421,1786436099.2623577
12,12913,0.31899169087409973,0.5093732895457034,1786436099.355322
12,12914,0.2607390582561493,0.5096311475409836,1786436099.4469128
12,12915,0.5116205811500549,0.5092062193126022,1786436099.5391417
12,12916,0.29219871759414673,0.5093954248366013,1786436099.630831
12,12917,0.388278603553772,0.5092441544317564,1786436099.7229958
12,12918,0.3838239908218384,0.5095684039087948,1786436099.8158503
12,12919,0.45865166187286377,0.5092140921409214,1786436099.908371
12,12920,0.2795446217060089,0.509469696969697,1786436100.0010767
12,12921,0.4241248071193695,0.5094543490005402,1786436100.0926042
12,12922,0.1996617615222931,0.5099110032362459,1786436100.1839633
12,12923,0.31175801157951355,0.5100296176628971,1786436100.275645
12,12924,0.34663116931915283,0.509475806451613,1786436100.367595
12,12925,0.27225738763809204,0.5097289318303811,1786436100.4607685
12,12926,0.3102927803993225,0.5091773847802786,1786436100.5539625
12,12927,0.23852784931659698,0.5094970572498663,1786436100.646342
12,12928,0.34256884455680847,0.5094818376068376,1786436100.7378983
12,12929,0.28918424248695374,0.5095333333333333,1786436100.82854
12,12930,0.2320156693458557,0.5097177848775293,1786436100.9205227
12,12931,0.25676295161247253,0.5099016480595427,1786436101.0126839
12,12932,0.25305241346359253,0.5095541401273885,1786436101.10512
12,12933,0.4889322817325592,0.5092077371489137,1786436101.1978061
12,12934,0.2929862439632416,0.5091269841269841,1786436101.2889102
12,12935,0.38357460498809814,0.5085182250396196,1786436101.3817189
12,12936,0.3274538815021515,0.5077795358649789,1786436101.4753048
12,12937,0.6298708915710449,0.5075039494470774,1786436101.5683236
12,12938,0.3053099811077118,0.5074263932702419,1786436101.6604137
12,12939,0.21648414433002472,0.5069553805774278,1786436101.7517283
12,12940,0.283285528421402,0.5072720125786163,1786436101.8429308
12,12941,0.27013933658599854,0.5073914181057039,1786436101.9344
12,12942,0.3158690929412842,0.5067920585161965,1786436102.0284064
12,12943,0.64776211977005,0.5063901930099113,1786436102.1214232
12,12944,0.26962876319885254,0.5065104166666666,1786436102.2144866
12,12945,0.27466440200805664,0.5068252730109204,1786436102.3072248
12,12946,0.1987442970275879,0.5071391484942886,1786436102.3992321
12,12947,0.3257405459880829,0.5072576464489372,1786436102.4911485
12,12948,0.2747889757156372,0.5075698757763976,1786436102.5838983
12,12949,0.21658743917942047,0.5070413436692507,1786436102.6778374
12,12950,0.37786611914634705,0.5070949432404541,1786436102.770564
12,12951,0.4155808091163635,0.50682637815559,1786436102.8648672
12,12952,0.31387704610824585,0.5070730452674898,1786436102.9688032
12,12953,0.371736615896225,0.5069979455572676,1786436103.0779305
12,12954,0.2823614478111267,0.5073717948717948,1786436103.1793723
12,12955,0.3296523690223694,0.5073604710701485,1786436103.2719848
12,12956,0.23384569585323334,0.507732617586912,1786436103.3659708
12,12957,0.27869969606399536,0.5080398162327718,1786436103.4585133
12,12958,0.32299602031707764,0.5082186544342507,1786436103.5524714
12,12959,0.4923979640007019,0.5083969465648855,1786436103.657399
12,12960,0.26331764459609985,0.5088287601626016,1786436103.7609916
12,12961,0.27482831478118896,0.5083079654997463,1786436103.854494
12,12962,0.29043036699295044,0.5084853090172239,1786436103.9548593
12,12963,0.27138203382492065,0.5086621143146182,1786436104.0479035
12,12964,0.4616182744503021,0.5086489898989899,1786436104.1549911
12,12965,0.29917407035827637,0.5089510842158346,1786436104.2464843
12,12966,0.35527992248535156,0.5090634441087614,1786436104.3400016
12,12967,0.2516844570636749,0.5088612368024132,1786436104.4412508
12,12968,0.33901503682136536,0.5084086345381527,1786436104.5413117
12,12969,0.28285422921180725,0.5085839598997494,1786436104.6472483
12,12970,0.24971136450767517,0.5081956956956957,1786436104.7405791
12,12971,0.20652343332767487,0.5084332833583208,1786436104.8323064
12,12972,0.35600483417510986,0.5084206586826348,1786436104.9399166
12,12973,0.3160794973373413,0.5084080717488789,1786436105.0385406
12,12974,0.6823402643203735,0.5080845771144279,1786436105.1305711
12,12975,0.3407815992832184,0.5081346249379036,1786436105.231283
12,12976,0.3139299154281616,0.5083705357142857,1786436105.3288364
12,12977,0.30465593934059143,0.5085438335809807,1786436105.4198022
12,12978,0.42141854763031006,0.5080984174085065,1786436105.512105
12,12979,0.2299129217863083,0.5082098765432099,1786436105.6101577
12,12980,0.2708260715007782,0.508629191321499,1786436105.7021813
12,12981,0.36716145277023315,0.5086164451009355,1786436105.7948256
12,12982,0.21070493757724762,0.5082350049164208,1786436105.8935204
12,12983,0.22069473564624786,0.5085910652920962,1786436105.986032
12,12984,0.3147462010383606,0.5088235294117647,1786436106.0788124
12,12985,0.3263610303401947,0.5085046500244738,1786436106.1715872
12,12986,0.2675747573375702,0.508736559139785,1786436106.264163
12,12987,0.4030739665031433,0.5082967301122499,1786436106.3571866
12,12988,0.6322728395462036,0.5080409356725146,1786436106.449958
12,12989,0.5546035766601562,0.5080291970802919,1786436106.542941
12,12990,0.4268980026245117,0.5080174927113703,1786436106.6355476
12,12991,0.2619089186191559,0.5081877729257642,1786436106.7297049
12,12992,0.22205109894275665,0.5083575581395349,1786436106.8225226
12,12993,0.25679317116737366,0.5084059022738268,1786436106.9150062
12,12994,0.3310955762863159,0.5086352657004831,1786436107.0071328
12,12995,0.3654455840587616,0.50874336710082,1786436107.0993671
12,12996,0.3314223885536194,0.508790944123314,1786436107.1916022
12,12997,0.4331020712852478,0.5083573833573833,1786436107.2827933
12,12998,0.22758010029792786,0.5085854947166186,1786436107.3727853
12,12999,0.3507472574710846,0.5083333333333333,1786436107.465259
12,13000,0.24726440012454987,0.5086206896551724,1786436107.558421
12,13001,0.3460817337036133,0.5085485413677666,1786436107.651791
12,13002,0.5101531744003296,0.5087750716332379,1786436107.7451448
12,13003,0.4968371093273163,0.5089413447782547,1786436107.837843
12,13004,0.26805996894836426,0.5092261904761904,1786436107.928913
12,13005,0.5616025328636169,0.5093913456966239,1786436108.0213816
12,13006,0.29277971386909485,0.5094373219373219,1786436108.113905
12,13007,0.26903337240219116,0.509068278805121,1786436108.2069185
12,13008,0.20728884637355804,0.5092921401515151,1786436108.2984474
12,13009,0.2047531008720398,0.5096335697399527,1786436108.3893852
12,13010,0.25192299485206604,0.5099740321057602,1786436108.479278
12,13011,0.34984105825424194,0.5102545968882602,1786436108.569473
12,13012,0.21158747375011444,0.510593220338983,1786436108.6621373
12,13013,0.35806572437286377,0.510049365303244,1786436108.755787
12,13014,0.310165673494339,0.5102112676056338,1786436108.8478088
12,13015,0.24369820952415466,0.5106071261134553,1786436108.940434
12,13016,0.2850167155265808,0.5107092696629213,1786436109.033682
12,13017,0.30679604411125183,0.5101683029453016,1786436109.1260674
12,13018,0.1982731968164444,0.510562558356676,1786436109.2139847
12,13019,0.46544933319091797,0.5107226107226107,1786436109.3031092
12,13020,0.5801717638969421,0.5107076350093109,1786436109.3919961
12,13021,0.3976386487483978,0.5106345885634589,1786436109.4813159
12,13022,0.26792654395103455,0.5107358402971216,1786436109.5697277
12,13023,0.20093101263046265,0.5103152526657394,1786436109.6597157
12,13024,0.5461710691452026,0.5099537037037037,1786436109.75295
12,13025,0.5409278869628906,0.5097087378640777,1786436109.846701
12,13026,0.34468233585357666,0.5092336103416436,1786436109.939734
12,13027,0.2895457148551941,0.5087021668971876,1786436110.029185
12,13028,0.3554629683494568,0.508402394106814,1786436110.1206524
12,13029,0.36342552304267883,0.5083333333333333,1786436110.2136383
12,13030,0.3192358613014221,0.5084366391184573,1786436110.3052232
12,13031,0.2881917357444763,0.5084823475469968,1786436110.3941226
12,13032,0.3504036068916321,0.5081845238095238,1786436110.48395
12,13033,0.47659310698509216,0.5082304526748971,1786436110.5806968
12,13034,0.46047520637512207,0.507648401826484,1786436110.6702201
12,13035,0.2240951806306839,0.5080369357045144,1786436110.7591736
12,13036,0.2669181227684021,0.5083105646630237,1786436110.8472633
12,13037,0.1900092214345932,0.5086402910413824,1786436110.9361982
12,13038,0.30904966592788696,0.508231153496821,1786436111.0254147
12,13039,0.3950432538986206,0.5083333333333333,1786436111.1140623
12,13040,0.32493072748184204,0.5084352355072463,1786436111.2019753
12,13041,0.41473880410194397,0.5083672546359114,1786436111.2903934
12,13042,0.3055752217769623,0.5084688346883469,1786436111.3783174
12,13043,0.31169942021369934,0.5085137573297248,1786436111.4663417
12,13044,0.20813436806201935,0.5088400900900901,1786436111.554907
12,13045,0.18867474794387817,0.5083783175888439,1786436111.6435435
12,13046,0.3913379907608032,0.5086477987421384,1786436111.7331753
12,13047,0.3998929262161255,0.5087483176312247,1786436111.82111
12,13048,0.26572591066360474,0.5087925627240143,1786436111.909444
12,13049,0.28147584199905396,0.5090044742729306,1786436111.9982252
12,13050,0.3843151330947876,0.5093275245755139,1786436112.0864499
12,13051,0.33598044514656067,0.5092592592592593,1786436112.1745405
12,13052,0.5670514702796936,0.5091354723707665,1786436112.2637134
12,13053,0.2775334119796753,0.5093457943925234,1786436112.3527062
12,13054,0.30496588349342346,0.5096666666666667,1786436112.441629
12,13055,0.28130578994750977,0.5092654238792721,1786436112.5315475
12,13056,0.6350808143615723,0.5090314716312057,1786436112.6205077
12,13057,0.2774157226085663,0.5090194776449757,1786436112.7089832
12,13058,0.4156252145767212,0.5091732979664014,1786436112.797846
12,13059,0.3317294418811798,0.5092163355408389,1786436112.8863676
12,13060,0.505856990814209,0.5089285714285714,1786436112.9750066
12,13061,0.3224870562553406,0.509191985909291,1786436113.063082
12,13062,0.2966003715991974,0.5093447669305189,1786436113.151681
12,13063,0.7201172113418579,0.5090030742204655,1786436113.2409344
12,13064,0.3051794171333313,0.509155701754386,1786436113.3293831
12,13065,0.30308252573013306,0.5093079281646956,1786436113.416926
12,13066,0.37643519043922424,0.5094050743657043,1786436113.504807
12,13067,0.26789727807044983,0.509392747924858,1786436113.592578
12,13068,0.6367255449295044,0.5091623036649214,1786436113.6816194
12,13069,0.5563148260116577,0.5092592592592593,1786436113.7705798
12,13070,0.6316643953323364,0.509192776327241,1786436113.8595634
12,13071,0.4951266050338745,0.5090178183398523,1786436113.948603
12,13072,0.2797740399837494,0.5091145833333334,1786436114.03731
12,13073,0.3067319989204407,0.5087234503684439,1786436114.1267712
12,13074,0.30029091238975525,0.5083333333333333,1786436114.2158954
12,13075,0.7257235050201416,0.5078901859057501,1786436114.3060439
12,13076,0.2605222463607788,0.5080418825561313,1786436114.394851
12,13077,0.2550337612628937,0.5081392841742131,1786436114.4820237
12,13078,0.2540561854839325,0.5084517657192076,1786436114.5783806
12,13079,0.2330317199230194,0.5086559139784946,1786436114.6713789
12,13080,0.6747773885726929,0.5081078178694158,1786436114.7738452
12,13081,0.37437403202056885,0.5081510081510081,1786436114.8644145
12,13082,0.2599549889564514,0.5080869751499572,1786436114.9627094
12,13083,0.2991582453250885,0.5079696191698759,1786436115.0520573
12,13084,0.48772335052490234,0.5077457264957265,1786436115.141946
12,13085,0.4515707194805145,0.507842509603073,1786436115.241375
12,13086,0.3730279505252838,0.5079923273657289,1786436115.3296463
12,13087,0.3319057822227478,0.5079289059174117,1786436115.4278576
12,13088,0.6851721405982971,0.5077593537414966,1786436115.5228407
12,13089,0.4734576940536499,0.5077494692144374,1786436115.6126344
12,13090,0.28517183661460876,0.5072094995759118,1786436115.702077
12,13091,0.4414573013782501,0.5071473951715375,1786436115.8003721
12,13092,0.28569093346595764,0.5072969543147208,1786436115.8980188
12,13093,0.3088296949863434,0.5073933248838192,1786436115.994433
12,13094,0.3763187527656555,0.5073839662447257,1786436116.083049
12,13095,0.40933874249458313,0.5074273072060683,1786436116.1737776
12,13096,0.3006310760974884,0.5075231481481481,1786436116.2623503
12,13097,0.24572347104549408,0.5077238335435057,1786436116.3601954
12,13098,0.3236205279827118,0.5077141057934509,1786436116.4566739
12,13099,0.20819631218910217,0.5079140461215933,1786436116.5485811
12,13100,0.33098363876342773,0.5079564489112228,1786436116.6446369
12,13101,0.3288479745388031,0.5082078628189042,1786436116.732792
12,13102,0.45083311200141907,0.5077276524644946,1786436116.8228955
12,13103,0.2681681513786316,0.5078744263662912,1786436116.9137518
12,13104,0.2574603259563446,0.5075520833333333,1786436117.0020373
12,13105,0.14996428787708282,0.507906783187682,1786436117.0910683
12,13106,0.4933042824268341,0.5079488778054863,1786436117.1803546
12,13107,0.25222519040107727,0.5082503113325031,1786436117.2695687
12,13108,0.22654733061790466,0.5083955223880597,1786436117.3589516
12,13109,0.2814805209636688,0.5085403726708074,1786436117.4468627
12,13110,0.23628254234790802,0.5086848635235732,1786436117.535528
12,13111,0.2982804775238037,0.5089322593969434,1786436117.6245303
12,13112,0.25476837158203125,0.509075907590759,1786436117.714927
12,13113,0.3501647114753723,0.5091676967449527,1786436117.8042805
12,13114,0.49874305725097656,0.5092592592592593,1786436117.8935573
12,13115,0.4359116554260254,0.509350595972051,1786436117.9854095
12,13116,0.27075380086898804,0.5094417077175698,1786436118.0743563
12,13117,0.2830934524536133,0.5095325953259533,1786436118.164301
12,13118,0.2936978340148926,0.5097256347256347,1786436118.2538445
12,13119,0.2872511148452759,0.5098159509202455,1786436118.3427873
12,13120,0.2674352526664734,0.509906045751634,1786436118.4313257
12,13121,0.4888753592967987,0.5099959200326397,1786436118.5200243
12,13122,0.2307363599538803,0.5102893235533822,1786436118.609203
12,13123,0.2952924072742462,0.5102767602767603,1786436118.698545
12,13124,0.29691219329833984,0.5103658536585366,1786436118.7868097
12,13125,0.337270051240921,0.510353227771011,1786436118.8752086
12,13126,0.9378358125686646,0.510036496350365,1786436118.9641726
12,13127,0.37708333134651184,0.5099736735520454,1786436119.0545857
12,13128,0.26803573966026306,0.5100627022653722,1786436119.142197
12,13129,0.24256256222724915,0.5102020202020202,1786436119.2309275
12,13130,0.30673813819885254,0.5102401129943502,1786436119.3193846
12,13131,0.3611131012439728,0.510378879484079,1786436119.4084418
12,13132,0.23944421112537384,0.5105173107890499,1786436119.497325
12,13133,0.333052396774292,0.5107056694813028,1786436119.585313
12,13134,0.47227680683135986,0.5103413654618474,1786436119.6741166
12,13135,0.39095431566238403,0.5102787805856398,1786436119.7622576
12,13136,0.2555827796459198,0.5103665865384616,1786436119.8503058
12,13137,0.41913163661956787,0.5101540616246498,1786436119.9385777
12,13138,0.32166746258735657,0.5100419664268585,1786436120.0262003
12,13139,0.26749536395072937,0.5102794411177645,1786436120.1143475
12,13140,0.40462592244148254,0.5104166666666666,1786436120.2024486
12,13141,0.2903483211994171,0.5104540023894862,1786436120.2906332
12,13142,0.5491167306900024,0.5103918058870326,1786436120.3794675
12,13143,0.5056756734848022,0.5101311084624554,1786436120.4691305
12,13144,0.6315629482269287,0.5102182539682539,1786436120.5582287
12,13145,0.272264689207077,0.510354736424891,1786436120.6459332
12,13146,0.36826977133750916,0.5102434679334917,1786436120.734046
12,13147,0.2625347673892975,0.5105773032819296,1786436120.82393
12,13148,0.41540277004241943,0.5106635071090048,1786436120.9122708
12,13149,0.29771944880485535,0.5108481262327417,1786436121.000421
12,13150,0.2351958155632019,0.5109830575256107,1786436121.0889552
12,13151,0.18881505727767944,0.5105273514364423,1786436121.1776886
12,13152,0.24030576646327972,0.5107606132075472,1786436121.2654855
12,13153,0.44720885157585144,0.5107970160973695,1786436121.354084
12,13154,0.41102173924446106,0.5109313725490197,1786436121.4418457
12,13155,0.4505269527435303,0.5107716412064238,1786436121.5314167
12,13156,0.279184490442276,0.5109546165884195,1786436121.6201124
12,13157,0.3534974157810211,0.511137162954279,1786436121.7087798
12,13158,0.26855233311653137,0.5108801717408274,1786436121.7983153
12,13159,0.4500393867492676,0.510916179337232,1786436121.8876643
12,13160,0.2668828070163727,0.5110981308411215,1786436121.9754102
12,13161,0.4002792239189148,0.5113282769350447,1786436122.063362
12,13162,0.29892709851264954,0.511509324009324,1786436122.1519673
12,13163,0.2815827429294586,0.5116414435389989,1786436122.2404108
12,13164,0.36228615045547485,0.5112403100775194,1786436122.3297207
12,13165,0.670448362827301,0.5110820751064653,1786436122.4192462
12,13166,0.3207418620586395,0.5106825212683681,1786436122.5079713
12,13167,0.2434065043926239,0.5108149864812669,1786436122.5962062
12,13168,0.37244856357574463,0.5111400462962963,1786436122.6849735
12,13169,0.3284386992454529,0.5109344894026975,1786436122.7736244
12,13170,0.2198815941810608,0.5111624326404927,1786436122.8603826
12,13171,0.268820583820343,0.5113898500576701,1786436122.9480815
12,13172,0.29174789786338806,0.5114247311827957,1786436123.0353506
12,13173,0.3184618353843689,0.5111718450326045,1786436123.1228764
12,13174,0.38074421882629395,0.5112547892720306,1786436123.2093017
12,13175,0.2756560444831848,0.511337543053961,1786436123.2956927
12,13176,0.2247319519519806,0.5109900611620795,1786436123.3828123
12,13177,0.3559814989566803,0.510500190912562,1786436123.4711084
12,13178,0.28520697355270386,0.5106788710907704,1786436123.5580862
12,13179,0.4770669639110565,0.5108095238095238,1786436123.6448905
12,13180,0.267864465713501,0.5108923135464232,1786436123.7315352
12,13181,0.3420235812664032,0.5110224249334854,1786436123.8185332
12,13182,0.33742210268974304,0.5110573272589218,1786436123.905069
12,13183,0.29528456926345825,0.5110447478194918,1786436123.991587
12,13184,0.32221439480781555,0.5111742424242425,1786436124.0786982
12,13185,0.40151911973953247,0.5112561483163073,1786436124.166198
12,13186,0.3035303056240082,0.5113378684807256,1786436124.2531288
12,13187,0.25900623202323914,0.5116081540203851,1786436124.339738
12,13188,0.2698224186897278,0.5117835595776772,1786436124.4266465
12,13189,0.3027662932872772,0.5117231638418079,1786436124.5133069
12,13190,0.27780425548553467,0.5119450714823175,1786436124.6005588
12,13191,0.26093703508377075,0.5121664787673806,1786436124.6875155
