epoch,step,batch_loss,running_acc,timestamp
0,1841,0.6177686452865601,0.20833333333333334,1786399653.3085432
0,1842,0.5116674900054932,0.2916666666666667,1786399653.4055572
0,1843,0.5707814693450928,0.3333333333333333,1786399653.491947
0,1844,0.5380547046661377,0.375,1786399653.58067
0,1845,0.607599139213562,0.38333333333333336,1786399653.6709476
0,1846,0.6942570209503174,0.375,1786399653.759418
0,1847,0.7458407878875732,0.35119047619047616,1786399653.8574953
0,1848,0.4443579316139221,0.328125,1786399653.9473224
0,1849,0.5812375545501709,0.3287037037037037,1786399654.045226
0,1850,0.6639220714569092,0.31666666666666665,1786399654.1391993
0,1851,0.6585315465927124,0.3181818181818182,1786399654.23596
0,1852,0.619373083114624,0.3055555555555556,1786399654.3381279
0,1853,0.5251725912094116,0.2980769230769231,1786399654.4298542
0,1854,0.631656289100647,0.30357142857142855,1786399654.5230446
0,1855,0.6231052875518799,0.3,1786399654.6248837
0,1856,0.6145691871643066,0.2994791666666667,1786399654.714757
0,1857,0.6276811361312866,0.30392156862745096,1786399654.818654
0,1858,0.5330932140350342,0.30787037037037035,1786399654.9197187
0,1859,0.7695074081420898,0.31359649122807015,1786399655.012663
0,1860,0.6525462865829468,0.30833333333333335,1786399655.1094987
0,1861,0.6390525698661804,0.30357142857142855,1786399655.200405
0,1862,0.5800164937973022,0.30492424242424243,1786399655.3022494
0,1863,0.6079798936843872,0.302536231884058,1786399655.4005976
0,1864,0.5428956747055054,0.3038194444444444,1786399655.5111187
0,1865,0.5847525596618652,0.30833333333333335,1786399655.6029432
0,1866,0.49171292781829834,0.3141025641025641,1786399655.7025971
0,1867,0.5384116172790527,0.3148148148148148,1786399655.7931077
0,1868,0.6080862283706665,0.31845238095238093,1786399655.8836966
0,1869,0.5601101517677307,0.3204022988505747,1786399655.9860294
0,1870,0.7116335034370422,0.325,1786399656.07637
0,1871,0.6192201375961304,0.3239247311827957,1786399656.1679437
0,1872,0.6344263553619385,0.3229166666666667,1786399656.2670763
0,1873,0.42842668294906616,0.32702020202020204,1786399656.359141
0,1874,0.5576232671737671,0.3272058823529412,1786399656.458438
0,1875,0.5972431302070618,0.32261904761904764,1786399656.5514061
0,1876,0.7111113667488098,0.32060185185185186,1786399656.6482506
0,1877,0.5864703059196472,0.32207207207207206,1786399656.7418735
0,1878,0.537184476852417,0.3256578947368421,1786399656.8385298
0,1879,0.5328242778778076,0.32371794871794873,1786399656.9338994
0,1880,0.6291463375091553,0.328125,1786399657.0373137
0,1881,0.7206349968910217,0.32621951219512196,1786399657.1407163
0,1882,0.521088182926178,0.33035714285714285,1786399657.2370276
0,1883,0.5650560855865479,0.32945736434108525,1786399657.3363862
0,1884,0.621306300163269,0.3333333333333333,1786399657.4269102
0,1885,0.5166518688201904,0.33611111111111114,1786399657.5208223
0,1886,0.5133243203163147,0.3333333333333333,1786399657.6185174
0,1887,0.5772393345832825,0.3351063829787234,1786399657.71012
0,1888,0.5934012532234192,0.3307291666666667,1786399657.8003926
0,1889,0.5240189433097839,0.33163265306122447,1786399657.8923652
0,1890,0.5245844125747681,0.335,1786399657.9866211
0,1891,0.623807430267334,0.33578431372549017,1786399658.0787792
0,1892,0.7452319860458374,0.3333333333333333,1786399658.171815
0,1893,0.5931175947189331,0.3333333333333333,1786399658.2695956
0,1894,0.5858609676361084,0.33564814814814814,1786399658.3698876
0,1895,0.6548366546630859,0.33636363636363636,1786399658.4624066
0,1896,0.6427204012870789,0.33482142857142855,1786399658.552394
0,1897,0.6802092790603638,0.33114035087719296,1786399658.6473794
0,1898,0.5582794547080994,0.3297413793103448,1786399658.7392714
0,1899,0.590410053730011,0.3269774011299435,1786399658.8315947
0,1900,0.5902858972549438,0.325,1786399658.9251125
0,1901,0.6393823027610779,0.328551912568306,1786399659.0180726
0,1902,0.5900719165802002,0.3279569892473118,1786399659.1090827
0,1903,0.5453497171401978,0.33134920634920634,1786399659.199389
0,1904,0.5376887321472168,0.328125,1786399659.2911782
0,1905,0.6402379274368286,0.3269230769230769,1786399659.3864222
0,1906,0.4640287756919861,0.3263888888888889,1786399659.4773018
0,1907,0.5461727380752563,0.3277363184079602,1786399659.5696065
0,1908,0.5930345058441162,0.3321078431372549,1786399659.6595774
0,1909,0.50762540102005,0.3321256038647343,1786399659.7515173
0,1910,0.4888935089111328,0.33154761904761904,1786399659.840762
0,1911,0.623663067817688,0.33039906103286387,1786399659.9407687
0,1912,0.4887719750404358,0.33101851851851855,1786399660.0303824
0,1913,0.5821901559829712,0.3333333333333333,1786399660.121262
0,1914,0.5113430023193359,0.330518018018018,1786399660.2125466
0,1915,0.7584129571914673,0.3288888888888889,1786399660.301101
0,1916,0.6758000254631042,0.3267543859649123,1786399660.3936238
0,1917,0.6353915333747864,0.3262987012987013,1786399660.4833543
0,1918,0.47779226303100586,0.32585470085470086,1786399660.5730493
0,1919,0.6160209774971008,0.32542194092827004,1786399660.6728811
0,1920,0.47377896308898926,0.3265625,1786399660.7614083
0,1921,0.6325099468231201,0.32613168724279834,1786399660.86194
0,1922,0.5553846955299377,0.3257113821138211,1786399660.9541402
0,1923,0.7037638425827026,0.3247991967871486,1786399661.045173
0,1924,0.486831396818161,0.32490079365079366,1786399661.1371138
0,1925,0.7088234424591064,0.325,1786399661.2328181
0,1926,0.5839666724205017,0.32655038759689925,1786399661.32635
0,1927,0.4822550117969513,0.3261494252873563,1786399661.4185576
0,1928,0.6114299297332764,0.32670454545454547,1786399661.5080187
0,1929,0.4075615406036377,0.3291198501872659,1786399661.608154
0,1930,0.5679020881652832,0.3287037037037037,1786399661.699456
0,1931,0.5472208261489868,0.3292124542124542,1786399661.789703
0,1932,0.5994501113891602,0.3283514492753623,1786399661.8827968
0,1933,0.8013708591461182,0.3270609318996416,1786399661.9846888
0,1934,0.5602477788925171,0.3271276595744681,1786399662.0807855
0,1935,0.6029933094978333,0.32587719298245615,1786399662.1724303
0,1936,0.6125971078872681,0.3255208333333333,1786399662.263401
0,1937,0.6152616143226624,0.32517182130584193,1786399662.354072
0,1938,0.48120492696762085,0.32355442176870747,1786399662.4545567
0,1939,0.5041071176528931,0.32365319865319864,1786399662.550653
0,1940,0.6216719150543213,0.3233333333333333,1786399662.6430633
0,1941,0.5031190514564514,0.320957095709571,1786399662.7437847
0,1942,0.5933730602264404,0.3206699346405229,1786399662.8341095
0,1943,0.6757426857948303,0.3187702265372168,1786399662.9317064
0,1944,0.5725260972976685,0.3189102564102564,1786399663.0270507
0,1945,0.707524836063385,0.319047619047619,1786399663.126928
0,1946,0.7254611849784851,0.31839622641509435,1786399663.2314463
0,1947,0.684852123260498,0.3173676012461059,1786399663.3302214
0,1948,0.5872997641563416,0.3175154320987654,1786399663.4219542
0,1949,0.7294737100601196,0.3176605504587156,1786399663.5218651
0,1950,0.5766662955284119,0.31931818181818183,1786399663.6219761
0,1951,0.7025879621505737,0.3205705705705706,1786399663.7127442
0,1952,0.4538099467754364,0.32142857142857145,1786399663.8057675
0,1953,0.5141217708587646,0.3226401179941003,1786399663.8965569
0,1954,0.5967483520507812,0.322733918128655,1786399663.9977388
0,1955,0.522339403629303,0.32463768115942027,1786399664.1002574
0,1956,0.5613590478897095,0.3239942528735632,1786399664.2034495
0,1957,0.596636950969696,0.3244301994301994,1786399664.2976425
0,1958,0.4884296655654907,0.3252118644067797,1786399664.3895664
0,1959,0.593593955039978,0.3235294117647059,1786399664.479522
0,1960,0.5844554901123047,0.3232638888888889,1786399664.5772707
0,1961,0.46524447202682495,0.3243801652892562,1786399664.6774626
0,1962,0.6779841184616089,0.3241120218579235,1786399664.7726364
0,1963,0.5289282202720642,0.3241869918699187,1786399664.8717027
0,1964,0.5006742477416992,0.3239247311827957,1786399664.9705145
0,1965,0.4164643883705139,0.3253333333333333,1786399665.0610473
0,1966,0.5850536823272705,0.3263888888888889,1786399665.1520207
0,1967,0.4284939467906952,0.3270997375328084,1786399665.2417016
0,1968,0.5747256875038147,0.3264973958333333,1786399665.3323934
0,1969,0.6510346531867981,0.3281653746770026,1786399665.424183
0,1970,0.6332405805587769,0.3278846153846154,1786399665.5161018
0,1971,0.5872704982757568,0.32729007633587787,1786399665.6093366
0,1972,0.5771097540855408,0.32733585858585856,1786399665.6996803
0,1973,0.5824987888336182,0.32612781954887216,1786399665.7898269
0,1974,0.4540678858757019,0.32431592039800994,1786399665.8935168
0,1975,0.5337008833885193,0.3253086419753086,1786399665.98564
0,1976,0.4954376518726349,0.3247549019607843,1786399666.0906017
0,1977,0.6294004917144775,0.3245133819951338,1786399666.1830375
0,1978,0.5015076398849487,0.3254830917874396,1786399666.2715404
0,1979,0.592663049697876,0.3240407673860911,1786399666.3608732
0,1980,0.5969330668449402,0.32470238095238096,1786399666.4511988
0,1981,0.6213012933731079,0.32476359338061467,1786399666.5395277
0,1982,0.5555325150489807,0.3230633802816901,1786399666.6397989
0,1983,0.589485764503479,0.32255244755244755,1786399666.7304745
0,1984,0.5556017756462097,0.32320601851851855,1786399666.8318174
0,1985,0.6032906770706177,0.32298850574712645,1786399666.9374561
0,1986,0.5895503759384155,0.3224885844748858,1786399667.0358112
0,1987,0.8066816926002502,0.32227891156462585,1786399667.1282933
0,1988,0.4953516125679016,0.32263513513513514,1786399667.2212284
0,1989,0.4922439455986023,0.3232662192393736,1786399667.3128836
0,1990,0.5582181215286255,0.3244444444444444,1786399667.4036367
0,1991,0.6040712594985962,0.3242273730684327,1786399667.4934623
0,1992,0.4912480413913727,0.3248355263157895,1786399667.58704
0,1993,0.5191149711608887,0.32380174291938996,1786399667.6806405
0,1994,0.4843588173389435,0.3235930735930736,1786399667.7809856
0,1995,0.46271032094955444,0.3233870967741935,1786399667.8827417
0,1996,0.5775716304779053,0.3231837606837607,1786399667.9758997
0,1997,0.5364471673965454,0.3232484076433121,1786399668.079424
0,1998,0.5251845717430115,0.3235759493670886,1786399668.1717753
0,1999,0.5369089245796204,0.32442348008385746,1786399668.26563
0,2000,0.6231803894042969,0.32421875,1786399668.3752446
0,2001,0.705828070640564,0.3242753623188406,1786399668.466678
0,2002,0.47888967394828796,0.3245884773662551,1786399668.5578868
0,2003,0.557567298412323,0.32464212678936605,1786399668.6493423
0,2004,0.5016209483146667,0.3249491869918699,1786399668.7436483
0,2005,0.7076500058174133,0.326010101010101,1786399668.8347874
0,2006,0.4595479667186737,0.3258032128514056,1786399668.9252567
0,2007,0.4752069115638733,0.3278443113772455,1786399669.017994
0,2008,0.5511921644210815,0.328125,1786399669.1093624
0,2009,0.5819900631904602,0.3291420118343195,1786399669.2021525
0,2010,0.48788878321647644,0.32916666666666666,1786399669.2946963
0,2011,0.6209217309951782,0.32894736842105265,1786399669.3871472
0,2012,0.5987734198570251,0.32897286821705424,1786399669.4793248
0,2013,0.5751774311065674,0.32947976878612717,1786399669.568957
0,2014,0.48140525817871094,0.3297413793103448,1786399669.6613836
0,2015,0.618192195892334,0.32880952380952383,1786399669.7544034
0,2016,0.7084758281707764,0.328125,1786399669.8513026
0,2017,0.546297550201416,0.3281544256120527,1786399669.945589
0,2018,0.5616440176963806,0.32865168539325845,1786399670.0485573
0,2019,0.6015982627868652,0.32891061452513964,1786399670.1393733
0,2020,0.4774007499217987,0.3296296296296296,1786399670.2333267
0,2021,0.5903896689414978,0.3294198895027624,1786399670.3366992
0,2022,0.6131516098976135,0.32944139194139194,1786399670.4289575
0,2023,0.6870993971824646,0.3292349726775956,1786399670.5252838
0,2024,0.5644972324371338,0.3292572463768116,1786399670.6172116
0,2025,0.5211538076400757,0.32995495495495497,1786399670.7101762
0,2026,0.4427247643470764,0.3301971326164875,1786399670.808624
0,2027,0.4640640616416931,0.32999108734402854,1786399670.9134393
0,2028,0.5516622066497803,0.3304521276595745,1786399671.0068705
0,2029,0.7184192538261414,0.32936507936507936,1786399671.097088
0,2030,0.4942447543144226,0.3298245614035088,1786399671.19516
0,2031,0.7967320680618286,0.3298429319371728,1786399671.29417
0,2032,0.6072544455528259,0.3294270833333333,1786399671.3880396
0,2033,0.6287692785263062,0.3279360967184801,1786399671.476914
0,2034,0.545913815498352,0.328393470790378,1786399671.5685573
0,2035,0.5979673862457275,0.327991452991453,1786399671.6709027
0,2036,0.4700302481651306,0.3273809523809524,1786399671.7669384
0,2037,0.5130621790885925,0.32719966159052455,1786399671.8691485
0,2038,0.6147075295448303,0.32680976430976433,1786399671.962756
0,2039,0.45376384258270264,0.32642378559463986,1786399672.053649
0,2040,0.5408403277397156,0.326875,1786399672.142155
0,2041,0.6524276733398438,0.3275290215588723,1786399672.2386458
0,2042,0.4999657869338989,0.32817656765676567,1786399672.3348181
0,2043,0.575072705745697,0.32779146141215104,1786399672.425028
0,2044,0.5500667691230774,0.3278186274509804,1786399672.5206828
0,2045,0.596788763999939,0.3274390243902439,1786399672.6113937
0,2046,0.6879030466079712,0.3272653721682848,1786399672.7003238
0,2047,0.5583852529525757,0.32628824476650564,1786399672.7923872
0,2048,0.547935962677002,0.3265224358974359,1786399672.8834767
0,2049,0.6028045415878296,0.3263556618819777,1786399672.976134
0,2050,0.5267869830131531,0.3265873015873016,1786399673.0664146
0,2051,0.7042307257652283,0.32701421800947866,1786399673.1639981
0,2052,0.5306447148323059,0.3272405660377358,1786399673.2539978
0,2053,0.5361229181289673,0.32805164319248825,1786399673.3529184
0,2054,0.5588350892066956,0.32749221183800625,1786399673.4443777
0,2055,0.4641488194465637,0.32790697674418606,1786399673.5317776
0,2056,0.5654322504997253,0.3279320987654321,1786399673.6221116
0,2057,0.644536018371582,0.3273809523809524,1786399673.7135506
0,2058,0.533998966217041,0.32798165137614677,1786399673.8036807
0,2059,0.6285149455070496,0.3276255707762557,1786399673.9030287
0,2060,0.5702729225158691,0.32840909090909093,1786399673.9919417
0,2061,0.579512894153595,0.3284313725490196,1786399674.084161
0,2062,0.48580631613731384,0.32882882882882886,1786399674.1825805
0,2063,0.6844603419303894,0.328101644245142,1786399674.2717335
0,2064,0.5731991529464722,0.3286830357142857,1786399674.3605893
0,2065,0.521263062953949,0.32851851851851854,1786399674.4553728
0,2066,0.5862382054328918,0.32890855457227136,1786399674.5454483
0,2067,0.4642680883407593,0.32966226138032306,1786399674.634112
0,2068,0.5063590407371521,0.32858187134502925,1786399674.734591
0,2069,0.4946994185447693,0.32933042212518193,1786399674.8281753
0,2070,0.513786792755127,0.32971014492753625,1786399674.9267783
0,2071,0.49966028332710266,0.3291847041847042,1786399675.0179765
0,2072,0.43568453192710876,0.3292025862068966,1786399675.1168623
0,2073,0.5349892377853394,0.32993562231759654,1786399675.2071755
0,2074,0.5993763208389282,0.3294159544159544,1786399675.3068004
0,2075,0.4271294176578522,0.32872340425531915,1786399675.4011173
0,2076,0.5311239957809448,0.3294491525423729,1786399675.4900436
0,2077,0.5792801976203918,0.3292897327707454,1786399675.5881715
0,2078,0.6434085965156555,0.3284313725490196,1786399675.6784074
0,2079,0.5561140775680542,0.32792887029288703,1786399675.7698765
0,2080,0.4676337242126465,0.328125,1786399675.8592932
0,2081,0.5751446485519409,0.3281466113416321,1786399675.9592545
0,2082,0.47066694498062134,0.3285123966942149,1786399676.059374
0,2083,0.5011208057403564,0.328360768175583,1786399676.1521523
0,2084,0.5230513215065002,0.3287226775956284,1786399676.241378
0,2085,0.5551945567131042,0.32908163265306123,1786399676.330918
0,2086,0.6072437763214111,0.328929539295393,1786399676.4201458
0,2087,0.5852227210998535,0.32894736842105265,1786399676.5171125
0,2088,0.6369160413742065,0.3289650537634409,1786399676.6068332
0,2089,0.6682236790657043,0.3288152610441767,1786399676.696409
0,2090,0.7599445581436157,0.32916666666666666,1786399676.7970912
0,2091,0.5109921097755432,0.3298472775564409,1786399676.893985
0,2092,0.43472564220428467,0.33035714285714285,1786399676.9840314
0,2093,0.5170626044273376,0.3302042160737813,1786399677.079607
0,2094,0.6218164563179016,0.3297244094488189,1786399677.1761544
0,2095,0.5148181319236755,0.3295751633986928,1786399677.2664094
0,2096,0.5708330273628235,0.3297526041666667,1786399677.3637002
0,2097,0.49808648228645325,0.32911802853437094,1786399677.4558525
0,2098,0.6007289290428162,0.3301033591731266,1786399677.544633
0,2099,0.4773438572883606,0.33092020592020593,1786399677.644718
0,2100,0.6009545922279358,0.33125,1786399677.734729
0,2101,0.5028642416000366,0.33189655172413796,1786399677.8295944
0,2102,0.5334505438804626,0.33174300254452926,1786399677.9186394
0,2103,0.7290210723876953,0.3314321926489227,1786399678.013903
0,2104,0.4825124740600586,0.33080808080808083,1786399678.1035945
0,2105,0.4913313090801239,0.3306603773584906,1786399678.1933749
0,2106,0.6284038424491882,0.3308270676691729,1786399678.2911336
0,2107,0.561955451965332,0.33052434456928836,1786399678.3886414
0,2108,0.6291669607162476,0.32991293532338306,1786399678.4839568
0,2109,0.7904130816459656,0.32961586121437425,1786399678.5811896
0,2110,0.5219468474388123,0.32947530864197533,1786399678.6713593
0,2111,0.5762521624565125,0.3290282902829028,1786399678.7615685
0,2112,0.4145887792110443,0.32950367647058826,1786399678.8501835
0,2113,0.5402388572692871,0.32997557997557997,1786399678.941574
0,2114,0.5087078809738159,0.3302919708029197,1786399679.0395293
0,2115,0.6452094316482544,0.32984848484848484,1786399679.1313984
0,2116,0.4301948845386505,0.330012077294686,1786399679.2213988
0,2117,0.6096286177635193,0.32942238267148016,1786399679.3193948
0,2118,0.5871922969818115,0.32973621103117506,1786399679.4143414
0,2119,0.44686615467071533,0.32945041816009557,1786399679.5033598
0,2120,0.8553516268730164,0.32901785714285714,1786399679.594382
0,2121,0.5883179306983948,0.32873665480427045,1786399679.691674
0,2122,0.4684787094593048,0.32860520094562645,1786399679.7827163
0,2123,0.6951282024383545,0.3284746760895171,1786399679.8731985
0,2124,0.5552318692207336,0.3284917840375587,1786399679.9694529
0,2125,0.5249432921409607,0.3279239766081871,1786399680.060663
0,2126,0.5664772987365723,0.32794289044289043,1786399680.151255
0,2127,0.5662672519683838,0.32723577235772355,1786399680.2414572
0,2128,0.5826380848884583,0.3268229166666667,1786399680.3339503
0,2129,0.7368649840354919,0.32698961937716264,1786399680.42366
0,2130,0.3804755210876465,0.3278735632183908,1786399680.514925
0,2131,0.4694057106971741,0.32803550973654066,1786399680.6139112
0,2132,0.4174157381057739,0.3286244292237443,1786399680.7044632
0,2133,0.617898166179657,0.32878270762229805,1786399680.8040137
0,2134,0.44175997376441956,0.32950680272108845,1786399680.8945034
0,2135,0.5074036717414856,0.3292372881355932,1786399680.991322
0,2136,0.42872512340545654,0.3292511261261261,1786399681.0808487
0,2137,0.6802186965942383,0.32968574635241304,1786399681.1837847
0,2138,0.5385255217552185,0.32941834451901564,1786399681.2769525
0,2139,0.4997420310974121,0.3290133779264214,1786399681.3666422
0,2140,0.6665005683898926,0.32861111111111113,1786399681.4610896
0,2141,0.5980978608131409,0.3286267995570321,1786399681.555308
0,2142,0.5223512649536133,0.32850441501103755,1786399681.6447277
0,2143,0.6786165833473206,0.32824532453245325,1786399681.7355282
0,2144,0.5500465035438538,0.328125,1786399681.824733
0,2145,0.7008782625198364,0.32882513661202184,1786399681.9139736
0,2146,0.5927405953407288,0.32856753812636164,1786399682.003204
0,2147,0.6359134316444397,0.3295331161780673,1786399682.0916884
0,2148,0.5902232527732849,0.32981601731601734,1786399682.1840045
0,2149,0.5514559149742126,0.3296925566343042,1786399682.2729998
0,2150,0.5475296378135681,0.3293010752688172,1786399682.3620217
0,2151,0.7041372656822205,0.3291800643086817,1786399682.4525084
0,2152,0.4898509979248047,0.3295940170940171,1786399682.541122
0,2153,0.5993149876594543,0.33027156549520764,1786399682.6334217
0,2154,0.5372852087020874,0.32975053078556266,1786399682.7236445
0,2155,0.6498543620109558,0.3294973544973545,1786399682.8134701
0,2156,0.6255478262901306,0.32964135021097046,1786399682.9048612
0,2157,0.6222131252288818,0.3289957939011567,1786399682.994344
0,2158,0.5238209366798401,0.3284853249475891,1786399683.0843203
0,2159,0.4830082058906555,0.3285005224660397,1786399683.174023
0,2160,0.4203364849090576,0.32903645833333334,1786399683.2631757
0,2161,0.5448142290115356,0.32904984423676015,1786399683.35421
0,2162,0.4878283143043518,0.3295807453416149,1786399683.451217
0,2163,0.5371398329734802,0.32933436532507737,1786399683.5418475
0,2164,0.5457236766815186,0.32960390946502055,1786399683.6318078
0,2165,0.765005350112915,0.3293589743589744,1786399683.7271543
0,2166,0.6050722002983093,0.32975460122699385,1786399683.8196933
0,2167,0.5821963548660278,0.32951070336391436,1786399683.9152265
0,2168,0.7817046046257019,0.32952235772357724,1786399684.0084634
0,2169,0.5419723987579346,0.32915400202634243,1786399684.0983129
0,2170,0.5502592921257019,0.3292929292929293,1786399684.1909616
0,2171,0.5605367422103882,0.3293051359516616,1786399684.2871318
0,2172,0.5688332915306091,0.3296937751004016,1786399684.3871436
0,2173,0.7308548092842102,0.32957957957957956,1786399684.4766014
0,2174,0.5693306922912598,0.32984031936127745,1786399684.5705035
0,2175,0.4336498975753784,0.32922885572139304,1786399684.6604218
0,2176,0.5753721594810486,0.32936507936507936,1786399684.7585478
0,2177,0.8010575771331787,0.32925321463897134,1786399684.8508956
0,2178,0.5288816690444946,0.32938856015779094,1786399684.9392436
0,2179,0.5085304975509644,0.32964601769911506,1786399685.0398684
0,2180,0.6216321587562561,0.32965686274509803,1786399685.1315787
0,2181,0.5065966844558716,0.32991202346041054,1786399685.222233
0,2182,0.4564528465270996,0.32992202729044834,1786399685.3195682
0,2183,0.5931750535964966,0.3302964042759961,1786399685.4159222
0,2184,0.5164288878440857,0.32994186046511625,1786399685.5051143
0,2185,0.55678790807724,0.3294685990338164,1786399685.5949137
0,2186,0.49468502402305603,0.3296001926782274,1786399685.6883683
0,2187,0.5625449419021606,0.3293707973102786,1786399685.784707
0,2188,0.546837568283081,0.32962164750957856,1786399685.8834627
0,2189,0.571242094039917,0.3292741165234002,1786399685.9792752
0,2190,0.4221256375312805,0.3294047619047619,1786399686.0679693
0,2191,0.6391596794128418,0.32965337132003797,1786399686.157676
0,2192,0.5189732313156128,0.32978219696969696,1786399686.25426
0,2193,0.4528766870498657,0.330028328611898,1786399686.3523808
0,2194,0.6809170246124268,0.3298022598870056,1786399686.4428372
0,2195,0.5611798167228699,0.32981220657276994,1786399686.5399852
0,2196,0.5536855459213257,0.33029026217228463,1786399686.6294932
0,2197,0.6376263499259949,0.3306489262371615,1786399686.7221026
0,2198,0.4351230263710022,0.33088919925512106,1786399686.830929
0,2199,0.7021903991699219,0.3308960074280409,1786399686.9209719
0,2200,0.46946999430656433,0.3314814814814815,1786399687.0120018
0,2201,0.4451645016670227,0.3317174515235457,1786399687.1097567
0,2202,0.5809271335601807,0.3312615101289134,1786399687.2082236
0,2203,0.5287573337554932,0.3314967860422406,1786399687.2985678
0,2204,0.5598627328872681,0.3318452380952381,1786399687.3881845
0,2205,0.5461116433143616,0.33184931506849313,1786399687.485217
0,2206,0.5620578527450562,0.3316256830601093,1786399687.57457
0,2207,0.52130126953125,0.3315168029064487,1786399687.6638536
0,2208,0.39688509702682495,0.3323143115942029,1786399687.7602851
0,2209,0.6716585159301758,0.3324299909665763,1786399687.8504462
0,2210,0.6827714443206787,0.33254504504504506,1786399687.9483998
0,2211,0.5126342177391052,0.33209793351302785,1786399688.0402567
0,2212,0.4428967833518982,0.33221326164874554,1786399688.1357062
0,2213,0.6006537079811096,0.33221626452189457,1786399688.227272
0,2214,0.4634210467338562,0.3323306595365419,1786399688.3239343
0,2215,0.6054024696350098,0.3317777777777778,1786399688.4210086
0,2216,0.5965645909309387,0.3314494680851064,1786399688.514823
0,2217,0.6095412373542786,0.3312334217506631,1786399688.6044617
0,2218,0.6554011702537537,0.33112874779541446,1786399688.6930616
0,2219,0.6202512979507446,0.33091468777484606,1786399688.7884297
0,2220,0.644612193107605,0.33125,1786399688.8876822
0,2221,0.5565925240516663,0.3311461067366579,1786399688.9774551
0,2222,0.5414304733276367,0.331151832460733,1786399689.07053
0,2223,0.535525918006897,0.33159268929503916,1786399689.160937
0,2224,0.7220991253852844,0.3311631944444444,1786399689.2530773
0,2225,0.6462085247039795,0.3314935064935065,1786399689.3440256
0,2226,0.557183027267456,0.33128238341968913,1786399689.4339526
0,2227,0.4837646484375,0.33053402239448754,1786399689.5340352
0,2228,0.6428130865097046,0.33032646048109965,1786399689.633636
0,2229,0.5871971249580383,0.33022707797772066,1786399689.7354066
0,2230,0.6238614916801453,0.33034188034188033,1786399689.8260903
0,2231,0.7305934429168701,0.33024296675191817,1786399689.915383
0,2232,0.59007328748703,0.3299319727891156,1786399690.0052907
0,2233,0.6406610012054443,0.32951653944020354,1786399690.0952647
0,2234,0.6235274076461792,0.3292089678510998,1786399690.1949286
0,2235,0.5549808144569397,0.3290084388185654,1786399690.2857325
0,2236,0.43578317761421204,0.3287037037037037,1786399690.3873081
0,2237,0.5553081631660461,0.3288203190596138,1786399690.4771047
0,2238,0.43994608521461487,0.32914572864321606,1786399690.564837
0,2239,0.47419196367263794,0.329469507101086,1786399690.6546745
0,2240,0.47168177366256714,0.32979166666666665,1786399690.7525046
0,2241,0.5250992774963379,0.33000831255195345,1786399690.8408937
0,2242,0.46965426206588745,0.3303275290215589,1786399690.9379983
0,2243,0.5975923538208008,0.33033498759305213,1786399691.0277283
0,2244,0.5208563208580017,0.3303424092409241,1786399691.125438
0,2245,0.5320640206336975,0.32993827160493827,1786399691.2152264
0,2246,0.5531612038612366,0.33035714285714285,1786399691.3124127
0,2247,0.6830251216888428,0.33026208026208026,1786399691.4134026
0,2248,0.7221240997314453,0.3303717320261438,1786399691.5029187
0,2249,0.5774949193000793,0.33058272208638956,1786399691.5948884
0,2250,0.5373629331588745,0.3306910569105691,1786399691.6849542
0,2251,0.5061779618263245,0.3303933495539335,1786399691.7857287
0,2252,0.5953871011734009,0.3304004854368932,1786399691.886942
0,2253,0.5241454243659973,0.3305084745762712,1786399691.9841874
0,2254,0.5988653898239136,0.3305152979066023,1786399692.0755463
0,2255,0.5288640856742859,0.33062248995983934,1786399692.1644473
0,2256,0.4916388690471649,0.3307291666666667,1786399692.2530599
0,2257,0.40158653259277344,0.33103517186250997,1786399692.3432922
0,2258,0.4877609610557556,0.3312400318979266,1786399692.4426174
0,2259,0.6191760301589966,0.3313444709626094,1786399692.5371835
0,2260,0.5089468359947205,0.33154761904761904,1786399692.6269782
0,2261,0.6052999496459961,0.3314528899445764,1786399692.725194
0,2262,0.46744269132614136,0.3316548183254344,1786399692.8150992
0,2263,0.5194056630134583,0.3319542947202522,1786399692.9165325
0,2264,0.5803631544113159,0.3319575471698113,1786399693.0059512
0,2265,0.4681236743927002,0.3323529411764706,1786399693.1030784
0,2266,0.6637320518493652,0.3324530516431925,1786399693.1932917
0,2267,0.563244640827179,0.3322599531615925,1786399693.2875938
0,2268,0.4032195806503296,0.33235981308411217,1786399693.378283
0,2269,0.5812483429908752,0.33255633255633255,1786399693.467954
0,2270,0.5518282651901245,0.3325581395348837,1786399693.5684834
0,2271,0.7059819102287292,0.3323665893271462,1786399693.658147
0,2272,0.47633057832717896,0.3325617283950617,1786399693.758132
0,2273,0.5399982929229736,0.33227482678983833,1786399693.8574443
0,2274,0.6204639077186584,0.3325652841781874,1786399693.9481401
0,2275,0.5481967329978943,0.3324712643678161,1786399694.0386748
0,2276,0.5061773061752319,0.3327599388379205,1786399694.13835
0,2277,0.5516074895858765,0.33237986270022885,1786399694.2290142
0,2278,0.5935067534446716,0.332572298325723,1786399694.3175373
0,2279,0.4851868748664856,0.3331435079726651,1786399694.4098408
0,2280,0.6023229360580444,0.33304924242424244,1786399694.4989543
0,2281,0.6312738060951233,0.33286092214663643,1786399694.588372
0,2282,0.5074681043624878,0.33295625942684764,1786399694.6783803
0,2283,0.5145735144615173,0.3328630549285177,1786399694.7686324
0,2284,0.6857699751853943,0.3332394894894895,1786399694.8606787
0,2285,0.49730485677719116,0.33352059925093636,1786399694.9526236
0,2286,0.5617653131484985,0.3335201793721973,1786399695.0427334
0,2287,0.44743120670318604,0.3337994034302759,1786399695.1314068
0,2288,0.5025056004524231,0.33351934523809523,1786399695.222205
0,2289,0.5199651718139648,0.33351893095768376,1786399695.3119187
0,2290,0.5220404863357544,0.3337962962962963,1786399695.4008846
0,2291,0.4561120867729187,0.33388765705838874,1786399695.491383
0,2292,0.5612366199493408,0.33370206489675514,1786399695.581406
0,2293,0.4970111846923828,0.3337932303164091,1786399695.6718457
0,2294,0.6149067282676697,0.3339757709251101,1786399695.768888
0,2295,0.6646802425384521,0.3336996336996337,1786399695.8712013
0,2296,0.5484265089035034,0.33379020467836257,1786399695.962105
0,2297,0.5230202674865723,0.33388037928519326,1786399696.051722
0,2298,0.5330060720443726,0.33415211062590977,1786399696.1435456
0,2299,0.5159409642219543,0.3346042120551925,1786399696.2433825
0,2300,0.49445226788520813,0.33496376811594203,1786399696.336696
0,2301,0.49945151805877686,0.3348698481561822,1786399696.4253805
0,2302,0.5331077575683594,0.3345959595959596,1786399696.5226023
0,2303,0.5559329390525818,0.33468322534197265,1786399696.6109836
0,2304,0.5245959758758545,0.33459051724137934,1786399696.7010903
0,2305,0.5272964239120483,0.3350358422939068,1786399696.7945676
0,2306,0.5462654829025269,0.33476394849785407,1786399696.8955636
0,2307,0.5640348792076111,0.3351177730192719,1786399696.9852004
0,2308,0.5681896805763245,0.3353810541310541,1786399697.0868793
0,2309,0.5453030467033386,0.3349324804548685,1786399697.1845744
0,2310,0.5344753265380859,0.3348404255319149,1786399697.2737095
0,2311,0.6406270265579224,0.33483722576079267,1786399697.364767
0,2312,0.49580585956573486,0.3349223163841808,1786399697.4552772
0,2313,0.6114665865898132,0.334830866807611,1786399697.549537
0,2314,0.6418243050575256,0.33482770745428975,1786399697.6459613
0,2315,0.6030762195587158,0.33473684210526317,1786399697.7379177
0,2316,0.5391441583633423,0.33473389355742295,1786399697.834862
0,2317,0.5096638798713684,0.33490566037735847,1786399697.9305623
0,2318,0.6027640104293823,0.3348152022315202,1786399698.0199914
0,2319,0.6281296014785767,0.3345511482254697,1786399698.1121898
0,2320,0.5867466926574707,0.3346354166666667,1786399698.2011187
0,2321,0.4258628487586975,0.33471933471933474,1786399698.290738
0,2322,0.4955959618091583,0.334716459197787,1786399698.3815558
0,2323,0.6223193407058716,0.33505866114561766,1786399698.4698987
0,2324,0.484177827835083,0.3349690082644628,1786399698.5622232
0,2325,0.5518512725830078,0.3351374570446735,1786399698.6518126
0,2326,0.5301571488380432,0.3350480109739369,1786399698.7409492
0,2327,0.5253939032554626,0.33513004791238876,1786399698.8419025
0,2328,0.5408092737197876,0.3355532786885246,1786399698.932151
0,2329,0.7250885367393494,0.3354635310156783,1786399699.0319977
0,2330,0.5280625820159912,0.3351190476190476,1786399699.1220498
0,2331,0.7384581565856934,0.3346911065852003,1786399699.2198822
0,2332,0.4863719642162323,0.33485772357723576,1786399699.3095334
0,2333,0.544255256652832,0.33493914807302233,1786399699.4026682
0,2334,0.5881224870681763,0.3349358974358974,1786399699.4913743
0,2335,0.61990886926651,0.3349326599326599,1786399699.585029
0,2336,0.5461257100105286,0.3348454301075269,1786399699.6810315
0,2337,0.5725951194763184,0.3345908786049631,1786399699.7785273
0,2338,0.5747227668762207,0.3344210174029451,1786399699.8693137
0,2339,0.5301617980003357,0.33458583834335337,1786399699.9660563
0,2340,0.5548757314682007,0.33425,1786399700.0561228
0,2341,0.464804083108902,0.33416500332668,1786399700.152859
0,2342,0.5987815856933594,0.3343293492695883,1786399700.243494
0,2343,0.45789584517478943,0.3348243870112657,1786399700.3326955
0,2344,0.6698758602142334,0.3349041005291005,1786399700.423023
0,2345,0.5452481508255005,0.3353135313531353,1786399700.518448
0,2346,0.8305772542953491,0.33547430830039526,1786399700.6068492
0,2347,0.4138367474079132,0.3357166337935569,1786399700.6989174
0,2348,0.5802432894706726,0.33579396325459315,1786399700.7971222
0,2349,0.6117260456085205,0.33562540929927964,1786399700.8884747
0,2350,0.49855679273605347,0.33578431372549017,1786399700.9806972
0,2351,0.6835741996765137,0.33626875407697326,1786399701.071066
0,2352,0.6529363989830017,0.3361002604166667,1786399701.1611898
0,2353,0.6249229907989502,0.33585120207927227,1786399701.2505007
0,2354,0.3864058256149292,0.33608949416342415,1786399701.3421152
0,2355,0.5143371820449829,0.33616504854368934,1786399701.4412677
0,2356,0.48134666681289673,0.33648255813953487,1786399701.530644
0,2357,0.4212762415409088,0.3366376531270148,1786399701.6299987
0,2358,0.47056108713150024,0.33630952380952384,1786399701.721246
0,2359,0.5705307722091675,0.3364643545279383,1786399701.819661
0,2360,0.49485424160957336,0.33653846153846156,1786399701.9115384
0,2361,0.5145859122276306,0.33685220729366605,1786399701.999996
0,2362,0.5937076210975647,0.3370051085568327,1786399702.0940442
0,2363,0.680385410785675,0.337157425111536,1786399702.1834862
0,2364,0.4428527355194092,0.33675254452926207,1786399702.274607
0,2365,0.5045918822288513,0.336984126984127,1786399702.3716362
0,2366,0.6255632638931274,0.33666032953105196,1786399702.4703627
0,2367,0.5632330775260925,0.3366540164452878,1786399702.5613565
0,2368,0.5734747052192688,0.336489898989899,1786399702.653701
0,2369,0.5572736859321594,0.33648393194706994,1786399702.750978
0,2370,0.5067892074584961,0.33687106918238996,1786399702.8415487
0,2371,0.589091956615448,0.3365505335844319,1786399702.931531
0,2372,0.5520087480545044,0.33654448621553884,1786399703.023844
0,2373,0.5609291791915894,0.33630393996247654,1786399703.121664
0,2374,0.5224569439888,0.3364544319600499,1786399703.2157931
0,2375,0.42960524559020996,0.3364485981308411,1786399703.3057294
0,2376,0.4561651945114136,0.33675373134328357,1786399703.396332
0,2377,0.6376595497131348,0.3366697703289882,1786399703.4943814
0,2378,0.5633477568626404,0.3368184634448575,1786399703.5861137
0,2379,0.47689661383628845,0.3370439084724799,1786399703.6745756
0,2380,0.4593169689178467,0.3373456790123457,1786399703.763686
0,2381,0.5667247772216797,0.3375693160813309,1786399703.8552663
0,2382,0.6658926010131836,0.3376383763837638,1786399703.94578
0,2383,0.5688756108283997,0.3377839165131983,1786399704.037932
0,2384,0.5484464168548584,0.33762254901960786,1786399704.1275604
0,2385,0.6450605392456055,0.3375382262996942,1786399704.2272425
0,2386,0.48763176798820496,0.3380647130647131,1786399704.3172626
0,2387,0.40044164657592773,0.3382084095063985,1786399704.4135094
0,2388,0.5760872960090637,0.3380474452554745,1786399704.5047808
0,2389,0.4407970607280731,0.33796296296296297,1786399704.5957792
0,2390,0.5285665392875671,0.3378030303030303,1786399704.690804
0,2391,0.7810442447662354,0.3379461584996975,1786399704.7807305
0,2392,0.6073614358901978,0.3382397342995169,1786399704.8697016
0,2393,0.4662948250770569,0.33838155515370705,1786399704.9588716
0,2394,0.46388283371925354,0.33844765342960287,1786399705.0479178
0,2395,0.5357388854026794,0.33821321321321324,1786399705.1492763
0,2396,0.5002760887145996,0.3384292565947242,1786399705.2479472
0,2397,0.5093017816543579,0.3385697187312986,1786399705.3387396
0,2398,0.5491573214530945,0.33878434886499403,1786399705.428183
0,2399,0.4766847491264343,0.3388491353607633,1786399705.5243356
0,2400,0.4740818738937378,0.3391369047619048,1786399705.6129582
0,2401,0.6372369527816772,0.339126559714795,1786399705.7131262
0,2402,0.5138444900512695,0.3391162514827995,1786399705.8010414
0,2403,0.7213156223297119,0.3388839550029603,1786399705.894615
0,2404,0.38577890396118164,0.33902186761229314,1786399705.9870152
0,2405,0.5537064075469971,0.33930678466076697,1786399706.0858822
0,2406,0.6308426856994629,0.33959069493521793,1786399706.1777203
0,2407,0.580639123916626,0.33994708994708994,1786399706.2668984
0,2408,0.3546079993247986,0.3402288732394366,1786399706.3583295
0,2409,0.7586062550544739,0.3400702987697715,1786399706.4492667
0,2410,0.45193856954574585,0.33998538011695906,1786399706.5448525
0,2411,0.45427799224853516,0.3397548161120841,1786399706.6425073
0,2412,0.7300978899002075,0.3396707459207459,1786399706.7325902
0,2413,0.49268844723701477,0.34002326934264104,1786399706.8220677
0,2414,0.6159246563911438,0.3397212543554007,1786399706.9141202
0,2415,0.49413001537323,0.3396376811594203,1786399707.0096807
0,2416,0.6685821413993835,0.3396267361111111,1786399707.1036286
0,2417,0.4878775477409363,0.3400491045638359,1786399707.2040782
0,2418,0.38407525420188904,0.34039792387543255,1786399707.292396
0,2419,0.6389647722244263,0.34024179620034545,1786399707.3884058
0,2420,0.47382932901382446,0.34044540229885056,1786399707.4872136
0,2421,0.7133608460426331,0.34043316121629374,1786399707.5773144
0,2422,0.459270179271698,0.3402777777777778,1786399707.6682158
0,2423,0.6055188775062561,0.3404802744425386,1786399707.770727
0,2424,0.4811317026615143,0.34025399543379,1786399707.8721704
0,2425,0.7034793496131897,0.3400997150997151,1786399707.9620214
0,2426,0.5673558712005615,0.34001706484641636,1786399708.0545037
0,2427,0.685222327709198,0.33993469619534356,1786399708.145068
0,2428,0.4469452500343323,0.3402777777777778,1786399708.234708
0,2429,0.3668628931045532,0.34054895302773064,1786399708.3263438
0,2430,0.5545246005058289,0.3409604519774011,1786399708.4173913
0,2431,0.6323865652084351,0.34122955442752395,1786399708.5140154
0,2432,0.6687182188034058,0.34121621621621623,1786399708.6040654
0,2433,0.5369491577148438,0.3413434513771782,1786399708.7016282
0,2434,0.45734721422195435,0.3413299663299663,1786399708.7925887
0,2435,0.4910147488117218,0.34145658263305323,1786399708.8831298
0,2436,0.5293371677398682,0.3414429530201342,1786399708.9740305
0,2437,0.6562044620513916,0.34142936906756,1786399709.064385
0,2438,0.5811823010444641,0.3410674470457079,1786399709.15525
0,2439,0.6662234663963318,0.34105453533667224,1786399709.255022
0,2440,0.49722784757614136,0.3408333333333333,1786399709.3451223
0,2441,0.6607576012611389,0.3410981697171381,1786399709.4450126
0,2442,0.6105634570121765,0.34122369878183834,1786399709.54386
0,2443,0.5711990594863892,0.3408651188501935,1786399709.6409175
0,2444,0.6936384439468384,0.3409216335540839,1786399709.7309542
0,2445,0.5369395613670349,0.3410468319559229,1786399709.822195
0,2446,0.4929116368293762,0.3411028602860286,1786399709.9145036
0,2447,0.4891297221183777,0.34136463481603513,1786399710.0035129
0,2448,0.6143004894256592,0.3412143640350877,1786399710.0927615
0,2449,0.4727543592453003,0.34079091406677614,1786399710.1939104
0,2450,0.45210736989974976,0.34098360655737703,1786399710.283371
0,2451,0.5257527232170105,0.3411074740861975,1786399710.3825188
0,2452,0.6810470819473267,0.340890522875817,1786399710.4736373
0,2453,0.45218518376350403,0.34074225122349105,1786399710.561712
0,2454,0.5057445168495178,0.34106948968512485,1786399710.6612532
0,2455,0.6437747478485107,0.34112466124661245,1786399710.7499716
0,2456,0.5264683365821838,0.341112012987013,1786399710.850072
0,2457,0.6364917755126953,0.34136952998379255,1786399710.9388914
0,2458,0.6244231462478638,0.3410868392664509,1786399711.028055
0,2459,0.4825775921344757,0.34107431340872374,1786399711.1229877
0,2460,0.3413766622543335,0.34126344086021504,1786399711.2116106
0,2461,0.4453335106372833,0.34131776704240474,1786399711.3101876
0,2462,0.5078068971633911,0.3415728831725616,1786399711.4094315
0,2463,0.5599954128265381,0.34129213483146065,1786399711.505244
0,2464,0.5732563734054565,0.34121260683760685,1786399711.6010113
0,2465,0.48495590686798096,0.3416666666666667,1786399711.690783
0,2466,0.6466770768165588,0.3415867944621938,1786399711.7804878
0,2467,0.4188076853752136,0.34197235513024987,1786399711.877847
0,2468,0.5143343806266785,0.3421576433121019,1786399711.9687345
0,2469,0.5580289959907532,0.34234234234234234,1786399712.0638351
0,2470,0.4072740077972412,0.34265873015873016,1786399712.1533935
0,2471,0.5108580589294434,0.34270998415213944,1786399712.2431917
0,2472,0.6295737624168396,0.3424314345991561,1786399712.339675
0,2473,0.4301755726337433,0.342548709847288,1786399712.429261
0,2474,0.49721598625183105,0.3425998948475289,1786399712.5193577
0,2475,0.5654191970825195,0.3428477690288714,1786399712.6102471
0,2476,0.6319871544837952,0.342898322851153,1786399712.700232
0,2477,0.6349051594734192,0.34301412872841447,1786399712.79099
0,2478,0.6543707847595215,0.34312957157784746,1786399712.8886228
0,2479,0.5492766499519348,0.34285341679707876,1786399712.9866807
0,2480,0.39333033561706543,0.34270833333333334,1786399713.0782492
0,2481,0.5579004287719727,0.34269370774830993,1786399713.1743484
0,2482,0.44757023453712463,0.34313343717549327,1786399713.2644901
0,2483,0.4057862162590027,0.34324779678589945,1786399713.3553598
0,2484,0.5219078660011292,0.3432324016563147,1786399713.4444652
0,2485,0.4405214786529541,0.34328165374677,1786399713.5413823
0,2486,0.45528796315193176,0.34345975232198145,1786399713.6315742
0,2487,0.4258800148963928,0.3435729005667182,1786399713.7225957
0,2488,0.437162846326828,0.34375,1786399713.8131654
0,2489,0.4617439806461334,0.3437981510015408,1786399713.902651
0,2490,0.4488988518714905,0.34365384615384614,1786399713.993865
0,2491,0.44062989950180054,0.34408602150537637,1786399714.0836115
0,2492,0.43709897994995117,0.34432515337423314,1786399714.1730702
0,2493,0.4484288692474365,0.34424451250638083,1786399714.2729368
0,2494,0.4873771667480469,0.34454638124362896,1786399714.3619082
0,2495,0.541304349899292,0.34459287531806615,1786399714.4534504
0,2496,0.7790101766586304,0.34482977642276424,1786399714.5429528
0,2497,0.5450029373168945,0.3451927955352613,1786399714.6322007
0,2498,0.6058143377304077,0.345048125633232,1786399714.7235026
0,2499,0.5080046653747559,0.34503034901365703,1786399714.8128333
0,2500,0.4991447925567627,0.3453282828282828,1786399714.9037328
0,2501,0.5231019258499146,0.3456253151790217,1786399714.993788
0,2502,0.5042334794998169,0.34579556898288016,1786399715.085382
0,2503,0.5927355885505676,0.34590246354952237,1786399715.1776674
0,2504,0.47345104813575745,0.3461345381526104,1786399715.266487
0,2505,0.516720175743103,0.3458646616541353,1786399715.357469
0,2506,0.4548388123512268,0.34547047047047047,1786399715.4501126
0,2507,0.5547468662261963,0.3452648675662169,1786399715.5394723
0,2508,0.7023059725761414,0.345122255489022,1786399715.629459
0,2509,0.4922448396682739,0.3451669157947185,1786399715.7202504
0,2510,0.4953259229660034,0.34508706467661693,1786399715.8224876
0,2511,0.575719952583313,0.3452558370591157,1786399715.9114962
0,2512,0.6645737886428833,0.34523809523809523,1786399716.0128443
0,2513,0.5948586463928223,0.34546805349182763,1786399716.1026893
0,2514,0.6291961669921875,0.34514094955489616,1786399716.1931467
0,2515,0.5679762363433838,0.3452469135802469,1786399716.2861106
0,2516,0.4975479543209076,0.3452292899408284,1786399716.3814096
0,2517,0.5836035013198853,0.3450886262924668,1786399716.474173
0,2518,0.5002861022949219,0.34525565388397245,1786399716.5655665
0,2519,0.41987472772598267,0.34554491899852724,1786399716.65673
0,2520,0.5244804620742798,0.3455269607843137,1786399716.7530222
0,2521,0.6700053215026855,0.34526431718061673,1786399716.8465383
0,2522,0.5623444318771362,0.34543010752688175,1786399716.9431634
0,2523,0.6173480749130249,0.34529038555392877,1786399717.0348797
0,2524,0.466001033782959,0.3450901559454191,1786399717.124657
0,2525,0.5661327242851257,0.34537712895377126,1786399717.2211084
0,2526,0.8154705762863159,0.3451773566569485,1786399717.3107543
0,2527,0.6017297506332397,0.3450388161086851,1786399717.4112036
0,2528,0.5130938291549683,0.34490067829457366,1786399717.5095322
0,2529,0.588629424571991,0.34446057087566523,1786399717.598191
0,2530,0.5459631681442261,0.3443236714975845,1786399717.6864789
0,2531,0.5343174934387207,0.34424746743849494,1786399717.7757385
0,2532,0.4756479263305664,0.34417148362235067,1786399717.873542
0,2533,0.3998957574367523,0.3443963443963444,1786399717.9633963
0,2534,0.5319123864173889,0.3443203650336215,1786399718.0650225
0,2535,0.49527621269226074,0.34436450839328536,1786399718.1553242
0,2536,0.656258225440979,0.34422892720306514,1786399718.2499099
0,2537,0.41509029269218445,0.343974175035868,1786399718.3409092
0,2538,0.5560153722763062,0.343720152817574,1786399718.4309607
0,2539,0.4590272009372711,0.3437649022412971,1786399718.519451
0,2540,0.47685930132865906,0.3438095238095238,1786399718.6105924
0,2541,0.5858738422393799,0.344151212553495,1786399718.7105849
0,2542,0.5339164137840271,0.3443138651471985,1786399718.7995703
0,2543,0.5428473353385925,0.3441204362256994,1786399718.9003336
0,2544,0.7128320932388306,0.34428267045454547,1786399718.990842
0,2545,0.7198597192764282,0.3442080378250591,1786399719.0823379
0,2546,0.5095852613449097,0.3443696883852691,1786399719.1762471
0,2547,0.4516579806804657,0.3447076850542197,1786399719.2769055
0,2548,0.5781720876693726,0.3446916195856874,1786399719.3772879
0,2549,0.39999085664749146,0.34473436765397275,1786399719.475228
0,2550,0.7120798826217651,0.3445422535211268,1786399719.564491
0,2551,0.5461485385894775,0.3444092827004219,1786399719.6629694
0,2552,0.6128143668174744,0.3443352059925094,1786399719.7526035
0,2553,0.4630216062068939,0.3446704067321178,1786399719.8414803
0,2554,0.535372257232666,0.3443627450980392,1786399719.9464972
0,2555,0.5864374041557312,0.3442890442890443,1786399720.0363011
0,2556,0.6215958595275879,0.3442155493482309,1786399720.1281643
0,2557,0.788585901260376,0.34414225941422594,1786399720.2204902
0,2558,0.6070420145988464,0.34418523676880225,1786399720.316643
0,2559,0.458730548620224,0.3442280945757997,1786399720.4160311
0,2560,0.5638735294342041,0.34421296296296294,1786399720.5077727
0,2561,0.6666591167449951,0.34414008321775313,1786399720.599206
0,2562,0.4412977397441864,0.3444136657433056,1786399720.6897113
0,2563,0.4731345772743225,0.3442830797602582,1786399720.7885568
0,2564,0.628342866897583,0.3443830570902394,1786399720.8821852
0,2565,0.5454567670822144,0.34448275862068967,1786399720.9716353
0,2566,0.7262041568756104,0.34452479338842973,1786399721.0652263
0,2567,0.43389394879341125,0.3442801467216873,1786399721.1566362
0,2568,0.5182979702949524,0.34437957875457875,1786399721.2489302
0,2569,0.4836902320384979,0.34442158207590307,1786399721.3430507
0,2570,0.4525638818740845,0.34429223744292237,1786399721.432464
0,2571,0.5309092402458191,0.3442772457820337,1786399721.522011
0,2572,0.3658164143562317,0.3446607468123862,1786399721.611709
0,2573,0.5339866876602173,0.3447589813551614,1786399721.7027752
0,2574,0.519279956817627,0.3444595821980018,1786399721.7943988
0,2575,0.3730403184890747,0.34467120181405897,1786399721.8841739
0,2576,0.5596580505371094,0.34476902173913043,1786399721.9842536
0,2577,0.4529421329498291,0.3447535052012664,1786399722.0727413
0,2578,0.6546669602394104,0.34462511291779585,1786399722.163622
0,2579,0.5565589666366577,0.3446662156066757,1786399722.2541606
0,2580,0.4657767415046692,0.3448198198198198,1786399722.3424327
0,2581,0.44141364097595215,0.34457939721097613,1786399722.4384832
0,2582,0.520012617111206,0.3447888589398023,1786399722.5270371
0,2583,0.5891525745391846,0.3448295199641095,1786399722.6214538
0,2584,0.43126145005226135,0.3444780465949821,1786399722.7110498
0,2585,0.6045879125595093,0.3446868008948546,1786399722.810787
0,2586,0.49915632605552673,0.3447274352100089,1786399722.9006538
0,2587,0.4518164396286011,0.34487951807228917,1786399723.0013275
0,2588,0.47803470492362976,0.34464126559714797,1786399723.0912802
0,2589,0.38360241055488586,0.3449599465954606,1786399723.1803062
0,2590,0.44345664978027344,0.34505555555555556,1786399723.2801409
0,2591,0.6219205856323242,0.3450954283177985,1786399723.3689146
0,2592,0.543836772441864,0.34524601063829785,1786399723.4654636
0,2593,0.5384959578514099,0.3451195219123506,1786399723.5621536
0,2594,0.4419361352920532,0.3453249336870027,1786399723.6538322
0,2595,0.6172060966491699,0.3454746136865342,1786399723.750606
0,2596,0.46482354402542114,0.345679012345679,1786399723.8419998
0,2597,0.5891844034194946,0.34560766182298547,1786399723.938455
0,2598,0.4359190762042999,0.34575637642919965,1786399724.0287392
0,2599,0.576534628868103,0.3455753184014054,1786399724.1173742
0,2600,0.4696100950241089,0.3455592105263158,1786399724.2141066
0,2601,0.5614508390426636,0.3453788874288217,1786399724.3134322
0,2602,0.4936034083366394,0.34525371828521434,1786399724.4021425
0,2603,0.5080544352531433,0.34501965923984274,1786399724.4981856
0,2604,0.4866183400154114,0.3447862129144852,1786399724.587497
0,2605,0.631119966506958,0.3446623093681917,1786399724.686271
0,2606,0.5674247145652771,0.3445931244560487,1786399724.7765675
0,2607,0.4687633812427521,0.3444697957409822,1786399724.866948
0,2608,0.44276273250579834,0.3446723090277778,1786399724.9644544
0,2609,0.43715059757232666,0.3449826614651062,1786399725.0611556
0,2610,0.5283410549163818,0.34485930735930737,1786399725.1506033
0,2611,0.5220175981521606,0.3448443579766537,1786399725.2390559
0,2612,0.6241481304168701,0.3447215025906736,1786399725.3292239
0,2613,0.5075598955154419,0.3448684777921518,1786399725.4260762
0,2614,0.6161685585975647,0.3447459086993971,1786399725.5182638
0,2615,0.4055155813694,0.3448924731182796,1786399725.6076875
0,2616,0.5421509742736816,0.3449849656357388,1786399725.7079422
0,2617,0.5190581679344177,0.34513084513084513,1786399725.797944
0,2618,0.7097659111022949,0.3449550128534704,1786399725.8871906
0,2619,0.534494936466217,0.34477963200684636,1786399725.9808645
0,2620,0.5667181015014648,0.34487179487179487,1786399726.0706265
0,2621,0.5778422355651855,0.344910371318822,1786399726.1604111
0,2622,0.6332100629806519,0.3454283887468031,1786399726.250156
0,2623,0.49875515699386597,0.3456257982120051,1786399726.339439
0,2624,0.7191075086593628,0.34539753401360546,1786399726.440437
0,2625,0.5850453972816467,0.3455944798301486,1786399726.540127
0,2626,0.5190137028694153,0.3455258693808312,1786399726.6295457
0,2627,0.5788731575012207,0.345563320626853,1786399726.7283864
0,2628,0.5272346138954163,0.3456535532994924,1786399726.8230155
0,2629,0.43017125129699707,0.3458491761723701,1786399726.9122455
0,2630,0.6054777503013611,0.3456223628691983,1786399727.0036197
0,2631,0.5135996341705322,0.34571217867678045,1786399727.0931149
0,2632,0.5572187900543213,0.3456439393939394,1786399727.1828463
0,2633,0.4063389003276825,0.3457335014712064,1786399727.2763364
0,2634,0.47558844089508057,0.34603274559193953,1786399727.3742123
0,2635,0.4622075855731964,0.34591194968553457,1786399727.463898
0,2636,0.44209444522857666,0.3459484924623116,1786399727.555923
0,2637,0.4510714113712311,0.34624634044332914,1786399727.65497
0,2638,0.755656898021698,0.34612573099415206,1786399727.744225
0,2639,0.5469473004341125,0.3460575719649562,1786399727.834761
0,2640,0.5161316394805908,0.34572916666666664,1786399727.9250727
0,2641,0.48489633202552795,0.3459217644610903,1786399728.0193694
0,2642,0.5795108079910278,0.3458021612635079,1786399728.1195078
0,2643,0.4574810266494751,0.3457866334578663,1786399728.2186174
0,2644,0.49976474046707153,0.34566749585406303,1786399728.3072588
0,2645,0.516301691532135,0.34580745341614905,1786399728.3963525
0,2646,0.47058355808258057,0.34579197684036395,1786399728.4862735
0,2647,0.5653640031814575,0.3456216439487815,1786399728.585921
0,2648,0.5155499577522278,0.34581270627062705,1786399728.6813543
0,2649,0.5761861801147461,0.34564276885043266,1786399728.7714884
0,2650,0.4659680128097534,0.3457818930041152,1786399728.864082
0,2651,0.5066680908203125,0.3457665433621044,1786399728.95366
0,2652,0.5490380525588989,0.34580254515599346,1786399729.0432467
0,2653,0.6222166419029236,0.345889708897089,1786399729.1353436
0,2654,0.5180516242980957,0.3458742833742834,1786399729.2322886
0,2655,0.5841884016990662,0.3458077709611452,1786399729.3255904
0,2656,0.42790618538856506,0.34594566993464054,1786399729.4140253
0,2657,0.4277192950248718,0.3460322317421461,1786399729.5057983
0,2658,0.5038880705833435,0.34611858190709044,1786399729.605503
0,2659,0.6323486566543579,0.3461029711029711,1786399729.700306
0,2660,0.503348708152771,0.3460873983739837,1786399729.8005612
0,2661,0.5793300867080688,0.3462241169305725,1786399729.898878
0,2662,0.5239414572715759,0.34610705596107055,1786399729.9896073
0,2663,0.44038599729537964,0.34614216281895505,1786399730.0793269
0,2664,0.5212039947509766,0.34627831715210355,1786399730.1680958
0,2665,0.5462288856506348,0.3464646464646465,1786399730.2667725
0,2666,0.6135709881782532,0.34634786117836963,1786399730.3590815
0,2667,0.5848205089569092,0.34623135832325674,1786399730.4663572
0,2668,0.5811250805854797,0.3460648148148148,1786399730.5559886
0,2669,0.4624239504337311,0.3464012866907921,1786399730.6463106
0,2670,0.4076197147369385,0.34643574297188756,1786399730.7455583
0,2671,0.5083758234977722,0.34662053750501404,1786399730.8357804
0,2672,0.47850555181503296,0.3466045673076923,1786399730.9256415
0,2673,0.39243295788764954,0.3468887555022009,1786399731.022445
0,2674,0.5267247557640076,0.3471223021582734,1786399731.1132245
0,2675,0.537366509437561,0.3472055888223553,1786399731.2062984
0,2676,0.40639981627464294,0.3475378787878788,1786399731.2954721
0,2677,0.6782798171043396,0.3472222222222222,1786399731.3870416
0,2678,0.5662851333618164,0.34720564836913287,1786399731.4787178
0,2679,0.5733328461647034,0.3471394517282479,1786399731.5701504
0,2680,0.48712822794914246,0.34717261904761904,1786399731.6604824
0,2681,0.4814464747905731,0.3471561632976615,1786399731.7493627
0,2682,0.488723486661911,0.347139746634996,1786399731.8398507
0,2683,0.6627135276794434,0.3470739422696718,1786399731.935991
0,2684,0.6932451725006104,0.3470576619273302,1786399732.0258744
0,2685,0.6053236722946167,0.3469921104536489,1786399732.125345
0,2686,0.505874514579773,0.3472222222222222,1786399732.2161467
0,2687,0.4174308776855469,0.34750098386462025,1786399732.304624
0,2688,0.6200811862945557,0.3473368710691824,1786399732.395172
0,2689,0.560232937335968,0.3476639183352964,1786399732.4905207
0,2690,0.5032419562339783,0.34784313725490196,1786399732.580999
0,2691,0.5257301330566406,0.3476792009400705,1786399732.6753926
0,2692,0.5497419834136963,0.3477112676056338,1786399732.7746599
0,2693,0.6826291680335999,0.34784095349745997,1786399732.868487
0,2694,0.4908214807510376,0.34806791569086654,1786399732.957747
0,2695,0.4435867667198181,0.3482456140350877,1786399733.0565217
0,2696,0.6654012203216553,0.3482768691588785,1786399733.1504252
0,2697,0.5286810398101807,0.34801633605600935,1786399733.2455983
0,2698,0.4345599412918091,0.34804778554778554,1786399733.335825
0,2699,0.48621681332588196,0.3480791618160652,1786399733.437849
0,2700,0.5688192248344421,0.3481104651162791,1786399733.5294266
0,2701,0.6465615034103394,0.34789972899729,1786399733.61986
0,2702,0.5036311745643616,0.3479311678267595,1786399733.7091682
0,2703,0.40491271018981934,0.3481556585554268,1786399733.8026454
0,2704,0.5470135807991028,0.3481867283950617,1786399733.8999848
0,2705,0.45773249864578247,0.34826589595375723,1786399734.0056772
0,2706,0.6131065487861633,0.34824865280985373,1786399734.096314
0,2707,0.49025946855545044,0.3484236831987697,1786399734.1857285
0,2708,0.5029231309890747,0.3482142857142857,1786399734.2872438
0,2709,0.4878644049167633,0.34829305715381664,1786399734.3839111
0,2710,0.4990212917327881,0.34813218390804596,1786399734.4735773
0,2711,0.529043972492218,0.3480195177956372,1786399734.568368
0,2712,0.4396347403526306,0.3483371559633027,1786399734.6597242
0,2713,0.5481789112091064,0.3483676975945017,1786399734.748949
0,2714,0.38295814394950867,0.34854118993135014,1786399734.844125
0,2715,0.42762666940689087,0.3486666666666667,1786399734.9403222
0,2716,0.589216947555542,0.348601598173516,1786399735.03731
0,2717,0.4093833267688751,0.34891676168757124,1786399735.1304326
0,2718,0.5405080914497375,0.34923120728929385,1786399735.2306657
0,2719,0.5940163731575012,0.3491657186196435,1786399735.3217754
0,2720,0.5093934535980225,0.34928977272727274,1786399735.4109116
0,2721,0.4586932063102722,0.34931895573212257,1786399735.50149
0,2722,0.5088901519775391,0.3496315192743764,1786399735.5915477
0,2723,0.6546366214752197,0.3495658739146848,1786399735.6818326
0,2724,0.5200867652893066,0.34945324283559576,1786399735.7720692
0,2725,0.46697938442230225,0.3495291902071563,1786399735.8695128
0,2726,0.4124758839607239,0.34936982693754703,1786399735.964034
0,2727,0.49404841661453247,0.349445697106351,1786399736.0592716
0,2728,0.6116567254066467,0.3495213963963964,1786399736.149349
0,2729,0.5299449563026428,0.34955005624296964,1786399736.237965
0,2730,0.44208502769470215,0.3497191011235955,1786399736.3368876
0,2731,0.5218662619590759,0.3495136550692106,1786399736.4271178
0,2732,0.41893088817596436,0.3493553811659193,1786399736.5266802
0,2733,0.6056882739067078,0.34929078014184395,1786399736.6157315
0,2734,0.47687801718711853,0.3493661446681581,1786399736.7053945
0,2735,0.5373910665512085,0.3494413407821229,1786399736.7996802
0,2736,0.6959090828895569,0.34914434523809523,1786399736.8893657
0,2737,0.5279366970062256,0.34912671869193607,1786399736.987926
0,2738,0.3848389983177185,0.34929472902746844,1786399737.0865707
0,2739,0.4915388226509094,0.3492769744160178,1786399737.178663
0,2740,0.6268926858901978,0.3493981481481481,1786399737.268232
0,2741,0.5154169797897339,0.34938031816500187,1786399737.3573983
0,2742,0.6347101330757141,0.34936252771618626,1786399737.4486527
0,2743,0.6079328060150146,0.3494832041343669,1786399737.5442715
0,2744,0.6235355734825134,0.3495114306784661,1786399737.6431284
0,2745,0.4904246926307678,0.34935543278084713,1786399737.7343998
0,2746,0.4490056335926056,0.34952170713760117,1786399737.8241453
0,2747,0.3761231303215027,0.3497794928335171,1786399737.9129784
0,2748,0.42288804054260254,0.3498531571218796,1786399738.0035813
0,2749,0.5972419381141663,0.3499266593325999,1786399738.0930095
0,2750,0.5459253191947937,0.34977106227106225,1786399738.1831794
0,2751,0.4760191738605499,0.34961580680570803,1786399738.2741537
0,2752,0.4912411570549011,0.34936951754385964,1786399738.373712
0,2753,0.473025918006897,0.34953450164293537,1786399738.473658
0,2754,0.40520548820495605,0.34956236323851203,1786399738.5690591
0,2755,0.38640549778938293,0.3495901639344262,1786399738.6590223
0,2756,0.4999833405017853,0.3498453420669578,1786399738.7484584
0,2757,0.6018928289413452,0.3498273355143584,1786399738.837353
0,2758,0.5896289348602295,0.3499001452432825,1786399738.926644
0,2759,0.4499914050102234,0.3499727965179543,1786399739.0243092
0,2760,0.49074533581733704,0.35,1786399739.1154544
0,2761,0.4015885591506958,0.35025334781035106,1786399739.2041311
0,2762,0.5136011838912964,0.3500994215473608,1786399739.294934
0,2763,0.47134652733802795,0.35026182737450345,1786399739.3858755
0,2764,0.44171783328056335,0.3501533189033189,1786399739.486013
0,2765,0.3638559579849243,0.35027027027027025,1786399739.5784812
0,2766,0.4857858419418335,0.35034197264218864,1786399739.6800864
0,2767,0.47530874609947205,0.3503685724559511,1786399739.7714984
0,2768,0.5223000049591064,0.35039511494252873,1786399739.8611681
0,2769,0.4086933135986328,0.3505113024757804,1786399739.9601989
0,2770,0.5491154193878174,0.35049283154121863,1786399740.0513895
0,2771,0.48673319816589355,0.3506534192624418,1786399740.1475499
0,2772,0.546131432056427,0.35072424892703863,1786399740.2404397
0,2773,0.4938441216945648,0.35092890317970704,1786399740.344713
0,2774,0.3996489346027374,0.3509100642398287,1786399740.4356697
0,2775,0.44051554799079895,0.35075757575757577,1786399740.5250778
0,2776,0.4402371346950531,0.3510505698005698,1786399740.6146638
0,2777,0.5429436564445496,0.35103166133048735,1786399740.7068744
0,2778,0.5249993801116943,0.35083511016346836,1786399740.7973185
0,2779,0.6133416891098022,0.3509939652112176,1786399740.8878949
0,2780,0.5366324782371521,0.3510195035460993,1786399740.977587
0,2781,0.374090313911438,0.35131066241586967,1786399741.0786827
0,2782,0.662024736404419,0.35129157820240625,1786399741.1773624
0,2783,0.7050432562828064,0.3512283492400141,1786399741.2798984
0,2784,0.5330392122268677,0.3510328389830508,1786399741.370501
0,2785,0.4396784007549286,0.3510141093474427,1786399741.4619007
0,2786,0.6080566644668579,0.35095137420718814,1786399741.5499907
0,2787,0.4402792453765869,0.35119676170362546,1786399741.6392102
0,2788,0.5587091445922852,0.35100210970464135,1786399741.731113
0,2789,0.46727830171585083,0.3512030207235687,1786399741.820884
0,2790,0.5232186913490295,0.3512280701754386,1786399741.915517
0,2791,0.4933684468269348,0.35134069400630913,1786399742.0142505
0,2792,0.5980909466743469,0.35119047619047616,1786399742.1099682
0,2793,0.5286036729812622,0.35139034627492133,1786399742.208711
0,2794,0.5990358591079712,0.3514587700908456,1786399742.2995458
0,2795,0.6306061744689941,0.35109075043630017,1786399742.393514
0,2796,0.4930831789970398,0.35124651324965134,1786399742.4834743
0,2797,0.4700762927532196,0.3510536398467433,1786399742.5730307
0,2798,0.4724389612674713,0.35116562282533054,1786399742.6625006
0,2799,0.6688788533210754,0.35110358011817866,1786399742.7628124
0,2800,0.6472628712654114,0.3511284722222222,1786399742.8583782
0,2801,0.723793089389801,0.3510665972944849,1786399742.9540045
0,2802,0.404527485370636,0.3508749133749134,1786399743.0427744
0,2803,0.550703763961792,0.35094323295257873,1786399743.1323335
0,2804,0.43735167384147644,0.35079529737206083,1786399743.2206013
0,2805,0.4097692370414734,0.3509499136442142,1786399743.3080778
0,2806,0.4961022436618805,0.3510610766045549,1786399743.396046
0,2807,0.4992050528526306,0.35112892106170285,1786399743.4823716
0,2808,0.4620975852012634,0.3512396694214876,1786399743.5712166
0,2809,0.4046969413757324,0.35139318885448917,1786399743.6591516
0,2810,0.5750431418418884,0.35141752577319585,1786399743.7472053
0,2811,0.386204332113266,0.351313079299691,1786399743.83788
0,2812,0.5860632061958313,0.3512945816186557,1786399743.927154
0,2813,0.5721770524978638,0.3513189448441247,1786399744.015312
0,2814,0.5079772472381592,0.3512577002053388,1786399744.103111
0,2815,0.4495445489883423,0.35123931623931626,1786399744.1904922
0,2816,0.5161837935447693,0.3512209699453552,1786399744.279243
0,2817,0.5883848071098328,0.35111736608665983,1786399744.3673086
0,2818,0.7159321308135986,0.35109918200408996,1786399744.4556534
0,2819,0.4589008390903473,0.351123595505618,1786399744.5452857
0,2820,0.539533257484436,0.3510204081632653,1786399744.6335313
0,2821,0.49454131722450256,0.35108732585796804,1786399744.7206306
0,2822,0.7153992652893066,0.35098438560760353,1786399744.8102071
0,2823,0.7146676182746887,0.35083926754832145,1786399744.8996372
1,2824,0.7743995189666748,0.3333333333333333,1786399753.2722342
1,2825,0.6942477226257324,0.3125,1786399753.67225
1,2826,0.5129620432853699,0.3472222222222222,1786399753.780423
1,2827,0.5813431143760681,0.3645833333333333,1786399753.8924592
1,2828,0.5859905481338501,0.38333333333333336,1786399753.9903514
1,2829,0.5990902781486511,0.3611111111111111,1786399754.0992367
1,2830,0.51569664478302,0.35714285714285715,1786399754.2101717
1,2831,0.4924435615539551,0.34375,1786399754.316909
1,2832,0.5357500314712524,0.35648148148148145,1786399754.41097
1,2833,0.44346487522125244,0.36666666666666664,1786399754.5061944
1,2834,0.4511259198188782,0.3712121212121212,1786399754.6064928
1,2835,0.6304240226745605,0.3576388888888889,1786399754.707211
1,2836,0.4451543986797333,0.3557692307692308,1786399754.7968514
1,2837,0.4681147634983063,0.34226190476190477,1786399754.8870578
1,2838,0.4765525162220001,0.3416666666666667,1786399754.9803164
1,2839,0.49083852767944336,0.34375,1786399755.0785542
1,2840,0.5918826460838318,0.3431372549019608,1786399755.1774979
1,2841,0.3916150629520416,0.3402777777777778,1786399755.2669652
1,2842,0.5693449974060059,0.34868421052631576,1786399755.3611448
1,2843,0.56561279296875,0.35,1786399755.4509897
1,2844,0.39223673939704895,0.34523809523809523,1786399755.5413053
1,2845,0.4708613157272339,0.3352272727272727,1786399755.6404183
1,2846,0.5112526416778564,0.33695652173913043,1786399755.7302194
1,2847,0.6984411478042603,0.3350694444444444,1786399755.8257122
1,2848,0.5959255695343018,0.335,1786399755.9171083
1,2849,0.5201716423034668,0.33653846153846156,1786399756.0160155
1,2850,0.383597195148468,0.33024691358024694,1786399756.1053374
1,2851,0.6342341899871826,0.3318452380952381,1786399756.196108
1,2852,0.5084083080291748,0.33620689655172414,1786399756.2842119
1,2853,0.5383567214012146,0.3402777777777778,1786399756.380212
1,2854,0.5850574374198914,0.3467741935483871,1786399756.4807513
1,2855,0.7135778665542603,0.34375,1786399756.580408
1,2856,0.541957676410675,0.3383838383838384,1786399756.6723857
1,2857,0.54572594165802,0.3394607843137255,1786399756.7624643
1,2858,0.5144009590148926,0.3357142857142857,1786399756.8516057
1,2859,0.5233821868896484,0.3333333333333333,1786399756.9405532
1,2860,0.562188982963562,0.32882882882882886,1786399757.0318294
1,2861,0.574593186378479,0.33114035087719296,1786399757.1287386
1,2862,0.6469624638557434,0.33226495726495725,1786399757.2214503
1,2863,0.5442901253700256,0.3416666666666667,1786399757.310831
1,2864,0.5092799067497253,0.3445121951219512,1786399757.408023
1,2865,0.3987448215484619,0.3472222222222222,1786399757.5069644
1,2866,0.593967616558075,0.3498062015503876,1786399757.6029024
1,2867,0.5836023092269897,0.3522727272727273,1786399757.7000675
1,2868,0.40999194979667664,0.3574074074074074,1786399757.7890463
1,2869,0.646661639213562,0.358695652173913,1786399757.8784902
1,2870,0.5786957740783691,0.3599290780141844,1786399757.9698925
1,2871,0.6066011190414429,0.3602430555555556,1786399758.0672424
1,2872,0.48352697491645813,0.3647959183673469,1786399758.156329
1,2873,0.47963419556617737,0.36666666666666664,1786399758.2558084
1,2874,0.4183104634284973,0.3684640522875817,1786399758.3459873
1,2875,0.5951100587844849,0.36939102564102566,1786399758.4367177
1,2876,0.5512984991073608,0.3694968553459119,1786399758.5379293
1,2877,0.4935070276260376,0.36959876543209874,1786399758.6275184
1,2878,0.4093368649482727,0.3734848484848485,1786399758.7272081
1,2879,0.4607122540473938,0.3742559523809524,1786399758.815312
1,2880,0.6667146682739258,0.36915204678362573,1786399758.9078312
1,2881,0.4501399099826813,0.36853448275862066,1786399758.9973812
1,2882,0.5326998829841614,0.3644067796610169,1786399759.088891
1,2883,0.6239555478096008,0.3625,1786399759.1847157
1,2884,0.4645172953605652,0.3633879781420765,1786399759.2752192
1,2885,0.5229811072349548,0.36626344086021506,1786399759.3731358
1,2886,0.4758845567703247,0.36243386243386244,1786399759.4636235
1,2887,0.3947853446006775,0.3658854166666667,1786399759.5596933
1,2888,0.49563440680503845,0.36666666666666664,1786399759.652189
1,2889,0.416523277759552,0.369949494949495,1786399759.7457554
1,2890,0.6177207827568054,0.36629353233830847,1786399759.834002
1,2891,0.4804912507534027,0.36519607843137253,1786399759.9279013
1,2892,0.661742091178894,0.3647342995169082,1786399760.0176015
1,2893,0.6244099736213684,0.36607142857142855,1786399760.1095912
1,2894,0.5572847127914429,0.36326291079812206,1786399760.2075412
1,2895,0.49948906898498535,0.36342592592592593,1786399760.3084912
1,2896,0.5659244060516357,0.363013698630137,1786399760.3974059
1,2897,0.47202566266059875,0.3597972972972973,1786399760.486895
1,2898,0.6145263910293579,0.35944444444444446,1786399760.5832884
1,2899,0.4159850478172302,0.3580043859649123,1786399760.6734579
1,2900,0.5180469155311584,0.3593073593073593,1786399760.765543
1,2901,0.45543384552001953,0.36164529914529914,1786399760.8539464
1,2902,0.6090888977050781,0.35864978902953587,1786399760.945572
1,2903,0.5212908387184143,0.35885416666666664,1786399761.0343459
1,2904,0.41589224338531494,0.360082304526749,1786399761.1228542
1,2905,0.542441725730896,0.36026422764227645,1786399761.2156653
1,2906,0.4194485545158386,0.36244979919678716,1786399761.312768
1,2907,0.5170875787734985,0.3645833333333333,1786399761.4124415
1,2908,0.4698335528373718,0.36617647058823527,1786399761.510191
1,2909,0.47877874970436096,0.36724806201550386,1786399761.6055427
1,2910,0.5208605527877808,0.36637931034482757,1786399761.6945493
1,2911,0.4812689423561096,0.3697916666666667,1786399761.784356
1,2912,0.4674606919288635,0.3693820224719101,1786399761.8752046
1,2913,0.4178165793418884,0.3699074074074074,1786399761.9689386
1,2914,0.5005173683166504,0.36996336996337,1786399762.058769
1,2915,0.5331909656524658,0.37092391304347827,1786399762.1529658
1,2916,0.5045570135116577,0.3727598566308244,1786399762.2434914
1,2917,0.6680512428283691,0.37189716312056736,1786399762.3348737
1,2918,0.4972515404224396,0.37105263157894736,1786399762.4379005
1,2919,0.4669065475463867,0.37109375,1786399762.5390787
1,2920,0.7251995205879211,0.36898625429553267,1786399762.6297565
1,2921,0.5800459384918213,0.36607142857142855,1786399762.7201498
1,2922,0.6075433492660522,0.36784511784511786,1786399762.811559
1,2923,0.46594369411468506,0.3670833333333333,1786399762.9097342
1,2924,0.4582475423812866,0.367986798679868,1786399762.9990618
1,2925,0.5328772068023682,0.36642156862745096,1786399763.0887375
1,2926,0.7991110682487488,0.36529126213592233,1786399763.186344
1,2927,0.44261816143989563,0.36698717948717946,1786399763.282438
1,2928,0.7616670727729797,0.36626984126984125,1786399763.3821924
1,2929,0.6702720522880554,0.3663522012578616,1786399763.470833
1,2930,0.5923261642456055,0.36721183800623053,1786399763.5590446
1,2931,0.4929942190647125,0.36766975308641975,1786399763.6491067
1,2932,0.7117518782615662,0.367737003058104,1786399763.7393448
1,2933,0.7234795093536377,0.36666666666666664,1786399763.8292868
1,2934,0.43049827218055725,0.36711711711711714,1786399763.9184875
1,2935,0.4553021490573883,0.36904761904761907,1786399764.0084987
1,2936,0.6883522868156433,0.3687315634218289,1786399764.0995724
1,2937,0.43058618903160095,0.3706140350877193,1786399764.18892
1,2938,0.36608102917671204,0.372463768115942,1786399764.2774942
1,2939,0.45944422483444214,0.37320402298850575,1786399764.3675542
1,2940,0.6921848058700562,0.37250712250712253,1786399764.4570644
1,2941,0.45568352937698364,0.3735875706214689,1786399764.5567136
1,2942,0.5846237540245056,0.37324929971988796,1786399764.647378
1,2943,0.7304884791374207,0.37222222222222223,1786399764.7382677
1,2944,0.5839865803718567,0.37086776859504134,1786399764.828419
1,2945,0.43468350172042847,0.3681693989071038,1786399764.923351
1,2946,0.4653771221637726,0.36653116531165314,1786399765.0262485
1,2947,0.4375331699848175,0.36760752688172044,1786399765.1168773
1,2948,0.4700127840042114,0.367,1786399765.2069426
1,2949,0.55934077501297,0.36706349206349204,1786399765.2949657
1,2950,0.5569858551025391,0.36581364829396323,1786399765.394365
1,2951,0.516896665096283,0.3655598958333333,1786399765.4908571
1,2952,0.4257839322090149,0.36627906976744184,1786399765.5882864
1,2953,0.5058082342147827,0.3663461538461538,1786399765.6782324
1,2954,0.7012708187103271,0.3660941475826972,1786399765.7675114
1,2955,0.6697324514389038,0.3664772727272727,1786399765.857878
1,2956,0.7780646085739136,0.3668546365914787,1786399765.9482598
1,2957,0.4711076021194458,0.36629353233830847,1786399766.0468786
1,2958,0.6543461084365845,0.3675925925925926,1786399766.1370535
1,2959,0.6523107886314392,0.36887254901960786,1786399766.2390113
1,2960,0.5153160095214844,0.36891727493917276,1786399766.3274014
1,2961,0.4564862549304962,0.36745169082125606,1786399766.4200659
1,2962,0.5934921503067017,0.3675059952038369,1786399766.5150604
1,2963,0.4216468632221222,0.36815476190476193,1786399766.604921
1,2964,0.5117009878158569,0.3696808510638298,1786399766.697065
1,2965,0.7739014625549316,0.3685446009389671,1786399766.7931268
1,2966,0.6223609447479248,0.368006993006993,1786399766.8821194
1,2967,0.5574634671211243,0.3677662037037037,1786399766.9810553
1,2968,0.5682047605514526,0.36637931034482757,1786399767.0827656
1,2969,0.4816254675388336,0.3667237442922374,1786399767.1719677
1,2970,0.4214235246181488,0.36763038548752835,1786399767.265888
1,2971,0.5631685256958008,0.36655405405405406,1786399767.3566546
1,2972,0.5157219767570496,0.366331096196868,1786399767.44725
1,2973,0.4020541310310364,0.3672222222222222,1786399767.5357206
1,2974,0.4341627359390259,0.3669977924944812,1786399767.626144
1,2975,0.4091256558895111,0.3656798245614035,1786399767.7246528
1,2976,0.5391683578491211,0.36655773420479304,1786399767.819277
1,2977,0.5144615173339844,0.36688311688311687,1786399767.9213932
1,2978,0.44723111391067505,0.3672043010752688,1786399768.018607
1,2979,0.596135675907135,0.3659188034188034,1786399768.1082654
1,2980,0.565369188785553,0.36650743099787686,1786399768.197007
1,2981,0.4849252998828888,0.36787974683544306,1786399768.2951128
1,2982,0.46594876050949097,0.36792452830188677,1786399768.39343
1,2983,0.5283082127571106,0.36770833333333336,1786399768.490528
1,2984,0.49153071641921997,0.3672360248447205,1786399768.577693
1,2985,0.5572052597999573,0.36599794238683125,1786399768.6683223
1,2986,0.47986990213394165,0.36451942740286297,1786399768.7604108
1,2987,0.5756219625473022,0.36509146341463417,1786399768.8530147
1,2988,0.6004446744918823,0.3659090909090909,1786399768.9439943
1,2989,0.6304165124893188,0.3657128514056225,1786399769.0409887
1,2990,0.4745357036590576,0.36701596806387227,1786399769.133917
1,2991,0.4914397597312927,0.3665674603174603,1786399769.2348578
1,2992,0.575470507144928,0.3656311637080868,1786399769.3378112
1,2993,0.4448246359825134,0.3656862745098039,1786399769.4264798
1,2994,0.5115306377410889,0.3659844054580897,1786399769.5160859
1,2995,0.45821413397789,0.36676356589147285,1786399769.6051073
1,2996,0.5736770629882812,0.3653660886319846,1786399769.6958745
1,2997,0.7866452932357788,0.3654214559386973,1786399769.7911222
1,2998,0.5093886256217957,0.3661904761904762,1786399769.8814745
1,2999,0.5559285283088684,0.3662405303030303,1786399769.9717975
1,3000,0.4889306426048279,0.3665254237288136,1786399770.0725574
1,3001,0.5777336955070496,0.36563670411985016,1786399770.1622896
1,3002,0.43291395902633667,0.36662011173184356,1786399770.2582455
1,3003,0.5730314254760742,0.36689814814814814,1786399770.3477848
1,3004,0.44616439938545227,0.36579189686924496,1786399770.448563
1,3005,0.411373108625412,0.3656135531135531,1786399770.537648
1,3006,0.3963980972766876,0.3663479052823315,1786399770.6372986
1,3007,0.519252359867096,0.3652626811594203,1786399770.7290924
1,3008,0.6634048223495483,0.3653153153153153,1786399770.8204122
1,3009,0.4943578839302063,0.36469534050179214,1786399770.9096746
1,3010,0.5100240707397461,0.3629679144385027,1786399771.0027752
1,3011,0.5826695561408997,0.36236702127659576,1786399771.0944996
1,3012,0.40779122710227966,0.36397707231040566,1786399771.183944
1,3013,0.41891688108444214,0.3642543859649123,1786399771.2726188
1,3014,0.4319969713687897,0.3649650959860384,1786399771.3639522
1,3015,0.605381965637207,0.3648003472222222,1786399771.461103
1,3016,0.5027370452880859,0.3646373056994819,1786399771.553515
1,3017,0.5165679454803467,0.36533505154639173,1786399771.645515
1,3018,0.4927559792995453,0.36666666666666664,1786399771.7345276
1,3019,0.4382617771625519,0.36755952380952384,1786399771.8360293
1,3020,0.6734210252761841,0.36717428087986465,1786399771.9412563
1,3021,0.41261449456214905,0.36742424242424243,1786399772.0408716
1,3022,0.45553192496299744,0.3676716917922948,1786399772.1395695
1,3023,0.42586272954940796,0.36854166666666666,1786399772.2293277
1,3024,0.48860085010528564,0.36898839137645106,1786399772.3278472
1,3025,0.4320104122161865,0.3683993399339934,1786399772.4254677
1,3026,0.5254139304161072,0.36863711001642036,1786399772.523601
1,3027,0.6687108278274536,0.3684640522875817,1786399772.6132767
1,3028,0.46354374289512634,0.36890243902439024,1786399772.7033534
1,3029,0.3797244131565094,0.3697411003236246,1786399772.7932422
1,3030,0.44423702359199524,0.37037037037037035,1786399772.8920174
1,3031,0.6258546113967896,0.37099358974358976,1786399772.9894445
1,3032,0.5461361408233643,0.37021531100478466,1786399773.0793366
1,3033,0.7768296003341675,0.37003968253968256,1786399773.171522
1,3034,0.43455347418785095,0.3698657187993681,1786399773.2614226
1,3035,0.38363826274871826,0.3700864779874214,1786399773.3523161
1,3036,0.4241619110107422,0.36932707355242567,1786399773.4411745
1,3037,0.7625406980514526,0.3691588785046729,1786399773.5319352
1,3038,0.479633092880249,0.37034883720930234,1786399773.6228528
1,3039,0.49387580156326294,0.3697916666666667,1786399773.7141757
1,3040,0.612224817276001,0.369431643625192,1786399773.8049512
1,3041,0.382947713136673,0.37003058103975534,1786399773.8978224
1,3042,0.36173659563064575,0.3706240487062405,1786399773.9883173
1,3043,0.5048898458480835,0.3710227272727273,1786399774.079483
1,3044,0.4608117341995239,0.3697209653092006,1786399774.1800313
1,3045,0.5670872926712036,0.36955705705705705,1786399774.2772288
1,3046,0.5189366340637207,0.3692077727952167,1786399774.3693454
1,3047,0.4917253851890564,0.36941964285714285,1786399774.459977
1,3048,0.6372300386428833,0.36962962962962964,1786399774.5473404
1,3049,0.5139742493629456,0.3702064896755162,1786399774.640473
1,3050,0.5736203193664551,0.3709618208516887,1786399774.7316916
1,3051,0.5393215417861938,0.3709795321637427,1786399774.821885
1,3052,0.5595530271530151,0.37117903930131,1786399774.911452
1,3053,0.644906759262085,0.3704710144927536,1786399775.0120156
1,3054,0.4990580677986145,0.3704906204906205,1786399775.1126835
1,3055,0.41056883335113525,0.37104885057471265,1786399775.2079868
1,3056,0.6413984298706055,0.37106580829756797,1786399775.2978923
1,3057,0.438948392868042,0.3710826210826211,1786399775.392062
1,3058,0.3894183039665222,0.37127659574468086,1786399775.4821446
1,3059,0.42776867747306824,0.3707627118644068,1786399775.5719821
1,3060,0.42018184065818787,0.369901547116737,1786399775.6649241
1,3061,0.3841138184070587,0.3704481792717087,1786399775.7654376
1,3062,0.4763249456882477,0.3716875871687587,1786399775.8683848
1,3063,0.46724390983581543,0.3729166666666667,1786399775.9645035
1,3064,0.47636663913726807,0.37361687413554634,1786399776.055294
1,3065,0.38054054975509644,0.3736225895316804,1786399776.1439734
1,3066,0.582012951374054,0.37397119341563784,1786399776.239368
1,3067,0.5027063488960266,0.3734631147540984,1786399776.3306894
1,3068,0.543290376663208,0.3738095238095238,1786399776.4211385
1,3069,0.5396837592124939,0.3744918699186992,1786399776.5096664
1,3070,0.5587277412414551,0.37516869095816463,1786399776.6090271
1,3071,0.5230306386947632,0.3748319892473118,1786399776.7093575
1,3072,0.48700380325317383,0.375334672021419,1786399776.798857
1,3073,0.4950789511203766,0.37583333333333335,1786399776.8892832
1,3074,0.706024169921875,0.3751660026560425,1786399776.9785018
1,3075,0.4522598385810852,0.3758267195767196,1786399777.0701973
1,3076,0.5787228941917419,0.3759881422924901,1786399777.1596754
1,3077,0.6061785817146301,0.37549212598425197,1786399777.2494164
1,3078,0.5089577436447144,0.37549019607843137,1786399777.3401315
1,3079,0.464864045381546,0.375,1786399777.431652
1,3080,0.525752067565918,0.375810635538262,1786399777.5221395
1,3081,0.40259596705436707,0.3766149870801034,1786399777.6214173
1,3082,0.619647204875946,0.3764478764478765,1786399777.7106078
1,3083,0.46492886543273926,0.3762820512820513,1786399777.8004758
1,3084,0.5246462225914001,0.3764367816091954,1786399777.8894835
1,3085,0.49981972575187683,0.3767493638676845,1786399777.9802046
1,3086,0.4995097815990448,0.3770595690747782,1786399778.0711591
1,3087,0.5299504995346069,0.3768939393939394,1786399778.1729202
1,3088,0.6776646375656128,0.37641509433962267,1786399778.2752924
1,3089,0.399080753326416,0.3775062656641604,1786399778.364404
1,3090,0.6456501483917236,0.3774968789013733,1786399778.457409
1,3091,0.5357347726821899,0.3779539800995025,1786399778.5456178
1,3092,0.3998270034790039,0.3790272614622057,1786399778.6350956
1,3093,0.45874038338661194,0.3794753086419753,1786399778.7273746
1,3094,0.5588850378990173,0.37961254612546125,1786399778.8184388
1,3095,0.678192675113678,0.3792892156862745,1786399778.9090645
1,3096,0.5999265313148499,0.3791208791208791,1786399778.998139
1,3097,0.6206434369087219,0.3795620437956204,1786399779.088583
1,3098,0.5596721172332764,0.3793939393939394,1786399779.1780546
1,3099,0.49054110050201416,0.37967995169082125,1786399779.2684963
1,3100,0.4923231899738312,0.3796630565583634,1786399779.3580546
1,3101,0.5071443319320679,0.37904676258992803,1786399779.448624
1,3102,0.409327894449234,0.37948028673835127,1786399779.5371127
1,3103,0.48261454701423645,0.3793154761904762,1786399779.625594
1,3104,0.45862096548080444,0.3788552787663108,1786399779.7157805
1,3105,0.7244023680686951,0.37854609929078015,1786399779.8063753
1,3106,0.5347245931625366,0.37779740871613665,1786399779.8970635
1,3107,0.5662219524383545,0.3770539906103286,1786399779.9882455
1,3108,0.5639964938163757,0.37719298245614036,1786399780.0779376
1,3109,0.5914789438247681,0.3763111888111888,1786399780.1785567
1,3110,0.40556469559669495,0.37659698025551686,1786399780.276973
1,3111,0.3898169994354248,0.37688078703703703,1786399780.3657553
1,3112,0.4663335978984833,0.37759515570934254,1786399780.4658976
1,3113,0.4890754520893097,0.37729885057471263,1786399780.555489
1,3114,0.4432097375392914,0.3770045819014891,1786399780.645972
1,3115,0.4680427014827728,0.3761415525114155,1786399780.7353609
1,3116,0.4913598299026489,0.37627986348122866,1786399780.826272
1,3117,0.4361932575702667,0.3761337868480726,1786399780.9244235
1,3118,0.4174656569957733,0.3764124293785311,1786399781.0155427
1,3119,0.4444180130958557,0.37640765765765766,1786399781.1090648
1,3120,0.6544211506843567,0.3766835016835017,1786399781.2029183
1,3121,0.6533347964286804,0.3768176733780761,1786399781.2919867
1,3122,0.4517345130443573,0.3777870680044593,1786399781.3841388
1,3123,0.6474938988685608,0.37819444444444444,1786399781.4738238
1,3124,0.5417153835296631,0.3784606866002215,1786399781.5688415
1,3125,0.429452121257782,0.37900110375275936,1786399781.6614597
1,3126,0.6023516654968262,0.37912541254125415,1786399781.7532163
1,3127,0.41528716683387756,0.3784265350877193,1786399781.8443186
1,3128,0.4700346291065216,0.37759562841530053,1786399781.9373581
1,3129,0.5373649001121521,0.37745098039215685,1786399782.0344784
1,3130,0.4653773605823517,0.3767643865363735,1786399782.1340034
1,3131,0.5403953790664673,0.37662337662337664,1786399782.224018
1,3132,0.500834047794342,0.37648327939590076,1786399782.3160033
1,3133,0.5175854563713074,0.376747311827957,1786399782.405715
1,3134,0.5171313285827637,0.3767416934619507,1786399782.4954734
1,3135,0.494850218296051,0.3764690170940171,1786399782.596002
1,3136,0.3931594789028168,0.3765974440894569,1786399782.6940508
1,3137,0.5362555384635925,0.37632696390658177,1786399782.7910948
1,3138,0.6554118990898132,0.37645502645502643,1786399782.8823073
1,3139,0.4467736482620239,0.3768459915611814,1786399782.973853
1,3140,0.43612682819366455,0.3771030494216614,1786399783.0685253
1,3141,0.4489983916282654,0.37735849056603776,1786399783.1571453
1,3142,0.7262756824493408,0.37735109717868337,1786399783.2468715
1,3143,0.5061166882514954,0.37721354166666665,1786399783.3475308
1,3144,0.5889875292778015,0.3765576323987539,1786399783.4380918
1,3145,0.5297691226005554,0.3766821946169772,1786399783.5304806
1,3146,0.607471227645874,0.3768059855521156,1786399783.630854
1,3147,0.4905807673931122,0.3774434156378601,1786399783.7284224
1,3148,0.656207799911499,0.3773076923076923,1786399783.8208148
1,3149,0.38393861055374146,0.37806748466257667,1786399783.9178884
1,3150,0.503760039806366,0.37882262996941896,1786399784.0075939
1,3151,0.4626448154449463,0.3795731707317073,1786399784.1057925
1,3152,0.5140294432640076,0.3800658561296859,1786399784.2020938
1,3153,0.5726910829544067,0.38017676767676767,1786399784.3007069
1,3154,0.45517754554748535,0.3800352467270896,1786399784.3912182
1,3155,0.49163901805877686,0.379894578313253,1786399784.4806
1,3156,0.488838255405426,0.38013013013013014,1786399784.578312
1,3157,0.3886384069919586,0.37936626746506985,1786399784.667937
1,3158,0.4613610506057739,0.37860696517412934,1786399784.7678676
1,3159,0.541418194770813,0.37822420634920634,1786399784.8692186
1,3160,0.5068197846412659,0.3782146389713155,1786399784.9587023
1,3161,0.6069322824478149,0.3780818540433925,1786399785.054006
1,3162,0.481296181678772,0.3779498525073746,1786399785.144832
1,3163,0.47983789443969727,0.37745098039215685,1786399785.234879
1,3164,0.4545218050479889,0.3779325513196481,1786399785.329733
1,3165,0.5957144498825073,0.3780458089668616,1786399785.4199564
1,3166,0.47009262442588806,0.3785228377065112,1786399785.508419
1,3167,0.6283410787582397,0.3791182170542636,1786399785.6060157
1,3168,0.7285131812095642,0.3783816425120773,1786399785.7028308
1,3169,0.50303053855896,0.37909441233140656,1786399785.7978892
1,3170,0.42424002289772034,0.3794428434197887,1786399785.8874936
1,3171,0.712975263595581,0.37895114942528735,1786399785.9783063
1,3172,0.5315098166465759,0.37905921680993315,1786399786.0756962
1,3173,0.5330790281295776,0.37892857142857145,1786399786.1762607
1,3174,0.4837641716003418,0.37951092117758783,1786399786.27788
1,3175,0.5902199745178223,0.3797348484848485,1786399786.3687084
1,3176,0.6915116310119629,0.37936732766761094,1786399786.4587553
1,3177,0.46902504563331604,0.3799435028248588,1786399786.5484273
1,3178,0.4378276467323303,0.38028169014084506,1786399786.63796
1,3179,0.6429616212844849,0.3800327715355805,1786399786.7275229
1,3180,0.536736786365509,0.38048552754435105,1786399786.818092
1,3181,0.4921315312385559,0.3808193668528864,1786399786.9083862
1,3182,0.5409848690032959,0.3806870937790158,1786399786.998873
1,3183,0.43594858050346375,0.3804398148148148,1786399787.0903254
1,3184,0.6035915613174438,0.3808864265927978,1786399787.1826952
1,3185,0.6838568449020386,0.380524861878453,1786399787.2760775
1,3186,0.7646287679672241,0.38073921028466484,1786399787.3656697
1,3187,0.3635523021221161,0.3814102564102564,1786399787.4581249
1,3188,0.5245264172554016,0.3817351598173516,1786399787.5502002
1,3189,0.37697499990463257,0.3820582877959927,1786399787.640798
1,3190,0.6277065873146057,0.38181198910081743,1786399787.7324793
1,3191,0.45553308725357056,0.38247282608695654,1786399787.833161
1,3192,0.6189917922019958,0.38290424570912374,1786399787.9309185
1,3193,0.5930314660072327,0.38265765765765763,1786399788.0295641
1,3194,0.5475497245788574,0.3831985624438455,1786399788.1210864
1,3195,0.4813327491283417,0.3826164874551971,1786399788.2184129
1,3196,0.5464920997619629,0.38248436103663985,1786399788.3097584
1,3197,0.6087476015090942,0.38257575757575757,1786399788.400733
1,3198,0.526278018951416,0.38266666666666665,1786399788.5031462
1,3199,0.47337839007377625,0.3826462765957447,1786399788.5999837
1,3200,0.3486168086528778,0.3831786030061892,1786399788.6915822
1,3201,0.5902154445648193,0.38315696649029984,1786399788.7923677
1,3202,0.5101389288902283,0.3829155672823219,1786399788.88408
1,3203,0.5922757387161255,0.38300438596491226,1786399788.9824448
1,3204,0.5399394631385803,0.3824365704286964,1786399789.0828664
1,3205,0.5404916405677795,0.38230802792321117,1786399789.174683
1,3206,0.4338971674442291,0.3830504786771105,1786399789.2669609
1,3207,0.46158477663993835,0.3833550347222222,1786399789.3562455
1,3208,0.5225176811218262,0.3827922077922078,1786399789.4476552
1,3209,0.45205608010292053,0.38331174438687393,1786399789.5373688
1,3210,0.42489469051361084,0.3838285960378984,1786399789.6270947
1,3211,0.5152099132537842,0.38412800687285226,1786399789.721159
1,3212,0.4006345868110657,0.3841045415595544,1786399789.8231606
1,3213,0.5092117786407471,0.38354700854700857,1786399789.926848
1,3214,0.4913662075996399,0.3836317135549872,1786399790.0268993
1,3215,0.6928496360778809,0.3838222789115646,1786399790.129321
1,3216,0.5233359336853027,0.383587786259542,1786399790.2203078
1,3217,0.42984437942504883,0.3835659898477157,1786399790.3106914
1,3218,0.4864005446434021,0.3838607594936709,1786399790.402038
1,3219,0.4539898931980133,0.383733164983165,1786399790.4925647
1,3220,0.5013880133628845,0.3840260285474391,1786399790.583758
1,3221,0.5786417722702026,0.3838986599664992,1786399790.6755576
1,3222,0.458251416683197,0.38398078529657476,1786399790.7660205
1,3223,0.4952980875968933,0.38416666666666666,1786399790.8560708
1,3224,0.42308157682418823,0.3842477140482128,1786399790.9473753
1,3225,0.6247463822364807,0.38412106135986734,1786399791.0393853
1,3226,0.7329773902893066,0.3837882547559967,1786399791.131936
1,3227,0.4306016266345978,0.3842821782178218,1786399791.2223482
1,3228,0.522468090057373,0.3845679012345679,1786399791.3135972
1,3229,0.30824825167655945,0.38495484400656815,1786399791.403286
1,3230,0.700280487537384,0.38503276003276005,1786399791.4925194
1,3231,0.45012444257736206,0.38531454248366015,1786399791.584816
1,3232,0.41583219170570374,0.3859005704971475,1786399791.674264
1,3233,0.4586472511291504,0.3852642276422764,1786399791.7658155
1,3234,0.6917413473129272,0.3847323600973236,1786399791.8568883
1,3235,0.6329004764556885,0.38460760517799353,1786399791.9500375
1,3236,0.44640156626701355,0.3847861178369653,1786399792.0408478
1,3237,0.5480459928512573,0.384963768115942,1786399792.134846
1,3238,0.6816574335098267,0.3850401606425703,1786399792.225176
1,3239,0.6113938093185425,0.38521634615384615,1786399792.3169925
1,3240,0.4818628430366516,0.38559152677857716,1786399792.4106686
1,3241,0.5384305119514465,0.3857655502392344,1786399792.5032737
1,3242,0.5805818438529968,0.38554097056483694,1786399792.594815
1,3243,0.6113448143005371,0.3850198412698413,1786399792.6854308
1,3244,0.4917856752872467,0.38509501187648454,1786399792.7755873
1,3245,0.5073903799057007,0.38497235387045814,1786399792.8711886
1,3246,0.42473381757736206,0.38514578408195427,1786399792.9615064
1,3247,0.5599740743637085,0.3853183962264151,1786399793.0635643
1,3248,0.4927241802215576,0.3854901960784314,1786399793.1542006
1,3249,0.4840022027492523,0.38546557120500785,1786399793.2525656
1,3250,0.5036280751228333,0.38544106167056985,1786399793.3463128
1,3251,0.38366082310676575,0.38570872274143303,1786399793.4476953
1,3252,0.4887450933456421,0.38548951048951047,1786399793.548707
1,3253,0.46396172046661377,0.38536821705426355,1786399793.638519
1,3254,0.5960537195205688,0.38524748646558393,1786399793.7412083
1,3255,0.5154333710670471,0.38522376543209874,1786399793.8331938
1,3256,0.4545219838619232,0.3849114703618168,1786399793.9247847
1,3257,0.5958797931671143,0.38498463901689706,1786399794.0262518
1,3258,0.3948371708393097,0.3854406130268199,1786399794.1174686
1,3259,0.5783746242523193,0.3854166666666667,1786399794.2082698
1,3260,0.4854583740234375,0.38539282990083906,1786399794.2990139
1,3261,0.3777638077735901,0.3855593607305936,1786399794.3935277
1,3262,0.39703473448753357,0.385250569476082,1786399794.4826324
1,3263,0.49705204367637634,0.3855113636363636,1786399794.5726414
1,3264,0.46303480863571167,0.38577097505668934,1786399794.6621773
1,3265,0.4135144352912903,0.3860294117647059,1786399794.7511024
1,3266,0.3665606379508972,0.3863807373965388,1786399794.8444502
1,3267,0.45048755407333374,0.3867304804804805,1786399794.9357061
1,3268,0.4933509826660156,0.38698501872659175,1786399795.0259156
1,3269,0.5401656627655029,0.3873318385650224,1786399795.115238
1,3270,0.42621350288391113,0.3875838926174497,1786399795.204738
1,3271,0.35319051146507263,0.3880208333333333,1786399795.2982914
1,3272,0.4838397800922394,0.3883630289532294,1786399795.3886561
1,3273,0.48354703187942505,0.3887037037037037,1786399795.4798238
1,3274,0.5219528079032898,0.38913525498891355,1786399795.5709236
1,3275,0.5289008021354675,0.38891961651917406,1786399795.6600747
1,3276,0.3972669839859009,0.3893487858719647,1786399795.7514305
1,3277,0.44267094135284424,0.38940895741556536,1786399795.84256
1,3278,0.5627838969230652,0.3893772893772894,1786399795.9330354
1,3279,0.48276281356811523,0.389437134502924,1786399796.0244982
1,3280,0.523776650428772,0.3895878920495988,1786399796.1152413
1,3281,0.5305143594741821,0.389919941775837,1786399796.2054942
1,3282,0.5223191380500793,0.390159767610748,1786399796.2957332
1,3283,0.5013219118118286,0.38967391304347826,1786399796.3855314
1,3284,0.6262354850769043,0.38919016630513376,1786399796.4745042
1,3285,0.45814767479896545,0.3887987012987013,1786399796.5724576
1,3286,0.456956684589386,0.3884089272858171,1786399796.6714215
1,3287,0.7926491498947144,0.3883800287356322,1786399796.7692022
1,3288,0.6268473863601685,0.38870967741935486,1786399796.862447
1,3289,0.6133532524108887,0.3888590844062947,1786399796.9546998
1,3290,0.4110909402370453,0.3889186295503212,1786399797.0504243
1,3291,0.6366130113601685,0.3891559829059829,1786399797.1422267
1,3292,0.5350461006164551,0.38930348258706465,1786399797.233165
1,3293,0.42849063873291016,0.38900709219858154,1786399797.3359752
1,3294,0.5120882987976074,0.3886234961075725,1786399797.4388738
1,3295,0.48752227425575256,0.388771186440678,1786399797.5288122
1,3296,0.537907600402832,0.3889182522903453,1786399797.6405127
1,3297,0.6773990988731384,0.38871308016877637,1786399797.7346458
1,3298,0.5369426012039185,0.38842105263157894,1786399797.8361304
1,3299,0.49295854568481445,0.38786764705882354,1786399797.928026
1,3300,0.42846810817718506,0.38819007686932216,1786399798.0192456
1,3301,0.44800251722335815,0.3877266387726639,1786399798.1097546
1,3302,0.49166107177734375,0.38743910925539315,1786399798.201084
1,3303,0.4848466217517853,0.38697916666666665,1786399798.304597
1,3304,0.4404070973396301,0.3872141372141372,1786399798.4062457
1,3305,0.49189653992652893,0.38736168741355465,1786399798.507815
1,3306,0.5624194741249084,0.38733609385783296,1786399798.5997307
1,3307,0.6026492714881897,0.38713842975206614,1786399798.707997
1,3308,0.46812236309051514,0.3871134020618557,1786399798.7994277
1,3309,0.5319554805755615,0.3872599451303155,1786399798.8907702
1,3310,0.4881894886493683,0.38689253935660506,1786399798.9902914
1,3311,0.3437224328517914,0.3869535519125683,1786399799.0810492
1,3312,0.53102046251297,0.3865882753919564,1786399799.1735864
1,3313,0.43687546253204346,0.3871598639455782,1786399799.270371
1,3314,0.5149905681610107,0.38721995926680247,1786399799.3674877
1,3315,0.6312428712844849,0.38711043360433606,1786399799.4735854
1,3316,0.3936944305896759,0.38717038539553755,1786399799.574971
1,3317,0.4899774193763733,0.3868927125506073,1786399799.6661701
1,3318,0.5726432204246521,0.38686868686868686,1786399799.7589488
1,3319,0.3957314193248749,0.3869287634408602,1786399799.861295
1,3320,0.483502060174942,0.3872401073105298,1786399799.9529035
1,3321,0.6446499824523926,0.3867135207496653,1786399800.0433314
1,3322,0.5597057342529297,0.38669004676018703,1786399800.1455798
1,3323,0.37857961654663086,0.38708333333333333,1786399800.2402413
1,3324,0.5206410884857178,0.3872255489021956,1786399800.3419187
1,3325,0.5877887010574341,0.38728419654714474,1786399800.430991
1,3326,0.6997562646865845,0.3871769383697813,1786399800.5321362
1,3327,0.47111812233924866,0.3874834656084656,1786399800.6269114
1,3328,0.7185238599777222,0.3877062706270627,1786399800.719433
1,3329,0.43463218212127686,0.38801054018445325,1786399800.8194866
1,3330,0.5026394128799438,0.38814924391847466,1786399800.9118443
1,3331,0.6447179317474365,0.38763123359580054,1786399801.0029287
1,3332,0.5585127472877502,0.3876882776686313,1786399801.093233
1,3333,0.5147101283073425,0.38758169934640524,1786399801.1952822
1,3334,0.4456661641597748,0.3878832354859752,1786399801.2883046
1,3335,0.3848892152309418,0.387939453125,1786399801.3819706
1,3336,0.7501892447471619,0.38742690058479534,1786399801.4726202
1,3337,0.5130085945129395,0.38756485084306097,1786399801.5657809
1,3338,0.4555790424346924,0.38786407766990294,1786399801.6622167
1,3339,0.4507254958152771,0.3875968992248062,1786399801.7614887
1,3340,0.530947208404541,0.3874113475177305,1786399801.8671663
1,3341,0.38097792863845825,0.3875482625482625,1786399801.9580426
1,3342,0.2973434627056122,0.3873635195889531,1786399802.0589182
1,3343,0.5322819948196411,0.3872596153846154,1786399802.1518667
1,3344,0.5193893909454346,0.387236084452975,1786399802.2418497
1,3345,0.5998765826225281,0.38753192848020435,1786399802.3335803
1,3346,0.5387781858444214,0.3874282982791587,1786399802.4343255
1,3347,0.4725600779056549,0.38764312977099236,1786399802.5361657
1,3348,0.49083590507507324,0.3871428571428571,1786399802.6273496
1,3349,0.5614709854125977,0.3873574144486692,1786399802.7263515
1,3350,0.37814047932624817,0.3873339658444023,1786399802.8162158
1,3351,0.4307743310928345,0.3875473484848485,1786399802.9115767
1,3352,0.40019235014915466,0.3880749842470069,1786399803.001474
1,3353,0.6221446394920349,0.3878930817610063,1786399803.1050074
1,3354,0.6023595333099365,0.38763339610797237,1786399803.2106626
1,3355,0.44473493099212646,0.38776629072681706,1786399803.3025286
1,3356,0.3678131699562073,0.38797686053783614,1786399803.3942053
1,3357,0.6251217722892761,0.3874843945068664,1786399803.4856212
1,3358,0.5569995641708374,0.38753894080996887,1786399803.5764155
1,3359,0.3747692108154297,0.3877487562189055,1786399803.674016
1,3360,0.652763843536377,0.38733705772811916,1786399803.7674477
1,3361,0.6068875789642334,0.387546468401487,1786399803.859745
1,3362,0.347395658493042,0.3876004947433519,1786399803.9577503
1,3363,0.4963728189468384,0.3873456790123457,1786399804.057835
1,3364,0.618320882320404,0.3867837338262477,1786399804.1483812
1,3365,0.5669869780540466,0.38683886838868387,1786399804.246257
1,3366,0.5173966288566589,0.3868937998772253,1786399804.3358848
1,3367,0.6330229640007019,0.3867953431372549,1786399804.4267886
1,3368,0.5797083973884583,0.38654434250764524,1786399804.5166743
1,3369,0.5143076181411743,0.38652319902319904,1786399804.6049626
1,3370,0.6731153726577759,0.386121267519805,1786399804.705761
1,3371,0.35498836636543274,0.38617700729927007,1786399804.8039186
1,3372,0.4402430057525635,0.38638433515482695,1786399804.8931563
1,3373,0.4524758458137512,0.38651515151515153,1786399804.9833193
1,3374,0.6086655855178833,0.3866454930429522,1786399805.0824873
1,3375,0.4684601426124573,0.3869263285024155,1786399805.1715178
1,3376,0.6732640266418457,0.3871308016877637,1786399805.2627296
1,3377,0.587665319442749,0.38771058965102284,1786399805.3577123
1,3378,0.6923103928565979,0.3878378378378378,1786399805.445854
1,3379,0.4571755528450012,0.3876648681055156,1786399805.5368285
1,3380,0.591110110282898,0.387342908438061,1786399805.6303513
1,3381,0.3987305164337158,0.387320788530466,1786399805.725769
1,3382,0.5558881759643555,0.387298747763864,1786399805.8148515
1,3383,0.6159814596176147,0.3871279761904762,1786399805.9090872
1,3384,0.4533219039440155,0.38740344622697565,1786399805.998108
1,3385,0.5421877503395081,0.38723309608540923,1786399806.094864
1,3386,0.568122386932373,0.38743339253996445,1786399806.186432
1,3387,0.5609956979751587,0.3874852245862884,1786399806.2785923
1,3388,0.37918972969055176,0.38716814159292035,1786399806.3705513
1,3389,0.5060763955116272,0.3873674911660777,1786399806.4676535
1,3390,0.4826199412345886,0.3869047619047619,1786399806.5665092
1,3391,0.4265948534011841,0.38739730046948356,1786399806.6618161
1,3392,0.36840298771858215,0.38766842413591096,1786399806.7564838
1,3393,0.5163747668266296,0.3873538011695906,1786399806.848505
1,3394,0.3978593349456787,0.3868213660245184,1786399806.9385393
1,3395,0.4588831961154938,0.3870920745920746,1786399807.0287488
1,3396,0.5066955089569092,0.38721640488656195,1786399807.120179
1,3397,0.663412868976593,0.3873403019744483,1786399807.2186887
1,3398,0.5858958959579468,0.3873913043478261,1786399807.307804
1,3399,0.47780418395996094,0.38744212962962965,1786399807.409264
1,3400,0.45099377632141113,0.3874927787406124,1786399807.4985356
1,3401,0.3897862136363983,0.38790369088811993,1786399807.5952158
1,3402,0.4020848274230957,0.38780944156591823,1786399807.6945448
1,3403,0.5733322501182556,0.3875718390804598,1786399807.7895005
1,3404,0.4669796824455261,0.387263339070568,1786399807.8803885
1,3405,0.6380573511123657,0.38717067583046966,1786399807.9699788
1,3406,0.47683417797088623,0.38714979988564896,1786399808.0611503
1,3407,0.6464135050773621,0.386986301369863,1786399808.1521053
1,3408,0.5492666959762573,0.3871082621082621,1786399808.2432086
1,3409,0.5748416781425476,0.38687428896473264,1786399808.332469
1,3410,0.4785546064376831,0.38692504258943783,1786399808.42307
1,3411,0.7582817077636719,0.3866921768707483,1786399808.5115287
1,3412,0.42019152641296387,0.38702603282399545,1786399808.6015468
1,3413,0.5258877873420715,0.3867231638418079,1786399808.6933675
1,3414,0.42670461535453796,0.38684433164128595,1786399808.782087
1,3415,0.5288780927658081,0.38717623873873874,1786399808.8720686
1,3416,0.775046169757843,0.3871557054525014,1786399808.9716508
1,3417,0.544366180896759,0.3872053872053872,1786399809.0620658
1,3418,0.5753164291381836,0.3870448179271709,1786399809.151414
1,3419,0.48990973830223083,0.3872343400447427,1786399809.239942
1,3420,0.7819375991821289,0.38728364042434393,1786399809.3302312
1,3421,0.3602728545665741,0.38691471571906355,1786399809.4291558
1,3422,0.47640591859817505,0.38633834168057873,1786399809.5206523
1,3423,0.48295632004737854,0.38645833333333335,1786399809.6140761
1,3424,0.4231043756008148,0.3860232945091514,1786399809.7139325
1,3425,0.5161056518554688,0.3857281284606866,1786399809.8033626
1,3426,0.4713748097419739,0.38584853510226647,1786399809.8939655
1,3427,0.45357781648635864,0.38610651214128033,1786399809.990604
1,3428,0.4317486882209778,0.3861570247933884,1786399810.0805535
1,3429,0.573935866355896,0.386001100110011,1786399810.170943
1,3430,0.43230152130126953,0.38605161998901705,1786399810.268109
1,3431,0.4798974394798279,0.38569078947368424,1786399810.3573003
1,3432,0.531334400177002,0.38567323481116583,1786399810.4545703
1,3433,0.5079991817474365,0.38558743169398907,1786399810.5439293
1,3434,0.5148699879646301,0.3853655210038189,1786399810.6361752
1,3435,0.5654541254043579,0.38500816993464054,1786399810.7275193
1,3436,0.42876285314559937,0.38485589994562264,1786399810.8259215
1,3437,0.405314177274704,0.38490770901194354,1786399810.925379
1,3438,0.4801826477050781,0.3848915989159892,1786399811.013662
1,3439,0.423366516828537,0.38467261904761907,1786399811.1056426
1,3440,0.5212737917900085,0.3847920043219881,1786399811.1946516
1,3441,0.5248077511787415,0.38470873786407767,1786399811.2838655
1,3442,0.6248390078544617,0.3842218632202477,1786399811.3744562
1,3443,0.592535138130188,0.38434139784946236,1786399811.4730313
1,3444,0.5806515216827393,0.38405797101449274,1786399811.5627882
1,3445,0.5230959057807922,0.3840434083601286,1786399811.652454
1,3446,0.4996742010116577,0.38409577314071697,1786399811.7495031
1,3447,0.40258389711380005,0.3842815170940171,1786399811.8451226
1,3448,0.529866099357605,0.3844,1786399811.9466925
1,3449,0.4601093530654907,0.3845181043663472,1786399812.0451686
1,3450,0.43081149458885193,0.3847022860180755,1786399812.1368263
1,3451,0.470196396112442,0.384885881104034,1786399812.2251494
1,3452,0.5631260871887207,0.3847376788553259,1786399812.3155353
1,3453,0.5620532035827637,0.38472222222222224,1786399812.4070528
1,3454,0.5406110286712646,0.3847068145800317,1786399812.496986
1,3455,0.5227925181388855,0.38449367088607594,1786399812.5874052
1,3456,0.4827696979045868,0.3844128488678252,1786399812.6759837
1,3457,0.4849303364753723,0.3845951629863302,1786399812.7734704
1,3458,0.4444279670715332,0.3846456692913386,1786399812.8648314
1,3459,0.5347470045089722,0.3846305031446541,1786399812.9564085
1,3460,0.597662091255188,0.3848116169544741,1786399813.0507278
1,3461,0.47477996349334717,0.38466562173458724,1786399813.1402884
1,3462,0.5419645309448242,0.3843244653103808,1786399813.2370937
1,3463,0.6542062163352966,0.38424479166666664,1786399813.32571
1,3464,0.3738718032836914,0.3844253770150806,1786399813.414423
1,3465,0.3772187829017639,0.3848001038421599,1786399813.505579
1,3466,0.471785306930542,0.38484966303784346,1786399813.5979831
1,3467,0.4782988429069519,0.3850284679089027,1786399813.6885214
1,3468,0.6929892897605896,0.3845607235142119,1786399813.7781308
1,3469,0.5800601243972778,0.3844814241486068,1786399813.8674927
1,3470,0.3693414032459259,0.3842091705306543,1786399813.960579
1,3471,0.4774259030818939,0.3839377572016461,1786399814.0512528
1,3472,0.4279533624649048,0.3834745762711864,1786399814.14236
1,3473,0.5348604917526245,0.3836538461538462,1786399814.2431488
1,3474,0.46437856554985046,0.38370455709165385,1786399814.3328488
1,3475,0.5510625839233398,0.3836273006134969,1786399814.4216642
1,3476,0.5656738877296448,0.3836140888208269,1786399814.5182505
1,3477,0.41935014724731445,0.3837283384301733,1786399814.6150558
1,3478,0.5244497656822205,0.383969465648855,1786399814.713702
1,3479,0.5638134479522705,0.38370172764227645,1786399814.802192
1,3480,0.4740447998046875,0.3834982242516489,1786399814.895879
1,3481,0.4610028862953186,0.3836752786220871,1786399814.9968143
1,3482,0.4064324200153351,0.38391502276176026,1786399815.0973969
1,3483,0.6203888654708862,0.3838383838383838,1786399815.186382
1,3484,0.528778612613678,0.38382501260716084,1786399815.286034
1,3485,0.5474339723587036,0.38387462235649544,1786399815.3866408
1,3486,0.6218611598014832,0.3839869281045752,1786399815.4761953
1,3487,0.4307022988796234,0.38434989959839355,1786399815.5645437
1,3488,0.5684619545936584,0.38414786967418546,1786399815.6535583
1,3489,0.5385622978210449,0.3841341341341341,1786399815.7433205
1,3490,0.46050792932510376,0.38393303348325836,1786399815.8319805
1,3491,0.6459913849830627,0.38398203592814373,1786399815.9229894
1,3492,0.4581281542778015,0.38440458395615346,1786399816.013765
1,3493,0.4210031032562256,0.3843283582089552,1786399816.1111224
1,3494,0.6876914501190186,0.3839418777943368,1786399816.216941
1,3495,0.4700486958026886,0.38392857142857145,1786399816.3059888
1,3496,0.4791454076766968,0.3838533927686974,1786399816.394533
1,3497,0.4328271746635437,0.3838402571711177,1786399816.4831445
1,3498,0.48104262351989746,0.3837037037037037,1786399816.5726917
1,3499,0.56263667345047,0.3838757396449704,1786399816.6736584
1,3500,0.44031229615211487,0.38355489906450024,1786399816.7643611
1,3501,0.4781777858734131,0.38366519174041297,1786399816.85241
1,3502,0.6756286025047302,0.38365243004418265,1786399816.9437501
1,3503,0.3937889039516449,0.3835171568627451,1786399817.0347729
1,3504,0.6329210996627808,0.3838105726872247,1786399817.1239867
1,3505,0.5864855051040649,0.3836754643206256,1786399817.220282
1,3506,0.4995066523551941,0.3837847730600293,1786399817.3189735
1,3507,0.5134121775627136,0.3840155945419103,1786399817.4130776
1,3508,0.40106168389320374,0.3843065693430657,1786399817.5004673
1,3509,0.5023378133773804,0.3839893100097182,1786399817.5918694
1,3510,0.498134970664978,0.3841581756428918,1786399817.6905317
1,3511,0.503240704536438,0.38396317829457366,1786399817.790661
1,3512,0.5932793617248535,0.3838896952104499,1786399817.8832746
1,3513,0.5222788453102112,0.38357487922705313,1786399817.9729955
1,3514,0.4636131227016449,0.38362276893391223,1786399818.062153
1,3515,0.6516369581222534,0.3834296724470135,1786399818.1608946
1,3516,0.5773942470550537,0.38335738335738334,1786399818.2633314
1,3517,0.46190017461776733,0.3835854947166186,1786399818.3511944
1,3518,0.5589946508407593,0.38369304556354916,1786399818.4420712
1,3519,0.46943211555480957,0.3836805555555556,1786399818.5321255
1,3520,0.4622419774532318,0.383727881396461,1786399818.622001
1,3521,0.3937825560569763,0.3840735434574976,1786399818.7186766
1,3522,0.5931362509727478,0.3838817358130663,1786399818.8174098
1,3523,0.41797757148742676,0.38398809523809524,1786399818.906136
1,3524,0.5550143718719482,0.38367807893485495,1786399818.9961061
1,3525,0.39515694975852966,0.3837844254510921,1786399819.096968
1,3526,0.4196443557739258,0.3840682788051209,1786399819.187233
1,3527,0.6170393824577332,0.3837594696969697,1786399819.2871864
1,3528,0.4127516746520996,0.38368794326241135,1786399819.3815107
1,3529,0.7184953689575195,0.3835576015108593,1786399819.478142
1,3530,0.518224835395813,0.3837812352663838,1786399819.5665667
1,3531,0.5864224433898926,0.3838276836158192,1786399819.6653306
1,3532,0.4860559105873108,0.38381523272214385,1786399819.7585845
1,3533,0.5487876534461975,0.38380281690140844,1786399819.8493617
1,3534,0.5411710739135742,0.38402484763244255,1786399819.9391785
1,3535,0.41088753938674927,0.3842462546816479,1786399820.0393186
1,3536,0.5575119853019714,0.3844670406732118,1786399820.1387966
1,3537,0.4454948306083679,0.38462885154061627,1786399820.2293966
1,3538,0.5426660776138306,0.3843822843822844,1786399820.3202677
1,3539,0.39631369709968567,0.38460195530726254,1786399820.4099941
1,3540,0.4544224739074707,0.3847629009762901,1786399820.5067658
1,3541,0.4107193052768707,0.38486536675951716,1786399820.5963876
1,3542,0.4200863242149353,0.38508344923504867,1786399820.6873481
1,3543,0.48154979944229126,0.3851851851851852,1786399820.7776203
1,3544,0.6606769561767578,0.38517105871474805,1786399820.8754003
1,3545,0.4198959469795227,0.38521468144044324,1786399820.9709983
1,3546,0.45393842458724976,0.38479714153988015,1786399821.061306
1,3547,0.4205176532268524,0.38484116022099446,1786399821.1554997
1,3548,0.3727506399154663,0.385,1786399821.255386
1,3549,0.4933569133281708,0.3851010101010101,1786399821.3447561
1,3550,0.6438865065574646,0.385259055479138,1786399821.4340947
1,3551,0.46903443336486816,0.3854166666666667,1786399821.5236034
1,3552,0.46523359417915344,0.38551668952903523,1786399821.6231945
1,3553,0.44674330949783325,0.38544520547945205,1786399821.7142918
1,3554,0.734383225440979,0.3852599179206566,1786399821.8116372
1,3555,0.4551919102668762,0.3856443533697632,1786399821.9030566
1,3556,0.4687504172325134,0.3856298317417008,1786399821.994307
1,3557,0.4889880418777466,0.3857856494096276,1786399822.092737
1,3558,0.5311545133590698,0.3859410430839002,1786399822.1932402
1,3559,0.6225292682647705,0.3859261775362319,1786399822.2837982
1,3560,0.4522632658481598,0.3858548168249661,1786399822.387837
1,3561,0.526246190071106,0.38600948509485095,1786399822.477941
1,3562,0.5798020362854004,0.3859382047812359,1786399822.566082
1,3563,0.4817984402179718,0.3859797297297297,1786399822.6572654
1,3564,0.6937727928161621,0.38602114260008996,1786399822.7467952
1,3565,0.5819036364555359,0.38606244384546273,1786399822.8360732
1,3566,0.46836236119270325,0.38621579183490357,1786399822.9329803
1,3567,0.5425363779067993,0.38614471326164873,1786399823.0320125
1,3568,0.6081998944282532,0.3863534675615213,1786399823.1215768
1,3569,0.4986509382724762,0.3864499553172475,1786399823.2101612
1,3570,0.5987661480903625,0.3863788487282463,1786399823.3066173
1,3571,0.40225523710250854,0.38647504456327986,1786399823.3992515
1,3572,0.5756139755249023,0.38657098353360037,1786399823.5063703
1,3573,0.6072897911071777,0.3864444444444444,1786399823.596767
1,3574,0.7910416126251221,0.3863737239236573,1786399823.686671
1,3575,0.42191818356513977,0.3865802304964539,1786399823.7760482
1,3576,0.48588696122169495,0.38634351482957063,1786399823.86632
1,3577,0.5145577788352966,0.3863284703801945,1786399823.9625146
1,3578,0.5586815476417542,0.38625827814569536,1786399824.051358
1,3579,0.6419791579246521,0.3863536155202822,1786399824.142196
1,3580,0.40316328406333923,0.38622853368560106,1786399824.2415512
1,3581,0.48221659660339355,0.3863786279683377,1786399824.3403642
1,3582,0.5767759680747986,0.3862538427755819,1786399824.4291525
1,3583,0.5125871896743774,0.3862390350877193,1786399824.5192337
1,3584,0.5536973476409912,0.3860052562417871,1786399824.610044
1,3585,0.4799983501434326,0.3861001749781277,1786399824.7052703
1,3586,0.4566710293292999,0.3860310179117519,1786399824.7945416
1,3587,0.5813703536987305,0.3862892670157068,1786399824.884144
1,3588,0.6468763947486877,0.3863834422657952,1786399824.984702
1,3589,0.37792256474494934,0.3864773716275022,1786399825.0739155
1,3590,0.44780591130256653,0.3865167318557149,1786399825.1646333
1,3591,0.4940078556537628,0.38671875,1786399825.2584586
1,3592,0.583998441696167,0.386703511053316,1786399825.3490539
1,3593,0.5029380917549133,0.3866883116883117,1786399825.4386907
1,3594,0.4659387469291687,0.38705144833549504,1786399825.528534
1,3595,0.4687437415122986,0.3871437823834197,1786399825.6189039
1,3596,0.5431485772132874,0.38696636481241914,1786399825.708666
1,3597,0.41823050379753113,0.3870585701981051,1786399825.809878
1,3598,0.6074188947677612,0.3870967741935484,1786399825.8996215
1,3599,0.3927991986274719,0.38734965635738833,1786399825.9980578
1,3600,0.526378333568573,0.3875482625482625,1786399826.0927856
1,3601,0.469460666179657,0.38769280205655526,1786399826.1821368
1,3602,0.3745998442173004,0.38794394522892595,1786399826.271586
1,3603,0.533413827419281,0.38808760683760685,1786399826.363134
1,3604,0.5994685292243958,0.38791079812206575,1786399826.4540994
1,3605,0.5902491211891174,0.3877344416027281,1786399826.5441499
1,3606,0.44710689783096313,0.3879310344827586,1786399826.6332715
1,3607,0.5096054077148438,0.38786139455782315,1786399826.7239015
1,3608,0.547752320766449,0.38784501061571125,1786399826.8231206
1,3609,0.5904770493507385,0.38788167938931295,1786399826.9222023
1,3610,0.8213680982589722,0.38775942397289287,1786399827.012269
1,3611,0.4821377992630005,0.3877432318104907,1786399827.1005332
1,3612,0.5791497826576233,0.3876742712294043,1786399827.1936586
1,3613,0.5082599520683289,0.38739451476793246,1786399827.2904866
1,3614,0.6635726690292358,0.38722081753055204,1786399827.3794322
1,3615,0.4933003783226013,0.3869423400673401,1786399827.479642
1,3616,0.4650125801563263,0.38708490962589326,1786399827.5695243
1,3617,0.5201514363288879,0.38727959697733,1786399827.6647305
1,3618,0.5596508383750916,0.38710691823899374,1786399827.7541316
1,3619,0.6490148901939392,0.38714405360134,1786399827.8497066
1,3620,0.46763864159584045,0.3872856545378503,1786399827.9536116
1,3621,0.5541694164276123,0.387374686716792,1786399828.044175
1,3622,0.461526095867157,0.3875156445556946,1786399828.1327116
1,3623,0.4108743667602539,0.38739583333333333,1786399828.2219746
1,3624,0.3937368094921112,0.3875364128173117,1786399828.3135839
1,3625,0.6179577708244324,0.38762468827930174,1786399828.4040887
1,3626,0.4312051832675934,0.3878165213781652,1786399828.495014
1,3627,0.4729807376861572,0.38785240464344944,1786399828.5931964
1,3628,0.4221447706222534,0.3875776397515528,1786399828.691039
1,3629,0.4181601405143738,0.38740694789081886,1786399828.7850916
1,3630,0.7156599164009094,0.38744320528707143,1786399828.8759234
1,3631,0.37279772758483887,0.38722153465346537,1786399828.9705303
1,3632,0.48801088333129883,0.38700041203131436,1786399829.0616353
1,3633,0.4997921586036682,0.3870884773662551,1786399829.150835
1,3634,0.4398280680179596,0.3871763255240444,1786399829.2454007
1,3635,0.64566570520401,0.38726395730706076,1786399829.3375928
1,3636,0.3630506098270416,0.3874538745387454,1786399829.4378083
1,3637,0.5585522651672363,0.3871826371826372,1786399829.528461
1,3638,0.39483410120010376,0.38726993865030673,1786399829.617475
1,3639,0.45267271995544434,0.3869485294117647,1786399829.70789
1,3640,0.3551260232925415,0.3872909016727866,1786399829.7971797
1,3641,0.5634832382202148,0.3872758761206194,1786399829.8871129
1,3642,0.4493897259235382,0.3874135124135124,1786399829.9780686
1,3643,0.35120370984077454,0.3877032520325203,1786399830.0776246
1,3644,0.43674057722091675,0.3878400324807146,1786399830.1681569
1,3645,0.43819665908813477,0.38752027575020276,1786399830.2579076
1,3646,0.3576586842536926,0.38755569056298095,1786399830.3563094
1,3647,0.5368286371231079,0.3876415857605178,1786399830.4454896
1,3648,0.46411025524139404,0.38782828282828286,1786399830.544902
1,3649,0.4639626741409302,0.3880145278450363,1786399830.6339402
1,3650,0.5295523405075073,0.388099556630391,1786399830.724022
1,3651,0.4222266376018524,0.38813405797101447,1786399830.8156884
1,3652,0.4333476126194,0.38821873743466023,1786399830.9147298
1,3653,0.5241219997406006,0.38835341365461845,1786399831.011658
1,3654,0.6317929625511169,0.38843762535098275,1786399831.1013036
1,3655,0.511748194694519,0.388671875,1786399831.199156
1,3656,0.5423456430435181,0.38890556222489,1786399831.2897472
1,3657,0.5291988849639893,0.38873900879296563,1786399831.380191
1,3658,0.542069673538208,0.38882235528942116,1786399831.474521
1,3659,0.5820161700248718,0.3887061403508772,1786399831.561731
1,3660,0.3779620826244354,0.38893866985264836,1786399831.6587658
1,3661,0.7290133237838745,0.3888723150357995,1786399831.7471757
1,3662,0.5272118449211121,0.3888061183949146,1786399831.8369565
1,3663,0.43340572714805603,0.3890376984126984,1786399831.937255
1,3664,0.4034777879714966,0.38926872770511295,1786399832.033419
1,3665,0.4615778923034668,0.3892517814726841,1786399832.1336691
1,3666,0.470005601644516,0.38938315539739027,1786399832.224324
1,3667,0.5160555243492126,0.3893167456556082,1786399832.3137686
1,3668,0.4378269910812378,0.3894477317554241,1786399832.403859
1,3669,0.33126288652420044,0.3896276595744681,1786399832.5030677
1,3670,0.5391191840171814,0.38931523022432113,1786399832.5937567
1,3671,0.47399091720581055,0.38900353773584906,1786399832.6841125
1,3672,0.4677272140979767,0.38913427561837455,1786399832.7825468
1,3673,0.514201283454895,0.38926470588235296,1786399832.8775926
1,3674,0.5419859290122986,0.38885624755189974,1786399832.9669409
1,3675,0.45158788561820984,0.38893779342723006,1786399833.064945
1,3676,0.6142333149909973,0.38901914810472843,1786399833.1601758
1,3677,0.3611118793487549,0.3888075722092115,1786399833.2512937
1,3678,0.5306923985481262,0.3888401559454191,1786399833.3404694
1,3679,0.4782028794288635,0.38901869158878505,1786399833.438016
1,3680,0.4155868887901306,0.38914819136522755,1786399833.5363162
1,3681,0.5559437274932861,0.38922882672882675,1786399833.629518
1,3682,0.41673657298088074,0.3889212262320528,1786399833.72062
1,3683,0.47553694248199463,0.38895348837209304,1786399833.8166616
1,3684,0.4107571244239807,0.3891792489353465,1786399833.906917
1,3685,0.6152878999710083,0.38892111368909515,1786399833.996075
1,3686,0.39607512950897217,0.38866357667052914,1786399834.097213
1,3687,0.3759600818157196,0.3888888888888889,1786399834.1874976
1,3688,0.5485523343086243,0.3888728323699422,1786399834.2860518
1,3689,0.365379273891449,0.3891454965357968,1786399834.374499
1,3690,0.49096325039863586,0.3894175317185698,1786399834.4694808
1,3691,0.3917525112628937,0.3891609062980031,1786399834.563941
1,3692,0.4780427813529968,0.38924050632911394,1786399834.6533973
1,3693,0.7434316277503967,0.38912835249042144,1786399834.7434049
1,3694,0.5495592951774597,0.3890164561806353,1786399834.8327215
1,3695,0.4327481985092163,0.38885703363914376,1786399834.9316459
1,3696,0.5631988048553467,0.38907980145093546,1786399835.0271225
1,3697,0.6239497661590576,0.3889206712433257,1786399835.1181524
1,3698,0.5201990604400635,0.3889047619047619,1786399835.2077303
1,3699,0.4020419120788574,0.3891742770167428,1786399835.2973533
1,3700,0.4219759702682495,0.38901558342835424,1786399835.397348
1,3701,0.3657120168209076,0.3891419893697798,1786399835.4951327
1,3702,0.5287021398544312,0.3889836935912021,1786399835.5913122
1,3703,0.44755205512046814,0.38901515151515154,1786399835.6810055
1,3704,0.6140422224998474,0.3889992432841468,1786399835.7713094
1,3705,0.615748941898346,0.3888888888888889,1786399835.8634164
1,3706,0.47676727175712585,0.38906191015477537,1786399835.9549522
1,3707,0.44073688983917236,0.3892345399698341,1786399836.044993
1,3708,0.4193611741065979,0.38907721280602636,1786399836.1364913
1,3709,0.5876249670982361,0.3891553799849511,1786399836.2332366
1,3710,0.4667956829071045,0.38937429537767754,1786399836.3229213
1,3711,0.46601346135139465,0.3893111861861862,1786399836.4262674
1,3712,0.5570862293243408,0.38948256467941506,1786399836.5157151
1,3713,0.6670773029327393,0.38923220973782774,1786399836.6075876
1,3714,0.46990543603897095,0.3894500561167228,1786399836.6979046
1,3715,0.4646170437335968,0.38952727952167415,1786399836.7923355
1,3716,0.49120479822158813,0.3896976483762598,1786399836.8961096
1,3717,0.3738013803958893,0.38982102908277405,1786399836.9965973
1,3718,0.5509616136550903,0.3898975791433892,1786399837.0894337
1,3719,0.5949710011482239,0.3898809523809524,1786399837.1797302
1,3720,0.42594945430755615,0.3899108138238573,1786399837.2796528
1,3721,0.5079669952392578,0.38956941351150703,1786399837.3705404
1,3722,0.5570764541625977,0.38955320726733406,1786399837.4696302
1,3723,0.4112055003643036,0.389537037037037,1786399837.5662386
1,3724,0.373249351978302,0.3897058823529412,1786399837.657286
1,3725,0.41603589057922363,0.38996674057649666,1786399837.7476866
1,3726,0.45196977257728577,0.3900885935769657,1786399837.8513508
1,3727,0.3725441098213196,0.39016408554572274,1786399837.9433174
1,3728,0.38483718037605286,0.39019337016574585,1786399838.03549
1,3729,0.4977487027645111,0.3902225901398087,1786399838.127512
1,3730,0.5378698110580444,0.39029768467475195,1786399838.2224755
1,3731,0.4799988865852356,0.3904643906020558,1786399838.3146205
1,3732,0.5874501466751099,0.3904932159882655,1786399838.4085474
1,3733,0.49252715706825256,0.3906135531135531,1786399838.5015392
1,3734,0.558275043964386,0.3906878887669228,1786399838.6042
1,3735,0.5011730790138245,0.3906706871345029,1786399838.7087874
1,3736,0.36426833271980286,0.3907904344651333,1786399838.8176432
1,3737,0.34325066208839417,0.3905452224653538,1786399838.9133537
1,3738,0.4170494079589844,0.3907103825136612,1786399839.0084276
1,3739,0.34941285848617554,0.3909661572052402,1786399839.0980344
1,3740,0.4450795352458954,0.39108505997818976,1786399839.2010539
1,3741,0.48827582597732544,0.39115831517792304,1786399839.3028114
1,3742,0.4445559084415436,0.3911860718171926,1786399839.3948565
1,3743,0.5241563320159912,0.3911684782608696,1786399839.4846268
1,3744,0.48219022154808044,0.3911961635903004,1786399839.5850556
1,3745,0.6066124439239502,0.39117859725235,1786399839.6762311
1,3746,0.4460501968860626,0.3909804983748646,1786399839.7666445
1,3747,0.6230692863464355,0.39105339105339104,1786399839.8632448
1,3748,0.41139867901802063,0.39103603603603604,1786399839.9618726
1,3749,0.47582802176475525,0.3912437005039597,1786399840.0645757
1,3750,0.5258787870407104,0.3913610212153901,1786399840.154715
1,3751,0.5533518195152283,0.3915678879310345,1786399840.2453878
1,3752,0.4329405128955841,0.39163975601004664,1786399840.3352427
1,3753,0.5353215932846069,0.39171146953405017,1786399840.4254491
1,3754,0.3939376473426819,0.39173827425707125,1786399840.5182126
1,3755,0.5753484964370728,0.3916756080114449,1786399840.6201708
1,3756,0.3749685287475586,0.39134512325830656,1786399840.7108402
1,3757,0.6695623993873596,0.3913722341184868,1786399840.8018646
1,3758,0.7072498202323914,0.3913547237076649,1786399840.8998177
1,3759,0.4534453749656677,0.39151531339031337,1786399840.9896135
1,3760,0.4998100996017456,0.3917200284596229,1786399841.0898256
1,3761,0.4675866961479187,0.3917910447761194,1786399841.197013
1,3762,0.520275890827179,0.3915956691515797,1786399841.2876885
1,3763,0.5096315741539001,0.3913563829787234,1786399841.3779583
1,3764,0.5543672442436218,0.39151611760538435,1786399841.4696615
1,3765,0.6435931921005249,0.39149858457183295,1786399841.5614662
1,3766,0.42412883043289185,0.39152527394839165,1786399841.659372
1,3767,0.5824242234230042,0.3913753531073446,1786399841.7607315
1,3768,0.386700838804245,0.39149029982363315,1786399841.8522615
1,3769,0.3547617793083191,0.39169309372797745,1786399841.9418602
1,3770,0.6839810609817505,0.39171946497712073,1786399842.0422726
1,3771,0.4435705542564392,0.3918776371308017,1786399842.1334543
1,3772,0.40687325596809387,0.39199157007376184,1786399842.223805
1,3773,0.3554551601409912,0.39223684210526316,1786399842.32294
1,3774,0.5660272836685181,0.39248159831756047,1786399842.4173858
1,3775,0.5862612128257751,0.39237570028011204,1786399842.5191798
1,3776,0.4667664170265198,0.3923574676460301,1786399842.6088138
1,3777,0.5714534521102905,0.39212089447938503,1786399842.700048
1,3778,0.5610052347183228,0.39219022687609073,1786399842.7950282
1,3779,0.43222445249557495,0.3922594142259414,1786399842.890076
1,3780,0.5090526342391968,0.3920236851271334,1786399842.9939122
1,3781,0.3284967243671417,0.39213639526791927,1786399843.087977
1,3782,0.44727954268455505,0.39211852624261384,1786399843.1797907
1,3783,0.570002555847168,0.3921440972222222,1786399843.2770948
1,3784,0.41019630432128906,0.3922996878251821,1786399843.366121
1,3785,0.5163484215736389,0.39245495495495497,1786399843.4603665
1,3786,0.4607582986354828,0.3926098996192454,1786399843.5481591
1,3787,0.5849008560180664,0.3924619640387275,1786399843.6378849
1,3788,0.5658705830574036,0.392573402417962,1786399843.726605
1,3789,0.3682178258895874,0.3927277432712215,1786399843.815546
1,3790,0.6367243528366089,0.3928386763185109,1786399843.904087
1,3791,0.5049055218696594,0.3930354683195592,1786399843.9915504
1,3792,0.6250197887420654,0.3928018575851393,1786399844.0811582
1,3793,0.6376127004623413,0.3929123711340206,1786399844.1706998
1,3794,0.5165174007415771,0.3928081016134569,1786399844.2581632
1,3795,0.45337313413619995,0.39287551440329216,1786399844.3471146
1,3796,0.3861718475818634,0.3930712572798904,1786399844.434979
1,3797,0.5226640105247498,0.3929243668720055,1786399844.5226312
1,3798,0.6043938398361206,0.3928632478632479,1786399844.6110494
1,3799,0.4913596510887146,0.39280225409836067,1786399844.698436
1,3800,0.45271456241607666,0.39274138519276697,1786399844.789108
1,3801,0.45574426651000977,0.39246762099522836,1786399844.8777633
1,3802,0.7265899777412415,0.3924923391215526,1786399844.966215
1,3803,0.526776909828186,0.3925595238095238,1786399845.0549579
1,3804,0.5203515291213989,0.39258409785932724,1786399845.142698
1,3805,0.5138641595840454,0.39269348268839105,1786399845.230333
1,3806,0.7774080634117126,0.39254832146490337,1786399845.3198066
2,3807,0.5547131299972534,0.5833333333333334,1786399851.4750812
2,3808,0.5081219673156738,0.5208333333333334,1786399851.583921
2,3809,0.5489177703857422,0.5277777777777778,1786399851.6883237
2,3810,0.712677538394928,0.4791666666666667,1786399851.7936504
2,3811,0.43325409293174744,0.44166666666666665,1786399851.9327025
2,3812,0.4106895625591278,0.4375,1786399852.0407984
2,3813,0.48806631565093994,0.44047619047619047,1786399852.13432
2,3814,0.5297118425369263,0.4010416666666667,1786399852.2282445
2,3815,0.41726920008659363,0.3888888888888889,1786399852.3304622
2,3816,0.40647566318511963,0.36666666666666664,1786399852.4258585
2,3817,0.49825650453567505,0.35984848484848486,1786399852.5199754
2,3818,0.45683449506759644,0.3645833333333333,1786399852.610409
2,3819,0.5255338549613953,0.3814102564102564,1786399852.707094
2,3820,0.5268062353134155,0.37797619047619047,1786399852.7977805
2,3821,0.5298018455505371,0.38333333333333336,1786399852.8869007
2,3822,0.3811458349227905,0.4010416666666667,1786399852.976929
2,3823,0.565068244934082,0.39705882352941174,1786399853.0670164
2,3824,0.49688440561294556,0.3958333333333333,1786399853.1647577
2,3825,0.6135094165802002,0.3815789473684211,1786399853.2548437
2,3826,0.35909003019332886,0.39375,1786399853.3450696
2,3827,0.5321851968765259,0.3968253968253968,1786399853.4381497
2,3828,0.5218124985694885,0.4053030303030303,1786399853.5270472
2,3829,0.44218164682388306,0.40942028985507245,1786399853.619032
2,3830,0.5713470578193665,0.4010416666666667,1786399853.7192771
2,3831,0.4285566806793213,0.4033333333333333,1786399853.81679
2,3832,0.5613746047019958,0.40544871794871795,1786399853.9085836
2,3833,0.588678240776062,0.404320987654321,1786399853.9998715
2,3834,0.4401471018791199,0.40922619047619047,1786399854.0894175
2,3835,0.6280311346054077,0.4109195402298851,1786399854.1886928
2,3836,0.4124714732170105,0.4125,1786399854.2870958
2,3837,0.5229365229606628,0.40860215053763443,1786399854.3782487
2,3838,0.4537108540534973,0.4088541666666667,1786399854.4669554
2,3839,0.5486582517623901,0.4154040404040404,1786399854.5573423
2,3840,0.4061964750289917,0.4178921568627451,1786399854.6469479
2,3841,0.5823808908462524,0.41904761904761906,1786399854.7362645
2,3842,0.6092000603675842,0.4166666666666667,1786399854.828863
2,3843,0.6508049964904785,0.4099099099099099,1786399854.9250493
2,3844,0.4696185886859894,0.40131578947368424,1786399855.014099
2,3845,0.5658915638923645,0.3995726495726496,1786399855.105036
2,3846,0.5999560356140137,0.4010416666666667,1786399855.1957583
2,3847,0.6013409495353699,0.3953252032520325,1786399855.2885127
2,3848,0.5778380036354065,0.39384920634920634,1786399855.3827827
2,3849,0.3640413284301758,0.38856589147286824,1786399855.4733694
2,3850,0.6053471565246582,0.38636363636363635,1786399855.56315
2,3851,0.5527387857437134,0.38796296296296295,1786399855.6627853
2,3852,0.4917888343334198,0.3903985507246377,1786399855.7615154
2,3853,0.3916616439819336,0.3900709219858156,1786399855.8581095
2,3854,0.3559015393257141,0.3880208333333333,1786399855.9487138
2,3855,0.5025736689567566,0.38945578231292516,1786399856.0385985
2,3856,0.4344644546508789,0.3925,1786399856.1294117
2,3857,0.5168577432632446,0.3954248366013072,1786399856.2186813
2,3858,0.5666582584381104,0.39663461538461536,1786399856.320808
2,3859,0.5085930228233337,0.39937106918238996,1786399856.4237297
2,3860,0.5772390365600586,0.39814814814814814,1786399856.5123048
2,3861,0.6152734756469727,0.3977272727272727,1786399856.6007662
2,3862,0.37402188777923584,0.39360119047619047,1786399856.6897879
2,3863,0.5187565684318542,0.39400584795321636,1786399856.782929
2,3864,0.5603818893432617,0.3900862068965517,1786399856.8718517
2,3865,0.5245441198348999,0.394774011299435,1786399856.9613168
2,3866,0.4912286102771759,0.39305555555555555,1786399857.0588832
2,3867,0.5602262020111084,0.3941256830601093,1786399857.1483912
2,3868,0.4556099474430084,0.3971774193548387,1786399857.244566
2,3869,0.3900017738342285,0.4001322751322751,1786399857.33328
2,3870,0.4582155644893646,0.3958333333333333,1786399857.4313195
2,3871,0.5757983922958374,0.3974358974358974,1786399857.520972
2,3872,0.5830493569374084,0.3926767676767677,1786399857.6205816
2,3873,0.410359650850296,0.39427860696517414,1786399857.7091668
2,3874,0.3746759593486786,0.3958333333333333,1786399857.8000169
2,3875,0.5057060718536377,0.3973429951690821,1786399857.8935125
2,3876,0.3847297430038452,0.39880952380952384,1786399857.9822366
2,3877,0.5509129762649536,0.3996478873239437,1786399858.071847
2,3878,0.5411693453788757,0.39872685185185186,1786399858.168951
2,3879,0.5014218091964722,0.4006849315068493,1786399858.26921
2,3880,0.5049329996109009,0.3975225225225225,1786399858.3609397
2,3881,0.6695544123649597,0.39555555555555555,1786399858.4607697
2,3882,0.48012402653694153,0.39418859649122806,1786399858.5488508
2,3883,0.416973352432251,0.39556277056277056,1786399858.6474411
2,3884,0.6282334327697754,0.39636752136752135,1786399858.7369645
2,3885,0.43461981415748596,0.395042194092827,1786399858.8276668
2,3886,0.47313612699508667,0.3932291666666667,1786399858.9205544
2,3887,0.5147897005081177,0.39094650205761317,1786399859.009834
2,3888,0.5544665455818176,0.38973577235772355,1786399859.1009824
2,3889,0.3727099299430847,0.39006024096385544,1786399859.1902108
2,3890,0.4564681351184845,0.39087301587301587,1786399859.2832692
2,3891,0.36548441648483276,0.3911764705882353,1786399859.3724327
2,3892,0.4811054468154907,0.39341085271317827,1786399859.4674046
2,3893,0.44702649116516113,0.39176245210727967,1786399859.5616128
2,3894,0.4753982722759247,0.3915719696969697,1786399859.6599586
2,3895,0.6583288908004761,0.39185393258426965,1786399859.7611783
2,3896,0.6835458874702454,0.3907407407407407,1786399859.8551557
2,3897,0.4874783158302307,0.3914835164835165,1786399859.9454005
2,3898,0.559699296951294,0.3908514492753623,1786399860.0356977
2,3899,0.3957051634788513,0.39157706093189965,1786399860.1305046
2,3900,0.45227906107902527,0.39140070921985815,1786399860.2287438
2,3901,0.5840562582015991,0.38859649122807016,1786399860.3194084
2,3902,0.44748204946517944,0.3888888888888889,1786399860.409208
2,3903,0.4692397713661194,0.38831615120274915,1786399860.5082633
2,3904,0.3821011483669281,0.3903061224489796,1786399860.602585
2,3905,0.5396731495857239,0.38930976430976433,1786399860.700665
2,3906,0.5525276064872742,0.3883333333333333,1786399860.7904696
2,3907,0.5031699538230896,0.389026402640264,1786399860.8874593
2,3908,0.5156046748161316,0.38766339869281047,1786399860.977537
2,3909,0.4080466032028198,0.38915857605177995,1786399861.0717351
2,3910,0.48534807562828064,0.38982371794871795,1786399861.161725
2,3911,0.44170695543289185,0.3904761904761905,1786399861.257433
2,3912,0.5539710521697998,0.3895440251572327,1786399861.3481128
2,3913,0.3958719074726105,0.39135514018691586,1786399861.4389358
2,3914,0.4906178414821625,0.39351851851851855,1786399861.528394
2,3915,0.5165265798568726,0.39258409785932724,1786399861.6290076
2,3916,0.6070479154586792,0.39431818181818185,1786399861.7271543
2,3917,0.5445178747177124,0.3945195195195195,1786399861.8158393
2,3918,0.413968950510025,0.39657738095238093,1786399861.9054484
2,3919,0.38132452964782715,0.3978613569321534,1786399861.9960742
2,3920,0.6120750904083252,0.39510233918128657,1786399862.0871465
2,3921,0.4472346007823944,0.39710144927536234,1786399862.186906
2,3922,0.5737067461013794,0.3983477011494253,1786399862.2766182
2,3923,0.5410058498382568,0.39850427350427353,1786399862.3667173
2,3924,0.5783683061599731,0.3983050847457627,1786399862.4647198
2,3925,0.5639219284057617,0.39950980392156865,1786399862.558313
2,3926,0.4939354658126831,0.39895833333333336,1786399862.651437
2,3927,0.44584381580352783,0.39979338842975204,1786399862.740648
2,3928,0.6565608382225037,0.39924863387978143,1786399862.8303082
2,3929,0.4405268728733063,0.4000677506775068,1786399862.9205742
2,3930,0.3837457001209259,0.40053763440860213,1786399863.0111818
2,3931,0.5967761874198914,0.3993333333333333,1786399863.1065266
2,3932,0.424613356590271,0.4001322751322751,1786399863.2061942
2,3933,0.37630558013916016,0.3986220472440945,1786399863.3045344
2,3934,0.4516850709915161,0.4000651041666667,1786399863.3956282
2,3935,0.46239572763442993,0.3995478036175711,1786399863.4828656
2,3936,0.5300928950309753,0.39871794871794874,1786399863.5731924
2,3937,0.397844523191452,0.40012722646310434,1786399863.6632426
2,3938,0.643011212348938,0.3999368686868687,1786399863.765759
2,3939,0.7326346635818481,0.3991228070175439,1786399863.8620737
2,3940,0.5530586242675781,0.3995646766169154,1786399863.9512243
2,3941,0.48749592900276184,0.39814814814814814,1786399864.0470204
2,3942,0.4684143364429474,0.39767156862745096,1786399864.1385677
2,3943,0.49818140268325806,0.39720194647201945,1786399864.2365465
2,3944,0.4645421504974365,0.3976449275362319,1786399864.3274531
2,3945,0.43715038895606995,0.39898081534772184,1786399864.4185593
2,3946,0.4814884662628174,0.39940476190476193,1786399864.5186126
2,3947,0.36636674404144287,0.40041371158392436,1786399864.6095755
2,3948,0.6290653944015503,0.4005281690140845,1786399864.7043123
2,3949,0.44833871722221375,0.40034965034965037,1786399864.7987823
2,3950,0.45630505681037903,0.4007523148148148,1786399864.9009924
2,3951,0.42513346672058105,0.4020114942528736,1786399864.998139
2,3952,0.3671035170555115,0.4029680365296804,1786399865.087665
2,3953,0.5415998101234436,0.40476190476190477,1786399865.1856172
2,3954,0.37086308002471924,0.4034346846846847,1786399865.2754066
2,3955,0.5795016288757324,0.40268456375838924,1786399865.3745387
2,3956,0.3803214430809021,0.4033333333333333,1786399865.4721014
2,3957,0.4761318862438202,0.40176600441501104,1786399865.57268
2,3958,0.3912828862667084,0.40268640350877194,1786399865.6610243
2,3959,0.8872910737991333,0.4014161220043573,1786399865.7530358
2,3960,0.469427227973938,0.4017857142857143,1786399865.8429635
2,3961,0.5558373928070068,0.4021505376344086,1786399865.9330251
2,3962,0.5087394714355469,0.4027777777777778,1786399866.032741
2,3963,0.4662735164165497,0.4031316348195329,1786399866.1229744
2,3964,0.4476761817932129,0.4026898734177215,1786399866.2124834
2,3965,0.5138324499130249,0.4030398322851153,1786399866.3083906
2,3966,0.35731571912765503,0.4046875,1786399866.397943
2,3967,0.40673771500587463,0.4055383022774327,1786399866.4926133
2,3968,0.3752710521221161,0.4061213991769547,1786399866.580884
2,3969,0.42200610041618347,0.40644171779141103,1786399866.6807024
2,3970,0.5716150403022766,0.40472560975609756,1786399866.771497
2,3971,0.447210431098938,0.40555555555555556,1786399866.8632724
2,3972,0.4115805923938751,0.40436746987951805,1786399866.9574828
2,3973,0.7311789393424988,0.40394211576846306,1786399867.0464134
2,3974,0.5913596749305725,0.40401785714285715,1786399867.1357641
2,3975,0.5224180817604065,0.40409270216962523,1786399867.2334876
2,3976,0.4574081301689148,0.403921568627451,1786399867.3232782
2,3977,0.5207992792129517,0.4039961013645224,1786399867.41931
2,3978,0.4141485095024109,0.404796511627907,1786399867.508584
2,3979,0.45711731910705566,0.4051059730250482,1786399867.605267
2,3980,0.41512393951416016,0.40589080459770116,1786399867.695364
2,3981,0.4427996873855591,0.4064285714285714,1786399867.7866933
2,3982,0.5327048897743225,0.4053030303030303,1786399867.8778887
2,3983,0.41300201416015625,0.4058380414312618,1786399867.9684944
2,3984,0.45744532346725464,0.4058988764044944,1786399868.0636806
2,3985,0.35252636671066284,0.40502793296089384,1786399868.1662822
2,3986,0.5046266317367554,0.4046296296296296,1786399868.2560582
2,3987,0.44313621520996094,0.40492633517495397,1786399868.351454
2,3988,0.5481739044189453,0.4052197802197802,1786399868.4439094
2,3989,0.7132106423377991,0.4057377049180328,1786399868.532404
2,3990,0.49916067719459534,0.40443840579710144,1786399868.6329303
2,3991,0.5207525491714478,0.40427927927927926,1786399868.7226117
2,3992,0.46063801646232605,0.40456989247311825,1786399868.8120384
2,3993,0.45724964141845703,0.4048573975044563,1786399868.910523
2,3994,0.5132712721824646,0.4051418439716312,1786399869.0048525
2,3995,0.669901967048645,0.40498236331569665,1786399869.105355
2,3996,0.7158269882202148,0.4043859649122807,1786399869.1967402
2,3997,0.3435859978199005,0.406195462478185,1786399869.2898724
2,3998,0.4422123432159424,0.4069010416666667,1786399869.3807323
2,3999,0.6259114146232605,0.4067357512953368,1786399869.4739046
2,4000,0.3858489394187927,0.40786082474226804,1786399869.56297
2,4001,0.4033036231994629,0.40897435897435896,1786399869.6526713
2,4002,0.3647145926952362,0.40816326530612246,1786399869.7435644
2,4003,0.6119488477706909,0.4067258883248731,1786399869.8408756
2,4004,0.4661800265312195,0.406986531986532,1786399869.9300077
2,4005,0.6319205164909363,0.40682579564489113,1786399870.0196671
2,4006,0.459262490272522,0.40708333333333335,1786399870.1079533
2,4007,0.46887946128845215,0.40733830845771146,1786399870.2063975
2,4008,0.3994247317314148,0.4073844884488449,1786399870.2977777
2,4009,0.4417370557785034,0.40763546798029554,1786399870.385902
2,4010,0.5726699233055115,0.40665849673202614,1786399870.4851596
2,4011,0.5710153579711914,0.4071138211382114,1786399870.573646
2,4012,0.45709383487701416,0.40736245954692557,1786399870.6654043
2,4013,0.5579002499580383,0.40680354267310787,1786399870.762361
2,4014,0.4486332833766937,0.40685096153846156,1786399870.8562317
2,4015,0.49007466435432434,0.4057017543859649,1786399870.9538424
2,4016,0.45622310042381287,0.40535714285714286,1786399871.0451052
2,4017,0.6468546986579895,0.4048183254344392,1786399871.1407106
2,4018,0.576214075088501,0.404874213836478,1786399871.236205
2,4019,0.35012176632881165,0.4059076682316119,1786399871.3279386
2,4020,0.5039228796958923,0.4061526479750779,1786399871.417725
2,4021,0.5254977345466614,0.4062015503875969,1786399871.5130115
2,4022,0.771868109703064,0.4064429012345679,1786399871.6131604
2,4023,0.6704971790313721,0.4062980030721966,1786399871.710937
2,4024,0.4095766842365265,0.40672782874617736,1786399871.8014553
2,4025,0.407876193523407,0.4067732115677321,1786399871.8900938
2,4026,0.6322674751281738,0.40738636363636366,1786399871.9801438
2,4027,0.4714593291282654,0.4072398190045249,1786399872.074237
2,4028,0.6360142827033997,0.40746996996997,1786399872.1718905
2,4029,0.5013538002967834,0.40657698056801195,1786399872.2710855
2,4030,0.3883628249168396,0.40736607142857145,1786399872.362962
2,4031,0.38825732469558716,0.4083333333333333,1786399872.456082
2,4032,0.40153777599334717,0.40800147492625366,1786399872.5447314
2,4033,0.4968637228012085,0.40859030837004406,1786399872.6363046
2,4034,0.5134296417236328,0.40734649122807015,1786399872.7260978
2,4035,0.40463289618492126,0.40829694323144106,1786399872.818125
2,4036,0.5719841718673706,0.40869565217391307,1786399872.9089587
2,4037,0.6747450828552246,0.408008658008658,1786399872.9992833
2,4038,0.5223042368888855,0.40858477011494254,1786399873.098175
2,4039,0.5209611654281616,0.40879828326180256,1786399873.187481
2,4040,0.453430712223053,0.4093660968660969,1786399873.2766604
2,4041,0.43775099515914917,0.4095744680851064,1786399873.366017
2,4042,0.3819313943386078,0.4101341807909605,1786399873.465648
2,4043,0.4572778046131134,0.409634317862166,1786399873.5569496
2,4044,0.5824365019798279,0.40896358543417366,1786399873.6461608
2,4045,0.5180036425590515,0.40917015341701535,1786399873.7454484
2,4046,0.47082000970840454,0.4097222222222222,1786399873.834028
2,4047,0.36180379986763,0.41026970954356845,1786399873.931929
2,4048,0.5150824189186096,0.41012396694214875,1786399874.0239685
2,4049,0.44809776544570923,0.41032235939643347,1786399874.11381
2,4050,0.5387896299362183,0.4101775956284153,1786399874.208413
2,4051,0.46365806460380554,0.41003401360544217,1786399874.301556
2,4052,0.42012572288513184,0.41073848238482386,1786399874.3910537
2,4053,0.42063575983047485,0.41143724696356276,1786399874.4821877
2,4054,0.5766269564628601,0.411122311827957,1786399874.5784574
2,4055,0.7141889333724976,0.40997322623828647,1786399874.6677325
2,4056,0.3932940661907196,0.4103333333333333,1786399874.7574093
2,4057,0.448942631483078,0.4103585657370518,1786399874.849827
2,4058,0.43030691146850586,0.4105489417989418,1786399874.9452763
2,4059,0.3180996775627136,0.4113965744400527,1786399875.0449407
2,4060,0.6556823253631592,0.41141732283464566,1786399875.1352832
2,4061,0.47508758306503296,0.4111111111111111,1786399875.2256591
2,4062,0.6077160835266113,0.4109700520833333,1786399875.3152313
2,4063,0.6112924218177795,0.41147859922178986,1786399875.4068384
2,4064,0.4021328091621399,0.4106912144702842,1786399875.4987333
2,4065,0.5435391664505005,0.4107142857142857,1786399875.5999079
2,4066,0.41167816519737244,0.41025641025641024,1786399875.6909182
2,4067,0.4487590789794922,0.4099616858237548,1786399875.795846
2,4068,0.5705976486206055,0.4104643765903308,1786399875.8842099
2,4069,0.3584080636501312,0.4103295310519645,1786399875.9734294
2,4070,0.4540141820907593,0.40940656565656564,1786399876.063512
2,4071,0.4381831884384155,0.4092767295597484,1786399876.1608753
2,4072,0.6775761842727661,0.40899122807017546,1786399876.260973
2,4073,0.8180310726165771,0.40823970037453183,1786399876.3600206
2,4074,0.5081483721733093,0.40733830845771146,1786399876.4597087
2,4075,0.3055037260055542,0.4083023543990087,1786399876.551252
2,4076,0.4451058804988861,0.4083333333333333,1786399876.6417532
2,4077,0.5332232117652893,0.40744157441574413,1786399876.731666
2,4078,0.5060820579528809,0.40670955882352944,1786399876.8225877
2,4079,0.5726787447929382,0.40644078144078144,1786399876.91997
2,4080,0.3254079818725586,0.4057177615571776,1786399877.0096679
2,4081,0.45974066853523254,0.40454545454545454,1786399877.1107001
2,4082,0.5665338635444641,0.4047403381642512,1786399877.2061858
2,4083,0.5299041271209717,0.404482551143201,1786399877.2979698
2,4084,0.3474721908569336,0.40497601918465226,1786399877.3982346
2,4085,0.4165501296520233,0.404868578255675,1786399877.4878635
2,4086,0.48533201217651367,0.40520833333333334,1786399877.5805507
2,4087,0.5070421695709229,0.40584223013048637,1786399877.6704345
2,4088,0.3497943580150604,0.40602836879432624,1786399877.7647343
2,4089,0.49751102924346924,0.40650765606595995,1786399877.8549984
2,4090,0.609515905380249,0.4068368544600939,1786399877.9538457
2,4091,0.5973930954933167,0.4071637426900585,1786399878.044884
2,4092,0.8223626017570496,0.40734265734265734,1786399878.1338594
2,4093,0.4295046031475067,0.40752032520325204,1786399878.2223713
2,4094,0.43955180048942566,0.40653935185185186,1786399878.3131669
2,4095,0.4370483458042145,0.40643021914648214,1786399878.4037924
2,4096,0.5492211580276489,0.40660919540229884,1786399878.4940467
2,4097,0.30811160802841187,0.4072164948453608,1786399878.5837045
2,4098,0.5847960710525513,0.4059646118721461,1786399878.6741016
2,4099,0.5728747248649597,0.4054323094425484,1786399878.7646832
2,4100,0.42736613750457764,0.40575396825396826,1786399878.8600655
2,4101,0.4612632393836975,0.405225988700565,1786399878.9506607
2,4102,0.6637802124023438,0.4049831081081081,1786399879.0427523
2,4103,0.6307218074798584,0.4046015712682379,1786399879.13704
2,4104,0.47975605726242065,0.4042225950782998,1786399879.236839
2,4105,0.3688311278820038,0.4048216276477146,1786399879.3401222
2,4106,0.4886784553527832,0.40444444444444444,1786399879.43043
2,4107,0.43021073937416077,0.40476190476190477,1786399879.520332
2,4108,0.5329684615135193,0.40507726269315675,1786399879.6095357
2,4109,0.3778373599052429,0.40566556655665564,1786399879.6991477
2,4110,0.31442296504974365,0.40597587719298245,1786399879.790359
2,4111,0.6241753697395325,0.40587431693989073,1786399879.8805006
2,4112,0.3734641373157501,0.4053649237472767,1786399879.9695609
2,4113,0.4745888113975525,0.40499457111834963,1786399880.0604434
2,4114,0.35744285583496094,0.40489718614718617,1786399880.1497245
2,4115,0.4748374819755554,0.40507011866235165,1786399880.2504923
2,4116,0.40050065517425537,0.40483870967741936,1786399880.3405945
2,4117,0.579978883266449,0.405010718113612,1786399880.4317029
2,4118,0.5946126580238342,0.4047809829059829,1786399880.52095
2,4119,0.5623658299446106,0.4040202342917998,1786399880.6101952
2,4120,0.4251556396484375,0.403927813163482,1786399880.708907
2,4121,0.3219425082206726,0.40436507936507937,1786399880.8014376
2,4122,0.5981465578079224,0.4044040084388186,1786399880.892579
2,4123,0.37707698345184326,0.40496845425867506,1786399880.981761
2,4124,0.38968604803085327,0.4042190775681342,1786399881.0717707
2,4125,0.5897507071495056,0.40425809822361547,1786399881.1717036
2,4126,0.4939008355140686,0.4036458333333333,1786399881.2632747
2,4127,0.5322742462158203,0.4035565939771547,1786399881.3539686
2,4128,0.4445127248764038,0.40398550724637683,1786399881.4439113
2,4129,0.3774750828742981,0.40415376676986586,1786399881.5334437
2,4130,0.33838793635368347,0.4045781893004115,1786399881.6227193
2,4131,0.3900902271270752,0.4046153846153846,1786399881.7121408
2,4132,0.38679271936416626,0.40580265848670755,1786399881.810826
2,4133,0.5812665224075317,0.4053261977573904,1786399881.9075325
2,4134,0.4218441843986511,0.40472560975609756,1786399881.9967353
2,4135,0.4499382972717285,0.4055217831813577,1786399882.084869
2,4136,0.4761165976524353,0.4054292929292929,1786399882.1806257
2,4137,0.4806240200996399,0.4059667673716012,1786399882.2693155
2,4138,0.4806634187698364,0.40612449799196787,1786399882.3678086
2,4139,0.5376229286193848,0.4064064064064064,1786399882.4569237
2,4140,0.5679590106010437,0.40581337325349304,1786399882.5462484
2,4141,0.41352182626724243,0.4048507462686567,1786399882.6361976
2,4142,0.5731460452079773,0.4048859126984127,1786399882.7255995
2,4143,0.5868914127349854,0.404055390702275,1786399882.8160574
2,4144,0.48287907242774963,0.40335305719921105,1786399882.906353
2,4145,0.5355428457260132,0.4032694198623402,1786399882.9958873
2,4146,0.37852418422698975,0.4036764705882353,1786399883.0857494
2,4147,0.6041017770767212,0.40371456500488756,1786399883.1753356
2,4148,0.31706029176712036,0.4037524366471735,1786399883.2642014
2,4149,0.6660556197166443,0.4040330417881438,1786399883.353817
2,4150,0.39627379179000854,0.404796511627907,1786399883.4432287
2,4151,0.6007553339004517,0.40446859903381643,1786399883.532523
2,4152,0.48354655504226685,0.4045038535645472,1786399883.6217465
2,4153,0.44704708456993103,0.40393852065321806,1786399883.7110155
2,4154,0.4190128445625305,0.4039750957854406,1786399883.800662
2,4155,0.36096230149269104,0.4036532951289398,1786399883.8916628
2,4156,0.552578330039978,0.4033333333333333,1786399883.9950898
2,4157,0.4443371891975403,0.40325261158594494,1786399884.0855215
2,4158,0.5921606421470642,0.4031723484848485,1786399884.1760688
2,4159,0.5909615755081177,0.4035646836638338,1786399884.2741637
2,4160,0.5145363211631775,0.4041902071563089,1786399884.3705888
2,4161,0.8004583716392517,0.4039906103286385,1786399884.4661384
2,4162,0.4461582601070404,0.4035580524344569,1786399884.5660522
2,4163,0.5865793228149414,0.40336134453781514,1786399884.6547494
2,4164,0.4762800633907318,0.4036312849162011,1786399884.7433023
2,4165,0.4487055242061615,0.40401578458681525,1786399884.8428419
2,4166,0.6093186140060425,0.4039351851851852,1786399884.9414425
2,4167,0.513158917427063,0.4039704524469067,1786399885.0307255
2,4168,0.6361445188522339,0.40343001841620624,1786399885.1394544
2,4169,0.43189114332199097,0.40392561983471076,1786399885.229034
2,4170,0.5064204931259155,0.4039606227106227,1786399885.3190663
2,4171,0.4980231523513794,0.4037671232876712,1786399885.4105413
2,4172,0.4886631369590759,0.4030054644808743,1786399885.4994197
2,4173,0.5570029616355896,0.4029291553133515,1786399885.5996597
2,4174,0.5184917449951172,0.4020606884057971,1786399885.7008638
2,4175,0.41777271032333374,0.40232610659439927,1786399885.7919738
2,4176,0.5073366165161133,0.4025900900900901,1786399885.8811986
2,4177,0.5883917808532715,0.40206648697214736,1786399885.9732304
2,4178,0.42316755652427673,0.40232974910394265,1786399886.0668094
2,4179,0.4112771153450012,0.40270330652368186,1786399886.1648242
2,4180,0.3949050009250641,0.40307486631016043,1786399886.2561007
2,4181,0.5997099280357361,0.40344444444444444,1786399886.3462462
2,4182,0.655308187007904,0.4033687943262411,1786399886.4439723
2,4183,0.35795658826828003,0.40329354553492486,1786399886.5329432
2,4184,0.5526646375656128,0.4027777777777778,1786399886.623787
2,4185,0.3305286467075348,0.4023746701846966,1786399886.7131343
2,4186,0.4047050476074219,0.4027412280701754,1786399886.8022702
2,4187,0.5557085275650024,0.402668416447944,1786399886.8939028
2,4188,0.6641602516174316,0.4024869109947644,1786399886.9949152
2,4189,0.4944458603858948,0.40263272410791995,1786399887.0832038
2,4190,0.420553982257843,0.4025607638888889,1786399887.1716204
2,4191,0.3711685240268707,0.4025974025974026,1786399887.2625585
2,4192,0.5000975131988525,0.40306563039723664,1786399887.351587
2,4193,0.3603246212005615,0.40353143841515937,1786399887.4480062
2,4194,0.6248098611831665,0.4028135738831615,1786399887.5374298
2,4195,0.6062670946121216,0.4028491859468723,1786399887.6389506
2,4196,0.4149715006351471,0.40341880341880343,1786399887.7340672
2,4197,0.36634790897369385,0.4027067348678602,1786399887.83326
2,4198,0.5608515739440918,0.4028486394557823,1786399887.9227638
2,4199,0.4760008454322815,0.4025657336726039,1786399888.0210128
2,4200,0.5718748569488525,0.40313028764805414,1786399888.1099148
2,4201,0.49462080001831055,0.4035864978902954,1786399888.2157557
2,4202,0.37129971385002136,0.40404040404040403,1786399888.3053968
2,4203,0.4523821473121643,0.4041771620486986,1786399888.4032834
2,4204,0.4824209213256836,0.4044179229480737,1786399888.4956145
2,4205,0.48070135712623596,0.40476190476190477,1786399888.5827947
2,4206,0.48954129219055176,0.40520833333333334,1786399888.6727703
2,4207,0.491527259349823,0.4047173732335827,1786399888.7625847
2,4208,0.6038105487823486,0.4046434494195688,1786399888.8525622
2,4209,0.6083011031150818,0.4044665012406948,1786399888.9532075
2,4210,0.5520850419998169,0.40459983498349833,1786399889.0424616
2,4211,0.4387596845626831,0.404320987654321,1786399889.141043
2,4212,0.48808446526527405,0.4038382594417077,1786399889.231962
2,4213,0.5027334690093994,0.4038697788697789,1786399889.3220048
2,4214,0.41072115302085876,0.40328839869281047,1786399889.4133892
2,4215,0.4413205087184906,0.40383048084759576,1786399889.5075932
2,4216,0.5924461483955383,0.4040650406504065,1786399889.6007233
2,4217,0.5327020883560181,0.40369018653690186,1786399889.691234
2,4218,0.4700137972831726,0.40422734627831713,1786399889.790326
2,4219,0.37916845083236694,0.4050645682001614,1786399889.8916805
2,4220,0.5218526721000671,0.40479066022544286,1786399889.9808078
2,4221,0.537368655204773,0.40451807228915665,1786399890.0789807
2,4222,0.44496268033981323,0.40444711538461536,1786399890.1682384
2,4223,0.40648308396339417,0.4044764188649081,1786399890.2576563
2,4224,0.37383127212524414,0.4047049441786284,1786399890.349608
2,4225,0.5989785194396973,0.4049323786793954,1786399890.4414055
2,4226,0.48355135321617126,0.40515873015873016,1786399890.5306997
2,4227,0.43896961212158203,0.40577988915281077,1786399890.6307425
2,4228,0.4074823260307312,0.40550947867298576,1786399890.7293727
2,4229,0.5147826075553894,0.40592986603624903,1786399890.8299298
2,4230,0.8204680681228638,0.4059551886792453,1786399890.9208322
2,4231,0.5330411195755005,0.4054901960784314,1786399891.017368
2,4232,0.6012558937072754,0.405027386541471,1786399891.107037
2,4233,0.5679476261138916,0.40456674473067916,1786399891.2041728
2,4234,0.41343146562576294,0.404595015576324,1786399891.2954142
2,4235,0.5350416898727417,0.4039432789432789,1786399891.394845
2,4236,0.414862722158432,0.40406976744186046,1786399891.4847453
2,4237,0.46750563383102417,0.40467904098994584,1786399891.574331
2,4238,0.4830625355243683,0.40499614197530864,1786399891.662995
2,4239,0.6483013033866882,0.40454195535026943,1786399891.7530541
2,4240,0.39448806643486023,0.40428187403993854,1786399891.844555
2,4241,0.3672739267349243,0.4046934865900383,1786399891.9345305
2,4242,0.41332727670669556,0.4047209480122324,1786399892.0254195
2,4243,0.5147367715835571,0.4051296720061022,1786399892.1143575
2,4244,0.5953575372695923,0.4052511415525114,1786399892.2038565
2,4245,0.4789853096008301,0.40537205770690965,1786399892.297603
2,4246,0.7461000680923462,0.40520833333333334,1786399892.3964288
2,4247,0.45506569743156433,0.4051398337112623,1786399892.4882197
2,4248,0.45260605216026306,0.4051659125188537,1786399892.5786998
2,4249,0.4628826379776001,0.404627539503386,1786399892.6691363
2,4250,0.6118978261947632,0.40427927927927926,1786399892.7661605
2,4251,0.5156603455543518,0.40383895131086145,1786399892.8620307
2,4252,0.37111520767211914,0.40424140508221224,1786399892.9505913
2,4253,0.5260571241378784,0.4039895600298285,1786399893.040191
2,4254,0.3977459967136383,0.4041108630952381,1786399893.1310966
2,4255,0.43910717964172363,0.40358203414996285,1786399893.2209055
2,4256,0.4671059846878052,0.40296296296296297,1786399893.3125741
2,4257,0.6719382405281067,0.40225424981522545,1786399893.4021983
2,4258,0.6485899686813354,0.40219395280235987,1786399893.4914742
2,4259,0.3314353823661804,0.40259381898454744,1786399893.5895386
2,4260,0.6063973903656006,0.4024412628487518,1786399893.6806085
2,4261,0.667654275894165,0.40274725274725276,1786399893.7804756
2,4262,0.4916350543498993,0.40305190058479534,1786399893.8774717
2,4263,0.34310436248779297,0.40344638949671774,1786399893.9665062
2,4264,0.5058106780052185,0.4034752547307133,1786399894.0554242
2,4265,0.3466678261756897,0.4038671023965142,1786399894.1504226
2,4266,0.386349081993103,0.4041666666666667,1786399894.239431
2,4267,0.5015903115272522,0.40428416485900215,1786399894.3312402
2,4268,0.4647381901741028,0.40404040404040403,1786399894.4209316
2,4269,0.6044405102729797,0.4035277177825774,1786399894.5092983
2,4270,0.41056570410728455,0.4036458333333333,1786399894.6044493
2,4271,0.5300816297531128,0.403584229390681,1786399894.7055442
2,4272,0.38257139921188354,0.40379113018597995,1786399894.8057523
2,4273,0.4670068919658661,0.4040863668807994,1786399894.9033525
2,4274,0.3847138285636902,0.4042022792022792,1786399894.9918416
2,4275,0.5247830748558044,0.40422885572139305,1786399895.0808861
2,4276,0.46930158138275146,0.40407801418439715,1786399895.1711857
2,4277,0.47691911458969116,0.40445859872611467,1786399895.2605655
2,4278,0.7486622333526611,0.4042196327683616,1786399895.3573842
2,4279,0.4661833941936493,0.40415785764622975,1786399895.4506652
2,4280,0.46914276480674744,0.40427215189873417,1786399895.550374
2,4281,0.5289014577865601,0.40403508771929825,1786399895.6487722
2,4282,0.4652363061904907,0.40423669467787116,1786399895.738868
2,4283,0.4135861396789551,0.40452480782669464,1786399895.8280823
2,4284,0.47109270095825195,0.40437587168758715,1786399895.9175706
2,4285,0.43953537940979004,0.4044885177453027,1786399896.0095978
2,4286,0.8216748237609863,0.40460069444444446,1786399896.101989
2,4287,0.6067653894424438,0.4041926541926542,1786399896.1929357
2,4288,0.4494822025299072,0.40430497925311204,1786399896.2833085
2,4289,0.5055217742919922,0.40476190476190477,1786399896.3774562
2,4290,0.4896322786808014,0.4046143250688705,1786399896.4721541
2,4291,0.3881871998310089,0.4049828178694158,1786399896.5681217
2,4292,0.6193788051605225,0.40440672153635115,1786399896.66158
2,4293,0.6945482492446899,0.40417522245037646,1786399896.752698
2,4294,0.517169713973999,0.40437158469945356,1786399896.8524656
2,4295,0.5184304118156433,0.4046523517382413,1786399896.94121
2,4296,0.36546897888183594,0.40493197278911564,1786399897.0386183
2,4297,0.7158496379852295,0.40478615071283097,1786399897.1272128
2,4298,0.3834570348262787,0.4043868563685637,1786399897.2188454
2,4299,0.6581299304962158,0.40424273157538876,1786399897.3130698
2,4300,0.4532170295715332,0.4041835357624831,1786399897.4026065
2,4301,0.41734394431114197,0.40454545454545454,1786399897.4920232
2,4302,0.37616151571273804,0.40482190860215056,1786399897.5817695
2,4303,0.46277016401290894,0.40484574111334676,1786399897.6745954
2,4304,0.482867568731308,0.4049531459170013,1786399897.7731643
2,4305,0.46958106756210327,0.4046426185704743,1786399897.8637333
2,4306,0.39824703335762024,0.40441666666666665,1786399897.9540465
2,4307,0.5209085941314697,0.40494011976047906,1786399898.0534844
2,4308,0.5859626531600952,0.40463147410358563,1786399898.1434114
2,4309,0.5415482521057129,0.4047382372432074,1786399898.2416027
2,4310,0.4052344262599945,0.40492724867724866,1786399898.3313577
2,4311,0.39451828598976135,0.4046204620462046,1786399898.4292037
2,4312,0.4628978371620178,0.4045619235836627,1786399898.5197175
2,4313,0.4101114273071289,0.40458579881656803,1786399898.6090815
2,4314,0.5397877097129822,0.4045275590551181,1786399898.710699
2,4315,0.48440101742744446,0.40422396856581533,1786399898.8081229
2,4316,0.5805752277374268,0.4036764705882353,1786399898.9092288
2,4317,0.4242083430290222,0.40362035225048926,1786399898.997601
2,4318,0.4514947235584259,0.4041341145833333,1786399899.0866334
2,4319,0.626362681388855,0.40367121507472387,1786399899.1762023
2,4320,0.36315134167671204,0.4041018158236057,1786399899.2669122
2,4321,0.455532968044281,0.40428802588996765,1786399899.3575704
2,4322,0.38378089666366577,0.40431201550387597,1786399899.4481142
2,4323,0.4519186019897461,0.4040135396518375,1786399899.5511441
2,4324,0.4441841244697571,0.4041184041184041,1786399899.6403146
2,4325,0.44802147150039673,0.40390173410404623,1786399899.7309232
2,4326,0.39298945665359497,0.4043269230769231,1786399899.8375754
2,4327,0.4030177891254425,0.404510556621881,1786399899.9263608
2,4328,0.46656471490859985,0.40485312899106,1786399900.0173647
2,4329,0.424878865480423,0.4047163798597833,1786399900.1071677
2,4330,0.41530531644821167,0.40489821882951654,1786399900.1965024
2,4331,0.3664937913417816,0.40515873015873016,1786399900.288075
2,4332,0.6127833724021912,0.4046261089987326,1786399900.3878434
2,4333,0.5156030654907227,0.40417457305502846,1786399900.4987614
2,4334,0.4412374198436737,0.4043560606060606,1786399900.595769
2,4335,0.44586512446403503,0.4043005671077505,1786399900.68427
2,4336,0.6417220234870911,0.4044811320754717,1786399900.7833679
2,4337,0.40212351083755493,0.40473948524795983,1786399900.8727624
2,4338,0.4441196024417877,0.4043703007518797,1786399900.9628778
2,4339,0.47606736421585083,0.4047842401500938,1786399901.0515845
2,4340,0.4023800194263458,0.4051186017478152,1786399901.1399596
2,4341,0.4360027313232422,0.40521806853582554,1786399901.2298079
2,4342,0.5314751863479614,0.4054726368159204,1786399901.324363
2,4343,0.513476550579071,0.4054158907510863,1786399901.4263644
2,4344,0.6758739948272705,0.4052044609665427,1786399901.5254393
2,4345,0.4357111155986786,0.4053030303030303,1786399901.6339166
2,4346,0.6368345618247986,0.4050925925925926,1786399901.723577
2,4347,0.5433495044708252,0.4045748613678373,1786399901.8210034
2,4348,0.8329983949661255,0.404520295202952,1786399901.9189615
2,4349,0.4986133277416229,0.40408225905463474,1786399902.0085218
2,4350,0.522429883480072,0.40379901960784315,1786399902.104415
2,4351,0.5289768576622009,0.4041284403669725,1786399902.2003436
2,4352,0.4413697421550751,0.4040750915750916,1786399902.2972033
2,4353,0.34261956810951233,0.4043266301035954,1786399902.3872247
2,4354,0.46076732873916626,0.40404501216545013,1786399902.4807389
2,4355,0.47312384843826294,0.4039162112932605,1786399902.5713289
2,4356,0.5842507481575012,0.4040909090909091,1786399902.6609962
2,4357,0.3369366526603699,0.4044162129461585,1786399902.764856
2,4358,0.39060086011886597,0.40458937198067635,1786399902.8534524
2,4359,0.43963995575904846,0.40476190476190477,1786399902.9443786
2,4360,0.4012024700641632,0.404482551143201,1786399903.0345316
2,4361,0.6343111991882324,0.4048048048048048,1786399903.1249049
2,4362,0.6294663548469543,0.4050509592326139,1786399903.2223186
2,4363,0.3586786091327667,0.4053710353081987,1786399903.3132455
2,4364,0.5324785709381104,0.40546594982078854,1786399903.4121413
2,4365,0.5697734355926514,0.4050387596899225,1786399903.506676
2,4366,0.4116496443748474,0.4046875,1786399903.595982
2,4367,0.4694897532463074,0.4047831253713607,1786399903.6850717
2,4368,0.4152834415435791,0.4043594306049822,1786399903.7754617
2,4369,0.5739845037460327,0.4043812907045589,1786399903.865235
2,4370,0.4894426763057709,0.40447695035460995,1786399903.9637022
2,4371,0.437031090259552,0.40420353982300883,1786399904.0536156
2,4372,0.44443345069885254,0.4040783274440518,1786399904.1453755
2,4373,0.4445711076259613,0.4041005291005291,1786399904.2448149
2,4374,0.4391319453716278,0.40441607981220656,1786399904.3436358
2,4375,0.5164387822151184,0.4042911540714704,1786399904.4434588
2,4376,0.37402209639549255,0.40460526315789475,1786399904.5308619
2,4377,0.3742164969444275,0.4050642148277875,1786399904.6355088
2,4378,0.4204734265804291,0.4050844988344988,1786399904.7246246
2,4379,0.4218294322490692,0.4051047120418848,1786399904.8269095
2,4380,0.5603071451187134,0.40505226480836237,1786399904.9160388
2,4381,0.4348944127559662,0.40507246376811595,1786399905.0057282
2,4382,0.31316956877708435,0.4053819444444444,1786399905.094417
2,4383,0.36961379647254944,0.405473714615829,1786399905.187434
2,4384,0.6500266790390015,0.4056372549019608,1786399905.2854052
2,4385,0.5621016025543213,0.4055123776626367,1786399905.3769119
2,4386,0.5381816029548645,0.40510057471264366,1786399905.4693034
2,4387,0.36476555466651917,0.4051921973608721,1786399905.5574627
2,4388,0.4806257486343384,0.40535509736540665,1786399905.6556337
2,4389,0.682997465133667,0.4053030303030303,1786399905.7561488
2,4390,0.4944665729999542,0.4053938356164384,1786399905.8459191
2,4391,0.5450254678726196,0.40512820512820513,1786399905.9362593
2,4392,0.6412791013717651,0.40457906712172925,1786399906.0408373
2,4393,0.3794799745082855,0.4043157296990346,1786399906.1302493
2,4394,0.48970991373062134,0.404265873015873,1786399906.2199564
2,4395,0.8230020403862,0.4037917374080362,1786399906.3094761
2,4396,0.39897871017456055,0.40353107344632766,1786399906.4042993
2,4397,0.5829033255577087,0.40305978567399886,1786399906.494955
2,4398,0.45444807410240173,0.40322353603603606,1786399906.587759
2,4399,0.7514047026634216,0.4033164699269252,1786399906.6768634
2,4400,0.5510386824607849,0.4029882154882155,1786399906.7661724
2,4401,0.43106502294540405,0.40287114845938377,1786399906.8564136
2,4402,0.6414245367050171,0.4024748322147651,1786399906.9470732
2,4403,0.6730682849884033,0.40207984366275823,1786399907.0466862
2,4404,0.5812268257141113,0.4018952062430323,1786399907.137804
2,4405,0.4459550380706787,0.4019894268224819,1786399907.2461045
2,4406,0.44359269738197327,0.40208333333333335,1786399907.3350785
2,4407,0.5029104948043823,0.40224625623960064,1786399907.4246354
2,4408,0.4399060308933258,0.4023394241417497,1786399907.5135279
2,4409,0.5944316387176514,0.4022249861802101,1786399907.602822
2,4410,0.6452779173851013,0.40217991169977924,1786399907.6921484
2,4411,0.34565553069114685,0.4024793388429752,1786399907.7822556
2,4412,0.38253477215766907,0.40215896589658967,1786399907.8773513
2,4413,0.5138858556747437,0.40225151015925315,1786399907.9664457
2,4414,0.6734281778335571,0.40213815789473684,1786399908.0653877
2,4415,0.4374332129955292,0.40202517788724684,1786399908.1561608
2,4416,0.6060176491737366,0.40157103825136614,1786399908.2483902
2,4417,0.4929817020893097,0.4015957446808511,1786399908.350535
2,4418,0.3658328056335449,0.40175653594771243,1786399908.441028
2,4419,0.5603039264678955,0.40184883088635126,1786399908.5296087
2,4420,0.43741002678871155,0.4017372421281216,1786399908.6253645
2,4421,0.6500898003578186,0.40182926829268295,1786399908.7145457
2,4422,0.44141557812690735,0.40198863636363635,1786399908.8147802
2,4423,0.48917827010154724,0.4019448946515397,1786399908.9132478
2,4424,0.47251489758491516,0.4020361380798274,1786399909.0039144
2,4425,0.6232607960700989,0.4021943995691976,1786399909.0982044
2,4426,0.37740349769592285,0.40241935483870966,1786399909.1885836
2,4427,0.6766908168792725,0.40217391304347827,1786399909.280137
2,4428,0.6611591577529907,0.4020632368703108,1786399909.3784084
2,4429,0.41931575536727905,0.4018860353130016,1786399909.4679072
2,4430,0.4745464622974396,0.4020432692307692,1786399909.5550542
2,4431,0.5670746564865112,0.40173333333333333,1786399909.6586986
2,4432,0.46984338760375977,0.4018237486687966,1786399909.747492
2,4433,0.44065597653388977,0.40217969165337586,1786399909.8391404
2,4434,0.714994490146637,0.401671974522293,1786399909.9360085
2,4435,0.44779080152511597,0.4016295707472178,1786399910.0268893
2,4436,0.42800143361091614,0.401521164021164,1786399910.1177146
2,4437,0.3534545600414276,0.4018092974115161,1786399910.2177484
2,4438,0.4594222903251648,0.4017668776371308,1786399910.3148258
2,4439,0.43664294481277466,0.40172459189046866,1786399910.4169648
2,4440,0.44573816657066345,0.40168243953732913,1786399910.5046494
2,4441,0.5557725429534912,0.40131233595800525,1786399910.5941198
2,4442,0.37116026878356934,0.4015985324947589,1786399910.6850069
2,4443,0.6833722591400146,0.4015567765567766,1786399910.784104
2,4444,0.49383461475372314,0.4015804597701149,1786399910.8764951
2,4445,0.4561483860015869,0.4016692749087115,1786399910.9679787
2,4446,0.43831875920295715,0.40188802083333336,1786399911.0671484
2,4447,0.5741395354270935,0.4017160686427457,1786399911.1562595
2,4448,0.45116671919822693,0.40167445482866043,1786399911.2461505
2,4449,0.5768805146217346,0.4013737687921203,1786399911.3470886
2,4450,0.47937506437301636,0.40133281573498963,1786399911.436377
2,4451,0.7929531335830688,0.4012919896640827,1786399911.5340216
2,4452,0.4433899521827698,0.40170278637770895,1786399911.623457
2,4453,0.459741473197937,0.4017903142709943,1786399911.7145126
2,4454,0.3629874289035797,0.4020061728395062,1786399911.8098433
2,4455,0.3913731575012207,0.4023497688751926,1786399911.8997614
2,4456,0.3580859899520874,0.40262820512820513,1786399911.989623
2,4457,0.6001958250999451,0.4022657450076805,1786399912.081014
2,4458,0.5237814784049988,0.4020961145194274,1786399912.1735826
2,4459,0.3474404513835907,0.4019270035732517,1786399912.2647376
2,4460,0.5505496263504028,0.40201325178389397,1786399912.3639424
2,4461,0.40586012601852417,0.40216284987277356,1786399912.4623551
2,4462,0.6557043194770813,0.4019944105691057,1786399912.5576413
2,4463,0.5787637233734131,0.4021435819381025,1786399912.6592355
2,4464,0.4105326533317566,0.4024822695035461,1786399912.7584507
2,4465,0.5212193131446838,0.402250885179565,1786399912.847545
2,4466,0.291473388671875,0.4028409090909091,1786399912.9389975
2,4467,0.4438360929489136,0.40292486132123045,1786399913.0290983
2,4468,0.5478920936584473,0.4027567975830816,1786399913.1199834
2,4469,0.6323642730712891,0.40284062342885874,1786399913.2205007
2,4470,0.6092577576637268,0.40248493975903615,1786399913.326611
2,4471,0.4162551164627075,0.4025689223057644,1786399913.419041
2,4472,0.456350713968277,0.40265265265265265,1786399913.5078025
2,4473,0.3548780083656311,0.40323588205897054,1786399913.5970607
2,4474,0.3703266978263855,0.40344311377245506,1786399913.686636
2,4475,0.6678450107574463,0.4033383158943697,1786399913.7782626
2,4476,0.4859156906604767,0.40310945273631843,1786399913.8687885
2,4477,0.5401721596717834,0.40325384997516145,1786399913.9686716
2,4478,0.8020939826965332,0.40314980158730157,1786399914.068345
2,4479,0.5425189733505249,0.4029222387320456,1786399914.1598666
2,4480,0.5071074962615967,0.40312809099901087,1786399914.2584057
2,4481,0.5478968024253845,0.4027777777777778,1786399914.3490155
2,4482,0.6863738298416138,0.402551775147929,1786399914.4384522
2,4483,0.39364707469940186,0.4026957163958641,1786399914.541028
2,4484,0.3943341374397278,0.4029006882989184,1786399914.629509
2,4485,0.4167492389678955,0.40316642120765833,1786399914.729215
2,4486,0.5680363178253174,0.4030637254901961,1786399914.8202085
2,4487,0.39836984872817993,0.4034508076358297,1786399914.9228377
2,4488,0.5268807411193848,0.4035923753665689,1786399915.0115566
2,4489,0.48224887251853943,0.40379453391898484,1786399915.1021223
2,4490,0.3339942991733551,0.4041179337231969,1786399915.1930783
2,4491,0.41450971364974976,0.4041970802919708,1786399915.282929
2,4492,0.6001505255699158,0.40445821185617103,1786399915.3818233
2,4493,0.5984079241752625,0.4040514313440078,1786399915.4790177
2,4494,0.42095667123794556,0.4036458333333333,1786399915.5684168
2,4495,0.39186590909957886,0.4034833091436865,1786399915.661942
2,4496,0.5597490072250366,0.40368357487922707,1786399915.7527566
2,4497,0.9907432794570923,0.4035817655571635,1786399915.8513694
2,4498,0.5994948148727417,0.4032996146435453,1786399915.9414244
2,4499,0.36492741107940674,0.40355940355940356,1786399916.0314116
2,4500,0.39415961503982544,0.4032780979827089,1786399916.1235623
2,4501,0.4916343092918396,0.403537170263789,1786399916.215095
2,4502,0.38020750880241394,0.4031968390804598,1786399916.305037
2,4503,0.3538438379764557,0.4035748445719751,1786399916.3974907
2,4504,0.433956503868103,0.40359360076408785,1786399916.494636
2,4505,0.6374107003211975,0.40331425846447305,1786399916.5850341
2,4506,0.3959594964981079,0.40345238095238095,1786399916.6745656
2,4507,0.4752793312072754,0.4037089871611983,1786399916.7645316
2,4508,0.46382826566696167,0.403786799620133,1786399916.8542848
2,4509,0.42349639534950256,0.40356804172593647,1786399916.9536514
2,4510,0.35827887058258057,0.40400094696969696,1786399917.0427651
2,4511,0.36650004982948303,0.4043144208037825,1786399917.1372726
2,4512,0.46614664793014526,0.4044499527856468,1786399917.2358727
2,4513,0.4420859217643738,0.40440829797265443,1786399917.3253756
2,4514,0.3932587504386902,0.4042490583804143,1786399917.4204414
2,4515,0.42054396867752075,0.4043841090738129,1786399917.5213532
2,4516,0.43692153692245483,0.4041079812206573,1786399917.6126087
2,4517,0.44759684801101685,0.4042428504453821,1786399917.7037747
2,4518,0.6716500520706177,0.40437734082397003,1786399917.7965271
2,4519,0.47319263219833374,0.4047452080411407,1786399917.8852656
2,4520,0.5473958253860474,0.4048202614379085,1786399917.975108
2,4521,0.4940676987171173,0.40472027972027974,1786399918.0727212
2,4522,0.5320143699645996,0.4047951582867784,1786399918.1641188
2,4523,0.5406680107116699,0.4051022780102278,1786399918.2592278
2,4524,0.30082783102989197,0.40517641597028786,1786399918.3564951
2,4525,0.3850760757923126,0.4051923968474733,1786399918.4453669
2,4526,0.46689704060554504,0.40532407407407406,1786399918.5334847
2,4527,0.42761683464050293,0.4055709662505779,1786399918.6325457
2,4528,0.5303070545196533,0.4055286241920591,1786399918.722045
2,4529,0.41282063722610474,0.4057169202397418,1786399918.811852
2,4530,0.4424683153629303,0.40544429097605894,1786399918.9103236
2,4531,0.702455997467041,0.4052873563218391,1786399919.0012832
2,4532,0.43708252906799316,0.40558999081726355,1786399919.0974622
2,4533,0.446277379989624,0.4053186611646034,1786399919.1924338
2,4534,0.40575334429740906,0.40544871794871795,1786399919.2887623
2,4535,0.40267413854599,0.4052926383173297,1786399919.3799925
2,4536,0.6390194296836853,0.40513698630136985,1786399919.4724052
2,4537,0.3789200782775879,0.4055517555859553,1786399919.5623968
2,4538,0.5166422724723816,0.40539617486338797,1786399919.6543794
2,4539,0.39864957332611084,0.4056957708049113,1786399919.7449238
2,4540,0.4104870557785034,0.4057674841053588,1786399919.8376482
2,4541,0.3785848021507263,0.4060657596371882,1786399919.92863
2,4542,0.39455950260162354,0.4059669384057971,1786399920.0282106
2,4543,0.5286055207252502,0.4058683853459973,1786399920.126959
2,4544,0.6820653676986694,0.4056007226738934,1786399920.225069
2,4545,0.5509046316146851,0.40561569688768606,1786399920.3178124
2,4546,0.7826830744743347,0.40540540540540543,1786399920.4097378
2,4547,0.4882359206676483,0.40553306342780027,1786399920.4994202
2,4548,0.5840157270431519,0.40594115004492365,1786399920.591335
2,4549,0.6358153820037842,0.40561911170928666,1786399920.6846159
2,4550,0.4453478753566742,0.4054099462365591,1786399920.7856486
2,4551,0.588455855846405,0.40559284116331096,1786399920.8754294
2,4552,0.43484124541282654,0.4058869526362824,1786399920.9760299
2,4553,0.45177388191223145,0.40595716198125836,1786399921.0744362
2,4554,0.32466402649879456,0.40630570409982175,1786399921.1637733
2,4555,0.4500027298927307,0.40631953716065866,1786399921.264357
2,4556,0.3755630552768707,0.4062222222222222,1786399921.3540475
2,4557,0.3909362852573395,0.406347092765202,1786399921.4442022
2,4558,0.3804355561733246,0.40658244680851063,1786399921.5422883
2,4559,0.3750108480453491,0.4068171757414785,1786399921.6321735
2,4560,0.4750191867351532,0.40683023872679047,1786399921.7219212
2,4561,0.7351935505867004,0.40684326710816776,1786399921.8101301
2,4562,0.35282033681869507,0.4071869488536155,1786399921.9108047
2,4563,0.3271961808204651,0.4074196389255834,1786399922.009449
2,4564,0.5164093971252441,0.4076517150395778,1786399922.1085942
2,4565,0.6683235764503479,0.4078831796223101,1786399922.1983697
2,4566,0.5040785074234009,0.4076206140350877,1786399922.2895176
2,4567,0.4219790995121002,0.40768725361366626,1786399922.3929749
2,4568,0.45105135440826416,0.40769903762029747,1786399922.483449
2,4569,0.47872763872146606,0.4077107907383137,1786399922.5808308
2,4570,0.4501577913761139,0.40777705061082026,1786399922.6803284
2,4571,0.839060366153717,0.40757080610021784,1786399922.7697072
2,4572,0.28469714522361755,0.40790905134899913,1786399922.867792
2,4573,0.5430967211723328,0.40754019991308127,1786399922.9574318
2,4574,0.3827362656593323,0.40771484375,1786399923.0481572
2,4575,0.5840004682540894,0.40761811876896403,1786399923.1400566
2,4576,0.4292059540748596,0.4075757575757576,1786399923.2298477
2,4577,0.5343775153160095,0.4072632944228275,1786399923.3241751
2,4578,0.37551501393318176,0.40765328151986185,1786399923.4136653
2,4579,0.516893744468689,0.407503234152652,1786399923.512437
2,4580,0.5519967079162598,0.4077304048234281,1786399923.602548
2,4581,0.3518192768096924,0.40801075268817205,1786399923.7003305
2,4582,0.7130776643753052,0.40807560137457044,1786399923.7930143
2,4583,0.38384345173835754,0.4083011583011583,1786399923.8825142
2,4584,0.3973090648651123,0.4084190231362468,1786399923.9726698
2,4585,0.4429943263530731,0.4084830979888746,1786399924.0645566
2,4586,0.5120515823364258,0.4081730769230769,1786399924.1660209
2,4587,0.38417887687683105,0.408397353819889,1786399924.262204
2,4588,0.43334314227104187,0.40851449275362317,1786399924.3518848
2,4589,0.36525285243988037,0.40815240527884206,1786399924.4426794
2,4590,0.3142223060131073,0.40837585034013607,1786399924.5376534
2,4591,0.49714764952659607,0.40790870488322717,1786399924.6292436
2,4592,0.7370165586471558,0.4080258693808312,1786399924.7189643
2,4593,0.5147841572761536,0.4078780177890724,1786399924.8152125
2,4594,0.45356741547584534,0.407994923857868,1786399924.9061778
2,4595,0.3766022026538849,0.40800591465990704,1786399925.0006535
2,4596,0.3808364272117615,0.40828059071729955,1786399925.0893826
2,4597,0.5877015590667725,0.4083965444584914,1786399925.1797972
2,4598,0.5012558102607727,0.4085122053872054,1786399925.2694664
2,4599,0.4218778610229492,0.40852248844052125,1786399925.3611512
2,4600,0.4627419710159302,0.40837531486146095,1786399925.452885
2,4601,0.43466681241989136,0.4087526205450734,1786399925.5444868
2,4602,0.4023215174674988,0.408500837520938,1786399925.6394088
2,4603,0.4137481153011322,0.40872020075282306,1786399925.7275264
2,4604,0.3617298901081085,0.40899122807017546,1786399925.823415
2,4605,0.3878071904182434,0.4087400917813934,1786399925.9207716
2,4606,0.43494218587875366,0.4088541666666667,1786399926.0111887
2,4607,0.7053980827331543,0.4088119017894299,1786399926.1009874
2,4608,0.47687315940856934,0.40908146300914383,1786399926.1900904
2,4609,0.49118730425834656,0.4090909090909091,1786399926.283285
2,4610,0.5505136251449585,0.4091003316749585,1786399926.3741302
2,4611,0.5800254344940186,0.40890269151138714,1786399926.4740734
2,4612,0.424851655960083,0.40896401985111663,1786399926.563245
2,4613,0.5911939144134521,0.40881866997108635,1786399926.6520398
2,4614,0.415535032749176,0.4087252475247525,1786399926.7422304
2,4615,0.5339173078536987,0.4088380716934487,1786399926.8316262
2,4616,0.47481971979141235,0.4089506172839506,1786399926.9305053
2,4617,0.4378231167793274,0.4086518701191944,1786399927.0199995
2,4618,0.4297066032886505,0.40830254515599346,1786399927.1101136
2,4619,0.40324312448501587,0.4085690856908569,1786399927.209458
2,4620,0.40777143836021423,0.4087325962325962,1786399927.313266
2,4621,0.5957384705543518,0.4087934560327198,1786399927.4053276
2,4622,0.39936044812202454,0.4088031045751634,1786399927.4948788
2,4623,0.7417676448822021,0.40860873113015095,1786399927.5849257
2,4624,0.5823618769645691,0.40866951915240424,1786399927.6741405
2,4625,0.5892440676689148,0.40852665852665854,1786399927.7628002
2,4626,0.46833208203315735,0.4086890243902439,1786399927.8511178
2,4627,0.616239607334137,0.4088002436053593,1786399927.9412081
2,4628,0.44053807854652405,0.40886050283860503,1786399928.0304346
2,4629,0.561543881893158,0.40871810449574725,1786399928.128578
2,4630,0.43765777349472046,0.40893001618122976,1786399928.2226
2,4631,0.49059009552001953,0.408989898989899,1786399928.322483
2,4632,0.5746957063674927,0.40874697336561744,1786399928.414083
2,4633,0.540377140045166,0.4089076985086659,1786399928.504152
2,4634,0.5316841006278992,0.4090680354267311,1786399928.5952256
2,4635,0.5848468542098999,0.4091274628065943,1786399928.6844
2,4636,0.45488032698631287,0.40923694779116465,1786399928.7818975
2,4637,0.462387353181839,0.4091456077015644,1786399928.8710737
2,4638,0.4623767137527466,0.4094050480769231,1786399928.9614263
2,4639,0.5755566358566284,0.40931372549019607,1786399929.0531597
2,4640,0.4074222445487976,0.40892286171063147,1786399929.154294
2,4641,0.36701926589012146,0.4091317365269461,1786399929.2517953
2,4642,0.3961311876773834,0.40914074960127594,1786399929.341157
2,4643,0.40701842308044434,0.40900039824771006,1786399929.4374132
2,4644,0.39401063323020935,0.4091587112171838,1786399929.5246973
2,4645,0.39102691411972046,0.40891934843067146,1786399929.6151385
2,4646,0.5157930254936218,0.40868055555555555,1786399929.713317
2,4647,0.5182070732116699,0.40854141894569956,1786399929.8051434
2,4648,0.3982786536216736,0.40850158353127475,1786399929.8934693
2,4649,0.6313207745552063,0.408560695927244,1786399929.9926174
2,4650,0.42471426725387573,0.4087184044233807,1786399930.0810647
2,4651,0.43933427333831787,0.40877712031558183,1786399930.1743007
2,4652,0.6236697435379028,0.4088849487785658,1786399930.2707202
2,4653,0.43155983090400696,0.40894332939787487,1786399930.3599663
2,4654,0.561659574508667,0.4088541666666667,1786399930.4576905
2,4655,0.4581489861011505,0.4090596780526109,1786399930.5458348
2,4656,0.4809150695800781,0.4090686274509804,1786399930.6368926
2,4657,0.33425822854042053,0.40912651782217,1786399930.7253966
2,4658,0.3897005319595337,0.4092820813771518,1786399930.8257825
2,4659,0.5265047550201416,0.4090465025400547,1786399930.9194634
2,4660,0.6508573293685913,0.40910421545667447,1786399931.0103352
2,4661,0.47939634323120117,0.40911306042884993,1786399931.1006956
2,4662,0.423214852809906,0.4092679127725857,1786399931.192526
2,4663,0.46709367632865906,0.40913068844807465,1786399931.2823522
2,4664,0.578967809677124,0.4087995337995338,1786399931.3781893
2,4665,0.43070581555366516,0.408663174233605,1786399931.4673767
2,4666,0.363320529460907,0.40901162790697676,1786399931.560088
2,4667,0.5267575979232788,0.40916569879984516,1786399931.6494234
2,4668,0.4032026529312134,0.4093677494199536,1786399931.73936
2,4669,0.37290066480636597,0.40913480108149863,1786399931.8282356
2,4670,0.44208070635795593,0.40923996913580246,1786399931.921813
2,4671,0.36452797055244446,0.40953757225433524,1786399932.019655
2,4672,0.4139914810657501,0.4095939183987683,1786399932.1105275
2,4673,0.41407206654548645,0.4095059592464437,1786399932.1992102
2,4674,0.5152565836906433,0.40961021505376344,1786399932.2950547
2,4675,0.6928229331970215,0.4096662830840046,1786399932.3841946
2,4676,0.3143995404243469,0.4100095785440613,1786399932.4792202
2,4677,0.5291939377784729,0.40987370838117104,1786399932.569852
2,4678,0.42886659502983093,0.409881498470948,1786399932.659674
2,4679,0.5032821893692017,0.4099847269950363,1786399932.7532763
2,4680,0.43659406900405884,0.4098493516399695,1786399932.843908
2,4681,0.49921008944511414,0.40995238095238096,1786399932.9368787
2,4682,0.6469789743423462,0.4098649162861492,1786399933.027648
2,4683,0.6465867161750793,0.40982516153553783,1786399933.1213067
2,4684,0.5270823240280151,0.40945330296127563,1786399933.211978
2,4685,0.5058406591415405,0.40917709518392115,1786399933.3013785
2,4686,0.5214356184005737,0.40918560606060606,1786399933.3957043
2,4687,0.476513147354126,0.40895762391222096,1786399933.4861243
2,4688,0.48807811737060547,0.40868291761148906,1786399933.5839133
2,4689,0.5049427151679993,0.4088335220838052,1786399933.67681
2,4690,0.477937787771225,0.4088895173453997,1786399933.765163
2,4691,0.35557812452316284,0.4090395480225989,1786399933.8614588
2,4692,0.5643934011459351,0.40914221218961627,1786399933.9498
2,4693,0.61381596326828,0.4089627959413754,1786399934.048355
2,4694,0.5596369504928589,0.40878378378378377,1786399934.1411397
2,4695,0.5478298664093018,0.4086989126359205,1786399934.2308803
2,4696,0.3539608120918274,0.4089419475655431,1786399934.32043
2,4697,0.4018958508968353,0.4086700336700337,1786399934.4132617
2,4698,0.3989090323448181,0.4085855754857997,1786399934.505606
2,4699,0.4334825873374939,0.4085946248600224,1786399934.5966048
2,4700,0.3966115415096283,0.4086502609992543,1786399934.6956787
2,4701,0.4995536804199219,0.40870577281191806,1786399934.7905533
2,4702,0.4546869695186615,0.4084356398809524,1786399934.8802364
2,4703,0.7702645063400269,0.4082590115198811,1786399934.9704788
2,4704,0.4391690492630005,0.4084075723830735,1786399935.0594153
2,4705,0.5244423151016235,0.4085558027437894,1786399935.1590784
2,4706,0.34568527340888977,0.4086574074074074,1786399935.2476933
2,4707,0.5937926769256592,0.4083888272290048,1786399935.3425891
2,4708,0.4293803870677948,0.40853658536585363,1786399935.430876
2,4709,0.4805490970611572,0.40840716131413807,1786399935.5200243
2,4710,0.48099201917648315,0.4085545722713864,1786399935.6112964
2,4711,0.4083004295825958,0.408609576427256,1786399935.701007
2,4712,0.43621134757995605,0.40852649006622516,1786399935.791479
2,4713,0.45496052503585815,0.4087651598676957,1786399935.890823
2,4714,0.3766951560974121,0.40859030837004406,1786399935.9852116
2,4715,0.5678392052650452,0.40855335533553355,1786399936.082995
2,4716,0.45302268862724304,0.40824175824175823,1786399936.173662
2,4717,0.3907875418663025,0.4079308452250274,1786399936.262878
2,4718,0.5021964311599731,0.40784904970760233,1786399936.3517418
2,4719,0.4458910822868347,0.40767615918218325,1786399936.4413342
2,4720,0.37396904826164246,0.40795951859956237,1786399936.5347328
2,4721,0.37335991859436035,0.4080145719489982,1786399936.625567
2,4722,0.2958793342113495,0.4083424308588064,1786399936.7150629
2,4723,0.41266632080078125,0.40835150854234825,1786399936.8040726
2,4724,0.4359954595565796,0.4084967320261438,1786399936.9043863
2,4725,0.6534953713417053,0.4085963003264418,1786399937.0043054
2,4726,0.6018908023834229,0.40869565217391307,1786399937.093567
2,4727,0.3813908100128174,0.4088852696344553,1786399937.1826816
2,4728,0.4074658155441284,0.4088937093275488,1786399937.272522
2,4729,0.3078994154930115,0.40926327193932827,1786399937.3617642
2,4730,0.44238534569740295,0.40922619047619047,1786399937.4595873
2,4731,0.4523272216320038,0.4089189189189189,1786399937.5482633
2,4732,0.6400715112686157,0.4087023038156947,1786399937.6377792
2,4733,0.38130953907966614,0.40884573894282633,1786399937.727528
2,4734,0.3621683418750763,0.4090337643678161,1786399937.8176937
2,4735,0.45888394117355347,0.4090868317186939,1786399937.9168744
2,4736,0.44690778851509094,0.4092741935483871,1786399938.0052943
2,4737,0.4771841764450073,0.4091478696741855,1786399938.1017783
2,4738,0.35926929116249084,0.4093347639484979,1786399938.1905437
2,4739,0.3496052026748657,0.4095659163987138,1786399938.2900078
2,4740,0.3966248035430908,0.4091720199857245,1786399938.379557
2,4741,0.5339801907539368,0.4092245989304813,1786399938.4689412
2,4742,0.39516502618789673,0.4094551282051282,1786399938.5653372
2,4743,0.5957145690917969,0.4091960156527926,1786399938.6548638
2,4744,0.5685089230537415,0.4093372423596304,1786399938.745359
2,4745,0.2925224006175995,0.40956691515796945,1786399938.8363142
2,4746,0.5124017000198364,0.4095744680851064,1786399938.93568
2,4747,0.5592213273048401,0.40944916755224936,1786399939.0340326
2,4748,0.374775230884552,0.409810686482661,1786399939.1229725
2,4749,0.47599589824676514,0.4100388829975256,1786399939.21963
2,4750,0.5745084285736084,0.4100459039548023,1786399939.3084047
2,4751,0.43068695068359375,0.4101851851851852,1786399939.3994908
2,4752,0.5382047295570374,0.41005990133897113,1786399939.4890208
2,4753,0.4645504355430603,0.4099348820837733,1786399939.5835698
2,4754,0.4740658402442932,0.4097661744022503,1786399939.6806586
2,4755,0.5706437826156616,0.4098173515981735,1786399939.7744384
2,4756,0.6211672425270081,0.40960526315789475,1786399939.8650832
2,4757,0.6828489303588867,0.40930599369085174,1786399939.9545956
2,4758,0.3452881872653961,0.40918242296918766,1786399940.0451016
2,4759,0.5728156566619873,0.40932144106330887,1786399940.1334307
2,4760,0.5980515480041504,0.40932914046121593,1786399940.2245965
2,4761,0.6054592132568359,0.4093804537521815,1786399940.3185523
2,4762,0.4211678206920624,0.4096495815899582,1786399940.4132664
2,4763,0.353183776140213,0.40983106931382796,1786399940.5021522
2,4764,0.4755623936653137,0.40975121781489215,1786399940.5906878
2,4765,0.40371137857437134,0.4099756690997567,1786399940.6834655
2,4766,0.3838304877281189,0.40989583333333335,1786399940.776776
2,4767,0.4438003897666931,0.4099895941727367,1786399940.8700273
2,4768,0.43370020389556885,0.40986659736659736,1786399940.9590151
2,4769,0.5222632884979248,0.40991692627206644,1786399941.0461795
2,4770,0.5161961913108826,0.40975103734439833,1786399941.1356668
2,4771,0.43755826354026794,0.40949913644214164,1786399941.2240558
2,4772,0.6600741147994995,0.40942028985507245,1786399941.3109305
2,4773,0.42411869764328003,0.4094708721130645,1786399941.3990567
2,4774,0.32237163186073303,0.4096504820936639,1786399941.487466
2,4775,0.5047080516815186,0.4094857241142071,1786399941.5755851
2,4776,0.51508629322052,0.4094931271477663,1786399941.6631093
2,4777,0.7656956911087036,0.4095434260212839,1786399941.7517834
2,4778,0.3577364385128021,0.40959362139917693,1786399941.840051
2,4779,0.5657602548599243,0.40977218225419665,1786399941.928228
2,4780,0.5118579268455505,0.4098220396988364,1786399942.0159812
2,4781,0.321229487657547,0.40974358974358976,1786399942.105546
2,4782,0.4410420358181,0.4098787568306011,1786399942.1933384
2,4783,0.5812326669692993,0.40988570453770046,1786399942.2808282
2,4784,0.5744117498397827,0.4097222222222222,1786399942.3701057
2,4785,0.4230630099773407,0.4096867551923732,1786399942.45789
2,4786,0.4795299768447876,0.4095238095238095,1786399942.5475771
2,4787,0.42822298407554626,0.40931872239211686,1786399942.6361642
2,4788,0.3157981336116791,0.4094959266802444,1786399942.724161
2,4789,0.35549506545066833,0.4094608341810783,1786399942.8124979
3,4790,0.4496910572052002,0.4583333333333333,1786399949.366547
3,4791,0.4132171869277954,0.375,1786399949.6711924
3,4792,0.4182552397251129,0.4166666666666667,1786399949.7796
3,4793,0.5901413559913635,0.4270833333333333,1786399949.8830657
3,4794,0.3292321562767029,0.44166666666666665,1786399950.0137494
3,4795,0.446952223777771,0.4375,1786399950.1089582
3,4796,0.45397716760635376,0.4583333333333333,1786399950.2290015
3,4797,0.518487811088562,0.4427083333333333,1786399950.3222482
3,4798,0.4154501259326935,0.4351851851851852,1786399950.420507
3,4799,0.45076996088027954,0.4583333333333333,1786399950.5173738
3,4800,0.3675593435764313,0.4696969696969697,1786399950.6274354
3,4801,0.37092915177345276,0.4791666666666667,1786399950.7269216
3,4802,0.34166502952575684,0.49038461538461536,1786399950.8169942
3,4803,0.5988048315048218,0.49404761904761907,1786399950.9079597
3,4804,0.6680174469947815,0.48055555555555557,1786399950.9980776
3,4805,0.5901687741279602,0.4765625,1786399951.0883563
3,4806,0.39723289012908936,0.4852941176470588,1786399951.1784422
3,4807,0.7029759883880615,0.48148148148148145,1786399951.2699494
3,4808,0.3857582211494446,0.48464912280701755,1786399951.3601818
3,4809,0.3867705464363098,0.49166666666666664,1786399951.4500818
3,4810,0.48281726241111755,0.47619047619047616,1786399951.5394378
3,4811,0.4987356960773468,0.4659090909090909,1786399951.6289663
3,4812,0.4465908706188202,0.46557971014492755,1786399951.718824
3,4813,0.4498107135295868,0.4600694444444444,1786399951.8088787
3,4814,0.5819389224052429,0.46166666666666667,1786399951.8976476
3,4815,0.581573486328125,0.44871794871794873,1786399951.988216
3,4816,0.3966624140739441,0.4521604938271605,1786399952.0771646
3,4817,0.5193595290184021,0.4538690476190476,1786399952.166761
3,4818,0.6068840026855469,0.4511494252873563,1786399952.2585986
3,4819,0.3404619097709656,0.4527777777777778,1786399952.3575864
3,4820,0.6264376640319824,0.45026881720430106,1786399952.4494448
3,4821,0.47339099645614624,0.453125,1786399952.5473156
3,4822,0.5213549733161926,0.4532828282828283,1786399952.6370134
3,4823,0.4697001576423645,0.45098039215686275,1786399952.726371
3,4824,0.7587826251983643,0.4452380952380952,1786399952.816492
3,4825,0.7187231779098511,0.44212962962962965,1786399952.9060082
3,4826,0.5887297987937927,0.4369369369369369,1786399953.005516
3,4827,0.4589426517486572,0.43859649122807015,1786399953.1055813
3,4828,0.3871056139469147,0.43803418803418803,1786399953.1951952
3,4829,0.4111035466194153,0.43645833333333334,1786399953.2939875
3,4830,0.37249743938446045,0.4380081300813008,1786399953.3898394
3,4831,0.43206077814102173,0.44146825396825395,1786399953.4786055
3,4832,0.5874756574630737,0.43507751937984496,1786399953.5694673
3,4833,0.4775673747062683,0.4393939393939394,1786399953.671308
3,4834,0.6321495771408081,0.4351851851851852,1786399953.7636254
3,4835,0.3087102472782135,0.42934782608695654,1786399953.8561134
3,4836,0.6583449840545654,0.42730496453900707,1786399953.9456873
3,4837,0.46943819522857666,0.4314236111111111,1786399954.0380561
3,4838,0.4763287901878357,0.429421768707483,1786399954.1384735
3,4839,0.5632801055908203,0.42833333333333334,1786399954.2289617
3,4840,0.7129657864570618,0.43137254901960786,1786399954.3253067
3,4841,0.44913506507873535,0.4326923076923077,1786399954.4194534
3,4842,0.5530595779418945,0.4308176100628931,1786399954.5118873
3,4843,0.3555065989494324,0.43287037037037035,1786399954.6031957
3,4844,0.4502257704734802,0.4348484848484849,1786399954.6979654
3,4845,0.38185569643974304,0.4367559523809524,1786399954.7922738
3,4846,0.5478692650794983,0.43640350877192985,1786399954.8919013
3,4847,0.4455994963645935,0.4389367816091954,1786399954.9807045
3,4848,0.4048938751220703,0.442090395480226,1786399955.0760448
3,4849,0.42064931988716125,0.43819444444444444,1786399955.1711476
3,4850,0.7120990753173828,0.4344262295081967,1786399955.270732
3,4851,0.44934913516044617,0.4307795698924731,1786399955.3598151
3,4852,0.6040736436843872,0.4279100529100529,1786399955.4514825
3,4853,0.6227304339408875,0.4264322916666667,1786399955.5514946
3,4854,0.5592250227928162,0.425,1786399955.6421533
3,4855,0.4684028625488281,0.42676767676767674,1786399955.732103
3,4856,0.3800213932991028,0.4228855721393035,1786399955.821081
3,4857,0.5503233671188354,0.4227941176470588,1786399955.9111557
3,4858,0.489629864692688,0.4227053140096618,1786399956.0103345
3,4859,0.5818280577659607,0.4244047619047619,1786399956.1005476
3,4860,0.41929906606674194,0.426056338028169,1786399956.1972322
3,4861,0.44669634103775024,0.42592592592592593,1786399956.2949042
3,4862,0.4893186688423157,0.4275114155251142,1786399956.3839588
3,4863,0.4009551405906677,0.42849099099099097,1786399956.4726605
3,4864,0.4524044394493103,0.4305555555555556,1786399956.5715392
3,4865,0.6307958364486694,0.4303728070175439,1786399956.664087
3,4866,0.5129927396774292,0.43073593073593075,1786399956.7638152
3,4867,0.6444161534309387,0.42788461538461536,1786399956.8553612
3,4868,0.5195027589797974,0.4272151898734177,1786399956.9443634
3,4869,0.42672044038772583,0.42916666666666664,1786399957.0359726
3,4870,0.4243239164352417,0.4269547325102881,1786399957.1331408
3,4871,0.5680547952651978,0.4263211382113821,1786399957.2240117
3,4872,0.4274245500564575,0.4282128514056225,1786399957.3128061
3,4873,0.42810875177383423,0.42956349206349204,1786399957.4045444
3,4874,0.5728915333747864,0.42892156862745096,1786399957.493307
3,4875,0.36307424306869507,0.4316860465116279,1786399957.5821335
3,4876,0.4977121651172638,0.4305555555555556,1786399957.6726563
3,4877,0.4346904158592224,0.4318181818181818,1786399957.762474
3,4878,0.515579879283905,0.4344569288389513,1786399957.8536634
3,4879,0.442807674407959,0.4351851851851852,1786399957.9434426
3,4880,0.5008154511451721,0.4358974358974359,1786399958.0345507
3,4881,0.4576379060745239,0.43568840579710144,1786399958.1338866
3,4882,0.39742404222488403,0.4368279569892473,1786399958.2233858
3,4883,0.5520445704460144,0.4375,1786399958.3143137
3,4884,0.43547654151916504,0.43859649122807015,1786399958.4053094
3,4885,0.3876209259033203,0.4405381944444444,1786399958.4996054
3,4886,0.4481426477432251,0.44029209621993126,1786399958.5985837
3,4887,0.6971327066421509,0.4379251700680272,1786399958.6959403
3,4888,0.38490357995033264,0.43813131313131315,1786399958.7955606
3,4889,0.6859472990036011,0.4370833333333333,1786399958.8908267
3,4890,0.3840552568435669,0.4372937293729373,1786399958.9877048
3,4891,0.3485814034938812,0.4387254901960784,1786399959.0777426
3,4892,0.4061684012413025,0.4405339805825243,1786399959.1706092
3,4893,0.4642742872238159,0.44150641025641024,1786399959.2603354
3,4894,0.6347613334655762,0.44166666666666665,1786399959.3605297
3,4895,0.5862895846366882,0.44025157232704404,1786399959.4551275
3,4896,0.5529175996780396,0.4384735202492212,1786399959.5448418
3,4897,0.5341726541519165,0.4398148148148148,1786399959.6346128
3,4898,0.5296118259429932,0.44074923547400613,1786399959.7252195
3,4899,0.473602294921875,0.44053030303030305,1786399959.8160913
3,4900,0.42011865973472595,0.4380630630630631,1786399959.907329
3,4901,0.47634437680244446,0.43787202380952384,1786399959.9992921
3,4902,0.5450312495231628,0.43731563421828906,1786399960.0962446
3,4903,0.49868524074554443,0.4371345029239766,1786399960.186546
3,4904,0.4480013847351074,0.43731884057971016,1786399960.2760844
3,4905,0.37433215975761414,0.43785919540229884,1786399960.3752284
3,4906,0.44444480538368225,0.43874643874643876,1786399960.466181
3,4907,0.4349484145641327,0.4378531073446328,1786399960.5570662
3,4908,0.4111675024032593,0.44012605042016806,1786399960.647106
3,4909,0.46723446249961853,0.43819444444444444,1786399960.7476642
3,4910,0.40882518887519836,0.4383608815426997,1786399960.8371146
3,4911,0.45008841156959534,0.43920765027322406,1786399960.9278295
3,4912,0.5746399164199829,0.43902439024390244,1786399961.0202527
3,4913,0.4204535484313965,0.43985215053763443,1786399961.1097195
3,4914,0.541132926940918,0.43766666666666665,1786399961.2071447
3,4915,0.46746137738227844,0.4384920634920635,1786399961.3082223
3,4916,0.5642337203025818,0.4363517060367454,1786399961.4102957
3,4917,0.33104610443115234,0.4375,1786399961.5000482
3,4918,0.3198010325431824,0.438953488372093,1786399961.59852
3,4919,0.5274612903594971,0.43814102564102564,1786399961.688137
3,4920,0.38281771540641785,0.4395674300254453,1786399961.7774205
3,4921,0.45826566219329834,0.4403409090909091,1786399961.8680346
3,4922,0.36161795258522034,0.44110275689223055,1786399961.9617002
3,4923,0.8216218948364258,0.43967661691542287,1786399962.062519
3,4924,0.5546752214431763,0.44012345679012344,1786399962.1601307
3,4925,0.39411482214927673,0.4414828431372549,1786399962.261772
3,4926,0.6381802558898926,0.4391727493917275,1786399962.3508997
3,4927,0.6467625498771667,0.4390096618357488,1786399962.440216
3,4928,0.43294963240623474,0.4370503597122302,1786399962.5304253
3,4929,0.47267282009124756,0.43660714285714286,1786399962.620335
3,4930,0.5855545997619629,0.4358747044917258,1786399962.7109141
3,4931,0.43326032161712646,0.43661971830985913,1786399962.8109534
3,4932,0.3747124671936035,0.4347319347319347,1786399962.9024498
3,4933,0.41994911432266235,0.43460648148148145,1786399962.9916668
3,4934,0.5225974917411804,0.4330459770114943,1786399963.090859
3,4935,0.5258340239524841,0.4323630136986301,1786399963.1794178
3,4936,0.3677464425563812,0.43339002267573695,1786399963.2750435
3,4937,0.41302648186683655,0.43355855855855857,1786399963.363913
3,4938,0.45419570803642273,0.43344519015659955,1786399963.4561963
3,4939,0.34961044788360596,0.43333333333333335,1786399963.5539978
3,4940,0.48935142159461975,0.43211920529801323,1786399963.6541617
3,4941,0.4269447922706604,0.4322916666666667,1786399963.743376
3,4942,0.732189953327179,0.43137254901960786,1786399963.8389053
3,4943,0.4153880476951599,0.4329004329004329,1786399963.9373097
3,4944,0.4520184099674225,0.4338709677419355,1786399964.0364375
3,4945,0.312416136264801,0.4342948717948718,1786399964.1326606
3,4946,0.5019611120223999,0.4339171974522293,1786399964.229461
3,4947,0.5014261603355408,0.43433544303797467,1786399964.3178515
3,4948,0.4254501163959503,0.43474842767295596,1786399964.413935
3,4949,0.5123414397239685,0.434375,1786399964.5071926
3,4950,0.35866424441337585,0.43478260869565216,1786399964.595461
3,4951,0.6657014489173889,0.43441358024691357,1786399964.6949563
3,4952,0.413931667804718,0.4350715746421268,1786399964.793446
3,4953,0.4373427629470825,0.43597560975609756,1786399964.8836935
3,4954,0.4766657054424286,0.4345959595959596,1786399964.9732401
3,4955,0.42242908477783203,0.4352409638554217,1786399965.0620542
3,4956,0.41376546025276184,0.4356287425149701,1786399965.1518734
3,4957,0.3966548442840576,0.43601190476190477,1786399965.2416432
3,4958,0.5148851871490479,0.43515779092702167,1786399965.3344405
3,4959,0.3935813307762146,0.4362745098039216,1786399965.424942
3,4960,0.4731789231300354,0.4346978557504873,1786399965.5223255
3,4961,0.44833916425704956,0.43410852713178294,1786399965.620236
3,4962,0.4260118007659912,0.434971098265896,1786399965.7111526
3,4963,0.5128754377365112,0.43438697318007663,1786399965.8014374
3,4964,0.4498789310455322,0.43523809523809526,1786399965.8941464
3,4965,0.37920433282852173,0.4353693181818182,1786399965.992073
3,4966,0.48110973834991455,0.4352636534839925,1786399966.0812974
3,4967,0.34057968854904175,0.4363295880149813,1786399966.1795385
3,4968,0.5437412261962891,0.43691806331471134,1786399966.2689815
3,4969,0.4681119918823242,0.43657407407407406,1786399966.3670468
3,4970,0.35174113512039185,0.43623388581952116,1786399966.4549913
3,4971,0.46443408727645874,0.4352106227106227,1786399966.5444167
3,4972,0.41978099942207336,0.43397085610200364,1786399966.6463833
3,4973,0.4174153804779053,0.43455615942028986,1786399966.740509
3,4974,0.4757302403450012,0.4346846846846847,1786399966.8308098
3,4975,0.5505020618438721,0.43301971326164873,1786399966.9206915
3,4976,0.7854089736938477,0.4315953654188948,1786399967.0214498
3,4977,0.43236982822418213,0.43240248226950356,1786399967.1204834
3,4978,0.4353953003883362,0.43187830687830686,1786399967.2101102
3,4979,0.37365320324897766,0.43048245614035086,1786399967.2998698
3,4980,0.5899345874786377,0.42975567190226877,1786399967.3920267
3,4981,0.5942022204399109,0.4292534722222222,1786399967.4829125
3,4982,0.5368762612342834,0.4283246977547496,1786399967.572941
3,4983,0.4394272565841675,0.42890893470790376,1786399967.6640604
3,4984,0.4756108820438385,0.42991452991452994,1786399967.754803
3,4985,0.34134888648986816,0.430484693877551,1786399967.8451583
3,4986,0.39244306087493896,0.430414551607445,1786399967.9455402
3,4987,0.37948527932167053,0.42992424242424243,1786399968.0382571
3,4988,0.37522655725479126,0.429857621440536,1786399968.1284873
3,4989,0.5453366041183472,0.43020833333333336,1786399968.2176523
3,4990,0.44171857833862305,0.43076285240464346,1786399968.307759
3,4991,0.3429611921310425,0.4319306930693069,1786399968.4091856
3,4992,0.47392287850379944,0.4324712643678161,1786399968.4998345
3,4993,0.4957640469074249,0.43300653594771243,1786399968.5900285
3,4994,0.49811434745788574,0.433130081300813,1786399968.6919808
3,4995,0.6614862084388733,0.4320388349514563,1786399968.7812426
3,4996,0.5456356406211853,0.4321658615136876,1786399968.8738737
3,4997,0.34972065687179565,0.43149038461538464,1786399968.9631138
3,4998,0.4870119094848633,0.4318181818181818,1786399969.051507
3,4999,0.531866729259491,0.43154761904761907,1786399969.141686
3,5000,0.42441630363464355,0.4316745655608215,1786399969.2316592
3,5001,0.5255178213119507,0.43042452830188677,1786399969.3232098
3,5002,0.3779653310775757,0.4305555555555556,1786399969.4214258
3,5003,0.41777530312538147,0.43068535825545173,1786399969.5217469
3,5004,0.38137269020080566,0.4317829457364341,1786399969.6137848
3,5005,0.6383515000343323,0.43190586419753085,1786399969.712072
3,5006,0.4089933931827545,0.43221966205837176,1786399969.8015037
3,5007,0.4201793968677521,0.43214831804281345,1786399969.8975928
3,5008,0.3312165141105652,0.4339802130898021,1786399969.9868772
3,5009,0.44064754247665405,0.43446969696969695,1786399970.0746756
3,5010,0.3913687467575073,0.4330693815987934,1786399970.1669266
3,5011,0.6368300318717957,0.4316816816816817,1786399970.2599347
3,5012,0.4258131980895996,0.43254857997010465,1786399970.349763
3,5013,0.4254196882247925,0.43154761904761907,1786399970.4396958
3,5014,0.4064273238182068,0.4324074074074074,1786399970.5292542
3,5015,0.3838803768157959,0.4323377581120944,1786399970.620901
3,5016,0.4976809620857239,0.43245227606461084,1786399970.720249
3,5017,0.4280124306678772,0.4329312865497076,1786399970.82255
3,5018,0.655014157295227,0.433042212518195,1786399970.912662
3,5019,0.5260134935379028,0.43333333333333335,1786399971.0029788
3,5020,0.3860507607460022,0.4338023088023088,1786399971.1010053
3,5021,0.4769432246685028,0.4324712643678161,1786399971.1928477
3,5022,0.6007115840911865,0.43186695278969955,1786399971.2851896
3,5023,0.4309292733669281,0.4321581196581197,1786399971.3746164
3,5024,0.4461333453655243,0.4322695035460993,1786399971.4643288
3,5025,0.5733894109725952,0.432909604519774,1786399971.5533519
3,5026,0.39379024505615234,0.43319268635724334,1786399971.6547055
3,5027,0.37836313247680664,0.4336484593837535,1786399971.7519245
3,5028,0.41085284948349,0.4342747559274756,1786399971.8491583
3,5029,0.3183874785900116,0.4345486111111111,1786399971.9459858
3,5030,0.4247782528400421,0.4341286307053942,1786399972.0377705
3,5031,0.45612144470214844,0.434400826446281,1786399972.138126
3,5032,0.4399927854537964,0.4348422496570645,1786399972.249134
3,5033,0.4139031767845154,0.43408469945355194,1786399972.3399456
3,5034,0.5090677738189697,0.4331632653061224,1786399972.43067
3,5035,0.5552543997764587,0.4330962059620596,1786399972.5303304
3,5036,0.6147989630699158,0.43201754385964913,1786399972.6375186
3,5037,0.3613179922103882,0.4331317204301075,1786399972.7276356
3,5038,0.5762007832527161,0.4328982597054886,1786399972.8181376
3,5039,0.5337942838668823,0.433,1786399972.9077709
3,5040,0.3978990316390991,0.43343293492695883,1786399972.9969206
3,5041,0.45068690180778503,0.43270502645502645,1786399973.087511
3,5042,0.4018174409866333,0.4331357048748353,1786399973.1894338
3,5043,0.3867224156856537,0.4333989501312336,1786399973.2852166
3,5044,0.5877208709716797,0.432843137254902,1786399973.3749745
3,5045,0.4192942976951599,0.4327799479166667,1786399973.4654522
3,5046,0.42734193801879883,0.43320363164721143,1786399973.5641985
3,5047,0.5510414838790894,0.4320090439276486,1786399973.6542647
3,5048,0.485219806432724,0.43227155727155725,1786399973.7517753
3,5049,0.4319400191307068,0.4323717948717949,1786399973.84199
3,5050,0.4954749345779419,0.43199233716475094,1786399973.9373012
3,5051,0.46265873312950134,0.43193384223918574,1786399974.0268729
3,5052,0.4539068937301636,0.4326679340937896,1786399974.1208901
3,5053,0.37165069580078125,0.43323863636363635,1786399974.2204092
3,5054,0.3630960285663605,0.43380503144654087,1786399974.3098574
3,5055,0.3954911231994629,0.43389724310776945,1786399974.4082181
3,5056,0.36397549510002136,0.43430087390761546,1786399974.497226
3,5057,0.3748723268508911,0.43470149253731344,1786399974.5955687
3,5058,0.32904288172721863,0.43525402726146223,1786399974.6992686
3,5059,0.3270527124404907,0.4361111111111111,1786399974.7887886
3,5060,0.6467376947402954,0.43588560885608857,1786399974.8784328
3,5061,0.44970881938934326,0.43443627450980393,1786399974.968149
3,5062,0.4305504858493805,0.4339133089133089,1786399975.0683706
3,5063,0.3788173496723175,0.43385036496350365,1786399975.1649218
3,5064,0.36441469192504883,0.4340909090909091,1786399975.258803
3,5065,0.5691848993301392,0.43432971014492755,1786399975.3483346
3,5066,0.4891142249107361,0.4348676293622142,1786399975.4447212
3,5067,0.3397189974784851,0.4352517985611511,1786399975.5330782
3,5068,0.3193643093109131,0.4362305854241338,1786399975.6226437
3,5069,0.4149061143398285,0.4361607142857143,1786399975.7156503
3,5070,0.5516109466552734,0.4357947805456702,1786399975.8054802
3,5071,0.4572274386882782,0.43498817966903075,1786399975.898826
3,5072,0.5679504871368408,0.43507067137809186,1786399975.9938905
3,5073,0.8118554353713989,0.4339788732394366,1786399976.0846658
3,5074,0.7457256317138672,0.433625730994152,1786399976.1766858
3,5075,0.44610071182250977,0.43283799533799533,1786399976.280653
3,5076,0.49047428369522095,0.4336527293844367,1786399976.3713386
3,5077,0.4079412817955017,0.4340277777777778,1786399976.4742455
3,5078,0.7483593225479126,0.4341118800461361,1786399976.5676572
3,5079,0.38886889815330505,0.43376436781609196,1786399976.6685555
3,5080,0.5366274118423462,0.4327033218785796,1786399976.768822
3,5081,0.45399633049964905,0.432791095890411,1786399976.8586416
3,5082,0.5010501146316528,0.43302047781569963,1786399976.9491727
3,5083,0.508439302444458,0.4329648526077097,1786399977.0379186
3,5084,0.44992485642433167,0.4327683615819209,1786399977.1337337
3,5085,0.39007872343063354,0.43355855855855857,1786399977.2346108
3,5086,0.6922560930252075,0.43364197530864196,1786399977.3245504
3,5087,0.37011903524398804,0.43400447427293065,1786399977.4217288
3,5088,0.3988126814365387,0.4331103678929766,1786399977.5124202
3,5089,0.43499836325645447,0.4334722222222222,1786399977.6024902
3,5090,0.4599926471710205,0.4331395348837209,1786399977.703577
3,5091,0.4228988587856293,0.4330849889624724,1786399977.7921956
3,5092,0.4197664260864258,0.4328932893289329,1786399977.8815908
3,5093,0.5353049039840698,0.43270285087719296,1786399977.9806972
3,5094,0.423201322555542,0.4326502732240437,1786399978.0701635
3,5095,0.465790718793869,0.4327342047930283,1786399978.1602004
3,5096,0.35352808237075806,0.43295331161780676,1786399978.2528625
3,5097,0.4210330545902252,0.4330357142857143,1786399978.3429508
3,5098,0.5313895344734192,0.43338727076591155,1786399978.4335225
3,5099,0.49992042779922485,0.4331989247311828,1786399978.5234656
3,5100,0.4252110421657562,0.432475884244373,1786399978.620962
3,5101,0.42583614587783813,0.4328258547008547,1786399978.7158873
3,5102,0.3254668712615967,0.4331735889243876,1786399978.8071544
3,5103,0.48919618129730225,0.43365180467091297,1786399978.8983736
3,5104,0.3701145350933075,0.433994708994709,1786399978.995626
3,5105,0.4128250181674957,0.4340717299578059,1786399979.0869281
3,5106,0.36740514636039734,0.4344111461619348,1786399979.1775877
3,5107,0.5268008708953857,0.4337002096436059,1786399979.2675567
3,5108,0.38766539096832275,0.43403866248693834,1786399979.3706837
3,5109,0.46376436948776245,0.434375,1786399979.468291
3,5110,0.4406852126121521,0.434190031152648,1786399979.5577266
3,5111,0.41576260328292847,0.4338768115942029,1786399979.6472094
3,5112,0.3525112271308899,0.4330495356037152,1786399979.7390857
3,5113,0.36600905656814575,0.43364197530864196,1786399979.832789
3,5114,0.5353360772132874,0.4326923076923077,1786399979.9224153
3,5115,0.4664323925971985,0.43341002044989774,1786399980.0132635
3,5116,0.4279060661792755,0.4336136595310907,1786399980.1049588
3,5117,0.3773611783981323,0.4326727642276423,1786399980.2069273
3,5118,0.4206032454967499,0.4331306990881459,1786399980.296725
3,5119,0.38749462366104126,0.43345959595959593,1786399980.3878427
3,5120,0.36607879400253296,0.4335347432024169,1786399980.4771461
3,5121,0.46154922246932983,0.4327309236947791,1786399980.5741951
3,5122,0.43528708815574646,0.43243243243243246,1786399980.6709085
3,5123,0.39322414994239807,0.43263473053892215,1786399980.7718012
3,5124,0.6294944882392883,0.43196517412935326,1786399980.8695848
3,5125,0.621440052986145,0.43191964285714285,1786399980.9594173
3,5126,0.43264371156692505,0.43224530168150344,1786399981.0484989
3,5127,0.570564329624176,0.4312130177514793,1786399981.1396272
3,5128,0.6451819539070129,0.4314159292035398,1786399981.2302272
3,5129,0.4725322127342224,0.4308823529411765,1786399981.3204162
3,5130,0.733718752861023,0.4310850439882698,1786399981.4115005
3,5131,0.383679062128067,0.43116471734892786,1786399981.500287
3,5132,0.4597409963607788,0.4303935860058309,1786399981.590261
3,5133,0.44725891947746277,0.42962693798449614,1786399981.680269
3,5134,0.6257040500640869,0.4288647342995169,1786399981.7704403
3,5135,0.3514779210090637,0.4293111753371869,1786399981.8620946
3,5136,0.5927461981773376,0.4287944284341979,1786399981.9535515
3,5137,0.442108690738678,0.4281609195402299,1786399982.0451007
3,5138,0.5669183731079102,0.4278892072588348,1786399982.1373825
3,5139,0.6436227560043335,0.4272619047619048,1786399982.2284749
3,5140,0.5457770228385925,0.42711301044634375,1786399982.31875
3,5141,0.47371554374694824,0.4264914772727273,1786399982.4213681
3,5142,0.4898431599140167,0.4256373937677054,1786399982.5233147
3,5143,0.4229334592819214,0.4259651600753296,1786399982.6191397
3,5144,0.40424054861068726,0.4254694835680751,1786399982.7112544
3,5145,0.46308067440986633,0.425561797752809,1786399982.8025599
3,5146,0.3839259147644043,0.42588702147525676,1786399982.9000537
3,5147,0.36318209767341614,0.4263268156424581,1786399982.991723
3,5148,0.5385743379592896,0.42618384401114207,1786399983.0928483
3,5149,0.43352627754211426,0.42627314814814815,1786399983.1967444
3,5150,0.5387638807296753,0.42670821791320407,1786399983.3001268
3,5151,0.37859565019607544,0.42748618784530384,1786399983.3938394
3,5152,0.4113174080848694,0.42757116620752983,1786399983.4890478
3,5153,0.39520174264907837,0.42765567765567764,1786399983.579896
3,5154,0.318763792514801,0.4284246575342466,1786399983.671391
3,5155,0.3803955018520355,0.42873406193078323,1786399983.7709808
3,5156,0.436506986618042,0.4284741144414169,1786399983.8627036
3,5157,0.40872764587402344,0.42787590579710144,1786399983.9551682
3,5158,0.38573983311653137,0.4271680216802168,1786399984.046454
3,5159,0.3854360580444336,0.4275900900900901,1786399984.1486921
3,5160,0.45614466071128845,0.4274483378256963,1786399984.2523289
3,5161,0.54618239402771,0.426747311827957,1786399984.3507411
3,5162,0.853451132774353,0.42649687220732796,1786399984.4503398
3,5163,0.4701783061027527,0.4269162210338681,1786399984.5389788
3,5164,0.6539734601974487,0.4268888888888889,1786399984.6400225
3,5165,0.4389159381389618,0.42597517730496454,1786399984.7306597
3,5166,0.4816613793373108,0.4259504862953139,1786399984.8243995
3,5167,0.4635159969329834,0.42658730158730157,1786399984.927586
3,5168,0.5244996547698975,0.4266710642040457,1786399985.0314593
3,5169,0.39901861548423767,0.4267543859649123,1786399985.1315045
3,5170,0.3948588967323303,0.4272747156605424,1786399985.2236865
3,5171,0.5446736216545105,0.4269197207678883,1786399985.3224888
3,5172,0.4302292466163635,0.42732811140121846,1786399985.4217443
3,5173,0.3960514962673187,0.4278428819444444,1786399985.5109665
3,5174,0.34841006994247437,0.42857142857142855,1786399985.6146214
3,5175,0.4142085909843445,0.42810880829015546,1786399985.7040703
3,5176,0.47368133068084717,0.42786391042204996,1786399985.8003354
3,5177,0.4589083790779114,0.42826460481099654,1786399985.895237
3,5178,0.4256398379802704,0.4282347900599829,1786399985.9940248
3,5179,0.6040899753570557,0.4284188034188034,1786399986.0913994
3,5180,0.4339978098869324,0.42838874680306904,1786399986.1913621
3,5181,0.49903950095176697,0.42803996598639454,1786399986.2825353
3,5182,0.5244750380516052,0.42843511450381677,1786399986.3822951
3,5183,0.3704000413417816,0.42851099830795264,1786399986.4723701
3,5184,0.4322981834411621,0.4289029535864979,1786399986.5737274
3,5185,0.3819286525249481,0.42887205387205385,1786399986.670122
3,5186,0.3913152515888214,0.42894626364399663,1786399986.7721472
3,5187,0.40095973014831543,0.4291247906197655,1786399986.8628426
3,5188,0.5228747725486755,0.4282581453634085,1786399986.9533162
3,5189,0.41157811880111694,0.42854166666666665,1786399987.0565474
3,5190,0.4392346143722534,0.4285120532003325,1786399987.1503265
3,5191,0.36036303639411926,0.4288971807628524,1786399987.251984
3,5192,0.3482414186000824,0.428970223325062,1786399987.3451793
3,5193,0.4592962861061096,0.429042904290429,1786399987.438761
3,5194,0.38826683163642883,0.4294238683127572,1786399987.5295868
3,5195,0.3049018681049347,0.43011083743842365,1786399987.6315563
3,5196,0.39285245537757874,0.4296683046683047,1786399987.734584
3,5197,0.489971399307251,0.4293300653594771,1786399987.8270187
3,5198,0.5601532459259033,0.4288916055419723,1786399987.9320695
3,5199,0.35119757056236267,0.4292682926829268,1786399988.021294
3,5200,0.5187325477600098,0.42923763179237634,1786399988.1127427
3,5201,0.3315128684043884,0.4300161812297735,1786399988.2143633
3,5202,0.33540454506874084,0.4293785310734463,1786399988.3067017
3,5203,0.6168415546417236,0.4296497584541063,1786399988.410215
3,5204,0.3733142018318176,0.4299196787148594,1786399988.5007296
3,5205,0.5101099610328674,0.4303886217948718,1786399988.6070342
3,5206,0.343802809715271,0.4309552358113509,1786399988.6990225
3,5207,0.6964977383613586,0.4307216905901116,1786399988.791475
3,5208,0.42788705229759216,0.4311853619729515,1786399988.8949642
3,5209,0.3170202970504761,0.43134920634920637,1786399988.993971
3,5210,0.410154789686203,0.43101741884402217,1786399989.0860744
3,5211,0.3225308060646057,0.4316745655608215,1786399989.1860762
3,5212,0.4122423529624939,0.4310480693459417,1786399989.28496
3,5213,0.48169776797294617,0.43130896226415094,1786399989.3871534
3,5214,0.45112961530685425,0.4314705882352941,1786399989.49009
3,5215,0.4057869613170624,0.4309467918622848,1786399989.5869944
3,5216,0.5312391519546509,0.43081576893052304,1786399989.6834314
3,5217,0.4472581148147583,0.4310747663551402,1786399989.7842162
3,5218,0.7836453318595886,0.43074980574980576,1786399989.8765008
3,5219,0.4899289011955261,0.4309108527131783,1786399989.9662466
3,5220,0.5079021453857422,0.43116782675947407,1786399990.0576468
3,5221,0.49963730573654175,0.4314236111111111,1786399990.1472075
3,5222,0.44612032175064087,0.43071593533487296,1786399990.238284
3,5223,0.5237635374069214,0.43068356374807987,1786399990.3271444
3,5224,0.607418417930603,0.4304597701149425,1786399990.416549
3,5225,0.37329089641571045,0.43061926605504586,1786399990.5072186
3,5226,0.48492616415023804,0.43087337909992374,1786399990.5979254
3,5227,0.48229801654815674,0.4306506849315068,1786399990.6936226
3,5228,0.4676312208175659,0.43090356871678054,1786399990.7942634
3,5229,0.48336097598075867,0.43106060606060603,1786399990.896135
3,5230,0.4288932979106903,0.43036659108087677,1786399990.9894626
3,5231,0.5908973813056946,0.4304298642533937,1786399991.088932
3,5232,0.3692471981048584,0.43002257336343114,1786399991.1794546
3,5233,0.4861403703689575,0.4299924924924925,1786399991.2738
3,5234,0.36844050884246826,0.43014981273408237,1786399991.3648267
3,5235,0.3894054889678955,0.429745889387145,1786399991.4571583
3,5236,0.3410090208053589,0.430089485458613,1786399991.5483878
3,5237,0.6703473925590515,0.43015252976190477,1786399991.6510146
3,5238,0.4188179075717926,0.4304008908685969,1786399991.741456
3,5239,0.4447229206562042,0.43074074074074076,1786399991.8423123
3,5240,0.6021882891654968,0.4300628233555063,1786399991.9440994
3,5241,0.39007681608200073,0.430033185840708,1786399992.0410542
3,5242,0.381533145904541,0.4301876379690949,1786399992.132678
3,5243,0.29894784092903137,0.43034140969163,1786399992.2280679
3,5244,0.6313998699188232,0.42994505494505497,1786399992.3194518
3,5245,0.4598901569843292,0.4300986842105263,1786399992.418463
3,5246,0.38192400336265564,0.43034281546316555,1786399992.5100229
3,5247,0.4520998001098633,0.43058588064046577,1786399992.6081214
3,5248,0.4782543182373047,0.43028322440087147,1786399992.6992722
3,5249,0.5158966779708862,0.42971014492753623,1786399992.7971869
3,5250,0.37884992361068726,0.42913955169920465,1786399992.8894606
3,5251,0.2902049720287323,0.42938311688311687,1786399992.9814587
3,5252,0.4899194836616516,0.42971562275018,1786399993.0834084
3,5253,0.4836653470993042,0.42932830459770116,1786399993.1734548
3,5254,0.33603060245513916,0.4295698924731183,1786399993.2753787
3,5255,0.3554114103317261,0.429810443490701,1786399993.3654044
3,5256,0.44370153546333313,0.42906852248394006,1786399993.4706168
3,5257,0.43817758560180664,0.4291310541310541,1786399993.5652318
3,5258,0.39212682843208313,0.42919331911869224,1786399993.6556277
3,5259,0.5141129493713379,0.42854609929078014,1786399993.7458656
3,5260,0.512046217918396,0.4289631988676575,1786399993.846668
3,5261,0.3452262282371521,0.4294668079096045,1786399993.9518054
3,5262,0.6526244878768921,0.4295278365045807,1786399994.0484352
3,5263,0.5135402083396912,0.42914908579465544,1786399994.1387413
3,5264,0.6401714086532593,0.42903508771929827,1786399994.237082
3,5265,0.47725415229797363,0.42944677871148457,1786399994.3358123
3,5266,0.6498489379882812,0.4295946890286513,1786399994.4273639
3,5267,0.5850875377655029,0.4293061366806137,1786399994.530305
3,5268,0.37260982394218445,0.42954070981210857,1786399994.6222548
3,5269,0.44193699955940247,0.4290798611111111,1786399994.721932
3,5270,0.6517964601516724,0.42905405405405406,1786399994.8189065
3,5271,0.4397698938846588,0.4290283540802213,1786399994.908586
3,5272,0.46119070053100586,0.42848516218081434,1786399995.0010474
3,5273,0.5707857012748718,0.4287190082644628,1786399995.1004543
3,5274,0.4304927587509155,0.4292096219931271,1786399995.1986089
3,5275,0.557693362236023,0.42901234567901236,1786399995.2894185
3,5276,0.29528000950813293,0.4293292265571526,1786399995.3978817
3,5277,0.34875738620758057,0.4296448087431694,1786399995.4883492
3,5278,0.4219631254673004,0.4296182685753238,1786399995.5800426
3,5279,0.4126896262168884,0.42916666666666664,1786399995.6798134
3,5280,0.4418899118900299,0.428377460964019,1786399995.7716658
3,5281,0.5677067637443542,0.42860772357723576,1786399995.8620784
3,5282,0.367474228143692,0.4281609195402299,1786399995.9536183
3,5283,0.42993074655532837,0.42813765182186236,1786399996.061006
3,5284,0.4324047565460205,0.42828282828282827,1786399996.1544898
3,5285,0.45204558968544006,0.4283434139784946,1786399996.2460139
3,5286,0.32418397068977356,0.4289067739771965,1786399996.3367538
3,5287,0.33829739689826965,0.42904953145917,1786399996.4274871
3,5288,0.6793164610862732,0.42844021376085506,1786399996.5186791
3,5289,0.41596826910972595,0.428,1786399996.6203644
3,5290,0.4539155960083008,0.4278942115768463,1786399996.7197778
3,5291,0.356317400932312,0.42795484727755645,1786399996.8112955
3,5292,0.4449259042739868,0.4273525513585156,1786399996.9199574
3,5293,0.512273907661438,0.4267526455026455,1786399997.0116005
3,5294,0.41607892513275146,0.42714521452145215,1786399997.1039207
3,5295,0.606715738773346,0.4272891963109354,1786399997.1959145
3,5296,0.5673019886016846,0.42693951347797504,1786399997.3000247
3,5297,0.448142409324646,0.427247375328084,1786399997.3915381
3,5298,0.5951440930366516,0.4271447282252783,1786399997.4883244
3,5299,0.4037263095378876,0.4273692810457516,1786399997.587505
3,5300,1.0509108304977417,0.4275114155251142,1786399997.679479
3,5301,0.4097236394882202,0.427490234375,1786399997.7786946
3,5302,0.7171317338943481,0.42714424951267055,1786399997.8685727
3,5303,0.4562757909297943,0.4272859922178988,1786399997.9706602
3,5304,0.41560423374176025,0.4273462783171521,1786399998.0679345
3,5305,0.3602241277694702,0.4277293281653747,1786399998.1579819
3,5306,0.30311617255210876,0.4277885235332044,1786399998.2543972
3,5307,0.454711377620697,0.42712355212355213,1786399998.3471615
3,5308,0.46163493394851685,0.42718368657675015,1786399998.4376068
3,5309,0.49721723794937134,0.42732371794871793,1786399998.536726
3,5310,0.4061517119407654,0.427703134996801,1786399998.6454365
3,5311,0.3647081255912781,0.428081098339719,1786399998.7360137
3,5312,0.3809489607810974,0.42829827915869984,1786399998.8331342
3,5313,0.4197861850261688,0.4283555979643766,1786399998.924003
3,5314,0.42929530143737793,0.42857142857142855,1786399999.0148418
3,5315,0.37831753492355347,0.4282319391634981,1786399999.1162174
3,5316,0.5424037575721741,0.4286053130929791,1786399999.2067003
3,5317,0.4596015214920044,0.42826704545454547,1786399999.309942
3,5318,0.4261624813079834,0.42856017643352234,1786399999.4007869
3,5319,0.4080001413822174,0.4285377358490566,1786399999.4910817
3,5320,0.4293700158596039,0.4286723163841808,1786399999.5828204
3,5321,0.6229410767555237,0.4284147869674185,1786399999.6829724
3,5322,0.527740478515625,0.4281582238899312,1786399999.7840946
3,5323,0.379388689994812,0.4286048689138577,1786399999.8788712
3,5324,0.6033746004104614,0.4287383177570093,1786399999.970454
3,5325,0.3197088837623596,0.42824937810945274,1786400000.0608394
3,5326,0.4598277807235718,0.42830540037243947,1786400000.1601229
3,5327,0.32873204350471497,0.4284386617100372,1786400000.2509136
3,5328,0.5418171286582947,0.4288033395176252,1786400000.3432436
3,5329,0.3973159193992615,0.42901234567901236,1786400000.4379966
3,5330,0.4423156976699829,0.42898952556993225,1786400000.5287032
3,5331,0.4111980199813843,0.42904366543665434,1786400000.6225638
3,5332,0.5557692646980286,0.42879066912216085,1786400000.7233114
3,5333,0.38572001457214355,0.4291513480392157,1786400000.8171115
3,5334,0.5788171887397766,0.4290519877675841,1786400000.915564
3,5335,0.45183175802230835,0.4293345543345543,1786400001.0068505
3,5336,0.43537402153015137,0.42938756855575866,1786400001.1109943
3,5337,0.40336742997169495,0.42928832116788324,1786400001.201812
3,5338,0.3420298397541046,0.4294171220400729,1786400001.2937088
3,5339,0.42226773500442505,0.4296969696969697,1786400001.386228
3,5340,0.4172517657279968,0.4296733212341198,1786400001.4803414
3,5341,0.509101152420044,0.42934782608695654,1786400001.5813787
3,5342,0.5775548815727234,0.4294755877034358,1786400001.6838603
3,5343,0.3495943248271942,0.42915162454873645,1786400001.7838273
3,5344,0.6678422689437866,0.42905405405405406,1786400001.8740735
3,5345,0.5242449045181274,0.42903177458033576,1786400001.9648964
3,5346,0.3173239231109619,0.42915918611609816,1786400002.056358
3,5347,0.38233253359794617,0.429136798088411,1786400002.1493025
3,5348,0.3223065435886383,0.4287418008348241,1786400002.241423
3,5349,0.5863717794418335,0.4288690476190476,1786400002.3444428
3,5350,0.3686300218105316,0.42914438502673796,1786400002.4458377
3,5351,0.3826337456703186,0.4294187425860024,1786400002.5366695
3,5352,0.5079349875450134,0.4293220840734162,1786400002.6420846
3,5353,0.4166907072067261,0.4295212765957447,1786400002.7341337
3,5354,0.37761563062667847,0.43001474926253686,1786400002.8244975
3,5355,0.4321502447128296,0.4300647820965842,1786400002.9198966
3,5356,0.3610757887363434,0.429673721340388,1786400003.011295
3,5357,0.42952850461006165,0.43009096244131456,1786400003.1027718
3,5358,0.6504047513008118,0.4302870533099004,1786400003.1962738
3,5359,0.5473445653915405,0.4303362573099415,1786400003.2969513
3,5360,0.5348352193832397,0.4299474605954466,1786400003.3892012
3,5361,0.3291923999786377,0.4294143356643357,1786400003.4796512
3,5362,0.47259441018104553,0.4295375218150087,1786400003.577026
3,5363,0.5380864143371582,0.4291521486643438,1786400003.6678889
3,5364,0.406086266040802,0.42942028985507247,1786400003.7713275
3,5365,0.6893414258956909,0.4291087962962963,1786400003.866511
3,5366,0.3839187026023865,0.4293038705950318,1786400003.9617841
3,5367,0.3625314235687256,0.4295703575547866,1786400004.0613885
3,5368,0.4329898953437805,0.4295480713874496,1786400004.153401
3,5369,0.7531334161758423,0.42916666666666664,1786400004.2500377
3,5370,0.3529171645641327,0.4294320137693632,1786400004.3580809
3,5371,0.45920872688293457,0.42941008018327603,1786400004.4488668
3,5372,0.4522066116333008,0.42945969125214406,1786400004.539594
3,5373,0.41623273491859436,0.4295091324200913,1786400004.6312
3,5374,0.5655342936515808,0.4292022792022792,1786400004.734412
3,5375,0.39935675263404846,0.4293230944254835,1786400004.843026
3,5376,0.575371503829956,0.4290885860306644,1786400004.9334116
3,5377,0.3708299398422241,0.42850056689342403,1786400005.0250583
3,5378,0.44287732243537903,0.42876344086021506,1786400005.117196
3,5379,0.7276708483695984,0.4285310734463277,1786400005.2194247
3,5380,0.34567153453826904,0.4289340101522843,1786400005.3198125
3,5381,0.4607405960559845,0.42905405405405406,1786400005.4138355
3,5382,0.3554528057575226,0.4292439572793704,1786400005.5045755
3,5383,0.3376759886741638,0.4297138047138047,1786400005.6051006
3,5384,0.8395053148269653,0.42927170868347336,1786400005.6965191
3,5385,0.4781227707862854,0.4293903803131991,1786400005.786413
3,5386,0.3882242441177368,0.42902010050251255,1786400005.8878894
3,5387,0.43584585189819336,0.42879041248606464,1786400005.9778867
3,5388,0.5398555994033813,0.4290484140233723,1786400006.0682347
3,5389,0.6059027910232544,0.42875,1786400006.159752
3,5390,0.43746912479400635,0.42893788130892957,1786400006.2514253
3,5391,0.5426992177963257,0.428640642303433,1786400006.3441575
3,5392,0.4018375277519226,0.4287589828634605,1786400006.4340856
3,5393,0.5154626965522766,0.4283940397350993,1786400006.5271177
3,5394,0.562073826789856,0.42830578512396694,1786400006.6258752
3,5395,0.4478117823600769,0.42835533553355337,1786400006.7284977
3,5396,0.5997662544250488,0.42799286106534873,1786400006.8307087
3,5397,0.4077717363834381,0.42804276315789475,1786400006.9300282
3,5398,0.4086802899837494,0.42768199233716475,1786400007.0314555
3,5399,0.7656663656234741,0.42773224043715846,1786400007.121417
3,5400,0.4933334290981293,0.4278505182760502,1786400007.2109346
3,5401,0.33854374289512634,0.4283769063180828,1786400007.3069398
3,5402,0.4973424971103668,0.4280859162588363,1786400007.4095356
3,5403,0.3779699206352234,0.42840662323561346,1786400007.501742
3,5404,0.3874467611312866,0.42865853658536585,1786400007.6017704
3,5405,0.5469973087310791,0.42863906926406925,1786400007.6927729
3,5406,0.5251761674880981,0.4288897893030794,1786400007.7830837
3,5407,0.39351484179496765,0.4290722761596548,1786400007.8842528
3,5408,0.6738762855529785,0.4291868605277329,1786400007.9872663
3,5409,0.46014243364334106,0.4290994623655914,1786400008.0785942
3,5410,0.3993580937385559,0.42914653784219003,1786400008.1707833
3,5411,0.4689653515815735,0.42892550911039656,1786400008.2625344
3,5412,0.38364315032958984,0.42897271268057785,1786400008.3558595
3,5413,0.4026879072189331,0.42895299145299143,1786400008.4570258
3,5414,0.6222045421600342,0.4291333333333333,1786400008.5460873
3,5415,0.5595523118972778,0.4292465388711395,1786400008.640962
3,5416,0.3428739607334137,0.42955874534821903,1786400008.7415736
3,5417,0.39888596534729004,0.4298036093418259,1786400008.8434527
3,5418,0.406268447637558,0.43011393746687865,1786400008.935031
3,5419,0.36464762687683105,0.42982804232804234,1786400009.0308075
3,5420,0.4514160752296448,0.42993924986793447,1786400009.1205351
3,5421,0.5129329562187195,0.43018196202531644,1786400009.221771
3,5422,0.441494882106781,0.43022643496577145,1786400009.3213208
3,5423,0.35017767548561096,0.4303364879074658,1786400009.4130087
3,5424,0.37940382957458496,0.4304461942257218,1786400009.504424
3,5425,0.420828253030777,0.43016247379454925,1786400009.6071405
3,5426,0.5815821290016174,0.43001046572475143,1786400009.7091367
3,5427,0.5526918172836304,0.429858934169279,1786400009.8062544
3,5428,0.49346083402633667,0.4299034950443401,1786400009.9044416
3,5429,0.677314281463623,0.4293619791666667,1786400010.00326
3,5430,0.3442426919937134,0.4295371814872595,1786400010.0934098
3,5431,0.7659856081008911,0.4291926272066459,1786400010.2007892
3,5432,0.37071481347084045,0.42897874546397097,1786400010.3040056
3,5433,0.5531160235404968,0.42883022774327123,1786400010.394731
3,5434,0.39087027311325073,0.42887596899224806,1786400010.4831698
3,5435,0.5164008140563965,0.42879256965944273,1786400010.5861945
3,5436,0.4843433201313019,0.42909582689335396,1786400010.6761298
3,5437,0.44016698002815247,0.42920524691358025,1786400010.7779644
3,5438,0.6173301935195923,0.429185927067283,1786400010.874467
3,5439,0.4241330325603485,0.42923076923076925,1786400010.9759033
3,5440,0.676612138748169,0.42908346134152586,1786400011.0667257
3,5441,0.43356069922447205,0.4294478527607362,1786400011.1580017
3,5442,0.4111345708370209,0.42955589586523735,1786400011.2602158
3,5443,0.38523441553115845,0.4295998980632008,1786400011.352006
3,5444,0.40332210063934326,0.4297709923664122,1786400011.444846
3,5445,0.4316841661930084,0.4299415650406504,1786400011.5339148
3,5446,0.6278362274169922,0.42992135971588025,1786400011.6351523
3,5447,0.4399990737438202,0.42990121580547114,1786400011.7249825
3,5448,0.5530460476875305,0.4298811330298432,1786400011.8268576
3,5449,0.4437379539012909,0.42954545454545456,1786400011.9176092
3,5450,0.6349728107452393,0.42939989914271304,1786400012.0177996
3,5451,0.427700400352478,0.4295065458207452,1786400012.1204102
3,5452,0.3952749967575073,0.4297385620915033,1786400012.227666
3,5453,0.5665516257286072,0.4297816265060241,1786400012.31892
3,5454,0.6620330810546875,0.42988721804511276,1786400012.4089968
3,5455,0.4572165608406067,0.42955455455455455,1786400012.4993088
3,5456,0.451506108045578,0.4297226386806597,1786400012.590328
3,5457,0.5583950281143188,0.42995259481037923,1786400012.6820252
3,5458,0.533024787902832,0.4298704534130543,1786400012.7752216
3,5459,0.5541255474090576,0.42960199004975125,1786400012.880175
3,5460,0.4399600625038147,0.42976900149031294,1786400012.9769094
3,5461,0.44035595655441284,0.43005952380952384,1786400013.0674083
3,5462,0.6952049136161804,0.4299157999009411,1786400013.165776
3,5463,0.5208088755607605,0.4300197823936696,1786400013.2633905
3,5464,0.5272689461708069,0.4298148148148148,1786400013.3549018
3,5465,0.3435354232788086,0.42979536489151876,1786400013.4543488
3,5466,0.6927903890609741,0.42971442639094043,1786400013.5439079
3,5467,0.33975479006767273,0.4292649950835792,1786400013.6332035
3,5468,0.45106950402259827,0.42949189985272457,1786400013.7286553
3,5469,0.41545167565345764,0.42953431372549017,1786400013.817568
3,5470,0.4282342791557312,0.429637787567303,1786400013.9175174
3,5471,0.5446364283561707,0.4296798631476051,1786400014.008717
3,5472,0.3822140097618103,0.4298438262567106,1786400014.099369
3,5473,0.37326717376708984,0.429885477582846,1786400014.1921952
3,5474,0.35617417097091675,0.4299270072992701,1786400014.2917209
3,5475,0.3395644426345825,0.43033284742468414,1786400014.3942692
3,5476,0.2913181185722351,0.43079815623483747,1786400014.4857204
3,5477,0.352414608001709,0.43108042635658916,1786400014.574975
3,5478,0.48889344930648804,0.4312409288824383,1786400014.676595
3,5479,0.4136093556880951,0.4307367149758454,1786400014.768321
3,5480,0.32614830136299133,0.4307163531114327,1786400014.8664865
3,5481,0.3666095733642578,0.4309971098265896,1786400014.9603984
3,5482,0.8056464195251465,0.43073593073593075,1786400015.0627787
3,5483,0.3987964391708374,0.4303554274735831,1786400015.1647089
3,5484,0.46313905715942383,0.4303357314148681,1786400015.254467
3,5485,0.4754202663898468,0.43013649425287354,1786400015.3470523
3,5486,0.45113396644592285,0.430117168818747,1786400015.4444337
3,5487,0.38603833317756653,0.43045606494746896,1786400015.534326
3,5488,0.4052533507347107,0.43091320934668575,1786400015.6244082
3,5489,0.5170791149139404,0.43089285714285713,1786400015.7222393
3,5490,0.4592975080013275,0.4309320019020447,1786400015.8123248
3,5491,0.4153364896774292,0.4310303893637227,1786400015.9057825
3,5492,0.4723793566226959,0.4309506875296349,1786400015.9963658
3,5493,0.5898116230964661,0.4309895833333333,1786400016.090438
3,5494,0.47703734040260315,0.43108747044917256,1786400016.1815145
3,5495,0.7112659215927124,0.4311260623229462,1786400016.2721586
3,5496,0.48887836933135986,0.43122347949080625,1786400016.3637593
3,5497,0.5432940721511841,0.4313206214689266,1786400016.454176
3,5498,0.299756795167923,0.4317700987306065,1786400016.5443015
3,5499,0.3824392557144165,0.43204225352112674,1786400016.6365557
3,5500,0.43263208866119385,0.4321378340365682,1786400016.7290037
3,5501,0.5092639923095703,0.4323501872659176,1786400016.821178
3,5502,0.3651343584060669,0.4325035063113605,1786400016.9115527
3,5503,0.4649312496185303,0.4324813258636788,1786400017.002178
3,5504,0.38155001401901245,0.43257575757575756,1786400017.0937335
3,5505,0.45212703943252563,0.43261173184357543,1786400017.1838684
3,5506,0.4825977683067322,0.43247326824732685,1786400017.2753012
3,5507,0.7481932044029236,0.4321030640668524,1786400017.36713
3,5508,0.38231658935546875,0.4323133982382939,1786400017.467554
3,5509,0.5427370667457581,0.43246527777777777,1786400017.5699055
3,5510,0.4392707645893097,0.4324433656957929,1786400017.671417
3,5511,0.5149016380310059,0.4325946445060018,1786400017.761026
3,5512,0.47557178139686584,0.43257261410788383,1786400017.8521764
3,5513,0.4068482220172882,0.4326657458563536,1786400017.9439614
3,5514,0.3983045220375061,0.43270114942528737,1786400018.0346322
3,5515,0.38363516330718994,0.4329086317722681,1786400018.1339362
3,5516,0.4917675852775574,0.432714351215039,1786400018.2339287
3,5517,0.4643371105194092,0.4326350732600733,1786400018.328068
3,5518,0.4386228024959564,0.4327846364883402,1786400018.4359598
3,5519,0.6119396686553955,0.43230593607305934,1786400018.5267227
3,5520,0.4897918105125427,0.4319425444596443,1786400018.627425
3,5521,0.459111750125885,0.4317509107468124,1786400018.7183957
3,5522,0.6002211570739746,0.43138926784902226,1786400018.8084047
3,5523,0.633989691734314,0.43142597638510444,1786400018.9098525
3,5524,0.5210563540458679,0.4314625850340136,1786400019.000028
3,5525,0.5197250843048096,0.43132925724637683,1786400019.1003847
3,5526,0.4257779121398926,0.43113975576662145,1786400019.2025926
3,5527,0.4227951765060425,0.43089430894308944,1786400019.294662
3,5528,0.3881305158138275,0.43098782138024355,1786400019.3941774
3,5529,0.37768295407295227,0.43108108108108106,1786400019.4847965
3,5530,0.2808936834335327,0.4315114709851552,1786400019.57535
3,5531,0.7298926115036011,0.43154761904761907,1786400019.667654
3,5532,0.42225217819213867,0.4315836698070884,1786400019.7691777
3,5533,0.4415495991706848,0.43167562724014336,1786400019.8616765
3,5534,0.4564951956272125,0.43165548098434003,1786400019.9529798
3,5535,0.37874823808670044,0.4315236818588025,1786400020.0557373
3,5536,0.3597657382488251,0.43155957161981257,1786400020.145521
3,5537,0.48160606622695923,0.4315953654188948,1786400020.2369761
3,5538,0.3736588656902313,0.431964842011571,1786400020.3272586
3,5539,0.37524479627609253,0.4321111111111111,1786400020.4195416
3,5540,0.6925435066223145,0.43192410119840213,1786400020.5228937
3,5541,0.5284537672996521,0.43212544326241137,1786400020.6141002
3,5542,0.6300266981124878,0.4321602478972997,1786400020.7145994
3,5543,0.3959867060184479,0.4322502210433245,1786400020.8113413
3,5544,0.5024972558021545,0.43211920529801323,1786400020.9027843
3,5545,0.39633944630622864,0.43176807760141095,1786400021.004856
3,5546,0.4036019742488861,0.4318582122413034,1786400021.09439
3,5547,0.3303886950016022,0.43200307827616535,1786400021.1840487
3,5548,0.3948938250541687,0.43203776899429075,1786400021.2825725
3,5549,0.5485026836395264,0.4319627192982456,1786400021.3738647
3,5550,0.371124267578125,0.4319973718791064,1786400021.4635484
3,5551,0.3272278606891632,0.43214129483814523,1786400021.553017
3,5552,0.3971203565597534,0.43173875054609,1786400021.646004
3,5553,0.3947751224040985,0.43204624781849915,1786400021.7350245
3,5554,0.6902579665184021,0.43191721132897604,1786400021.8253407
3,5555,0.39213186502456665,0.4316797214969539,1786400021.915718
3,5556,0.3585350215435028,0.43193176879617556,1786400022.006111
3,5557,0.39085835218429565,0.43212890625,1786400022.1084287
3,5558,0.47413337230682373,0.4322171651495449,1786400022.2128232
3,5559,0.601294755935669,0.43198051948051946,1786400022.302961
3,5560,0.5803656578063965,0.43217682663207957,1786400022.3933902
3,5561,0.40327444672584534,0.4323186528497409,1786400022.483595
3,5562,0.5740054845809937,0.4319749892194912,1786400022.573623
3,5563,0.5059548616409302,0.4321167097329888,1786400022.6710696
3,5564,0.6590396165847778,0.4320430107526882,1786400022.7638693
3,5565,0.595368504524231,0.4320768900343643,1786400022.8597612
3,5566,0.45048901438713074,0.4321106821106821,1786400022.9500983
3,5567,0.3749752342700958,0.43203727506426737,1786400023.0407774
3,5568,0.6910692453384399,0.4319640564826701,1786400023.1334553
3,5569,0.4724322557449341,0.43199786324786327,1786400023.22425
3,5570,0.43231987953186035,0.43208493384549723,1786400023.3159049
3,5571,0.4918474555015564,0.4317988064791134,1786400023.4091723
3,5572,0.40473878383636475,0.43161983822903366,1786400023.5003693
3,5573,0.7196698188781738,0.4314944727891156,1786400023.5914297
3,5574,0.7152230739593506,0.4316348195329087,1786400023.6841428
3,5575,0.5195705890655518,0.43145674300254455,1786400023.775938
3,5576,0.4647409915924072,0.43143795002117746,1786400023.86733
3,5577,0.39165472984313965,0.4317364636209814,1786400023.9631002
3,5578,0.5095359683036804,0.4318757921419518,1786400024.0547106
3,5579,0.387539803981781,0.43190928270042195,1786400024.146632
3,5580,0.3950066864490509,0.4320480404551201,1786400024.238459
3,5581,0.5740166902542114,0.4321338383838384,1786400024.330066
3,5582,0.41838034987449646,0.4322719630096679,1786400024.4210703
3,5583,0.4800751209259033,0.4321998320738875,1786400024.5122106
3,5584,0.41313281655311584,0.43233752620545074,1786400024.6055906
3,5585,0.462871253490448,0.43242252931323283,1786400024.6969457
3,5586,0.39147716760635376,0.4323504809703053,1786400024.7923303
3,5587,0.38311922550201416,0.43243525480367584,1786400024.8933883
3,5588,0.32426461577415466,0.43210262828535667,1786400024.9855573
3,5589,0.3591560125350952,0.43182291666666667,1786400025.0771985
3,5590,0.3944421112537384,0.43211610486891383,1786400025.1695025
3,5591,0.4714620113372803,0.43194098088113053,1786400025.2778914
3,5592,0.3761599063873291,0.43212951432129515,1786400025.3787253
3,5593,0.7295498847961426,0.4322139303482587,1786400025.478313
3,5594,0.47235164046287537,0.43219461697722567,1786400025.5701663
3,5595,0.49389946460723877,0.43217535153019027,1786400025.6601799
3,5596,0.32719099521636963,0.43179471292854193,1786400025.752677
3,5597,0.43081027269363403,0.4319306930693069,1786400025.8554182
3,5598,0.45804309844970703,0.43196332921302016,1786400025.9466043
3,5599,0.48371994495391846,0.43189300411522635,1786400026.0370133
3,5600,0.40195536613464355,0.43192560624743115,1786400026.14408
3,5601,0.4129369854927063,0.4320607553366174,1786400026.236017
3,5602,0.3441537320613861,0.4315293152931529,1786400026.3361013
3,5603,0.5780522227287292,0.431459868959869,1786400026.4264717
3,5604,0.46276140213012695,0.4310838445807771,1786400026.5187786
3,5605,0.5057908296585083,0.43106617647058826,1786400026.611478
3,5606,0.4090408980846405,0.4310485516115871,1786400026.711256
3,5607,0.35394716262817383,0.4311328443357783,1786400026.804293
3,5608,0.40470293164253235,0.4309116809116809,1786400026.9027064
3,5609,0.5884785652160645,0.43089430894308944,1786400027.0035598
3,5610,0.31702500581741333,0.43107998375964274,1786400027.0951304
3,5611,0.4210723638534546,0.43126520681265207,1786400027.1875184
3,5612,0.446394681930542,0.4315512353179425,1786400027.2904084
3,5613,0.32752224802970886,0.43178600323624594,1786400027.3816586
3,5614,0.4528794586658478,0.4318181818181818,1786400027.4717264
3,5615,0.4940829575061798,0.43205205811138014,1786400027.5621815
3,5616,0.4058343768119812,0.43213422007255137,1786400027.656132
3,5617,0.387439489364624,0.432115539452496,1786400027.7479482
3,5618,0.5167270302772522,0.4317953357458786,1786400027.840757
3,5619,0.3796394467353821,0.43207831325301205,1786400027.9324782
3,5620,0.30292606353759766,0.4323606097071801,1786400028.0249515
3,5621,0.3893168866634369,0.4323918269230769,1786400028.1166947
3,5622,0.36556628346443176,0.43262304921968786,1786400028.209378
3,5623,0.49662166833877563,0.4326538768984812,1786400028.300146
3,5624,0.5840985178947449,0.43253493013972055,1786400028.3903587
3,5625,0.5819606781005859,0.4323664274322169,1786400028.4809186
3,5626,0.39475083351135254,0.43244723217841496,1786400028.5714934
3,5627,0.4682474434375763,0.43208035003977724,1786400028.6641989
3,5628,0.365456223487854,0.43216130313865714,1786400028.7573817
3,5629,0.6945152282714844,0.43219246031746034,1786400028.8495224
3,5630,0.4706507921218872,0.43227308759413396,1786400028.9429574
3,5631,0.5232290625572205,0.4323535233570863,1786400029.03507
3,5632,0.46677640080451965,0.4324337682878608,1786400029.1268709
3,5633,0.4255063235759735,0.4324644549763033,1786400029.2309043
3,5634,0.4981335997581482,0.4324950690335306,1786400029.3204012
3,5635,0.5775285959243774,0.43242710795902284,1786400029.4213781
3,5636,0.6619811654090881,0.4321625344352617,1786400029.5156095
3,5637,0.6554275751113892,0.4321933962264151,1786400029.614391
3,5638,0.47867506742477417,0.43217510797016095,1786400029.7035422
3,5639,0.398986279964447,0.43230392156862746,1786400029.8036356
3,5640,0.41564637422561646,0.4323345084214649,1786400029.8932252
3,5641,0.4284440279006958,0.4323650234741784,1786400029.9826293
3,5642,0.37340959906578064,0.4324443141852286,1786400030.0755558
3,5643,0.4606272578239441,0.4325234192037471,1786400030.1693826
3,5644,0.36580267548561096,0.4323099415204678,1786400030.2709174
3,5645,0.4970797896385193,0.4322916666666667,1786400030.3670216
3,5646,0.6028559803962708,0.43203033838973165,1786400030.4650629
3,5647,0.5259631276130676,0.4317210567210567,1786400030.5546837
3,5648,0.6044286489486694,0.431558013193636,1786400030.6523514
3,5649,0.46495184302330017,0.4315406976744186,1786400030.7423666
3,5650,0.2976265549659729,0.43176538908246226,1786400030.8319483
3,5651,0.3728991448879242,0.4315061871616396,1786400030.9252143
3,5652,0.35693949460983276,0.43177867902665124,1786400031.0170474
3,5653,0.4589132070541382,0.43190586419753085,1786400031.107542
3,5654,0.5664321184158325,0.43184007707129096,1786400031.2007778
3,5655,0.4016066789627075,0.4319668976135489,1786400031.300603
3,5656,0.45307812094688416,0.43166089965397925,1786400031.3949518
3,5657,0.5386878848075867,0.43154761904761907,1786400031.4931746
3,5658,0.42386123538017273,0.4316743383199079,1786400031.5903523
3,5659,0.43220964074134827,0.43189655172413793,1786400031.6805198
3,5660,0.37856194376945496,0.4319269039418293,1786400031.7711008
3,5661,0.36910057067871094,0.43147935779816515,1786400031.8668573
3,5662,0.5525448322296143,0.4313669339442535,1786400031.9662347
3,5663,0.5050021409988403,0.4312070938215103,1786400032.0619051
3,5664,0.38727593421936035,0.4312857142857143,1786400032.1516163
3,5665,0.4776970446109772,0.4313641552511416,1786400032.2495966
3,5666,0.5058716535568237,0.431537438236412,1786400032.3451443
3,5667,0.6396936178207397,0.43118830675778286,1786400032.4438894
3,5668,0.49754631519317627,0.43140879787637465,1786400032.5461335
3,5669,0.42184484004974365,0.4316287878787879,1786400032.633949
3,5670,0.6188634037971497,0.4312807415815361,1786400032.731418
3,5671,0.5243882536888123,0.4314531368102797,1786400032.8208773
3,5672,0.5598136782646179,0.4318138920347301,1786400032.9117424
3,5673,0.7343062162399292,0.43151395173454,1786400033.0082738
3,5674,0.47826310992240906,0.4315442561205273,1786400033.0989933
3,5675,0.4047747850418091,0.43138638073739655,1786400033.1953154
3,5676,0.5059686899185181,0.43165163472378804,1786400033.2942135
3,5677,0.42070627212524414,0.4312593843843844,1786400033.3836052
3,5678,0.5504984855651855,0.4310554930633671,1786400033.490069
3,5679,0.5023543834686279,0.43066479400749064,1786400033.5794392
3,5680,0.462116539478302,0.4307426112981669,1786400033.6730917
3,5681,0.3881603479385376,0.43091367713004486,1786400033.7624555
3,5682,0.3582174479961395,0.43103770063456515,1786400033.8516698
3,5683,0.37379759550094604,0.43111483967188663,1786400033.9433253
3,5684,0.558875560760498,0.43119180633147114,1786400034.0343988
3,5685,0.39564716815948486,0.4313151041666667,1786400034.1343663
3,5686,0.47170108556747437,0.431298773690078,1786400034.2238808
3,5687,0.4454929530620575,0.43118968077208614,1786400034.3184304
3,5688,0.3883129358291626,0.43121987393400074,1786400034.4083533
3,5689,0.3420165777206421,0.4313888888888889,1786400034.4971838
3,5690,0.5825349688529968,0.4312800591934887,1786400034.598801
3,5691,0.608551025390625,0.43121766444937176,1786400034.6950336
3,5692,0.31428131461143494,0.43143226282761166,1786400034.7849348
3,5693,0.4387902617454529,0.43150811209439527,1786400034.874482
3,5694,0.40570926666259766,0.43149171270718234,1786400034.9642231
3,5695,0.34571218490600586,0.43170529801324503,1786400035.0538821
3,5696,0.5436064600944519,0.43173465637633224,1786400035.1429746
3,5697,0.4452872574329376,0.4314886196769457,1786400035.2340033
3,5698,0.3712367117404938,0.4317015034836817,1786400035.3227878
3,5699,0.40258023142814636,0.43173076923076925,1786400035.4131937
3,5700,0.2912006676197052,0.43143980973289425,1786400035.5114443
3,5701,0.49240124225616455,0.43128654970760233,1786400035.611356
3,5702,0.4994569718837738,0.4310423512230741,1786400035.7026844
3,5703,0.5214026570320129,0.43102662290299054,1786400035.793253
3,5704,0.40827566385269165,0.4311475409836066,1786400035.885725
3,5705,0.41962042450904846,0.43122270742358076,1786400035.9760985
3,5706,0.5045907497406006,0.43138858596873864,1786400036.0665276
3,5707,0.5215504765510559,0.4314633260711692,1786400036.1640594
3,5708,0.3951438069343567,0.4316739209285455,1786400036.2620153
3,5709,0.31344175338745117,0.4313858695652174,1786400036.3609304
3,5710,0.5595080852508545,0.4314151284835324,1786400036.4576097
3,5711,0.3456782102584839,0.4316702819956616,1786400036.5457182
3,5712,0.35876137018203735,0.4317894546767786,1786400036.6367037
3,5713,0.49720025062561035,0.431998556998557,1786400036.7258792
3,5714,0.39300331473350525,0.432027027027027,1786400036.8245912
3,5715,0.4684056043624878,0.4321004319654428,1786400036.9205406
3,5716,0.4979782998561859,0.4317241999280834,1786400037.0189736
3,5717,0.48592299222946167,0.4317528735632184,1786400037.108316
3,5718,0.3756687045097351,0.4314675278076785,1786400037.1990597
3,5719,0.5617329478263855,0.43122759856630827,1786400037.2903955
3,5720,0.35754451155662537,0.43134622269960615,1786400037.3800447
3,5721,0.4458973705768585,0.4309728183118741,1786400037.479212
3,5722,0.3392995595932007,0.4310021436227224,1786400037.5790324
3,5723,0.5947890281677246,0.4310314061384725,1786400037.6697137
3,5724,0.43613722920417786,0.43097147950089126,1786400037.7621815
3,5725,0.37157177925109863,0.4310452279202279,1786400037.862251
3,5726,0.5861327052116394,0.4307186054784774,1786400037.9512815
3,5727,0.3038000166416168,0.43052594171997155,1786400038.0420582
3,5728,0.3247002959251404,0.43068867589634363,1786400038.136046
3,5729,0.3649572432041168,0.43045212765957447,1786400038.2261164
3,5730,0.3607770800590515,0.4306145944031172,1786400038.3246663
3,5731,0.3423827588558197,0.43068825194621374,1786400038.412792
3,5732,0.4137621819972992,0.43045245669848003,1786400038.5060544
3,5733,0.4171893298625946,0.4305702683615819,1786400038.6044583
3,5734,0.5265502333641052,0.4304673721340388,1786400038.6948028
3,5735,0.5504107475280762,0.43023255813953487,1786400038.7844007
3,5736,0.3759341537952423,0.4303062302006336,1786400038.8781543
3,5737,0.5422260761260986,0.43024789029535865,1786400038.967425
3,5738,0.3945242166519165,0.4301457674745346,1786400039.0573165
3,5739,0.5231004953384399,0.4301315789473684,1786400039.1567771
3,5740,0.35445743799209595,0.43042411496670174,1786400039.2524004
3,5741,0.35681965947151184,0.43045343137254904,1786400039.3576827
3,5742,0.6612676382064819,0.43048268625393493,1786400039.449543
3,5743,0.40942081809043884,0.43077393431167016,1786400039.5394993
3,5744,0.32146745920181274,0.43093368237347296,1786400039.6300848
3,5745,0.6303693652153015,0.43078800557880054,1786400039.7273083
3,5746,0.3444361984729767,0.43103448275862066,1786400039.816945
3,5747,0.5838795304298401,0.4308890048712596,1786400039.9074676
3,5748,0.5866069793701172,0.4309610705596107,1786400040.002417
3,5749,0.42827391624450684,0.4309895833333333,1786400040.0957968
3,5750,0.3665216565132141,0.43123482483524106,1786400040.1838236
3,5751,0.44001293182373047,0.43113305613305614,1786400040.277871
3,5752,0.4336751103401184,0.43129110418830047,1786400040.3658547
3,5753,0.5859498381614685,0.43105982019363764,1786400040.4538486
3,5754,0.6015372276306152,0.4310880829015544,1786400040.5438342
3,5755,0.5178706645965576,0.43085748792270534,1786400040.6335273
3,5756,0.4137328863143921,0.43084281282316444,1786400040.7221048
3,5757,0.4266144335269928,0.4310003443526171,1786400040.8107927
3,5758,0.46472597122192383,0.4311575507395941,1786400040.898387
3,5759,0.630452036857605,0.4310137457044674,1786400040.9856002
3,5760,0.3839219808578491,0.4311706144867834,1786400041.074799
3,5761,0.35742104053497314,0.4308984910836763,1786400041.1633332
3,5762,0.347792387008667,0.43092668722165123,1786400041.2511432
3,5763,0.4848411977291107,0.4309548254620123,1786400041.3401666
3,5764,0.32425156235694885,0.4311111111111111,1786400041.4287424
3,5765,0.4120537042617798,0.43113900273224043,1786400041.5166538
3,5766,0.3321582078933716,0.43133742749914705,1786400041.6052794
3,5767,0.33911603689193726,0.4315354464894342,1786400041.6924741
3,5768,0.3858603537082672,0.43164794007490637,1786400041.7828217
3,5769,0.5286158323287964,0.4316751700680272,1786400041.8712776
3,5770,0.3743624687194824,0.4318297655453619,1786400041.9597738
3,5771,0.3584383428096771,0.43168703326544466,1786400042.0487893
3,5772,0.5101978778839111,0.4315022041369956,1786400042.13806
4,5773,0.4454353451728821,0.4583333333333333,1786400048.817264
4,5774,0.5918825268745422,0.3125,1786400049.037456
4,5775,0.46517905592918396,0.375,1786400049.1406226
4,5776,0.34111878275871277,0.4270833333333333,1786400049.294184
4,5777,0.3412545919418335,0.4583333333333333,1786400049.3951557
4,5778,0.5810636281967163,0.4444444444444444,1786400049.5016387
4,5779,0.37492555379867554,0.4583333333333333,1786400049.5954502
4,5780,0.504656195640564,0.4270833333333333,1786400049.693318
4,5781,0.44590234756469727,0.42592592592592593,1786400049.7893384
4,5782,0.2764017581939697,0.43333333333333335,1786400049.903459
4,5783,0.3876331150531769,0.45454545454545453,1786400049.996927
4,5784,0.7464733719825745,0.4236111111111111,1786400050.0868785
4,5785,0.31523922085762024,0.4358974358974359,1786400050.176548
4,5786,0.46388131380081177,0.4166666666666667,1786400050.27522
4,5787,0.5435842275619507,0.4083333333333333,1786400050.3654516
4,5788,0.43680739402770996,0.3958333333333333,1786400050.456953
4,5789,0.40028685331344604,0.39950980392156865,1786400050.5522218
4,5790,0.3679351210594177,0.38657407407407407,1786400050.653786
4,5791,0.6468158960342407,0.3815789473684211,1786400050.7562218
4,5792,0.3875247538089752,0.39166666666666666,1786400050.8513963
4,5793,0.5451705455780029,0.39087301587301587,1786400050.941981
4,5794,0.4470437169075012,0.39204545454545453,1786400051.0459273
4,5795,0.4181262254714966,0.37681159420289856,1786400051.1383839
4,5796,0.39907050132751465,0.3819444444444444,1786400051.2309842
4,5797,0.36303555965423584,0.38666666666666666,1786400051.321309
4,5798,0.4099200963973999,0.391025641025641,1786400051.4127896
4,5799,0.4042292833328247,0.39197530864197533,1786400051.5158505
4,5800,0.3811575770378113,0.40327380952380953,1786400051.6087952
4,5801,0.3072262108325958,0.40660919540229884,1786400051.6992536
4,5802,0.5374597907066345,0.40555555555555556,1786400051.8019779
4,5803,0.47231030464172363,0.41263440860215056,1786400051.9034462
4,5804,0.45006513595581055,0.4140625,1786400051.9948244
4,5805,0.7801560163497925,0.41035353535353536,1786400052.0866354
4,5806,0.4392143487930298,0.41299019607843135,1786400052.1900916
4,5807,0.7739697694778442,0.4107142857142857,1786400052.2825859
4,5808,0.5357102155685425,0.41782407407407407,1786400052.3755908
4,5809,0.4753396511077881,0.42004504504504503,1786400052.475779
4,5810,0.5481534004211426,0.4133771929824561,1786400052.571345
4,5811,0.3912099301815033,0.4166666666666667,1786400052.6635656
4,5812,0.5430825352668762,0.409375,1786400052.7692838
4,5813,0.6003386974334717,0.4105691056910569,1786400052.8627236
4,5814,0.5306329131126404,0.4117063492063492,1786400052.95289
4,5815,0.6493270993232727,0.40794573643410853,1786400053.0452495
4,5816,0.4762761890888214,0.4100378787878788,1786400053.142633
4,5817,0.5382677316665649,0.40925925925925927,1786400053.2335052
4,5818,0.3711046576499939,0.41304347826086957,1786400053.3334208
4,5819,0.6485944390296936,0.4095744680851064,1786400053.4326715
4,5820,0.39810147881507874,0.4157986111111111,1786400053.5257688
4,5821,0.3810723125934601,0.4166666666666667,1786400053.61614
4,5822,0.3589603304862976,0.415,1786400053.709338
4,5823,0.47599679231643677,0.4166666666666667,1786400053.8043826
4,5824,0.37196728587150574,0.41746794871794873,1786400053.9076993
4,5825,0.3787889778614044,0.4166666666666667,1786400054.0092819
4,5826,0.5490643978118896,0.41898148148148145,1786400054.1010475
4,5827,0.44968000054359436,0.4212121212121212,1786400054.1922739
4,5828,0.4025220572948456,0.42336309523809523,1786400054.2816715
4,5829,0.36994490027427673,0.42616959064327486,1786400054.3800716
4,5830,0.42217886447906494,0.4267241379310345,1786400054.4696822
4,5831,0.6184185743331909,0.4265536723163842,1786400054.5679703
4,5832,0.5496768951416016,0.42291666666666666,1786400054.6624546
4,5833,0.4810364544391632,0.42008196721311475,1786400054.764045
4,5834,0.39273589849472046,0.4227150537634409,1786400054.8540902
4,5835,0.34657999873161316,0.4252645502645503,1786400054.9457085
4,5836,0.4620401859283447,0.4231770833333333,1786400055.0368853
4,5837,0.7657219171524048,0.4230769230769231,1786400055.1259718
4,5838,0.3878052234649658,0.42487373737373735,1786400055.2176902
4,5839,0.46427658200263977,0.42723880597014924,1786400055.3082864
4,5840,0.6363433599472046,0.4264705882352941,1786400055.3999035
4,5841,0.5522530674934387,0.4245169082125604,1786400055.491086
4,5842,0.6104605197906494,0.4244047619047619,1786400055.604905
4,5843,0.4239733815193176,0.42077464788732394,1786400055.7017016
4,5844,0.49090519547462463,0.421875,1786400055.794872
4,5845,0.4623439908027649,0.4235159817351598,1786400055.886977
4,5846,0.29957115650177,0.42567567567567566,1786400055.9807863
4,5847,0.39175912737846375,0.4288888888888889,1786400056.0819726
4,5848,0.5022420883178711,0.4276315789473684,1786400056.1838117
4,5849,0.6394956707954407,0.4264069264069264,1786400056.275291
4,5850,0.49115025997161865,0.4252136752136752,1786400056.3673549
4,5851,0.5423265695571899,0.42510548523206754,1786400056.461121
4,5852,0.47147834300994873,0.4265625,1786400056.5550475
4,5853,0.5386576652526855,0.4279835390946502,1786400056.6463206
4,5854,0.4801948070526123,0.4253048780487805,1786400056.736812
4,5855,0.5407209396362305,0.4252008032128514,1786400056.839171
4,5856,0.42577895522117615,0.42757936507936506,1786400056.931425
4,5857,0.46698087453842163,0.42892156862745096,1786400057.0330384
4,5858,0.401248037815094,0.43023255813953487,1786400057.1225839
4,5859,0.42212215065956116,0.4329501915708812,1786400057.221384
4,5860,0.61812424659729,0.43134469696969696,1786400057.3131075
4,5861,0.5076234936714172,0.43164794007490637,1786400057.4155216
4,5862,0.32064715027809143,0.42962962962962964,1786400057.5164425
4,5863,0.4071396291255951,0.43131868131868134,1786400057.6080923
4,5864,0.4504389762878418,0.4279891304347826,1786400057.704129
4,5865,0.369869589805603,0.4305555555555556,1786400057.7945764
4,5866,0.3459406793117523,0.43129432624113473,1786400057.884552
4,5867,0.5558189153671265,0.43026315789473685,1786400057.9816766
4,5868,0.4449869692325592,0.4322916666666667,1786400058.0817738
4,5869,0.42261555790901184,0.42955326460481097,1786400058.174865
4,5870,0.3436347246170044,0.43112244897959184,1786400058.2658968
4,5871,0.47854194045066833,0.4318181818181818,1786400058.355464
4,5872,0.4429892599582672,0.43291666666666667,1786400058.4499855
4,5873,0.48411256074905396,0.43028052805280526,1786400058.5392
4,5874,0.38763099908828735,0.4305555555555556,1786400058.6297755
4,5875,0.4356998801231384,0.42758899676375406,1786400058.7198315
4,5876,0.4348433017730713,0.42427884615384615,1786400058.81116
4,5877,0.45867761969566345,0.42103174603174603,1786400058.9057052
4,5878,0.588806688785553,0.4190251572327044,1786400058.996527
4,5879,0.38422152400016785,0.41627725856697817,1786400059.089466
4,5880,0.38085541129112244,0.41358024691358025,1786400059.1859105
4,5881,0.5907282829284668,0.4147553516819572,1786400059.285703
4,5882,0.3749438226222992,0.415530303030303,1786400059.3762107
4,5883,0.513575553894043,0.4147897897897898,1786400059.4672732
4,5884,0.30578309297561646,0.4174107142857143,1786400059.5613284
4,5885,0.38041436672210693,0.41814159292035397,1786400059.6520069
4,5886,0.4052175283432007,0.41703216374269003,1786400059.741124
4,5887,0.38838261365890503,0.4181159420289855,1786400059.8411305
4,5888,0.37813693284988403,0.4188218390804598,1786400059.940397
4,5889,0.39843839406967163,0.4205840455840456,1786400060.0317762
4,5890,0.4843396842479706,0.4216101694915254,1786400060.122432
4,5891,0.4825209379196167,0.4219187675070028,1786400060.2109957
4,5892,0.4618861675262451,0.4222222222222222,1786400060.3108175
4,5893,0.5362522602081299,0.4225206611570248,1786400060.4101691
4,5894,0.4264490008354187,0.42349726775956287,1786400060.4985006
4,5895,0.4602409601211548,0.4241192411924119,1786400060.5936813
4,5896,0.2965858578681946,0.42573924731182794,1786400060.6833956
4,5897,0.502366840839386,0.424,1786400060.774064
4,5898,0.39969414472579956,0.4255952380952381,1786400060.8721824
4,5899,0.36595460772514343,0.4242125984251969,1786400060.9618208
4,5900,0.33769387006759644,0.4228515625,1786400061.062199
4,5901,0.3929944634437561,0.42377260981912146,1786400061.1558073
4,5902,0.4932663142681122,0.42243589743589743,1786400061.244969
4,5903,0.662784993648529,0.4223918575063613,1786400061.3401623
4,5904,0.4803113341331482,0.4236111111111111,1786400061.4294908
4,5905,0.39787155389785767,0.42355889724310775,1786400061.5239275
4,5906,0.41358891129493713,0.4244402985074627,1786400061.621589
4,5907,0.47006386518478394,0.4228395061728395,1786400061.7120028
4,5908,0.4868565797805786,0.4231004901960784,1786400061.8117204
4,5909,0.5009976625442505,0.4212287104622871,1786400061.909277
4,5910,0.5092085599899292,0.42179951690821255,1786400061.9993682
4,5911,0.3467678427696228,0.42356115107913667,1786400062.0881617
4,5912,0.33753570914268494,0.4226190476190476,1786400062.1798692
4,5913,0.36217814683914185,0.4228723404255319,1786400062.2698622
4,5914,0.3544163107872009,0.4213615023474178,1786400062.3701706
4,5915,0.4368818402290344,0.4222027972027972,1786400062.4589076
4,5916,0.4637160897254944,0.4212962962962963,1786400062.5499089
4,5917,0.5522773861885071,0.4218390804597701,1786400062.6396282
4,5918,0.3840409517288208,0.4220890410958904,1786400062.7307959
4,5919,0.35958734154701233,0.42346938775510207,1786400062.8210669
4,5920,0.3859240710735321,0.4239864864864865,1786400062.910853
4,5921,0.4127148389816284,0.4228187919463087,1786400063.003819
4,5922,0.46379560232162476,0.42333333333333334,1786400063.0944538
4,5923,0.5496984720230103,0.423841059602649,1786400063.1922421
4,5924,0.7684100866317749,0.42269736842105265,1786400063.2924216
4,5925,0.4171280264854431,0.42211328976034856,1786400063.3814285
4,5926,0.6631268262863159,0.4218073593073593,1786400063.4715633
4,5927,0.5357235074043274,0.4206989247311828,1786400063.5614183
4,5928,0.46930980682373047,0.421741452991453,1786400063.6521451
4,5929,0.5470882058143616,0.42170912951167727,1786400063.7426307
4,5930,0.427543580532074,0.42273206751054854,1786400063.8338304
4,5931,0.36619263887405396,0.42348008385744235,1786400063.9233067
4,5932,0.6170144081115723,0.4231770833333333,1786400064.013904
4,5933,0.4543112516403198,0.4244306418219462,1786400064.103625
4,5934,0.4750831723213196,0.42489711934156377,1786400064.193199
4,5935,0.4004349410533905,0.424079754601227,1786400064.2837527
4,5936,0.504479169845581,0.4247967479674797,1786400064.378345
4,5937,0.40645596385002136,0.425,1786400064.4681022
4,5938,0.5102164149284363,0.4241967871485944,1786400064.5658288
4,5939,0.3525892496109009,0.4251497005988024,1786400064.665455
4,5940,0.4668474495410919,0.42410714285714285,1786400064.7560701
4,5941,0.3703352212905884,0.4250493096646943,1786400064.8504548
4,5942,0.37851765751838684,0.42401960784313725,1786400064.9429522
4,5943,0.48164236545562744,0.42251461988304095,1786400065.039087
4,5944,0.3698706030845642,0.42223837209302323,1786400065.1291156
4,5945,0.6311233043670654,0.4222061657032755,1786400065.2180495
4,5946,0.41181787848472595,0.4228927203065134,1786400065.3148053
4,5947,0.4606022238731384,0.4216666666666667,1786400065.4108558
4,5948,0.37609073519706726,0.4230587121212121,1786400065.5114334
4,5949,0.3606420159339905,0.4234934086629002,1786400065.6026497
4,5950,0.3828113079071045,0.42228464419475653,1786400065.691632
4,5951,0.6715970039367676,0.42178770949720673,1786400065.7826703
4,5952,0.3277249038219452,0.4233796296296296,1786400065.8715491
4,5953,0.4120676517486572,0.4244935543278085,1786400065.962413
4,5954,0.2972785234451294,0.42605311355311354,1786400066.0614681
4,5955,0.2740541398525238,0.427367941712204,1786400066.155582
4,5956,0.4058654010295868,0.4277626811594203,1786400066.2508636
4,5957,0.4543616771697998,0.42680180180180183,1786400066.3473628
4,5958,0.3206695020198822,0.4283154121863799,1786400066.4379134
4,5959,0.43855127692222595,0.4266934046345811,1786400066.5387995
4,5960,0.5066031217575073,0.4270833333333333,1786400066.628788
4,5961,0.30760520696640015,0.42548500881834217,1786400066.7184336
4,5962,0.32671359181404114,0.42719298245614035,1786400066.8256328
4,5963,0.5532097816467285,0.4273560209424084,1786400066.914538
4,5964,0.38534170389175415,0.4292534722222222,1786400067.0155494
4,5965,0.3769736588001251,0.42940414507772023,1786400067.1043556
4,5966,0.4799938201904297,0.42955326460481097,1786400067.193497
4,5967,0.6773757338523865,0.42948717948717946,1786400067.2827497
4,5968,0.46724405884742737,0.429421768707483,1786400067.3778584
4,5969,0.3403169810771942,0.4282994923857868,1786400067.4692013
4,5970,0.3981238007545471,0.42887205387205385,1786400067.5583289
4,5971,0.42303287982940674,0.42922948073701844,1786400067.656788
4,5972,0.3514479696750641,0.43041666666666667,1786400067.7448406
4,5973,0.4109216034412384,0.4305555555555556,1786400067.845525
4,5974,0.4686967730522156,0.43028052805280526,1786400067.933925
4,5975,0.6166122555732727,0.4293924466338259,1786400068.0233908
4,5976,0.49151819944381714,0.4303513071895425,1786400068.1214538
4,5977,0.38813871145248413,0.4304878048780488,1786400068.211717
4,5978,0.33301785588264465,0.42961165048543687,1786400068.3034465
4,5979,0.5665581226348877,0.4285426731078905,1786400068.4035966
4,5980,0.3912264406681061,0.4280849358974359,1786400068.4968596
4,5981,0.40665164589881897,0.42822966507177035,1786400068.5933971
4,5982,0.3939265012741089,0.42916666666666664,1786400068.6833005
4,5983,0.35031917691230774,0.4298973143759874,1786400068.7709167
4,5984,0.5212142467498779,0.4296383647798742,1786400068.8705313
4,5985,0.42211538553237915,0.4303599374021909,1786400068.9692106
4,5986,0.38360467553138733,0.4304906542056075,1786400069.0623276
4,5987,0.48420464992523193,0.4312015503875969,1786400069.1509273
4,5988,0.5753514766693115,0.4315200617283951,1786400069.241462
4,5989,0.31964123249053955,0.4327956989247312,1786400069.339123
4,5990,0.5696932077407837,0.43214831804281345,1786400069.4307375
4,5991,0.3993728458881378,0.4328386605783866,1786400069.5309365
4,5992,0.4519626498222351,0.4331439393939394,1786400069.6238585
4,5993,0.40524107217788696,0.4336349924585219,1786400069.712374
4,5994,0.41256773471832275,0.4322447447447447,1786400069.8026803
4,5995,0.3081746995449066,0.43254857997010465,1786400069.9030669
4,5996,0.544096827507019,0.4328497023809524,1786400070.0121777
4,5997,0.38238054513931274,0.4335185185185185,1786400070.1015851
4,5998,0.34170159697532654,0.4325221238938053,1786400070.1960557
4,5999,0.3898417353630066,0.43171806167400884,1786400070.2850451
4,6000,0.36290687322616577,0.43110380116959063,1786400070.3832817
4,6001,0.5979491472244263,0.43085880640465796,1786400070.476918
4,6002,0.41781291365623474,0.43079710144927535,1786400070.5663068
4,6003,0.41407278180122375,0.42983405483405485,1786400070.656835
4,6004,0.3438225984573364,0.4297772988505747,1786400070.7474537
4,6005,0.5466834306716919,0.4300786838340486,1786400070.847439
4,6006,0.4866003394126892,0.4301994301994302,1786400070.9364011
4,6007,0.4701869487762451,0.4308510638297872,1786400071.0316367
4,6008,0.35935574769973755,0.4311440677966102,1786400071.1209433
4,6009,0.646753191947937,0.430028129395218,1786400071.2233913
4,6010,0.7634830474853516,0.42944677871148457,1786400071.3239348
4,6011,0.4278370141983032,0.4299163179916318,1786400071.4194798
4,6012,0.4452208876609802,0.4309027777777778,1786400071.507999
4,6013,0.4113185405731201,0.4315352697095436,1786400071.5966346
4,6014,0.39450109004974365,0.4318181818181818,1786400071.6908433
4,6015,0.36140111088752747,0.43227023319615915,1786400071.7790704
4,6016,0.33267325162887573,0.4327185792349727,1786400071.8703635
4,6017,0.4363182783126831,0.4331632653061224,1786400071.9696963
4,6018,0.30175289511680603,0.4339430894308943,1786400072.0635679
4,6019,0.4866611957550049,0.4331983805668016,1786400072.1528678
4,6020,0.4960383474826813,0.4329637096774194,1786400072.2505817
4,6021,0.343432754278183,0.43373493975903615,1786400072.3401747
4,6022,0.5741197466850281,0.43416666666666665,1786400072.4303594
4,6023,0.3580452799797058,0.4349269588313413,1786400072.5232935
4,6024,0.4064823389053345,0.43369708994708994,1786400072.6133108
4,6025,0.4391770660877228,0.43346508563899866,1786400072.703881
4,6026,0.34317445755004883,0.4340551181102362,1786400072.8049574
4,6027,0.304142564535141,0.4351307189542484,1786400072.9039977
4,6028,0.46479126811027527,0.435546875,1786400072.9934626
4,6029,0.6072766184806824,0.434662775616083,1786400073.0877273
4,6030,0.6028226613998413,0.43410852713178294,1786400073.1779585
4,6031,0.42069074511528015,0.4346846846846847,1786400073.278789
4,6032,0.5123696327209473,0.43493589743589745,1786400073.3695762
4,6033,0.36872759461402893,0.4350255427841635,1786400073.458686
4,6034,0.3347775340080261,0.43559160305343514,1786400073.5481117
4,6035,0.3886640667915344,0.4358365019011407,1786400073.638131
4,6036,0.28801706433296204,0.43702651515151514,1786400073.7288568
4,6037,0.3210883140563965,0.43757861635220124,1786400073.8176696
4,6038,0.5334632396697998,0.43765664160401,1786400073.9071646
4,6039,0.5094647407531738,0.43679775280898875,1786400073.9968507
4,6040,0.4408428370952606,0.4362562189054726,1786400074.0879128
4,6041,0.39155080914497375,0.43664807930607186,1786400074.1872802
4,6042,0.347162663936615,0.4368827160493827,1786400074.2874708
4,6043,0.387393057346344,0.43650061500615006,1786400074.3889654
4,6044,0.3142410218715668,0.4371936274509804,1786400074.4805224
4,6045,0.43785956501960754,0.43605006105006106,1786400074.569837
4,6046,0.3383735418319702,0.4352189781021898,1786400074.6620648
4,6047,0.5124427676200867,0.4351515151515152,1786400074.761478
4,6048,0.38456428050994873,0.4361413043478261,1786400074.8625395
4,6049,0.48557043075561523,0.4362214199759326,1786400074.959435
4,6050,0.35887983441352844,0.4372002398081535,1786400075.0664766
4,6051,0.35135242342948914,0.4362305854241338,1786400075.156565
4,6052,0.4982665181159973,0.4363095238095238,1786400075.2468586
4,6053,0.39338743686676025,0.4362396204033215,1786400075.3369112
4,6054,0.47483348846435547,0.4364657210401891,1786400075.4267874
4,6055,0.4307863116264343,0.43580683156654887,1786400075.5163832
4,6056,0.30360710620880127,0.43661971830985913,1786400075.616684
4,6057,0.4895678162574768,0.4368421052631579,1786400075.7171774
4,6058,0.48758313059806824,0.4369172494172494,1786400075.8127797
4,6059,0.6152724027633667,0.4367015098722416,1786400075.9032657
4,6060,0.38762789964675903,0.4359085648148148,1786400075.9933136
4,6061,0.3747049570083618,0.43641868512110726,1786400076.0857608
4,6062,0.42186200618743896,0.43721264367816093,1786400076.177276
4,6063,0.589893102645874,0.43714203894616266,1786400076.2768347
4,6064,0.44118377566337585,0.4370719178082192,1786400076.36649
4,6065,0.4317854046821594,0.4370022753128555,1786400076.4593694
4,6066,0.3486095070838928,0.4375,1786400076.5559928
4,6067,0.4884176254272461,0.4367231638418079,1786400076.6477292
4,6068,0.3489614725112915,0.4370777027027027,1786400076.7445147
4,6069,0.33898666501045227,0.43757014590347926,1786400076.8400402
4,6070,0.7211769223213196,0.4376398210290828,1786400076.9341023
4,6071,0.4012797772884369,0.43812709030100333,1786400077.0244157
4,6072,0.45120012760162354,0.43875,1786400077.1172545
4,6073,0.3087006211280823,0.4393687707641196,1786400077.2086277
4,6074,0.5802156925201416,0.43846578366445915,1786400077.3000839
4,6075,0.4147647023200989,0.4392189218921892,1786400077.3902879
4,6076,0.6624312400817871,0.43928179824561403,1786400077.4796538
4,6077,0.5502707958221436,0.43934426229508194,1786400077.5696673
4,6078,0.4405186176300049,0.43899782135076254,1786400077.66341
4,6079,0.7940561771392822,0.4386536373507057,1786400077.7605684
4,6080,0.4887625575065613,0.43885281385281383,1786400077.850616
4,6081,0.8530136942863464,0.43851132686084143,1786400077.9513228
4,6082,0.5087023377418518,0.43803763440860216,1786400078.0425951
4,6083,0.6681341528892517,0.43729903536977494,1786400078.1428552
4,6084,0.33951881527900696,0.43816773504273504,1786400078.2312384
4,6085,0.549712598323822,0.4383652822151225,1786400078.3267088
4,6086,0.3946337401866913,0.43882696390658177,1786400078.4267511
4,6087,0.3981305956840515,0.43915343915343913,1786400078.5249507
4,6088,0.3620070219039917,0.4380274261603376,1786400078.6153734
4,6089,0.4888588786125183,0.4384858044164038,1786400078.7054083
4,6090,0.5226503014564514,0.4385482180293501,1786400078.7942364
4,6091,0.6192191243171692,0.43834900731452453,1786400078.8911412
4,6092,0.44628891348838806,0.43854166666666666,1786400078.9801474
4,6093,0.8205022215843201,0.4389927310488058,1786400079.0755148
4,6094,0.4757653772830963,0.4391821946169772,1786400079.1744816
4,6095,0.4773859977722168,0.43988648090815274,1786400079.2650235
4,6096,0.45354408025741577,0.4400720164609053,1786400079.3596258
4,6097,0.4005531370639801,0.4401282051282051,1786400079.4603827
4,6098,0.40269434452056885,0.44069529652351735,1786400079.555912
4,6099,0.3866528868675232,0.441131498470948,1786400079.6445036
4,6100,0.3375871181488037,0.4416920731707317,1786400079.7346628
4,6101,0.4090483784675598,0.4419959473150962,1786400079.8250089
4,6102,0.40816277265548706,0.4422979797979798,1786400079.9143221
4,6103,0.3680651783943176,0.4415911379657603,1786400080.0056512
4,6104,0.3860687017440796,0.4418925702811245,1786400080.103533
4,6105,0.4547821581363678,0.4421921921921922,1786400080.1939816
4,6106,0.6085365414619446,0.4421157684630739,1786400080.2835102
4,6107,0.3044757544994354,0.44291044776119404,1786400080.3726635
4,6108,0.3823631703853607,0.44233630952380953,1786400080.4675918
4,6109,0.5249454975128174,0.4423837784371909,1786400080.5554717
4,6110,0.5701011419296265,0.4425542406311637,1786400080.6457837
4,6111,0.6380100250244141,0.4427236971484759,1786400080.7363453
4,6112,0.5638542175292969,0.4424019607843137,1786400080.8358986
4,6113,0.46491825580596924,0.44171554252199413,1786400080.9269164
4,6114,0.3443325161933899,0.4423732943469786,1786400081.0184062
4,6115,0.4672967195510864,0.4420553935860058,1786400081.1099246
4,6116,0.5243971943855286,0.4422238372093023,1786400081.2015684
4,6117,0.49404555559158325,0.4419082125603865,1786400081.2931998
4,6118,0.33123135566711426,0.4411127167630058,1786400081.3883452
4,6119,0.6146979928016663,0.44056195965417866,1786400081.4816663
4,6120,0.4810657501220703,0.4409722222222222,1786400081.570483
4,6121,0.3614197075366974,0.44149952244508117,1786400081.6608214
4,6122,0.35823971033096313,0.4417857142857143,1786400081.7595615
4,6123,0.6199634075164795,0.4417141500474834,1786400081.8561823
4,6124,0.5227174162864685,0.4415246212121212,1786400081.9470735
4,6125,0.38702088594436646,0.44086402266288954,1786400082.036848
4,6126,0.48354804515838623,0.4403248587570621,1786400082.1327305
4,6127,0.4328879714012146,0.44084507042253523,1786400082.2314095
4,6128,0.5073032379150391,0.44066011235955055,1786400082.323143
4,6129,0.5521973371505737,0.44047619047619047,1786400082.420762
4,6130,0.48535650968551636,0.4405260707635009,1786400082.5292575
4,6131,0.5111023187637329,0.4409238625812442,1786400082.6173797
4,6132,0.4901065528392792,0.44039351851851855,1786400082.7077677
4,6133,0.326420396566391,0.4407894736842105,1786400082.796184
4,6134,0.4121815860271454,0.441183241252302,1786400082.8900485
4,6135,0.4323101341724396,0.4412304866850321,1786400082.9799402
4,6136,0.5893068313598633,0.4410485347985348,1786400083.0690038
4,6137,0.5685009956359863,0.4406392694063927,1786400083.1694515
4,6138,0.358705073595047,0.4412568306010929,1786400083.2578554
4,6139,0.6440100073814392,0.44141689373297005,1786400083.349513
4,6140,0.5070980787277222,0.44123641304347827,1786400083.4403033
4,6141,0.5304093956947327,0.4406052393857272,1786400083.532651
4,6142,0.4833506941795349,0.43997747747747745,1786400083.621799
4,6143,0.5739901661872864,0.439240790655885,1786400083.7126436
4,6144,0.33517980575561523,0.440076164874552,1786400083.8037708
4,6145,0.498949259519577,0.4392314566577301,1786400083.8940797
4,6146,0.4748586416244507,0.43839126559714797,1786400083.98415
4,6147,0.7882319688796997,0.43822222222222224,1786400084.0742924
4,6148,0.39210179448127747,0.43871897163120566,1786400084.1644402
4,6149,0.32957977056503296,0.43932360742705573,1786400084.2555256
4,6150,0.501093327999115,0.439484126984127,1786400084.3524585
4,6151,0.48668068647384644,0.4394239226033421,1786400084.4423785
4,6152,0.41486984491348267,0.4393640350877193,1786400084.5319557
4,6153,0.4258370101451874,0.4397419072615923,1786400084.621648
4,6154,0.6019876599311829,0.4394633507853403,1786400084.7119112
4,6155,0.41644424200057983,0.43962140992167104,1786400084.8012078
4,6156,0.3785456120967865,0.4398871527777778,1786400084.8916373
4,6157,0.6055741310119629,0.4392857142857143,1786400084.981678
4,6158,0.3400081992149353,0.43976683937823835,1786400085.070818
4,6159,0.3520466685295105,0.4398148148148148,1786400085.1609488
4,6160,0.41176143288612366,0.43932560137457044,1786400085.2513452
4,6161,0.43182021379470825,0.4394815766923736,1786400085.3434331
4,6162,0.3630124628543854,0.43974358974358974,1786400085.4333518
4,6163,0.36227932572364807,0.43915174765558396,1786400085.5300367
4,6164,0.5011942386627197,0.4393069727891156,1786400085.6211827
4,6165,0.3765920102596283,0.4394614079728584,1786400085.7188804
4,6166,0.7195909023284912,0.4391920473773266,1786400085.8096738
4,6167,0.3592168092727661,0.43871308016877636,1786400085.899057
4,6168,0.48060351610183716,0.43876262626262624,1786400085.9894302
4,6169,0.4158364236354828,0.4378673383711167,1786400086.0900173
4,6170,0.39294201135635376,0.43844221105527637,1786400086.1810067
4,6171,0.35625699162483215,0.4380743525480368,1786400086.2806404
4,6172,0.38964033126831055,0.43822916666666667,1786400086.3701706
4,6173,0.4950217008590698,0.43755195344970904,1786400086.4600768
4,6174,0.468407541513443,0.43760364842454397,1786400086.5498934
4,6175,0.3964676558971405,0.4378618693134822,1786400086.640647
4,6176,0.42737239599227905,0.43780940594059403,1786400086.7327232
4,6177,0.3417447507381439,0.4374485596707819,1786400086.8259745
4,6178,0.39156201481819153,0.437807881773399,1786400086.9174242
4,6179,0.3796527087688446,0.43734643734643736,1786400087.0075681
4,6180,0.4422750473022461,0.43678513071895425,1786400087.0987694
4,6181,0.4644656181335449,0.4366340668296659,1786400087.187412
4,6182,0.416177898645401,0.43628048780487805,1786400087.2807953
4,6183,0.4218805432319641,0.4368410381184104,1786400087.371087
4,6184,0.4085889458656311,0.4372977346278317,1786400087.4601479
4,6185,0.6918725967407227,0.4375504439063761,1786400087.5498157
4,6186,0.31892597675323486,0.4382045088566828,1786400087.649164
4,6187,0.3770209848880768,0.4383534136546185,1786400087.746846
4,6188,0.46459439396858215,0.43760016025641024,1786400087.83687
4,6189,0.2821412682533264,0.4382494004796163,1786400087.9404032
4,6190,0.395412415266037,0.43809808612440193,1786400088.029309
4,6191,0.34010574221611023,0.4383452665075577,1786400088.11834
4,6192,0.556411862373352,0.4382936507936508,1786400088.2142181
4,6193,0.579971194267273,0.43853919239904987,1786400088.310795
4,6194,0.44934824109077454,0.43868483412322273,1786400088.400765
4,6195,0.4757879376411438,0.4386327817178881,1786400088.498996
4,6196,0.4136022627353668,0.43907232704402516,1786400088.5907156
4,6197,0.4692803621292114,0.4393137254901961,1786400088.6797817
4,6198,0.3536754250526428,0.4397496087636933,1786400088.7695732
4,6199,0.36274540424346924,0.4401834504293521,1786400088.8684824
4,6200,0.477658748626709,0.4397390965732087,1786400088.9595602
4,6201,0.44415390491485596,0.4400738150738151,1786400089.05473
4,6202,0.36070138216018677,0.44050387596899226,1786400089.1510248
4,6203,0.5642836689949036,0.4404485692188708,1786400089.2406137
4,6204,0.49867573380470276,0.44039351851851855,1786400089.34045
4,6205,0.48541003465652466,0.4397613548883757,1786400089.441565
4,6206,0.33723729848861694,0.43951612903225806,1786400089.5307865
4,6207,0.43564754724502563,0.4396551724137931,1786400089.6224098
4,6208,0.4925770163536072,0.43950688073394495,1786400089.710954
4,6209,0.5364543795585632,0.4396453089244851,1786400089.8009222
4,6210,0.3992895185947418,0.4399733637747336,1786400089.9016008
4,6211,0.3142091929912567,0.4403948367501898,1786400089.9913185
4,6212,0.3989333212375641,0.440625,1786400090.0946815
4,6213,0.5436939001083374,0.44057067271352984,1786400090.1876397
4,6214,0.3789516091346741,0.44108220211161386,1786400090.279863
4,6215,0.741816520690918,0.4406508653122649,1786400090.3727133
4,6216,0.45561453700065613,0.44003378378378377,1786400090.4644387
4,6217,0.34765174984931946,0.4405430711610487,1786400090.5554352
4,6218,0.4193209409713745,0.4408632286995516,1786400090.6454878
4,6219,0.5549085140228271,0.4411819537658464,1786400090.7357202
4,6220,0.28414273262023926,0.4419642857142857,1786400090.8283732
4,6221,0.5332178473472595,0.4417223459539718,1786400090.920797
4,6222,0.42503809928894043,0.4419444444444444,1786400091.0222151
4,6223,0.43618813157081604,0.44198078344419806,1786400091.111701
4,6224,0.4113820791244507,0.4418325958702065,1786400091.2174857
4,6225,0.45624178647994995,0.44214495952906546,1786400091.3161893
4,6226,0.5023530125617981,0.44208883994126286,1786400091.4066133
4,6227,0.47497838735580444,0.4421245421245421,1786400091.4972184
4,6228,0.6077424883842468,0.44243421052631576,1786400091.6011803
4,6229,0.35851341485977173,0.44283369803063455,1786400091.690823
4,6230,0.6607738137245178,0.44314046579330424,1786400091.7950678
4,6231,0.29759252071380615,0.4424473493100944,1786400091.8857229
4,6232,0.374848872423172,0.4423913043478261,1786400091.9779413
4,6233,0.3843851089477539,0.44260665220535067,1786400092.0788434
4,6234,0.41057121753692627,0.4420995670995671,1786400092.1724997
4,6235,0.3286149799823761,0.4423146148308135,1786400092.2627532
4,6236,0.4715728163719177,0.44243893678160917,1786400092.3539243
4,6237,0.33688145875930786,0.442741935483871,1786400092.4451642
4,6238,0.4421739876270294,0.4428648068669528,1786400092.5357084
4,6239,0.37073472142219543,0.4434332619557459,1786400092.6382945
4,6240,0.24702049791812897,0.44399928774928776,1786400092.7382395
4,6241,0.3497451841831207,0.4435856432125089,1786400092.8304799
4,6242,0.43393275141716003,0.44379432624113474,1786400092.93311
4,6243,0.35432493686676025,0.4441790516631281,1786400093.0330496
4,6244,0.5262235403060913,0.4440324858757062,1786400093.1321213
4,6245,0.31461644172668457,0.44441508104298805,1786400093.2367277
4,6246,0.34082406759262085,0.44470815752461323,1786400093.328952
4,6247,0.4060370624065399,0.445,1786400093.4270964
4,6248,0.38282373547554016,0.44485294117647056,1786400093.5185359
4,6249,0.6495526432991028,0.4445317959468903,1786400093.6093888
4,6250,0.6718111634254456,0.4445606694560669,1786400093.7146227
4,6251,0.5282372236251831,0.4443284620737648,1786400093.8056433
4,6252,0.7705861330032349,0.44383680555555555,1786400093.8987942
4,6253,0.43531882762908936,0.4436936936936937,1786400093.991119
4,6254,0.42264872789382935,0.4438969571230982,1786400094.0853708
4,6255,0.3633263409137726,0.4441856452726018,1786400094.1836095
4,6256,0.501022458076477,0.4441287878787879,1786400094.288836
4,6257,0.519700288772583,0.44432989690721647,1786400094.3926136
4,6258,0.3402484655380249,0.4446159122085048,1786400094.484235
4,6259,0.4625624418258667,0.4447296372347707,1786400094.5843217
4,6260,0.44286003708839417,0.4449282786885246,1786400094.6743612
4,6261,0.3248971998691559,0.44521131561008864,1786400094.7762775
4,6262,0.6363722681999207,0.4448979591836735,1786400094.8805618
4,6263,0.3335668742656708,0.44526476578411406,1786400094.9710486
4,6264,0.3875078558921814,0.4453760162601626,1786400095.062455
4,6265,0.32647737860679626,0.4455713319810683,1786400095.1531615
4,6266,0.4450438320636749,0.44559716599190285,1786400095.25419
4,6267,0.4076439440250397,0.4452020202020202,1786400095.350001
4,6268,0.2909601926803589,0.44556451612903225,1786400095.4523568
4,6269,0.42720475792884827,0.4455063715627096,1786400095.5488026
4,6270,0.3270222544670105,0.4448627844712182,1786400095.6404746
4,6271,0.4337077736854553,0.44488977955911824,1786400095.7326076
4,6272,0.3985220789909363,0.4445,1786400095.8250937
4,6273,0.4442041516304016,0.4439454424484365,1786400095.9189491
4,6274,0.4956204891204834,0.44397410358565736,1786400096.0176878
4,6275,0.3759414255619049,0.44416832339297546,1786400096.1086419
4,6276,0.5059517025947571,0.4441137566137566,1786400096.2026455
4,6277,0.33904585242271423,0.44455445544554456,1786400096.2927504
4,6278,0.28331542015075684,0.4449110671936759,1786400096.3936648
4,6279,0.342217355966568,0.44485535831689677,1786400096.486559
4,6280,0.5726103186607361,0.44438976377952755,1786400096.5873287
4,6281,0.4569431245326996,0.4444990176817289,1786400096.6806076
4,6282,0.4965083599090576,0.44395424836601305,1786400096.7709107
4,6283,0.4321300983428955,0.44365622961513373,1786400096.8702393
4,6284,0.36431390047073364,0.4440104166666667,1786400096.9699495
4,6285,0.43490901589393616,0.4440383365821962,1786400097.0610027
4,6286,0.4197717010974884,0.44406614785992216,1786400097.1505039
4,6287,0.3635139465332031,0.4441747572815534,1786400097.2515087
4,6288,0.6742279529571533,0.4439599483204134,1786400097.3413646
4,6289,0.5709521174430847,0.44366537717601545,1786400097.4329681
4,6290,0.5249991416931152,0.4432915057915058,1786400097.5211983
4,6291,0.37888461351394653,0.44267822736030826,1786400097.6134868
4,6292,0.4007355570793152,0.4427884615384615,1786400097.7037704
4,6293,0.3940056562423706,0.4429782469609725,1786400097.803545
4,6294,0.5085119605064392,0.44332694763729247,1786400097.893169
4,6295,0.5937905311584473,0.44335564053537285,1786400097.9829426
4,6296,0.49957364797592163,0.4437818066157761,1786400098.0810945
4,6297,0.3152165710926056,0.4438888888888889,1786400098.1726031
4,6298,0.6397556662559509,0.44352027883396705,1786400098.2625277
4,6299,0.5237131118774414,0.44323213156230234,1786400098.3536742
4,6300,0.4765649735927582,0.44294507575757575,1786400098.455806
4,6301,0.45979800820350647,0.44289540012602396,1786400098.5443785
4,6302,0.39436841011047363,0.4425314465408805,1786400098.6458623
4,6303,0.3659515678882599,0.4428750784682988,1786400098.743823
4,6304,0.4897019863128662,0.4431390977443609,1786400098.8359988
4,6305,0.5662316083908081,0.4427767354596623,1786400098.9327047
4,6306,0.3351929783821106,0.4431179775280899,1786400099.022548
4,6307,0.4185892641544342,0.44322429906542055,1786400099.111993
4,6308,0.4462463855743408,0.44325248756218905,1786400099.201507
4,6309,0.5373163819313049,0.44343575418994413,1786400099.2930365
4,6310,0.3820936679840088,0.4436183395291202,1786400099.3861647
4,6311,0.39824697375297546,0.44387755102040816,1786400099.4852774
4,6312,0.3055056929588318,0.4433641975308642,1786400099.5825665
4,6313,0.4722856283187866,0.4433918669131238,1786400099.688534
4,6314,0.6135764122009277,0.4431888068880689,1786400099.7820165
4,6315,0.40226295590400696,0.44321669736034375,1786400099.8777697
4,6316,0.31832820177078247,0.4437040441176471,1786400099.9668877
4,6317,0.2993068993091583,0.443348623853211,1786400100.0584702
4,6318,0.5476099848747253,0.44307081807081805,1786400100.1480575
4,6319,0.38674473762512207,0.44294637416209626,1786400100.2383103
4,6320,0.5645275115966797,0.44267031630170317,1786400100.3380785
4,6321,0.5247387290000916,0.4425470552519733,1786400100.4397657
4,6322,0.4832647442817688,0.4420454545454545,1786400100.5380352
4,6323,0.40590614080429077,0.4423774954627949,1786400100.6285675
4,6324,0.41536951065063477,0.4427083333333333,1786400100.7172132
4,6325,0.42799341678619385,0.4428119349005425,1786400100.8069708
4,6326,0.39852839708328247,0.44291516245487367,1786400100.8970406
4,6327,0.4254748225212097,0.4423423423423423,1786400100.9867208
4,6328,0.3035787045955658,0.44252098321342925,1786400101.0759518
4,6329,0.4067951440811157,0.4426989826451227,1786400101.1657495
4,6330,0.39538636803627014,0.44265232974910396,1786400101.2559402
4,6331,0.4255249500274658,0.4428294573643411,1786400101.3464522
4,6332,0.3758724629878998,0.4431547619047619,1786400101.43669
4,6333,0.3578750491142273,0.44310754604872254,1786400101.5265555
4,6334,0.34737879037857056,0.44283807829181493,1786400101.6252818
4,6335,0.5405729413032532,0.44293960923623443,1786400101.7151096
4,6336,0.46114182472229004,0.4432624113475177,1786400101.805081
4,6337,0.567462682723999,0.44277286135693217,1786400101.8939705
4,6338,0.4455842971801758,0.44235865724381623,1786400101.9851484
4,6339,0.5332489013671875,0.44246031746031744,1786400102.0752292
4,6340,0.3098852336406708,0.4426349765258216,1786400102.164614
4,6341,0.41422292590141296,0.4422231985940246,1786400102.2550561
4,6342,0.5616249442100525,0.4423245614035088,1786400102.352178
4,6343,0.4418832063674927,0.4425715119673088,1786400102.4520648
4,6344,0.3376784920692444,0.44303613053613056,1786400102.5402935
4,6345,0.5621541738510132,0.4432082606166376,1786400102.640597
4,6346,0.34046757221221924,0.44374274099883854,1786400102.7308567
4,6347,0.3324716091156006,0.4432608695652174,1786400102.8218334
4,6348,0.38574206829071045,0.4427806712962963,1786400102.9110196
4,6349,0.39495086669921875,0.4429520508376661,1786400103.012885
4,6350,0.36521995067596436,0.44305074971164937,1786400103.10399
4,6351,0.5525572299957275,0.4426453655728267,1786400103.1949615
4,6352,0.6925928592681885,0.4425287356321839,1786400103.2850597
4,6353,0.3346804976463318,0.4429145152036718,1786400103.3738546
4,6354,0.4548887312412262,0.4425114547537228,1786400103.4652352
4,6355,0.6093922853469849,0.4421097770154374,1786400103.5560923
4,6356,0.4261643886566162,0.4419948630136986,1786400103.653905
4,6357,0.47453442215919495,0.4420940170940171,1786400103.7448778
4,6358,0.6941395998001099,0.44205062571103526,1786400103.8349833
4,6359,0.28526660799980164,0.44243327654741627,1786400103.9349368
4,6360,0.5041151642799377,0.4423185941043084,1786400104.0247211
4,6361,0.43715858459472656,0.44262874929258633,1786400104.1215992
4,6362,0.41039466857910156,0.44258474576271184,1786400104.2232783
4,6363,0.3899577558040619,0.4427523970671179,1786400104.3126137
4,6364,0.461276113986969,0.4427083333333333,1786400104.4024584
4,6365,0.30523955821990967,0.4430157391793142,1786400104.4925575
4,6366,0.3059067130088806,0.44346240179573515,1786400104.590249
4,6367,0.5357889533042908,0.44348739495798317,1786400104.6826217
4,6368,0.3570200800895691,0.4437919463087248,1786400104.772401
4,6369,0.37931230664253235,0.4438860971524288,1786400104.8720691
4,6370,0.30681803822517395,0.44418896321070234,1786400104.9689713
4,6371,0.34807315468788147,0.4442821368948247,1786400105.0677075
4,6372,0.4446178078651428,0.4446527777777778,1786400105.1589885
4,6373,0.24413272738456726,0.44502218524681086,1786400105.2502537
4,6374,0.37350231409072876,0.44518272425249167,1786400105.3397486
4,6375,0.7894139885902405,0.44499723604201213,1786400105.4294312
4,6376,0.44949015974998474,0.4452952538631347,1786400105.518534
4,6377,0.4655270278453827,0.4450413223140496,1786400105.6136286
4,6378,0.7027835845947266,0.444513201320132,1786400105.7060432
4,6379,0.4381827116012573,0.44433003844041735,1786400105.7946627
4,6380,0.5373138785362244,0.4438733552631579,1786400105.898513
4,6381,0.3915610611438751,0.44396551724137934,1786400105.987832
4,6382,0.46399471163749695,0.4435792349726776,1786400106.0873475
4,6383,0.4993760287761688,0.44353518821603927,1786400106.1916294
4,6384,0.5873497128486633,0.44328703703703703,1786400106.292335
4,6385,0.4049265682697296,0.4427678085916259,1786400106.3816702
4,6386,0.41239410638809204,0.44292888165038,1786400106.4718492
4,6387,0.5185080766677856,0.44234417344173443,1786400106.5649226
4,6388,0.7568812966346741,0.4422348484848485,1786400106.6713314
4,6389,0.5027883052825928,0.4417882225823879,1786400106.7625709
4,6390,0.4211737811565399,0.4413430420711974,1786400106.853028
4,6391,0.3330239951610565,0.44157242864835755,1786400106.943484
4,6392,0.6241252422332764,0.4417338709677419,1786400107.033833
4,6393,0.42211320996284485,0.4416935050993022,1786400107.1260517
4,6394,0.4000345766544342,0.44192122186495175,1786400107.2159894
4,6395,0.5429731011390686,0.4416800428036383,1786400107.3103778
4,6396,0.3726763427257538,0.4412393162393162,1786400107.4109278
4,6397,0.4434499740600586,0.4414666666666667,1786400107.5008752
4,6398,0.34236952662467957,0.4417598509052183,1786400107.5946116
4,6399,0.4429808259010315,0.4417198298777246,1786400107.6896927
4,6400,0.3672494888305664,0.44187898089171973,1786400107.7840207
4,6401,0.49501293897628784,0.4419051404345522,1786400107.8747318
4,6402,0.3873225748538971,0.44212962962962965,1786400107.9647946
4,6403,0.646030068397522,0.4421553090332805,1786400108.06496
4,6404,0.454026460647583,0.44185126582278483,1786400108.1557014
4,6405,0.572180986404419,0.4415481832543444,1786400108.249051
4,6406,0.45871081948280334,0.44157465825446895,1786400108.345064
4,6407,0.39929431676864624,0.4417979002624672,1786400108.433836
4,6408,0.4874019920825958,0.4417583857442348,1786400108.534314
4,6409,0.3548145294189453,0.44211145996860285,1786400108.6337008
4,6410,0.6480280160903931,0.44213688610240337,1786400108.7240682
4,6411,0.4303170442581177,0.4419666145018258,1786400108.8210618
4,6412,0.31492358446121216,0.4423828125,1786400108.9105952
4,6413,0.48967090249061584,0.4424076963078523,1786400109.0004187
4,6414,0.4498481750488281,0.44204309449636553,1786400109.0907958
4,6415,0.3795440196990967,0.44232763089683774,1786400109.1854422
4,6416,0.3896167576313019,0.4422230848861284,1786400109.2782922
4,6417,0.5168408751487732,0.44218346253229973,1786400109.3685153
4,6418,0.6274040937423706,0.4422084623323013,1786400109.4593139
4,6419,0.4060625433921814,0.44229778464708913,1786400109.5567038
4,6420,0.40390169620513916,0.44232253086419754,1786400109.646872
4,6421,0.3877403736114502,0.4422829994863893,1786400109.7377658
4,6422,0.3892118036746979,0.4421794871794872,1786400109.8330345
4,6423,0.4792264997959137,0.442268305171531,1786400109.9283106
4,6424,0.3925252854824066,0.4424846625766871,1786400110.0272148
4,6425,0.6720395088195801,0.4425089331291475,1786400110.1221638
4,6426,0.7420603036880493,0.4422145769622834,1786400110.221738
4,6427,0.7916445732116699,0.44236641221374046,1786400110.3105402
4,6428,0.25234508514404297,0.4428353658536585,1786400110.4010434
4,6429,0.5662153959274292,0.4427321156773212,1786400110.491592
4,6430,0.43300074338912964,0.44262917933130697,1786400110.5906649
4,6431,0.3131418824195862,0.4429059180576631,1786400110.6857667
4,6432,0.37457388639450073,0.4431818181818182,1786400110.7772603
4,6433,0.4369416832923889,0.44314170448814927,1786400110.866023
4,6434,0.39039501547813416,0.44322759315206445,1786400110.954886
4,6435,0.5602413415908813,0.44281045751633985,1786400111.0475125
4,6436,1.1495697498321533,0.4426455823293173,1786400111.1380844
4,6437,0.46934276819229126,0.4424812030075188,1786400111.2265985
4,6438,0.37889036536216736,0.442505005005005,1786400111.3166578
4,6439,0.6560309529304504,0.4423413293353323,1786400111.4047246
4,6440,0.42290008068084717,0.44236526946107785,1786400111.4944756
4,6441,0.4221632778644562,0.44257598405580467,1786400111.584185
4,6442,0.3632127046585083,0.4425995024875622,1786400111.675615
4,6443,0.45220062136650085,0.4425608544461003,1786400111.7661161
4,6444,0.35146665573120117,0.4428323412698413,1786400111.8553495
4,6445,0.46815645694732666,0.44273155027241207,1786400111.9465358
4,6446,0.40146583318710327,0.443001978239367,1786400112.0361967
4,6447,0.3644331693649292,0.44320987654320987,1786400112.1248522
4,6448,0.5642813444137573,0.44335552268244577,1786400112.2150962
4,6449,0.5327562093734741,0.4429468242245199,1786400112.306225
4,6450,0.390135794878006,0.44309242871189775,1786400112.3968425
4,6451,0.4072640538215637,0.4432376043200785,1786400112.484502
4,6452,0.3741905689239502,0.44344362745098037,1786400112.573656
4,6453,0.6038111448287964,0.4433431228585414,1786400112.6657915
4,6454,0.5917603969573975,0.4431818181818182,1786400112.7565267
4,6455,0.5490817427635193,0.44332601268911664,1786400112.8582654
4,6456,0.45813754200935364,0.4434088693957115,1786400112.9575224
4,6457,0.3656715154647827,0.44391727493917277,1786400113.0482507
4,6458,0.3167230784893036,0.4440597667638484,1786400113.1373482
4,6459,0.5241801738739014,0.44389859291606015,1786400113.227611
4,6460,0.41498783230781555,0.44349563953488375,1786400113.3293607
4,6461,0.44644179940223694,0.443577648766328,1786400113.4308393
4,6462,0.6320189237594604,0.44323671497584544,1786400113.530962
4,6463,0.40143370628356934,0.44307766521948866,1786400113.631926
4,6464,0.4146490693092346,0.4429190751445087,1786400113.7220194
4,6465,0.39680805802345276,0.44306156806156805,1786400113.8181176
4,6466,0.33274415135383606,0.4432636887608069,1786400113.9145067
4,6467,0.4111536145210266,0.4434652278177458,1786400114.0052483
4,6468,0.41118913888931274,0.4437859195402299,1786400114.095265
4,6469,0.3732147216796875,0.44410569105691056,1786400114.1854415
4,6470,0.4043942987918854,0.4441857688634193,1786400114.2767575
4,6471,0.41288065910339355,0.44420600858369097,1786400114.3667307
4,6472,0.5641899704933167,0.44416666666666665,1786400114.4715145
4,6473,0.46555060148239136,0.44424631478839754,1786400114.566023
4,6474,0.3966967463493347,0.4444444444444444,1786400114.6560977
4,6475,0.44132745265960693,0.4445234708392603,1786400114.7483459
4,6476,0.5424460172653198,0.4445430871212121,1786400114.837543
4,6477,0.3741041421890259,0.4447399527186761,1786400114.9272542
4,6478,0.518592357635498,0.44505429650613787,1786400115.0168602
4,6479,0.4126203656196594,0.4450730787364451,1786400115.109041
4,6480,0.3557395935058594,0.4454449152542373,1786400115.1994586
4,6481,0.3389461934566498,0.445815702867889,1786400115.2900047
4,6482,0.4988534152507782,0.44583333333333336,1786400115.3802512
4,6483,0.3811444938182831,0.44585091420534456,1786400115.468704
4,6484,0.39977097511291504,0.44592696629213485,1786400115.558613
4,6485,0.3681975305080414,0.44623655913978494,1786400115.6572218
4,6486,0.6410131454467773,0.44625350140056025,1786400115.7518384
4,6487,0.39155083894729614,0.4463286713286713,1786400115.8424904
4,6488,0.26525336503982544,0.44669459962756053,1786400115.931968
4,6489,0.4143717586994171,0.4468270571827057,1786400116.0215347
4,6490,0.3344353139400482,0.44695914577530177,1786400116.1185408
4,6491,0.45924651622772217,0.4469749652294854,1786400116.2080393
4,6492,0.4433213472366333,0.4467013888888889,1786400116.2981162
4,6493,0.2564909756183624,0.44706426259824317,1786400116.388097
4,6494,0.42036399245262146,0.4471952908587258,1786400116.479187
4,6495,0.31889498233795166,0.4468649147072384,1786400116.5700138
4,6496,0.4709067642688751,0.4470534069981584,1786400116.6616945
4,6497,0.48687291145324707,0.4468390804597701,1786400116.76089
4,6498,0.33537644147872925,0.4465105601469238,1786400116.8518963
4,6499,0.28835824131965637,0.4466987620357634,1786400116.9528346
4,6500,0.2903226912021637,0.44694368131868134,1786400117.0471764
4,6501,0.4321702718734741,0.4469021490626429,1786400117.1382365
4,6502,0.4566988945007324,0.4470890410958904,1786400117.2286947
4,6503,0.4868101179599762,0.4465344277245782,1786400117.3181376
4,6504,0.41596323251724243,0.4468351548269581,1786400117.4166198
4,6505,0.36196771264076233,0.4469645293315143,1786400117.505315
4,6506,0.41133376955986023,0.4469232515894641,1786400117.6050327
4,6507,0.48313072323799133,0.4467120181405896,1786400117.7076375
4,6508,0.5428174734115601,0.4466711956521739,1786400117.808813
4,6509,0.483627587556839,0.44680009045680685,1786400117.9075756
4,6510,0.3498554229736328,0.44715447154471544,1786400118.000864
4,6511,0.4213259816169739,0.4471132160577357,1786400118.0944364
4,6512,0.3594999611377716,0.4471846846846847,1786400118.1933239
4,6513,0.4320811629295349,0.4472559604138551,1786400118.2827952
4,6514,0.49526041746139526,0.4467654986522911,1786400118.3740065
4,6515,0.824720561504364,0.4466128308658591,1786400118.464053
4,6516,0.4014939069747925,0.44674059139784944,1786400118.556822
4,6517,0.4813143014907837,0.44670022371364654,1786400118.6457043
4,6518,0.6226412057876587,0.44638069705093836,1786400118.7426498
4,6519,0.5125707387924194,0.446285140562249,1786400118.8360503
4,6520,0.5193805694580078,0.44646836007130125,1786400118.932552
4,6521,0.40292251110076904,0.44659546061415223,1786400119.0260353
4,6522,0.40995776653289795,0.44655555555555554,1786400119.124608
4,6523,0.4321374297142029,0.44673768308921435,1786400119.2236435
4,6524,0.45349112153053284,0.44725177304964536,1786400119.31314
4,6525,0.332978755235672,0.4474878264718902,1786400119.4062412
4,6526,0.464720755815506,0.447446949602122,1786400119.494641
4,6527,0.3874080181121826,0.44751655629139075,1786400119.5945954
4,6528,0.3692772090435028,0.4476962081128748,1786400119.6835048
4,6529,0.348979115486145,0.44787538529282256,1786400119.7779813
4,6530,0.4748757779598236,0.44755936675461744,1786400119.8675609
4,6531,0.41942521929740906,0.44762845849802374,1786400119.9574397
4,6532,0.5977805852890015,0.44725877192982455,1786400120.0567336
4,6533,0.37152087688446045,0.4472185720543145,1786400120.1453521
4,6534,0.4368857741355896,0.44706911636045493,1786400120.2358556
4,6535,0.49078455567359924,0.44702927042376583,1786400120.3309307
4,6536,0.4330853819847107,0.44704406631762655,1786400120.4199088
4,6537,0.4094810485839844,0.44722222222222224,1786400120.5085256
4,6538,0.6748356819152832,0.447236727589208,1786400120.5997999
4,6539,0.440085232257843,0.4471968709256845,1786400120.7023802
4,6540,0.6166678667068481,0.447265625,1786400120.7922275
4,6541,0.5590965151786804,0.44733420026007803,1786400120.884066
4,6542,0.3474518358707428,0.44745670995670994,1786400120.9737089
4,6543,0.3670289218425751,0.44752485948984005,1786400121.0661263
4,6544,0.3263750672340393,0.447646804835924,1786400121.1571279
4,6545,0.48172909021377563,0.44755282449331607,1786400121.2474017
4,6546,0.38197648525238037,0.4475129198966408,1786400121.338245
4,6547,0.46209627389907837,0.4475268817204301,1786400121.4370134
4,6548,0.42046380043029785,0.4475945017182131,1786400121.5256286
4,6549,0.4302896559238434,0.44717932217932216,1786400121.6187842
4,6550,0.33197224140167236,0.44687232219365897,1786400121.7086732
4,6551,0.43985411524772644,0.44699400941377837,1786400121.8030183
4,6552,0.477792352437973,0.4466346153846154,1786400121.892654
4,6553,0.4809522032737732,0.4465962441314554,1786400121.9918308
4,6554,0.4457027018070221,0.44671781756180734,1786400122.0822608
4,6555,0.47276654839515686,0.4467326521924223,1786400122.1719632
4,6556,0.41586798429489136,0.44680059523809523,1786400122.2638423
4,6557,0.47096580266952515,0.4468683651804671,1786400122.352372
4,6558,0.5462151765823364,0.4470419847328244,1786400122.4520328
4,6559,0.38200002908706665,0.44726810673443457,1786400122.5410502
4,6560,0.3987751007080078,0.4474407783417936,1786400122.642042
4,6561,0.46588683128356934,0.4475073933248838,1786400122.7371755
4,6562,0.4928566515445709,0.44757383966244724,1786400122.8352509
4,6563,0.33151766657829285,0.4472187104930468,1786400122.9245694
4,6564,0.5620625019073486,0.44712752525252525,1786400123.0143697
4,6565,0.38314446806907654,0.4472992854140395,1786400123.1035583
4,6566,0.37014251947402954,0.44705079764903444,1786400123.1947756
4,6567,0.5697950124740601,0.4470125786163522,1786400123.290805
4,6568,0.6441024541854858,0.446712730318258,1786400123.3920362
4,6569,0.3277817666530609,0.4470409870347135,1786400123.4801707
4,6570,0.35978758335113525,0.4472639933166249,1786400123.569337
4,6571,0.4398459792137146,0.44722569879015434,1786400123.6603105
4,6572,0.44314053654670715,0.44723958333333336,1786400123.7497504
4,6573,0.38924938440322876,0.4470453599667083,1786400123.8399594
4,6574,0.4403994083404541,0.44711138819617624,1786400123.936161
4,6575,0.4144372045993805,0.4472291407222914,1786400124.0243628
4,6576,0.5248414278030396,0.44724295190713104,1786400124.1250482
4,6577,0.541674017906189,0.44715320910973083,1786400124.2147686
4,6578,0.5622812509536743,0.4472187758478081,1786400124.3120093
4,6579,0.33523908257484436,0.44738744320528706,1786400124.4099696
4,6580,0.327413409948349,0.44750412541254125,1786400124.5014768
4,6581,0.4231545925140381,0.4476720230737536,1786400124.5910063
4,6582,0.3106820583343506,0.44794238683127574,1786400124.6914115
4,6583,0.4284169673919678,0.4476469379367037,1786400124.790847
4,6584,0.2562906742095947,0.4479166666666667,1786400124.890212
4,6585,0.42976900935173035,0.4480319803198032,1786400124.9794059
4,6586,0.3376835882663727,0.4480958230958231,1786400125.0686793
4,6587,0.623218834400177,0.44821063394683025,1786400125.1608303
4,6588,0.5514770746231079,0.4479166666666667,1786400125.249954
4,6589,0.435567170381546,0.4476744186046512,1786400125.3404725
4,6590,0.39312994480133057,0.44778932355338225,1786400125.435955
4,6591,0.5531159043312073,0.4478021978021978,1786400125.5331442
4,6592,0.5020864009857178,0.4477642276422764,1786400125.6288877
4,6593,0.31665486097335815,0.44803085667884696,1786400125.7194233
4,6594,0.3720199465751648,0.4480433901054339,1786400125.8079364
4,6595,0.5237703323364258,0.4480558930741191,1786400125.896634
4,6596,0.5869863033294678,0.4478661003236246,1786400125.9927845
4,6597,0.30934542417526245,0.44823232323232326,1786400126.093805
4,6598,0.2844959795475006,0.4484463276836158,1786400126.1829538
4,6599,0.4218836724758148,0.4482567513099557,1786400126.2774506
4,6600,0.5680853724479675,0.4483192431561997,1786400126.3695395
4,6601,0.40058445930480957,0.44823080016083633,1786400126.4684653
4,6602,0.3769553005695343,0.4482429718875502,1786400126.5571663
4,6603,0.3005160987377167,0.4478539911752908,1786400126.6531298
4,6604,0.48265448212623596,0.4479667467948718,1786400126.7528727
4,6605,0.3354138433933258,0.4481792717086835,1786400126.8581417
4,6606,0.4262516498565674,0.4483912869704237,1786400126.9488382
4,6607,0.3022938072681427,0.44815369261477045,1786400127.0477679
4,6608,0.4400774836540222,0.448116028708134,1786400127.1447399
4,6609,0.3701600134372711,0.4483273596176822,1786400127.2345593
4,6610,0.5770256519317627,0.44858790771678597,1786400127.3247552
4,6611,0.38839995861053467,0.44869884783472386,1786400127.4136655
4,6612,0.42521876096725464,0.44875992063492065,1786400127.5011966
4,6613,0.32874631881713867,0.44877130400317083,1786400127.592485
4,6614,0.45749178528785706,0.44868368962787014,1786400127.6818976
4,6615,0.45678627490997314,0.4487939897192566,1786400127.770751
4,6616,0.45667707920074463,0.4490027646129542,1786400127.8614998
4,6617,0.4445921778678894,0.44886587771203157,1786400127.9613936
4,6618,0.3650359511375427,0.44907407407407407,1786400128.0515692
4,6619,0.31222641468048096,0.44928177882723336,1786400128.1409898
4,6620,0.38455256819725037,0.44943985849056606,1786400128.2385583
4,6621,0.3707524836063385,0.44925402434236356,1786400128.3392546
4,6622,0.3901281952857971,0.4493627450980392,1786400128.436928
4,6623,0.41700419783592224,0.4495201723462593,1786400128.5274534
4,6624,0.45428574085235596,0.4496283255086072,1786400128.6195421
4,6625,0.38540518283843994,0.449736225087925,1786400128.7093506
4,6626,0.46106570959091187,0.4496975019516003,1786400128.804317
4,6627,0.458922415971756,0.4497563352826511,1786400128.8995104
4,6628,0.5031572580337524,0.4497663551401869,1786400128.9970188
4,6629,0.5113472938537598,0.4496304939712174,1786400129.087715
4,6630,0.32584282755851746,0.44988344988344986,1786400129.1771336
4,6631,0.462746798992157,0.4498932867675592,1786400129.2668638
4,6632,0.6113101243972778,0.4496608527131783,1786400129.3559382
4,6633,0.4772428572177887,0.44976771196283394,1786400129.4459264
4,6634,0.37695953249931335,0.4498259860788863,1786400129.5463922
4,6635,0.4626900255680084,0.4500289687137891,1786400129.6384032
4,6636,0.37427765130996704,0.4503279320987654,1786400129.7394676
4,6637,0.5613853931427002,0.45033718689788055,1786400129.841379
4,6638,0.4779714047908783,0.4501058506543495,1786400129.9324522
4,6639,0.49698421359062195,0.45011534025374855,1786400130.025705
4,6640,0.36701467633247375,0.45026881720430106,1786400130.1209176
4,6641,0.41823655366897583,0.4503260452627541,1786400130.2204173
4,6642,0.4105498492717743,0.4503831417624521,1786400130.310391
4,6643,0.4823172092437744,0.45044010715652505,1786400130.4012046
4,6644,0.42732861638069153,0.4503058103975535,1786400130.4914703
4,6645,0.4908760190010071,0.4500763650248186,1786400130.590031
4,6646,0.32619959115982056,0.4500858123569794,1786400130.6837811
4,6647,0.42673543095588684,0.4499047619047619,1786400130.7741194
4,6648,0.5341483950614929,0.4497716894977169,1786400130.8693025
4,6649,0.4179583191871643,0.4500190041809198,1786400130.9688845
4,6650,0.6266663074493408,0.4500284738041002,1786400131.0681531
4,6651,0.3634504973888397,0.4497535077739856,1786400131.1634939
4,6652,0.5001348257064819,0.449905303030303,1786400131.257087
4,6653,0.48965755105018616,0.4496311010215664,1786400131.3484488
4,6654,0.5176082849502563,0.44968820861678005,1786400131.442073
4,6655,0.5502329468727112,0.4496979992449981,1786400131.532255
4,6656,0.5513536334037781,0.4497077677224736,1786400131.627879
4,6657,0.46947044134140015,0.44990583804143125,1786400131.7290573
4,6658,0.3195702135562897,0.4497272385252069,1786400131.822062
4,6659,0.39337289333343506,0.44987786546411124,1786400131.9130461
4,6660,0.4489848017692566,0.44984046546546547,1786400132.0142822
4,6661,0.37129494547843933,0.4499437570303712,1786400132.1036842
4,6662,0.393481582403183,0.44995318352059926,1786400132.194131
4,6663,0.43613162636756897,0.4496820052375608,1786400132.2932172
4,6664,0.4727506637573242,0.44978512705530643,1786400132.3903534
4,6665,0.39106324315071106,0.4494214259051885,1786400132.4904144
4,6666,0.53457111120224,0.44919835943325875,1786400132.5802603
4,6667,0.5134342908859253,0.44920856610800747,1786400132.6727686
4,6668,0.36367687582969666,0.44935825892857145,1786400132.762866
4,6669,0.5057880878448486,0.4491824600520253,1786400132.8612835
4,6670,0.33463481068611145,0.4493782479584261,1786400132.9642873
4,6671,0.37518247961997986,0.44938820912124583,1786400133.0554795
4,6672,0.3800962567329407,0.44949074074074075,1786400133.1464646
4,6673,0.4939102828502655,0.4491305956344802,1786400133.2512312
4,6674,0.38467270135879517,0.4492331855136733,1786400133.3410685
4,6675,0.5367212295532227,0.44924326319675156,1786400133.4360855
4,6676,0.45686787366867065,0.44934550147492625,1786400133.5271273
4,6677,0.3792610466480255,0.4492633517495396,1786400133.6190186
4,6678,0.41116616129875183,0.44927336276674024,1786400133.7118073
4,6679,0.41386401653289795,0.4494671076809996,1786400133.8033807
4,6680,0.35062968730926514,0.449476872246696,1786400133.8954437
4,6681,0.38344913721084595,0.44925742574257427,1786400133.9870899
4,6682,0.3960384726524353,0.44954212454212455,1786400134.0790052
4,6683,0.44708824157714844,0.44932308818148553,1786400134.1825476
4,6684,0.5921571254730225,0.44942434210526316,1786400134.2865078
4,6685,0.4485265910625458,0.44925155166119024,1786400134.377483
4,6686,0.8579829931259155,0.4491703136396791,1786400134.4861794
4,6687,0.40605032444000244,0.44913479052823313,1786400134.5860033
4,6688,0.568730354309082,0.44909934497816595,1786400134.678668
4,6689,0.4917346239089966,0.4487913486005089,1786400134.7832186
4,6690,0.3686586022377014,0.4490286855482934,1786400134.873872
4,6691,0.38891229033470154,0.44922016684802324,1786400134.9636657
4,6692,0.6536374092102051,0.44909420289855073,1786400135.0608416
4,6693,0.5963782072067261,0.44892327180600794,1786400135.159956
4,6694,0.3455560505390167,0.4491594360086768,1786400135.260375
4,6695,0.41070088744163513,0.44916937522571326,1786400135.3527255
4,6696,0.46783071756362915,0.4489087301587302,1786400135.4539669
4,6697,0.4286409914493561,0.44851351351351354,1786400135.5446584
4,6698,0.396284818649292,0.44856911447084236,1786400135.636159
4,6699,0.5139766335487366,0.44848975188781015,1786400135.736444
4,6700,0.406948983669281,0.4488146551724138,1786400135.8378727
4,6701,0.5746541023254395,0.4488249013275924,1786400135.9292424
4,6702,0.4857163727283478,0.4489247311827957,1786400136.032265
4,6703,0.45094284415245056,0.4489795918367347,1786400136.1232421
4,6704,0.5564513802528381,0.4489896280400572,1786400136.2190413
4,6705,0.6095281839370728,0.4485977134690961,1786400136.311091
4,6706,0.4883425533771515,0.4483404710920771,1786400136.4083395
4,6707,0.5202001333236694,0.4483511586452763,1786400136.4972456
4,6708,0.4104611873626709,0.44836182336182334,1786400136.5869975
4,6709,0.36568960547447205,0.4486392742796158,1786400136.6778865
4,6710,0.527510404586792,0.44873845060412226,1786400136.7707791
4,6711,0.30235838890075684,0.4488817891373802,1786400136.8620942
4,6712,0.4635578393936157,0.4487145390070922,1786400136.9517114
4,6713,0.35811761021614075,0.4487690400283387,1786400137.0504448
4,6714,0.4288080036640167,0.448911889596603,1786400137.1485906
4,6715,0.5017539262771606,0.4488776952986921,1786400137.2381465
4,6716,0.32004252076148987,0.4486228813559322,1786400137.3304963
4,6717,0.3612244427204132,0.44832451499118164,1786400137.421077
4,6718,0.5071951150894165,0.4483350951374207,1786400137.511359
4,6719,0.7150790691375732,0.4483016543470609,1786400137.6070485
4,6720,0.5043993592262268,0.44835618846694797,1786400137.697134
4,6721,0.4166201949119568,0.44832279592553564,1786400137.7889066
4,6722,0.49724245071411133,0.4482894736842105,1786400137.887723
4,6723,0.43100211024284363,0.4479495268138801,1786400137.9908705
4,6724,0.3886154890060425,0.4479166666666667,1786400138.0806618
4,6725,0.40361863374710083,0.448189926547744,1786400138.1782305
4,6726,0.36597350239753723,0.4483315863032844,1786400138.2679791
4,6727,0.4340784251689911,0.44842931937172775,1786400138.3568428
4,6728,0.3360762596130371,0.4485268479776848,1786400138.4449563
4,6729,0.4776080846786499,0.4484064785788924,1786400138.5348835
4,6730,0.3839220404624939,0.4485038274182324,1786400138.6349337
4,6731,0.29937195777893066,0.4487747653806048,1786400138.7304907
4,6732,0.3786649703979492,0.4488715277777778,1786400138.8190126
4,6733,0.34521064162254333,0.44896808879639266,1786400138.9072506
4,6734,0.412761926651001,0.4490211365211365,1786400138.9970431
4,6735,0.6046910881996155,0.44903080650744204,1786400139.0899894
4,6736,0.3398614525794983,0.44929979253112035,1786400139.179685
4,6737,0.4278486669063568,0.4493523316062176,1786400139.2689598
4,6738,0.5046085119247437,0.44914596273291924,1786400139.357897
4,6739,0.45032167434692383,0.4488538435022406,1786400139.4466794
4,6740,0.3753858208656311,0.4489497245179063,1786400139.5349734
4,6741,0.3492198586463928,0.44900240798073615,1786400139.6236427
4,6742,0.48514822125434875,0.448926116838488,1786400139.71133
4,6743,0.42415258288383484,0.4490645382766907,1786400139.799337
4,6744,0.3723345696926117,0.449031207133059,1786400139.8893425
4,6745,0.2958129048347473,0.44912641315519014,1786400139.9769564
4,6746,0.49677252769470215,0.44913586584531145,1786400140.064738
4,6747,0.587875247001648,0.4491880341880342,1786400140.1537266
4,6748,0.3751526176929474,0.4493681693989071,1786400140.241195
4,6749,0.3750934600830078,0.44946264073694986,1786400140.3301876
4,6750,0.5276939272880554,0.4493865030674847,1786400140.4195578
4,6751,0.4278293251991272,0.449438202247191,1786400140.5095553
4,6752,0.5220507383346558,0.4496598639455782,1786400140.5977864
4,6753,0.3953121304512024,0.44945633707101595,1786400140.6864617
4,6754,0.5261214971542358,0.44950780719619826,1786400140.7752676
4,6755,0.5312882661819458,0.4491353001017294,1786400140.8642762
5,6756,0.6500526666641235,0.4166666666666667,1786400147.0673769
5,6757,0.46139368414878845,0.4583333333333333,1786400147.2176323
5,6758,0.41758325695991516,0.4583333333333333,1786400147.3164952
5,6759,0.41233962774276733,0.4479166666666667,1786400147.4248195
5,6760,0.3391975164413452,0.48333333333333334,1786400147.5209506
5,6761,0.3898976743221283,0.4583333333333333,1786400147.6526272
5,6762,0.40414103865623474,0.48214285714285715,1786400147.7591908
5,6763,0.3489340841770172,0.4895833333333333,1786400147.8651872
5,6764,0.42865532636642456,0.44907407407407407,1786400147.9610898
5,6765,0.4752420485019684,0.45,1786400148.059121
5,6766,0.45728909969329834,0.42045454545454547,1786400148.1570323
5,6767,0.37051618099212646,0.4305555555555556,1786400148.2611945
5,6768,0.3740369379520416,0.4326923076923077,1786400148.35377
5,6769,0.6040361523628235,0.42857142857142855,1786400148.4463525
5,6770,0.4202624559402466,0.41388888888888886,1786400148.5363843
5,6771,0.5244724750518799,0.4088541666666667,1786400148.6272454
5,6772,0.31302860379219055,0.4215686274509804,1786400148.7174504
5,6773,0.5102778077125549,0.4074074074074074,1786400148.8079314
5,6774,0.38201722502708435,0.4144736842105263,1786400148.8975666
5,6775,0.3756754696369171,0.425,1786400148.9860432
5,6776,0.5358356237411499,0.41865079365079366,1786400149.077469
5,6777,0.5712462663650513,0.4109848484848485,1786400149.167454
5,6778,0.46628379821777344,0.4166666666666667,1786400149.2663093
5,6779,0.4556821584701538,0.421875,1786400149.3561428
5,6780,0.37208092212677,0.4266666666666667,1786400149.4464166
5,6781,0.4543044865131378,0.4342948717948718,1786400149.5393615
5,6782,0.4618060290813446,0.43364197530864196,1786400149.6342528
5,6783,0.4890734553337097,0.43601190476190477,1786400149.7344346
5,6784,0.40589678287506104,0.4382183908045977,1786400149.8309104
5,6785,0.38808542490005493,0.44305555555555554,1786400149.9226801
5,6786,0.3727640211582184,0.45026881720430106,1786400150.0110643
5,6787,0.3435281813144684,0.4544270833333333,1786400150.1068563
5,6788,0.339234858751297,0.45707070707070707,1786400150.1964808
5,6789,0.32068172097206116,0.46200980392156865,1786400150.296919
5,6790,0.6240171790122986,0.45595238095238094,1786400150.3926883
5,6791,0.3465626537799835,0.45717592592592593,1786400150.4849343
5,6792,0.5048336982727051,0.4572072072072072,1786400150.5783067
5,6793,0.4109290838241577,0.4583333333333333,1786400150.6725028
5,6794,0.3808530569076538,0.4583333333333333,1786400150.763818
5,6795,0.37000423669815063,0.46145833333333336,1786400150.8545434
5,6796,0.4165354371070862,0.4603658536585366,1786400150.9445126
5,6797,0.43944716453552246,0.46130952380952384,1786400151.041552
5,6798,0.3227952718734741,0.46705426356589147,1786400151.141446
5,6799,0.4602447748184204,0.46875,1786400151.2381582
5,6800,0.4538689851760864,0.4722222222222222,1786400151.3283248
5,6801,0.3599340617656708,0.47644927536231885,1786400151.4259748
5,6802,0.39493849873542786,0.47606382978723405,1786400151.5153859
5,6803,0.5606634616851807,0.4722222222222222,1786400151.6088548
5,6804,0.4205121397972107,0.47023809523809523,1786400151.7081053
5,6805,0.502705991268158,0.4683333333333333,1786400151.7981083
5,6806,0.47466710209846497,0.4616013071895425,1786400151.892415
5,6807,0.5962854623794556,0.46153846153846156,1786400151.9823055
5,6808,0.6178355813026428,0.4591194968553459,1786400152.0730095
5,6809,0.642314076423645,0.4513888888888889,1786400152.1636488
5,6810,0.5041845440864563,0.4492424242424242,1786400152.2625206
5,6811,0.31885236501693726,0.45461309523809523,1786400152.356082
5,6812,0.5863265991210938,0.45394736842105265,1786400152.445486
5,6813,0.46067705750465393,0.4540229885057471,1786400152.5347404
5,6814,0.2967762351036072,0.4569209039548023,1786400152.6318781
5,6815,0.41988804936408997,0.4527777777777778,1786400152.7213633
5,6816,0.5060996413230896,0.45286885245901637,1786400152.8107452
5,6817,0.4175809621810913,0.4543010752688172,1786400152.904477
5,6818,0.6558200716972351,0.45436507936507936,1786400152.9953318
5,6819,0.8376500010490417,0.4524739583333333,1786400153.0881195
5,6820,0.5632456541061401,0.45384615384615384,1786400153.1793633
5,6821,0.32029828429222107,0.45707070707070707,1786400153.2726033
5,6822,0.2961132526397705,0.4614427860696517,1786400153.370809
5,6823,0.4559048116207123,0.46139705882352944,1786400153.4602823
5,6824,0.4594128131866455,0.46195652173913043,1786400153.5485938
5,6825,0.38374632596969604,0.46190476190476193,1786400153.6395166
5,6826,0.48017579317092896,0.4612676056338028,1786400153.7288382
5,6827,0.3667854368686676,0.46064814814814814,1786400153.818681
5,6828,0.5183051824569702,0.4589041095890411,1786400153.9113505
5,6829,0.38493406772613525,0.4594594594594595,1786400154.0036585
5,6830,0.7755177021026611,0.4577777777777778,1786400154.1042435
5,6831,0.3569362163543701,0.4594298245614035,1786400154.197141
5,6832,0.5074214935302734,0.4604978354978355,1786400154.287644
5,6833,0.38953933119773865,0.46153846153846156,1786400154.3769164
5,6834,0.597587525844574,0.4578059071729958,1786400154.4748003
5,6835,0.38593029975891113,0.45989583333333334,1786400154.5635102
5,6836,0.33980557322502136,0.4619341563786008,1786400154.6535819
5,6837,0.5676535367965698,0.4578252032520325,1786400154.7470744
5,6838,0.49967634677886963,0.45732931726907633,1786400154.8447695
5,6839,0.36672982573509216,0.4593253968253968,1786400154.9465473
5,6840,0.3305344581604004,0.45588235294117646,1786400155.0415304
5,6841,0.3716179132461548,0.45397286821705424,1786400155.1333976
5,6842,0.3765198886394501,0.4564176245210728,1786400155.2228136
5,6843,0.46445515751838684,0.45549242424242425,1786400155.322681
5,6844,0.546617329120636,0.4559925093632959,1786400155.4124515
5,6845,0.3541768193244934,0.45416666666666666,1786400155.501742
5,6846,0.46102333068847656,0.45467032967032966,1786400155.6019273
5,6847,0.3806295692920685,0.4569746376811594,1786400155.6949215
5,6848,0.4266655743122101,0.4592293906810036,1786400155.7877653
5,6849,0.5484976172447205,0.4574468085106383,1786400155.88018
5,6850,0.3805287182331085,0.4583333333333333,1786400155.9774866
5,6851,0.38253146409988403,0.4583333333333333,1786400156.0783646
5,6852,0.36848872900009155,0.45489690721649484,1786400156.1682944
5,6853,0.4462544023990631,0.4557823129251701,1786400156.257418
5,6854,0.4095718264579773,0.45707070707070707,1786400156.350465
5,6855,0.4219242036342621,0.4579166666666667,1786400156.440175
5,6856,0.42377451062202454,0.45544554455445546,1786400156.5296087
5,6857,0.5152570009231567,0.45383986928104575,1786400156.6200511
5,6858,0.33253997564315796,0.4546925566343042,1786400156.709462
5,6859,0.41818878054618835,0.45392628205128205,1786400156.8017075
5,6860,0.5142329335212708,0.4507936507936508,1786400156.8910296
5,6861,0.48866379261016846,0.45007861635220126,1786400156.9921238
5,6862,0.2846294939517975,0.45210280373831774,1786400157.0903933
5,6863,0.3407851457595825,0.4537037037037037,1786400157.1869025
5,6864,0.3753940463066101,0.4537461773700306,1786400157.2752984
5,6865,0.4538521468639374,0.453030303030303,1786400157.3643262
5,6866,0.4155957102775574,0.45007507507507505,1786400157.460738
5,6867,0.3704254925251007,0.45126488095238093,1786400157.5519557
5,6868,0.5181939601898193,0.4502212389380531,1786400157.65119
5,6869,0.44805964827537537,0.4480994152046784,1786400157.7422523
5,6870,0.5051758289337158,0.447463768115942,1786400157.8441129
5,6871,0.3965073525905609,0.4489942528735632,1786400157.9339244
5,6872,0.327396035194397,0.44907407407407407,1786400158.0244434
5,6873,0.3495229482650757,0.451271186440678,1786400158.1160855
5,6874,0.41834062337875366,0.45133053221288516,1786400158.2148376
5,6875,0.28206169605255127,0.4534722222222222,1786400158.304161
5,6876,0.38851645588874817,0.4535123966942149,1786400158.3948452
5,6877,0.4579407870769501,0.45389344262295084,1786400158.4924254
5,6878,0.3488069176673889,0.45359078590785906,1786400158.5809515
5,6879,0.351690411567688,0.45463709677419356,1786400158.6757398
5,6880,0.43661072850227356,0.455,1786400158.767525
5,6881,0.5267819166183472,0.45601851851851855,1786400158.8582578
5,6882,0.3886820077896118,0.45767716535433073,1786400158.9485328
5,6883,0.394288569688797,0.4583333333333333,1786400159.0428302
5,6884,0.3744196593761444,0.4589793281653747,1786400159.1389763
5,6885,0.45702219009399414,0.4580128205128205,1786400159.2287273
5,6886,0.3184231221675873,0.4596055979643766,1786400159.329611
5,6887,0.3656570315361023,0.4599116161616162,1786400159.4222937
5,6888,0.5678351521492004,0.4583333333333333,1786400159.5235765
5,6889,0.38427484035491943,0.45802238805970147,1786400159.6134322
5,6890,0.569901704788208,0.4583333333333333,1786400159.7052605
5,6891,0.5960776805877686,0.45588235294117646,1786400159.7955368
5,6892,0.34848102927207947,0.45650851581508517,1786400159.891808
5,6893,0.5718724131584167,0.4571256038647343,1786400159.9912307
5,6894,0.4475775361061096,0.4580335731414868,1786400160.0920577
5,6895,0.5081288814544678,0.45654761904761904,1786400160.1818337
5,6896,0.39303284883499146,0.4574468085106383,1786400160.2753012
5,6897,0.3170117139816284,0.45774647887323944,1786400160.36477
5,6898,0.4670206606388092,0.4577505827505827,1786400160.4602368
5,6899,0.48051008582115173,0.4586226851851852,1786400160.5490537
5,6900,0.5915488600730896,0.45804597701149424,1786400160.6403923
5,6901,0.3500649631023407,0.4594748858447489,1786400160.7333527
5,6902,0.39449208974838257,0.45776643990929705,1786400160.82341
5,6903,0.5093686580657959,0.45861486486486486,1786400160.9128568
5,6904,0.4765593111515045,0.4574944071588367,1786400161.0040174
5,6905,0.47859999537467957,0.4572222222222222,1786400161.0936499
5,6906,0.3427181541919708,0.4586092715231788,1786400161.1837816
5,6907,0.46229851245880127,0.45778508771929827,1786400161.2750201
5,6908,0.40970808267593384,0.45561002178649235,1786400161.3645031
5,6909,0.6311343908309937,0.45481601731601734,1786400161.4574883
5,6910,0.32499924302101135,0.45645161290322583,1786400161.5498815
5,6911,0.5400312542915344,0.4561965811965812,1786400161.6411018
5,6912,0.27438193559646606,0.4548832271762208,1786400161.730934
5,6913,0.527793288230896,0.45464135021097046,1786400161.832116
5,6914,0.5837527513504028,0.4533542976939203,1786400161.9314308
5,6915,0.5343372821807861,0.45338541666666665,1786400162.0215187
5,6916,0.45793014764785767,0.45393374741200826,1786400162.1104763
5,6917,0.4667136073112488,0.4542181069958848,1786400162.2005424
5,6918,0.7101472616195679,0.4542433537832311,1786400162.2954452
5,6919,0.4455340504646301,0.45503048780487804,1786400162.3934941
5,6920,0.38976410031318665,0.45580808080808083,1786400162.4924452
5,6921,0.30315425992012024,0.4543172690763052,1786400162.584963
5,6922,0.28360146284103394,0.4555888223552894,1786400162.6837974
5,6923,0.45102259516716003,0.4548611111111111,1786400162.7771564
5,6924,0.431228369474411,0.45537475345167655,1786400162.8676906
5,6925,0.6179674863815308,0.4553921568627451,1786400162.9662194
5,6926,0.45024022459983826,0.45443469785575047,1786400163.0562057
5,6927,0.3672659397125244,0.45445736434108525,1786400163.1466298
5,6928,0.30098164081573486,0.4554431599229287,1786400163.2368207
5,6929,0.33110737800598145,0.4561781609195402,1786400163.326033
5,6930,0.2551717162132263,0.4580952380952381,1786400163.414975
5,6931,0.41798990964889526,0.4588068181818182,1786400163.5053535
5,6932,0.3313625454902649,0.4599811676082863,1786400163.5958064
5,6933,0.42313143610954285,0.4583333333333333,1786400163.6968942
5,6934,0.4135029911994934,0.4590316573556797,1786400163.786174
5,6935,0.28616276383399963,0.4599537037037037,1786400163.8842287
5,6936,0.6767808794975281,0.4585635359116022,1786400163.9742835
5,6937,0.41387367248535156,0.45879120879120877,1786400164.0712955
5,6938,0.41718581318855286,0.4592440801457195,1786400164.1711771
5,6939,0.5106318593025208,0.4590126811594203,1786400164.2623105
5,6940,0.3492741882801056,0.4572072072072072,1786400164.3522904
5,6941,0.4634316861629486,0.45721326164874554,1786400164.4422584
5,6942,0.33223989605903625,0.45788770053475936,1786400164.5382771
5,6943,0.3605967164039612,0.45899822695035464,1786400164.6267712
5,6944,0.3688187897205353,0.4576719576719577,1786400164.718158
5,6945,0.5351139307022095,0.45614035087719296,1786400164.8187854
5,6946,0.399885892868042,0.45767888307155324,1786400164.909682
5,6947,0.3244962692260742,0.4583333333333333,1786400165.0050058
5,6948,0.31855449080467224,0.4587651122625216,1786400165.0973752
5,6949,0.34572139382362366,0.45962199312714774,1786400165.188305
5,6950,0.40447598695755005,0.4596153846153846,1786400165.2773862
5,6951,0.5731616020202637,0.45982142857142855,1786400165.3676906
5,6952,0.6610297560691833,0.45981387478849406,1786400165.4650233
5,6953,0.40682074427604675,0.45875420875420875,1786400165.5650918
5,6954,0.3925275504589081,0.45938023450586263,1786400165.6666808
5,6955,0.2775750458240509,0.45979166666666665,1786400165.7562687
5,6956,0.5104734301567078,0.458955223880597,1786400165.8456395
5,6957,0.4542071521282196,0.45936468646864687,1786400165.9354692
5,6958,0.5937192440032959,0.45977011494252873,1786400166.0343676
5,6959,0.522273063659668,0.45874183006535946,1786400166.1296213
5,6960,0.35992518067359924,0.45934959349593496,1786400166.2195773
5,6961,0.5450717210769653,0.4577265372168285,1786400166.31054
5,6962,0.5172613859176636,0.45672302737520126,1786400166.4004064
5,6963,0.47153323888778687,0.45713141025641024,1786400166.4945023
5,6964,0.31602469086647034,0.45773524720893144,1786400166.5848963
5,6965,0.5876713395118713,0.4575396825396825,1786400166.6744568
5,6966,0.566323459148407,0.45813586097946285,1786400166.7723987
5,6967,0.6271963119506836,0.4581367924528302,1786400166.8627782
5,6968,0.4654727578163147,0.4583333333333333,1786400166.9525921
5,6969,0.3183020353317261,0.4591121495327103,1786400167.0458367
5,6970,0.45331141352653503,0.4583333333333333,1786400167.1371136
5,6971,0.5164117217063904,0.45891203703703703,1786400167.2290835
5,6972,0.38380053639411926,0.4596774193548387,1786400167.3187172
5,6973,0.3646147847175598,0.4602446483180428,1786400167.4178412
5,6974,0.3462923765182495,0.4609969558599696,1786400167.508812
5,6975,0.5428111553192139,0.4602272727272727,1786400167.6059358
5,6976,0.34798258543014526,0.4592760180995475,1786400167.6952062
5,6977,0.42423975467681885,0.45964714714714716,1786400167.783513
5,6978,0.31302452087402344,0.4587070254110613,1786400167.8832583
5,6979,0.4977112412452698,0.4577752976190476,1786400167.9732552
5,6980,0.48544493317604065,0.45814814814814814,1786400168.0709286
5,6981,0.5554320812225342,0.45814896755162243,1786400168.1601918
5,6982,0.36346960067749023,0.4594346549192364,1786400168.2527158
5,6983,0.5152422785758972,0.4597953216374269,1786400168.3535101
5,6984,0.5331862568855286,0.4596069868995633,1786400168.452912
5,6985,0.4504128396511078,0.4597826086956522,1786400168.5426555
5,6986,0.34107115864753723,0.4601370851370851,1786400168.6331506
5,6987,0.30846837162971497,0.46138649425287354,1786400168.7314954
5,6988,0.4490213692188263,0.46101573676680974,1786400168.8194978
5,6989,0.3766885995864868,0.46136039886039887,1786400168.9103434
5,6990,0.5077215433120728,0.46099290780141844,1786400169.0004766
5,6991,0.5084842443466187,0.4606285310734463,1786400169.0928578
5,6992,0.2891996502876282,0.4616736990154712,1786400169.182689
5,6993,0.4208855628967285,0.46253501400560226,1786400169.2811925
5,6994,0.4979461133480072,0.46251743375174337,1786400169.3706048
5,6995,0.44999706745147705,0.46284722222222224,1786400169.4694488
5,6996,0.23528726398944855,0.463865836791148,1786400169.5641446
5,6997,0.36563870310783386,0.4640151515151515,1786400169.6582227
5,6998,0.3674421012401581,0.4641632373113855,1786400169.750037
5,6999,0.36290082335472107,0.46431010928961747,1786400169.8491905
5,7000,0.3622082769870758,0.4641156462585034,1786400169.9448197
5,7001,0.6192396879196167,0.46476964769647694,1786400170.043889
5,7002,0.3896603584289551,0.4649122807017544,1786400170.1340516
5,7003,0.40397682785987854,0.46538978494623656,1786400170.2238443
5,7004,0.5062139630317688,0.464859437751004,1786400170.3217769
5,7005,0.38742971420288086,0.4651666666666667,1786400170.4215965
5,7006,0.4422033727169037,0.46530544488711817,1786400170.5121248
5,7007,0.37992554903030396,0.4654431216931217,1786400170.6011748
5,7008,0.30714425444602966,0.4644268774703557,1786400170.6916218
5,7009,0.407553493976593,0.46473097112860895,1786400170.7819517
5,7010,0.4024089574813843,0.4643790849673203,1786400170.8705094
5,7011,0.5467531085014343,0.4651692708333333,1786400170.9749103
5,7012,0.43432527780532837,0.4651426718547341,1786400171.0663812
5,7013,0.4204758107662201,0.4636627906976744,1786400171.1557438
5,7014,0.4096532464027405,0.46412483912483915,1786400171.2467873
5,7015,0.34856119751930237,0.46490384615384617,1786400171.3364465
5,7016,0.3233552575111389,0.4648786717752235,1786400171.4329054
5,7017,0.4556945562362671,0.46326335877862596,1786400171.5329704
5,7018,0.3949632942676544,0.4637198986058302,1786400171.6244676
5,7019,0.5318942070007324,0.4632260101010101,1786400171.7179146
5,7020,0.3690932095050812,0.4621069182389937,1786400171.8113964
5,7021,0.3197929859161377,0.4608395989974937,1786400171.9103267
5,7022,0.48214787244796753,0.46036204744069914,1786400172.0070145
5,7023,0.35100576281547546,0.45926616915422885,1786400172.0966556
5,7024,0.42041900753974915,0.4594175960346964,1786400172.1968246
5,7025,0.43498730659484863,0.4597222222222222,1786400172.2883313
5,7026,0.5034409761428833,0.4583333333333333,1786400172.3783138
5,7027,0.39281249046325684,0.4580269607843137,1786400172.4688733
5,7028,0.3627253770828247,0.4586385836385836,1786400172.5700266
5,7029,0.3430381417274475,0.45742092457420924,1786400172.6682413
5,7030,0.42307600378990173,0.4577272727272727,1786400172.7577286
5,7031,0.41960421204566956,0.4584842995169082,1786400172.8544073
5,7032,0.3749256730079651,0.45773164861612514,1786400172.9451828
5,7033,0.4909677505493164,0.4577338129496403,1786400173.0369327
5,7034,0.30151909589767456,0.4580346475507766,1786400173.128262
5,7035,0.4480094909667969,0.4577380952380952,1786400173.2242768
5,7036,0.4405670464038849,0.4578884934756821,1786400173.3141649
5,7037,0.4850420355796814,0.4581855791962175,1786400173.4041631
5,7038,0.3110329806804657,0.4586277974087161,1786400173.494117
5,7039,0.3684290051460266,0.4590669014084507,1786400173.583593
5,7040,0.6375651359558105,0.45804093567251464,1786400173.6804464
5,7041,0.48035261034965515,0.4568764568764569,1786400173.7755558
5,7042,0.39656969904899597,0.45760743321718933,1786400173.8760738
5,7043,0.3249414265155792,0.45688657407407407,1786400173.9678204
5,7044,0.2978507876396179,0.4564590542099193,1786400174.0627275
5,7045,0.3320024609565735,0.4557471264367816,1786400174.1524594
5,7046,0.45317214727401733,0.4554696449026346,1786400174.245403
5,7047,0.5007835626602173,0.4549086757990868,1786400174.3348613
5,7048,0.4357947111129761,0.45406712172923774,1786400174.4255068
5,7049,0.45754456520080566,0.45436507936507936,1786400174.5135257
5,7050,0.5147804617881775,0.4533898305084746,1786400174.603857
5,7051,0.41965997219085693,0.45340653153153154,1786400174.6949093
5,7052,0.5498899221420288,0.45314253647586983,1786400174.7849405
5,7053,0.30361613631248474,0.45357941834451904,1786400174.875392
5,7054,0.437960147857666,0.45387402452619846,1786400174.9640949
5,7055,0.377466082572937,0.4527777777777778,1786400175.0641818
5,7056,0.5498930215835571,0.4533499446290144,1786400175.1535559
5,7057,0.3555075228214264,0.45405629139072845,1786400175.2435713
5,7058,0.5290611386299133,0.45407040704070406,1786400175.3388538
5,7059,0.3971371054649353,0.45285087719298245,1786400175.4389086
5,7060,0.3800975978374481,0.4527322404371585,1786400175.5367467
5,7061,0.6111607551574707,0.4526143790849673,1786400175.6272995
5,7062,0.34728869795799255,0.4530401737242128,1786400175.7162392
5,7063,0.426703542470932,0.45332792207792205,1786400175.804662
5,7064,0.42253875732421875,0.4534789644012945,1786400175.9036653
5,7065,0.4432945251464844,0.4532258064516129,1786400175.9934435
5,7066,0.39565733075141907,0.45364415862808144,1786400176.095892
5,7067,0.6063213348388672,0.453392094017094,1786400176.185206
5,7068,0.345186322927475,0.45394036208732697,1786400176.2741783
5,7069,0.4677963852882385,0.45461783439490444,1786400176.363922
5,7070,0.3054131269454956,0.45515873015873015,1786400176.45633
5,7071,0.5225687026977539,0.4554324894514768,1786400176.5465753
5,7072,0.4359953701496124,0.45531019978969506,1786400176.6368682
5,7073,0.550196647644043,0.4549266247379455,1786400176.7362156
5,7074,0.43084096908569336,0.45519853709508884,1786400176.826307
5,7075,0.5038799047470093,0.4544270833333333,1786400176.9194317
5,7076,0.3164421319961548,0.4549584631360332,1786400177.0167136
5,7077,0.4939418435096741,0.4550983436853002,1786400177.1071255
5,7078,0.3573837876319885,0.4554953560371517,1786400177.1979728
5,7079,0.6175365447998047,0.4547325102880658,1786400177.2939353
5,7080,0.5874007940292358,0.4542307692307692,1786400177.386808
5,7081,0.4098002016544342,0.45462678936605316,1786400177.4784806
5,7082,0.48758184909820557,0.45489296636085624,1786400177.575481
5,7083,0.5344523191452026,0.45490345528455284,1786400177.6740563
5,7084,0.47916078567504883,0.4551671732522796,1786400177.7715864
5,7085,0.5573711395263672,0.4556818181818182,1786400177.8595846
5,7086,0.3965303599834442,0.45581570996978854,1786400177.9500005
5,7087,0.5421324372291565,0.45569779116465864,1786400178.0457387
5,7088,0.37516549229621887,0.45595595595595595,1786400178.1455145
5,7089,0.3359484076499939,0.4564620758483034,1786400178.2353342
5,7090,0.39077436923980713,0.45671641791044776,1786400178.3260076
5,7091,0.43623068928718567,0.45696924603174605,1786400178.4267502
5,7092,0.37823212146759033,0.4563550939663699,1786400178.5271518
5,7093,0.34306567907333374,0.4567307692307692,1786400178.6177096
5,7094,0.3472103476524353,0.45685840707964603,1786400178.708753
5,7095,0.5191134810447693,0.45612745098039215,1786400178.7977912
5,7096,0.49776729941368103,0.45613391984359725,1786400178.8903728
5,7097,0.5386510491371155,0.4550438596491228,1786400178.9858425
5,7098,0.3709449768066406,0.4554178814382896,1786400179.0754156
5,7099,0.4960203170776367,0.45566860465116277,1786400179.178119
5,7100,0.6358808279037476,0.45507246376811594,1786400179.2794416
5,7101,0.6597995758056641,0.45496146435452794,1786400179.3727465
5,7102,0.44109252095222473,0.45401056676272816,1786400179.480878
5,7103,0.41771960258483887,0.45438218390804597,1786400179.5712554
5,7104,0.6136385202407837,0.45415472779369626,1786400179.6634436
5,7105,0.4086255133152008,0.45345238095238094,1786400179.7547116
5,7106,0.6241676211357117,0.45334757834757833,1786400179.8495321
5,7107,0.517498791217804,0.45359848484848486,1786400179.9478076
5,7108,0.4057353138923645,0.45396600566572237,1786400180.038627
5,7109,0.39636027812957764,0.4538606403013183,1786400180.1301215
5,7110,0.5300054550170898,0.45410798122065726,1786400180.2281249
5,7111,0.46559280157089233,0.45435393258426965,1786400180.3198547
5,7112,0.4832339882850647,0.4545985060690943,1786400180.4107664
5,7113,0.39852920174598694,0.454608938547486,1786400180.5125837
5,7114,0.3550199270248413,0.45531569173630454,1786400180.6107936
5,7115,0.3655249774456024,0.45555555555555555,1786400180.7056758
5,7116,0.4257533848285675,0.45602493074792244,1786400180.8158631
5,7117,0.42227616906166077,0.4562615101289134,1786400180.9061198
5,7118,0.39638346433639526,0.455119375573921,1786400180.9969075
5,7119,0.31757572293281555,0.4554716117216117,1786400181.0996072
5,7120,0.406242311000824,0.45468036529680367,1786400181.1902654
5,7121,0.3443760573863983,0.45491803278688525,1786400181.2826533
5,7122,0.49254724383354187,0.45526793823796546,1786400181.3808546
5,7123,0.3308289051055908,0.4557291666666667,1786400181.4714968
5,7124,0.7777479887008667,0.45483288166214997,1786400181.5705795
5,7125,0.442943811416626,0.45484234234234233,1786400181.6657352
5,7126,0.49287042021751404,0.4547394429469901,1786400181.7580328
5,7127,0.5651812553405762,0.4548611111111111,1786400181.8592205
5,7128,0.4086029529571533,0.4554289544235925,1786400181.9509377
5,7129,0.4695718288421631,0.455102495543672,1786400182.0523603
5,7130,0.42987409234046936,0.45466666666666666,1786400182.1427202
5,7131,0.3775617778301239,0.45523049645390073,1786400182.2376747
5,7132,0.5816388130187988,0.4545755968169761,1786400182.3285291
5,7133,0.4496247172355652,0.4537037037037037,1786400182.4201298
5,7134,0.6256752014160156,0.452726473175022,1786400182.5234783
5,7135,0.5133033990859985,0.4530701754385965,1786400182.6157362
5,7136,0.44314244389533997,0.4519903762029746,1786400182.7175143
5,7137,0.43251505494117737,0.45157068062827227,1786400182.8093166
5,7138,0.47696641087532043,0.45147954743255003,1786400182.915295
5,7139,0.5769579410552979,0.4514973958333333,1786400183.0196137
5,7140,0.4595946967601776,0.45194805194805193,1786400183.1107075
5,7141,0.3845895230770111,0.4515328151986183,1786400183.2132618
5,7142,0.7013475298881531,0.45155038759689925,1786400183.305526
5,7143,0.32961052656173706,0.4522121993127148,1786400183.3995411
5,7144,0.36270782351493835,0.45254927163667524,1786400183.4916728
5,7145,0.6167972087860107,0.45213675213675214,1786400183.5837138
5,7146,0.4307739734649658,0.4520460358056266,1786400183.6805596
5,7147,0.688112735748291,0.4513180272108844,1786400183.778448
5,7148,0.4134007394313812,0.45038167938931295,1786400183.8881385
5,7149,0.6455256342887878,0.4496615905245347,1786400183.9789035
5,7150,0.5142030119895935,0.4496835443037975,1786400184.0709813
5,7151,0.4028225243091583,0.44960016835016836,1786400184.172801
5,7152,0.3818398714065552,0.4490973971452561,1786400184.265264
5,7153,0.412046879529953,0.44870184254606366,1786400184.3625662
5,7154,0.3511260151863098,0.4492481203007519,1786400184.4529154
5,7155,0.432963490486145,0.44927083333333334,1786400184.5509212
5,7156,0.5549034476280212,0.44960515378221116,1786400184.64577
5,7157,0.41896504163742065,0.44973051409618575,1786400184.7357855
5,7158,0.8742198348045349,0.4498552522746071,1786400184.8253179
5,7159,0.5666172504425049,0.44997937293729373,1786400184.9171474
5,7160,0.43728452920913696,0.45,1786400185.0169196
5,7161,0.7082215547561646,0.44991789819376027,1786400185.1162271
5,7162,0.5773423314094543,0.44932432432432434,1786400185.214861
5,7163,0.4562755227088928,0.4493464052287582,1786400185.3063357
5,7164,0.7296683192253113,0.4491646291768541,1786400185.3987243
5,7165,0.4056715667247772,0.44939024390243903,1786400185.4910295
5,7166,0.572203516960144,0.4495133819951338,1786400185.5836332
5,7167,0.3662852346897125,0.4497370550161812,1786400185.6739893
5,7168,0.40853172540664673,0.4498587570621469,1786400185.7650998
5,7169,0.40075087547302246,0.4500805152979066,1786400185.858179
5,7170,0.42091992497444153,0.4503012048192771,1786400185.9497378
5,7171,0.40981534123420715,0.4505208333333333,1786400186.050372
5,7172,0.6277969479560852,0.4504396482813749,1786400186.1420233
5,7173,0.3820244073867798,0.45055821371610844,1786400186.2410173
5,7174,0.5630732178688049,0.45087509944311854,1786400186.343623
5,7175,0.5034669637680054,0.4509920634920635,1786400186.4432523
5,7176,0.5159009099006653,0.45100950118764843,1786400186.5367491
5,7177,0.44130486249923706,0.4510268562401264,1786400186.638128
5,7178,0.4589390456676483,0.4510441292356186,1786400186.7296336
5,7179,0.40541794896125793,0.4513561320754717,1786400186.8263557
5,7180,0.5193626880645752,0.451078431372549,1786400186.9170053
5,7181,0.32271477580070496,0.4514866979655712,1786400187.0051453
5,7182,0.2946990430355072,0.45208821233411395,1786400187.104847
5,7183,0.3681218922138214,0.45220015576323985,1786400187.193526
5,7184,0.34147393703460693,0.4526029526029526,1786400187.2839751
5,7185,0.5059328675270081,0.45242248062015505,1786400187.3832114
5,7186,0.3812077045440674,0.45243619489559167,1786400187.477226
5,7187,0.5473040342330933,0.4522569444444444,1786400187.571613
5,7188,0.36543530225753784,0.45265588914549654,1786400187.6613605
5,7189,0.48693233728408813,0.45247695852534564,1786400187.7629383
5,7190,0.570244550704956,0.4521072796934866,1786400187.8592675
5,7191,0.4392240643501282,0.4525993883792049,1786400187.960329
5,7192,0.48519378900527954,0.45270785659801677,1786400188.0514827
5,7193,0.4697405695915222,0.4517694063926941,1786400188.1436963
5,7194,0.4209270477294922,0.4511199696279423,1786400188.23408
5,7195,0.47620874643325806,0.45075757575757575,1786400188.330505
5,7196,0.31139880418777466,0.45030234315948603,1786400188.421032
5,7197,0.3749118447303772,0.4507918552036199,1786400188.5225406
5,7198,0.5599393248558044,0.4504326561324304,1786400188.615027
5,7199,0.39378613233566284,0.45054429429429427,1786400188.7071526
5,7200,0.492034912109375,0.450936329588015,1786400188.8017523
5,7201,0.34882408380508423,0.45104633781763825,1786400188.8925226
5,7202,0.5086914896965027,0.45041014168530946,1786400188.9890437
5,7203,0.45052671432495117,0.4505208333333333,1786400189.0833268
5,7204,0.4662483036518097,0.45016703786191536,1786400189.1747842
5,7205,0.5057274103164673,0.44972222222222225,1786400189.2667716
5,7206,0.3375729024410248,0.44983370288248337,1786400189.3670218
5,7207,0.5398904085159302,0.44939159292035397,1786400189.4582565
5,7208,0.523387610912323,0.44885945548197204,1786400189.5585093
5,7209,0.3525259792804718,0.4490638766519824,1786400189.6562822
5,7210,0.4802064895629883,0.4490842490842491,1786400189.7481236
5,7211,0.5230238437652588,0.44846491228070173,1786400189.8502262
5,7212,0.4510880708694458,0.4487600291757841,1786400189.9413745
5,7213,0.39116355776786804,0.447962154294032,1786400190.0400286
5,7214,0.35213565826416016,0.44834785766158314,1786400190.1313674
5,7215,0.41603711247444153,0.4482789855072464,1786400190.221005
5,7216,0.5457538366317749,0.4478488792480116,1786400190.3166173
5,7217,0.5363973379135132,0.4477813852813853,1786400190.4121222
5,7218,0.5647846460342407,0.44753419726421884,1786400190.512962
5,7219,0.5155143141746521,0.44764727011494254,1786400190.613968
5,7220,0.44495338201522827,0.44767025089605733,1786400190.704957
5,7221,0.3582562208175659,0.44760371959942774,1786400190.7949095
5,7222,0.36955615878105164,0.44771591720199855,1786400190.8898373
5,7223,0.63413006067276,0.447738603988604,1786400190.9909275
5,7224,0.44149965047836304,0.44793887704335467,1786400191.0968904
5,7225,0.4530377984046936,0.44813829787234044,1786400191.1874022
5,7226,0.4049057066440582,0.4483368719037509,1786400191.2801218
5,7227,0.5147799253463745,0.4482697740112994,1786400191.3751614
5,7228,0.519719660282135,0.4477625088090204,1786400191.4664822
5,7229,0.404893159866333,0.4481364275668073,1786400191.5608697
5,7230,0.31945157051086426,0.44903508771929823,1786400191.6589224
5,7231,0.49415066838264465,0.4489670868347339,1786400191.7565598
5,7232,0.5175303816795349,0.44854996505939904,1786400191.8480952
5,7233,0.43630892038345337,0.44839609483960946,1786400191.9398808
5,7234,0.35375526547431946,0.4485908141962422,1786400192.030466
5,7235,0.7002283334732056,0.4483506944444444,1786400192.122781
5,7236,0.34394505620002747,0.44854469854469853,1786400192.2261803
5,7237,0.2872897684574127,0.4489972337482711,1786400192.3205574
5,7238,0.3953365087509155,0.4492753623188406,1786400192.4128938
5,7239,0.40823376178741455,0.4492940771349862,1786400192.514006
5,7240,0.3256613314151764,0.44896907216494847,1786400192.6130068
5,7241,0.33861222863197327,0.4494170096021948,1786400192.7044866
5,7242,0.6051177978515625,0.44969199178644764,1786400192.8024483
5,7243,0.3518775403499603,0.44979508196721313,1786400192.8942323
5,7244,0.6799492239952087,0.4493865030674847,1786400192.9904745
5,7245,0.36637699604034424,0.44982993197278914,1786400193.083035
5,7246,0.5215290188789368,0.44984725050916496,1786400193.180946
5,7247,0.573307991027832,0.4494410569105691,1786400193.2724757
5,7248,0.48009923100471497,0.4493745774171738,1786400193.3652174
5,7249,0.412485271692276,0.44964574898785425,1786400193.4585285
5,7250,0.5699020028114319,0.44966329966329965,1786400193.5521283
5,7251,0.3589318096637726,0.4501008064516129,1786400193.644604
5,7252,0.31515198945999146,0.4503688799463447,1786400193.7458994
5,7253,0.42816483974456787,0.45097054886211513,1786400193.8497548
5,7254,0.6575323343276978,0.45073480293921175,1786400193.9527652
5,7255,0.33388519287109375,0.45025,1786400194.0461185
5,7256,0.39224153757095337,0.4504324683965403,1786400194.1359506
5,7257,0.3405696451663971,0.4506972111553785,1786400194.2364218
5,7258,0.34612149000167847,0.4502153744201458,1786400194.3264778
5,7259,0.614391565322876,0.4504794973544973,1786400194.420423
5,7260,0.6143417358398438,0.4504950495049505,1786400194.50989
5,7261,0.6700080037117004,0.44985177865612647,1786400194.5992448
5,7262,0.3298337757587433,0.45011505588428663,1786400194.695231
5,7263,0.3667340576648712,0.45029527559055116,1786400194.7850485
5,7264,0.4249410033226013,0.44981990831696134,1786400194.8924134
5,7265,0.724574863910675,0.44983660130718955,1786400194.981948
5,7266,0.4110472798347473,0.4500978473581213,1786400195.0715356
5,7267,0.4959852993488312,0.449951171875,1786400195.1645312
5,7268,0.4626859426498413,0.4498862897985705,1786400195.2534723
5,7269,0.4150278568267822,0.44998378728923477,1786400195.3532069
5,7270,0.40404632687568665,0.45,1786400195.4483268
5,7271,0.4548019766807556,0.44993540051679587,1786400195.5477712
5,7272,0.4395555555820465,0.449468085106383,1786400195.637196
5,7273,0.40012308955192566,0.449002574002574,1786400195.738424
5,7274,0.4263833463191986,0.4489402697495183,1786400195.8283556
5,7275,0.4078475832939148,0.4482371794871795,1786400195.9284935
5,7276,0.46003299951553345,0.44817658349328215,1786400196.01713
5,7277,0.40840739011764526,0.44819604086845466,1786400196.1077998
5,7278,0.5410100817680359,0.447817080943276,1786400196.1981375
5,7279,0.4102948307991028,0.44767811704834604,1786400196.298577
5,7280,0.46561527252197266,0.4480952380952381,1786400196.3950918
5,7281,0.5989001989364624,0.44795627376425856,1786400196.4839172
5,7282,0.46018683910369873,0.4480550284629981,1786400196.58085
5,7283,0.4832807779312134,0.4481534090909091,1786400196.671692
5,7284,0.5538538694381714,0.4479363579080025,1786400196.7619486
5,7285,0.3892626166343689,0.44842767295597485,1786400196.8524852
5,7286,0.5792509317398071,0.4485247959824231,1786400196.944277
5,7287,0.2906080186367035,0.44893483709273185,1786400197.03755
5,7288,0.32717397809028625,0.4491869918699187,1786400197.131407
5,7289,0.4405437409877777,0.4487359550561798,1786400197.220965
5,7290,0.413421630859375,0.4484423676012461,1786400197.3143303
5,7291,0.6316152811050415,0.4479166666666667,1786400197.4039762
5,7292,0.3636890649795532,0.44816883923029177,1786400197.500103
5,7293,0.47432389855384827,0.44772304832713755,1786400197.5896366
5,7294,0.39457809925079346,0.4478973407544836,1786400197.6913981
5,7295,0.5887565016746521,0.44807098765432096,1786400197.7809677
5,7296,0.4415934681892395,0.44755083179297594,1786400197.8769648
5,7297,0.35554009675979614,0.44787822878228783,1786400197.9671967
5,7298,0.35199230909347534,0.44805095150399016,1786400198.0674365
5,7299,0.6602721810340881,0.44753370098039214,1786400198.1579723
5,7300,0.4626728892326355,0.4470948012232416,1786400198.2478004
5,7301,0.3815154731273651,0.44703907203907206,1786400198.33778
5,7302,0.5409241318702698,0.44683120048750763,1786400198.436119
5,7303,0.3583371043205261,0.44700425790754256,1786400198.5273879
5,7304,0.5057440996170044,0.4464936247723133,1786400198.624715
5,7305,0.4551011621952057,0.4462878787878788,1786400198.715476
5,7306,0.553238034248352,0.44608287961282517,1786400198.8087218
5,7307,0.5712630748748779,0.44565217391304346,1786400198.9088657
5,7308,0.3870048522949219,0.4459764918625678,1786400199.0014665
5,7309,0.419948548078537,0.44584837545126355,1786400199.092993
5,7310,0.48023325204849243,0.4457957957957958,1786400199.1909075
5,7311,0.39350777864456177,0.4463429256594724,1786400199.2807932
5,7312,0.34311944246292114,0.44658886894075406,1786400199.3710544
5,7313,0.39755794405937195,0.44608721624850656,1786400199.4602063
5,7314,0.3953545093536377,0.44551282051282054,1786400199.5509775
5,7315,0.3912294805049896,0.44568452380952384,1786400199.639932
5,7316,0.359467089176178,0.44592988710635767,1786400199.738924
5,7317,0.3948538899421692,0.4462485172004745,1786400199.8284273
5,7318,0.5441719889640808,0.4462699822380107,1786400199.9245396
5,7319,0.5038076043128967,0.44629137115839246,1786400200.015254
5,7320,0.3426838517189026,0.44682890855457225,1786400200.1125824
5,7321,0.5148198008537292,0.4465547703180212,1786400200.2034972
5,7322,0.5016742944717407,0.4462815990593768,1786400200.2992485
5,7323,0.4564306139945984,0.44630281690140844,1786400200.4014635
5,7324,0.7125786542892456,0.44610427650849444,1786400200.4909945
5,7325,0.574076771736145,0.4459795321637427,1786400200.5888653
5,7326,0.32038721442222595,0.445636310566258,1786400200.6838465
5,7327,0.3341595232486725,0.4458770396270396,1786400200.775492
5,7328,0.3969707190990448,0.4459714950552647,1786400200.8695872
5,7329,0.3882385492324829,0.44613821138211385,1786400200.9604933
5,7330,0.4603964686393738,0.44615942028985506,1786400201.0498054
5,7331,0.42565879225730896,0.4461082175925926,1786400201.1500895
5,7332,0.6509332060813904,0.4459849797804737,1786400201.2474916
5,7333,0.24893023073673248,0.4463667820069204,1786400201.3399746
5,7334,0.24905455112457275,0.44681922855497985,1786400201.4340239
5,7335,0.44309794902801514,0.44633620689655173,1786400201.5233855
5,7336,0.36181607842445374,0.44650028686173265,1786400201.614814
5,7337,0.4502318501472473,0.446663802978236,1786400201.7075832
5,7338,0.3762359321117401,0.4468982275586049,1786400201.8061938
5,7339,0.594917893409729,0.4469178082191781,1786400201.8959556
5,7340,0.3630150258541107,0.4465099715099715,1786400201.990019
5,7341,0.4135897755622864,0.4466723549488055,1786400202.0801969
5,7342,0.33420324325561523,0.4469761499148211,1786400202.1700206
5,7343,0.4676973223686218,0.4463577097505669,1786400202.2625566
5,7344,0.41570156812667847,0.44588285229202035,1786400202.352593
5,7345,0.5445762276649475,0.44583333333333336,1786400202.4430995
5,7346,0.32490062713623047,0.44521996615905246,1786400202.5327327
5,7347,0.2989512085914612,0.44552364864864863,1786400202.6221085
5,7348,0.3305871784687042,0.44554525014052837,1786400202.7122517
5,7349,0.7398064136505127,0.44507575757575757,1786400202.8023608
5,7350,0.5102192163467407,0.44502801120448177,1786400202.8947396
5,7351,0.5399395227432251,0.4444910514541387,1786400202.9847865
5,7352,0.39676812291145325,0.44472361809045224,1786400203.0744965
5,7353,0.42522773146629333,0.4443979933110368,1786400203.173695
5,7354,0.3291364014148712,0.4447690595436839,1786400203.262749
5,7355,0.7205779552459717,0.44458333333333333,1786400203.3577628
5,7356,0.49519971013069153,0.4448835274542429,1786400203.4492223
5,7357,0.5269005298614502,0.44511351052048725,1786400203.5454066
5,7358,0.37711796164512634,0.4451354339414041,1786400203.6378207
5,7359,0.4299628734588623,0.4451572847682119,1786400203.7286701
5,7360,0.3513045907020569,0.4452479338842975,1786400203.819195
5,7361,0.562304675579071,0.44506325632563254,1786400203.9093494
5,7362,0.34456202387809753,0.44522240527182866,1786400203.998638
5,7363,0.4010953903198242,0.4453125,1786400204.0885854
5,7364,0.35520631074905396,0.4454022988505747,1786400204.179147
5,7365,0.4771488904953003,0.4459016393442623,1786400204.2774198
5,7366,0.4489936828613281,0.4459901800327332,1786400204.3681033
5,7367,0.6757862567901611,0.4457380174291939,1786400204.4683926
5,7368,0.4732803702354431,0.4456905927134312,1786400204.5626328
5,7369,0.5240505337715149,0.44591476655808904,1786400204.6532593
5,7370,0.37488117814064026,0.4459349593495935,1786400204.7414834
5,7371,0.36759382486343384,0.44629329004329005,1786400204.8318477
5,7372,0.4668424129486084,0.44644786601836844,1786400204.9214752
5,7373,0.4370747208595276,0.44660194174757284,1786400205.0112054
5,7374,0.4819585382938385,0.4468901453957997,1786400205.1114695
5,7375,0.281450092792511,0.4466397849462366,1786400205.208255
5,7376,0.39801889657974243,0.44659151905528716,1786400205.306057
5,7377,0.3454981744289398,0.4470123258306538,1786400205.4053986
5,7378,0.3255569040775299,0.44669609416800427,1786400205.4939368
5,7379,0.41337111592292786,0.4466479700854701,1786400205.5835195
5,7380,0.4156174659729004,0.446,1786400205.6751769
5,7381,0.3480716347694397,0.4457534611288605,1786400205.773963
5,7382,0.44629061222076416,0.44597288676236047,1786400205.864981
5,7383,0.3615337610244751,0.44599256900212314,1786400205.962866
5,7384,0.4327585697174072,0.44601218865924747,1786400206.0609052
5,7385,0.4505460262298584,0.44563492063492066,1786400206.1498268
5,7386,0.37474873661994934,0.4459852086634971,1786400206.2397876
5,7387,0.4507703185081482,0.446334388185654,1786400206.3396528
5,7388,0.4659825563430786,0.4466166403370195,1786400206.4303613
5,7389,0.4551081955432892,0.4465036803364879,1786400206.520306
5,7390,0.45484352111816406,0.4464566929133858,1786400206.6199696
5,7391,0.5268592834472656,0.4461477987421384,1786400206.711326
5,7392,0.4558795392513275,0.44570905285191,1786400206.8013816
5,7393,0.3530976474285126,0.44585945663531873,1786400206.8922508
5,7394,0.39004528522491455,0.4460093896713615,1786400206.9809294
5,7395,0.42092567682266235,0.4458984375,1786400207.0820677
5,7396,0.3256411552429199,0.4460478419136765,1786400207.170537
5,7397,0.32628101110458374,0.44632658359293875,1786400207.2614625
5,7398,0.5725473165512085,0.44615085536547433,1786400207.3618565
5,7399,0.4122043251991272,0.4459756728778468,1786400207.4519174
5,7400,0.35982760787010193,0.44560723514211886,1786400207.5441391
5,7401,0.33590826392173767,0.4451109391124871,1786400207.6335914
5,7402,0.35377058386802673,0.4455177743431221,1786400207.7249787
5,7403,0.5120208859443665,0.4454732510288066,1786400207.822765
5,7404,0.4157383441925049,0.44517205957883926,1786400207.9254036
5,7405,0.5113499164581299,0.4455769230769231,1786400208.0135808
5,7406,0.3718961775302887,0.44591653865847414,1786400208.103553
5,7407,0.40806150436401367,0.44599948875255624,1786400208.1981916
5,7408,0.3196278214454651,0.4462736089841756,1786400208.292155
5,7409,0.3354364037513733,0.4461009174311927,1786400208.3830228
5,7410,0.29800084233283997,0.4460559796437659,1786400208.4790626
5,7411,0.2683894634246826,0.44645579268292684,1786400208.5770676
5,7412,0.41121387481689453,0.44660071029934045,1786400208.6720965
5,7413,0.4018927812576294,0.4461752786220871,1786400208.7621741
5,7414,0.39217323064804077,0.446446636317653,1786400208.856707
5,7415,0.36079633235931396,0.44640151515151516,1786400208.953606
5,7416,0.3685893416404724,0.44673474533535046,1786400209.0514457
5,7417,0.35503655672073364,0.44694108761329304,1786400209.1420674
5,7418,0.33923962712287903,0.44720965309200605,1786400209.2313793
5,7419,0.31521570682525635,0.4467871485943775,1786400209.321835
5,7420,0.5596127510070801,0.4463659147869674,1786400209.411864
5,7421,0.44579949975013733,0.44657157157157157,1786400209.5020144
5,7422,0.38202136754989624,0.44658920539730135,1786400209.5923579
5,7423,0.3741794526576996,0.4469186626746507,1786400209.681459
5,7424,0.46130913496017456,0.4468734429496761,1786400209.7725034
5,7425,0.3216096758842468,0.4470149253731343,1786400209.861395
5,7426,0.35244154930114746,0.4471559860904123,1786400209.9573865
5,7427,0.4758763015270233,0.447234623015873,1786400210.0477707
5,7428,0.3798391819000244,0.4473749380881625,1786400210.139665
5,7429,0.5832387804985046,0.44689663699307614,1786400210.2320163
5,7430,0.4765080213546753,0.44685185185185183,1786400210.3276608
5,7431,0.336357057094574,0.4464990138067061,1786400210.4294324
5,7432,0.3902253210544586,0.44620876415558836,1786400210.5307212
5,7433,0.4587544798851013,0.44579646017699115,1786400210.622133
5,7434,0.2886887192726135,0.44538537064310263,1786400210.711313
5,7435,0.4429255723953247,0.445281862745098,1786400210.8034248
5,7436,0.4309313893318176,0.44493392070484583,1786400210.9039001
5,7437,0.5857656598091125,0.44489247311827956,1786400210.9931712
5,7438,0.45682236552238464,0.44497315763787215,1786400211.0819902
5,7439,0.3272096514701843,0.44505360623781676,1786400211.1816554
5,7440,0.5361104011535645,0.44525547445255476,1786400211.2715611
5,7441,0.3686787486076355,0.44497084548104954,1786400211.3611908
5,7442,0.6679892539978027,0.44499029597282874,1786400211.4613106
5,7443,0.3062680959701538,0.44525193798449614,1786400211.5599463
5,7444,0.3992999792098999,0.4454523463957426,1786400211.6524534
5,7445,0.45774173736572266,0.44504830917874394,1786400211.7423427
5,7446,0.33811652660369873,0.44518813314037625,1786400211.840159
5,7447,0.49024835228919983,0.4448458574181118,1786400211.9296536
5,7448,0.593276858329773,0.44462481962481964,1786400212.0243838
5,7449,0.2984195351600647,0.4447646493756004,1786400212.1205459
5,7450,0.3249000608921051,0.445083932853717,1786400212.21981
5,7451,0.5378283858299255,0.44486350574712646,1786400212.3097198
5,7452,0.39787018299102783,0.4451219512195122,1786400212.398459
5,7453,0.32623761892318726,0.4454393505253104,1786400212.4906063
5,7454,0.37152087688446045,0.445517405817835,1786400212.5875401
5,7455,0.3937881290912628,0.44511904761904764,1786400212.6823177
5,7456,0.2749888300895691,0.4454945316214931,1786400212.7710624
5,7457,0.5994157791137695,0.4454534662867996,1786400212.8610563
5,7458,0.392461895942688,0.4456495969653864,1786400212.9560463
5,7459,0.6195862889289856,0.44554924242424243,1786400213.0540493
5,7460,0.28707370162010193,0.4456855791962175,1786400213.1435437
5,7461,0.2812337279319763,0.4457625118035883,1786400213.2380626
5,7462,0.4320594072341919,0.44583922677982085,1786400213.3290758
5,7463,0.37527406215667725,0.4459745762711864,1786400213.4289777
5,7464,0.4458748400211334,0.44593323930418427,1786400213.5188286
5,7465,0.3909529745578766,0.4460680751173709,1786400213.6074734
5,7466,0.2747359573841095,0.44637834036568214,1786400213.697577
5,7467,0.5850825309753418,0.4460440074906367,1786400213.7878492
5,7468,0.4284474551677704,0.4460612435717625,1786400213.8826082
5,7469,0.375465452671051,0.44607843137254904,1786400213.982469
5,7470,0.548546314239502,0.4458041958041958,1786400214.0724928
5,7471,0.33666878938674927,0.4454725325884544,1786400214.1732216
5,7472,0.36029553413391113,0.4456648070664807,1786400214.262998
5,7473,0.29542940855026245,0.44562441968430827,1786400214.3526604
5,7474,0.2982896566390991,0.4459318497913769,1786400214.4473271
5,7475,0.552355170249939,0.44583333333333336,1786400214.536583
5,7476,0.49134305119514465,0.44585067036523346,1786400214.6260254
5,7477,0.41505858302116394,0.44592566943674977,1786400214.71489
5,7478,0.3233405351638794,0.4461157215306593,1786400214.8061402
5,7479,0.3216724991798401,0.44619014732965007,1786400214.8946757
5,7480,0.45671138167381287,0.4460919540229885,1786400214.994479
5,7481,0.5881370902061462,0.445821854912764,1786400215.0850134
5,7482,0.5596200227737427,0.4453232462173315,1786400215.175078
5,7483,0.3189672827720642,0.4453983516483517,1786400215.265752
5,7484,0.3573487102985382,0.44553040695016005,1786400215.35642
5,7485,0.2920070290565491,0.445662100456621,1786400215.4454982
5,7486,0.42035984992980957,0.44573643410852715,1786400215.544286
5,7487,0.432639479637146,0.44603825136612024,1786400215.6396654
5,7488,0.3774561882019043,0.44633924511141426,1786400215.7395513
5,7489,0.8456417322158813,0.4462420526793824,1786400215.8297968
5,7490,0.5359594821929932,0.44580498866213153,1786400215.9193127
5,7491,0.40115630626678467,0.445991847826087,1786400216.0237684
5,7492,0.41968849301338196,0.4462347354138399,1786400216.1133287
5,7493,0.4657590091228485,0.44636404697380305,1786400216.202994
5,7494,0.48949190974235535,0.4464366260712675,1786400216.299144
5,7495,0.49257490038871765,0.4463963963963964,1786400216.388686
5,7496,0.35750243067741394,0.44646873594242015,1786400216.4861565
5,7497,0.3875490427017212,0.4466531895777179,1786400216.575411
5,7498,0.306179940700531,0.4463324360699865,1786400216.671844
5,7499,0.3695570230484009,0.44606854838709675,1786400216.768988
5,7500,0.3424499034881592,0.4457494407158837,1786400216.8602672
5,7501,0.49892106652259827,0.4459897229669348,1786400216.950698
5,7502,0.3157346844673157,0.446396697902722,1786400217.0399182
5,7503,0.41251546144485474,0.44669117647058826,1786400217.129797
5,7504,0.8304357528686523,0.44653983088562527,1786400217.2261066
5,7505,0.551411509513855,0.44616666666666666,1786400217.3275678
5,7506,0.43451011180877686,0.44634931202840655,1786400217.4171507
5,7507,0.5024524927139282,0.44636524822695034,1786400217.5071087
5,7508,0.3762463331222534,0.44599380256750776,1786400217.5987592
5,7509,0.30713972449302673,0.4464522546419098,1786400217.6926527
5,7510,0.36479783058166504,0.44641280353200885,1786400217.786727
5,7511,0.37378767132759094,0.44659391534391535,1786400217.876392
5,7512,0.3653853237628937,0.44644429766622634,1786400217.973098
5,7513,0.45676717162132263,0.4462401055408971,1786400218.0630903
5,7514,0.3058392405509949,0.44653052261747916,1786400218.1526756
5,7515,0.6466167569160461,0.44660087719298247,1786400218.2437174
5,7516,0.34556201100349426,0.4465615418309242,1786400218.3321474
5,7517,0.4827798306941986,0.44624890638670167,1786400218.4299612
5,7518,0.3462975025177002,0.4465377894276977,1786400218.5192375
5,7519,0.4830017387866974,0.44660776614310643,1786400218.613694
5,7520,0.39104294776916504,0.4462962962962963,1786400218.7049725
5,7521,0.45637521147727966,0.44620322019147085,1786400218.799304
5,7522,0.3372596204280853,0.44605606258148633,1786400218.8900266
5,7523,0.29152020812034607,0.4463433159722222,1786400218.9791706
5,7524,0.5038684606552124,0.4465756393584742,1786400219.078506
5,7525,0.3243756890296936,0.4466450216450216,1786400219.1684732
5,7526,0.47975486516952515,0.4467682663207955,1786400219.2684996
5,7527,0.4170336425304413,0.446837219343696,1786400219.3701606
5,7528,0.45659714937210083,0.4465825786977145,1786400219.473921
5,7529,0.39870473742485046,0.4468130921619294,1786400219.5620306
5,7530,0.34779027104377747,0.44698924731182793,1786400219.6551986
5,7531,0.8026012182235718,0.44695017182130586,1786400219.7534397
5,7532,0.5927698612213135,0.4471256971256971,1786400219.8429744
5,7533,0.557092010974884,0.4467652099400171,1786400219.9337392
5,7534,0.38997671008110046,0.44683354728284125,1786400220.0329723
5,7535,0.3154062330722809,0.4466346153846154,1786400220.1265554
5,7536,0.4119906425476074,0.44632949210413997,1786400220.2193205
5,7537,0.43154704570770264,0.44634484228474,1786400220.315707
5,7538,0.3118429183959961,0.4465730097914006,1786400220.4046738
5,7539,0.3316589593887329,0.44669430272108845,1786400220.4939294
5,7540,0.49013057351112366,0.44676220806794054,1786400220.5850904
5,7541,0.41007134318351746,0.4468299406276505,1786400220.6809304
5,7542,0.46865859627723694,0.4464210080474375,1786400220.7794213
5,7543,0.382567822933197,0.4461717428087986,1786400220.8802369
5,7544,0.5451672077178955,0.4461871567384875,1786400220.9794884
5,7545,0.3993842899799347,0.4463080168776371,1786400221.076998
5,7546,0.5499913692474365,0.44632321955330806,1786400221.1780953
5,7547,0.5831149816513062,0.44628577441077444,1786400221.2815216
5,7548,0.45190924406051636,0.44640605296343,1786400221.371416
5,7549,0.2981637418270111,0.44657850545759864,1786400221.4623806
5,7550,0.4539083242416382,0.44643605870020964,1786400221.5510933
5,7551,0.32883208990097046,0.44613693467336685,1786400221.6407487
5,7552,0.3654857277870178,0.4462567963195316,1786400221.7371993
5,7553,0.3207617998123169,0.44648078529657476,1786400221.827001
5,7554,0.3699949383735657,0.44670421360033374,1786400221.9242132
5,7555,0.31189873814582825,0.446875,1786400222.0129416
5,7556,0.41098517179489136,0.4467852684144819,1786400222.1074152
5,7557,0.41695183515548706,0.4468516209476309,1786400222.1976066
5,7558,0.4349419176578522,0.4464508094645081,1786400222.2972791
5,7559,0.3032638728618622,0.4460509950248756,1786400222.3881261
5,7560,0.35328882932662964,0.4463250517598344,1786400222.4781852
5,7561,0.4361408054828644,0.44644334160463195,1786400222.5679955
5,7562,0.4653412103652954,0.4461482858323007,1786400222.6662242
5,7563,0.8020907044410706,0.44569925742574257,1786400222.7603467
5,7564,0.4955778121948242,0.4458693860733416,1786400222.848994
5,7565,0.5852866172790527,0.44609053497942386,1786400222.937396
5,7566,0.3587339520454407,0.4457973695026716,1786400223.035002
5,7567,0.29941779375076294,0.44606937602627256,1786400223.1331282
5,7568,0.47828081250190735,0.44634071340713405,1786400223.224844
5,7569,0.44074177742004395,0.44650900900900903,1786400223.3142245
5,7570,0.4895668029785156,0.4461145194274029,1786400223.404252
5,7571,0.501181423664093,0.4462316176470588,1786400223.5017507
5,7572,0.32209518551826477,0.44645042839657284,1786400223.6007419
5,7573,0.36323046684265137,0.44600651996740015,1786400223.6913917
5,7574,0.3451140522956848,0.4462250712250712,1786400223.7850204
5,7575,0.4103715419769287,0.446239837398374,1786400223.874103
5,7576,0.5254499316215515,0.4463053187170118,1786400223.9636867
5,7577,0.39202266931533813,0.4465227088402271,1786400224.0542006
5,7578,0.44438424706459045,0.44648643175374647,1786400224.1492507
5,7579,0.6842520236968994,0.44650080906148865,1786400224.2394764
5,7580,0.2961280643939972,0.44616161616161615,1786400224.3376226
5,7581,0.4233744144439697,0.4459745762711864,1786400224.4318082
5,7582,0.4344731569290161,0.4459391374445788,1786400224.5206075
5,7583,0.26119136810302734,0.44635668276972623,1786400224.6181314
5,7584,0.3774147033691406,0.4460193003618818,1786400224.7208695
5,7585,0.533343493938446,0.4457831325301205,1786400224.8117943
5,7586,0.4278804659843445,0.4456979542719615,1786400224.9027
5,7587,0.37647315859794617,0.44581330128205127,1786400225.001447
5,7588,0.6393409371376038,0.4456782713085234,1786400225.0994859
5,7589,0.46092331409454346,0.44569344524380494,1786400225.1988342
5,7590,0.585476815700531,0.44580838323353295,1786400225.2886167
5,7591,0.31997162103652954,0.44557416267942584,1786400225.3785725
5,7592,0.297643780708313,0.4457885304659498,1786400225.467716
5,7593,0.3436252474784851,0.44600238663484487,1786400225.5568542
5,7594,0.34005871415138245,0.4461164084227255,1786400225.6532886
5,7595,0.6894949078559875,0.4459325396825397,1786400225.7437797
5,7596,0.4017253518104553,0.4460463733650416,1786400225.8331444
5,7597,0.5087224841117859,0.4459125098970705,1786400225.9338167
5,7598,0.3845489025115967,0.44612495057334917,1786400226.022554
5,7599,0.4082235097885132,0.4462381516587678,1786400226.124956
5,7600,0.43167245388031006,0.44635108481262326,1786400226.2143326
5,7601,0.5237231254577637,0.44636524822695034,1786400226.3141532
5,7602,0.35803088545799255,0.44657615112160565,1786400226.4025915
5,7603,0.3998660445213318,0.44693396226415094,1786400226.4917483
5,7604,0.6433833837509155,0.4467020023557126,1786400226.5846887
5,7605,0.33533474802970886,0.4468627450980392,1786400226.6779351
5,7606,0.33259671926498413,0.4471210340775558,1786400226.7679906
5,7607,0.4195956289768219,0.4471830985915493,1786400226.8587437
5,7608,0.4378708302974701,0.44729386479093397,1786400226.950419
5,7609,0.3071184754371643,0.44745316159250587,1786400227.0403473
5,7610,0.36474794149398804,0.4473684210526316,1786400227.130192
5,7611,0.6106810569763184,0.447381230529595,1786400227.2209501
5,7612,0.5646380186080933,0.44739401011279656,1786400227.3125854
5,7613,0.46730324625968933,0.44755244755244755,1786400227.4066577
5,7614,0.41826921701431274,0.4475649980597594,1786400227.4971805
5,7615,0.5309818983078003,0.44762596899224805,1786400227.5890248
5,7616,0.5224807858467102,0.4473964382500968,1786400227.6808615
5,7617,0.30270934104919434,0.4475058004640371,1786400227.7727077
5,7618,0.480327308177948,0.44722865971417536,1786400227.8648226
5,7619,0.561084508895874,0.44719328703703703,1786400227.955666
5,7620,0.4663695991039276,0.4467726396917148,1786400228.0468414
5,7621,0.3285786211490631,0.4468822170900693,1786400228.13777
5,7622,0.32933124899864197,0.4469434832756632,1786400228.229842
5,7623,0.34469202160835266,0.44714861751152074,1786400228.3209221
5,7624,0.6365354657173157,0.4472573839662447,1786400228.4125304
5,7625,0.6712136268615723,0.44698275862068965,1786400228.5145414
5,7626,0.4142186641693115,0.44699579027937236,1786400228.607168
5,7627,0.2708883285522461,0.44715214067278286,1786400228.700843
5,7628,0.37656158208847046,0.4472604047346315,1786400228.792145
5,7629,0.3833731412887573,0.4472254004576659,1786400228.8915477
5,7630,0.662801206111908,0.4471904761904762,1786400228.9904919
5,7631,0.3738809823989868,0.4473458904109589,1786400229.085288
5,7632,0.5094495415687561,0.4469308247814519,1786400229.177868
5,7633,0.45777860283851624,0.44689635535307515,1786400229.270219
5,7634,0.3442333936691284,0.4470515737580584,1786400229.3638427
5,7635,0.32428091764450073,0.4472537878787879,1786400229.4551454
5,7636,0.342792809009552,0.4475028376844495,1786400229.566102
5,7637,0.5208665728569031,0.44718442932728647,1786400229.657581
5,7638,0.3767085373401642,0.4471970554926387,1786400229.761566
5,7639,0.34280455112457275,0.4474453242835596,1786400229.8536856
5,7640,0.27992042899131775,0.44769303201506594,1786400229.9434698
5,7641,0.42013904452323914,0.4474699021820918,1786400230.036398
5,7642,0.29595595598220825,0.4472003006388576,1786400230.127142
5,7643,0.2801145911216736,0.4474005255255255,1786400230.2292569
5,7644,0.7059845924377441,0.4473190851143607,1786400230.3247838
5,7645,0.31706100702285767,0.44747191011235954,1786400230.4182818
5,7646,0.47813519835472107,0.4473905723905724,1786400230.5091991
5,7647,0.5420470237731934,0.44726270553064273,1786400230.6082954
5,7648,0.42958706617355347,0.4473217618514371,1786400230.6980886
5,7649,0.6242697238922119,0.4471476510067114,1786400230.7965748
5,7650,0.34241920709609985,0.4472998137802607,1786400230.8969474
5,7651,0.5321840047836304,0.44740513392857145,1786400230.9882934
5,7652,0.40742626786231995,0.4474173169825344,1786400231.080841
5,7653,0.4237995147705078,0.4475686711210097,1786400231.1713765
5,7654,0.4858875572681427,0.4475806451612903,1786400231.2686334
5,7655,0.4353679120540619,0.4477314814814815,1786400231.3704097
5,7656,0.4680848717689514,0.4476507584165742,1786400231.4662526
5,7657,0.4584549069404602,0.4476626016260163,1786400231.5568159
5,7658,0.5182269215583801,0.4477205610926541,1786400231.65821
5,7659,0.43664243817329407,0.44787057522123896,1786400231.7579613
5,7660,0.29814988374710083,0.44811233885819524,1786400231.8494067
5,7661,0.32758641242980957,0.44826158940397354,1786400231.9396522
5,7662,0.39358142018318176,0.44827269386255053,1786400232.0310297
5,7663,0.4307898283004761,0.4483296622613803,1786400232.1355538
5,7664,0.5721381306648254,0.44806563989732306,1786400232.2298272
5,7665,0.7606081962585449,0.4480769230769231,1786400232.3300755
5,7666,0.4072559177875519,0.44840834248079037,1786400232.4217272
5,7667,0.4552992582321167,0.4481451023391813,1786400232.513531
5,7668,0.42672982811927795,0.44815626140927345,1786400232.6151404
5,7669,0.3610387146472931,0.4479394602479942,1786400232.716558
5,7670,0.31766366958618164,0.44813296903460836,1786400232.8072112
5,7671,0.5304769277572632,0.44823508005822416,1786400232.9059072
5,7672,0.34100279211997986,0.44838240639767357,1786400232.9976094
5,7673,0.5142859816551208,0.44834785766158314,1786400233.0872414
5,7674,0.4275149405002594,0.44835872324990933,1786400233.1780186
5,7675,0.6425893306732178,0.4483695652173913,1786400233.269568
5,7676,0.3430708050727844,0.44810893955845094,1786400233.3608632
5,7677,0.42028018832206726,0.44839117859725236,1786400233.463576
5,7678,0.27688300609588623,0.44849223546406647,1786400233.5637355
5,7679,0.49750256538391113,0.4486832611832612,1786400233.6552992
5,7680,0.22499093413352966,0.44891891891891894,1786400233.7438848
5,7681,0.35174980759620667,0.4490190784737221,1786400233.8338525
5,7682,0.4049294888973236,0.44902912621359226,1786400233.924204
5,7683,0.3398636281490326,0.4491289511494253,1786400234.0141742
5,7684,0.367781400680542,0.44936311445999283,1786400234.1066318
5,7685,0.5875716209411621,0.44941756272401434,1786400234.1970954
5,7686,0.461031973361969,0.44938238453276047,1786400234.2868032
5,7687,0.3302900493144989,0.4495261087267525,1786400234.376898
5,7688,0.4028552174568176,0.44966952483029654,1786400234.4661946
5,7689,0.7642629146575928,0.4495003568879372,1786400234.5591152
5,7690,0.5348902344703674,0.44933155080213905,1786400234.6581743
5,7691,0.3363727033138275,0.4494301994301994,1786400234.7581217
5,7692,0.5191695094108582,0.4494397011739594,1786400234.8509536
5,7693,0.500015914440155,0.449182658137882,1786400234.9432294
5,7694,0.7880379557609558,0.44897053603123893,1786400235.0324285
5,7695,0.3859923481941223,0.4490691489361702,1786400235.1208465
5,7696,0.47414788603782654,0.4491232731137088,1786400235.2102299
5,7697,0.3323962390422821,0.4492215145081387,1786400235.302528
5,7698,0.46763062477111816,0.4490544361965359,1786400235.4024389
5,7699,0.43843090534210205,0.4491966807909605,1786400235.4961798
5,7700,0.3467085361480713,0.44938271604938274,1786400235.5866647
5,7701,0.43593019247055054,0.4493040873854827,1786400235.6768074
5,7702,0.394237220287323,0.4493576205561422,1786400235.7693381
5,7703,0.537550687789917,0.449059423347398,1786400235.8644335
5,7704,0.28457555174827576,0.44928872497365646,1786400235.9552927
5,7705,0.46681031584739685,0.44912280701754387,1786400236.0556104
5,7706,0.40709421038627625,0.44913249211356465,1786400236.1447167
5,7707,0.27770352363586426,0.4493172268907563,1786400236.23536
5,7708,0.282339483499527,0.4494141308149703,1786400236.3252714
5,7709,0.595895528793335,0.4493798043326345,1786400236.4156156
5,7710,0.37213635444641113,0.44947643979057594,1786400236.5072958
5,7711,0.42030251026153564,0.44952928870292885,1786400236.595634
5,7712,0.3005264401435852,0.44932079414838033,1786400236.6965563
5,7713,0.32761436700820923,0.44902574808629087,1786400236.7872586
5,7714,0.41186997294425964,0.4491223496697949,1786400236.881585
5,7715,0.4795876741409302,0.44917534722222224,1786400236.9702423
5,7716,0.5324278473854065,0.44888137356919877,1786400237.060597
5,7717,0.3794025778770447,0.4490211365211365,1786400237.1546748
5,7718,0.3378744125366211,0.4492471443406023,1786400237.2433827
5,7719,0.44212010502815247,0.449213347164592,1786400237.3325965
5,7720,0.5952247977256775,0.4491796200345423,1786400237.4210045
5,7721,0.421582967042923,0.44914596273291924,1786400237.5093536
5,7722,0.2477581799030304,0.4493709065839366,1786400237.5965714
5,7723,0.46489420533180237,0.4490788567493113,1786400237.6851277
5,7724,0.4952295422554016,0.4492174062607499,1786400237.7745135
5,7725,0.49389463663101196,0.4491838487972509,1786400237.861825
5,7726,0.5611252784729004,0.4491932715413663,1786400237.94968
5,7727,0.32780978083610535,0.4494170096021948,1786400238.0385997
5,7728,0.4311947822570801,0.44942617334703666,1786400238.1265955
5,7729,0.5192509889602661,0.44913586584531145,1786400238.2152624
5,7730,0.32154688239097595,0.4494017094017094,1786400238.3027928
5,7731,0.660127580165863,0.4494535519125683,1786400238.393051
5,7732,0.3607266843318939,0.4495479358580689,1786400238.482651
5,7733,0.3521782159805298,0.44981254260395365,1786400238.5696976
5,7734,0.3749445080757141,0.44994892747701737,1786400238.6568956
5,7735,0.32211002707481384,0.45029761904761906,1786400238.7461731
5,7736,0.49816009402275085,0.45039075773020726,1786400238.8343022
5,7737,0.795742928981781,0.45010183299389,1786400238.9233196
5,7738,0.7451876401901245,0.45019498134961006,1786400239.013056
6,7739,0.4187106490135193,0.6666666666666666,1786400244.8838258
6,7740,0.6337711811065674,0.5,1786400245.1354623
6,7741,0.3590196669101715,0.5416666666666666,1786400245.3130398
6,7742,0.4219418466091156,0.5625,1786400245.418475
6,7743,0.43749547004699707,0.5416666666666666,1786400245.5241528
6,7744,0.37345120310783386,0.5138888888888888,1786400245.652499
6,7745,0.4069459140300751,0.5297619047619048,1786400245.7818792
6,7746,0.3893568515777588,0.53125,1786400245.894557
6,7747,0.3814927339553833,0.5231481481481481,1786400246.0063365
6,7748,0.6062178611755371,0.5166666666666667,1786400246.1045413
6,7749,0.5065228939056396,0.4810606060606061,1786400246.200517
6,7750,0.372539222240448,0.4756944444444444,1786400246.3064044
6,7751,0.26548734307289124,0.4967948717948718,1786400246.4107924
6,7752,0.4205184280872345,0.49702380952380953,1786400246.5007772
6,7753,0.29156994819641113,0.5055555555555555,1786400246.5921092
6,7754,0.4443126916885376,0.5078125,1786400246.682584
6,7755,0.6424229145050049,0.49754901960784315,1786400246.7810507
6,7756,0.5023661255836487,0.5023148148148148,1786400246.870871
6,7757,0.47212499380111694,0.48464912280701755,1786400246.9614575
6,7758,0.34214863181114197,0.4895833333333333,1786400247.0590172
6,7759,0.41553008556365967,0.49007936507936506,1786400247.148414
6,7760,0.5617031455039978,0.48295454545454547,1786400247.2429876
6,7761,0.35605502128601074,0.49094202898550726,1786400247.331814
6,7762,0.5006183981895447,0.4809027777777778,1786400247.4226964
6,7763,0.4675704836845398,0.4816666666666667,1786400247.520581
6,7764,0.2807241678237915,0.48717948717948717,1786400247.619033
6,7765,0.2767387330532074,0.49382716049382713,1786400247.7073803
6,7766,0.3216926157474518,0.48214285714285715,1786400247.7972438
6,7767,0.5590856075286865,0.47126436781609193,1786400247.8937905
6,7768,0.3656112253665924,0.48055555555555557,1786400247.9837887
6,7769,0.6800628900527954,0.48118279569892475,1786400248.0778015
6,7770,0.4455651342868805,0.4713541666666667,1786400248.1715055
6,7771,0.34274929761886597,0.4696969696969697,1786400248.2605205
6,7772,0.6799629926681519,0.4681372549019608,1786400248.3576596
6,7773,0.4387889504432678,0.46904761904761905,1786400248.4474397
6,7774,0.2983971834182739,0.47337962962962965,1786400248.5408473
6,7775,0.3717891573905945,0.47635135135135137,1786400248.6389923
6,7776,0.5938575267791748,0.4758771929824561,1786400248.7293591
6,7777,0.4494270980358124,0.47649572649572647,1786400248.8222082
6,7778,0.38972485065460205,0.46979166666666666,1786400248.9114442
6,7779,0.4143435060977936,0.4603658536585366,1786400249.0020826
6,7780,0.5070304870605469,0.4573412698412698,1786400249.0956514
6,7781,0.4727654755115509,0.4583333333333333,1786400249.1850097
6,7782,0.48634037375450134,0.45359848484848486,1786400249.2858014
6,7783,0.512270987033844,0.45,1786400249.3761268
6,7784,0.4498847723007202,0.45561594202898553,1786400249.465705
6,7785,0.33621886372566223,0.4592198581560284,1786400249.5546558
6,7786,0.4193633496761322,0.4609375,1786400249.6459372
6,7787,0.5623985528945923,0.461734693877551,1786400249.7433522
6,7788,0.4768243134021759,0.4625,1786400249.843026
6,7789,0.33262693881988525,0.45669934640522875,1786400249.935314
6,7790,0.4366019070148468,0.45592948717948717,1786400250.025234
6,7791,0.3152642250061035,0.45990566037735847,1786400250.114403
6,7792,0.5342295169830322,0.4567901234567901,1786400250.2091386
6,7793,0.43601614236831665,0.453030303030303,1786400250.303059
6,7794,0.4274071455001831,0.45535714285714285,1786400250.399661
6,7795,0.38006752729415894,0.45760233918128657,1786400250.4883425
6,7796,0.38974130153656006,0.46048850574712646,1786400250.5784793
6,7797,0.5055496096611023,0.4625706214689266,1786400250.6816409
6,7798,0.3567894697189331,0.46319444444444446,1786400250.77056
6,7799,0.3127465844154358,0.4644808743169399,1786400250.8643854
6,7800,0.5007832050323486,0.46774193548387094,1786400250.9546394
6,7801,0.4722328186035156,0.46825396825396826,1786400251.043419
6,7802,0.41162770986557007,0.4700520833333333,1786400251.1343708
6,7803,0.33811670541763306,0.47115384615384615,1786400251.2232096
6,7804,0.3821808099746704,0.47285353535353536,1786400251.3126845
6,7805,0.3574199676513672,0.472636815920398,1786400251.4085736
6,7806,0.5647844672203064,0.47120098039215685,1786400251.5041478
6,7807,0.34829652309417725,0.47403381642512077,1786400251.592598
6,7808,0.44238731265068054,0.46904761904761905,1786400251.688639
6,7809,0.4394490718841553,0.4694835680751174,1786400251.7776794
6,7810,0.55559241771698,0.4675925925925926,1786400251.8729637
6,7811,0.41478636860847473,0.4646118721461187,1786400251.9718704
6,7812,0.3521140217781067,0.46621621621621623,1786400252.0605195
6,7813,0.42836734652519226,0.46555555555555556,1786400252.1494741
6,7814,0.3443978726863861,0.46271929824561403,1786400252.255994
6,7815,0.4478123188018799,0.4653679653679654,1786400252.3490782
6,7816,0.4540373980998993,0.4652777777777778,1786400252.4395843
6,7817,0.3594008684158325,0.46782700421940926,1786400252.535923
6,7818,0.3544407784938812,0.46979166666666666,1786400252.6254172
6,7819,0.3967362642288208,0.4696502057613169,1786400252.715542
6,7820,0.3894510269165039,0.4720528455284553,1786400252.8058255
6,7821,0.4192611575126648,0.4718875502008032,1786400252.8953848
6,7822,0.38926759362220764,0.4677579365079365,1786400252.9933007
6,7823,0.3298313319683075,0.4676470588235294,1786400253.0851712
6,7824,0.4858478903770447,0.46656976744186046,1786400253.1773722
6,7825,0.45853307843208313,0.4688697318007663,1786400253.266879
6,7826,0.5375894904136658,0.4715909090909091,1786400253.3579295
6,7827,0.5260705947875977,0.4681647940074906,1786400253.4480598
6,7828,0.6344066858291626,0.46620370370370373,1786400253.5433753
6,7829,0.29048973321914673,0.46382783882783885,1786400253.6431646
6,7830,0.4156220555305481,0.4651268115942029,1786400253.732814
6,7831,0.5900484323501587,0.4637096774193548,1786400253.835043
6,7832,0.393746554851532,0.46631205673758863,1786400253.9322214
6,7833,0.3362155854701996,0.46842105263157896,1786400254.0210352
6,7834,0.33943960070610046,0.4691840277777778,1786400254.110871
6,7835,0.3682270050048828,0.4690721649484536,1786400254.1999166
6,7836,0.6070454120635986,0.4689625850340136,1786400254.3042004
6,7837,0.4855826497077942,0.4692760942760943,1786400254.4034438
6,7838,0.3776260018348694,0.46875,1786400254.4941618
6,7839,0.3223417401313782,0.4698844884488449,1786400254.5811305
6,7840,0.4636501967906952,0.4709967320261438,1786400254.671229
6,7841,0.2140851765871048,0.47451456310679613,1786400254.7603726
6,7842,0.473286509513855,0.4751602564102564,1786400254.8506696
6,7843,0.43643587827682495,0.473015873015873,1786400254.946762
6,7844,0.42590928077697754,0.4705188679245283,1786400255.0420065
6,7845,0.5737462043762207,0.47235202492211836,1786400255.142762
6,7846,0.5197880268096924,0.470679012345679,1786400255.2320366
6,7847,0.31968212127685547,0.46827217125382264,1786400255.3230014
6,7848,0.4368976354598999,0.4693181818181818,1786400255.4199011
6,7849,0.33780157566070557,0.4692192192192192,1786400255.51114
6,7850,0.4854046702384949,0.47061011904761907,1786400255.602524
6,7851,0.35027649998664856,0.47087020648967554,1786400255.6965187
6,7852,0.34078550338745117,0.47039473684210525,1786400255.7877371
6,7853,0.5284318923950195,0.46956521739130436,1786400255.87691
6,7854,0.3715396225452423,0.4701867816091954,1786400255.976536
6,7855,0.34053266048431396,0.46794871794871795,1786400256.0751185
6,7856,0.5119473934173584,0.4682203389830508,1786400256.1753485
6,7857,0.3142761290073395,0.469187675070028,1786400256.2639997
6,7858,0.6973384022712708,0.46875,1786400256.3610966
6,7859,0.4033990800380707,0.46831955922865015,1786400256.449704
6,7860,0.4811246991157532,0.4689207650273224,1786400256.5392704
6,7861,0.32228001952171326,0.47052845528455284,1786400256.630345
6,7862,0.4106951355934143,0.47043010752688175,1786400256.7195287
6,7863,0.3225041329860687,0.4706666666666667,1786400256.8153152
6,7864,0.38058391213417053,0.4695767195767196,1786400256.906839
6,7865,0.3673793375492096,0.4704724409448819,1786400256.9983814
6,7866,0.33005741238594055,0.4713541666666667,1786400257.0971735
6,7867,0.34729719161987305,0.47189922480620156,1786400257.1946278
6,7868,0.27177172899246216,0.4724358974358974,1786400257.2829392
6,7869,0.5117000937461853,0.4732824427480916,1786400257.3901932
6,7870,0.3469756841659546,0.47474747474747475,1786400257.4793682
6,7871,0.3172227442264557,0.47525062656641603,1786400257.5694728
6,7872,0.35142427682876587,0.4760572139303483,1786400257.6679482
6,7873,0.30771759152412415,0.47716049382716047,1786400257.7580428
6,7874,0.3888203799724579,0.47610294117647056,1786400257.866175
6,7875,0.39106521010398865,0.4741484184914842,1786400257.9579382
6,7876,0.6178351640701294,0.47252415458937197,1786400258.0478902
6,7877,0.4954436123371124,0.47302158273381295,1786400258.1456945
6,7878,0.39162832498550415,0.4705357142857143,1786400258.242531
6,7879,0.33270639181137085,0.4713356973995272,1786400258.3317745
6,7880,0.34715551137924194,0.47124413145539906,1786400258.421743
6,7881,0.3134991526603699,0.4731934731934732,1786400258.5094457
6,7882,0.4418235421180725,0.4713541666666667,1786400258.600839
6,7883,0.4073788821697235,0.4721264367816092,1786400258.693508
6,7884,0.4780353605747223,0.4703196347031963,1786400258.7843764
6,7885,0.3683995008468628,0.4713718820861678,1786400258.882512
6,7886,0.6217881441116333,0.47072072072072074,1786400258.9740558
6,7887,0.5223367214202881,0.47007829977628635,1786400259.062939
6,7888,0.4063289165496826,0.47194444444444444,1786400259.1559904
6,7889,0.3647931218147278,0.4715783664459161,1786400259.245856
6,7890,0.32612231373786926,0.47176535087719296,1786400259.343867
6,7891,0.37042438983917236,0.4724945533769063,1786400259.434031
6,7892,0.4088665544986725,0.47186147186147187,1786400259.5251849
6,7893,0.4939700663089752,0.4728494623655914,1786400259.6190243
6,7894,0.4732224941253662,0.47275641025641024,1786400259.7079897
6,7895,0.35567426681518555,0.4729299363057325,1786400259.7986062
6,7896,0.4297384023666382,0.472837552742616,1786400259.900007
6,7897,0.38221925497055054,0.47431865828092246,1786400259.990542
6,7898,0.3179115951061249,0.47291666666666665,1786400260.0820343
6,7899,0.3530251383781433,0.47360248447204967,1786400260.180369
6,7900,0.5171279907226562,0.4729938271604938,1786400260.2713857
6,7901,0.3063165843486786,0.473159509202454,1786400260.3643217
6,7902,0.6073464155197144,0.4723069105691057,1786400260.4557064
6,7903,0.5774742960929871,0.471969696969697,1786400260.545734
6,7904,0.3357767164707184,0.472640562248996,1786400260.643231
6,7905,0.494000107049942,0.47105788423153694,1786400260.7347105
6,7906,0.29281485080718994,0.46999007936507936,1786400260.8273926
6,7907,0.6663596630096436,0.47016765285996054,1786400260.9193776
6,7908,0.47094088792800903,0.46911764705882353,1786400261.0173328
6,7909,0.454127699136734,0.4678362573099415,1786400261.1087258
6,7910,0.5562705993652344,0.46608527131782945,1786400261.1989696
6,7911,0.3578791916370392,0.4667630057803468,1786400261.2925036
6,7912,0.4587058424949646,0.4674329501915709,1786400261.392179
6,7913,0.48085835576057434,0.4669047619047619,1786400261.4883423
6,7914,0.38270145654678345,0.4675662878787879,1786400261.5804882
6,7915,0.3504948019981384,0.4684557438794727,1786400261.671431
6,7916,0.2906379699707031,0.4691011235955056,1786400261.7607765
6,7917,0.3048505187034607,0.46741154562383613,1786400261.85133
6,7918,0.3730161786079407,0.4673611111111111,1786400261.942849
6,7919,0.4922561049461365,0.4675414364640884,1786400262.0353703
6,7920,0.4005511403083801,0.46726190476190477,1786400262.1250489
6,7921,0.5365012884140015,0.46653005464480873,1786400262.2160368
6,7922,0.4236545264720917,0.46671195652173914,1786400262.31625
6,7923,0.3308379054069519,0.4677927927927928,1786400262.4158292
6,7924,0.6129155158996582,0.4668458781362007,1786400262.505451
6,7925,0.341731458902359,0.4679144385026738,1786400262.5950866
6,7926,0.44638779759407043,0.46808510638297873,1786400262.6874871
6,7927,0.5000693798065186,0.46671075837742504,1786400262.7787402
6,7928,0.3918078541755676,0.46578947368421053,1786400262.8793907
6,7929,0.48260605335235596,0.46596858638743455,1786400262.96988
6,7930,0.45623642206192017,0.4661458333333333,1786400263.0610912
6,7931,0.4627414047718048,0.46675302245250433,1786400263.162523
6,7932,0.6405948400497437,0.46713917525773196,1786400263.2524562
6,7933,0.46474435925483704,0.4670940170940171,1786400263.3412828
6,7934,0.5567347407341003,0.46662414965986393,1786400263.4335923
6,7935,0.29739323258399963,0.467005076142132,1786400263.5214841
6,7936,0.2707561254501343,0.4678030303030303,1786400263.6169107
6,7937,0.48227617144584656,0.46733668341708545,1786400263.716318
6,7938,0.3091728389263153,0.46791666666666665,1786400263.807048
6,7939,0.36016348004341125,0.46745439469320066,1786400263.8975024
6,7940,0.4204751253128052,0.4676155115511551,1786400263.9866016
6,7941,0.38806211948394775,0.4671592775041051,1786400264.0811017
6,7942,0.35943591594696045,0.4675245098039216,1786400264.1800272
6,7943,0.3519119322299957,0.46808943089430893,1786400264.2773888
6,7944,0.4259844720363617,0.46885113268608414,1786400264.3744555
6,7945,0.36058685183525085,0.4690016103059581,1786400264.466841
6,7946,0.5565062761306763,0.4671474358974359,1786400264.5561187
6,7947,0.49542737007141113,0.4661084529505582,1786400264.6458209
6,7948,0.32600894570350647,0.466468253968254,1786400264.7358174
6,7949,0.3533097803592682,0.4674170616113744,1786400264.8253562
6,7950,0.301338791847229,0.4679638364779874,1786400264.9247725
6,7951,0.4812556505203247,0.4679186228482003,1786400265.0173535
6,7952,0.4587767422199249,0.46690031152647976,1786400265.106996
6,7953,0.39670702815055847,0.4672480620155039,1786400265.1961596
6,7954,0.40194693207740784,0.46739969135802467,1786400265.2849793
6,7955,0.3220960795879364,0.46889400921658986,1786400265.3740044
6,7956,0.37116608023643494,0.4675076452599388,1786400265.472207
6,7957,0.3949550688266754,0.4672754946727549,1786400265.5708327
6,7958,0.39202994108200073,0.4672348484848485,1786400265.6701086
6,7959,0.341695636510849,0.4683257918552036,1786400265.760549
6,7960,0.7234795093536377,0.46734234234234234,1786400265.8518798
6,7961,0.5436233282089233,0.46618086696562033,1786400265.9424925
6,7962,0.3913657069206238,0.46651785714285715,1786400266.031367
6,7963,0.6146582365036011,0.4659259259259259,1786400266.129513
6,7964,0.34443721175193787,0.4664454277286136,1786400266.2188659
6,7965,0.39617136120796204,0.46640969162995594,1786400266.316988
6,7966,0.44721701741218567,0.46619152046783624,1786400266.4061167
6,7967,0.3651852011680603,0.46670305676855894,1786400266.5040383
6,7968,0.36617496609687805,0.4652173913043478,1786400266.5960019
6,7969,0.48507964611053467,0.4639249639249639,1786400266.6857333
6,7970,0.3759368062019348,0.4639008620689655,1786400266.7804832
6,7971,0.4304453134536743,0.4642346208869814,1786400266.8732474
6,7972,0.5097266435623169,0.46296296296296297,1786400266.9629483
6,7973,0.28495439887046814,0.46400709219858155,1786400267.05151
6,7974,0.3579309582710266,0.4645127118644068,1786400267.1431687
6,7975,0.44966596364974976,0.46448663853727146,1786400267.2340395
6,7976,0.4003559350967407,0.4641106442577031,1786400267.3321784
6,7977,0.33079004287719727,0.4640864714086471,1786400267.4210875
6,7978,0.41852355003356934,0.46458333333333335,1786400267.5124888
6,7979,0.49280473589897156,0.46490318118948826,1786400267.602931
6,7980,0.6384800672531128,0.4647038567493113,1786400267.6928499
6,7981,0.326652854681015,0.4648491083676269,1786400267.7846963
6,7982,0.5541516542434692,0.4641393442622951,1786400267.8837414
6,7983,0.3945070505142212,0.4642857142857143,1786400267.9832652
6,7984,0.31794455647468567,0.46307588075880757,1786400268.07472
6,7985,0.5577414035797119,0.46305668016194335,1786400268.1650999
6,7986,0.2651430070400238,0.4640456989247312,1786400268.254877
6,7987,0.32035961747169495,0.464859437751004,1786400268.3483405
6,7988,0.4310624599456787,0.4655,1786400268.438966
6,7989,0.3839883804321289,0.4648074369189907,1786400268.5323524
6,7990,0.3421083986759186,0.46395502645502645,1786400268.6259875
6,7991,0.3382061719894409,0.4640974967061924,1786400268.7151408
6,7992,0.3818901479244232,0.463254593175853,1786400268.8058474
6,7993,0.31911325454711914,0.46372549019607845,1786400268.9057236
6,7994,0.51764315366745,0.4641927083333333,1786400268.9940293
6,7995,0.5623286366462708,0.46449416342412453,1786400269.0938118
6,7996,0.5148395299911499,0.4641472868217054,1786400269.1883426
6,7997,0.42021310329437256,0.46364221364221364,1786400269.278185
6,7998,0.3761137127876282,0.46426282051282053,1786400269.3779469
6,7999,0.5511485934257507,0.46424010217113665,1786400269.4687521
6,8000,0.4925071597099304,0.4642175572519084,1786400269.5578253
6,8001,0.3064005970954895,0.4635614702154626,1786400269.6484516
6,8002,0.372714638710022,0.4633838383838384,1786400269.7375135
6,8003,0.4805554151535034,0.4638364779874214,1786400269.8285887
6,8004,0.40779292583465576,0.4641290726817043,1786400269.9281845
6,8005,0.534796953201294,0.4637952559300874,1786400270.0219038
6,8006,0.42912542819976807,0.46455223880597013,1786400270.1227157
6,8007,0.2841399908065796,0.463909541511772,1786400270.220961
6,8008,0.34883394837379456,0.4641975308641975,1786400270.31062
6,8009,0.6053903698921204,0.46294587945879456,1786400270.400481
6,8010,0.3492906391620636,0.46338848039215685,1786400270.4902303
6,8011,0.4336167871952057,0.4642857142857143,1786400270.581277
6,8012,0.3910365700721741,0.46472019464720193,1786400270.6767225
6,8013,0.6711872220039368,0.4640909090909091,1786400270.7676725
6,8014,0.6590732932090759,0.463768115942029,1786400270.8575416
6,8015,0.426383376121521,0.46269554753309267,1786400270.9486313
6,8016,0.43586623668670654,0.4623800959232614,1786400271.0490358
6,8017,0.44535526633262634,0.4622162485065711,1786400271.1386533
6,8018,0.3546695113182068,0.46264880952380955,1786400271.4822676
6,8019,0.38008564710617065,0.4629300118623962,1786400271.5706818
6,8020,0.36230650544166565,0.46335697399527187,1786400271.6601195
6,8021,0.26679009199142456,0.4627502944640754,1786400271.7492795
6,8022,0.550283670425415,0.46332159624413144,1786400271.8399775
6,8023,0.3413679301738739,0.46271929824561403,1786400271.929972
6,8024,0.36821138858795166,0.46284965034965037,1786400272.020002
6,8025,0.33432909846305847,0.4637049941927991,1786400272.1099212
6,8026,0.31562352180480957,0.4642650462962963,1786400272.208568
6,8027,0.3232370913028717,0.46453287197231835,1786400272.2983055
6,8028,0.42558974027633667,0.46336206896551724,1786400272.3946817
6,8029,0.4679006338119507,0.46377434135166096,1786400272.4851534
6,8030,0.30661535263061523,0.4633276255707763,1786400272.5743709
6,8031,0.38495802879333496,0.4620307167235495,1786400272.668664
6,8032,0.4013700485229492,0.4630102040816326,1786400272.7578897
6,8033,0.46273988485336304,0.46299435028248587,1786400272.8508577
6,8034,0.6162704825401306,0.4624155405405405,1786400272.9512546
6,8035,0.5115748047828674,0.46296296296296297,1786400273.040281
6,8036,0.443516343832016,0.4629474272930649,1786400273.1298025
6,8037,0.45685356855392456,0.46348940914158304,1786400273.2197478
6,8038,0.5297245383262634,0.46305555555555555,1786400273.319868
6,8039,0.5539041757583618,0.4631782945736434,1786400273.4095926
6,8040,0.2938441038131714,0.46385209713024284,1786400273.499112
6,8041,0.48961341381073,0.46273377337733773,1786400273.5883467
6,8042,0.3526880443096161,0.46175986842105265,1786400273.6814106
6,8043,0.3317435383796692,0.4616120218579235,1786400273.774205
6,8044,0.38457053899765015,0.46187363834422657,1786400273.862957
6,8045,0.6548030376434326,0.4610477741585233,1786400273.9552147
6,8046,0.5457261800765991,0.46130952380952384,1786400274.0524476
6,8047,0.3653047978878021,0.4614347357065804,1786400274.1502588
6,8048,0.42624467611312866,0.46102150537634407,1786400274.2393534
6,8049,0.3620087802410126,0.4616827438370847,1786400274.3306904
6,8050,0.3314284086227417,0.4619391025641026,1786400274.4212863
6,8051,0.38489383459091187,0.46206070287539935,1786400274.5124555
6,8052,0.5037589073181152,0.4625796178343949,1786400274.6034126
6,8053,0.4104672372341156,0.4628306878306878,1786400274.6926932
6,8054,0.4870815575122833,0.46268459915611815,1786400274.791247
6,8055,0.4757985472679138,0.46280231335436384,1786400274.881988
6,8056,0.6286384463310242,0.46226415094339623,1786400274.9716463
6,8057,0.5230377316474915,0.46238244514106586,1786400275.0727482
6,8058,0.40695828199386597,0.462890625,1786400275.1624477
6,8059,0.3992651700973511,0.46261682242990654,1786400275.2512527
6,8060,0.28482574224472046,0.4635093167701863,1786400275.3403473
6,8061,0.3376244008541107,0.46246130030959753,1786400275.4357767
6,8062,0.5920257568359375,0.4620627572016461,1786400275.5256116
6,8063,0.43258044123649597,0.4624358974358974,1786400275.615719
6,8064,0.3109440803527832,0.46267893660531695,1786400275.7154746
6,8065,0.47666531801223755,0.46228338430173294,1786400275.812524
6,8066,0.5047965049743652,0.46277947154471544,1786400275.918888
6,8067,0.28200843930244446,0.4637791286727457,1786400276.0076628
6,8068,0.5077449083328247,0.46275252525252525,1786400276.098806
6,8069,0.3328339755535126,0.46248741188318226,1786400276.1882193
6,8070,0.5105867385864258,0.4617218875502008,1786400276.2811124
6,8071,0.266211599111557,0.4627127127127127,1786400276.377433
6,8072,0.3611156940460205,0.46319860279441116,1786400276.4667099
6,8073,0.3474874496459961,0.4634328358208955,1786400276.5555108
6,8074,0.3308361768722534,0.46416170634920634,1786400276.6507428
6,8075,0.332577109336853,0.46439169139465875,1786400276.7402823
6,8076,0.3186799883842468,0.46474358974358976,1786400276.8371565
6,8077,0.5297266244888306,0.46472468043264503,1786400276.928371
6,8078,0.5584996938705444,0.4649509803921569,1786400277.017621
6,8079,0.5230390429496765,0.46480938416422285,1786400277.1073964
6,8080,0.48259156942367554,0.4647904483430799,1786400277.2046525
6,8081,0.4509276747703552,0.4645286686103013,1786400277.2943566
6,8082,0.4261322617530823,0.4646317829457364,1786400277.3852596
6,8083,0.39831405878067017,0.46497584541062803,1786400277.474665
6,8084,0.40960949659347534,0.4653179190751445,1786400277.5641165
6,8085,0.3284459412097931,0.4660182516810759,1786400277.66148
6,8086,0.4602962136268616,0.46587643678160917,1786400277.7591972
6,8087,0.33920106291770935,0.46513849092645654,1786400277.8485181
6,8088,0.41233664751052856,0.465,1786400277.9476202
6,8089,0.3357531428337097,0.46545584045584043,1786400278.037302
6,8090,0.5881483554840088,0.46531723484848486,1786400278.1324131
6,8091,0.4179846942424774,0.46506137865911235,1786400278.2337608
6,8092,0.41003286838531494,0.4648069679849341,1786400278.3249106
6,8093,0.6113541126251221,0.4636150234741784,1786400278.4236257
6,8094,0.3142502009868622,0.4643024344569288,1786400278.5131195
6,8095,0.3229774236679077,0.4635854341736695,1786400278.6033993
6,8096,0.4805419445037842,0.46368715083798884,1786400278.6928833
6,8097,0.36299625039100647,0.46425255338904364,1786400278.783994
6,8098,0.49027591943740845,0.46400462962962963,1786400278.873747
6,8099,0.49330979585647583,0.46433518005540164,1786400278.9728081
6,8100,0.5143229961395264,0.46466390423572745,1786400279.073792
6,8101,0.28931957483291626,0.4649908172635445,1786400279.1636484
6,8102,0.6152203679084778,0.46440018315018317,1786400279.2539353
6,8103,0.45465943217277527,0.46426940639269404,1786400279.344023
6,8104,0.2743171155452728,0.46505009107468126,1786400279.4418497
6,8105,0.47451937198638916,0.46548592188919163,1786400279.5299966
6,8106,0.6999905705451965,0.46524003623188404,1786400279.620204
6,8107,0.45218202471733093,0.46522131887985546,1786400279.7266889
6,8108,0.4546075761318207,0.4649774774774775,1786400279.8183475
6,8109,0.4322982430458069,0.46507187780772685,1786400279.9072428
6,8110,0.48354923725128174,0.46415770609318996,1786400280.0038416
6,8111,0.37709730863571167,0.46436550491510276,1786400280.1022363
6,8112,0.30989012122154236,0.46501782531194297,1786400280.191332
6,8113,0.4123838543891907,0.465,1786400280.2808545
6,8114,0.4613267183303833,0.4658687943262411,1786400280.3787403
6,8115,0.40166914463043213,0.46606984969053933,1786400280.4738832
6,8116,0.47592365741729736,0.4663800705467372,1786400280.56482
6,8117,0.3412623107433319,0.4669085312225154,1786400280.6680608
6,8118,0.39513781666755676,0.4674342105263158,1786400280.75608
6,8119,0.35363784432411194,0.4678477690288714,1786400280.8465657
6,8120,0.4006081223487854,0.4677137870855148,1786400280.944636
6,8121,0.3122124671936035,0.4679068755439513,1786400281.035571
6,8122,0.36191216111183167,0.4680989583333333,1786400281.127883
6,8123,0.2631562352180481,0.4688311688311688,1786400281.2165983
6,8124,0.47102415561676025,0.4691278065630397,1786400281.3136446
6,8125,0.4065813720226288,0.46920757967269594,1786400281.4021635
6,8126,0.36274293065071106,0.469286941580756,1786400281.5002744
6,8127,0.4531744718551636,0.4691516709511568,1786400281.5976455
6,8128,0.31004637479782104,0.46944444444444444,1786400281.687589
6,8129,0.4484320878982544,0.46984228473998296,1786400281.777889
6,8130,0.4072344899177551,0.4694940476190476,1786400281.8712075
6,8131,0.4167460501194,0.469147582697201,1786400281.9614613
6,8132,0.5332936644554138,0.46890862944162437,1786400282.050927
6,8133,0.3323960602283478,0.4694092827004219,1786400282.141882
6,8134,0.3881274461746216,0.46959175084175087,1786400282.2315974
6,8135,0.4793398082256317,0.4698782535684299,1786400282.3262866
6,8136,0.44997990131378174,0.4699539363484087,1786400282.415692
6,8137,0.44807684421539307,0.46950710108604843,1786400282.5057142
6,8138,0.3213578760623932,0.47,1786400282.6029286
6,8139,0.5135764479637146,0.46997090606816294,1786400282.698354
6,8140,0.3815954923629761,0.4701492537313433,1786400282.795775
6,8141,0.32909417152404785,0.4709470636889992,1786400282.8852458
6,8142,0.5292454361915588,0.4712252475247525,1786400282.9755852
6,8143,0.30049777030944824,0.4715020576131687,1786400283.075781
6,8144,0.47912630438804626,0.47157224958949095,1786400283.1661792
6,8145,0.2747742831707001,0.47194922194922195,1786400283.255201
6,8146,0.4169207811355591,0.47120098039215685,1786400283.3541908
6,8147,0.4530315101146698,0.4708638956805216,1786400283.444313
6,8148,0.4323996901512146,0.4713414634146341,1786400283.536012
6,8149,0.42902672290802,0.4715125709651257,1786400283.628597
6,8150,0.31263190507888794,0.4717839805825243,1786400283.7181244
6,8151,0.374542236328125,0.47195318805488295,1786400283.8084984
6,8152,0.45862317085266113,0.47151771336553944,1786400283.8981595
6,8153,0.7750155925750732,0.4711847389558233,1786400283.998544
6,8154,0.43324515223503113,0.4712540064102564,1786400284.0878546
6,8155,0.32034602761268616,0.4706235011990408,1786400284.17828
6,8156,0.499226450920105,0.4711921850079745,1786400284.2705126
6,8157,0.3241470158100128,0.47155926809864757,1786400284.3596957
6,8158,0.32011497020721436,0.47172619047619047,1786400284.450013
6,8159,0.46351271867752075,0.47199129057798894,1786400284.546734
6,8160,0.3480421304702759,0.4714652448657188,1786400284.6435468
6,8161,0.4011881649494171,0.4719267139479905,1786400284.732675
6,8162,0.5944614410400391,0.47150157232704404,1786400284.8291008
6,8163,0.34539082646369934,0.4718627450980392,1786400284.9188387
6,8164,0.5564742088317871,0.4721244131455399,1786400285.0150082
6,8165,0.5679330825805664,0.4717993754879001,1786400285.1051426
6,8166,0.33927521109580994,0.47225467289719625,1786400285.1936264
6,8167,0.4458410441875458,0.47154234654234656,1786400285.2833834
6,8168,0.3469991683959961,0.47180232558139534,1786400285.3740673
6,8169,0.4964863657951355,0.4719644238205723,1786400285.4751842
6,8170,0.25133800506591797,0.47280092592592593,1786400285.5668664
6,8171,0.26707521080970764,0.4733448806774442,1786400285.663087
6,8172,0.4183728098869324,0.4727342549923195,1786400285.759554
6,8173,0.29927173256874084,0.47270114942528735,1786400285.8480814
6,8174,0.33033502101898193,0.47219036697247707,1786400285.9422956
6,8175,0.5090649127960205,0.47206331045003813,1786400286.0325382
6,8176,0.3901606798171997,0.4710806697108067,1786400286.123244
6,8177,0.39713698625564575,0.47114654517843585,1786400286.212689
6,8178,0.49055057764053345,0.4712121212121212,1786400286.3119144
6,8179,0.34892737865448,0.47127739984882844,1786400286.4047186
6,8180,0.3350124955177307,0.47068250377073906,1786400286.4934802
6,8181,0.5273392200469971,0.4709367945823928,1786400286.5897088
6,8182,0.7165894508361816,0.47081456456456455,1786400286.6804535
6,8183,0.5025728940963745,0.4708801498127341,1786400286.770187
6,8184,0.6655802726745605,0.47066517189835577,1786400286.8603728
6,8185,0.26947295665740967,0.47110365398956006,1786400286.9591134
6,8186,0.586237907409668,0.47107514880952384,1786400287.0604231
6,8187,0.40321943163871765,0.47030438010393466,1786400287.1504724
6,8188,0.6704757213592529,0.4708333333333333,1786400287.2423766
6,8189,0.4056759178638458,0.47108277900960827,1786400287.341124
6,8190,0.3963110148906708,0.4710545722713864,1786400287.4321315
6,8191,0.36519986391067505,0.47093451066961,1786400287.5265355
6,8192,0.5058132410049438,0.47127386196769455,1786400287.6165104
6,8193,0.3887370526790619,0.47115384615384615,1786400287.7051575
6,8194,0.5018208622932434,0.4703033625730994,1786400287.801235
6,8195,0.36265671253204346,0.47064186725018237,1786400287.8980677
6,8196,0.36926573514938354,0.47079694323144106,1786400287.9874003
6,8197,0.3417181074619293,0.4714052287581699,1786400288.0781662
6,8198,0.3727288544178009,0.4716485507246377,1786400288.1800125
6,8199,0.31444957852363586,0.4720715835140998,1786400288.2694535
6,8200,0.5938969254493713,0.4715007215007215,1786400288.3595207
6,8201,0.44262197613716125,0.4713822894168467,1786400288.459915
6,8202,0.621658444404602,0.47117456896551724,1786400288.5502777
6,8203,0.3555738031864166,0.471415770609319,1786400288.6403487
6,8204,0.3071417212486267,0.4719241773962804,1786400288.730303
6,8205,0.4825352430343628,0.4712705210563883,1786400288.8201253
6,8206,0.35366201400756836,0.47133190883190884,1786400288.9142084
6,8207,0.3975805640220642,0.4714818763326226,1786400289.0131412
6,8208,0.3688190281391144,0.4718085106382979,1786400289.1033595
6,8209,0.4501882791519165,0.4719568294409059,1786400289.1945696
6,8210,0.3081662356853485,0.4723693502824859,1786400289.2840462
6,8211,0.4619063436985016,0.4727801268498943,1786400289.3800817
6,8212,0.3405076265335083,0.472134317862166,1786400289.469858
6,8213,0.4113074839115143,0.4716666666666667,1786400289.5764408
6,8214,0.43887656927108765,0.4720763305322129,1786400289.6661499
6,8215,0.7309911847114563,0.4713487071977638,1786400289.7555766
6,8216,0.4347429871559143,0.47132147838214783,1786400289.8472922
6,8217,0.5585020184516907,0.47068545581071675,1786400289.9443302
6,8218,0.2608218193054199,0.4712673611111111,1786400290.0407748
6,8219,0.26154428720474243,0.47193347193347196,1786400290.1312335
6,8220,0.4024825990200043,0.47216459197787,1786400290.22212
6,8221,0.4159684479236603,0.47239475500345063,1786400290.3130133
6,8222,0.3234233260154724,0.47262396694214875,1786400290.4125016
6,8223,0.3871247172355652,0.47276632302405497,1786400290.5125597
6,8224,0.5061426162719727,0.47247942386831276,1786400290.6046336
6,8225,0.4425596296787262,0.47279260780287474,1786400290.695402
6,8226,0.267273873090744,0.4731045081967213,1786400290.784269
6,8227,0.43430131673812866,0.4730743012951602,1786400290.8744223
6,8228,0.3350048065185547,0.47329931972789113,1786400290.9671543
6,8229,0.4271671772003174,0.4736082824168364,1786400291.0557642
6,8230,0.48106852173805237,0.4736619241192412,1786400291.1512947
6,8231,0.3849773406982422,0.4737998647734956,1786400291.2426505
6,8232,0.33344584703445435,0.4732624831309042,1786400291.3374047
6,8233,0.40341195464134216,0.47289562289562287,1786400291.4334137
6,8234,0.4125497341156006,0.4730342741935484,1786400291.5218406
6,8235,0.38935714960098267,0.47317236753856473,1786400291.6163142
6,8236,0.42173802852630615,0.473644578313253,1786400291.7048407
6,8237,0.3271144926548004,0.47394789579158314,1786400291.7963977
6,8238,0.361207515001297,0.47383333333333333,1786400291.8850248
6,8239,0.5866143703460693,0.47355289421157687,1786400291.9763815
6,8240,0.46638303995132446,0.47343957503320055,1786400292.0672364
6,8241,0.4923055171966553,0.47299536116633534,1786400292.158666
6,8242,0.5384970903396606,0.47255291005291006,1786400292.2514112
6,8243,0.3432996869087219,0.47285478547854787,1786400292.340943
6,8244,0.4519977569580078,0.4731554677206851,1786400292.431812
6,8245,0.47414910793304443,0.47287968441814593,1786400292.5212874
6,8246,0.45901811122894287,0.473261154855643,1786400292.6115322
6,8247,0.5898979306221008,0.4732318271119843,1786400292.7006261
6,8248,0.35510629415512085,0.47352941176470587,1786400292.7913656
6,8249,0.48604005575180054,0.4737442922374429,1786400292.8823035
6,8250,0.3570946156978607,0.47412109375,1786400292.9803317
6,8251,0.47174549102783203,0.4742527615334633,1786400293.078696
6,8252,0.3839564323425293,0.47446498054474706,1786400293.182461
6,8253,0.5572192072868347,0.4740291262135922,1786400293.2733042
6,8254,0.4454369843006134,0.4744832041343669,1786400293.3622043
6,8255,0.6157852411270142,0.47429078014184395,1786400293.4558725
6,8256,0.42258092761039734,0.474501287001287,1786400293.5455937
6,8257,0.4423186182975769,0.47447013487475914,1786400293.6354191
6,8258,0.3196951150894165,0.47467948717948716,1786400293.7267394
6,8259,0.3118945062160492,0.4748880358285349,1786400293.824078
6,8260,0.4038473963737488,0.4752554278416347,1786400293.9232225
6,8261,0.5575010180473328,0.4747450605481198,1786400294.0194452
6,8262,0.3712255358695984,0.4749522900763359,1786400294.1186154
6,8263,0.5808458924293518,0.4749206349206349,1786400294.2133176
6,8264,0.31106555461883545,0.4752059569074778,1786400294.303943
6,8265,0.3187996745109558,0.47549019607843135,1786400294.3926713
6,8266,0.3286067247390747,0.4758522727272727,1786400294.4808893
6,8267,0.6267465353012085,0.475346565847511,1786400294.571033
6,8268,0.6130117177963257,0.47547169811320755,1786400294.6628575
6,8269,0.4089309275150299,0.47559635907093534,1786400294.7533517
6,8270,0.5837216377258301,0.475093984962406,1786400294.8440485
6,8271,0.34781742095947266,0.47545340838023764,1786400294.9355805
6,8272,0.5869595408439636,0.4753433208489388,1786400295.0318167
6,8273,0.33486422896385193,0.4747663551401869,1786400295.1271138
6,8274,0.344915509223938,0.4749689054726368,1786400295.2275352
6,8275,0.5586205720901489,0.47478274363749223,1786400295.3211
6,8276,0.4420129060745239,0.47482961586121436,1786400295.411107
6,8277,0.26812806725502014,0.47518552875695735,1786400295.4987178
6,8278,0.42491304874420166,0.475462962962963,1786400295.5905454
6,8279,0.29245808720588684,0.47589340727048673,1786400295.6903694
6,8280,0.4250708818435669,0.4758610086100861,1786400295.7841089
6,8281,0.481510192155838,0.47559852670349906,1786400295.8736596
6,8282,0.5096883773803711,0.47503063725490197,1786400295.970221
6,8283,0.2993561029434204,0.4753822629969419,1786400296.0599916
6,8284,0.3534974455833435,0.4754273504273504,1786400296.149245
6,8285,0.3307754397392273,0.47562461913467396,1786400296.2397823
6,8286,0.4480160176753998,0.47551703163017034,1786400296.3337812
6,8287,0.3380880057811737,0.4749544626593807,1786400296.4240475
6,8288,0.4175240397453308,0.4747727272727273,1786400296.5146284
6,8289,0.5398707389831543,0.4745916515426497,1786400296.6118073
6,8290,0.44567108154296875,0.47448671497584544,1786400296.7009351
6,8291,0.26596519351005554,0.47468354430379744,1786400296.7987788
6,8292,0.4371417462825775,0.47480445246690733,1786400296.8985882
6,8293,0.4596595764160156,0.47477477477477475,1786400296.9958954
6,8294,0.5881399512290955,0.4747452038369305,1786400297.0927758
6,8295,0.32076436281204224,0.47501496110113706,1786400297.1841848
6,8296,0.5052410364151001,0.47491039426523296,1786400297.2748277
6,8297,0.46766185760498047,0.47465712581991654,1786400297.364347
6,8298,0.41993415355682373,0.4740327380952381,1786400297.4550073
6,8299,0.35820096731185913,0.4743018419489008,1786400297.5508783
6,8300,0.3439813256263733,0.47427342823250296,1786400297.6478016
6,8301,0.35456278920173645,0.4743191237418591,1786400297.7374694
6,8302,0.4188966453075409,0.4736258865248227,1786400297.8330374
6,8303,0.32292768359184265,0.47359882005899706,1786400297.9237406
6,8304,0.33219730854034424,0.4737190812720848,1786400298.0173862
6,8305,0.3850676715373993,0.47369194591416813,1786400298.1121907
6,8306,0.4274578392505646,0.4737382629107981,1786400298.2034307
6,8307,0.48332053422927856,0.47319859402460457,1786400298.3037302
6,8308,0.396318256855011,0.473172514619883,1786400298.3937066
6,8309,0.38731372356414795,0.47314652656158784,1786400298.4839957
6,8310,0.3509065806865692,0.4729020979020979,1786400298.5738173
6,8311,0.3961370587348938,0.47273123909249565,1786400298.6622844
6,8312,0.41536247730255127,0.4727061556329849,1786400298.7616012
6,8313,0.40160900354385376,0.4726086956521739,1786400298.8534975
6,8314,0.4630279541015625,0.47272858796296297,1786400298.9447594
6,8315,0.4354604482650757,0.47227036395147315,1786400299.0363808
6,8316,0.45800215005874634,0.47246251441753173,1786400299.1305854
6,8317,0.39426323771476746,0.47258203799654575,1786400299.2243946
6,8318,0.4613521099090576,0.4724137931034483,1786400299.3129616
6,8319,0.30829694867134094,0.4726764199655766,1786400299.4019873
6,8320,0.40130966901779175,0.4720074455899198,1786400299.4917507
6,8321,0.3659574091434479,0.4722698684962836,1786400299.58115
6,8322,0.3381310701370239,0.4716038812785388,1786400299.6757567
6,8323,0.37671560049057007,0.47158119658119657,1786400299.765843
6,8324,0.30542072653770447,0.47205631399317405,1786400299.8567958
6,8325,0.329723060131073,0.47167802385008517,1786400299.9527333
6,8326,0.34808439016342163,0.4715844671201814,1786400300.0523884
6,8327,0.3533848524093628,0.4717741935483871,1786400300.1426778
6,8328,0.4732859432697296,0.47146892655367234,1786400300.2355115
6,8329,0.3415791392326355,0.4715877044557248,1786400300.3310192
6,8330,0.37753957509994507,0.4717060810810811,1786400300.4205866
6,8331,0.8082072734832764,0.47133220910623946,1786400300.5094197
6,8332,0.28065264225006104,0.4718013468013468,1786400300.6084142
6,8333,0.682284951210022,0.4715686274509804,1786400300.698367
6,8334,0.36961203813552856,0.47168624161073824,1786400300.7875001
6,8335,0.4960945248603821,0.47187325516471246,1786400300.8854308
6,8336,0.44051411747932434,0.4721989966555184,1786400300.9755223
6,8337,0.401439368724823,0.4723149693934335,1786400301.0663137
6,8338,0.5781263113021851,0.47229166666666667,1786400301.1586957
6,8339,0.35885798931121826,0.4719911259012757,1786400301.2539515
6,8340,0.3475426435470581,0.47169158361018826,1786400301.3537748
6,8341,0.5554404854774475,0.4715312327252626,1786400301.444501
6,8342,0.3153650760650635,0.47192328918322296,1786400301.5451853
6,8343,0.48035597801208496,0.47203856749311296,1786400301.634987
6,8344,0.3143227696418762,0.4722909790979098,1786400301.724915
6,8345,0.44195234775543213,0.47165019220208676,1786400301.8258173
6,8346,0.5340646505355835,0.4714226973684211,1786400301.9154975
6,8347,0.4173395335674286,0.47174329501915707,1786400302.023964
6,8348,0.4875141680240631,0.47185792349726774,1786400302.113394
6,8349,0.6405055522918701,0.4716312056737589,1786400302.2028105
6,8350,0.3130592703819275,0.4712690631808279,1786400302.2934308
6,8351,0.3757983446121216,0.47145187601957583,1786400302.3877072
6,8352,0.3661467432975769,0.4717698154180239,1786400302.4829519
6,8353,0.2899603843688965,0.4719512195121951,1786400302.5732577
6,8354,0.5496371388435364,0.47172619047619047,1786400302.6702404
6,8355,0.2921205759048462,0.4719746083198271,1786400302.761908
6,8356,0.310605525970459,0.4722222222222222,1786400302.8561592
6,8357,0.3624062240123749,0.4717285945072698,1786400302.946794
6,8358,0.34561315178871155,0.4719758064516129,1786400303.0409584
6,8359,0.3351932764053345,0.4720209339774557,1786400303.131304
6,8360,0.47204819321632385,0.4721998928188639,1786400303.221927
6,8361,0.5039882063865662,0.4717763509898341,1786400303.3197174
6,8362,0.6567659378051758,0.47142094017094016,1786400303.4093904
6,8363,0.3976620137691498,0.47153333333333336,1786400303.4972758
6,8364,0.321033239364624,0.4717119275825346,1786400303.587967
6,8365,0.34675419330596924,0.47195640616693246,1786400303.678714
6,8366,0.40114885568618774,0.47173566878980894,1786400303.7706373
6,8367,0.36008790135383606,0.4715156332803392,1786400303.8628197
6,8368,0.3826039433479309,0.4711640211640212,1786400303.952772
6,8369,0.23766672611236572,0.47153988378235606,1786400304.0427952
6,8370,0.38547730445861816,0.47184862869198313,1786400304.1346529
6,8371,0.571263313293457,0.471563981042654,1786400304.2369244
6,8372,0.4498915672302246,0.4712802313354364,1786400304.34437
6,8373,0.3176122009754181,0.4716535433070866,1786400304.4341261
6,8374,0.4040614664554596,0.4716981132075472,1786400304.533217
6,8375,0.5663376450538635,0.47135007849293564,1786400304.623984
6,8376,0.39495617151260376,0.4714602925809822,1786400304.7137635
6,8377,0.3797900676727295,0.47163536776212833,1786400304.804522
6,8378,0.40878283977508545,0.47174479166666666,1786400304.893941
6,8379,0.5889259576797485,0.4712688507540302,1786400304.9941537
6,8380,0.6129264235496521,0.471183800623053,1786400305.0916708
6,8381,0.4271116256713867,0.4710990150336962,1786400305.1822183
6,8382,0.353890985250473,0.47127329192546585,1786400305.2708826
6,8383,0.38129502534866333,0.4712532299741602,1786400305.3694878
6,8384,0.46193429827690125,0.4714267285861713,1786400305.461356
6,8385,0.3200055956840515,0.4717284904688305,1786400305.5488625
6,8386,0.26892992854118347,0.4719650205761317,1786400305.6391857
6,8387,0.4564882814884186,0.4721366204417052,1786400305.7286317
6,8388,0.3639869689941406,0.47173076923076923,1786400305.8293824
6,8389,0.3275943696498871,0.4719022017409114,1786400305.9192436
6,8390,0.5561824440956116,0.4722009202453988,1786400306.0245583
6,8391,0.5631213188171387,0.4721796835119959,1786400306.121508
6,8392,0.37062299251556396,0.4723496432212029,1786400306.211433
6,8393,0.4855813682079315,0.4725190839694656,1786400306.3015509
6,8394,0.45404213666915894,0.4725609756097561,1786400306.3923824
6,8395,0.2629384994506836,0.47291983764586504,1786400306.490968
6,8396,0.3067746162414551,0.4732142857142857,1786400306.5803816
6,8397,0.319986492395401,0.4735078401618614,1786400306.6711698
6,8398,0.569857120513916,0.47367424242424244,1786400306.7681854
6,8399,0.5333698987960815,0.4735879979828543,1786400306.866103
6,8400,0.32266825437545776,0.47369083585095667,1786400306.9555387
6,8401,0.5788170099258423,0.473604826546003,1786400307.054022
6,8402,0.3702895939350128,0.4738328313253012,1786400307.1436362
6,8403,0.41930001974105835,0.47343358395989976,1786400307.2378619
6,8404,0.5553908348083496,0.4733483483483483,1786400307.3271809
6,8405,0.42990779876708984,0.4729510244877561,1786400307.4168146
6,8406,0.37152183055877686,0.47299151696606784,1786400307.5069978
6,8407,0.5281925797462463,0.4731564524165421,1786400307.5971878
6,8408,0.38378748297691345,0.47332089552238804,1786400307.6946187
6,8409,0.5312743782997131,0.4731122702434178,1786400307.7846217
6,8410,0.4581392705440521,0.47302827380952384,1786400307.882007
6,8411,0.4336007237434387,0.4731921743437345,1786400307.971449
6,8412,0.42255285382270813,0.4732937685459941,1786400308.061061
6,8413,0.4154953360557556,0.47358024691358025,1786400308.1574373
6,8414,0.3537414073944092,0.4735576923076923,1786400308.246298
6,8415,0.30180972814559937,0.4737198424421467,1786400308.335538
6,8416,0.5520114898681641,0.4737586037364798,1786400308.4284048
6,8417,0.31358736753463745,0.4733063328424153,1786400308.5199542
6,8418,0.31280431151390076,0.47346813725490194,1786400308.6091876
6,8419,0.31203973293304443,0.47362946647087617,1786400308.6983566
6,8420,0.39453068375587463,0.4736681329423265,1786400308.8014996
6,8421,0.30761098861694336,0.4732186432406052,1786400308.8911405
6,8422,0.5192467570304871,0.4731359649122807,1786400308.9797459
6,8423,0.37765946984291077,0.4734184914841849,1786400309.0798643
6,8424,0.47123247385025024,0.47315354713313895,1786400309.1691709
6,8425,0.2220294177532196,0.4734958757884522,1786400309.264869
6,8426,0.4883708655834198,0.4730499031007752,1786400309.365985
6,8427,0.4277166426181793,0.47320996613449445,1786400309.4646392
6,8428,0.3663236200809479,0.4731280193236715,1786400309.5522544
6,8429,0.5221723318099976,0.4731066087795466,1786400309.6535857
6,8430,0.4437371790409088,0.47320568400770713,1786400309.7508795
6,8431,0.6197451949119568,0.4731842231842232,1786400309.8416948
6,8432,0.4663715660572052,0.4731628242074928,1786400309.9304729
6,8433,0.30310770869255066,0.47332134292565947,1786400310.0204675
6,8434,0.5098567605018616,0.4734794061302682,1786400310.1102154
6,8435,0.45766401290893555,0.4735174557627929,1786400310.2072146
6,8436,0.3703066110610962,0.47379417382999045,1786400310.2982936
6,8437,0.474643349647522,0.4740701001430615,1786400310.3983326
6,8438,0.27084702253341675,0.4742857142857143,1786400310.4870887
6,8439,0.41419756412506104,0.4743818354731336,1786400310.577552
6,8440,0.396202027797699,0.47447768281101615,1786400310.6771383
6,8441,0.5023754239082336,0.47475106685633,1786400310.7679396
6,8442,0.29145053029060364,0.47508285984848486,1786400310.8614283
6,8443,0.27494174242019653,0.47547281323877066,1786400310.9645476
6,8444,0.4405340552330017,0.4753895184135977,1786400311.0651512
6,8445,0.4919418394565582,0.4752475247524752,1786400311.168524
6,8446,0.34548866748809814,0.4754001883239171,1786400311.2779584
6,8447,0.40060386061668396,0.47555242125058766,1786400311.3730762
6,8448,0.36573007702827454,0.47576291079812205,1786400311.463931
6,8449,0.6634857654571533,0.4756797937177684,1786400311.5535429
6,8450,0.332959920167923,0.4758895131086142,1786400311.6528287
6,8451,0.3516015112400055,0.47604020570359984,1786400311.7560215
6,8452,0.5809791088104248,0.4757236227824463,1786400311.8477576
6,8453,0.3706556260585785,0.475990675990676,1786400311.9389346
6,8454,0.32335907220840454,0.4763151769087523,1786400312.0304592
6,8455,0.3841720223426819,0.47640632264063226,1786400312.1314065
6,8456,0.3550892472267151,0.4764972144846797,1786400312.2274241
6,8457,0.2983976900577545,0.47676170607324986,1786400312.3183265
6,8458,0.4434181749820709,0.4769097222222222,1786400312.42375
6,8459,0.31456613540649414,0.4769995376791493,1786400312.5160038
6,8460,0.46626704931259155,0.47714681440443213,1786400312.6160092
6,8461,0.458301842212677,0.4771207929921623,1786400312.7284908
6,8462,0.39471670985221863,0.477152394106814,1786400312.8201454
6,8463,0.3345315158367157,0.4774712643678161,1786400312.9112701
6,8464,0.4353589117527008,0.4770431588613407,1786400313.0056357
6,8465,0.5010038614273071,0.4766162310866575,1786400313.0970092
6,8466,0.39259564876556396,0.47676282051282054,1786400313.1882367
6,8467,0.33212074637413025,0.4767946959304984,1786400313.2902937
6,8468,0.31283557415008545,0.4768835616438356,1786400313.382196
6,8469,0.5427056550979614,0.47674418604651164,1786400313.478159
6,8470,0.5605928301811218,0.4766051912568306,1786400313.5759819
6,8471,0.39111465215682983,0.4767507958162801,1786400313.6682656
6,8472,0.40420252084732056,0.4768392370572207,1786400313.7648695
6,8473,0.2581714987754822,0.4770975056689342,1786400313.8611188
6,8474,0.7308733463287354,0.47695878623188404,1786400313.9571195
6,8475,0.45731526613235474,0.47699004975124376,1786400314.04777
6,8476,0.43080639839172363,0.4770776874435411,1786400314.1426172
6,8477,0.5020530223846436,0.47733423545331527,1786400314.234375
6,8478,0.4148470163345337,0.47742117117117117,1786400314.328245
6,8479,0.38212230801582336,0.47745164192532613,1786400314.427257
6,8480,0.4569810926914215,0.47770664869721474,1786400314.5223327
6,8481,0.4084141254425049,0.4775684163301929,1786400314.6197052
6,8482,0.4595010578632355,0.4777105734767025,1786400314.7183223
6,8483,0.4805435538291931,0.4772371364653244,1786400314.8101509
6,8484,0.4446444809436798,0.47715594280607687,1786400314.9127243
6,8485,0.45331472158432007,0.47707496653279785,1786400315.0188687
6,8486,0.321575403213501,0.47721702317290554,1786400315.1104918
6,8487,0.4475565254688263,0.4773030707610147,1786400315.211985
6,8488,0.5212986469268799,0.47738888888888886,1786400315.3123226
6,8489,0.5601980686187744,0.4770306258322237,1786400315.402856
6,8490,0.40127357840538025,0.4770057624113475,1786400315.4944525
6,8491,0.40054163336753845,0.4767042939353696,1786400315.5854702
6,8492,0.3899719715118408,0.47695623342175064,1786400315.688906
6,8493,0.3977825939655304,0.4768763796909492,1786400315.7781885
6,8494,0.34353938698768616,0.47663139329806,1786400315.8700795
6,8495,0.49068117141723633,0.4766072214883311,1786400315.9620314
6,8496,0.5270695686340332,0.47630826737027265,1786400316.052562
6,8497,0.30654507875442505,0.47644927536231885,1786400316.1526268
6,8498,0.3772927522659302,0.4761513157894737,1786400316.2550828
6,8499,0.4616270065307617,0.47623740692071836,1786400316.3550017
6,8500,0.3966562747955322,0.47599518810148733,1786400316.4526863
6,8501,0.46928808093070984,0.47575360419397117,1786400316.5427265
6,8502,0.4376424252986908,0.47540357766143104,1786400316.6343312
6,8503,0.37536221742630005,0.47549019607843135,1786400316.7274446
6,8504,0.3225530982017517,0.475032637075718,1786400316.8224385
6,8505,0.38844987750053406,0.47484789222077356,1786400316.9149668
6,8506,0.47907400131225586,0.4748263888888889,1786400317.011941
6,8507,0.7508301138877869,0.47453402687472906,1786400317.1136248
6,8508,0.7726001739501953,0.4744047619047619,1786400317.204419
6,8509,0.42205095291137695,0.4746000864677907,1786400317.3057404
6,8510,0.5488637089729309,0.47463298791019,1786400317.4033923
6,8511,0.28298020362854004,0.4743423889607589,1786400317.4935675
6,8512,0.4447997510433197,0.4744293712316968,1786400317.583101
6,8513,0.35268667340278625,0.47456989247311826,1786400317.6724894
6,8514,0.5175087451934814,0.4744415807560137,1786400317.7622378
6,8515,0.36552855372428894,0.47463534963534965,1786400317.8607419
6,8516,0.5217580199241638,0.4746143958868895,1786400317.9527082
6,8517,0.4604586064815521,0.47454000855798034,1786400318.0427182
6,8518,0.5747394561767578,0.47441239316239314,1786400318.1406064
6,8519,0.4912257194519043,0.47449850618864703,1786400318.242988
6,8520,0.39596766233444214,0.4745311167945439,1786400318.3361728
6,8521,0.44102373719215393,0.47424435930183056,1786400318.4354043
6,8522,0.43087053298950195,0.4742240646258503,1786400318.5265553
6,8523,0.35248270630836487,0.47420382165605096,1786400318.617814
6,8524,0.43034085631370544,0.4738655640373198,1786400318.7171664
6,8525,0.40263989567756653,0.47347522236340533,1786400318.8217878
6,8526,0.46306943893432617,0.47303299492385786,1786400318.913023
6,8527,0.4120909571647644,0.4730671736375158,1786400319.0031
6,8528,0.34205538034439087,0.47304852320675106,1786400319.0955367
6,8529,0.4363853335380554,0.4730299199325748,1786400319.1894438
6,8530,0.3124542236328125,0.47316919191919193,1786400319.2825174
6,8531,0.33929815888404846,0.47325556956704495,1786400319.3741674
6,8532,0.3797633647918701,0.4733417296389589,1786400319.4645233
6,8533,0.35400113463401794,0.4730083857442348,1786400319.55541
6,8534,0.4222015142440796,0.4729899497487437,1786400319.6454916
6,8535,0.5294607877731323,0.47286700125470515,1786400319.7379653
6,8536,0.39191973209381104,0.4728487886382623,1786400319.8302817
6,8537,0.26378491520881653,0.47314351272423866,1786400319.9211087
6,8538,0.4258287847042084,0.4730729166666667,1786400320.0138996
6,8539,0.32641661167144775,0.4734186433624636,1786400320.1081536
6,8540,0.5101943016052246,0.4735037406483791,1786400320.1993191
6,8541,0.35530635714530945,0.47358862598588625,1786400320.28974
6,8542,0.31714731454849243,0.47372512437810943,1786400320.3908558
6,8543,0.46868470311164856,0.4736542443064182,1786400320.4806688
6,8544,0.6523576378822327,0.4735835401157982,1786400320.5724134
6,8545,0.4229262173175812,0.4733064849235853,1786400320.6629527
6,8546,0.39099034667015076,0.4734426567656766,1786400320.7553573
6,8547,0.3599993884563446,0.473114956736712,1786400320.857038
6,8548,0.4457778036594391,0.4727366255144033,1786400320.94935
6,8549,0.3795449733734131,0.47292437320180847,1786400321.0425825
6,8550,0.3658924698829651,0.47300903119868637,1786400321.1321895
6,8551,0.39698129892349243,0.47309348093480935,1786400321.223959
6,8552,0.622255265712738,0.4731265356265356,1786400321.3226192
6,8553,0.5158738493919373,0.47310838445807774,1786400321.4149992
6,8554,0.36689093708992004,0.4730902777777778,1786400321.5037148
6,8555,0.470481812953949,0.47327621379028967,1786400321.6048284
6,8556,0.4095616042613983,0.47320700896495516,1786400321.7039793
6,8557,0.4259537160396576,0.4732905982905983,1786400321.804741
6,8558,0.285556823015213,0.47291666666666665,1786400321.910108
6,8559,0.4537543058395386,0.47305115712545676,1786400322.0010026
6,8560,0.35483986139297485,0.47303325223033255,1786400322.0921843
6,8561,0.5087981224060059,0.473167274200081,1786400322.184873
6,8562,0.3850628137588501,0.47325040453074435,1786400322.2744706
6,8563,0.41908562183380127,0.472979797979798,1786400322.3663335
6,8564,0.3923726975917816,0.47296206618240516,1786400322.464194
6,8565,0.49032455682754517,0.4729947601773478,1786400322.5555463
6,8566,0.3034587800502777,0.4731280193236715,1786400322.6451952
6,8567,0.7145839333534241,0.47305991154000804,1786400322.736641
6,8568,0.22702299058437347,0.4733433734939759,1786400322.8281887
6,8569,0.6580075025558472,0.4731748896911352,1786400322.9203038
6,8570,0.637099027633667,0.47315705128205127,1786400323.0112815
6,8571,0.5522984266281128,0.47313925570228094,1786400323.1144903
6,8572,0.5495542287826538,0.4731714628297362,1786400323.2072113
6,8573,0.34755510091781616,0.47335329341317367,1786400323.3001661
6,8574,0.39770227670669556,0.4734848484848485,1786400323.3930502
6,8575,0.3270277976989746,0.47346674631620866,1786400323.4855065
6,8576,0.35773754119873047,0.4735481304693715,1786400323.5741382
6,8577,0.358658105134964,0.47372864521255464,1786400323.6654153
6,8578,0.2911487817764282,0.4734126984126984,1786400323.7646666
6,8579,0.35020220279693604,0.47369203329369797,1786400323.8639433
6,8580,0.39401018619537354,0.47332739509105304,1786400323.9565954
6,8581,0.4830501079559326,0.4733590351917754,1786400324.0618947
6,8582,0.438609778881073,0.47339060031595576,1786400324.1573844
6,8583,0.38405728340148926,0.4729783037475345,1786400324.2485147
6,8584,0.2971456050872803,0.4730594956658786,1786400324.3376741
6,8585,0.39239951968193054,0.47264856355765444,1786400324.4295309
6,8586,0.36133185029029846,0.4724842767295597,1786400324.5204003
6,8587,0.6935654878616333,0.47241853160581077,1786400324.612497
6,8588,0.6281787157058716,0.47230392156862744,1786400324.7046688
6,8589,0.323683500289917,0.47248335291813554,1786400324.802911
6,8590,0.49134302139282227,0.47251564945226915,1786400324.8924537
6,8591,0.34901002049446106,0.47215709261430244,1786400324.986508
6,8592,0.6422464847564697,0.4719457455113193,1786400325.0771456
6,8593,0.41664478182792664,0.4720272904483431,1786400325.166407
6,8594,0.3862203061580658,0.47201129283489096,1786400325.2622945
6,8595,0.3339952230453491,0.47214119019836637,1786400325.3582578
6,8596,0.3739352226257324,0.47183372183372185,1786400325.4478323
6,8597,0.46544158458709717,0.47167248738843615,1786400325.5397747
6,8598,0.5040376782417297,0.47141472868217055,1786400325.6292403
6,8599,0.27574971318244934,0.47168989547038326,1786400325.7197185
6,8600,0.45928436517715454,0.47143271461716935,1786400325.8108745
6,8601,0.47633084654808044,0.4712244109694863,1786400325.9039738
6,8602,0.3890594244003296,0.4713541666666667,1786400325.9943583
6,8603,0.38085243105888367,0.47109826589595377,1786400326.0847585
6,8604,0.44111305475234985,0.47113163972286376,1786400326.175324
6,8605,0.39110612869262695,0.4714052287581699,1786400326.2648118
6,8606,0.46424996852874756,0.47110215053763443,1786400326.3554523
6,8607,0.4407591223716736,0.47127924817798234,1786400326.4440217
6,8608,0.5905351638793945,0.47121647509578546,1786400326.5344195
6,8609,0.2954464852809906,0.47091465748182165,1786400326.632168
6,8610,0.35625842213630676,0.4709480122324159,1786400326.7224743
6,8611,0.5003675222396851,0.47121993127147765,1786400326.8193617
6,8612,0.5986944437026978,0.4712528604118993,1786400326.909077
6,8613,0.3449135422706604,0.471,1786400327.0087368
6,8614,0.553526759147644,0.4709855403348554,1786400327.1009712
6,8615,0.5393584370613098,0.4709711136450019,1786400327.1907277
6,8616,0.4052775502204895,0.4710990888382688,1786400327.2794254
6,8617,0.28643113374710083,0.47084755403868034,1786400327.3706777
6,8618,0.35160166025161743,0.4709280303030303,1786400327.4668143
6,8619,0.3736759126186371,0.47048808172531215,1786400327.561543
6,8620,0.3377796411514282,0.4707105064247921,1786400327.6609287
6,8621,0.492310106754303,0.47074367685919216,1786400327.752828
6,8622,0.43043822050094604,0.4704468325791855,1786400327.8516223
6,8623,0.33054232597351074,0.47062146892655365,1786400327.9500034
6,8624,0.7076283693313599,0.47060759969902183,1786400328.0397034
6,8625,0.6457980871200562,0.47021796317173997,1786400328.1347947
6,8626,0.28030163049697876,0.47034534534534533,1786400328.2232773
6,8627,0.5384729504585266,0.4700974878140233,1786400328.3145576
6,8628,0.40772169828414917,0.47027153558052437,1786400328.4025111
6,8629,0.3132603168487549,0.4700243172465395,1786400328.4920557
6,8630,0.33124038577079773,0.4701046337817638,1786400328.5906138
6,8631,0.37039121985435486,0.4702780888391191,1786400328.6805317
6,8632,0.37385931611061096,0.4704045488441462,1786400328.7741935
6,8633,0.2680470049381256,0.47067039106145253,1786400328.871098
6,8634,0.4799743890762329,0.47074962797619047,1786400328.9631119
6,8635,0.40409108996391296,0.4708751393534002,1786400329.0588236
6,8636,0.5176122784614563,0.47058277654046027,1786400329.150295
6,8637,0.6015337705612183,0.4707545420837968,1786400329.2394314
6,8638,0.4773796796798706,0.47055555555555556,1786400329.3297758
6,8639,0.3579472303390503,0.4704957454679985,1786400329.4232411
6,8640,0.5200596451759338,0.47057464892830747,1786400329.5123634
6,8641,0.3673914968967438,0.47051495016611294,1786400329.6121383
6,8642,0.2928747236728668,0.4707319321533923,1786400329.700897
6,8643,0.3662489652633667,0.4705801104972376,1786400329.7921793
6,8644,0.30499598383903503,0.47084253127299486,1786400329.8907614
6,8645,0.2822769582271576,0.47092061742006613,1786400329.979921
6,8646,0.4680172801017761,0.4705396475770925,1786400330.0700836
6,8647,0.3265511989593506,0.47066373303997067,1786400330.160502
6,8648,0.3145005702972412,0.4706959706959707,1786400330.250211
6,8649,0.3420458436012268,0.47091108671789245,1786400330.3401656
6,8650,0.36708807945251465,0.47112573099415206,1786400330.4299264
6,8651,0.2933977544307709,0.47133990507484486,1786400330.517912
6,8652,0.30803242325782776,0.4711433260393873,1786400330.610171
6,8653,0.39572083950042725,0.47122040072859744,1786400330.7087655
6,8654,0.37885814905166626,0.47129730713246,1786400330.8023446
6,8655,0.3643619418144226,0.4715103598691385,1786400330.9024696
6,8656,0.59678053855896,0.4714960058097313,1786400330.997125
6,8657,0.5104155540466309,0.47148168298875587,1786400331.0870066
6,8658,0.5381251573562622,0.4716485507246377,1786400331.1771574
6,8659,0.5381630659103394,0.4715436120159247,1786400331.2677705
6,8660,0.31306585669517517,0.4717100506146059,1786400331.3667715
6,8661,0.3706487715244293,0.47192127121704586,1786400331.461448
6,8662,0.4266470670700073,0.4714556277056277,1786400331.5513964
6,8663,0.286507785320282,0.4711711711711712,1786400331.642694
6,8664,0.3785361647605896,0.4713372930165587,1786400331.7328637
6,8665,0.4121916890144348,0.4714581085940309,1786400331.8231857
6,8666,0.5929131507873535,0.47130926724137934,1786400331.9134967
6,8667,0.359212189912796,0.4714747039827772,1786400332.012793
6,8668,0.43679365515708923,0.471505376344086,1786400332.115693
6,8669,0.36518359184265137,0.47162549230218404,1786400332.2048135
6,8670,0.29895174503326416,0.4718794706723891,1786400332.2950082
6,8671,0.5551751852035522,0.47186495176848875,1786400332.394412
6,8672,0.5793504118919373,0.47185046395431834,1786400332.4836013
6,8673,0.2590388059616089,0.47188057040998216,1786400332.573659
6,8674,0.6416952013969421,0.4716880341880342,1786400332.6720524
6,8675,0.3212272524833679,0.4718071860547848,1786400332.7620156
6,8676,0.40208813548088074,0.4714818763326226,1786400332.8514426
6,8677,0.39718446135520935,0.47111288604898827,1786400332.941028
6,8678,0.5389326214790344,0.4710106382978723,1786400333.0412652
6,8679,0.5587388277053833,0.47095288699964577,1786400333.130671
6,8680,0.43207070231437683,0.47093949044585987,1786400333.2251654
6,8681,0.45087072253227234,0.47088193708024034,1786400333.3177645
6,8682,0.46986132860183716,0.4709569209039548,1786400333.4077437
6,8683,0.3243210017681122,0.4711199294532628,1786400333.496939
6,8684,0.3289640247821808,0.471238548273432,1786400333.5868826
6,8685,0.36200982332229614,0.47131291798662445,1786400333.6772244
6,8686,0.3799615204334259,0.47138713080168776,1786400333.7668276
6,8687,0.5240972638130188,0.4710660344221988,1786400333.8665125
6,8688,0.49881112575531006,0.47096491228070175,1786400333.956056
6,8689,0.3389228880405426,0.47130213810024535,1786400334.0567808
6,8690,0.3125457763671875,0.47133228291316526,1786400334.1493921
6,8691,0.4562366008758545,0.47110003497726477,1786400334.2407012
6,8692,0.49384739995002747,0.47117400419287214,1786400334.3323405
6,8693,0.4761277139186859,0.4711605584642234,1786400334.4233742
6,8694,0.3176029324531555,0.4709728033472803,1786400334.5240545
6,8695,0.36586275696754456,0.47065482410309994,1786400334.6247566
6,8696,0.4022789001464844,0.4706419624217119,1786400334.7133408
6,8697,0.25497522950172424,0.4710636079249218,1786400334.8023229
6,8698,0.27639368176460266,0.47065972222222224,1786400334.8999467
6,8699,0.4213882386684418,0.47073361082206033,1786400334.988172
6,8700,0.3468865752220154,0.4708939708939709,1786400335.0821855
6,8701,0.4035030007362366,0.4709674627898927,1786400335.1706023
6,8702,0.40272966027259827,0.4709975795297372,1786400335.258541
6,8703,0.4727165699005127,0.4711571675302245,1786400335.3470986
6,8704,0.506183922290802,0.4711438923395445,1786400335.4371805
6,8705,0.3582453429698944,0.4713891761461565,1786400335.5257137
6,8706,0.32706207036972046,0.47146177685950413,1786400335.613094
6,8707,0.3870517611503601,0.4717062263501892,1786400335.7012854
6,8708,0.2896398603916168,0.47143470790378006,1786400335.7910526
6,8709,0.2539155185222626,0.47163577068314455,1786400335.8789358
6,8710,0.43003177642822266,0.47170781893004116,1786400335.9674478
6,8711,0.32595008611679077,0.47173689619732784,1786400336.055331
6,8712,0.602085530757904,0.47138090349075973,1786400336.1433482
6,8713,0.3757167160511017,0.4714957264957265,1786400336.2322137
6,8714,0.40760746598243713,0.47122609289617484,1786400336.322471
6,8715,0.2701086103916168,0.470957011258956,1786400336.410586
6,8716,0.34523218870162964,0.47094410361281525,1786400336.498483
6,8717,0.2744256556034088,0.47127170582226763,1786400336.5862343
6,8718,0.25270402431488037,0.4715561224489796,1786400336.6751013
6,8719,0.37458908557891846,0.4717125382262997,1786400336.7629993
6,8720,0.3530166447162628,0.4713594704684318,1786400336.8515546
6,8721,0.3828956186771393,0.47155815530688366,1786400336.9399421
7,8722,0.3710707128047943,0.5,1786400343.6333437
7,8723,0.452871173620224,0.5,1786400343.7303042
7,8724,0.24384745955467224,0.5416666666666666,1786400343.832097
7,8725,0.3674358129501343,0.5520833333333334,1786400343.934107
7,8726,0.4415035545825958,0.55,1786400344.035441
7,8727,0.40611571073532104,0.5486111111111112,1786400344.1561995
7,8728,0.41792380809783936,0.5535714285714286,1786400344.2679894
7,8729,0.3812464475631714,0.546875,1786400344.3609152
7,8730,0.36104699969291687,0.5509259259259259,1786400344.4539194
7,8731,0.3705785274505615,0.5583333333333333,1786400344.5494568
7,8732,0.41662028431892395,0.5454545454545454,1786400344.6529121
7,8733,0.43964579701423645,0.5416666666666666,1786400344.746924
7,8734,0.4830579459667206,0.5096153846153846,1786400344.8366153
7,8735,0.3144088089466095,0.5119047619047619,1786400344.9268363
7,8736,0.327665239572525,0.5222222222222223,1786400345.0256364
7,8737,0.3980673551559448,0.53125,1786400345.116401
7,8738,0.2893911600112915,0.5392156862745098,1786400345.2060966
7,8739,0.4201388657093048,0.5370370370370371,1786400345.298694
7,8740,0.5676409006118774,0.5241228070175439,1786400345.388921
7,8741,0.3803366422653198,0.5291666666666667,1786400345.4779298
7,8742,0.3676552176475525,0.5119047619047619,1786400345.5679088
7,8743,0.32147926092147827,0.5227272727272727,1786400345.6568556
7,8744,0.34889623522758484,0.5253623188405797,1786400345.7476563
7,8745,0.5017731189727783,0.5190972222222222,1786400345.8388495
7,8746,0.621128261089325,0.52,1786400345.9295473
7,8747,0.31784844398498535,0.5256410256410257,1786400346.0204127
7,8748,0.6521161794662476,0.5169753086419753,1786400346.1124818
7,8749,0.40334299206733704,0.5014880952380952,1786400346.20295
7,8750,0.27436041831970215,0.507183908045977,1786400346.2918737
7,8751,0.4957757890224457,0.5055555555555555,1786400346.3808458
7,8752,0.33820784091949463,0.5026881720430108,1786400346.4708288
7,8753,0.4931443929672241,0.4986979166666667,1786400346.5669172
7,8754,0.6619795560836792,0.49242424242424243,1786400346.666875
7,8755,0.5111884474754333,0.48284313725490197,1786400346.7617042
7,8756,0.4626748263835907,0.4845238095238095,1786400346.860926
7,8757,0.6398448348045349,0.48032407407407407,1786400346.9520845
7,8758,0.3818649649620056,0.48423423423423423,1786400347.043282
7,8759,0.5529020428657532,0.4758771929824561,1786400347.1323986
7,8760,0.43878012895584106,0.4754273504273504,1786400347.2224405
7,8761,0.44777023792266846,0.471875,1786400347.3227782
7,8762,0.37494295835494995,0.4695121951219512,1786400347.4196482
7,8763,0.3431140184402466,0.47619047619047616,1786400347.508593
7,8764,0.48812317848205566,0.47674418604651164,1786400347.6100686
7,8765,0.24017147719860077,0.48295454545454547,1786400347.699913
7,8766,0.43501031398773193,0.4842592592592593,1786400347.7919316
7,8767,0.41854095458984375,0.48641304347826086,1786400347.895584
7,8768,0.5013214945793152,0.4778368794326241,1786400347.9945354
7,8769,0.32695820927619934,0.4817708333333333,1786400348.0840435
7,8770,0.38951507210731506,0.483843537414966,1786400348.1734228
7,8771,0.40581822395324707,0.4841666666666667,1786400348.269009
7,8772,0.3184880316257477,0.4803921568627451,1786400348.3588753
7,8773,0.38385000824928284,0.4831730769230769,1786400348.4504232
7,8774,0.6105673313140869,0.47955974842767296,1786400348.5410156
7,8775,0.30334287881851196,0.47453703703703703,1786400348.630145
7,8776,0.3956332206726074,0.475,1786400348.721262
7,8777,0.4285360276699066,0.47544642857142855,1786400348.8236604
7,8778,0.4797619581222534,0.4766081871345029,1786400348.9150903
7,8779,0.39953944087028503,0.47988505747126436,1786400349.0134325
7,8780,0.36381515860557556,0.4788135593220339,1786400349.1233468
7,8781,0.5679641962051392,0.4791666666666667,1786400349.2117474
7,8782,0.6414082050323486,0.47472677595628415,1786400349.3032465
7,8783,0.3956422209739685,0.47513440860215056,1786400349.391659
7,8784,0.2964878976345062,0.47156084656084657,1786400349.481324
7,8785,0.3324454426765442,0.4661458333333333,1786400349.5715435
7,8786,0.5002208948135376,0.4666666666666667,1786400349.6723127
7,8787,0.33126410841941833,0.4633838383838384,1786400349.7634578
7,8788,0.42724788188934326,0.458955223880597,1786400349.8557303
7,8789,0.3691460192203522,0.46017156862745096,1786400349.9465363
7,8790,0.6137838363647461,0.4601449275362319,1786400350.0368814
7,8791,0.45300549268722534,0.45595238095238094,1786400350.1274035
7,8792,0.345803439617157,0.460093896713615,1786400350.2171023
7,8793,0.3766193389892578,0.46122685185185186,1786400350.3173194
7,8794,0.38901257514953613,0.4617579908675799,1786400350.4197767
7,8795,0.308059424161911,0.4650900900900901,1786400350.511246
7,8796,0.507037341594696,0.46166666666666667,1786400350.6008453
7,8797,0.3711559474468231,0.4588815789473684,1786400350.694094
7,8798,0.3297407329082489,0.4615800865800866,1786400350.7854202
7,8799,0.3606102168560028,0.4620726495726496,1786400350.8761408
7,8800,0.46846267580986023,0.45938818565400846,1786400350.9679554
7,8801,0.33852484822273254,0.46041666666666664,1786400351.0570753
7,8802,0.4708709120750427,0.4573045267489712,1786400351.147546
7,8803,0.49548694491386414,0.4563008130081301,1786400351.2442932
7,8804,0.5332318544387817,0.4563253012048193,1786400351.3342533
7,8805,0.4301435947418213,0.4558531746031746,1786400351.4250424
7,8806,0.4792407155036926,0.4583333333333333,1786400351.5146086
7,8807,0.4799344837665558,0.4588178294573643,1786400351.604622
7,8808,0.468999981880188,0.4592911877394636,1786400351.6953127
7,8809,0.45517903566360474,0.4588068181818182,1786400351.7970932
7,8810,0.31178849935531616,0.4606741573033708,1786400351.8945742
7,8811,0.5562742948532104,0.45925925925925926,1786400351.9847767
7,8812,0.3293913006782532,0.4606227106227106,1786400352.0817256
7,8813,0.2872113585472107,0.46467391304347827,1786400352.1728647
7,8814,0.5695862174034119,0.46415770609318996,1786400352.2696111
7,8815,0.43230342864990234,0.4645390070921986,1786400352.3586085
7,8816,0.61396324634552,0.46271929824561403,1786400352.4573352
7,8817,0.35571402311325073,0.4644097222222222,1786400352.5531974
7,8818,0.4726100564002991,0.4630584192439863,1786400352.6531522
7,8819,0.39504340291023254,0.4651360544217687,1786400352.743491
7,8820,0.2503398358821869,0.46675084175084175,1786400352.8333724
7,8821,0.29159921407699585,0.4691666666666667,1786400352.9325821
7,8822,0.38065305352211,0.47112211221122113,1786400353.0226212
7,8823,0.5632085204124451,0.4730392156862745,1786400353.1165674
7,8824,0.4287709593772888,0.47249190938511326,1786400353.2153368
7,8825,0.3587743937969208,0.47315705128205127,1786400353.3048518
7,8826,0.37688887119293213,0.475,1786400353.3940368
7,8827,0.34017884731292725,0.4744496855345912,1786400353.4957106
7,8828,0.4951351284980774,0.47546728971962615,1786400353.584057
7,8829,0.5303637981414795,0.4756944444444444,1786400353.6867023
7,8830,0.42285534739494324,0.4766819571865443,1786400353.7899694
7,8831,0.5505801439285278,0.4772727272727273,1786400353.883494
7,8832,0.5861132740974426,0.4767267267267267,1786400353.973046
7,8833,0.35523152351379395,0.47767857142857145,1786400354.0640118
7,8834,0.63722825050354,0.47640117994100295,1786400354.1525855
7,8835,0.47397875785827637,0.47733918128654973,1786400354.2410703
7,8836,0.438549667596817,0.4771739130434783,1786400354.3312247
7,8837,0.4082110524177551,0.47737068965517243,1786400354.4203966
7,8838,0.48140978813171387,0.4779202279202279,1786400354.5103037
7,8839,0.33621659874916077,0.480225988700565,1786400354.6022158
7,8840,0.44236278533935547,0.4800420168067227,1786400354.7008538
7,8841,0.3853386640548706,0.48020833333333335,1786400354.7921329
7,8842,0.3821188509464264,0.48037190082644626,1786400354.8816712
7,8843,0.5941101312637329,0.47882513661202186,1786400354.9740596
7,8844,0.46243202686309814,0.47628726287262874,1786400355.071602
7,8845,0.3340405225753784,0.47614247311827956,1786400355.1614432
7,8846,0.2613959312438965,0.4766666666666667,1786400355.263723
7,8847,0.3637292683124542,0.47354497354497355,1786400355.3535209
7,8848,0.5147781372070312,0.4744094488188976,1786400355.4433765
7,8849,0.33669671416282654,0.4752604166666667,1786400355.542463
7,8850,0.357737272977829,0.47642118863049093,1786400355.6314292
7,8851,0.3821467459201813,0.47467948717948716,1786400355.7213926
7,8852,0.3678516149520874,0.4761450381679389,1786400355.8127167
7,8853,0.37775614857673645,0.4756944444444444,1786400355.9028227
7,8854,0.8193211555480957,0.47399749373433586,1786400355.9954395
7,8855,0.43014997243881226,0.4717039800995025,1786400356.086634
7,8856,0.5119884014129639,0.4722222222222222,1786400356.1856308
7,8857,0.3392106592655182,0.4730392156862745,1786400356.2849247
7,8858,0.391998291015625,0.4732360097323601,1786400356.374078
7,8859,0.3998783826828003,0.473731884057971,1786400356.4650517
7,8860,0.35544824600219727,0.4739208633093525,1786400356.553397
7,8861,0.4669106602668762,0.475,1786400356.6472821
7,8862,0.2946326434612274,0.47576832151300236,1786400356.7360713
7,8863,0.7402257323265076,0.4753521126760563,1786400356.8370156
7,8864,0.5197799801826477,0.4766899766899767,1786400356.9353857
7,8865,0.45187535881996155,0.4774305555555556,1786400357.0260909
7,8866,0.6018022298812866,0.47701149425287354,1786400357.1281214
7,8867,0.39347735047340393,0.4774543378995434,1786400357.218758
7,8868,0.2838868796825409,0.4793083900226757,1786400357.3080704
7,8869,0.3806449770927429,0.47944819819819817,1786400357.4065704
7,8870,0.24202457070350647,0.48070469798657717,1786400357.4966471
7,8871,0.3291661739349365,0.4811111111111111,1786400357.5847003
7,8872,0.5846542716026306,0.47902869757174393,1786400357.6805835
7,8873,0.2649271786212921,0.48026315789473684,1786400357.7792456
7,8874,0.38830506801605225,0.480119825708061,1786400357.8689415
7,8875,0.37013447284698486,0.48133116883116883,1786400357.9578657
7,8876,0.407109797000885,0.482258064516129,1786400358.0472589
7,8877,0.5006307363510132,0.4829059829059829,1786400358.1479926
7,8878,0.4050543010234833,0.48089171974522293,1786400358.2403507
7,8879,0.3984910249710083,0.4802215189873418,1786400358.3303685
7,8880,0.2897762954235077,0.4779874213836478,1786400358.4282627
7,8881,0.38375744223594666,0.4786458333333333,1786400358.5228195
7,8882,0.36209794878959656,0.4798136645962733,1786400358.610916
7,8883,0.3903524875640869,0.48045267489711935,1786400358.7136524
7,8884,0.4066028296947479,0.4785276073619632,1786400358.8031068
7,8885,0.4552411437034607,0.4791666666666667,1786400358.8991923
7,8886,0.35273706912994385,0.47878787878787876,1786400358.9998205
7,8887,0.29697221517562866,0.4791666666666667,1786400359.089516
7,8888,0.35623064637184143,0.47954091816367267,1786400359.1788564
7,8889,0.28958943486213684,0.4774305555555556,1786400359.2784963
7,8890,0.4565506875514984,0.4775641025641026,1786400359.3776202
7,8891,0.36720699071884155,0.47794117647058826,1786400359.4670053
7,8892,0.4686201214790344,0.4775828460038986,1786400359.5550275
7,8893,0.29073047637939453,0.4784399224806202,1786400359.6450784
7,8894,0.3377596437931061,0.4773603082851638,1786400359.7410667
7,8895,0.394406259059906,0.4782088122605364,1786400359.8391244
7,8896,0.385192334651947,0.4773809523809524,1786400359.9306056
7,8897,0.3560177683830261,0.47798295454545453,1786400360.0245779
7,8898,0.36971840262413025,0.4788135593220339,1786400360.1215856
7,8899,0.34441614151000977,0.48010299625468167,1786400360.210163
7,8900,0.3310461938381195,0.48044692737430167,1786400360.300738
7,8901,0.4317716062068939,0.48055555555555557,1786400360.3924992
7,8902,0.5293816328048706,0.48089318600368325,1786400360.4814847
7,8903,0.3523874580860138,0.4791666666666667,1786400360.577016
7,8904,0.471602201461792,0.4783697632058288,1786400360.6731167
7,8905,0.38050031661987305,0.478713768115942,1786400360.7706842
7,8906,0.38612350821495056,0.47725225225225226,1786400360.8608303
7,8907,0.34836244583129883,0.4782706093189964,1786400360.9512548
7,8908,0.28520864248275757,0.47927807486631013,1786400361.046719
7,8909,0.4648173153400421,0.47761524822695034,1786400361.1384406
7,8910,0.48903608322143555,0.47707231040564374,1786400361.229438
7,8911,0.370754599571228,0.47543859649122805,1786400361.3216283
7,8912,0.594377875328064,0.474912739965096,1786400361.4195983
7,8913,0.4879503846168518,0.4752604166666667,1786400361.5124671
7,8914,0.48831290006637573,0.47538860103626945,1786400361.601771
7,8915,0.4342086911201477,0.47465635738831613,1786400361.7022843
7,8916,0.2766624093055725,0.4732905982905983,1786400361.7927585
7,8917,0.5062656402587891,0.47406462585034015,1786400361.8922482
7,8918,0.243597149848938,0.4750423011844332,1786400361.991918
7,8919,0.43329232931137085,0.47558922558922556,1786400362.0800583
7,8920,0.562262773513794,0.47445561139028475,1786400362.172374
7,8921,0.3105538487434387,0.475,1786400362.2623956
7,8922,0.3563300371170044,0.4761608623548922,1786400362.35695
7,8923,0.2971596121788025,0.4771039603960396,1786400362.4456377
7,8924,0.5096384882926941,0.4766009852216749,1786400362.5352113
7,8925,0.3488773703575134,0.47732843137254904,1786400362.630959
7,8926,0.5942407846450806,0.4758130081300813,1786400362.7307646
7,8927,0.354667067527771,0.47633495145631066,1786400362.828991
7,8928,0.4463593661785126,0.47665056360708535,1786400362.92031
7,8929,0.3737857937812805,0.476963141025641,1786400363.0169067
7,8930,0.30116698145866394,0.4768740031897927,1786400363.1053352
7,8931,0.41390860080718994,0.476984126984127,1786400363.1964433
7,8932,0.3118130564689636,0.4774881516587678,1786400363.2971616
7,8933,0.40396955609321594,0.47818396226415094,1786400363.3867218
7,8934,0.45526283979415894,0.47789514866979654,1786400363.4850526
7,8935,0.4925309419631958,0.477803738317757,1786400363.5731225
7,8936,0.3898981213569641,0.47848837209302325,1786400363.661951
7,8937,0.23869378864765167,0.4793595679012346,1786400363.7512097
7,8938,0.4304865002632141,0.47907066052227343,1786400363.841677
7,8939,0.36657705903053284,0.47993119266055045,1786400363.9303594
7,8940,0.6978673338890076,0.4786910197869102,1786400364.019523
7,8941,0.42552995681762695,0.4774621212121212,1786400364.1101806
7,8942,0.8053947687149048,0.4771870286576169,1786400364.2004554
7,8943,0.30036431550979614,0.47785285285285284,1786400364.3003557
7,8944,0.5513161420822144,0.4773916292974589,1786400364.3973892
7,8945,0.5176575183868408,0.47619047619047616,1786400364.489151
7,8946,0.3375028669834137,0.4774074074074074,1786400364.5807114
7,8947,0.4285760521888733,0.4771386430678466,1786400364.670098
7,8948,0.30205386877059937,0.4776064610866373,1786400364.7602274
7,8949,0.3720967471599579,0.4764254385964912,1786400364.8607235
7,8950,0.4493165612220764,0.47543668122270744,1786400364.9593375
7,8951,0.7331362366676331,0.475,1786400365.0487397
7,8952,0.3914424180984497,0.4758297258297258,1786400365.1472232
7,8953,0.5315343737602234,0.47683189655172414,1786400365.2366445
7,8954,0.4398617744445801,0.47532188841201717,1786400365.32903
7,8955,0.35030969977378845,0.47435897435897434,1786400365.4287636
7,8956,0.3765372037887573,0.474645390070922,1786400365.5282311
7,8957,0.2927398979663849,0.4754590395480226,1786400365.6178973
7,8958,0.3709755837917328,0.4760900140646976,1786400365.7132397
7,8959,0.30246904492378235,0.47724089635854344,1786400365.8021865
7,8960,0.3266313970088959,0.4778591352859135,1786400365.8904045
7,8961,0.6989012360572815,0.4777777777777778,1786400365.9905117
7,8962,0.4315723180770874,0.47717842323651455,1786400366.0808148
7,8963,0.338733047246933,0.4777892561983471,1786400366.1719189
7,8964,0.38911542296409607,0.4777091906721536,1786400366.2702157
7,8965,0.24252571165561676,0.47899590163934425,1786400366.3603382
7,8966,0.5420047044754028,0.4782312925170068,1786400366.4548047
7,8967,0.5268478393554688,0.4773035230352303,1786400366.543918
7,8968,0.43914082646369934,0.4772267206477733,1786400366.6408565
7,8969,0.5992953777313232,0.4771505376344086,1786400366.7314122
7,8970,0.39206817746162415,0.47724230254350736,1786400366.8308456
7,8971,0.38471755385398865,0.4771666666666667,1786400366.9196
7,8972,0.2688004970550537,0.47792164674634796,1786400367.0137765
7,8973,0.29803502559661865,0.478505291005291,1786400367.1068027
7,8974,0.36884817481040955,0.47891963109354413,1786400367.1969337
7,8975,0.6226252913475037,0.4775262467191601,1786400367.2861278
7,8976,0.35413652658462524,0.4777777777777778,1786400367.3810742
7,8977,0.3874814808368683,0.4783528645833333,1786400367.4817924
7,8978,0.27911126613616943,0.4787613488975357,1786400367.5825386
7,8979,0.3519971966743469,0.478843669250646,1786400367.6714082
7,8980,0.37229859828948975,0.4794079794079794,1786400367.7600117
7,8981,0.23050984740257263,0.48028846153846155,1786400367.8514268
7,8982,0.6461092829704285,0.47988505747126436,1786400367.9419565
7,8983,0.5193747282028198,0.4798027989821883,1786400368.0369785
7,8984,0.4776870906352997,0.47924588086185044,1786400368.136415
7,8985,0.6253130435943604,0.4786931818181818,1786400368.2293324
7,8986,0.3428340256214142,0.4789308176100629,1786400368.319911
7,8987,0.38026192784309387,0.47854010025062654,1786400368.4089856
7,8988,0.39503422379493713,0.4781523096129838,1786400368.5099556
7,8989,0.3333151340484619,0.478544776119403,1786400368.6051402
7,8990,0.40110543370246887,0.47831474597273854,1786400368.6982934
7,8991,0.39091193675994873,0.47824074074074074,1786400368.791229
7,8992,0.49909746646881104,0.47816728167281675,1786400368.8807974
7,8993,0.5216360688209534,0.47763480392156865,1786400368.981928
7,8994,0.2467186003923416,0.47710622710622713,1786400369.0761273
7,8995,0.2668932378292084,0.47825425790754256,1786400369.1647434
7,8996,0.4128572940826416,0.47863636363636364,1786400369.2618163
7,8997,0.3161696195602417,0.47931763285024154,1786400369.3506932
7,8998,0.5538365840911865,0.47833935018050544,1786400369.4413414
7,8999,0.3982340395450592,0.4787170263788969,1786400369.5314777
7,9000,0.3730047047138214,0.4787933094384707,1786400369.6214767
7,9001,0.33307087421417236,0.47886904761904764,1786400369.7199626
7,9002,0.47491133213043213,0.4790925266903915,1786400369.8150961
7,9003,0.46571263670921326,0.4782801418439716,1786400369.9064665
7,9004,0.6236252784729004,0.47747349823321555,1786400370.0074074
7,9005,0.4242859482765198,0.4760856807511737,1786400370.1051157
7,9006,0.3251349925994873,0.4763157894736842,1786400370.19393
7,9007,0.42344963550567627,0.47596153846153844,1786400370.2930236
7,9008,0.48177993297576904,0.47590011614401856,1786400370.3821375
7,9009,0.29102760553359985,0.47627314814814814,1786400370.4711246
7,9010,0.3245446979999542,0.47693194925028837,1786400370.5611181
7,9011,0.30057576298713684,0.4774425287356322,1786400370.659821
7,9012,0.39197978377342224,0.4778064146620848,1786400370.7495906
7,9013,0.4672583043575287,0.4770262557077626,1786400370.8510911
7,9014,0.3511147201061249,0.47767349260523323,1786400370.9486246
7,9015,0.3267956078052521,0.477891156462585,1786400371.0370946
7,9016,0.325358122587204,0.47796610169491527,1786400371.1336894
7,9017,0.28975018858909607,0.47874436936936937,1786400371.2217915
7,9018,0.576937735080719,0.4783950617283951,1786400371.320232
7,9019,0.43887126445770264,0.47762863534675615,1786400371.4238353
7,9020,0.31793850660324097,0.4785395763656633,1786400371.5134087
7,9021,0.6224339008331299,0.47833333333333333,1786400371.60366
7,9022,0.5982481241226196,0.47840531561461797,1786400371.6939647
7,9023,0.35976746678352356,0.47875275938189843,1786400371.794525
7,9024,0.37320834398269653,0.47786028602860287,1786400371.885238
7,9025,0.32280999422073364,0.4779331140350877,1786400371.97679
7,9026,0.2742597460746765,0.4781420765027322,1786400372.0750444
7,9027,0.6019759774208069,0.47739651416122003,1786400372.165174
7,9028,0.49383485317230225,0.4762486427795874,1786400372.2634895
7,9029,0.362222820520401,0.476461038961039,1786400372.353742
7,9030,0.37396755814552307,0.4754584681769148,1786400372.4453015
7,9031,0.40188708901405334,0.4759408602150538,1786400372.5336144
7,9032,0.43861836194992065,0.47642015005359056,1786400372.623957
7,9033,0.46109458804130554,0.47582799145299143,1786400372.714431
7,9034,0.3887273669242859,0.47617145899893504,1786400372.8092062
7,9035,0.3246268928050995,0.47664543524416136,1786400372.910326
7,9036,0.36204516887664795,0.47645502645502646,1786400373.011523
7,9037,0.4303279519081116,0.4769251054852321,1786400373.1016726
7,9038,0.3165329098701477,0.47712933753943215,1786400373.1911738
7,9039,0.4104692339897156,0.47707023060796644,1786400373.2848976
7,9040,0.622320830821991,0.47714211076280044,1786400373.3861196
7,9041,0.3801623582839966,0.47682291666666665,1786400373.4746416
7,9042,0.5165138840675354,0.47702492211838005,1786400373.5670602
7,9043,0.3309558928012848,0.4773550724637681,1786400373.656921
7,9044,0.44268104434013367,0.47665118679050567,1786400373.7482524
7,9045,0.436646968126297,0.47620884773662553,1786400373.8443763
7,9046,0.47986936569213867,0.4766666666666667,1786400373.9443226
7,9047,0.3106194734573364,0.47673824130879344,1786400374.0371404
7,9048,0.30833759903907776,0.47629969418960244,1786400374.126791
7,9049,0.2886241376399994,0.4767530487804878,1786400374.223329
7,9050,0.3025842607021332,0.4754305977710233,1786400374.3129175
7,9051,0.3571516275405884,0.4756313131313131,1786400374.4127214
7,9052,0.3681604564189911,0.47532729103726085,1786400374.5077903
7,9053,0.5103098154067993,0.4752761044176707,1786400374.6019297
7,9054,0.37796008586883545,0.4756006006006006,1786400374.6915479
7,9055,0.5473272800445557,0.4750499001996008,1786400374.782273
7,9056,0.4426085352897644,0.4752487562189055,1786400374.885241
7,9057,0.329119473695755,0.47544642857142855,1786400374.9786372
7,9058,0.4580485224723816,0.47440652818991097,1786400375.0771937
7,9059,0.6307740211486816,0.47485207100591714,1786400375.169251
7,9060,0.4559994041919708,0.4750491642084562,1786400375.2613435
7,9061,0.4820633828639984,0.4751225490196078,1786400375.3595448
7,9062,0.32258081436157227,0.4755620723362659,1786400375.4583032
7,9063,0.6801468133926392,0.47490253411306044,1786400375.5465333
7,9064,0.3046718239784241,0.4742468415937804,1786400375.6447413
7,9065,0.34877315163612366,0.4740794573643411,1786400375.7343142
7,9066,0.3256436884403229,0.4747584541062802,1786400375.827785
7,9067,0.5558999180793762,0.47447013487475914,1786400375.9268434
7,9068,0.34674325585365295,0.4749039385206532,1786400376.024119
7,9069,0.3374486267566681,0.47497605363984674,1786400376.1209517
7,9070,0.5186024904251099,0.47433142311365806,1786400376.2184248
7,9071,0.339946985244751,0.4745238095238095,1786400376.3084233
7,9072,0.42773038148880005,0.47447768281101615,1786400376.3974009
7,9073,0.3397172689437866,0.4747869318181818,1786400376.4934742
7,9074,0.41785016655921936,0.4752124645892351,1786400376.5902424
7,9075,0.39445245265960693,0.4749293785310734,1786400376.687453
7,9076,0.4633212387561798,0.4754694835680751,1786400376.7786963
7,9077,0.27846699953079224,0.47577247191011235,1786400376.869122
7,9078,0.4066298305988312,0.47630718954248363,1786400376.9699028
7,9079,0.3762272000312805,0.47660614525139666,1786400377.0628483
7,9080,0.3535689115524292,0.47701949860724235,1786400377.1646557
7,9081,0.4879126250743866,0.47638888888888886,1786400377.260052
7,9082,0.4961315989494324,0.47564635272391503,1786400377.3504167
7,9083,0.29365119338035583,0.474792817679558,1786400377.451755
7,9084,0.4197431206703186,0.47417355371900827,1786400377.5412505
7,9085,0.4415733218193054,0.4744734432234432,1786400377.6460927
7,9086,0.3619505763053894,0.4748858447488584,1786400377.7509084
7,9087,0.28170958161354065,0.47552367941712204,1786400377.8425212
7,9088,0.2969748079776764,0.4760445049954587,1786400377.9352767
7,9089,0.3599167466163635,0.47622282608695654,1786400378.0256088
7,9090,0.648985743522644,0.47549683830171635,1786400378.1283545
7,9091,0.4304009675979614,0.4757882882882883,1786400378.2249792
7,9092,0.6847716569900513,0.4754043126684636,1786400378.3209329
7,9093,0.337053507566452,0.4754704301075269,1786400378.4147325
7,9094,0.3696267604827881,0.47553619302949063,1786400378.510876
7,9095,0.27415338158607483,0.47604723707664887,1786400378.614012
7,9096,0.4650150537490845,0.4761111111111111,1786400378.7096348
7,9097,0.39954909682273865,0.47562056737588654,1786400378.8051646
7,9098,0.4703158438205719,0.47513262599469497,1786400378.9087803
7,9099,0.2857482135295868,0.4756393298059965,1786400379.0052998
7,9100,0.39345821738243103,0.4757036059806508,1786400379.116134
7,9101,0.3654806315898895,0.4762061403508772,1786400379.206037
7,9102,0.23524844646453857,0.4771434820647419,1786400379.29729
7,9103,0.5407614707946777,0.47643979057591623,1786400379.3992312
7,9104,0.29363054037094116,0.47704525674499565,1786400379.4901297
7,9105,0.4171485900878906,0.4765625,1786400379.5838633
7,9106,0.4248315095901489,0.47673160173160173,1786400379.6801295
7,9107,0.502298891544342,0.47700777202072536,1786400379.7707515
7,9108,0.5730327367782593,0.47642118863049093,1786400379.8662283
7,9109,0.360542893409729,0.47680412371134023,1786400379.9708652
7,9110,0.42734748125076294,0.47697086546700945,1786400380.061038
7,9111,0.5765354633331299,0.47713675213675216,1786400380.152565
7,9112,0.3591080605983734,0.4773017902813299,1786400380.2436419
7,9113,0.6342576146125793,0.4765093537414966,1786400380.3450606
7,9114,0.364646852016449,0.476039016115352,1786400380.4470973
7,9115,0.2934383749961853,0.47662859560067683,1786400380.5440037
7,9116,0.36523884534835815,0.4760548523206751,1786400380.6378798
7,9117,0.3021582365036011,0.4765361952861953,1786400380.7346165
7,9118,0.385883629322052,0.47691015952980687,1786400380.826026
7,9119,0.3480284810066223,0.47749162479061974,1786400380.9184806
7,9120,0.40298086404800415,0.47775689223057644,1786400381.0194087
7,9121,0.2530648112297058,0.478125,1786400381.1172178
7,9122,0.3303082287311554,0.47828345802161265,1786400381.2077813
7,9123,0.669115424156189,0.4779228855721393,1786400381.3120034
7,9124,0.49404966831207275,0.47777088502894954,1786400381.414875
7,9125,0.40243250131607056,0.47700082508250824,1786400381.508715
7,9126,0.44030341506004333,0.47685185185185186,1786400381.6071491
7,9127,0.42921438813209534,0.4768062397372742,1786400381.6973705
7,9128,0.3942359983921051,0.4771703521703522,1786400381.7872229
7,9129,0.4556483328342438,0.4772263071895425,1786400381.8884177
7,9130,0.39956778287887573,0.4773838630806846,1786400381.9872394
7,9131,0.5452864170074463,0.4774390243902439,1786400382.0866437
7,9132,0.4108353555202484,0.47779805352798055,1786400382.178497
7,9133,0.2882087230682373,0.47815533980582525,1786400382.27081
7,9134,0.31027671694755554,0.4773002421307506,1786400382.3621726
7,9135,0.3992222547531128,0.4773550724637681,1786400382.4609554
7,9136,0.5315389633178711,0.47670682730923697,1786400382.5641017
7,9137,0.41804322600364685,0.4772636217948718,1786400382.6636825
7,9138,0.2854633033275604,0.4765187849720224,1786400382.7555091
7,9139,0.2931734323501587,0.4758771929824561,1786400382.8567693
7,9140,0.3156816065311432,0.47613365155131265,1786400382.9456813
7,9141,0.542866587638855,0.47599206349206347,1786400383.0371149
7,9142,0.5752931833267212,0.4761480601741884,1786400383.1319938
7,9143,0.3343837559223175,0.47669826224328593,1786400383.2240922
7,9144,0.22990986704826355,0.477344365642238,1786400383.3156047
7,9145,0.5560193061828613,0.4773977987421384,1786400383.4089127
7,9146,0.5692282915115356,0.4772549019607843,1786400383.5051339
7,9147,0.4134180545806885,0.4775039123630673,1786400383.5952847
7,9148,0.3294735252857208,0.47784933645589384,1786400383.6857376
7,9149,0.2998552620410919,0.4783878504672897,1786400383.7776515
7,9150,0.4048598110675812,0.47834110334110336,1786400383.8680391
7,9151,0.33942514657974243,0.47848837209302325,1786400383.9584012
7,9152,0.5023747682571411,0.477861562258314,1786400384.049325
7,9153,0.4146786332130432,0.47791280864197533,1786400384.138159
7,9154,0.44373849034309387,0.4781562740569669,1786400384.2345607
7,9155,0.3512118458747864,0.4783026113671275,1786400384.3328168
7,9156,0.4194645583629608,0.478544061302682,1786400384.423577
7,9157,0.4890950918197632,0.478019877675841,1786400384.5137413
7,9158,0.6103408336639404,0.4770213577421815,1786400384.6193142
7,9159,0.38858774304389954,0.4762176560121766,1786400384.7094843
7,9160,0.5429317355155945,0.4762718299164768,1786400384.8043618
7,9161,0.4831066131591797,0.47632575757575757,1786400384.8956003
7,9162,0.6240602731704712,0.47590702947845803,1786400384.9869184
7,9163,0.3522702753543854,0.47596153846153844,1786400385.076868
7,9164,0.30484890937805176,0.47545146726862303,1786400385.169569
7,9165,0.3650110960006714,0.47531906906906907,1786400385.261474
7,9166,0.39428019523620605,0.4754681647940075,1786400385.3546634
7,9167,0.4439137578010559,0.47486920777279523,1786400385.4566815
7,9168,0.38917800784111023,0.47511185682326623,1786400385.5484009
7,9169,0.5216466188430786,0.47507440476190477,1786400385.6510987
7,9170,0.434921532869339,0.47429472902746844,1786400385.7510195
7,9171,0.46783068776130676,0.47425925925925927,1786400385.8424058
7,9172,0.5265683531761169,0.4745011086474501,1786400385.9376163
7,9173,0.4979636073112488,0.4742809734513274,1786400386.0297263
7,9174,0.2596341669559479,0.47452170713760117,1786400386.1295002
7,9175,0.39674296975135803,0.4747613803230543,1786400386.2220612
7,9176,0.4638861417770386,0.4745421245421245,1786400386.318561
7,9177,0.3480905592441559,0.4737755847953216,1786400386.4209034
7,9178,0.3052598536014557,0.47328592268417213,1786400386.5129068
7,9179,0.5872901678085327,0.47270742358078605,1786400386.6033611
7,9180,0.3742488622665405,0.47294843863471314,1786400386.705124
7,9181,0.31589406728744507,0.4732789855072464,1786400386.796759
7,9182,0.3682588040828705,0.4732465654374548,1786400386.8878155
7,9183,0.5092439651489258,0.4727633477633478,1786400386.988846
7,9184,0.35343077778816223,0.47309215262778975,1786400387.0797846
7,9185,0.43308553099632263,0.47216235632183906,1786400387.18215
7,9186,0.433586448431015,0.4721326164874552,1786400387.2728593
7,9187,0.4008594751358032,0.4722818311874106,1786400387.3696594
7,9188,0.26344698667526245,0.47287651677373305,1786400387.4677286
7,9189,0.3958357870578766,0.47311253561253563,1786400387.5566723
7,9190,0.4634436368942261,0.47334754797441364,1786400387.657742
7,9191,0.36891037225723267,0.4728723404255319,1786400387.748123
7,9192,0.5276005268096924,0.4725760792639774,1786400387.8420217
7,9193,0.3444873094558716,0.4727224576271186,1786400387.9327447
7,9194,0.3179090619087219,0.4728682170542636,1786400388.0349529
7,9195,0.38649266958236694,0.4729254571026723,1786400388.1452215
7,9196,0.2909125089645386,0.47333333333333333,1786400388.2372677
7,9197,0.43967464566230774,0.4734768907563025,1786400388.3353744
7,9198,0.2672627568244934,0.47292103424178894,1786400388.432362
7,9199,0.3601338863372803,0.47236750348675033,1786400388.5220995
7,9200,0.4883495569229126,0.4723382045929019,1786400388.6182318
7,9201,0.3528563976287842,0.47239583333333335,1786400388.7079175
7,9202,0.32848984003067017,0.4725398475398475,1786400388.8093734
7,9203,0.467204213142395,0.47216459197787,1786400388.9074473
7,9204,0.4385892152786255,0.4723084886128364,1786400389.007099
7,9205,0.43631571531295776,0.4721935261707989,1786400389.0984645
7,9206,0.4855797290802002,0.4718213058419244,1786400389.191557
7,9207,0.5171633362770081,0.4715363511659808,1786400389.2827256
7,9208,0.44251012802124023,0.4717659137577002,1786400389.3793433
7,9209,0.3829227089881897,0.4717383879781421,1786400389.4780838
7,9210,0.24886149168014526,0.4723926380368098,1786400389.574908
7,9211,0.34693554043769836,0.4726190476190476,1786400389.671669
7,9212,0.3946540653705597,0.47292939579090293,1786400389.763881
7,9213,0.37073785066604614,0.4733231707317073,1786400389.85488
7,9214,0.33579668402671814,0.47354631507775524,1786400389.9558008
7,9215,0.38846004009246826,0.47368421052631576,1786400390.0534232
7,9216,0.5651479363441467,0.4735690235690236,1786400390.1467607
7,9217,0.6573147177696228,0.47337029569892475,1786400390.2573266
7,9218,0.2882222831249237,0.47350771294433264,1786400390.3477736
7,9219,0.3845769762992859,0.47372824631860777,1786400390.4416606
7,9220,0.5556254386901855,0.4731128924515698,1786400390.53991
7,9221,0.46368029713630676,0.47291666666666665,1786400390.648252
7,9222,0.25318023562431335,0.4731370592149035,1786400390.739676
7,9223,0.3616109788417816,0.47343957503320055,1786400390.8308022
7,9224,0.5059563517570496,0.4732438701126574,1786400390.923855
7,9225,0.6110247373580933,0.4736276455026455,1786400391.0156362
7,9226,0.6102839112281799,0.4731848184818482,1786400391.1115243
7,9227,0.6021811366081238,0.4727437417654809,1786400391.2069566
7,9228,0.39382895827293396,0.47197567389875084,1786400391.300895
7,9229,0.6263014674186707,0.4717027559055118,1786400391.3921428
7,9230,0.3171483874320984,0.47102161100196466,1786400391.485919
7,9231,0.245372012257576,0.4702614379084967,1786400391.5785058
7,9232,0.36858677864074707,0.47048271363339855,1786400391.668743
7,9233,0.42389747500419617,0.4705403645833333,1786400391.7685184
7,9234,0.38085463643074036,0.47076023391812866,1786400391.867029
7,9235,0.5344630479812622,0.4710603112840467,1786400391.958443
7,9236,0.23426516354084015,0.4715210355987055,1786400392.0502436
7,9237,0.3568345308303833,0.47189922480620156,1786400392.140051
7,9238,0.3722079396247864,0.4723565441650548,1786400392.2410588
7,9239,0.46099579334259033,0.47184684684684686,1786400392.3335185
7,9240,0.39952853322029114,0.47214193962748874,1786400392.434842
7,9241,0.40375521779060364,0.4716346153846154,1786400392.538108
7,9242,0.38630279898643494,0.4720089571337172,1786400392.6365266
7,9243,0.4499610364437103,0.4713441890166028,1786400392.7278285
7,9244,0.28397446870803833,0.4716379859783301,1786400392.8182108
7,9245,0.4179203510284424,0.47161259541984735,1786400392.9160216
7,9246,0.5768102407455444,0.4716666666666667,1786400393.0068524
7,9247,0.5869070291519165,0.4710868187579214,1786400393.0988607
7,9248,0.38852250576019287,0.4712207463630613,1786400393.1934507
7,9249,0.3800358772277832,0.47166982323232326,1786400393.285062
7,9250,0.3042597770690918,0.47132955261499687,1786400393.3770378
7,9251,0.4955463707447052,0.47114779874213836,1786400393.4815798
7,9252,0.2983556091785431,0.4715160075329567,1786400393.5735314
7,9253,0.39508670568466187,0.4719611528822055,1786400393.671075
7,9254,0.4186299443244934,0.47209193245778613,1786400393.7737832
7,9255,0.3584293723106384,0.4722222222222222,1786400393.8638864
7,9256,0.49724531173706055,0.4717289719626168,1786400393.9659648
7,9257,0.45597535371780396,0.47217039800995025,1786400394.0552151
7,9258,0.3899591863155365,0.4723774053382992,1786400394.1606061
7,9259,0.29388609528541565,0.47273853779429986,1786400394.2553906
7,9260,0.29808732867240906,0.47294372294372294,1786400394.3466456
7,9261,0.2549535036087036,0.4735339506172839,1786400394.4371276
7,9262,0.3544415533542633,0.47358287122612447,1786400394.5332232
7,9263,0.38159307837486267,0.4734778597785978,1786400394.623465
7,9264,0.24231013655662537,0.4738336402701044,1786400394.7151065
7,9265,0.5232224464416504,0.4738817401960784,1786400394.8058121
7,9266,0.3790431022644043,0.47324159021406725,1786400394.8992465
7,9267,0.2651785910129547,0.473519536019536,1786400395.0003502
7,9268,0.34397992491722107,0.4737964655697745,1786400395.0982225
7,9269,0.5399035215377808,0.4737682481751825,1786400395.1924055
7,9270,0.3100949227809906,0.4741196114146934,1786400395.2904637
7,9271,0.4419664144515991,0.47424242424242424,1786400395.381402
7,9272,0.41263651847839355,0.47383545069570476,1786400395.4717836
7,9273,0.2992594838142395,0.4733544685990338,1786400395.5712972
7,9274,0.2704388499259949,0.47340265220012057,1786400395.6707191
7,9275,0.45201629400253296,0.473601083032491,1786400395.7614625
7,9276,0.3665914535522461,0.4737987987987988,1786400395.8516188
7,9277,0.35723409056663513,0.47369604316546765,1786400395.9486108
7,9278,0.3034440577030182,0.47381807301017353,1786400396.0437152
7,9279,0.38926106691360474,0.47386499402628435,1786400396.1401436
7,9280,0.35095685720443726,0.47353905784138345,1786400396.2382777
7,9281,0.6021518707275391,0.47373511904761906,1786400396.3288233
7,9282,0.4404146373271942,0.4734848484848485,1786400396.4183228
7,9283,0.5783423781394958,0.47293890865954924,1786400396.5094955
7,9284,0.43563565611839294,0.47291296625222023,1786400396.6106176
7,9285,0.3291217088699341,0.4728871158392435,1786400396.7022195
7,9286,0.4470278024673462,0.4731563421828909,1786400396.7935364
7,9287,0.29661405086517334,0.4734982332155477,1786400396.8862622
7,9288,0.36773452162742615,0.4737654320987654,1786400396.980566
7,9289,0.5037298202514648,0.4735915492957746,1786400397.0807798
7,9290,0.38815829157829285,0.47385764499121263,1786400397.1727636
7,9291,0.7285391092300415,0.4737573099415205,1786400397.2655692
7,9292,0.3701401352882385,0.4738762405137186,1786400397.3666663
7,9293,0.5360759496688843,0.4734848484848485,1786400397.458997
7,9294,0.43043550848960876,0.47280395578824896,1786400397.5609183
7,9295,0.49383363127708435,0.4729965156794425,1786400397.6608822
7,9296,0.31305035948753357,0.4732608695652174,1786400397.7530704
7,9297,0.31910955905914307,0.4734519675925926,1786400397.8458316
7,9298,0.37213900685310364,0.4734257654534951,1786400397.9383435
7,9299,0.3808252215385437,0.4736159169550173,1786400398.0284905
7,9300,0.48816680908203125,0.4735895221646517,1786400398.120584
7,9301,0.4551308751106262,0.47370689655172415,1786400398.223031
7,9302,0.5683445930480957,0.47332185886402756,1786400398.3143232
7,9303,0.326142817735672,0.47343928980526917,1786400398.4148169
7,9304,0.35577404499053955,0.4739136649514008,1786400398.5176275
7,9305,0.5165783762931824,0.4739583333333333,1786400398.6070514
7,9306,0.4100745618343353,0.4741452991452991,1786400398.7046328
7,9307,0.5407732129096985,0.47418941979522183,1786400398.7976098
7,9308,0.3597397804260254,0.4741624077228847,1786400398.887535
7,9309,0.28611841797828674,0.4745606575963719,1786400398.9800296
7,9310,0.36845192313194275,0.47474533106960953,1786400399.0812328
7,9311,0.4030835032463074,0.47478813559322036,1786400399.1858985
7,9312,0.4953739047050476,0.474478285391991,1786400399.2872162
7,9313,0.3041326403617859,0.4749436936936937,1786400399.385247
7,9314,0.5549718141555786,0.4751264755480607,1786400399.4738011
7,9315,0.3192451298236847,0.47551907968574636,1786400399.5632188
7,9316,0.3571294844150543,0.474859943977591,1786400399.6598778
7,9317,0.5088374018669128,0.47497203579418346,1786400399.7546666
7,9318,0.4001849591732025,0.4742462311557789,1786400399.8521361
7,9319,0.6808664798736572,0.4738015607580825,1786400399.9510086
7,9320,0.38721880316734314,0.47342793544796885,1786400400.0401444
7,9321,0.32749131321907043,0.4735416666666667,1786400400.129805
7,9322,0.30338671803474426,0.4737936772046589,1786400400.2349448
7,9323,0.47540029883384705,0.4733527131782946,1786400400.324772
7,9324,0.44507938623428345,0.4734660033167496,1786400400.4246156
7,9325,0.34050247073173523,0.47385485651214126,1786400400.51475
7,9326,0.3636384606361389,0.4740358126721763,1786400400.6045449
7,9327,0.4488147497177124,0.47421617161716173,1786400400.6950774
7,9328,0.25752800703048706,0.47460186710598573,1786400400.7849073
7,9329,0.3966454863548279,0.4740953947368421,1786400400.874842
7,9330,0.5481773614883423,0.47427476737821567,1786400400.9647422
7,9331,0.37509065866470337,0.47438524590163933,1786400401.0536928
7,9332,0.30961140990257263,0.4745635570103655,1786400401.1451735
7,9333,0.5497522354125977,0.47433278867102396,1786400401.2447248
7,9334,0.3864211440086365,0.47383088635127785,1786400401.3344696
7,9335,0.556677520275116,0.4739413680781759,1786400401.4347916
7,9336,0.3979839086532593,0.47405149051490514,1786400401.5235903
7,9337,0.3034133315086365,0.474025974025974,1786400401.6218317
7,9338,0.3976001441478729,0.4735278227984873,1786400401.7132208
7,9339,0.411762535572052,0.4736380798274002,1786400401.8022938
7,9340,0.37221190333366394,0.4737479806138934,1786400401.8977726
7,9341,0.4428948163986206,0.4735215053763441,1786400401.9880335
7,9342,0.4194667339324951,0.47363123993558776,1786400402.0832872
7,9343,0.43872642517089844,0.4734726688102894,1786400402.1753895
7,9344,0.2718551456928253,0.4731139646869984,1786400402.2747982
7,9345,0.31920838356018066,0.4733573717948718,1786400402.371794
7,9346,0.4101952016353607,0.47326666666666667,1786400402.4620655
7,9347,0.39877456426620483,0.47271033013844516,1786400402.550128
7,9348,0.3477897047996521,0.47282030834662414,1786400402.65019
7,9349,0.5209868550300598,0.47273089171974525,1786400402.7444816
7,9350,0.2710511386394501,0.47290673025967145,1786400402.8375916
7,9351,0.3432222902774811,0.4732142857142857,1786400402.9273527
7,9352,0.3637895882129669,0.4733888008452192,1786400403.0166337
7,9353,0.2873583436012268,0.47303533755274263,1786400403.1075418
7,9354,0.3779184818267822,0.47261716692996314,1786400403.202512
7,9355,0.41986095905303955,0.4722660357518402,1786400403.2935839
7,9356,0.5475939512252808,0.4723753280839895,1786400403.3873522
7,9357,0.3165617883205414,0.4726153039832285,1786400403.4798958
7,9358,0.38954856991767883,0.47259288330716903,1786400403.5744944
7,9359,0.48305773735046387,0.47217868338557994,1786400403.6739874
7,9360,0.5365701913833618,0.47196139801773607,1786400403.7641623
7,9361,0.31629836559295654,0.4720703125,1786400403.854512
7,9362,0.3083269000053406,0.4715938637545502,1786400403.951471
7,9363,0.310478150844574,0.47183281412253375,1786400404.040868
7,9364,0.396856427192688,0.47194142042509074,1786400404.1371367
7,9365,0.41832292079925537,0.47198498964803315,1786400404.2257736
7,9366,0.6901142597198486,0.47151162790697676,1786400404.3198054
7,9367,0.32256028056144714,0.47168472652218785,1786400404.417273
7,9368,0.35680273175239563,0.47134209170530655,1786400404.5082395
7,9369,0.4132702052593231,0.47151491769547327,1786400404.600532
7,9370,0.6830200552940369,0.4715588084232152,1786400404.6918764
7,9371,0.21332478523254395,0.47185897435897434,1786400404.7814398
7,9372,0.5654336214065552,0.47203020993343575,1786400404.8763463
7,9373,0.31829535961151123,0.471689672801636,1786400404.970968
7,9374,0.30271774530410767,0.4710949464012251,1786400405.0689068
7,9375,0.4487822651863098,0.4710117227319062,1786400405.1584074
7,9376,0.35225898027420044,0.47111959287531807,1786400405.246918
7,9377,0.5567954778671265,0.47090955284552843,1786400405.338068
7,9378,0.38282328844070435,0.47095383054287165,1786400405.435902
7,9379,0.524655282497406,0.47068135764944274,1786400405.5435727
7,9380,0.2974393665790558,0.47097875569044007,1786400405.6331282
7,9381,0.28644436597824097,0.4711489898989899,1786400405.7223337
7,9382,0.48732370138168335,0.4706253151790217,1786400405.8118222
7,9383,0.3137602210044861,0.47104733131923465,1786400405.908834
7,9384,0.24134714901447296,0.4716566113624937,1786400406.0079224
7,9385,0.45538341999053955,0.4715737951807229,1786400406.0987244
7,9386,0.34837067127227783,0.47174185463659146,1786400406.1928234
7,9387,0.28560829162597656,0.47122122122122123,1786400406.28163
7,9388,0.3691723644733429,0.4715767116441779,1786400406.3820715
7,9389,0.6727962493896484,0.47155688622754494,1786400406.472108
7,9390,0.36726900935173035,0.47159940209267565,1786400406.5620887
7,9391,0.39937689900398254,0.4710820895522388,1786400406.654152
7,9392,0.43652355670928955,0.4715598609041232,1786400406.7452073
7,9393,0.3692483603954315,0.4712921626984127,1786400406.8345468
7,9394,0.3478321433067322,0.47145864289252104,1786400406.932103
7,9395,0.2595902681350708,0.4717482690405539,1786400407.026772
7,9396,0.45990410447120667,0.4717283950617284,1786400407.1226983
7,9397,0.3960859775543213,0.47164694280078895,1786400407.2142158
7,9398,0.2966947555541992,0.4718119153126539,1786400407.30334
7,9399,0.2967969477176666,0.4719149459193707,1786400407.3947866
7,9400,0.37735211849212646,0.47146539027982326,1786400407.493333
7,9401,0.5122735500335693,0.47095588235294117,1786400407.581808
7,9402,0.32662880420684814,0.47087616250611847,1786400407.6724296
7,9403,0.29601818323135376,0.4704912023460411,1786400407.765288
7,9404,0.6785006523132324,0.4704123962908736,1786400407.8636198
7,9405,0.36146804690361023,0.4705165692007797,1786400407.9530387
7,9406,0.48233485221862793,0.4705596107055961,1786400408.0533888
7,9407,0.29881513118743896,0.4707240038872692,1786400408.1424203
7,9408,0.595349133014679,0.47040271712760795,1786400408.2383816
7,9409,0.4072076976299286,0.47080910852713176,1786400408.3270278
7,9410,0.3627438247203827,0.4707910014513788,1786400408.4285264
7,9411,0.46931302547454834,0.47095410628019324,1786400408.517025
7,9412,0.3336511254310608,0.4703328509406657,1786400408.6186087
7,9413,0.2738727033138275,0.4707369942196532,1786400408.7154834
7,9414,0.4571658670902252,0.4704184704184704,1786400408.8137932
7,9415,0.3675071895122528,0.47046109510086453,1786400408.9063902
7,9416,0.3096602261066437,0.47068345323741007,1786400408.9964507
7,9417,0.4580220580101013,0.47066570881226055,1786400409.085275
7,9418,0.709597110748291,0.470169775227164,1786400409.1752386
7,9419,0.4180910289287567,0.4703319006685769,1786400409.2756338
7,9420,0.2697857916355133,0.4707319980925131,1786400409.3654668
7,9421,0.5816569328308105,0.4701190476190476,1786400409.4555774
7,9422,0.5719289779663086,0.4696267237280076,1786400409.5533578
7,9423,0.2524425983428955,0.4700261158594492,1786400409.643936
7,9424,0.33200207352638245,0.4702465623518255,1786400409.7410312
7,9425,0.18982353806495667,0.4706439393939394,1786400409.8414032
7,9426,0.39971593022346497,0.47027186761229317,1786400409.947368
7,9427,0.33885231614112854,0.47043201133144474,1786400410.0464709
7,9428,0.35614028573036194,0.4704148986327204,1786400410.143056
7,9429,0.4321522116661072,0.4705743879472693,1786400410.2324562
7,9430,0.40125513076782227,0.47020451339915376,1786400410.323012
7,9431,0.31408658623695374,0.4698356807511737,1786400410.4196398
7,9432,0.538692831993103,0.46958509142053445,1786400410.5225084
7,9433,0.3558714985847473,0.469686329588015,1786400410.6114395
7,9434,0.5034308433532715,0.46972884525479197,1786400410.70235
7,9435,0.40710562467575073,0.4700046685340803,1786400410.7906814
7,9436,0.3414178490638733,0.46987179487179487,1786400410.8906617
7,9437,0.4226769804954529,0.470030260707635,1786400410.979894
7,9438,0.4670436978340149,0.46972338447233847,1786400411.0717468
7,9439,0.4846700429916382,0.46935933147632314,1786400411.1715775
7,9440,0.5796736478805542,0.4693439962911451,1786400411.2634501
7,9441,0.439251184463501,0.46944444444444444,1786400411.3517773
7,9442,0.38906097412109375,0.4696601941747573,1786400411.44263
7,9443,0.3660597503185272,0.46999076638965837,1786400411.5393732
7,9444,0.4867274761199951,0.4700899031811895,1786400411.63472
7,9445,0.35725268721580505,0.4701312154696133,1786400411.7320397
7,9446,0.413112610578537,0.46988505747126436,1786400411.8282225
7,9447,0.318784236907959,0.4696969696969697,1786400411.9187717
7,9448,0.3574443459510803,0.4696240256762953,1786400412.007086
7,9449,0.4739125669002533,0.469150641025641,1786400412.0990288
7,9450,0.2740824222564697,0.46942158207590307,1786400412.1967437
7,9451,0.3130418360233307,0.46963470319634704,1786400412.28645
7,9452,0.5782427191734314,0.4696192430460556,1786400412.3799288
7,9453,0.4319850504398346,0.4695469034608379,1786400412.4685576
7,9454,0.5263355374336243,0.46947476125511595,1786400412.5667794
7,9455,0.5903209447860718,0.4694595821980018,1786400412.6683066
7,9456,0.2902255058288574,0.46967120181405897,1786400412.7624831
7,9457,0.4470750391483307,0.4696557971014493,1786400412.8619292
7,9458,0.4885197877883911,0.4694142921754862,1786400412.9560475
7,9459,0.4089330732822418,0.4695121951219512,1786400413.0452945
7,9460,0.38133755326271057,0.4698353631032927,1786400413.147313
7,9461,0.3832985758781433,0.4697072072072072,1786400413.2426345
7,9462,0.45384323596954346,0.4692982456140351,1786400413.3362129
7,9463,0.6041061878204346,0.4691711590296496,1786400413.4309769
7,9464,0.6231615543365479,0.4689322566173172,1786400413.528959
7,9465,0.36965951323509216,0.46919802867383514,1786400413.6180158
7,9466,0.5528228282928467,0.4692393736017897,1786400413.7089558
7,9467,0.46802571415901184,0.4695040214477212,1786400413.7998707
7,9468,0.30687588453292847,0.46960062472110664,1786400413.890394
7,9469,0.37388160824775696,0.4692513368983957,1786400413.9897127
7,9470,0.3391876220703125,0.4688473520249221,1786400414.0801134
7,9471,0.347759872674942,0.4691666666666667,1786400414.1715777
7,9472,0.3789847791194916,0.46920772303595204,1786400414.2609086
7,9473,0.29862406849861145,0.46941489361702127,1786400414.3515375
7,9474,0.640610933303833,0.46912350597609564,1786400414.4458356
7,9475,0.34876805543899536,0.46888815207780726,1786400414.535578
7,9476,0.26992273330688477,0.4684878587196468,1786400414.6312578
7,9477,0.3096063733100891,0.4685295414462081,1786400414.7305534
7,9478,0.4185655117034912,0.46846103038309117,1786400414.829981
7,9479,0.5512173175811768,0.46839270008795075,1786400414.9290411
7,9480,0.4139050841331482,0.46799516908212563,1786400415.0270462
7,9481,0.28366562724113464,0.4683662280701754,1786400415.1188376
7,9482,0.2479543387889862,0.4682435392028033,1786400415.209051
7,9483,0.5157769322395325,0.46861329833770776,1786400415.2977602
7,9484,0.35010990500450134,0.46865443425076453,1786400415.3970716
7,9485,0.3195798993110657,0.46896815008726006,1786400415.4847674
7,9486,0.2965996563434601,0.46911764705882353,1786400415.5742338
7,9487,0.37567511200904846,0.4692123585726719,1786400415.668025
7,9488,0.3211211860179901,0.46936114732724904,1786400415.7591236
7,9489,0.399989515542984,0.4691840277777778,1786400415.8532624
7,9490,0.3377716839313507,0.4693866493281318,1786400415.952428
7,9491,0.3147059381008148,0.46964285714285714,1786400416.0444016
7,9492,0.46059566736221313,0.4695201037613489,1786400416.135799
7,9493,0.31006544828414917,0.4697215025906736,1786400416.2253146
7,9494,0.4891660809516907,0.4698684777921518,1786400416.314139
7,9495,0.23762167990207672,0.4699612403100775,1786400416.412756
7,9496,0.48024556040763855,0.4699462365591398,1786400416.5079367
7,9497,0.3802901804447174,0.4698775773195876,1786400416.6046607
7,9498,0.459112286567688,0.4696482196482196,1786400416.7012038
7,9499,0.5764513611793518,0.46968723221936587,1786400416.7922273
7,9500,0.5196908712387085,0.4695121951219512,1786400416.886129
7,9501,0.357108473777771,0.46981837606837606,1786400416.982026
7,9502,0.3620023727416992,0.46980367050789584,1786400417.077632
7,9503,0.43171146512031555,0.46968243819266836,1786400417.1802368
7,9504,0.4632910192012787,0.46956151553852704,1786400417.2781281
7,9505,0.33064141869544983,0.4692283163265306,1786400417.3684359
7,9506,0.5209601521492004,0.46932059447983016,1786400417.4701293
7,9507,0.3115934133529663,0.4695186598812553,1786400417.5575423
7,9508,0.24846425652503967,0.4697691656077933,1786400417.658273
7,9509,0.23876135051250458,0.4700190355329949,1786400417.7468493
7,9510,0.4173780679702759,0.4700570342205323,1786400417.836113
7,9511,0.4072321057319641,0.46967299578059074,1786400417.9258153
7,9512,0.3930474817752838,0.4695006321112516,1786400418.0162976
7,9513,0.39047038555145264,0.469118265993266,1786400418.1068437
7,9514,0.47841203212738037,0.46884195039932747,1786400418.1980536
7,9515,0.6107660531997681,0.46872376154492024,1786400418.290046
7,9516,0.3536740243434906,0.46829140461215935,1786400418.388695
7,9517,0.4400210678577423,0.46838358458961477,1786400418.4774847
7,9518,0.30277636647224426,0.4683709744876621,1786400418.5698516
7,9519,0.4584577977657318,0.4683061821219716,1786400418.6594813
7,9520,0.29242733120918274,0.4683979974968711,1786400418.7578921
7,9521,0.42168909311294556,0.46838541666666667,1786400418.8530777
7,9522,0.5078059434890747,0.46821681231793594,1786400418.9439478
7,9523,0.3749421238899231,0.4682044887780549,1786400419.0333695
7,9524,0.3676411509513855,0.4684516396845164,1786400419.131326
7,9525,0.5881996154785156,0.4683354063018242,1786400419.221899
7,9526,0.30137571692466736,0.46847826086956523,1786400419.314257
7,9527,0.6248234510421753,0.4684656741108354,1786400419.4046867
7,9528,0.442579060792923,0.4680400660883932,1786400419.508777
7,9529,0.31557291746139526,0.4677702145214521,1786400419.6028693
7,9530,0.25174403190612793,0.46817058096415326,1786400419.7048435
7,9531,0.4226444959640503,0.4681584362139918,1786400419.7935832
7,9532,0.3130338490009308,0.4683004521167283,1786400419.884719
7,9533,0.3303932845592499,0.468442118226601,1786400419.9745524
7,9534,0.25910890102386475,0.46878843788437885,1786400420.0682716
7,9535,0.3454575538635254,0.46892915642915645,1786400420.1592898
7,9536,0.30287984013557434,0.469120654396728,1786400420.2521951
7,9537,0.4315129816532135,0.46885212418300654,1786400420.3514817
7,9538,0.3264100253582001,0.46909424724602206,1786400420.4401927
7,9539,0.47014376521110535,0.46918296658516706,1786400420.5330474
7,9540,0.34087133407592773,0.468966218966219,1786400420.622849
7,9541,0.42769762873649597,0.4686483739837398,1786400420.7183995
7,9542,0.2925935387611389,0.468838814453918,1786400420.808419
7,9543,0.2993389070034027,0.4690794809407948,1786400420.8982406
7,9544,0.5212982892990112,0.4692183070068854,1786400420.9894345
7,9545,0.2373875081539154,0.4693567961165049,1786400421.0895283
7,9546,0.48706433176994324,0.4690909090909091,1786400421.1906667
7,9547,0.3378520905971527,0.46867433414043586,1786400421.2813737
7,9548,0.37101927399635315,0.46856106408706166,1786400421.3752651
7,9549,0.6167919039726257,0.46839774557165864,1786400421.4653604
7,9550,0.3012702167034149,0.4685363892239646,1786400421.555377
7,9551,0.4119565784931183,0.46862449799196787,1786400421.6513739
7,9552,0.4380776286125183,0.4686121139189731,1786400421.7452233
7,9553,0.4317196011543274,0.46854967948717946,1786400421.8453858
7,9554,0.3384828567504883,0.4684873949579832,1786400421.9500158
7,9555,0.618122935295105,0.468275379696243,1786400422.0398834
7,9556,0.2960827350616455,0.46831337325349304,1786400422.1283276
7,9557,0.34826037287712097,0.46850079744816586,1786400422.2224064
7,9558,0.34037938714027405,0.46858821186778177,1786400422.3142455
7,9559,0.5007868409156799,0.46852625298329353,1786400422.4128327
7,9560,0.3284778892993927,0.46871275327771156,1786400422.5040767
7,9561,0.5420153141021729,0.46850198412698413,1786400422.592911
7,9562,0.3915795683860779,0.46868806975822436,1786400422.6910276
7,9563,0.6695559024810791,0.468576801266825,1786400422.7830517
7,9564,0.4009672999382019,0.46886120996441283,1786400422.872719
7,9565,0.2797931730747223,0.46860189573459715,1786400422.9740255
7,9566,0.3833664059638977,0.4686390532544379,1786400423.062309
7,9567,0.4350765347480774,0.46882387706855794,1786400423.1582692
7,9568,0.6569833755493164,0.46866391184573003,1786400423.250418
7,9569,0.6088297367095947,0.4685043238993711,1786400423.340854
7,9570,0.589452862739563,0.4685904986258343,1786400423.4322894
7,9571,0.49963271617889404,0.4686764705882353,1786400423.5207262
7,9572,0.37313613295555115,0.4687132784958872,1786400423.6101098
7,9573,0.47721588611602783,0.4685054773082942,1786400423.7146065
7,9574,0.3942049741744995,0.4686400937866354,1786400423.8056495
7,9575,0.3419664204120636,0.46833528493364557,1786400423.8965728
7,9576,0.3476591408252716,0.4685185185185185,1786400423.9954252
7,9577,0.32720956206321716,0.46875,1786400424.0851834
7,9578,0.7596508264541626,0.46854336833916765,1786400424.182251
7,9579,0.307974249124527,0.4689199689199689,1786400424.2720459
7,9580,0.36803388595581055,0.4690046565774156,1786400424.3704312
7,9581,0.46247202157974243,0.4690406976744186,1786400424.4594686
7,9582,0.301326185464859,0.4692702284165699,1786400424.5478244
7,9583,0.5359809398651123,0.4692092034029389,1786400424.648903
7,9584,0.6134557127952576,0.46914831981460026,1786400424.7399457
7,9585,0.5811418890953064,0.4690875771604938,1786400424.8286924
7,9586,0.3810234069824219,0.46917148362235067,1786400424.9384453
7,9587,0.26570120453834534,0.46935142417244036,1786400425.0288668
7,9588,0.4431823492050171,0.46905036524413685,1786400425.1190174
7,9589,0.4217722713947296,0.46908602150537637,1786400425.2230191
7,9590,0.30443108081817627,0.4692174913693901,1786400425.3116052
7,9591,0.4377996623516083,0.4692528735632184,1786400425.4006674
7,9592,0.44868093729019165,0.4692881745120551,1786400425.493621
7,9593,0.35908085107803345,0.4689889143730887,1786400425.5829484
7,9594,0.38059794902801514,0.46892898052691867,1786400425.677411
7,9595,0.38875913619995117,0.4691075514874142,1786400425.7757568
7,9596,0.4581575393676758,0.46914285714285714,1786400425.8668654
7,9597,0.37074336409568787,0.46875,1786400425.966035
7,9598,0.3127762973308563,0.46897567464842266,1786400426.0585537
7,9599,0.32295867800712585,0.46882118451025057,1786400426.1481137
7,9600,0.4257323741912842,0.46899886234357224,1786400426.24776
7,9601,0.5189894437789917,0.46893939393939393,1786400426.3468168
7,9602,0.28487536311149597,0.469211123723042,1786400426.4448678
7,9603,0.45899516344070435,0.469057067271353,1786400426.5335836
7,9604,0.35444360971450806,0.4693280483201208,1786400426.6310997
7,9605,0.31470951437950134,0.46945701357466063,1786400426.7208135
7,9606,0.41172149777412415,0.4692090395480226,1786400426.8101513
7,9607,0.40785735845565796,0.4694319036869827,1786400426.9089406
7,9608,0.4156166911125183,0.4695133408493048,1786400427.0051923
7,9609,0.4378977417945862,0.4692661411411411,1786400427.1024225
7,9610,0.2697196304798126,0.4688788901387327,1786400427.1917665
7,9611,0.37782543897628784,0.4691011235955056,1786400427.28217
7,9612,0.6607252359390259,0.4689955106621773,1786400427.3716042
7,9613,0.3337709307670593,0.46917040358744394,1786400427.4614456
7,9614,0.29907307028770447,0.4688783128032848,1786400427.5529053
7,9615,0.4546746611595154,0.4685868754660701,1786400427.6424296
7,9616,0.3908514976501465,0.46829608938547485,1786400427.7334116
7,9617,0.5509512424468994,0.46814546130952384,1786400427.829458
7,9618,0.7014126777648926,0.46799516908212563,1786400427.9307375
7,9619,0.2563589811325073,0.46821640682999255,1786400428.0233974
7,9620,0.33734413981437683,0.46825176121616613,1786400428.116211
7,9621,0.3035522401332855,0.4683333333333333,1786400428.204602
7,9622,0.47432053089141846,0.468322234554199,1786400428.3038108
7,9623,0.3956901729106903,0.4684959349593496,1786400428.3925655
7,9624,0.36046797037124634,0.4687153931339978,1786400428.4809866
7,9625,0.2930796146392822,0.46893436578171094,1786400428.5723755
7,9626,0.5130437612533569,0.468646408839779,1786400428.662552
7,9627,0.3343573212623596,0.4683590875643856,1786400428.7572649
7,9628,0.32281801104545593,0.4684858507901507,1786400428.8560693
7,9629,0.30576929450035095,0.46852055800293685,1786400428.9453611
7,9630,0.32716166973114014,0.4686927026035937,1786400429.0438678
7,9631,0.5256276726722717,0.4687728937728938,1786400429.1327255
7,9632,0.3470911979675293,0.4688529088913282,1786400429.22199
7,9633,0.37395620346069336,0.4688870614035088,1786400429.321529
7,9634,0.307137668132782,0.46914932457101133,1786400429.4134564
7,9635,0.4315122067928314,0.46936542669584247,1786400429.503123
7,9636,0.6438305377960205,0.4691712204007286,1786400429.6028543
7,9637,0.27982097864151,0.46875,1786400429.6959925
7,9638,0.2899860143661499,0.468965830607052,1786400429.7857103
7,9639,0.33640074729919434,0.4691358024691358,1786400429.8765373
7,9640,0.3286690413951874,0.4692600652883569,1786400429.9663384
7,9641,0.3913685381412506,0.46933876811594205,1786400430.062348
7,9642,0.425724595785141,0.4693720593557727,1786400430.153071
7,9643,0.39545395970344543,0.46940527838033264,1786400430.2538457
7,9644,0.41754862666130066,0.46939328277356446,1786400430.3539212
7,9645,0.37431398034095764,0.46902056277056275,1786400430.4527915
7,9646,0.5817556977272034,0.46896396396396395,1786400430.5490696
7,9647,0.3412087559700012,0.4690874730021598,1786400430.6391885
7,9648,0.6391794085502625,0.4690758719884933,1786400430.7349966
7,9649,0.3662486672401428,0.4691540948275862,1786400430.8248625
7,9650,0.25557464361190796,0.4695012558306423,1786400430.9214566
7,9651,0.6094038486480713,0.46948924731182795,1786400431.0186572
7,9652,0.3797663152217865,0.4697010383100609,1786400431.1094148
7,9653,0.31016719341278076,0.4698676680972818,1786400431.1996267
7,9654,0.2845265865325928,0.469989281886388,1786400431.2882988
7,9655,0.30145931243896484,0.4701998572448251,1786400431.3774014
7,9656,0.3250693082809448,0.47049910873440287,1786400431.4735858
7,9657,0.37069329619407654,0.47070868945868943,1786400431.5620944
7,9658,0.32980626821517944,0.47091782283884737,1786400431.6625364
7,9659,0.2815863788127899,0.47103766879886283,1786400431.75282
7,9660,0.27635127305984497,0.47133475328363506,1786400431.846789
7,9661,0.5379629731178284,0.4713209219858156,1786400431.9487526
7,9662,0.28511157631874084,0.47130712008501596,1786400432.0399094
7,9663,0.43914222717285156,0.4713375796178344,1786400432.1297438
7,9664,0.40343376994132996,0.47141215977377166,1786400432.2203913
7,9665,0.4007951319217682,0.471486581920904,1786400432.3242843
7,9666,0.3285672068595886,0.4716490299823633,1786400432.422895
7,9667,0.28298959136009216,0.47189922480620156,1786400432.5133564
7,9668,0.39665892720222473,0.4721048926434354,1786400432.6045
7,9669,0.38282424211502075,0.4723101265822785,1786400432.7071273
7,9670,0.32454997301101685,0.47233930453108536,1786400432.8184757
7,9671,0.4142526090145111,0.4724122807017544,1786400432.9100509
7,9672,0.439837247133255,0.472441289870312,1786400433.001554
7,9673,0.39009928703308105,0.4725140056022409,1786400433.092601
7,9674,0.5673584938049316,0.4725865687303253,1786400433.1841505
7,9675,0.4146440327167511,0.47270265548567436,1786400433.286038
7,9676,0.27476876974105835,0.47281849912739965,1786400433.3795404
7,9677,0.3049018979072571,0.47249825662482564,1786400433.470075
7,9678,0.2730608582496643,0.47270114942528735,1786400433.5730433
7,9679,0.693205714225769,0.4727731384829506,1786400433.6696224
7,9680,0.587989330291748,0.4725842891901286,1786400433.7746472
7,9681,0.37352028489112854,0.47235243055555554,1786400433.8662834
7,9682,0.28026726841926575,0.4725112729795352,1786400433.9557307
7,9683,0.3453522026538849,0.47275641025641024,1786400434.0456731
7,9684,0.311038613319397,0.47287123572170303,1786400434.135134
7,9685,0.4504467248916626,0.4730290456431535,1786400434.2245817
7,9686,0.6080431342124939,0.47271157167530226,1786400434.3143878
7,9687,0.4559781551361084,0.4727398205659075,1786400434.4024816
7,9688,0.2658817768096924,0.47242330230954843,1786400434.4927027
7,9689,0.5393563508987427,0.4724517906336088,1786400434.5816345
7,9690,0.3326502740383148,0.47273821809425526,1786400434.6711388
7,9691,0.296064555644989,0.4728951890034364,1786400434.7607045
7,9692,0.5833133459091187,0.47292310332990045,1786400434.8499439
7,9693,0.40295642614364624,0.47290809327846367,1786400434.939045
7,9694,0.3311665654182434,0.4725933538883179,1786400435.0275855
7,9695,0.28623923659324646,0.47270704996577684,1786400435.1166546
7,9696,0.7485201954841614,0.47273504273504274,1786400435.2052329
7,9697,0.2512547969818115,0.4728910519125683,1786400435.2959187
7,9698,0.46557343006134033,0.47291879904469464,1786400435.385128
7,9699,0.5041034817695618,0.4730316973415133,1786400435.473415
7,9700,0.46092814207077026,0.47305924412665984,1786400435.5604982
7,9701,0.47472289204597473,0.47304421768707483,1786400435.650318
7,9702,0.4105723798274994,0.47285932721712537,1786400435.7393281
7,9703,0.5247088670730591,0.4730142566191446,1786400435.8286479
7,9704,0.3260638117790222,0.47316887080366227,1786400435.918281
8,9705,0.5704560279846191,0.2916666666666667,1786400442.641473
8,9706,0.3784061670303345,0.4375,1786400442.7470775
8,9707,0.456969678401947,0.4722222222222222,1786400442.8434136
8,9708,0.3420778512954712,0.5416666666666666,1786400442.9421172
8,9709,0.33929872512817383,0.55,1786400443.0442383
8,9710,0.29165738821029663,0.5763888888888888,1786400443.1524909
8,9711,0.27226805686950684,0.5773809523809523,1786400443.2430053
8,9712,0.3994615972042084,0.5260416666666666,1786400443.337439
8,9713,0.3285650610923767,0.5324074074074074,1786400443.432162
8,9714,0.23038619756698608,0.5541666666666667,1786400443.5292122
8,9715,0.47550609707832336,0.5568181818181818,1786400443.6304395
8,9716,0.34186387062072754,0.5659722222222222,1786400443.721584
8,9717,0.30400824546813965,0.5801282051282052,1786400443.8170543
8,9718,0.41640594601631165,0.5803571428571429,1786400443.9093494
8,9719,0.33961254358291626,0.5555555555555556,1786400444.0002418
8,9720,0.36324137449264526,0.5286458333333334,1786400444.0909998
8,9721,0.32406085729599,0.5049019607843137,1786400444.180792
8,9722,0.512241005897522,0.4930555555555556,1786400444.2693255
8,9723,0.27497947216033936,0.4780701754385965,1786400444.360991
8,9724,0.5600443482398987,0.47291666666666665,1786400444.4603271
8,9725,0.5706453919410706,0.47023809523809523,1786400444.5513139
8,9726,0.405458003282547,0.4602272727272727,1786400444.6415403
8,9727,0.3675997257232666,0.44565217391304346,1786400444.7328503
8,9728,0.5909207463264465,0.4375,1786400444.8237069
8,9729,0.3395703434944153,0.4483333333333333,1786400444.9221573
8,9730,0.2684043347835541,0.4519230769230769,1786400445.0207427
8,9731,0.5664381980895996,0.4537037037037037,1786400445.1114306
8,9732,0.31847745180130005,0.4642857142857143,1786400445.2006955
8,9733,0.5068624019622803,0.4698275862068966,1786400445.290044
8,9734,0.2806055545806885,0.4791666666666667,1786400445.3805869
8,9735,0.34705737233161926,0.46774193548387094,1786400445.479814
8,9736,0.6683038473129272,0.4622395833333333,1786400445.5695925
8,9737,0.3796836733818054,0.46464646464646464,1786400445.664483
8,9738,0.28646934032440186,0.47058823529411764,1786400445.753864
8,9739,0.33806562423706055,0.4630952380952381,1786400445.8453124
8,9740,0.6392586827278137,0.4652777777777778,1786400445.933736
8,9741,0.38817477226257324,0.46734234234234234,1786400446.0231562
8,9742,0.31845659017562866,0.47039473684210525,1786400446.1134336
8,9743,0.5546023845672607,0.46153846153846156,1786400446.2027957
8,9744,0.355188250541687,0.465625,1786400446.2925978
8,9745,0.3740711808204651,0.47052845528455284,1786400446.3913267
8,9746,0.2855514585971832,0.4751984126984127,1786400446.481972
8,9747,0.2945779860019684,0.47674418604651164,1786400446.5694113
8,9748,0.2669992446899414,0.4791666666666667,1786400446.6670876
8,9749,0.30305856466293335,0.48148148148148145,1786400446.7665305
8,9750,0.3521699011325836,0.48641304347826086,1786400446.860484
8,9751,0.36700180172920227,0.4875886524822695,1786400446.9498656
8,9752,0.30296245217323303,0.4904513888888889,1786400447.0411813
8,9753,0.3102373480796814,0.4957482993197279,1786400447.1374218
8,9754,0.5924839377403259,0.49333333333333335,1786400447.2294476
8,9755,0.620080828666687,0.4934640522875817,1786400447.3327043
8,9756,0.27389973402023315,0.4951923076923077,1786400447.422754
8,9757,0.5148134827613831,0.49842767295597484,1786400447.5217285
8,9758,0.6168758869171143,0.49459876543209874,1786400447.6112173
8,9759,0.5290160179138184,0.49393939393939396,1786400447.7025523
8,9760,0.30522483587265015,0.4955357142857143,1786400447.793134
8,9761,0.629328727722168,0.4963450292397661,1786400447.8937886
8,9762,0.5733370184898376,0.4949712643678161,1786400447.9923959
8,9763,0.3727480173110962,0.4950564971751412,1786400448.0828967
8,9764,0.3261461853981018,0.49583333333333335,1786400448.1716378
8,9765,0.33754661679267883,0.4979508196721312,1786400448.2721212
8,9766,0.39640483260154724,0.4986559139784946,1786400448.3709674
8,9767,0.3399258852005005,0.5,1786400448.4636838
8,9768,0.36812156438827515,0.4993489583333333,1786400448.5596766
8,9769,0.3238493800163269,0.5006410256410256,1786400448.6497347
8,9770,0.36829429864883423,0.5025252525252525,1786400448.7399008
8,9771,0.4347340166568756,0.5049751243781094,1786400448.83676
8,9772,0.3819494843482971,0.5030637254901961,1786400448.9283512
8,9773,0.3798663914203644,0.5042270531400966,1786400449.0191607
8,9774,0.4987262189388275,0.5,1786400449.110648
8,9775,0.34914445877075195,0.5011737089201878,1786400449.2086496
8,9776,0.514835774898529,0.5011574074074074,1786400449.2996387
8,9777,0.5680071711540222,0.4988584474885845,1786400449.3902187
8,9778,0.42160284519195557,0.5,1786400449.4811609
8,9779,0.3259259760379791,0.5011111111111111,1786400449.5705423
8,9780,0.2748466432094574,0.5049342105263158,1786400449.6622982
8,9781,0.5868896245956421,0.5032467532467533,1786400449.7538242
8,9782,0.4571117162704468,0.5042735042735043,1786400449.843603
8,9783,0.3564644455909729,0.5052742616033755,1786400449.9384987
8,9784,0.43463075160980225,0.5057291666666667,1786400450.0283363
8,9785,0.2733812630176544,0.5092592592592593,1786400450.1172063
8,9786,0.360470175743103,0.5040650406504065,1786400450.2199326
8,9787,0.3042149245738983,0.501004016064257,1786400450.3094273
8,9788,0.5845942497253418,0.49603174603174605,1786400450.4004126
8,9789,0.5763424634933472,0.49411764705882355,1786400450.4990964
8,9790,0.3559858202934265,0.4946705426356589,1786400450.5948253
8,9791,0.5703098773956299,0.49090038314176243,1786400450.6937807
8,9792,0.32364535331726074,0.49242424242424243,1786400450.783883
8,9793,0.3267829418182373,0.4934456928838951,1786400450.872209
8,9794,0.3159439265727997,0.49444444444444446,1786400450.961955
8,9795,0.5231581330299377,0.4908424908424908,1786400451.055431
8,9796,0.3619832694530487,0.4913949275362319,1786400451.1462808
8,9797,0.3995071053504944,0.48969534050179214,1786400451.2384977
8,9798,0.3944520950317383,0.49024822695035464,1786400451.3340917
8,9799,0.277911514043808,0.49298245614035086,1786400451.4247487
8,9800,0.3519592583179474,0.4900173611111111,1786400451.5149543
8,9801,0.3437724709510803,0.49140893470790376,1786400451.6128302
8,9802,0.39697834849357605,0.4906462585034014,1786400451.710495
8,9803,0.5318058729171753,0.4898989898989899,1786400451.8136892
8,9804,0.4635215997695923,0.4891666666666667,1786400451.91336
8,9805,0.2634301483631134,0.4905115511551155,1786400452.0033371
8,9806,0.332520991563797,0.4922385620915033,1786400452.0927103
8,9807,0.5674855709075928,0.4911003236245955,1786400452.182762
8,9808,0.3819187581539154,0.4911858974358974,1786400452.2742984
8,9809,0.48527389764785767,0.49087301587301585,1786400452.3650477
8,9810,0.37223175168037415,0.4882075471698113,1786400452.4646516
8,9811,0.3753318190574646,0.4883177570093458,1786400452.5584652
8,9812,0.5969235897064209,0.4853395061728395,1786400452.6525617
8,9813,0.6107301115989685,0.4827981651376147,1786400452.7418191
8,9814,0.435697466135025,0.48295454545454547,1786400452.831729
8,9815,0.4238046705722809,0.4831081081081081,1786400452.9224362
8,9816,0.46895238757133484,0.48325892857142855,1786400453.0212822
8,9817,0.5127393007278442,0.48266961651917406,1786400453.1114473
8,9818,0.43117308616638184,0.48355263157894735,1786400453.2007966
8,9819,0.6444867849349976,0.48442028985507246,1786400453.3019288
8,9820,0.3732316195964813,0.48455459770114945,1786400453.3995874
8,9821,0.6202008128166199,0.48361823361823364,1786400453.4901395
8,9822,0.34134238958358765,0.4844632768361582,1786400453.5933971
8,9823,0.3727012872695923,0.4852941176470588,1786400453.6837025
8,9824,0.25529611110687256,0.4878472222222222,1786400453.7724762
8,9825,0.39813607931137085,0.48829201101928377,1786400453.8781328
8,9826,0.5262513160705566,0.4873633879781421,1786400453.9671304
8,9827,0.3250812888145447,0.48814363143631434,1786400454.0563617
8,9828,0.35777148604393005,0.4879032258064516,1786400454.1454968
8,9829,0.3879240155220032,0.49,1786400454.237969
8,9830,0.22976653277873993,0.4914021164021164,1786400454.329784
8,9831,0.4183473587036133,0.48884514435695536,1786400454.4207308
8,9832,0.29945462942123413,0.4899088541666667,1786400454.5089993
8,9833,0.30704042315483093,0.49063307493540054,1786400454.6079285
8,9834,0.3105986714363098,0.4891025641025641,1786400454.7019722
8,9835,0.4750007390975952,0.48854961832061067,1786400454.8023243
8,9836,0.42309725284576416,0.4895833333333333,1786400454.892645
8,9837,0.3315330743789673,0.4899749373433584,1786400454.9834137
8,9838,0.3848504424095154,0.4906716417910448,1786400455.0743074
8,9839,0.29716354608535767,0.4904320987654321,1786400455.164658
8,9840,0.3789410889148712,0.49142156862745096,1786400455.2541056
8,9841,0.3399602770805359,0.48905109489051096,1786400455.343678
8,9842,0.39655837416648865,0.48943236714975846,1786400455.4333875
8,9843,0.5013390779495239,0.4895083932853717,1786400455.5243163
8,9844,0.312727689743042,0.49047619047619045,1786400455.613827
8,9845,0.5198243856430054,0.48995271867612294,1786400455.7049582
8,9846,0.37486913800239563,0.49061032863849763,1786400455.7962563
8,9847,0.5128545761108398,0.48921911421911424,1786400455.8948636
8,9848,0.4483354687690735,0.48755787037037035,1786400455.9853015
8,9849,0.29918819665908813,0.4876436781609195,1786400456.0843456
8,9850,0.350461483001709,0.4882990867579909,1786400456.1751075
8,9851,0.5286772847175598,0.4872448979591837,1786400456.2728338
8,9852,0.5510669946670532,0.48620495495495497,1786400456.3639412
8,9853,0.5318707227706909,0.48629753914988816,1786400456.4538512
8,9854,0.2961984872817993,0.4861111111111111,1786400456.5449364
8,9855,0.3235778510570526,0.4867549668874172,1786400456.6394534
8,9856,0.5368950963020325,0.484375,1786400456.7315462
8,9857,0.3150736093521118,0.4850217864923747,1786400456.8204618
8,9858,0.48453080654144287,0.48538961038961037,1786400456.9094095
8,9859,0.24826262891292572,0.48629032258064514,1786400457.0009642
8,9860,0.3128240406513214,0.48717948717948717,1786400457.0899062
8,9861,0.269457072019577,0.488588110403397,1786400457.179685
8,9862,0.279409795999527,0.4897151898734177,1786400457.2687523
8,9863,0.5437943339347839,0.4882075471698113,1786400457.3597658
8,9864,0.3561878502368927,0.4890625,1786400457.448336
8,9865,0.3275863230228424,0.488871635610766,1786400457.537157
8,9866,0.4904710352420807,0.48739711934156377,1786400457.6365938
8,9867,0.354117751121521,0.48849693251533743,1786400457.7255936
8,9868,0.5672634840011597,0.4885670731707317,1786400457.8247104
8,9869,0.7736117839813232,0.48762626262626263,1786400457.9168134
8,9870,0.32330405712127686,0.4879518072289157,1786400458.0073934
8,9871,0.39735841751098633,0.48852295409181634,1786400458.0992255
8,9872,0.29622772336006165,0.4888392857142857,1786400458.195527
8,9873,0.39989519119262695,0.4891518737672584,1786400458.2889314
8,9874,0.5616512298583984,0.4892156862745098,1786400458.3774018
8,9875,0.48008930683135986,0.4885477582846004,1786400458.4665127
8,9876,0.3578437864780426,0.4886143410852713,1786400458.5592122
8,9877,0.3312733769416809,0.48940269749518306,1786400458.6483703
8,9878,0.4600857198238373,0.4873084291187739,1786400458.7389262
8,9879,0.5385202169418335,0.48595238095238097,1786400458.8292232
8,9880,0.28182899951934814,0.4865056818181818,1786400458.9181588
8,9881,0.2607435882091522,0.4872881355932203,1786400459.007753
8,9882,0.37422576546669006,0.48735955056179775,1786400459.097282
8,9883,0.4802965819835663,0.4860335195530726,1786400459.1876717
8,9884,0.2661374807357788,0.4863425925925926,1786400459.2878208
8,9885,0.39449161291122437,0.48664825046040516,1786400459.3779109
8,9886,0.7179384827613831,0.48717948717948717,1786400459.4736156
8,9887,0.36530715227127075,0.48747723132969034,1786400459.5713134
8,9888,0.3338513970375061,0.48845108695652173,1786400459.6672635
8,9889,0.4110107421875,0.48783783783783785,1786400459.7646544
8,9890,0.29030516743659973,0.48588709677419356,1786400459.8545887
8,9891,0.43628519773483276,0.4855169340463458,1786400459.9431753
8,9892,0.27679309248924255,0.48603723404255317,1786400460.0350242
8,9893,0.29202789068222046,0.48721340388007056,1786400460.1288333
8,9894,0.47185608744621277,0.48640350877192984,1786400460.2201624
8,9895,0.327690064907074,0.4871291448516579,1786400460.3151855
8,9896,0.307350218296051,0.4880642361111111,1786400460.4055502
8,9897,0.3878665566444397,0.4885578583765112,1786400460.4952605
8,9898,0.45534810423851013,0.4894759450171821,1786400460.5941865
8,9899,0.3926931619644165,0.4888888888888889,1786400460.684699
8,9900,0.4016875624656677,0.48915816326530615,1786400460.7835367
8,9901,0.46242809295654297,0.4887901861252115,1786400460.8738494
8,9902,0.3572642207145691,0.48947811447811446,1786400460.9627035
8,9903,0.349510133266449,0.4897403685092127,1786400461.0520842
8,9904,0.45850008726119995,0.49,1786400461.141101
8,9905,0.33149898052215576,0.49025704809286896,1786400461.2314184
8,9906,0.4599802792072296,0.4900990099009901,1786400461.3321543
8,9907,0.46705228090286255,0.4907635467980296,1786400461.4227426
8,9908,0.41667401790618896,0.4912173202614379,1786400461.5228355
8,9909,0.33534693717956543,0.491260162601626,1786400461.623377
8,9910,0.47673770785331726,0.49150485436893204,1786400461.713111
8,9911,0.6099917888641357,0.49053945249597425,1786400461.8114445
8,9912,0.3857317864894867,0.4907852564102564,1786400461.9022856
8,9913,0.31541019678115845,0.490829346092504,1786400461.9906118
8,9914,0.3044470548629761,0.48988095238095236,1786400462.0799897
8,9915,0.678183913230896,0.49032385466034756,1786400462.1719298
8,9916,0.5463238954544067,0.48977987421383645,1786400462.2621214
8,9917,0.3494340479373932,0.49061032863849763,1786400462.3522506
8,9918,0.34537070989608765,0.49065420560747663,1786400462.4410636
8,9919,0.3869057595729828,0.49127906976744184,1786400462.5379837
8,9920,0.4447343051433563,0.49151234567901236,1786400462.6383657
8,9921,0.33553147315979004,0.49001536098310294,1786400462.7388
8,9922,0.42788100242614746,0.4900611620795107,1786400462.8303688
8,9923,0.3768508732318878,0.4887747336377473,1786400462.9198582
8,9924,0.2618670165538788,0.4895833333333333,1786400463.0100348
8,9925,0.3785664737224579,0.4900075414781297,1786400463.1084194
8,9926,0.4220641255378723,0.4889264264264264,1786400463.203617
8,9927,0.3472360670566559,0.48785500747384153,1786400463.293345
8,9928,0.42806750535964966,0.4869791666666667,1786400463.3846817
8,9929,0.33357715606689453,0.48648148148148146,1786400463.474212
8,9930,0.6453195810317993,0.48617256637168144,1786400463.5763013
8,9931,0.3905785381793976,0.4856828193832599,1786400463.6730437
8,9932,0.25494372844696045,0.4862938596491228,1786400463.762469
8,9933,0.45179036259651184,0.4859898107714702,1786400463.8523138
8,9934,0.5460200905799866,0.4855072463768116,1786400463.9415596
8,9935,0.49445709586143494,0.4852092352092352,1786400464.032522
8,9936,0.2792496979236603,0.4863505747126437,1786400464.1226552
8,9937,0.3174009621143341,0.4867668097281831,1786400464.2194693
8,9938,0.542264461517334,0.4855769230769231,1786400464.3097775
8,9939,0.3941715955734253,0.4854609929078014,1786400464.3996603
8,9940,0.362101286649704,0.4860522598870056,1786400464.491384
8,9941,0.36046671867370605,0.485056258790436,1786400464.585144
8,9942,0.3693535327911377,0.48599439775910364,1786400464.6801226
8,9943,0.3167876601219177,0.48657601115760113,1786400464.7815514
8,9944,0.46499428153038025,0.48628472222222224,1786400464.8726392
8,9945,0.31554514169692993,0.484612724757953,1786400464.9691124
8,9946,0.3247050642967224,0.48519283746556474,1786400465.0598106
8,9947,0.5928078889846802,0.48473936899862824,1786400465.1555493
8,9948,0.38074952363967896,0.48463114754098363,1786400465.245179
8,9949,0.3319258391857147,0.4835034013605442,1786400465.3393934
8,9950,0.3224775195121765,0.4842479674796748,1786400465.4280407
8,9951,0.41106316447257996,0.4844804318488529,1786400465.5231063
8,9952,0.5110119581222534,0.4845430107526882,1786400465.6158128
8,9953,0.494178831577301,0.48510709504685406,1786400465.7127657
8,9954,0.3045128881931305,0.4856666666666667,1786400465.801173
8,9955,0.3338962197303772,0.4867197875166003,1786400465.8925798
8,9956,0.4004797041416168,0.4851190476190476,1786400465.9874527
8,9957,0.5929849743843079,0.48501317523056653,1786400466.0837855
8,9958,0.36792510747909546,0.484251968503937,1786400466.1737661
8,9959,0.6087762117385864,0.4841503267973856,1786400466.2667694
8,9960,0.6166521310806274,0.4837239583333333,1786400466.3568466
8,9961,0.3482864797115326,0.48265239948119326,1786400466.4545267
8,9962,0.2624574899673462,0.48320413436692505,1786400466.5484445
8,9963,0.48799434304237366,0.48326898326898327,1786400466.64877
8,9964,0.4535140097141266,0.48221153846153847,1786400466.7394123
8,9965,0.4212258458137512,0.48227969348659006,1786400466.82947
8,9966,0.27660492062568665,0.48298346055979646,1786400466.9201934
8,9967,0.5582859516143799,0.4828897338403042,1786400467.010134
8,9968,0.3696405589580536,0.48137626262626265,1786400467.1097553
8,9969,0.34528547525405884,0.4817610062893082,1786400467.2106466
8,9970,0.590374231338501,0.48151629072681706,1786400467.300054
8,9971,0.4540124833583832,0.4809612983770287,1786400467.3909392
8,9972,0.327702134847641,0.4808768656716418,1786400467.4794924
8,9973,0.5718327164649963,0.4801734820322181,1786400467.5769267
8,9974,0.28785601258277893,0.4810185185185185,1786400467.6654286
8,9975,0.3946755528450012,0.48093480934809346,1786400467.7555854
8,9976,0.33830150961875916,0.4806985294117647,1786400467.8542943
8,9977,0.3819289207458496,0.48092185592185593,1786400467.947791
8,9978,0.3844902515411377,0.4814476885644769,1786400468.037924
8,9979,0.3523595929145813,0.4816666666666667,1786400468.1274192
8,9980,0.29761260747909546,0.48233695652173914,1786400468.2225847
8,9981,0.4326496720314026,0.48209987966305656,1786400468.3121674
8,9982,0.4353810250759125,0.4821642685851319,1786400468.401866
8,9983,0.4083719253540039,0.482078853046595,1786400468.4906075
8,9984,0.3630208969116211,0.4816964285714286,1786400468.581296
8,9985,0.3563583791255951,0.4819098457888493,1786400468.679436
8,9986,0.3255161643028259,0.48226950354609927,1786400468.768759
8,9987,0.6324555277824402,0.4823321554770318,1786400468.8614683
8,9988,0.5009129047393799,0.4819542253521127,1786400468.9623241
8,9989,0.3192391097545624,0.48260233918128653,1786400469.0534184
8,9990,0.547321617603302,0.481497668997669,1786400469.143269
8,9991,0.3132575452327728,0.4801103368176539,1786400469.2377121
8,9992,0.42607206106185913,0.48046875,1786400469.3378634
8,9993,0.5862093567848206,0.4802479815455594,1786400469.4337811
8,9994,0.3433390259742737,0.48089080459770117,1786400469.5310571
8,9995,0.31430771946907043,0.4809564719358534,1786400469.6230624
8,9996,0.32767000794410706,0.4820205479452055,1786400469.7121968
8,9997,0.3009169101715088,0.48236632536973834,1786400469.80187
8,9998,0.34644192457199097,0.4827097505668934,1786400469.8926098
8,9999,0.5685182809829712,0.48177966101694913,1786400469.9822564
8,10000,0.34829050302505493,0.48085585585585583,1786400470.0819862
8,10001,0.35410434007644653,0.48162177328843997,1786400470.1721556
8,10002,0.2673242390155792,0.48210290827740493,1786400470.2728295
8,10003,0.22322408854961395,0.4831382385730212,1786400470.3633564
8,10004,0.3515741527080536,0.48347222222222225,1786400470.4535353
8,10005,0.34887564182281494,0.483250276854928,1786400470.5432215
8,10006,0.40013742446899414,0.4833057395143488,1786400470.637005
8,10007,0.38123488426208496,0.4837733773377338,1786400470.735069
8,10008,0.38892513513565063,0.4838267543859649,1786400470.8247454
8,10009,0.39985620975494385,0.48456284153005463,1786400470.9175696
8,10010,0.31809142231941223,0.4850217864923747,1786400471.0136468
8,10011,0.3361487090587616,0.48507057546145493,1786400471.1028168
8,10012,0.35600343346595764,0.4855248917748918,1786400471.2029917
8,10013,0.5377365350723267,0.485571736785329,1786400471.293024
8,10014,0.39878126978874207,0.4860215053763441,1786400471.3842342
8,10015,0.5782594084739685,0.48512861736334406,1786400471.4828804
8,10016,0.29408684372901917,0.48544337606837606,1786400471.5719945
8,10017,0.43425452709198,0.48535676251331206,1786400471.6685343
8,10018,0.4899328947067261,0.4854033970276008,1786400471.7600384
8,10019,0.5619096755981445,0.4846560846560847,1786400471.8558004
8,10020,0.47141391038894653,0.4844409282700422,1786400471.9568434
8,10021,0.4860703945159912,0.4848843322818086,1786400472.0462086
8,10022,0.4361211061477661,0.4841457023060797,1786400472.136977
8,10023,0.407272607088089,0.4832810867293626,1786400472.2262592
8,10024,0.33202147483825684,0.4837239583333333,1786400472.315645
8,10025,0.466275691986084,0.4837746625129803,1786400472.413878
8,10026,0.24922403693199158,0.484083850931677,1786400472.5013878
8,10027,0.44467395544052124,0.48464912280701755,1786400472.5950606
8,10028,0.33963364362716675,0.48469650205761317,1786400472.6879067
8,10029,0.42766180634498596,0.4847435897435897,1786400472.7783048
8,10030,0.46713560819625854,0.4847903885480573,1786400472.867633
8,10031,0.4019143581390381,0.48432721712538224,1786400472.9572818
8,10032,0.3773375451564789,0.48526422764227645,1786400473.0467658
8,10033,0.2868598699569702,0.48606889564336375,1786400473.1350293
8,10034,0.45810991525650024,0.48547979797979796,1786400473.232094
8,10035,0.5382024049758911,0.4857754279959718,1786400473.32269
8,10036,0.4469711184501648,0.4851907630522088,1786400473.4133925
8,10037,0.5074093341827393,0.48485985985985985,1786400473.503545
8,10038,0.34448686242103577,0.4851546906187625,1786400473.6015875
8,10039,0.24370034039020538,0.48569651741293535,1786400473.692834
8,10040,0.7141916155815125,0.4851190476190476,1786400473.7823718
8,10041,0.31085067987442017,0.48454500494559843,1786400473.874659
8,10042,0.487208753824234,0.48409763313609466,1786400473.9648206
8,10043,0.48207372426986694,0.48402163225172073,1786400474.0550022
8,10044,0.5231163501739502,0.48333333333333334,1786400474.1458533
8,10045,0.43244025111198425,0.48362658846529816,1786400474.2352502
8,10046,0.43447157740592957,0.4837962962962963,1786400474.3265538
8,10047,0.3537895977497101,0.4837220602526725,1786400474.4154286
8,10048,0.34909310936927795,0.483890503875969,1786400474.5052686
8,10049,0.34274402260780334,0.48405797101449277,1786400474.5958395
8,10050,0.4112377464771271,0.48446531791907516,1786400474.685935
8,10051,0.4322393238544464,0.4846301633045149,1786400474.7770095
8,10052,0.4195442199707031,0.4849137931034483,1786400474.869158
8,10053,0.5463577508926392,0.4850764087870105,1786400474.9679785
8,10054,0.3060488998889923,0.48547619047619045,1786400475.05951
8,10055,0.3224964737892151,0.4851614434947768,1786400475.1514797
8,10056,0.4723275899887085,0.4850852272727273,1786400475.24281
8,10057,0.2576429545879364,0.48418319169027385,1786400475.334931
8,10058,0.4127463698387146,0.4841101694915254,1786400475.4279344
8,10059,0.3283006250858307,0.48345070422535213,1786400475.5254216
8,10060,0.36104685068130493,0.48349719101123595,1786400475.617528
8,10061,0.33907559514045715,0.48249299719887956,1786400475.7105145
8,10062,0.36811140179634094,0.482891061452514,1786400475.8031547
8,10063,0.2671225368976593,0.48351903435468896,1786400475.8933067
8,10064,0.2672140300273895,0.4842592592592593,1786400475.9847913
8,10065,0.5951102375984192,0.48487996306555864,1786400476.0772884
8,10066,0.3539885878562927,0.4849217311233886,1786400476.1725497
8,10067,0.5197845697402954,0.48484848484848486,1786400476.2653491
8,10068,0.5786840915679932,0.4842032967032967,1786400476.3573518
8,10069,0.4280616343021393,0.4845890410958904,1786400476.4500346
8,10070,0.2200540155172348,0.4850865209471767,1786400476.5529132
8,10071,0.42783159017562866,0.4851271571298819,1786400476.6457894
8,10072,0.36560267210006714,0.4855072463768116,1786400476.735621
8,10073,0.3350589871406555,0.48622402890695576,1786400476.8263435
8,10074,0.2755683958530426,0.4864864864864865,1786400476.923605
8,10075,0.3078652024269104,0.4867475292003594,1786400477.0143666
8,10076,0.36292487382888794,0.48689516129032256,1786400477.1068087
8,10077,0.3571450114250183,0.487153708668454,1786400477.199341
8,10078,0.34589841961860657,0.4871880570409982,1786400477.291653
8,10079,0.532961368560791,0.4872222222222222,1786400477.3946335
8,10080,0.5606008768081665,0.48692375886524825,1786400477.4968922
8,10081,0.26904556155204773,0.4874005305039788,1786400477.6031082
8,10082,0.31616273522377014,0.4877645502645503,1786400477.6985931
8,10083,0.28794795274734497,0.4883465259454705,1786400477.7894483
8,10084,0.4276218116283417,0.48848684210526316,1786400477.8806343
8,10085,0.4369959235191345,0.4887357830271216,1786400477.971528
8,10086,0.3851631283760071,0.4887652705061082,1786400478.069228
8,10087,0.2627750337123871,0.4880330722367276,1786400478.1715977
8,10088,0.49347278475761414,0.4870876736111111,1786400478.2646756
8,10089,0.5729151964187622,0.4871212121212121,1786400478.3661735
8,10090,0.34607475996017456,0.48737046632124353,1786400478.4591126
8,10091,0.5471322536468506,0.48729543496985356,1786400478.5567434
8,10092,0.3862663805484772,0.48765034364261167,1786400478.647351
8,10093,0.5147450566291809,0.487146529562982,1786400478.7474577
8,10094,0.44533592462539673,0.4863247863247863,1786400478.8409994
8,10095,0.34286361932754517,0.48667945439045185,1786400478.9310377
8,10096,0.396563857793808,0.4867134353741497,1786400479.0231316
8,10097,0.34295034408569336,0.48706530958439354,1786400479.1132002
8,10098,0.5025513768196106,0.48709813874788493,1786400479.203895
8,10099,0.303022176027298,0.48713080168776374,1786400479.2955785
8,10100,0.28201812505722046,0.48674242424242425,1786400479.388056
8,10101,0.23019322752952576,0.48740554156171284,1786400479.4804852
8,10102,0.3189027011394501,0.48785594639866,1786400479.577493
8,10103,0.5905945301055908,0.4872598162071846,1786400479.6799586
8,10104,0.3995622396469116,0.4872916666666667,1786400479.7712169
8,10105,0.5182384252548218,0.4872194513715711,1786400479.861978
8,10106,0.31782692670822144,0.4874585406301824,1786400479.9516783
8,10107,0.43380534648895264,0.48779983457402815,1786400480.0546534
8,10108,0.6338915228843689,0.48803630363036304,1786400480.144833
8,10109,0.3565964102745056,0.48847736625514404,1786400480.23696
8,10110,0.48214784264564514,0.48778735632183906,1786400480.334819
8,10111,0.3690517544746399,0.488022113022113,1786400480.4272842
8,10112,0.6083425283432007,0.48764297385620914,1786400480.5171406
8,10113,0.3374941945075989,0.48797881010594946,1786400480.609417
8,10114,0.3552217483520508,0.4883130081300813,1786400480.7025077
8,10115,0.5836377143859863,0.4880373073803731,1786400480.7948692
8,10116,0.7210367918014526,0.4878640776699029,1786400480.8872364
8,10117,0.4711971580982208,0.48789346246973364,1786400480.978016
8,10118,0.5118920207023621,0.48752012882447665,1786400481.0703356
8,10119,0.3194250762462616,0.4879518072289157,1786400481.161014
8,10120,0.3612387180328369,0.48717948717948717,1786400481.2592056
8,10121,0.2733345925807953,0.4864108713029576,1786400481.3526237
8,10122,0.37532398104667664,0.48634370015948963,1786400481.442741
8,10123,0.48040854930877686,0.48637629276054095,1786400481.534485
8,10124,0.34452155232429504,0.48660714285714285,1786400481.6340203
8,10125,0.6097459197044373,0.48634204275534443,1786400481.7246833
8,10126,0.3514440655708313,0.4864731437598736,1786400481.8147197
8,10127,0.42842650413513184,0.4864066193853428,1786400481.9125583
8,10128,0.4517260193824768,0.48673349056603776,1786400482.0057995
8,10129,0.3692276179790497,0.486078431372549,1786400482.0951376
8,10130,0.35473278164863586,0.48620892018779344,1786400482.1983783
8,10131,0.3171727955341339,0.4855581576893052,1786400482.3007421
8,10132,0.4528280198574066,0.4855919003115265,1786400482.392399
8,10133,0.3437148928642273,0.4858197358197358,1786400482.494936
8,10134,0.3577508330345154,0.4866279069767442,1786400482.5851922
8,10135,0.43401867151260376,0.4869489559164733,1786400482.6783464
8,10136,0.5338263511657715,0.486304012345679,1786400482.7689095
8,10137,0.5560410022735596,0.48566204772902233,1786400482.8593826
8,10138,0.3307022452354431,0.4853110599078341,1786400482.9620986
8,10139,0.266231894493103,0.48563218390804597,1786400483.0538101
8,10140,0.2818799912929535,0.48623853211009177,1786400483.1457057
8,10141,0.45425868034362793,0.486651411136537,1786400483.2427726
8,10142,0.33197706937789917,0.4863013698630137,1786400483.3454907
8,10143,0.18918900191783905,0.4869969627942293,1786400483.447898
8,10144,0.31167733669281006,0.48731060606060606,1786400483.5383644
8,10145,0.5618656873703003,0.4871504157218443,1786400483.6279056
8,10146,0.4015548825263977,0.48651960784313725,1786400483.7214494
8,10147,0.519537091255188,0.48579759217456736,1786400483.8237169
8,10148,0.28211894631385803,0.4860172672672673,1786400483.925351
8,10149,0.31989479064941406,0.4860486891385768,1786400484.0243676
8,10150,0.4393170475959778,0.48654708520179374,1786400484.1150029
8,10151,0.33280012011528015,0.48592468307233405,1786400484.2142293
8,10152,0.3118014931678772,0.4861421130952381,1786400484.3072207
8,10153,0.4005488157272339,0.4862657757980698,1786400484.396494
8,10154,0.30703216791152954,0.48657407407407405,1786400484.4951503
8,10155,0.4142768085002899,0.48697339246119736,1786400484.5929177
8,10156,0.2898326516151428,0.4875553097345133,1786400484.6939855
8,10157,0.34151095151901245,0.48776674025018396,1786400484.7928162
8,10158,0.5387192964553833,0.48751835535976507,1786400484.888794
8,10159,0.3374238610267639,0.48754578754578753,1786400484.9789667
8,10160,0.424412339925766,0.48739035087719296,1786400485.0705245
8,10161,0.3383287489414215,0.487509117432531,1786400485.1616967
8,10162,0.31143489480018616,0.4877183406113537,1786400485.2598927
8,10163,0.32124048471450806,0.48792665214233844,1786400485.3626537
8,10164,0.3664688169956207,0.4881340579710145,1786400485.459754
8,10165,0.31147995591163635,0.48734634851771513,1786400485.5613074
8,10166,0.4078074097633362,0.4878246753246753,1786400485.652819
8,10167,0.6579429507255554,0.48740100791936647,1786400485.7484012
8,10168,0.5050747394561768,0.48670977011494254,1786400485.8437083
8,10169,0.4478869140148163,0.48664874551971327,1786400485.935506
8,10170,0.4436497688293457,0.4863197424892704,1786400486.030205
8,10171,0.515583336353302,0.4860813704496788,1786400486.1224968
8,10172,0.5750378370285034,0.48548789173789175,1786400486.22417
8,10173,0.27791836857795715,0.4861407249466951,1786400486.3281603
8,10174,0.4941420257091522,0.48554964539007095,1786400486.4292097
8,10175,0.44329240918159485,0.4855803255484784,1786400486.5289786
8,10176,0.41315436363220215,0.4849046610169492,1786400486.6260774
8,10177,0.5123320817947388,0.4847603946441156,1786400486.721394
8,10178,0.3682518005371094,0.485056258790436,1786400486.8113835
8,10179,0.5265043377876282,0.4850877192982456,1786400486.9025657
8,10180,0.4151327610015869,0.4852941176470588,1786400486.9998972
8,10181,0.41414013504981995,0.48515024458420686,1786400487.0921125
8,10182,0.401999831199646,0.4850069735006973,1786400487.1943817
8,10183,0.511277973651886,0.4850382741823243,1786400487.2921677
8,10184,0.34961754083633423,0.48515625,1786400487.3934941
8,10185,0.36015260219573975,0.4844941094941095,1786400487.5024962
8,10186,0.3750194013118744,0.4846991701244813,1786400487.5936704
8,10187,0.6082044243812561,0.48412698412698413,1786400487.7030926
8,10188,0.3612992465496063,0.48415977961432505,1786400487.792997
8,10189,0.508247971534729,0.4838487972508591,1786400487.8910575
8,10190,0.35122039914131165,0.48396776406035663,1786400487.981956
8,10191,0.40318286418914795,0.4834873374401095,1786400488.072603
8,10192,0.5288474559783936,0.48300887978142076,1786400488.1754045
8,10193,0.42689794301986694,0.4832992501704158,1786400488.277133
8,10194,0.314144492149353,0.48333333333333334,1786400488.3676581
8,10195,0.29440879821777344,0.48370672097759676,1786400488.4579031
8,10196,0.39148905873298645,0.48390921409214094,1786400488.549625
8,10197,0.42415791749954224,0.4832657200811359,1786400488.6399097
8,10198,0.5005568265914917,0.4832995951417004,1786400488.7438068
8,10199,0.28178659081459045,0.48282828282828283,1786400488.842227
8,10200,0.3812771439552307,0.4830309139784946,1786400488.9413664
8,10201,0.4225216209888458,0.48381958417169685,1786400489.0309973
8,10202,0.45439085364341736,0.4838520749665328,1786400489.121191
8,10203,0.39812713861465454,0.4840514362057448,1786400489.2192214
8,10204,0.24540548026561737,0.4845833333333333,1786400489.3080344
8,10205,0.290278822183609,0.4838656021290752,1786400489.405323
8,10206,0.37066948413848877,0.48406374501992033,1786400489.4942203
8,10207,0.33932438492774963,0.48442677269715045,1786400489.5934784
8,10208,0.6366534233093262,0.4837962962962963,1786400489.6834548
8,10209,0.4653148651123047,0.4830858085808581,1786400489.7744603
8,10210,0.3695797920227051,0.4832839262187088,1786400489.8637514
8,10211,0.40642914175987244,0.48356344510190663,1786400489.9626598
8,10212,0.28814196586608887,0.4838418635170604,1786400490.0542367
8,10213,0.368269681930542,0.48403732809430255,1786400490.1444592
8,10214,0.46197640895843506,0.48366013071895425,1786400490.234738
8,10215,0.3667590320110321,0.48393672537508153,1786400490.3262906
8,10216,0.3699559271335602,0.4840494791666667,1786400490.4184194
8,10217,0.3876097500324249,0.48391812865497075,1786400490.518427
8,10218,0.4555121660232544,0.48403047989623865,1786400490.6089482
8,10219,0.3260766565799713,0.48398058252427184,1786400490.7032337
8,10220,0.638582170009613,0.4838501291989664,1786400490.8038118
8,10221,0.28107723593711853,0.48404255319148937,1786400490.8923242
8,10222,0.36431944370269775,0.48326898326898327,1786400490.9897761
8,10223,0.3991146683692932,0.48346178548490687,1786400491.0988832
8,10224,0.34543490409851074,0.48373397435897436,1786400491.1955743
8,10225,0.43613898754119873,0.48304542546385154,1786400491.2924006
8,10226,0.2840702533721924,0.483397190293742,1786400491.3869872
8,10227,0.36111196875572205,0.4835882727852135,1786400491.475338
8,10228,0.37129518389701843,0.4833015267175573,1786400491.5637057
8,10229,0.3825523555278778,0.48293650793650794,1786400491.6630826
8,10230,0.35902807116508484,0.48344423320659063,1786400491.7515113
8,10231,0.235224649310112,0.4838709677419355,1786400491.8410127
8,10232,0.4124849736690521,0.48413825757575757,1786400491.9317544
8,10233,0.38247987627983093,0.4841682419659735,1786400492.0224335
8,10234,0.4363010823726654,0.4839622641509434,1786400492.111388
8,10235,0.3373023569583893,0.48407093534212176,1786400492.2107286
8,10236,0.21665066480636597,0.4844141604010025,1786400492.300148
8,10237,0.28741851449012756,0.4845215759849906,1786400492.3890786
8,10238,0.40479806065559387,0.48431647940074907,1786400492.4825845
8,10239,0.3266279995441437,0.48457943925233643,1786400492.5801358
8,10240,0.2809109389781952,0.48468594527363185,1786400492.6803071
8,10241,0.3761335611343384,0.4850248292985723,1786400492.7781107
8,10242,0.42615997791290283,0.48497521685254025,1786400492.8698776
8,10243,0.4446994662284851,0.48523500309214596,1786400492.9672832
8,10244,0.30816981196403503,0.48564814814814816,1786400493.0584219
8,10245,0.3500117063522339,0.4857516943930992,1786400493.1509748
8,10246,0.608306884765625,0.48547047970479706,1786400493.2408447
8,10247,0.3470165729522705,0.48595764272559855,1786400493.3315978
8,10248,0.31031903624534607,0.48613664215686275,1786400493.4264247
8,10249,0.3341049551963806,0.4864678899082569,1786400493.522369
8,10250,0.45692914724349976,0.48656898656898656,1786400493.6168118
8,10251,0.4125206172466278,0.48636502132845827,1786400493.7159078
8,10252,0.3069726824760437,0.4865419708029197,1786400493.8056853
8,10253,0.3232903778553009,0.4860352155434123,1786400493.8970308
8,10254,0.3989020586013794,0.48643939393939395,1786400493.986419
8,10255,0.37082549929618835,0.4867664851784634,1786400494.088412
8,10256,0.3639468252658844,0.4867149758454106,1786400494.1780357
8,10257,0.28131717443466187,0.4859855334538879,1786400494.2723162
8,10258,0.34972572326660156,0.4854843561973526,1786400494.3696215
8,10259,0.24897241592407227,0.4861111111111111,1786400494.4602635
8,10260,0.5299896001815796,0.48598621103117506,1786400494.552171
8,10261,0.3375910222530365,0.4861609814482346,1786400494.6417308
8,10262,0.3102756440639496,0.48648446833930703,1786400494.7352848
8,10263,0.2723786234855652,0.48673225998807396,1786400494.8352501
8,10264,0.5380153059959412,0.48683035714285716,1786400494.9257178
8,10265,0.40303248167037964,0.48722519310754603,1786400495.018676
8,10266,0.2579604983329773,0.4876186239620403,1786400495.1133814
8,10267,0.4360898733139038,0.48786264061574897,1786400495.203486
8,10268,0.338905930519104,0.48699763593380613,1786400495.29486
8,10269,0.3556477129459381,0.4871681415929204,1786400495.3842955
8,10270,0.2841198444366455,0.4875588928150766,1786400495.4738736
8,10271,0.3427554965019226,0.4869929453262787,1786400495.5698967
8,10272,0.34609556198120117,0.4873092723004695,1786400495.6635191
8,10273,0.3480960726737976,0.48733157586408904,1786400495.7594097
8,10274,0.4453943967819214,0.487280701754386,1786400495.8492064
8,10275,0.5872072577476501,0.4867192060712201,1786400495.9423628
8,10276,0.4085880219936371,0.4866695804195804,1786400496.0362597
8,10277,0.3730143904685974,0.4869109947643979,1786400496.1316977
8,10278,0.23798184096813202,0.4872967479674797,1786400496.227633
8,10279,0.31839653849601746,0.48746376811594205,1786400496.3234212
8,10280,0.31411391496658325,0.4869791666666667,1786400496.423603
8,10281,0.2916831374168396,0.48642403235124204,1786400496.513443
8,10282,0.2646196782588959,0.48666378316032294,1786400496.6028397
8,10283,0.2370518296957016,0.48704663212435234,1786400496.6927624
8,10284,0.48493218421936035,0.48714080459770115,1786400496.7905822
8,10285,0.27739495038986206,0.48759323006310956,1786400496.8821301
8,10286,0.25029030442237854,0.48804410080183275,1786400496.9777887
8,10287,0.31139522790908813,0.4885648942252716,1786400497.067247
8,10288,0.45624133944511414,0.4886558219178082,1786400497.1554573
8,10289,0.34556466341018677,0.4888888888888889,1786400497.252427
8,10290,0.5080175399780273,0.48912116040955633,1786400497.3414907
8,10291,0.4623444080352783,0.48857183418512207,1786400497.441297
8,10292,0.3245960474014282,0.48816609977324266,1786400497.5329738
8,10293,0.5422027111053467,0.48754951895868703,1786400497.6282127
8,10294,0.37508368492126465,0.48771186440677966,1786400497.7197332
8,10295,0.4417326748371124,0.48752115059221657,1786400497.8142478
8,10296,0.391459196805954,0.48789414414414417,1786400497.9074485
8,10297,0.33293768763542175,0.48812535132096685,1786400498.0051374
8,10298,0.42602354288101196,0.4885662177328844,1786400498.1016252
8,10299,0.4989684820175171,0.4887254901960784,1786400498.1965318
8,10300,0.25034573674201965,0.4890939597315436,1786400498.2924235
8,10301,0.40092891454696655,0.48848408710217756,1786400498.3842232
8,10302,0.5563085079193115,0.4879459308807135,1786400498.4742835
8,10303,0.46593645215034485,0.4875486922648859,1786400498.5704563
8,10304,0.2639615833759308,0.4878472222222222,1786400498.6608963
8,10305,0.36441436409950256,0.48786744315030506,1786400498.7535968
8,10306,0.4228565990924835,0.4878875968992248,1786400498.8445153
8,10307,0.5184019804000854,0.48770038695411827,1786400498.9432573
8,10308,0.31714344024658203,0.48737582781456956,1786400499.0358217
8,10309,0.3232158422470093,0.4869146005509642,1786400499.1317446
8,10310,0.4295266270637512,0.4868674367436744,1786400499.220806
8,10311,0.2855110466480255,0.4870950027457441,1786400499.3195682
8,10312,0.27341514825820923,0.48739035087719296,1786400499.4094477
8,10313,0.6484048962593079,0.4874110563765736,1786400499.5052376
8,10314,0.5298252701759338,0.48743169398907105,1786400499.5992367
8,10315,0.3383924067020416,0.4875886524822695,1786400499.6877496
8,10316,0.9381122589111328,0.4874727668845316,1786400499.7783067
8,10317,0.43149715662002563,0.48769711799891247,1786400499.867612
8,10318,0.2713962197303772,0.48805646036916395,1786400499.9568565
8,10319,0.3574705719947815,0.4883468834688347,1786400500.0477688
8,10320,0.5289689898490906,0.4881628787878788,1786400500.1376956
8,10321,0.3780727982521057,0.48811453268503513,1786400500.2324333
8,10322,0.47311925888061523,0.4880663430420712,1786400500.3309488
8,10323,0.22060325741767883,0.48848949919224555,1786400500.4213252
8,10324,0.5353481769561768,0.4887768817204301,1786400500.5119352
8,10325,0.28089091181755066,0.48906333870101987,1786400500.611455
8,10326,0.42247825860977173,0.4884780278670954,1786400500.7015672
8,10327,0.2751121520996094,0.4888309256286784,1786400500.7920427
8,10328,0.4371451437473297,0.4889155982905983,1786400500.8841813
8,10329,0.4500507414340973,0.4886666666666667,1786400500.9781199
8,10330,0.2245105803012848,0.4880857294994675,1786400501.069009
8,10331,0.43744775652885437,0.48830409356725146,1786400501.1653774
8,10332,0.3975067138671875,0.48838906581740976,1786400501.2554297
8,10333,0.29759204387664795,0.4886724960254372,1786400501.349465
8,10334,0.6119719743728638,0.4884920634920635,1786400501.4469
8,10335,0.2915043532848358,0.4887744321183307,1786400501.5367975
8,10336,0.22929900884628296,0.4889899789029536,1786400501.627337
8,10337,0.2559815049171448,0.48927066877303843,1786400501.7236147
8,10338,0.30986130237579346,0.4893533123028391,1786400501.8159695
8,10339,0.3011789917945862,0.4893700787401575,1786400501.9140522
8,10340,0.45277056097984314,0.48951781970649894,1786400502.0040097
8,10341,0.33192336559295654,0.4897959183673469,1786400502.1009588
8,10342,0.31091979146003723,0.4898119122257053,1786400502.1906328
8,10343,0.36498138308525085,0.48976264997391755,1786400502.2816176
8,10344,0.3550592064857483,0.48997395833333335,1786400502.3794825
8,10345,0.34834203124046326,0.49005460218408736,1786400502.4706955
8,10346,0.44445955753326416,0.4895508826583593,1786400502.5653183
8,10347,0.445488840341568,0.48950233281493,1786400502.6585891
8,10348,0.29217588901519775,0.4897774327122153,1786400502.7469933
8,10349,0.40447404980659485,0.48979328165374675,1786400502.8428304
8,10350,0.5822070240974426,0.48980908152734776,1786400502.9338121
8,10351,0.3087141513824463,0.49008243173621846,1786400503.023145
8,10352,0.43517157435417175,0.48996913580246915,1786400503.1216655
8,10353,0.3901781141757965,0.49004879301489473,1786400503.211301
8,10354,0.36866456270217896,0.4903205128205128,1786400503.301041
8,10355,0.3473970293998718,0.49033538146441374,1786400503.390696
8,10356,0.3719501495361328,0.4904780163599182,1786400503.4799843
8,10357,0.2559126913547516,0.4899183256763655,1786400503.5808485
8,10358,0.29796484112739563,0.48993374108053006,1786400503.682173
8,10359,0.5786399245262146,0.48963104325699747,1786400503.772255
8,10360,0.47858530282974243,0.4897738821138211,1786400503.8681276
8,10361,0.5762400031089783,0.48928209030948755,1786400503.9614851
8,10362,0.2886379659175873,0.48980496453900707,1786400504.0510216
8,10363,0.4469689726829529,0.48994688922610014,1786400504.141004
8,10364,0.4444465935230255,0.4900883838383838,1786400504.2300498
8,10365,0.535011351108551,0.489851235501765,1786400504.3240635
8,10366,0.2720709443092346,0.4901183282980866,1786400504.4199739
8,10367,0.33256345987319946,0.4904474610356963,1786400504.512716
8,10368,0.2494107484817505,0.49065010040160645,1786400504.601017
8,10369,0.5156831741333008,0.4905388471177945,1786400504.6905625
8,10370,0.6470781564712524,0.49067817817817816,1786400504.78088
8,10371,0.37117183208465576,0.49031734132933535,1786400504.8702543
8,10372,0.2775513529777527,0.4907684630738523,1786400504.962192
8,10373,0.3309827446937561,0.4908445440956652,1786400505.0606391
8,10374,0.31304842233657837,0.49092039800995024,1786400505.150722
8,10375,0.4540189802646637,0.49118231495280673,1786400505.2501752
8,10376,0.3554019331932068,0.4913194444444444,1786400505.34092
8,10377,0.2477019876241684,0.4916419019316493,1786400505.4322956
8,10378,0.32958295941352844,0.491839762611276,1786400505.5225363
8,10379,0.32991594076156616,0.49191358024691356,1786400505.6128266
8,10380,0.4350951910018921,0.4921104536489152,1786400505.7029123
8,10381,0.4742368161678314,0.49175283111767604,1786400505.8009791
8,10382,0.5088344216346741,0.4917649950835792,1786400505.8909307
8,10383,0.40139758586883545,0.49177712322042216,1786400505.9886644
8,10384,0.2756192088127136,0.492156862745098,1786400506.085952
8,10385,0.4373553991317749,0.49222956436612825,1786400506.1763155
8,10386,0.2563364505767822,0.49248533724340177,1786400506.265637
8,10387,0.43738600611686707,0.4928013665202538,1786400506.3572278
8,10388,0.3013680875301361,0.4929337231968811,1786400506.447098
8,10389,0.31474828720092773,0.4931265206812652,1786400506.542755
8,10390,0.3891986012458801,0.49350097181729835,1786400506.6379309
8,10391,0.6135976314544678,0.49338913148956814,1786400506.7275429
8,10392,0.306484580039978,0.4929142441860465,1786400506.8175657
8,10393,0.4532751441001892,0.49256168359941943,1786400506.9129336
8,10394,0.2651787996292114,0.49281400966183575,1786400507.0021954
8,10395,0.2915439307689667,0.49288470815243607,1786400507.1018398
8,10396,0.37102365493774414,0.49307562620423895,1786400507.1927986
8,10397,0.31261053681373596,0.4932058682058682,1786400507.2841556
8,10398,0.3581264317035675,0.493335734870317,1786400507.3747056
8,10399,0.6090719699859619,0.4934652278177458,1786400507.4650557
8,10400,0.36708128452301025,0.49353448275862066,1786400507.5643156
8,10401,0.29223018884658813,0.49378287900526063,1786400507.6654453
8,10402,0.3771976828575134,0.49373209169054444,1786400507.754376
8,10403,0.45776432752609253,0.4937410586552217,1786400507.844111
8,10404,0.2867770791053772,0.49333333333333335,1786400507.9448185
8,10405,0.5007613301277161,0.4930456490727532,1786400508.0339303
8,10406,0.3289686441421509,0.4932336182336182,1786400508.1306946
8,10407,0.4031001329421997,0.49336178283546706,1786400508.2207334
8,10408,0.32790297269821167,0.4934895833333333,1786400508.3102982
8,10409,0.32970908284187317,0.4934988179669031,1786400508.4059286
8,10410,0.583906352519989,0.4935080264400378,1786400508.504465
8,10411,0.4811145067214966,0.49286892975011787,1786400508.5942264
8,10412,0.36283910274505615,0.4927612994350282,1786400508.6855493
8,10413,0.37336722016334534,0.49265397273154676,1786400508.776727
8,10414,0.41757044196128845,0.4923708920187793,1786400508.8753088
8,10415,0.4537492096424103,0.49244022503516177,1786400508.9644258
8,10416,0.4160376191139221,0.49256788389513106,1786400509.0636406
8,10417,0.3041501045227051,0.49292893875642824,1786400509.1546295
8,10418,0.3698810636997223,0.4931139122315593,1786400509.2446513
8,10419,0.3410187065601349,0.4931235431235431,1786400509.3439064
8,10420,0.3434988856315613,0.4933077281191806,1786400509.4436853
8,10421,0.5005895495414734,0.4932008368200837,1786400509.534539
8,10422,0.33791613578796387,0.4932683379758589,1786400509.6234002
8,10423,0.3663311302661896,0.4934515530829856,1786400509.713238
8,10424,0.2556319236755371,0.4935763888888889,1786400509.8114579
8,10425,0.29762980341911316,0.49364308830328246,1786400509.902036
8,10426,0.3705947697162628,0.4934787626962142,1786400510.001898
8,10427,0.43606144189834595,0.49366067312125406,1786400510.0909991
8,10428,0.33606189489364624,0.49384208103130756,1786400510.19466
8,10429,0.4204939305782318,0.4939080459770115,1786400510.2967496
8,10430,0.3195984661579132,0.49345730027548207,1786400510.3878264
8,10431,0.3116282522678375,0.4936382393397524,1786400510.4764662
8,10432,0.5731366872787476,0.4931891025641026,1786400510.5662925
8,10433,0.44782811403274536,0.49348422496570643,1786400510.657605
8,10434,0.4736608862876892,0.4932077625570776,1786400510.7485347
8,10435,0.3133653402328491,0.49327405380756956,1786400510.8403156
8,10436,0.3594921827316284,0.4934540072859745,1786400510.9398162
8,10437,0.32028719782829285,0.49363346975898137,1786400511.0346127
8,10438,0.5740714073181152,0.49341507720254313,1786400511.1328988
8,10439,0.3076339662075043,0.4937641723356009,1786400511.2220333
8,10440,0.49582380056381226,0.493942481884058,1786400511.310668
8,10441,0.5186883211135864,0.4934984170058797,1786400511.410599
8,10442,0.35460999608039856,0.49299909665763325,1786400511.5102782
8,10443,0.4552629888057709,0.4930649526387009,1786400511.6094353
8,10444,0.4778479337692261,0.4931306306306306,1786400511.6990635
8,10445,0.4130268096923828,0.4932523616734143,1786400511.7886608
8,10446,0.4084673225879669,0.4932053009883199,1786400511.878372
8,10447,0.3416244685649872,0.4934387617765814,1786400511.9692657
8,10448,0.4234144985675812,0.49311155913978494,1786400512.0589995
8,10449,0.326915979385376,0.4930089485458613,1786400512.1489954
8,10450,0.49637502431869507,0.4925714924039321,1786400512.2397048
8,10451,0.5547855496406555,0.4921909861668898,1786400512.3299985
8,10452,0.3809702396392822,0.4922571301247772,1786400512.4221592
8,10453,0.3116302788257599,0.492601246105919,1786400512.5125628
8,10454,0.5086002349853516,0.49266666666666664,1786400512.6088738
8,10455,0.3511918783187866,0.4930093209054594,1786400512.7013934
8,10456,0.400887668132782,0.49279698581560283,1786400512.7939656
8,10457,0.2729700207710266,0.49302788844621515,1786400512.883731
8,10458,0.6818071603775024,0.49292661361626877,1786400512.9717157
8,10459,0.3220379948616028,0.4924944812362031,1786400513.06834
8,10460,0.35460737347602844,0.49211860670194,1786400513.16766
8,10461,0.5649448037147522,0.4917987670629679,1786400513.2771008
8,10462,0.5564202070236206,0.4918095866314864,1786400513.3727384
8,10463,0.5054239630699158,0.49203996486605184,1786400513.4717236
8,10464,0.3269297480583191,0.49221491228070174,1786400513.559175
8,10465,0.6277269124984741,0.4921156373193167,1786400513.6585002
8,10466,0.3627632260322571,0.4921259842519685,1786400513.7485273
8,10467,0.44299203157424927,0.49164482306684143,1786400513.8414962
8,10468,0.3164040744304657,0.49149214659685864,1786400513.9311519
8,10469,0.7089134454727173,0.49155773420479304,1786400514.0236113
8,10470,0.46972712874412537,0.491677545691906,1786400514.1138134
8,10471,0.30801922082901,0.4917427205562799,1786400514.20638
8,10472,0.2634469270706177,0.4912651909722222,1786400514.299384
8,10473,0.2940778434276581,0.4913307325530993,1786400514.3894691
8,10474,0.29459795355796814,0.4915584415584416,1786400514.4812286
8,10475,0.29864534735679626,0.49167747514051013,1786400514.5813856
8,10476,0.5364143252372742,0.49163428324697755,1786400514.6785007
8,10477,0.3517290949821472,0.4913755929279862,1786400514.7695785
8,10478,0.38019049167633057,0.4914405684754522,1786400514.872442
8,10479,0.33492788672447205,0.49155913978494625,1786400514.978723
8,10480,0.31425175070762634,0.49162371134020616,1786400515.069726
8,10481,0.42646676301956177,0.49174174174174173,1786400515.1644175
8,10482,0.37700924277305603,0.49191302485004285,1786400515.253485
8,10483,0.36255693435668945,0.49160248181429184,1786400515.35207
8,10484,0.3216690421104431,0.49172008547008544,1786400515.451782
8,10485,0.2781353294849396,0.4918907383696116,1786400515.54186
8,10486,0.3629302382469177,0.4914748508098892,1786400515.6384187
8,10487,0.4071996212005615,0.49148573861217537,1786400515.7280757
8,10488,0.2885500192642212,0.4917623299319728,1786400515.8216457
8,10489,0.2645440697669983,0.49198513800424626,1786400515.9146333
8,10490,0.34189194440841675,0.4922603901611535,1786400516.0114827
8,10491,0.27619361877441406,0.4923761118170267,1786400516.1018136
8,10492,0.51317298412323,0.49265016920473775,1786400516.191763
8,10493,0.32669931650161743,0.4928179129700042,1786400516.2810192
8,10494,0.5579543709754944,0.4925632911392405,1786400516.3787425
8,10495,0.6304911375045776,0.4922039612305099,1786400516.4799068
8,10496,0.3512764871120453,0.49189814814814814,1786400516.5755634
8,10497,0.4460316300392151,0.4917507356031946,1786400516.6726131
8,10498,0.3467630445957184,0.49144626364399663,1786400516.7627432
8,10499,0.39656466245651245,0.49156184486373167,1786400516.8534195
8,10500,0.23823824524879456,0.4911536850921273,1786400516.9426796
8,10501,0.3103150427341461,0.4912693433709745,1786400517.030727
8,10502,0.45299452543258667,0.49138471177944865,1786400517.1256013
8,10503,0.534359335899353,0.4914997914059241,1786400517.2242482
8,10504,0.5910638570785522,0.4913020833333333,1786400517.323617
8,10505,0.40330058336257935,0.4911048689138577,1786400517.4169574
8,10506,0.47155776619911194,0.4910120532003325,1786400517.5093343
8,10507,0.4234308898448944,0.49071191365711914,1786400517.5988603
8,10508,0.4052758514881134,0.49051616915422885,1786400517.6907465
8,10509,0.4182755649089813,0.490527950310559,1786400517.781705
8,10510,0.29382848739624023,0.4907464846980976,1786400517.8713033
8,10511,0.4555930495262146,0.4906030565881867,1786400517.9627192
8,10512,0.5013641715049744,0.49061468646864687,1786400518.0651288
8,10513,0.3519778251647949,0.4907807993407499,1786400518.1539838
8,10514,0.44051992893218994,0.4905349794238683,1786400518.2432113
8,10515,0.5258965492248535,0.49054665022605837,1786400518.3322418
8,10516,0.40987229347229004,0.49060960591133007,1786400518.4316852
8,10517,0.3029842674732208,0.4904161541615416,1786400518.5311403
8,10518,0.338819295167923,0.4905814905814906,1786400518.6311233
8,10519,0.31841710209846497,0.49074642126789364,1786400518.7284977
8,10520,0.2619173526763916,0.4909109477124183,1786400518.8184705
8,10521,0.36750489473342896,0.4911260709914321,1786400518.9074273
8,10522,0.4931541085243225,0.49123879380603097,1786400518.9992118
8,10523,0.37323740124702454,0.4913003663003663,1786400519.0885158
8,10524,0.4449634253978729,0.49141260162601624,1786400519.189663
8,10525,0.37379831075668335,0.49101705237515225,1786400519.279327
8,10526,0.38987424969673157,0.4906224655312247,1786400519.3828912
8,10527,0.24212771654129028,0.4908869987849332,1786400519.4716392
8,10528,0.3574482500553131,0.49094862459546923,1786400519.5608194
8,10529,0.47497299313545227,0.4908585858585859,1786400519.6515577
8,10530,0.29991790652275085,0.49107142857142855,1786400519.7518644
8,10531,0.462549090385437,0.4911829907295445,1786400519.841921
8,10532,0.48928916454315186,0.491243961352657,1786400519.9319715
8,10533,0.49767035245895386,0.4910032167269803,1786400520.0251787
8,10534,0.25301259756088257,0.49126506024096384,1786400520.1134484
8,10535,0.259780615568161,0.4914761331728841,1786400520.2081344
8,10536,0.5580006837844849,0.49138621794871795,1786400520.3038952
8,10537,0.39551785588264465,0.4913965586234494,1786400520.3943415
8,10538,0.500732958316803,0.4914568345323741,1786400520.4817703
8,10539,0.5239061117172241,0.49161676646706587,1786400520.5749817
8,10540,0.5955654978752136,0.49137759170653905,1786400520.6717315
8,10541,0.4739890694618225,0.4913381123058542,1786400520.7716022
8,10542,0.4707043468952179,0.49119928400954654,1786400520.8644278
8,10543,0.3337096571922302,0.4913587604290822,1786400520.9551184
8,10544,0.35023847222328186,0.4913690476190476,1786400521.0472937
8,10545,0.3537009060382843,0.49142885453824814,1786400521.1377454
8,10546,0.4883960485458374,0.49143903404592243,1786400521.2296216
8,10547,0.5459784865379333,0.49110320284697506,1786400521.3247032
8,10548,0.4815281927585602,0.49101500789889413,1786400521.4246705
8,10549,0.38330766558647156,0.4911735700197239,1786400521.5140777
8,10550,0.4945968985557556,0.4912332545311269,1786400521.6059754
8,10551,0.4156964421272278,0.4912927981109799,1786400521.709388
8,10552,0.5438110828399658,0.4913522012578616,1786400521.800079
8,10553,0.32891765236854553,0.49111700039261874,1786400521.9053907
8,10554,0.5487349033355713,0.49098039215686273,1786400522.002675
8,10555,0.33492860198020935,0.49099099099099097,1786400522.0936103
8,10556,0.2853054702281952,0.491343896713615,1786400522.185062
8,10557,0.3212123215198517,0.4914028917545916,1786400522.2761946
8,10558,0.5736446380615234,0.4909250585480094,1786400522.3799129
8,10559,0.34020915627479553,0.4909844054580897,1786400522.4742527
8,10560,0.2897189259529114,0.4912383177570093,1786400522.5700462
8,10561,0.4154565930366516,0.4912971606378841,1786400522.6659431
8,10562,0.544309139251709,0.49106449106449107,1786400522.7579658
8,10563,0.26990193128585815,0.4911719053162592,1786400522.8491504
8,10564,0.49245485663414,0.49137596899224806,1786400522.9398563
8,10565,0.2788245677947998,0.49114401858304296,1786400523.031017
8,10566,0.35070693492889404,0.4912509667440062,1786400523.131073
8,10567,0.39295634627342224,0.49135766705291617,1786400523.2326586
8,10568,0.27248117327690125,0.4916570216049383,1786400523.3248348
8,10569,0.3077410161495209,0.491859344894027,1786400523.4148495
8,10570,0.5613994598388672,0.49153194765204006,1786400523.505573
8,10571,0.4031068980693817,0.49130142252979625,1786400523.6031544
8,10572,0.3355207145214081,0.4914074500768049,1786400523.7063868
8,10573,0.35059037804603577,0.4914173379363253,1786400523.7974038
8,10574,0.289171427488327,0.49157088122605364,1786400523.888326
8,10575,0.3705604672431946,0.4911978568694987,1786400523.9826756
8,10576,0.4930144250392914,0.4913512996941896,1786400524.0876918
8,10577,0.5509265661239624,0.49140893470790376,1786400524.1793077
8,10578,0.27184566855430603,0.4915617848970252,1786400524.2690318
8,10579,0.38444000482559204,0.49157142857142855,1786400524.3595445
8,10580,0.5087267756462097,0.491248097412481,1786400524.456638
8,10581,0.2800412178039551,0.49144811858608894,1786400524.5482543
8,10582,0.34475910663604736,0.4916002277904328,1786400524.6480765
8,10583,0.5167419910430908,0.49170458854759197,1786400524.7518585
8,10584,0.35701537132263184,0.49133522727272727,1786400524.8432958
8,10585,0.3844059705734253,0.49106129398410897,1786400524.9351473
8,10586,0.4076519012451172,0.4910241874527589,1786400525.0264432
8,10587,0.30342063307762146,0.49079841449603623,1786400525.127894
8,10588,0.29967743158340454,0.4910444947209653,1786400525.2180803
8,10589,0.507731556892395,0.4906779661016949,1786400525.3135488
8,10590,0.3117780387401581,0.49087659894657637,1786400525.4052055
8,10591,0.3538787066936493,0.4909338594513341,1786400525.4998722
8,10592,0.39425787329673767,0.4905686936936937,1786400525.6000116
8,10593,0.48636236786842346,0.4903449568803899,1786400525.7006373
8,10594,0.3106979727745056,0.49054307116104867,1786400525.7914712
8,10595,0.4759841859340668,0.49055368499812946,1786400525.8836248
8,10596,0.3007507920265198,0.4907511210762332,1786400525.9736512
8,10597,0.6577310562133789,0.4908081373646883,1786400526.0736854
8,10598,0.23396649956703186,0.4910980611483967,1786400526.1636546
8,10599,0.4324815273284912,0.4911080074487896,1786400526.263682
8,10600,0.5879729390144348,0.4906529017857143,1786400526.3553503
8,10601,0.2621994912624359,0.49033816425120774,1786400526.451369
8,10602,0.40107566118240356,0.49044172234595396,1786400526.5432706
8,10603,0.6565239429473877,0.4901742677048572,1786400526.6415627
8,10604,0.3755436837673187,0.4898148148148148,1786400526.7357106
8,10605,0.5052428245544434,0.48977987421383645,1786400526.8297973
8,10606,0.41576752066612244,0.4897450110864745,1786400526.920796
8,10607,0.3948734402656555,0.4893410852713178,1786400527.0109217
8,10608,0.3180195093154907,0.4894911504424779,1786400527.1131425
8,10609,0.47694242000579834,0.48945672191528544,1786400527.2094657
8,10610,0.43008026480674744,0.48951434878587197,1786400527.2998312
8,10611,0.3518311083316803,0.4895259095920617,1786400527.4018626
8,10612,0.43977025151252747,0.48935389133627016,1786400527.4968128
8,10613,0.48525509238243103,0.48922808947561425,1786400527.5878398
8,10614,0.36741140484809875,0.4891941391941392,1786400527.6857953
8,10615,0.32344070076942444,0.4893889498719356,1786400527.7783918
8,10616,0.35986459255218506,0.4895376461988304,1786400527.870995
8,10617,0.3764209747314453,0.4896860167944505,1786400527.9603722
8,10618,0.3918550908565521,0.48937819110138586,1786400528.055068
8,10619,0.3450429141521454,0.4889344262295082,1786400528.1559203
8,10620,0.5110379457473755,0.488901018922853,1786400528.2507796
8,10621,0.367559552192688,0.48909487459105777,1786400528.3398757
8,10622,0.38688433170318604,0.4892883079157589,1786400528.4303749
8,10623,0.283176988363266,0.4895266594124048,1786400528.520869
8,10624,0.47068625688552856,0.4895833333333333,1786400528.6172822
8,10625,0.4305710792541504,0.48954940282301845,1786400528.7123635
8,10626,0.6288038492202759,0.4891540130151844,1786400528.801946
8,10627,0.32213714718818665,0.48925604911520404,1786400528.8905418
8,10628,0.47182804346084595,0.4893578643578644,1786400528.9823508
8,10629,0.47850432991981506,0.4892792792792793,1786400529.08815
8,10630,0.34106171131134033,0.4893358531317495,1786400529.178546
8,10631,0.38195276260375977,0.4890776699029126,1786400529.2787058
8,10632,0.3142260015010834,0.48931393678160917,1786400529.3784359
8,10633,0.48782843351364136,0.4892805884463581,1786400529.4677317
8,10634,0.26153287291526794,0.48951612903225805,1786400529.558402
8,10635,0.32114166021347046,0.48966165413533835,1786400529.6550777
8,10636,0.5402402877807617,0.4896280400572246,1786400529.7457807
8,10637,0.4435711205005646,0.4896838156484459,1786400529.843714
8,10638,0.4660443663597107,0.48938258386866523,1786400529.9343977
8,10639,0.41242849826812744,0.48952762923351156,1786400530.0245626
8,10640,0.2954864501953125,0.4895833333333333,1786400530.113858
8,10641,0.3888936936855316,0.4893721095695482,1786400530.2062967
8,10642,0.4040300250053406,0.48916133617626156,1786400530.3076565
8,10643,0.4037568271160126,0.48908413205537804,1786400530.3981361
8,10644,0.3273457884788513,0.48909574468085104,1786400530.4913883
8,10645,0.44078758358955383,0.48915161176053845,1786400530.581579
8,10646,0.46259889006614685,0.4892515923566879,1786400530.678808
8,10647,0.34491825103759766,0.48926299045599153,1786400530.768723
8,10648,0.340995192527771,0.4892743644067797,1786400530.8600323
8,10649,0.3886954188346863,0.4889329805996473,1786400530.9560935
8,10650,0.3097543716430664,0.48863636363636365,1786400531.0452313
8,10651,0.36455345153808594,0.488692361844421,1786400531.1340775
8,10652,0.21414226293563843,0.4889680028129395,1786400531.223383
8,10653,0.3964576721191406,0.48893572181243417,1786400531.3182716
8,10654,0.3111456632614136,0.48912280701754385,1786400531.4092007
8,10655,0.37882328033447266,0.4892218717139853,1786400531.496685
8,10656,0.31663817167282104,0.4889268207282913,1786400531.5868177
8,10657,0.31625068187713623,0.48898216159496327,1786400531.6775515
8,10658,0.4179951846599579,0.4889063591893781,1786400531.7729845
8,10659,0.19161003828048706,0.48917975567190225,1786400531.862959
8,10660,0.3391171097755432,0.4889731520223152,1786400531.9597616
8,10661,0.2969623804092407,0.4891152908394288,1786400532.051961
8,10662,0.3287205100059509,0.4892136395267919,1786400532.141042
8,10663,0.3033514618873596,0.48931178310740353,1786400532.2531984
8,10664,0.3792518079280853,0.4894965277777778,1786400532.3431623
8,10665,0.5011289119720459,0.48920395421436,1786400532.4333231
8,10666,0.34969431161880493,0.48930180180180183,1786400532.5213542
8,10667,0.39637333154678345,0.4894859813084112,1786400532.6094959
8,10668,0.2582836449146271,0.48966977869986167,1786400532.6984797
8,10669,0.312700480222702,0.4898100172711572,1786400532.7862782
8,10670,0.25788530707359314,0.489648033126294,1786400532.8744543
8,10671,0.35055220127105713,0.489701826956222,1786400532.9624577
8,10672,0.3785712718963623,0.4897124655647383,1786400533.0495563
8,10673,0.3530997037887573,0.489250085999312,1786400533.1387248
8,10674,0.3574424386024475,0.48934707903780067,1786400533.2284179
8,10675,0.48717713356018066,0.48944387229660147,1786400533.3174663
8,10676,0.31368836760520935,0.4892832647462277,1786400533.406913
8,10677,0.34396910667419434,0.4893799246317232,1786400533.4941483
8,10678,0.6654344797134399,0.48913415468856947,1786400533.581263
8,10679,0.5383208394050598,0.4891880341880342,1786400533.670247
8,10680,0.5003052949905396,0.48928449453551914,1786400533.757486
8,10681,0.3268434405326843,0.48938075742067555,1786400533.8454745
8,10682,0.29887479543685913,0.4894768234492161,1786400533.9340997
8,10683,0.5621492266654968,0.4894024514811032,1786400534.0226414
8,10684,0.47573086619377136,0.48928571428571427,1786400534.1120977
8,10685,0.5622492432594299,0.48938158341828064,1786400534.2004852
8,10686,0.6705678105354309,0.4891378139850645,1786400534.2885776
8,10687,0.6271346211433411,0.4890640895218718,1786400534.3765645
9,10688,0.5028751492500305,0.20833333333333334,1786400540.6222506
9,10689,0.3965626657009125,0.4166666666666667,1786400540.788503
9,10690,0.22269828617572784,0.5138888888888888,1786400540.891368
9,10691,0.4703599214553833,0.5208333333333334,1786400540.9928164
9,10692,0.310140997171402,0.5333333333333333,1786400541.1001134
9,10693,0.29350346326828003,0.5555555555555556,1786400541.2098126
9,10694,0.3133191168308258,0.5476190476190477,1786400541.3234885
9,10695,0.44755542278289795,0.5416666666666666,1786400541.4314158
9,10696,0.29258570075035095,0.5555555555555556,1786400541.525402
9,10697,0.4782017469406128,0.5458333333333333,1786400541.627045
9,10698,0.2731054425239563,0.571969696969697,1786400541.7246997
9,10699,0.3250427842140198,0.5729166666666666,1786400541.8177676
9,10700,0.3400673270225525,0.5769230769230769,1786400541.9093125
9,10701,0.3045883774757385,0.5476190476190477,1786400542.0137794
9,10702,0.43152421712875366,0.5333333333333333,1786400542.103705
9,10703,0.27576306462287903,0.5364583333333334,1786400542.1939044
9,10704,0.5760799646377563,0.5196078431372549,1786400542.2840948
9,10705,0.5052832365036011,0.5138888888888888,1786400542.3842404
9,10706,0.9134660363197327,0.506578947368421,1786400542.4750695
9,10707,0.24923595786094666,0.51875,1786400542.5718536
9,10708,0.32935628294944763,0.5257936507936508,1786400542.6609137
9,10709,0.3044572174549103,0.5265151515151515,1786400542.7506435
9,10710,0.36926963925361633,0.5144927536231884,1786400542.851129
9,10711,0.27373936772346497,0.5225694444444444,1786400542.94423
9,10712,0.31096911430358887,0.53,1786400543.0395694
9,10713,0.2716915011405945,0.5336538461538461,1786400543.13147
9,10714,0.25306499004364014,0.5401234567901234,1786400543.2203674
9,10715,0.3534034192562103,0.5386904761904762,1786400543.3181942
9,10716,0.34928569197654724,0.5402298850574713,1786400543.4109018
9,10717,0.28038015961647034,0.5347222222222222,1786400543.4993348
9,10718,0.33446598052978516,0.5255376344086021,1786400543.5893576
9,10719,0.35437047481536865,0.5260416666666666,1786400543.6806593
9,10720,0.2690037488937378,0.5315656565656566,1786400543.7703707
9,10721,0.30142685770988464,0.5330882352941176,1786400543.870261
9,10722,0.6731320023536682,0.5380952380952381,1786400543.96848
9,10723,0.3036637604236603,0.5266203703703703,1786400544.0586152
9,10724,0.365186870098114,0.5225225225225225,1786400544.157519
9,10725,0.24449287354946136,0.5263157894736842,1786400544.2507963
9,10726,0.538957953453064,0.5235042735042735,1786400544.3408797
9,10727,0.3796762228012085,0.5229166666666667,1786400544.4301474
9,10728,0.3358071744441986,0.5233739837398373,1786400544.5194986
9,10729,0.3219524025917053,0.5248015873015873,1786400544.6080592
9,10730,0.5692118406295776,0.5174418604651163,1786400544.6996362
9,10731,0.515276312828064,0.5208333333333334,1786400544.789455
9,10732,0.3644614517688751,0.5120370370370371,1786400544.880824
9,10733,0.4798354208469391,0.5126811594202898,1786400544.9780471
9,10734,0.4380166530609131,0.5132978723404256,1786400545.0673907
9,10735,0.2690395712852478,0.5182291666666666,1786400545.1602933
9,10736,0.3892688453197479,0.5178571428571429,1786400545.2580938
9,10737,0.46600502729415894,0.5133333333333333,1786400545.348621
9,10738,0.6884416341781616,0.5073529411764706,1786400545.4387665
9,10739,0.3644930422306061,0.5016025641025641,1786400545.5283427
9,10740,0.41345301270484924,0.5023584905660378,1786400545.619063
9,10741,0.3003414273262024,0.5069444444444444,1786400545.7103157
9,10742,0.3513367772102356,0.5068181818181818,1786400545.809806
9,10743,0.30953681468963623,0.5089285714285714,1786400545.8998764
9,10744,0.31060585379600525,0.5116959064327485,1786400545.9999151
9,10745,0.29253658652305603,0.5122126436781609,1786400546.0895677
9,10746,0.3928450047969818,0.5148305084745762,1786400546.188541
9,10747,0.26387229561805725,0.5173611111111112,1786400546.28011
9,10748,0.2932474613189697,0.519808743169399,1786400546.378468
9,10749,0.32482367753982544,0.519489247311828,1786400546.468067
9,10750,0.6148724555969238,0.5138888888888888,1786400546.5595653
9,10751,0.3851267695426941,0.5143229166666666,1786400546.6615517
9,10752,0.47034716606140137,0.5160256410256411,1786400546.7499352
9,10753,0.3234518766403198,0.5183080808080808,1786400546.8405054
9,10754,0.5054887533187866,0.5155472636815921,1786400546.9347286
9,10755,0.4374215006828308,0.5104166666666666,1786400547.0248365
9,10756,0.4276220500469208,0.5066425120772947,1786400547.12553
9,10757,0.5154010057449341,0.506547619047619,1786400547.2221887
9,10758,0.28683605790138245,0.5041079812206573,1786400547.313336
9,10759,0.32365116477012634,0.5052083333333334,1786400547.4034522
9,10760,0.3050752282142639,0.507420091324201,1786400547.4912724
9,10761,0.2936778962612152,0.5022522522522522,1786400547.5915725
9,10762,0.35275712609291077,0.5016666666666667,1786400547.683469
9,10763,0.37152770161628723,0.5016447368421053,1786400547.7717197
9,10764,0.40711137652397156,0.5005411255411255,1786400547.8615077
9,10765,0.4247141480445862,0.49732905982905984,1786400547.9508214
9,10766,0.418110728263855,0.4994725738396624,1786400548.0412154
9,10767,0.2999279499053955,0.5020833333333333,1786400548.1420474
9,10768,0.35812586545944214,0.49691358024691357,1786400548.2427032
9,10769,0.3849913477897644,0.49441056910569103,1786400548.332975
9,10770,0.38180068135261536,0.4964859437751004,1786400548.4227014
9,10771,0.3534754812717438,0.49206349206349204,1786400548.517161
9,10772,0.49557051062583923,0.4931372549019608,1786400548.6104069
9,10773,0.33974114060401917,0.4893410852713178,1786400548.7117393
9,10774,0.5281305909156799,0.48515325670498083,1786400548.8014553
9,10775,0.3100041449069977,0.48200757575757575,1786400548.8922603
9,10776,0.3834546208381653,0.48220973782771537,1786400548.9931319
9,10777,0.32697707414627075,0.4828703703703704,1786400549.0915492
9,10778,0.36391890048980713,0.4784798534798535,1786400549.181863
9,10779,0.33793509006500244,0.4782608695652174,1786400549.2715602
9,10780,0.5279537439346313,0.4771505376344086,1786400549.3619053
9,10781,0.44196444749832153,0.4796099290780142,1786400549.4600635
9,10782,0.33740079402923584,0.48026315789473684,1786400549.5554304
9,10783,0.48263970017433167,0.4761284722222222,1786400549.6528492
9,10784,0.3115951120853424,0.47766323024054985,1786400549.7467577
9,10785,0.3310593068599701,0.47959183673469385,1786400549.8354
9,10786,0.41655826568603516,0.4793771043771044,1786400549.9282646
9,10787,0.2483513355255127,0.48083333333333333,1786400550.0305054
9,10788,0.4506187438964844,0.48267326732673266,1786400550.1362016
9,10789,0.35386866331100464,0.48366013071895425,1786400550.2262843
9,10790,0.27703920006752014,0.48503236245954695,1786400550.3226976
9,10791,0.45043283700942993,0.4855769230769231,1786400550.413175
9,10792,0.2915704548358917,0.4857142857142857,1786400550.5097966
9,10793,0.2403264194726944,0.4882075471698113,1786400550.5988848
9,10794,0.3689003586769104,0.4887071651090343,1786400550.6880414
9,10795,0.3239661753177643,0.4895833333333333,1786400550.7836857
9,10796,0.4505157172679901,0.4904434250764526,1786400550.875134
9,10797,0.26652342081069946,0.4928030303030303,1786400550.9735599
9,10798,0.2996651828289032,0.4947447447447447,1786400551.0634046
9,10799,0.5645850300788879,0.49255952380952384,1786400551.1604922
9,10800,0.4835853576660156,0.49336283185840707,1786400551.2497253
9,10801,0.2656719386577606,0.49415204678362573,1786400551.3383512
9,10802,0.43769702315330505,0.4927536231884058,1786400551.429533
9,10803,0.543373167514801,0.4920977011494253,1786400551.524748
9,10804,0.27116256952285767,0.4935897435897436,1786400551.6146488
9,10805,0.5308639407157898,0.4915254237288136,1786400551.7098055
9,10806,0.44718635082244873,0.49229691876750703,1786400551.8064897
9,10807,0.34321752190589905,0.49444444444444446,1786400551.8954382
9,10808,0.29199331998825073,0.49552341597796146,1786400551.9877777
9,10809,0.28307345509529114,0.4972677595628415,1786400552.0859144
9,10810,0.3852326273918152,0.4993224932249323,1786400552.1790874
9,10811,0.34783685207366943,0.501008064516129,1786400552.273553
9,10812,0.36920344829559326,0.5023333333333333,1786400552.3617957
9,10813,0.5337473154067993,0.49966931216931215,1786400552.4550648
9,10814,0.5316286087036133,0.5003280839895013,1786400552.5534296
9,10815,0.33812806010246277,0.5,1786400552.6430995
9,10816,0.4129551649093628,0.5016149870801033,1786400552.7432876
9,10817,0.32806265354156494,0.5022435897435897,1786400552.8346703
9,10818,0.43934202194213867,0.5022264631043257,1786400552.9234347
9,10819,0.316189706325531,0.5025252525252525,1786400553.0117173
9,10820,0.42662695050239563,0.5018796992481203,1786400553.1010654
9,10821,0.429200679063797,0.5018656716417911,1786400553.1903322
9,10822,0.3626047670841217,0.5033950617283951,1786400553.2802143
9,10823,0.53464275598526,0.5015318627450981,1786400553.3708825
9,10824,0.3506174385547638,0.5018248175182481,1786400553.4621577
9,10825,0.325208842754364,0.5030193236714976,1786400553.5526757
9,10826,0.3420117497444153,0.5032973621103117,1786400553.643299
9,10827,0.3514140844345093,0.5038690476190476,1786400553.7330408
9,10828,0.42183226346969604,0.5035460992907801,1786400553.8222413
9,10829,0.30620789527893066,0.5032276995305164,1786400553.9114597
9,10830,0.3917452096939087,0.5046620046620046,1786400554.0073588
9,10831,0.20605503022670746,0.5069444444444444,1786400554.09855
9,10832,0.2863041162490845,0.5080459770114942,1786400554.1900885
9,10833,0.3235046863555908,0.509417808219178,1786400554.2805243
9,10834,0.2422778308391571,0.5110544217687075,1786400554.3716986
9,10835,0.38913896679878235,0.509009009009009,1786400554.4659848
9,10836,0.3365040421485901,0.5097874720357942,1786400554.5670416
9,10837,0.329356849193573,0.51,1786400554.6631453
9,10838,0.41468459367752075,0.5099337748344371,1786400554.758969
9,10839,0.2247491180896759,0.5112390350877193,1786400554.8525267
9,10840,0.25797367095947266,0.5092592592592593,1786400554.9427602
9,10841,0.45562610030174255,0.5073051948051948,1786400555.0324178
9,10842,0.47450339794158936,0.5064516129032258,1786400555.1201987
9,10843,0.4172043204307556,0.5069444444444444,1786400555.2107763
9,10844,0.32441774010658264,0.5074309978768577,1786400555.3011842
9,10845,0.48429760336875916,0.5084388185654009,1786400555.3914998
9,10846,0.5410595536231995,0.5060272536687631,1786400555.4807434
9,10847,0.8086404204368591,0.5052083333333334,1786400555.5720003
9,10848,0.323988676071167,0.5064699792960663,1786400555.6633859
9,10849,0.3657711148262024,0.5059156378600823,1786400555.7578282
9,10850,0.3718269467353821,0.505879345603272,1786400555.8486795
9,10851,0.37289267778396606,0.5060975609756098,1786400555.9404392
9,10852,0.41910022497177124,0.5070707070707071,1786400556.0395596
9,10853,0.2556358575820923,0.5075301204819277,1786400556.128217
9,10854,0.47175148129463196,0.5074850299401198,1786400556.2196527
9,10855,0.3491268455982208,0.5074404761904762,1786400556.3120942
9,10856,0.24467583000659943,0.5083826429980276,1786400556.4031565
9,10857,0.2511412501335144,0.5095588235294117,1786400556.5002005
9,10858,0.2703859210014343,0.5102339181286549,1786400556.5897326
9,10859,0.4315517544746399,0.5106589147286822,1786400556.6792912
9,10860,0.19844692945480347,0.5118015414258189,1786400556.775402
9,10861,0.37379273772239685,0.5122126436781609,1786400556.8748994
9,10862,0.6373480558395386,0.5121428571428571,1786400556.9656596
9,10863,0.40430572628974915,0.5120738636363636,1786400557.0623822
9,10864,0.35324954986572266,0.5103578154425612,1786400557.158796
9,10865,0.410277783870697,0.5107677902621723,1786400557.2493002
9,10866,0.45595911145210266,0.5102420856610801,1786400557.3392763
9,10867,0.37268370389938354,0.5111111111111111,1786400557.437121
9,10868,0.5019589066505432,0.5108195211786372,1786400557.5361605
9,10869,0.44328343868255615,0.5091575091575091,1786400557.6264474
9,10870,0.2702125906944275,0.5079690346083788,1786400557.716775
9,10871,0.4128696620464325,0.5081521739130435,1786400557.8061252
9,10872,0.39159974455833435,0.5083333333333333,1786400557.8951519
9,10873,0.3382033109664917,0.5064964157706093,1786400557.9857554
9,10874,0.5116314888000488,0.5064616755793226,1786400558.0855916
9,10875,0.2566153109073639,0.507313829787234,1786400558.180016
9,10876,0.3722507357597351,0.5057319223985891,1786400558.2695873
9,10877,0.4684399366378784,0.506140350877193,1786400558.361167
9,10878,0.4085220694541931,0.506108202443281,1786400558.4503891
9,10879,0.5620262026786804,0.5043402777777778,1786400558.5505416
9,10880,0.2840174436569214,0.5041018998272885,1786400558.6396694
9,10881,0.5520339608192444,0.5038659793814433,1786400558.7303863
9,10882,0.3284403085708618,0.5047008547008547,1786400558.8295968
9,10883,0.3352995812892914,0.5046768707482994,1786400558.9193625
9,10884,0.5210748910903931,0.5044416243654822,1786400559.0115669
9,10885,0.41514915227890015,0.5048400673400674,1786400559.1012983
9,10886,0.28952836990356445,0.50607202680067,1786400559.1941376
9,10887,0.24245941638946533,0.5072916666666667,1786400559.2832563
9,10888,0.4132573902606964,0.5060116086235489,1786400559.3846362
9,10889,0.35158759355545044,0.5061881188118812,1786400559.471981
9,10890,0.2768213152885437,0.5045155993431856,1786400559.5662704
9,10891,0.4119468331336975,0.5046977124183006,1786400559.6554744
9,10892,0.30898934602737427,0.5052845528455284,1786400559.749834
9,10893,0.3695176839828491,0.504247572815534,1786400559.8483164
9,10894,0.33306798338890076,0.5044283413848631,1786400559.937077
9,10895,0.2742477357387543,0.5052083333333334,1786400560.0290277
9,10896,0.3111115097999573,0.5055821371610846,1786400560.1196277
9,10897,0.44338491559028625,0.5059523809523809,1786400560.2100027
9,10898,0.3199772834777832,0.5063191153238547,1786400560.3117907
9,10899,0.7060099840164185,0.5066823899371069,1786400560.4007108
9,10900,0.3318551182746887,0.5074334898278561,1786400560.4907308
9,10901,0.563018798828125,0.506619937694704,1786400560.5790734
9,10902,0.414732426404953,0.5067829457364341,1786400560.6727772
9,10903,0.5403658151626587,0.5055941358024691,1786400560.7722225
9,10904,0.3004671335220337,0.5057603686635944,1786400560.863105
9,10905,0.4976331293582916,0.5040137614678899,1786400560.9573984
9,10906,0.6223113536834717,0.5030441400304414,1786400561.0484116
9,10907,0.27628588676452637,0.5037878787878788,1786400561.1371973
9,10908,0.4668882191181183,0.5020739064856712,1786400561.2333872
9,10909,0.2566879391670227,0.5009384384384384,1786400561.328777
9,10910,0.3744760751724243,0.5014947683109118,1786400561.4273784
9,10911,0.3752431273460388,0.5020461309523809,1786400561.5159557
9,10912,0.2714172899723053,0.5027777777777778,1786400561.6047354
9,10913,0.3720031678676605,0.5029498525073747,1786400561.694812
9,10914,0.41966718435287476,0.5031204111600588,1786400561.7830033
9,10915,0.40617915987968445,0.5020102339181286,1786400561.8820956
9,10916,0.5637763738632202,0.5020014556040757,1786400561.972831
9,10917,0.24999724328517914,0.5028985507246376,1786400562.073916
9,10918,0.27511000633239746,0.5032467532467533,1786400562.170143
9,10919,0.6218630075454712,0.5030531609195402,1786400562.2597914
9,10920,0.25628653168678284,0.5042918454935622,1786400562.3498907
9,10921,0.5258944034576416,0.5032051282051282,1786400562.4463305
9,10922,0.2781902849674225,0.502127659574468,1786400562.5444965
9,10923,0.3774648904800415,0.5019420903954802,1786400562.6346343
9,10924,0.5166163444519043,0.5022855133614628,1786400562.7317944
9,10925,0.34447789192199707,0.5022759103641457,1786400562.8202915
9,10926,0.39247995615005493,0.5010460251046025,1786400562.9130695
9,10927,0.27282899618148804,0.5017361111111112,1786400563.005662
9,10928,0.519226610660553,0.5020746887966805,1786400563.097409
9,10929,0.2998686134815216,0.5008608815426997,1786400563.1970124
9,10930,0.38861602544784546,0.5010288065843621,1786400563.2885299
9,10931,0.4152231216430664,0.4998292349726776,1786400563.3782167
9,10932,0.5672147870063782,0.49982993197278913,1786400563.476059
9,10933,0.299378901720047,0.5001693766937669,1786400563.5753553
9,10934,0.45671647787094116,0.5011808367071525,1786400563.6643498
9,10935,0.47818613052368164,0.5011760752688172,1786400563.7564518
9,10936,0.4911702573299408,0.501338688085676,1786400563.8566022
9,10937,0.38532236218452454,0.5016666666666667,1786400563.946504
9,10938,0.2956870198249817,0.5021580345285525,1786400564.0467467
9,10939,0.3238622546195984,0.5031415343915344,1786400564.1388152
9,10940,0.40073418617248535,0.5037878787878788,1786400564.2271013
9,10941,0.3035042881965637,0.5044291338582677,1786400564.3251765
9,10942,0.40350988507270813,0.5045751633986928,1786400564.4142306
9,10943,0.5015389919281006,0.50439453125,1786400564.5141027
9,10944,0.48077043890953064,0.504863813229572,1786400564.6042583
9,10945,0.34502261877059937,0.5048449612403101,1786400564.6945224
9,10946,0.2934678792953491,0.50498712998713,1786400564.7840965
9,10947,0.38261473178863525,0.5048076923076923,1786400564.8747807
9,10948,0.3583137094974518,0.5047892720306514,1786400564.9645739
9,10949,0.3593641519546509,0.5046119592875318,1786400565.0638087
9,10950,0.3729572296142578,0.5044359949302915,1786400565.153784
9,10951,0.501095175743103,0.5028409090909091,1786400565.2437146
9,10952,0.3578382134437561,0.5029874213836478,1786400565.3326352
9,10953,0.2904162108898163,0.5032894736842105,1786400565.4218512
9,10954,0.3074241578578949,0.50187265917603,1786400565.5109656
9,10955,0.33734428882598877,0.5004664179104478,1786400565.6014025
9,10956,0.3112650513648987,0.5009293680297398,1786400565.6921425
9,10957,0.4416971206665039,0.5010802469135802,1786400565.7893245
9,10958,0.3829708695411682,0.5016912669126691,1786400565.8871648
9,10959,0.41007208824157715,0.5015318627450981,1786400565.987374
9,10960,0.32330623269081116,0.5015262515262515,1786400566.0783682
9,10961,0.45014089345932007,0.5019768856447688,1786400566.170728
9,10962,0.3604212701320648,0.5007575757575757,1786400566.265589
9,10963,0.5212230682373047,0.5007548309178744,1786400566.3667796
9,10964,0.388071745634079,0.49984957882069797,1786400566.460905
9,10965,0.32016289234161377,0.5002997601918465,1786400566.5483742
9,10966,0.377157598733902,0.49955197132616486,1786400566.6414988
9,10967,0.3164430558681488,0.49836309523809524,1786400566.7322752
9,10968,0.3295707106590271,0.4988137603795967,1786400566.8246768
9,10969,0.444804847240448,0.4977836879432624,1786400566.9218297
9,10970,0.3041353225708008,0.49631919905771493,1786400567.0115564
9,10971,0.26976603269577026,0.49574530516431925,1786400567.1122212
9,10972,0.39910000562667847,0.495906432748538,1786400567.2115753
9,10973,0.357745498418808,0.4957750582750583,1786400567.301038
9,10974,0.25167331099510193,0.4957897793263647,1786400567.391041
9,10975,0.44316405057907104,0.49609375,1786400567.489529
9,10976,0.3908248841762543,0.49653979238754326,1786400567.582243
9,10977,0.33377552032470703,0.49698275862068964,1786400567.6734142
9,10978,0.2769513428211212,0.49742268041237114,1786400567.7754278
9,10979,0.24741801619529724,0.4980022831050228,1786400567.8736966
9,10980,0.4376847743988037,0.49800910125142206,1786400567.976789
9,10981,0.3110130727291107,0.49815759637188206,1786400568.0650818
9,10982,0.36996597051620483,0.4981638418079096,1786400568.1653783
9,10983,0.4501186013221741,0.49802927927927926,1786400568.2728033
9,10984,0.2751692831516266,0.49817620650953987,1786400568.3621619
9,10985,0.23538003861904144,0.49902125279642057,1786400568.4517832
9,10986,0.3043217658996582,0.4977703455964326,1786400568.5499222
9,10987,0.3757143020629883,0.4979166666666667,1786400568.6402068
9,10988,0.4488755166530609,0.49709302325581395,1786400568.7417297
9,10989,0.43804484605789185,0.49724061810154524,1786400568.8435142
9,10990,0.44196707010269165,0.4976622662266227,1786400568.931926
9,10991,0.3292916715145111,0.49835526315789475,1786400569.0245037
9,10992,0.4109713137149811,0.49836065573770494,1786400569.1127357
9,10993,0.28700271248817444,0.4979575163398693,1786400569.2041276
9,10994,0.3394792973995209,0.4979641693811075,1786400569.3045046
9,10995,0.58102947473526,0.4971590909090909,1786400569.3963745
9,10996,0.30947345495224,0.4959546925566343,1786400569.5043929
9,10997,0.39325302839279175,0.49650537634408604,1786400569.59277
9,10998,0.35350894927978516,0.4966505894962487,1786400569.6826248
9,10999,0.402665376663208,0.49719551282051283,1786400569.7764778
9,11000,0.40125709772109985,0.4972044728434505,1786400569.8647695
9,11001,0.27797067165374756,0.4973460721868365,1786400569.9647055
9,11002,0.48880136013031006,0.49682539682539684,1786400570.0561867
9,11003,0.4126703441143036,0.49564873417721517,1786400570.1460614
9,11004,0.2904658615589142,0.4957939011566772,1786400570.2448926
9,11005,0.4668594300746918,0.49580712788259956,1786400570.3368392
9,11006,0.5238713026046753,0.49582027168234066,1786400570.4266784
9,11007,0.34845051169395447,0.49609375,1786400570.5251737
9,11008,0.35242822766304016,0.4963655244029076,1786400570.6291301
9,11009,0.5161452889442444,0.495212215320911,1786400570.7201836
9,11010,0.3734790086746216,0.4956140350877193,1786400570.811024
9,11011,0.3078552186489105,0.49614197530864196,1786400570.911531
9,11012,0.489663690328598,0.49564102564102563,1786400571.0057871
9,11013,0.5965492725372314,0.4955265848670757,1786400571.0983934
9,11014,0.21406209468841553,0.49604994903160043,1786400571.1872814
9,11015,0.31102293729782104,0.4951727642276423,1786400571.2772274
9,11016,0.26263150572776794,0.49404761904761907,1786400571.3738365
9,11017,0.3875606954097748,0.4933080808080808,1786400571.462778
9,11018,0.33130958676338196,0.4938318227593152,1786400571.5628462
9,11019,0.26844558119773865,0.4939759036144578,1786400571.6538627
9,11020,0.36123743653297424,0.49436936936936937,1786400571.742409
9,11021,0.3787991404533386,0.4933882235528942,1786400571.851466
9,11022,0.3782506585121155,0.4936567164179104,1786400571.9408438
9,11023,0.3559642732143402,0.49404761904761907,1786400572.0312629
9,11024,0.3899100422859192,0.49455984174085066,1786400572.1201177
9,11025,0.47610723972320557,0.4944526627218935,1786400572.2142754
9,11026,0.4156268537044525,0.4934857423795477,1786400572.3048851
9,11027,0.5154427289962769,0.49301470588235297,1786400572.4029458
9,11028,0.28354254364967346,0.49364613880742914,1786400572.4972148
9,11029,0.3025871515274048,0.4942738791423002,1786400572.587672
9,11030,0.41880273818969727,0.49416909620991256,1786400572.6824565
9,11031,0.5699988007545471,0.4944282945736434,1786400572.7721527
9,11032,0.4028843343257904,0.4945652173913043,1786400572.8613138
9,11033,0.2731590270996094,0.4949421965317919,1786400572.9611998
9,11034,0.46910345554351807,0.4941162343900096,1786400573.0630336
9,11035,0.41949695348739624,0.49473180076628354,1786400573.1543045
9,11036,0.3987102508544922,0.49510506208213945,1786400573.2579038
9,11037,0.3097463548183441,0.49476190476190474,1786400573.3592966
9,11038,0.4874328374862671,0.4940645773979107,1786400573.451184
9,11039,0.34528499841690063,0.49455492424242425,1786400573.5437698
9,11040,0.5157150626182556,0.493862134088763,1786400573.6343987
9,11041,0.604476273059845,0.4931732580037665,1786400573.7251453
9,11042,0.30679431557655334,0.4935446009389671,1786400573.8145957
9,11043,0.25474146008491516,0.49426498127340823,1786400573.9161584
9,11044,0.29674726724624634,0.4947478991596639,1786400574.0178566
9,11045,0.40825048089027405,0.49499534450651766,1786400574.1109447
9,11046,0.21973825991153717,0.49547353760445684,1786400574.2033865
9,11047,0.31500065326690674,0.4949074074074074,1786400574.308779
9,11048,0.4089604318141937,0.494921514312096,1786400574.399874
9,11049,0.49518823623657227,0.4949355432780847,1786400574.4928393
9,11050,0.5160140991210938,0.49449035812672176,1786400574.592913
9,11051,0.333908349275589,0.49473443223443225,1786400574.6935859
9,11052,0.32540300488471985,0.4948630136986301,1786400574.7829225
9,11053,0.341287761926651,0.49533242258652094,1786400574.8818142
9,11054,0.22576011717319489,0.49591280653950953,1786400574.9731934
9,11055,0.33649709820747375,0.49592391304347827,1786400575.069682
9,11056,0.39926376938819885,0.4964995483288166,1786400575.1658616
9,11057,0.601309061050415,0.49617117117117115,1786400575.265422
9,11058,0.2625524401664734,0.49651841868823,1786400575.354723
9,11059,0.3154592216014862,0.49675179211469533,1786400575.4475389
9,11060,0.2844845652580261,0.49564343163538876,1786400575.5403817
9,11061,0.30214744806289673,0.49576648841354726,1786400575.6420884
9,11062,0.27356213331222534,0.49633333333333335,1786400575.745317
9,11063,0.36851775646209717,0.49556737588652483,1786400575.8468006
9,11064,0.2909863591194153,0.4949160035366932,1786400575.9475842
9,11065,0.46813446283340454,0.49526014109347444,1786400576.0389166
9,11066,0.515713095664978,0.4951627088830255,1786400576.1474488
9,11067,0.6572294235229492,0.4953947368421053,1786400576.2440004
9,11068,0.30738288164138794,0.4944225721784777,1786400576.336488
9,11069,0.290671169757843,0.49465532286212915,1786400576.436298
9,11070,0.37565335631370544,0.4949956483899043,1786400576.527786
9,11071,0.39458754658699036,0.4954427083333333,1786400576.618663
9,11072,0.3202444016933441,0.4961038961038961,1786400576.7114613
9,11073,0.2796182334423065,0.49686960276338515,1786400576.8135118
9,11074,0.2556973397731781,0.4973083548664944,1786400576.9047844
9,11075,0.3113718330860138,0.49731529209621994,1786400576.9957078
9,11076,0.3004876375198364,0.49646529562982006,1786400577.1069
9,11077,0.3438667058944702,0.49551282051282053,1786400577.1972346
9,11078,0.4440097212791443,0.49477834612105714,1786400577.2893617
9,11079,0.35824811458587646,0.49447278911564624,1786400577.3846476
9,11080,0.375114381313324,0.494910941475827,1786400577.4753497
9,11081,0.27685320377349854,0.49555837563451777,1786400577.5749414
9,11082,0.36359521746635437,0.4956751054852321,1786400577.6784735
9,11083,0.5594145655632019,0.494949494949495,1786400577.769613
9,11084,0.42025992274284363,0.4950671704450042,1786400577.8629153
9,11085,0.5954036712646484,0.4946608040201005,1786400577.9556103
9,11086,0.29482313990592957,0.49404761904761907,1786400578.0532954
9,11087,0.6557226777076721,0.49354166666666666,1786400578.1454077
9,11088,0.24921587109565735,0.49397339983374894,1786400578.2405467
9,11089,0.37754762172698975,0.4944029850746269,1786400578.3401031
9,11090,0.6211878061294556,0.49389991728701405,1786400578.4307399
9,11091,0.31555187702178955,0.4941212871287129,1786400578.5229154
9,11092,0.45396649837493896,0.49393004115226335,1786400578.6148486
9,11093,0.41783127188682556,0.4942528735632184,1786400578.706821
9,11094,0.5930019617080688,0.49436936936936937,1786400578.8087857
9,11095,0.42596083879470825,0.49438316993464054,1786400578.8994162
9,11096,0.33007878065109253,0.49460065199674,1786400578.9895492
9,11097,0.39569368958473206,0.4946138211382114,1786400579.0895674
9,11098,0.2584346532821655,0.4953365774533658,1786400579.1851707
9,11099,0.30044931173324585,0.4946399676375405,1786400579.2892454
9,11100,0.39491793513298035,0.4948547215496368,1786400579.3817918
9,11101,0.6353620290756226,0.49426328502415456,1786400579.4843073
9,11102,0.29492494463920593,0.49457831325301205,1786400579.5831535
9,11103,0.2800743579864502,0.4950921474358974,1786400579.6745083
9,11104,0.2735142707824707,0.4958033573141487,1786400579.7745466
9,11105,0.3014509081840515,0.4960127591706539,1786400579.8743162
9,11106,0.3071868121623993,0.4954256165473349,1786400579.96511
9,11107,0.3471788465976715,0.49523809523809526,1786400580.0608568
9,11108,0.39556604623794556,0.4943586698337292,1786400580.165153
9,11109,0.246812641620636,0.4946682464454976,1786400580.2609212
9,11110,0.3425072431564331,0.49487785657998423,1786400580.3583214
9,11111,0.40205228328704834,0.49439858490566035,1786400580.4560647
9,11112,0.4007728695869446,0.4946078431372549,1786400580.5470865
9,11113,0.3919215202331543,0.49481611893583727,1786400580.636081
9,11114,0.33985742926597595,0.49385245901639346,1786400580.7267616
9,11115,0.4138255715370178,0.494256230529595,1786400580.8188362
9,11116,0.26221325993537903,0.49417249417249415,1786400580.910653
9,11117,0.36078569293022156,0.49486434108527133,1786400581.0118265
9,11118,0.354006826877594,0.4951662799690642,1786400581.1027794
9,11119,0.25125911831855774,0.4947916666666667,1786400581.2066655
9,11120,0.3271491229534149,0.49413010007698227,1786400581.2978246
9,11121,0.35021457076072693,0.494431643625192,1786400581.390121
9,11122,0.26938411593437195,0.49473180076628354,1786400581.4959373
9,11123,0.2799482047557831,0.49493501529051986,1786400581.5866354
9,11124,0.3075811266899109,0.4954233409610984,1786400581.6925359
9,11125,0.4366708993911743,0.4954337899543379,1786400581.7839015
9,11126,0.2799851894378662,0.49563401670463175,1786400581.8833277
9,11127,0.44031205773353577,0.4960227272727273,1786400581.9819143
9,11128,0.5264742374420166,0.4958427815570673,1786400582.0737631
9,11129,0.33245012164115906,0.4961349924585219,1786400582.168236
9,11130,0.48719480633735657,0.49614371708051164,1786400582.2640784
9,11131,0.3407897353172302,0.4963400900900901,1786400582.356228
9,11132,0.3605417013168335,0.49653558052434454,1786400582.4459944
9,11133,0.6076693534851074,0.4959828101644245,1786400582.536424
9,11134,0.2569539248943329,0.4961782252050708,1786400582.627227
9,11135,0.29860827326774597,0.4966517857142857,1786400582.7174983
9,11136,0.38600394129753113,0.49665924276169265,1786400582.8086023
9,11137,0.49402916431427,0.49675925925925923,1786400582.900107
9,11138,0.4058464467525482,0.4963968957871397,1786400582.99115
9,11139,0.5125612020492554,0.4958517699115044,1786400583.09316
9,11140,0.5879709720611572,0.4955849889624724,1786400583.1844854
9,11141,0.5282410383224487,0.49541116005873714,1786400583.284859
9,11142,0.39460933208465576,0.4945970695970696,1786400583.3751996
9,11143,0.3852842450141907,0.49470029239766083,1786400583.4682093
9,11144,0.3029831647872925,0.4947118891320204,1786400583.5588353
9,11145,0.2733791470527649,0.4949053857350801,1786400583.6616454
9,11146,0.5312586426734924,0.49409949164851125,1786400583.7524166
9,11147,0.3324810266494751,0.4934782608695652,1786400583.8596423
9,11148,0.49083253741264343,0.4930404916847433,1786400583.9496663
9,11149,0.3823685348033905,0.49242424242424243,1786400584.0412147
9,11150,0.5064495205879211,0.4923506119510439,1786400584.147959
9,11151,0.5124025344848633,0.49254669540229884,1786400584.2389731
9,11152,0.26982101798057556,0.492921146953405,1786400584.3292696
9,11153,0.2842894196510315,0.49320457796852646,1786400584.4201581
9,11154,0.43787527084350586,0.49375446109921484,1786400584.5105383
9,11155,0.261457622051239,0.49403490028490027,1786400584.612996
9,11156,0.48413991928100586,0.4934257285003554,1786400584.7135594
9,11157,0.3359028697013855,0.49379432624113473,1786400584.8167324
9,11158,0.29379957914352417,0.49398443029016276,1786400584.9191983
9,11159,0.391085684299469,0.4934675141242938,1786400585.014767
9,11160,0.8289054036140442,0.4931289640591966,1786400585.1043615
9,11161,0.39232152700424194,0.49323136427566805,1786400585.204772
9,11162,0.30679649114608765,0.49280701754385964,1786400585.3004367
9,11163,0.3844761848449707,0.49229691876750703,1786400585.3928459
9,11164,0.4058218002319336,0.49222571628232004,1786400585.4827676
9,11165,0.3621189594268799,0.4916317991631799,1786400585.5862505
9,11166,0.34962329268455505,0.4918232428670842,1786400585.676265
9,11167,0.35384654998779297,0.49201388888888886,1786400585.7680871
9,11168,0.32276272773742676,0.4922037422037422,1786400585.870923
9,11169,0.44981813430786133,0.49135546334716457,1786400585.97772
9,11170,0.22340252995491028,0.4918909592822636,1786400586.0682151
9,11171,0.29208821058273315,0.4919938016528926,1786400586.1577601
9,11172,0.3263421952724457,0.4923539518900344,1786400586.2529352
9,11173,0.2802077531814575,0.49254115226337447,1786400586.3444874
9,11174,0.38940808176994324,0.49264202600958246,1786400586.434994
9,11175,0.470813125371933,0.4924863387978142,1786400586.5276337
9,11176,0.37968239188194275,0.49250170415814587,1786400586.6191869
9,11177,0.31650638580322266,0.4921768707482993,1786400586.7127717
9,11178,0.5063137412071228,0.4915987780040733,1786400586.8031912
9,11179,0.42457711696624756,0.4912771002710027,1786400586.8957934
9,11180,0.38066789507865906,0.4914638269100744,1786400586.9938822
9,11181,0.6268775463104248,0.4908906882591093,1786400587.0850208
9,11182,0.3527999818325043,0.4909090909090909,1786400587.1853635
9,11183,0.4950811564922333,0.4904233870967742,1786400587.2837276
9,11184,0.4665793776512146,0.4896881287726358,1786400587.374216
9,11185,0.37057527899742126,0.4896251673360107,1786400587.4669347
9,11186,0.3904379904270172,0.48964595858383436,1786400587.5683916
9,11187,0.3876679539680481,0.48883333333333334,1786400587.6589947
9,11188,0.34424713253974915,0.48902195608782434,1786400587.770846
9,11189,0.2588958144187927,0.4892098273572377,1786400587.8616009
9,11190,0.286226361989975,0.4885685884691849,1786400587.9603834
9,11191,0.6735674738883972,0.4879298941798942,1786400588.0539746
9,11192,0.3451930284500122,0.48820132013201323,1786400588.1429152
9,11193,0.4067155122756958,0.48797760210803687,1786400588.242712
9,11194,0.4334864318370819,0.4879191321499014,1786400588.3323379
9,11195,0.39974522590637207,0.4880249343832021,1786400588.4274862
9,11196,0.30150356888771057,0.48829404060248854,1786400588.522286
9,11197,0.3996238112449646,0.48848039215686273,1786400588.6124969
9,11198,0.28808367252349854,0.4888290932811481,1786400588.702532
9,11199,0.3739493787288666,0.48876953125,1786400588.8025713
9,11200,0.3426859676837921,0.48806042884990253,1786400588.894436
9,11201,0.4351593852043152,0.48727302204928663,1786400588.9848282
9,11202,0.37820273637771606,0.48770226537216826,1786400589.081089
9,11203,0.45709457993507385,0.4878875968992248,1786400589.171863
9,11204,0.7171338796615601,0.48718568665377177,1786400589.2794902
9,11205,0.2818668484687805,0.4865669240669241,1786400589.3695037
9,11206,0.3387121260166168,0.4869139370584457,1786400589.4651608
9,11207,0.5575333833694458,0.4863782051282051,1786400589.5624533
9,11208,0.2605040967464447,0.48648432501599487,1786400589.6561046
9,11209,0.501872718334198,0.4866698595146871,1786400589.7472687
9,11210,0.2354700267314911,0.4861376673040153,1786400589.838523
9,11211,0.4796167016029358,0.486323155216285,1786400589.9294457
9,11212,0.26320943236351013,0.4869047619047619,1786400590.0181277
9,11213,0.4294807016849518,0.48685044359949303,1786400590.1135368
9,11214,0.5014155507087708,0.48695445920303604,1786400590.2119527
9,11215,0.3868618309497833,0.48690025252525254,1786400590.3031838
9,11216,0.3398681879043579,0.4870037807183365,1786400590.3990552
9,11217,0.3422612249851227,0.4865566037735849,1786400590.4971538
9,11218,0.31504786014556885,0.4868173258003766,1786400590.5951157
9,11219,0.46302977204322815,0.4861372180451128,1786400590.6846383
9,11220,0.4750879406929016,0.48592870544090055,1786400590.7754207
9,11221,0.41076570749282837,0.4859550561797753,1786400590.8653893
9,11222,0.3021833598613739,0.4864485981308411,1786400590.956868
9,11223,0.378304123878479,0.48662935323383083,1786400591.046404
9,11224,0.5851019620895386,0.4863438857852266,1786400591.1451674
9,11225,0.3265535533428192,0.48590458488228006,1786400591.2397656
9,11226,0.33976370096206665,0.48608534322820035,1786400591.3288467
9,11227,0.3046218156814575,0.48657407407407405,1786400591.4211814
9,11228,0.2443321943283081,0.48613678373382624,1786400591.5109472
9,11229,0.4694470167160034,0.48616236162361626,1786400591.6101437
9,11230,0.48066413402557373,0.4858809085328422,1786400591.7004302
9,11231,0.5258143544197083,0.4852941176470588,1786400591.8014274
9,11232,0.3347674012184143,0.48547400611620795,1786400591.890365
9,11233,0.3233634829521179,0.48565323565323565,1786400591.9806578
9,11234,0.382330983877182,0.4859079829372334,1786400592.0733492
9,11235,0.23895688354969025,0.48623783454987834,1786400592.1631708
9,11236,0.3494280278682709,0.48664238008500305,1786400592.259551
9,11237,0.4671251177787781,0.48613636363636364,1786400592.3549829
9,11238,0.4841952919960022,0.48616152450090744,1786400592.4504197
9,11239,0.38881373405456543,0.4867149758454106,1786400592.5392337
9,11240,0.41145551204681396,0.48696503918022904,1786400592.6367552
9,11241,0.35515281558036804,0.48698856799037304,1786400592.7290566
9,11242,0.326369971036911,0.4872372372372372,1786400592.8257992
9,11243,0.616316556930542,0.48718525179856115,1786400592.914883
9,11244,0.3095450699329376,0.48773189706762415,1786400593.0056608
9,11245,0.21626484394073486,0.48812724014336917,1786400593.1051636
9,11246,0.33562251925468445,0.4882230172927847,1786400593.2011838
9,11247,0.2805924415588379,0.48854166666666665,1786400593.2914312
9,11248,0.3927035629749298,0.4880421865715983,1786400593.38457
9,11249,0.26710519194602966,0.4885083036773428,1786400593.474946
9,11250,0.3060629069805145,0.48882474837181766,1786400593.5728426
9,11251,0.29834792017936707,0.4886968085106383,1786400593.6621687
9,11252,0.37698620557785034,0.4890117994100295,1786400593.7525396
9,11253,0.32350674271583557,0.48932567726737336,1786400593.845053
9,11254,0.3526991307735443,0.489564961787184,1786400593.9338315
9,11255,0.3463260531425476,0.4895833333333333,1786400594.0351207
9,11256,0.30641523003578186,0.4890158172231986,1786400594.1310105
9,11257,0.7162554860115051,0.4888157894736842,1786400594.2236226
9,11258,0.32339587807655334,0.4883245767659078,1786400594.319931
9,11259,0.29739195108413696,0.4882721445221445,1786400594.4184816
9,11260,0.3734908103942871,0.4883653286794648,1786400594.509038
9,11261,0.5398011207580566,0.4883130081300813,1786400594.6117213
9,11262,0.2930474877357483,0.48876811594202896,1786400594.71437
9,11263,0.38516920804977417,0.48878761574074076,1786400594.8045616
9,11264,0.3207934498786926,0.4884459849797805,1786400594.8942342
9,11265,0.5825173854827881,0.48839388696655134,1786400594.9851968
9,11266,0.3280755281448364,0.48783822682786415,1786400595.0790348
9,11267,0.3330386281013489,0.4879310344827586,1786400595.1684744
9,11268,0.3550967574119568,0.48816695352839934,1786400595.2583497
9,11269,0.28304004669189453,0.4883304696449026,1786400595.3478138
9,11270,0.4155701994895935,0.48842195540308747,1786400595.4374099
9,11271,0.24110469222068787,0.4887985159817352,1786400595.5376697
9,11272,0.5695316791534424,0.48824786324786323,1786400595.6303189
9,11273,0.3233122229576111,0.4882679180887372,1786400595.7294579
9,11274,0.4987186789512634,0.487649063032368,1786400595.8198123
9,11275,0.3110499978065491,0.48788265306122447,1786400595.9143612
9,11276,0.44829076528549194,0.48797396717600455,1786400596.0046062
9,11277,0.4445568323135376,0.48757062146892655,1786400596.0986724
9,11278,0.4024735689163208,0.4878031584884377,1786400596.1876516
9,11279,0.2655847668647766,0.4881052927927928,1786400596.2900372
9,11280,0.4824407696723938,0.488336143901068,1786400596.3921313
9,11281,0.38713642954826355,0.4883557800224467,1786400596.4823196
9,11282,0.3122965395450592,0.48858543417366945,1786400596.5826514
9,11283,0.49040117859840393,0.4888143176733781,1786400596.6728039
9,11284,0.2438994199037552,0.48946119486320494,1786400596.7738552
9,11285,0.45540404319763184,0.48899108138238573,1786400596.865459
9,11286,0.5474072694778442,0.4883834168057874,1786400596.9604058
9,11287,0.23947647213935852,0.48791666666666667,1786400597.054906
9,11288,0.3044905662536621,0.4882834165280089,1786400597.1470232
9,11289,0.4692811667919159,0.48774916943521596,1786400597.2387917
9,11290,0.29645946621894836,0.4881149806522941,1786400597.3391018
9,11291,0.30982381105422974,0.48799668874172186,1786400597.4279191
9,11292,0.33192360401153564,0.48829201101928377,1786400597.5191953
9,11293,0.263294517993927,0.4876237623762376,1786400597.6186564
9,11294,0.4788301885128021,0.4877127951674904,1786400597.7100399
9,11295,0.31579482555389404,0.48800712719298245,1786400597.8010676
9,11296,0.46492794156074524,0.48802681992337166,1786400597.8922381
9,11297,0.3087918758392334,0.48763661202185793,1786400597.98224
9,11298,0.32844892144203186,0.4878614293507911,1786400598.079375
9,11299,0.3783257305622101,0.48788126361655776,1786400598.1702142
9,11300,0.5033864974975586,0.48810494834148993,1786400598.2634208
9,11301,0.32905566692352295,0.48805646036916395,1786400598.3522012
9,11302,0.5222178101539612,0.4880758807588076,1786400598.4431365
9,11303,0.4022611677646637,0.4882305194805195,1786400598.542288
9,11304,0.334199458360672,0.48777687736358727,1786400598.6317868
9,11305,0.256353497505188,0.4880663430420712,1786400598.7220252
9,11306,0.4504729211330414,0.4882875605815832,1786400598.8178444
9,11307,0.44473013281822205,0.4885752688172043,1786400598.907193
9,11308,0.33282166719436646,0.48866076221148685,1786400599.0070276
9,11309,0.36754390597343445,0.4888129689174705,1786400599.095503
9,11310,0.3441852331161499,0.48842964151952917,1786400599.186318
9,11311,0.27849507331848145,0.48878205128205127,1786400599.2855082
9,11312,0.2813207805156708,0.4886,1786400599.3793275
9,11313,0.3949727416038513,0.48868477103301383,1786400599.4695802
9,11314,0.5968132615089417,0.4885034556087188,1786400599.561959
9,11315,0.25834983587265015,0.4888535031847134,1786400599.661498
9,11316,0.521570086479187,0.4884737678855326,1786400599.7613165
9,11317,0.5346733927726746,0.4881613756613757,1786400599.8509424
9,11318,0.28579849004745483,0.4882461701003698,1786400599.9393647
9,11319,0.47828754782676697,0.48806698312236285,1786400600.029631
9,11320,0.3676578998565674,0.48834913112164297,1786400600.1208525
9,11321,0.5423879623413086,0.48797318611987384,1786400600.218272
9,11322,0.31068336963653564,0.4874015748031496,1786400600.308676
9,11323,0.49288803339004517,0.48702830188679247,1786400600.4004407
9,11324,0.4892994165420532,0.4871140763997907,1786400600.4960127
9,11325,0.3247793912887573,0.4871342737722048,1786400600.5876725
9,11326,0.4160025119781494,0.4872196139801774,1786400600.6763258
9,11327,0.27179771661758423,0.4874348958333333,1786400600.7660675
9,11328,0.5650233030319214,0.4873244929797192,1786400600.8670502
9,11329,0.4095369279384613,0.4871495327102804,1786400600.9649298
9,11330,0.3682370185852051,0.48716951788491447,1786400601.0549517
9,11331,0.7205020189285278,0.4869306418219462,1786400601.1445246
9,11332,0.4582020938396454,0.4864987080103359,1786400601.2463946
9,11333,0.3109363615512848,0.4859391124871001,1786400601.336543
9,11334,0.6280233860015869,0.4857032457496136,1786400601.4273114
9,11335,0.3927075266838074,0.48578960905349794,1786400601.5181952
9,11336,0.41095054149627686,0.4860041088854648,1786400601.6193163
9,11337,0.4840434193611145,0.48602564102564105,1786400601.7149732
9,11338,0.8505313992500305,0.4858550947260625,1786400601.805658
9,11339,0.3090059161186218,0.48613241308793453,1786400601.8953497
9,11340,0.28204256296157837,0.48634507401735577,1786400601.9846675
9,11341,0.518517017364502,0.4863659531090724,1786400602.0817313
9,11342,0.2654117941856384,0.4867684478371501,1786400602.1718147
9,11343,0.3876314163208008,0.4869791666666667,1786400602.261105
9,11344,0.28759703040122986,0.487062404870624,1786400602.3508775
9,11345,0.5688114166259766,0.4868287740628166,1786400602.4496026
9,11346,0.32145795226097107,0.48710166919575115,1786400602.5419683
9,11347,0.3452920913696289,0.4868686868686869,1786400602.63307
9,11348,0.2627623975276947,0.4872667675239536,1786400602.7271838
9,11349,0.5917080044746399,0.4871601208459215,1786400602.8163462
9,11350,0.5976296663284302,0.4865510306686777,1786400602.91427
9,11351,0.4468519985675812,0.4868222891566265,1786400603.0151114
9,11352,0.3032641112804413,0.48696741854636594,1786400603.107758
9,11353,0.34818828105926514,0.48704954954954954,1786400603.2063806
9,11354,0.4737025499343872,0.486944027986007,1786400603.3006625
9,11355,0.29513442516326904,0.4869635728542914,1786400603.391212
9,11356,0.26972371339797974,0.4869830592924763,1786400603.4870722
9,11357,0.5989262461662292,0.48700248756218906,1786400603.5764906
9,11358,0.3524252772331238,0.4868976651763537,1786400603.6703198
9,11359,0.689342737197876,0.4866691468253968,1786400603.7614067
9,11360,0.4342801570892334,0.4871223377909856,1786400603.859768
9,11361,0.32468336820602417,0.4872032640949555,1786400603.9528766
9,11362,0.29412347078323364,0.4874074074074074,1786400604.0439477
9,11363,0.301858127117157,0.4870562130177515,1786400604.137341
9,11364,0.5571385622024536,0.486890694239291,1786400604.2296348
9,11365,0.3995612859725952,0.48697148475909535,1786400604.3207746
9,11366,0.3546648919582367,0.48656111929307805,1786400604.4118094
9,11367,0.2964540719985962,0.4866421568627451,1786400604.5010679
9,11368,0.39983922243118286,0.48684532550171317,1786400604.591288
9,11369,0.3481042683124542,0.48637585532746824,1786400604.681355
9,11370,0.2244618833065033,0.4868838457784285,1786400604.7716284
9,11371,0.41885119676589966,0.48708576998050684,1786400604.863125
9,11372,0.3206803500652313,0.4873479318734793,1786400604.9519134
9,11373,0.8332264423370361,0.4870019436345967,1786400605.043118
9,11374,0.44937747716903687,0.4872634643377001,1786400605.1333091
9,11375,0.2600368857383728,0.4875847868217054,1786400605.223482
9,11376,0.6100679636001587,0.4874818577648766,1786400605.3141265
9,11377,0.3203665018081665,0.48786231884057973,1786400605.4125562
9,11378,0.3836197257041931,0.4879401833092137,1786400605.503919
9,11379,0.24597661197185516,0.4883188824662813,1786400605.5991387
9,11380,0.3202988803386688,0.48803511303511304,1786400605.6923494
9,11381,0.25433149933815,0.4876921229586936,1786400605.793084
9,11382,0.3237839341163635,0.48776978417266187,1786400605.887251
9,11383,0.5431782603263855,0.48790708812260536,1786400605.9764624
9,11384,0.3627723157405853,0.4878646580583453,1786400606.069892
9,11385,0.30399855971336365,0.4880611270296084,1786400606.1599798
9,11386,0.4289591312408447,0.4880782069623271,1786400606.2504897
9,11387,0.41874802112579346,0.48797619047619045,1786400606.3514853
9,11388,0.3728262782096863,0.4880527817403709,1786400606.4417958
9,11389,0.33066755533218384,0.48759496676163344,1786400606.5418043
9,11390,0.3509194850921631,0.4877904220009483,1786400606.6380138
9,11391,0.3336704671382904,0.4872750946969697,1786400606.7330244
9,11392,0.38169148564338684,0.4867612293144208,1786400606.82992
9,11393,0.4406713843345642,0.4868980169971671,1786400606.9207864
9,11394,0.4478565454483032,0.48715228665723714,1786400607.0101519
9,11395,0.3520078659057617,0.486993879472693,1786400607.0996222
9,11396,0.5103576183319092,0.4869534555712271,1786400607.1904259
9,11397,0.31498101353645325,0.48720657276995305,1786400607.287438
9,11398,0.45214107632637024,0.48728316924519455,1786400607.3770707
9,11399,0.30035024881362915,0.4874765917602996,1786400607.468554
9,11400,0.32696884870529175,0.48708508648901355,1786400607.5593884
9,11401,0.2797391712665558,0.48716153127917833,1786400607.6484227
9,11402,0.2644853889942169,0.4874125874125874,1786400607.7460964
9,11403,0.5224180221557617,0.48748836126629425,1786400607.8404129
9,11404,0.2448231279850006,0.48773826127382613,1786400607.9354599
9,11405,0.2790614664554596,0.48810352831940573,1786400608.0251336
9,11406,0.3512374758720398,0.4882939267501159,1786400608.1240697
9,11407,0.2931237816810608,0.487962962962963,1786400608.2155957
9,11408,0.41027405858039856,0.48797965788257053,1786400608.3117976
9,11409,0.40895339846611023,0.4874192059095106,1786400608.4028955
9,11410,0.286685585975647,0.48697556477639464,1786400608.4927158
9,11411,0.3791447579860687,0.4871086556169429,1786400608.593183
9,11412,0.37913578748703003,0.4870689655172414,1786400608.6815772
9,11413,0.5528445839881897,0.4871441689623508,1786400608.7734466
9,11414,0.43020910024642944,0.48676066024759285,1786400608.8671818
9,11415,0.30765774846076965,0.48695054945054944,1786400608.955522
9,11416,0.29632169008255005,0.4869684499314129,1786400609.057054
9,11417,0.29741618037223816,0.48704337899543376,1786400609.1466281
9,11418,0.3475339412689209,0.4872891016871865,1786400609.23613
9,11419,0.5398815274238586,0.48685109289617484,1786400609.328464
9,11420,0.700020432472229,0.4865848112778536,1786400609.4297194
9,11421,0.3227672874927521,0.4867733878292461,1786400609.519493
9,11422,0.6457366943359375,0.4868480725623583,1786400609.6215525
9,11423,0.3974953293800354,0.4863564311594203,1786400609.710934
9,11424,0.3690846860408783,0.4863749434644957,1786400609.8098946
9,11425,0.5938513875007629,0.48644986449864497,1786400609.8997388
9,11426,0.30453670024871826,0.48635543527289127,1786400609.9907424
9,11427,0.33012011647224426,0.4863738738738739,1786400610.0851884
9,11428,0.3913794159889221,0.4864484930274404,1786400610.1750674
9,11429,0.4459894895553589,0.48657906558849956,1786400610.2770364
9,11430,0.29698097705841064,0.4865971287572903,1786400610.3860638
9,11431,0.31510618329048157,0.48633512544802865,1786400610.4750013
9,11432,0.29980090260505676,0.486744966442953,1786400610.5638762
9,11433,0.29026153683662415,0.4863159070598749,1786400610.6544802
9,11434,0.3619978427886963,0.4861111111111111,1786400610.7439468
9,11435,0.4302792549133301,0.48612967914438504,1786400610.8432999
9,11436,0.4142104387283325,0.48620382732532264,1786400610.9453132
9,11437,0.4981802701950073,0.4861111111111111,1786400611.033843
9,11438,0.2981092035770416,0.48590767865068796,1786400611.1303148
9,11439,0.3730413019657135,0.48598182624113473,1786400611.2187772
9,11440,0.31913328170776367,0.4862217795484728,1786400611.310026
9,11441,0.3111517131328583,0.48574270557029176,1786400611.4139903
9,11442,0.3897375762462616,0.4858167770419426,1786400611.5039828
9,11443,0.39652055501937866,0.48583553791887124,1786400611.5980206
9,11444,0.37985527515411377,0.48601937472479084,1786400611.688953
9,11445,0.28015077114105225,0.4862576956904134,1786400611.7787387
9,11446,0.28335025906562805,0.4864404918752745,1786400611.8769236
9,11447,0.34440702199935913,0.4866776315789474,1786400611.9743485
9,11448,0.25224342942237854,0.48674989049496276,1786400612.0697985
9,11449,0.40426105260849,0.48632983377077865,1786400612.1697145
9,11450,0.4033282995223999,0.486347750109218,1786400612.2590005
9,11451,0.32667088508605957,0.48652923211169286,1786400612.3564887
9,11452,0.31760820746421814,0.4866557734204793,1786400612.4461467
9,11453,0.41545599699020386,0.48683637946040037,1786400612.536743
9,11454,0.4441022276878357,0.4868535419382877,1786400612.6254876
9,11455,0.3608841300010681,0.4865993923611111,1786400612.7156932
9,11456,0.6367893218994141,0.4865626354573039,1786400612.8167408
9,11457,0.5631202459335327,0.48658008658008656,1786400612.9098616
9,11458,0.2844933569431305,0.4867596195417207,1786400613.0010712
9,11459,0.7395356893539429,0.48656088082901555,1786400613.0906084
9,11460,0.2910586893558502,0.48684777921517897,1786400613.182968
9,11461,0.32787632942199707,0.48702627045650304,1786400613.2740908
9,11462,0.2864309549331665,0.4871505376344086,1786400613.365705
9,11463,0.2702242136001587,0.48732817869415807,1786400613.461921
9,11464,0.7179945707321167,0.4874517374517375,1786400613.5606256
9,11465,0.3286644518375397,0.4870929734361611,1786400613.6501086
9,11466,0.2820729613304138,0.4868421052631579,1786400613.739817
9,11467,0.28475815057754517,0.48659188034188033,1786400613.8307884
9,11468,0.33485352993011475,0.486288945795988,1786400613.932669
9,11469,0.39178258180618286,0.4863597612958227,1786400614.0220816
9,11470,0.4410656988620758,0.4863239676458067,1786400614.117792
9,11471,0.6775913834571838,0.4861819727891156,1786400614.2215717
9,11472,0.4150022268295288,0.4861995753715499,1786400614.3104744
9,11473,0.36731404066085815,0.48637616624257846,1786400614.3998442
9,11474,0.2645922601222992,0.4859699279966116,1786400614.490758
9,11475,0.2798687219619751,0.4860406091370558,1786400614.5804274
9,11476,0.23893289268016815,0.48626953950147866,1786400614.6786218
9,11477,0.24140682816505432,0.4860759493670886,1786400614.769931
9,11478,0.287431001663208,0.4863569321533923,1786400614.8610265
9,11479,0.4388817548751831,0.4864793771043771,1786400614.9509335
9,11480,0.36845481395721436,0.4865489701555275,1786400615.0497873
9,11481,0.3830978274345398,0.48614609571788414,1786400615.1394653
9,11482,0.455952525138855,0.48626834381551365,1786400615.2341125
9,11483,0.38909804821014404,0.486285594639866,1786400615.335632
9,11484,0.25606614351272583,0.4865641990798829,1786400615.4343026
9,11485,0.47255486249923706,0.4866854636591479,1786400615.5225675
9,11486,0.45228469371795654,0.48675427617855654,1786400615.6138964
9,11487,0.32542669773101807,0.4869791666666667,1786400615.70268
9,11488,0.337407648563385,0.4871514773200166,1786400615.802509
9,11489,0.353451669216156,0.4872714048212801,1786400615.8975434
9,11490,0.32554614543914795,0.4871834786218348,1786400615.9953136
9,11491,0.4098365902900696,0.48704394693200664,1786400616.0935163
9,11492,0.40048748254776,0.4872153209109731,1786400616.194412
9,11493,0.22636334598064423,0.4874379652605459,1786400616.2895596
9,11494,0.25778377056121826,0.4877633209417596,1786400616.379082
9,11495,0.2604772448539734,0.48788160066006603,1786400616.471544
9,11496,0.26808080077171326,0.48825710754017304,1786400616.5604033
9,11497,0.48140329122543335,0.48842592592592593,1786400616.6514952
9,11498,0.4593740999698639,0.48844019728729965,1786400616.748758
9,11499,0.3027220666408539,0.48860837438423643,1786400616.8402598
9,11500,0.4509427547454834,0.488519885198852,1786400616.933768
9,11501,0.37815114855766296,0.488022113022113,1786400617.024821
9,11502,0.2387998253107071,0.48839468302658484,1786400617.1155505
9,11503,0.3708183765411377,0.48861315359477125,1786400617.2123966
9,11504,0.4311266839504242,0.4885760913912689,1786400617.309098
9,11505,0.3456558287143707,0.4887428687856561,1786400617.3983734
9,11506,0.35043007135391235,0.48885836385836384,1786400617.4881027
9,11507,0.28001466393470764,0.4885670731707317,1786400617.5766146
9,11508,0.37412163615226746,0.4885809987819732,1786400617.670984
9,11509,0.5528521537780762,0.4884428223844282,1786400617.7651372
9,11510,0.20519936084747314,0.48876063183475094,1786400617.8553596
9,11511,0.5948227643966675,0.488622572815534,1786400617.950542
9,11512,0.3097781836986542,0.4888888888888889,1786400618.0494936
9,11513,0.38738083839416504,0.48895278450363194,1786400618.139647
9,11514,0.370451420545578,0.4889157597742846,1786400618.2306223
9,11515,0.2943589389324188,0.48902979066022545,1786400618.3210537
9,11516,0.3140447437763214,0.4890932850824286,1786400618.410005
9,11517,0.585890531539917,0.4890562248995984,1786400618.5056372
9,11518,0.4573691487312317,0.489119534697152,1786400618.6031477
9,11519,0.4319307804107666,0.4889322916666667,1786400618.6965504
9,11520,0.4471080005168915,0.4890456182472989,1786400618.7893548
9,11521,0.6354395151138306,0.4885591526778577,1786400618.8799257
9,11522,0.2824694514274597,0.48877245508982037,1786400618.9698045
9,11523,0.27693799138069153,0.4883871610845295,1786400619.0605264
9,11524,0.41976675391197205,0.48840103544404617,1786400619.1578348
9,11525,0.33947163820266724,0.4885640413683373,1786400619.2492266
9,11526,0.28415051102638245,0.48877632101708385,1786400619.3473918
9,11527,0.51694655418396,0.48874007936507935,1786400619.4362068
9,11528,0.5022029876708984,0.4883571145461752,1786400619.53491
9,11529,0.32944178581237793,0.4884699129057799,1786400619.6352112
9,11530,0.4358026087284088,0.4887307236061684,1786400619.7247064
9,11531,0.4232637882232666,0.48854660347551343,1786400619.81489
9,11532,0.3707871735095978,0.4881656804733728,1786400619.9059129
9,11533,0.29898375272750854,0.4878841607565012,1786400619.9965854
9,11534,0.6594124436378479,0.48760330578512395,1786400620.089506
9,11535,0.2496221363544464,0.48776533018867924,1786400620.1801112
9,11536,0.3378903567790985,0.4873380447585395,1786400620.2719314
9,11537,0.42727789282798767,0.4873529411764706,1786400620.3735569
9,11538,0.4038028120994568,0.4869271445358402,1786400620.4669974
9,11539,0.2773159444332123,0.48708920187793425,1786400620.558962
9,11540,0.23209431767463684,0.4872508792497069,1786400620.6536498
9,11541,0.38932323455810547,0.48731459797033566,1786400620.7460618
9,11542,0.6251698136329651,0.4873781676413255,1786400620.8393853
9,11543,0.6071794629096985,0.48719820872274144,1786400620.9416318
9,11544,0.294350802898407,0.48740762349280436,1786400621.031771
9,11545,0.5878285765647888,0.48722804972804973,1786400621.1230958
9,11546,0.3676745295524597,0.48700038804811796,1786400621.2236433
9,11547,0.3562033176422119,0.4871124031007752,1786400621.314487
9,11548,0.270105242729187,0.4873693379790941,1786400621.4152303
9,11549,0.36770960688591003,0.4869489559164733,1786400621.5112596
9,11550,0.4568849503993988,0.48701235998455,1786400621.6017163
9,11551,0.5779308080673218,0.48693094135802467,1786400621.692189
9,11552,0.4010745882987976,0.4871387283236994,1786400621.7832327
9,11553,0.4130275249481201,0.48724980754426483,1786400621.878471
9,11554,0.40218204259872437,0.4869761630142253,1786400621.9715602
9,11555,0.5059406757354736,0.4870871735791091,1786400622.0637474
9,11556,0.41242045164108276,0.4871499808208669,1786400622.1564326
9,11557,0.2669636309146881,0.48735632183908045,1786400622.2475662
9,11558,0.2910131514072418,0.48703597397627246,1786400622.3399878
9,11559,0.4231816828250885,0.48666857798165136,1786400622.4370983
9,11560,0.38896995782852173,0.48668384879725085,1786400622.54002
9,11561,0.3380019962787628,0.4865083905415713,1786400622.6364105
9,11562,0.6285134553909302,0.48647619047619045,1786400622.739189
9,11563,0.5032160878181458,0.4864440639269406,1786400622.830229
9,11564,0.34953081607818604,0.4865545419992398,1786400622.9222121
9,11565,0.547958493232727,0.48623766135155655,1786400623.0198097
9,11566,0.39519038796424866,0.48625331816458095,1786400623.1125557
9,11567,0.35299167037010193,0.4859375,1786400623.227203
9,11568,0.22180922329425812,0.485527809307605,1786400623.3190346
9,11569,0.25851303339004517,0.4856386999244142,1786400623.4085886
9,11570,0.244259774684906,0.48546621366553416,1786400623.5006638
9,11571,0.2848488390445709,0.4856240573152338,1786400623.5905187
9,11572,0.38603419065475464,0.48568738229755176,1786400623.6896837
9,11573,0.4134373664855957,0.48589164785553046,1786400623.791708
9,11574,0.41578298807144165,0.4859545283727922,1786400623.90025
9,11575,0.253345787525177,0.4860641891891892,1786400623.9906504
9,11576,0.29694175720214844,0.48617360329958753,1786400624.0908442
9,11577,0.2808186113834381,0.48618913857677903,1786400624.180132
9,11578,0.39293426275253296,0.48634493078937524,1786400624.271786
9,11579,0.4656781256198883,0.4861266816143498,1786400624.3868191
9,11580,0.4954160749912262,0.4860488988428518,1786400624.4813304
9,11581,0.36367663741111755,0.48587807606263983,1786400624.5735638
9,11582,0.2938397526741028,0.4860335195530726,1786400624.675376
9,11583,0.4405422508716583,0.48604910714285715,1786400624.766079
9,11584,0.5266847610473633,0.48573950204384986,1786400624.858564
9,11585,0.38033628463745117,0.4857089829250186,1786400624.9512393
9,11586,0.31501254439353943,0.485724879495736,1786400625.0536504
9,11587,0.4953068196773529,0.4855555555555556,1786400625.1516411
9,11588,0.4639553427696228,0.48566407695153535,1786400625.2508917
9,11589,0.3291730284690857,0.4854490022172949,1786400625.3430114
9,11590,0.49839258193969727,0.48523440383905503,1786400625.4355488
9,11591,0.34634703397750854,0.4850202802359882,1786400625.5383177
9,11592,0.3798045516014099,0.48503683241252304,1786400625.6305785
9,11593,0.275696337223053,0.48537527593818985,1786400625.7282162
9,11594,0.24147647619247437,0.485529217199559,1786400625.8198233
9,11595,0.4890824556350708,0.4854992657856094,1786400625.9212296
9,11596,0.47316792607307434,0.48519435276861017,1786400626.0143838
9,11597,0.2600345313549042,0.4853021978021978,1786400626.1050704
9,11598,0.31461629271507263,0.4854555433589462,1786400626.1964297
9,11599,0.367819607257843,0.48533442982456143,1786400626.2979238
9,11600,0.3040446639060974,0.48553304125593283,1786400626.396118
9,11601,0.4135453701019287,0.4851385849744712,1786400626.4971335
9,11602,0.2650358974933624,0.4854280510018215,1786400626.5866816
9,11603,0.41571515798568726,0.48548944687045126,1786400626.6768162
9,11604,0.37370190024375916,0.48550527081061434,1786400626.7773046
9,11605,0.4429000914096832,0.4854756717501816,1786400626.8686914
9,11606,0.3528206944465637,0.485582154515778,1786400626.962622
9,11607,0.33984309434890747,0.48577898550724635,1786400627.055881
9,11608,0.40787166357040405,0.48593014838943177,1786400627.1495385
9,11609,0.3541245460510254,0.48608098336948663,1786400627.2383072
9,11610,0.36472803354263306,0.48614120621162876,1786400627.3325627
9,11611,0.43330714106559753,0.4861562049062049,1786400627.4290981
9,11612,0.41777366399765015,0.4863063063063063,1786400627.526265
9,11613,0.31480392813682556,0.4864560835133189,1786400627.6218824
9,11614,0.27713868021965027,0.48647069399496584,1786400627.7104788
9,11615,0.4554407298564911,0.48639547413793105,1786400627.799849
9,11616,0.2894883453845978,0.48658952278435597,1786400627.8887708
9,11617,0.373079389333725,0.48629032258064514,1786400627.9843142
9,11618,0.4998753070831299,0.48617078410311493,1786400628.0746393
9,11619,0.5312001705169678,0.4861409155937053,1786400628.1736915
9,11620,0.45646733045578003,0.48597713469096104,1786400628.263824
9,11621,0.2811170220375061,0.4861259814418273,1786400628.3586214
9,11622,0.40318313241004944,0.4861408199643494,1786400628.447929
9,11623,0.29379475116729736,0.4858885327635328,1786400628.5397542
9,11624,0.26216569542884827,0.48612593383137676,1786400628.634709
9,11625,0.41473621129989624,0.4857409381663113,1786400628.7273068
9,11626,0.27631914615631104,0.4859336173233937,1786400628.8238325
9,11627,0.28431928157806396,0.48603723404255317,1786400628.9125998
9,11628,0.3528749644756317,0.4862291888062345,1786400629.0105245
9,11629,0.5170673131942749,0.4861111111111111,1786400629.109419
9,11630,0.2784236669540405,0.4856398020501944,1786400629.2013762
9,11631,0.3471662998199463,0.4857874293785311,1786400629.2910807
9,11632,0.34109392762184143,0.4859347442680776,1786400629.3896725
9,11633,0.3428686857223511,0.48616983791402396,1786400629.4798746
9,11634,0.29842811822891235,0.48583245336149244,1786400629.5687737
9,11635,0.5188871622085571,0.4859792545710267,1786400629.6705241
9,11636,0.2916586101055145,0.48568668774148227,1786400629.7609093
9,11637,0.49740397930145264,0.4855263157894737,1786400629.8540733
9,11638,0.4871774911880493,0.4854539081668419,1786400629.944302
9,11639,0.21000732481479645,0.48577556022408963,1786400630.0399036
9,11640,0.33076873421669006,0.4858342077649528,1786400630.1316583
9,11641,0.4867671728134155,0.4858490566037736,1786400630.2216933
9,11642,0.33454430103302,0.48586387434554973,1786400630.3120778
9,11643,0.29184994101524353,0.4860529986052999,1786400630.4009314
9,11644,0.30034205317497253,0.4862852664576803,1786400630.4898686
9,11645,0.40591976046562195,0.4859516353514266,1786400630.5798178
9,11646,0.31270283460617065,0.48605318039624607,1786400630.679541
9,11647,0.33336105942726135,0.4861979166666667,1786400630.7685146
9,11648,0.3888015151023865,0.48603884842178285,1786400630.8583138
9,11649,0.24147580564022064,0.4862699237699238,1786400630.952034
9,11650,0.3045662045478821,0.48598130841121495,1786400631.0408902
9,11651,0.3604847490787506,0.4859094052558783,1786400631.1314378
9,11652,0.3372778594493866,0.48540587219343695,1786400631.2210815
9,11653,0.272957444190979,0.4856366459627329,1786400631.308514
9,11654,0.24459347128868103,0.4857807652533609,1786400631.3973374
9,11655,0.37106257677078247,0.48579545454545453,1786400631.4838223
9,11656,0.31091898679733276,0.4858531131750946,1786400631.5710678
9,11657,0.5110558867454529,0.4859106529209622,1786400631.6596527
9,11658,0.344230055809021,0.48601098523858566,1786400631.7482462
9,11659,0.49062231183052063,0.4861111111111111,1786400631.837476
9,11660,0.43434616923332214,0.48616820829051044,1786400631.925918
9,11661,0.7098976373672485,0.48605407255304584,1786400632.014864
9,11662,0.38918566703796387,0.48623931623931627,1786400632.1053746
9,11663,0.44171902537345886,0.4859545765027322,1786400632.1941574
9,11664,0.37675055861473083,0.4855851245308768,1786400632.2829034
9,11665,0.3708513379096985,0.4857702794819359,1786400632.3711033
9,11666,0.5980592966079712,0.48565713312904324,1786400632.4605165
9,11667,0.2787695825099945,0.48533163265306123,1786400632.550649
9,11668,0.3700532913208008,0.4856014271151886,1786400632.6393511
9,11669,0.28279101848602295,0.48574338085539714,1786400632.7270176
9,11670,0.29308152198791504,0.4860122075279756,1786400632.8169355
10,11671,0.27266404032707214,0.75,1786400639.076784
10,11672,0.3422509431838989,0.6875,1786400639.1850445
10,11673,0.32356709241867065,0.5138888888888888,1786400639.2861629
10,11674,0.3679647147655487,0.53125,1786400639.3921707
10,11675,0.2005240023136139,0.575,1786400639.5599995
10,11676,0.3878824710845947,0.5069444444444444,1786400639.6633182
10,11677,0.3068802058696747,0.47023809523809523,1786400639.7816644
10,11678,0.6780859231948853,0.4270833333333333,1786400639.8752594
10,11679,0.3344533145427704,0.39814814814814814,1786400639.9702635
10,11680,0.2987998127937317,0.4125,1786400640.0672266
10,11681,0.3862587511539459,0.42424242424242425,1786400640.1736066
10,11682,0.5483216047286987,0.4097222222222222,1786400640.2719219
10,11683,0.4051887094974518,0.38782051282051283,1786400640.3712442
10,11684,0.3268175721168518,0.39285714285714285,1786400640.4709427
10,11685,0.3130139708518982,0.40555555555555556,1786400640.5603142
10,11686,0.3170345723628998,0.3932291666666667,1786400640.6597095
10,11687,0.3599517047405243,0.39705882352941174,1786400640.748945
10,11688,0.494257390499115,0.39814814814814814,1786400640.840034
10,11689,0.4397040009498596,0.40789473684210525,1786400640.9306602
10,11690,0.38942283391952515,0.41458333333333336,1786400641.0212195
10,11691,0.385286808013916,0.41865079365079366,1786400641.1108983
10,11692,0.5589619278907776,0.42613636363636365,1786400641.2017064
10,11693,0.3843669295310974,0.42391304347826086,1786400641.2926955
10,11694,0.2637329399585724,0.4375,1786400641.3901184
10,11695,0.34916621446609497,0.44166666666666665,1786400641.4849021
10,11696,0.399114191532135,0.4375,1786400641.5743344
10,11697,0.3824801743030548,0.44290123456790126,1786400641.6704865
10,11698,0.27476856112480164,0.4523809523809524,1786400641.773203
10,11699,0.3438738286495209,0.45545977011494254,1786400641.8706732
10,11700,0.457675963640213,0.44722222222222224,1786400641.9636354
10,11701,0.3518800139427185,0.44623655913978494,1786400642.054809
10,11702,0.33180734515190125,0.4557291666666667,1786400642.1454635
10,11703,0.275129109621048,0.46085858585858586,1786400642.2354593
10,11704,0.2964203953742981,0.46691176470588236,1786400642.324812
10,11705,0.3213511109352112,0.47619047619047616,1786400642.4202235
10,11706,0.5522733330726624,0.47685185185185186,1786400642.5089521
10,11707,0.49308204650878906,0.4797297297297297,1786400642.6036956
10,11708,0.3425254225730896,0.48793859649122806,1786400642.693459
10,11709,0.5588176846504211,0.47863247863247865,1786400642.7840445
10,11710,0.32875484228134155,0.4791666666666667,1786400642.8726015
10,11711,0.6012204885482788,0.4796747967479675,1786400642.9623713
10,11712,0.3025650382041931,0.48115079365079366,1786400643.0510428
10,11713,0.39364171028137207,0.48255813953488375,1786400643.1481423
10,11714,0.2852410674095154,0.47632575757575757,1786400643.2376945
10,11715,0.3241094648838043,0.4824074074074074,1786400643.3268116
10,11716,0.4986985921859741,0.47554347826086957,1786400643.4188833
10,11717,0.3170662522315979,0.4787234042553192,1786400643.5060058
10,11718,0.2769336402416229,0.4739583333333333,1786400643.5967758
10,11719,0.325024276971817,0.4770408163265306,1786400643.6950297
10,11720,0.33634570240974426,0.48,1786400643.785464
10,11721,0.2544519603252411,0.4820261437908497,1786400643.873865
10,11722,0.7483636736869812,0.47836538461538464,1786400643.9652538
10,11723,0.45311257243156433,0.47955974842767296,1786400644.064167
10,11724,0.2558700740337372,0.4845679012345679,1786400644.1527483
10,11725,0.41088372468948364,0.48484848484848486,1786400644.244216
10,11726,0.41276857256889343,0.48214285714285715,1786400644.3337927
10,11727,0.30285024642944336,0.4861111111111111,1786400644.4219255
10,11728,0.3263395428657532,0.4899425287356322,1786400644.5201688
10,11729,0.35383063554763794,0.4936440677966102,1786400644.6108363
10,11730,0.5297735929489136,0.4895833333333333,1786400644.707912
10,11731,0.2627100646495819,0.48292349726775957,1786400644.8060145
10,11732,0.42103761434555054,0.4845430107526882,1786400644.8956702
10,11733,0.3389416038990021,0.4808201058201058,1786400644.9847481
10,11734,0.3499410152435303,0.4850260416666667,1786400645.0769758
10,11735,0.2819865643978119,0.48846153846153845,1786400645.173588
10,11736,0.30969637632369995,0.48926767676767674,1786400645.2712815
10,11737,0.3276469111442566,0.49191542288557216,1786400645.3615155
10,11738,0.28476032614707947,0.49387254901960786,1786400645.4511685
10,11739,0.3910220265388489,0.4939613526570048,1786400645.541579
10,11740,0.3498491942882538,0.4880952380952381,1786400645.6311002
10,11741,0.3692369759082794,0.4859154929577465,1786400645.7321925
10,11742,0.6428625583648682,0.4861111111111111,1786400645.8217833
10,11743,0.6668009757995605,0.4845890410958904,1786400645.9151232
10,11744,0.30372005701065063,0.48592342342342343,1786400646.0105557
10,11745,0.3359339237213135,0.4888888888888889,1786400646.1062346
10,11746,0.260240763425827,0.4895833333333333,1786400646.2027135
10,11747,0.29167813062667847,0.49188311688311687,1786400646.2928758
10,11748,0.262208491563797,0.4962606837606838,1786400646.38207
10,11749,0.24804802238941193,0.4931434599156118,1786400646.4732778
10,11750,0.23361140489578247,0.4947916666666667,1786400646.571002
10,11751,0.5084643363952637,0.4933127572016461,1786400646.6602142
10,11752,0.2293504923582077,0.4954268292682927,1786400646.7591956
10,11753,0.2239810973405838,0.4979919678714859,1786400646.8478663
10,11754,0.39115196466445923,0.49404761904761907,1786400646.9375985
10,11755,0.35436493158340454,0.48970588235294116,1786400647.0370991
10,11756,0.2646943926811218,0.49079457364341084,1786400647.1269403
10,11757,0.42112070322036743,0.4904214559386973,1786400647.2215126
10,11758,0.3202746510505676,0.4928977272727273,1786400647.3108726
10,11759,0.21219201385974884,0.49391385767790263,1786400647.401631
10,11760,0.2551693618297577,0.49583333333333335,1786400647.4919186
10,11761,0.20904526114463806,0.4981684981684982,1786400647.5883694
10,11762,0.4175844192504883,0.5,1786400647.678624
10,11763,0.31394466757774353,0.49731182795698925,1786400647.7785773
10,11764,0.30113279819488525,0.499113475177305,1786400647.8682826
10,11765,0.33511412143707275,0.5013157894736842,1786400647.9564135
10,11766,0.46116334199905396,0.5017361111111112,1786400648.046709
10,11767,0.2238992154598236,0.5047250859106529,1786400648.1442835
10,11768,0.3732922375202179,0.5063775510204082,1786400648.2367496
10,11769,0.5135937333106995,0.5050505050505051,1786400648.3277895
10,11770,0.37136635184288025,0.505,1786400648.4172602
10,11771,0.7700378894805908,0.5020627062706271,1786400648.5075717
10,11772,0.4035973846912384,0.5,1786400648.598113
10,11773,0.22790156304836273,0.5024271844660194,1786400648.688685
10,11774,0.26206713914871216,0.499599358974359,1786400648.7839725
10,11775,0.7350266575813293,0.4988095238095238,1786400648.8767612
10,11776,0.4531775712966919,0.4960691823899371,1786400648.9676304
10,11777,0.29691749811172485,0.4976635514018692,1786400649.0562005
10,11778,0.20705978572368622,0.4992283950617284,1786400649.145707
10,11779,0.4775853157043457,0.49655963302752293,1786400649.2366655
10,11780,0.2744215726852417,0.4981060606060606,1786400649.3266537
10,11781,0.28794074058532715,0.4988738738738739,1786400649.4178233
10,11782,0.6380448937416077,0.49776785714285715,1786400649.5081022
10,11783,0.5174245238304138,0.49889380530973454,1786400649.6077619
10,11784,0.5440942049026489,0.49817251461988304,1786400649.6972322
10,11785,0.3850993514060974,0.49927536231884057,1786400649.7958117
10,11786,0.2603456974029541,0.49676724137931033,1786400649.884983
10,11787,0.23795731365680695,0.49964387464387466,1786400649.9757605
10,11788,0.33235278725624084,0.5,1786400650.0647502
10,11789,0.3915459215641022,0.5003501400560224,1786400650.1656187
10,11790,0.23808351159095764,0.5027777777777778,1786400650.2540762
10,11791,0.2501363754272461,0.5044765840220385,1786400650.3626432
10,11792,0.3992363214492798,0.5013661202185792,1786400650.4517806
10,11793,0.292123019695282,0.49830623306233063,1786400650.5411978
10,11794,0.2882459759712219,0.49899193548387094,1786400650.6300163
10,11795,0.4740378260612488,0.5003333333333333,1786400650.719594
10,11796,0.4050750434398651,0.5013227513227513,1786400650.811695
10,11797,0.40033185482025146,0.5019685039370079,1786400650.9006379
10,11798,0.4864322543144226,0.5026041666666666,1786400650.9932427
10,11799,0.356770783662796,0.5038759689922481,1786400651.091229
10,11800,0.34384483098983765,0.5051282051282051,1786400651.180678
10,11801,0.48737508058547974,0.5047709923664122,1786400651.2695215
10,11802,0.48507511615753174,0.5050505050505051,1786400651.3604717
10,11803,0.4151171147823334,0.5031328320802005,1786400651.4517095
10,11804,0.31258732080459595,0.5034203980099502,1786400651.5479715
10,11805,0.4280710816383362,0.5033950617283951,1786400651.6466126
10,11806,0.3231832683086395,0.5039828431372549,1786400651.7414064
10,11807,0.3681642413139343,0.5030413625304136,1786400651.831956
10,11808,0.3318276107311249,0.5039251207729468,1786400651.9205074
10,11809,0.3990798890590668,0.5014988009592326,1786400652.0107872
10,11810,0.586222767829895,0.5,1786400652.105533
10,11811,0.38387879729270935,0.5020685579196218,1786400652.2061722
10,11812,0.461952269077301,0.5014671361502347,1786400652.2974582
10,11813,0.2552117705345154,0.5026223776223776,1786400652.3880963
10,11814,0.4300389289855957,0.5014467592592593,1786400652.4852257
10,11815,0.42653846740722656,0.5028735632183908,1786400652.576282
10,11816,0.45108944177627563,0.5011415525114156,1786400652.6659443
10,11817,0.30248910188674927,0.501984126984127,1786400652.7667902
10,11818,0.39380958676338196,0.5025337837837838,1786400652.8553293
10,11819,0.4237217605113983,0.5030760626398211,1786400652.945046
10,11820,0.38707488775253296,0.5036111111111111,1786400653.046072
10,11821,0.2351028174161911,0.5038631346578366,1786400653.1349852
10,11822,0.6111013889312744,0.5046600877192983,1786400653.237183
10,11823,0.23372185230255127,0.5059912854030502,1786400653.3263702
10,11824,0.45377117395401,0.5062229437229437,1786400653.4175808
10,11825,0.5118327140808105,0.5061827956989248,1786400653.5161958
10,11826,0.40419137477874756,0.5066773504273504,1786400653.605197
10,11827,0.30984774231910706,0.5069002123142251,1786400653.70105
10,11828,0.39265021681785583,0.507120253164557,1786400653.791958
10,11829,0.4472203552722931,0.5057651991614256,1786400653.8821764
10,11830,0.33239567279815674,0.5065104166666666,1786400653.9766984
10,11831,0.3221777379512787,0.5067287784679089,1786400654.0670166
10,11832,0.5172826051712036,0.5048868312757202,1786400654.158046
10,11833,0.265956312417984,0.505879345603272,1786400654.2477198
10,11834,0.3044129014015198,0.5040650406504065,1786400654.3398108
10,11835,0.36975792050361633,0.5047979797979798,1786400654.4299397
10,11836,0.4530491530895233,0.5050200803212851,1786400654.5305605
10,11837,0.5281767249107361,0.5057385229540918,1786400654.6202555
10,11838,0.521054744720459,0.5057043650793651,1786400654.7162585
10,11839,0.3728393018245697,0.504930966469428,1786400654.8084333
10,11840,0.3749535083770752,0.5026960784313725,1786400654.8995497
10,11841,0.49208369851112366,0.5029239766081871,1786400654.9966316
10,11842,0.4170742928981781,0.5026647286821705,1786400655.0989573
10,11843,0.44718605279922485,0.5026493256262042,1786400655.1966126
10,11844,0.26859933137893677,0.5033524904214559,1786400655.2866678
10,11845,0.23905299603939056,0.5045238095238095,1786400655.3755202
10,11846,0.2437583953142166,0.5023674242424242,1786400655.4704225
10,11847,0.4622073769569397,0.4997645951035782,1786400655.5607972
10,11848,0.49326181411743164,0.49836142322097376,1786400655.6551213
10,11849,0.3766981363296509,0.4962756052141527,1786400655.7452948
10,11850,0.3351425528526306,0.49675925925925923,1786400655.8337462
10,11851,0.5067894458770752,0.4972375690607735,1786400655.9316585
10,11852,0.3545934855937958,0.49725274725274726,1786400656.0318174
10,11853,0.5420597791671753,0.4979508196721312,1786400656.1246824
10,11854,0.3266926109790802,0.49569746376811596,1786400656.2159483
10,11855,0.29868680238723755,0.49617117117117115,1786400656.3055792
10,11856,0.4102843701839447,0.496415770609319,1786400656.3952413
10,11857,0.26029521226882935,0.49754901960784315,1786400656.486086
10,11858,0.4551682472229004,0.4971187943262411,1786400656.5752935
10,11859,0.4916154146194458,0.49537037037037035,1786400656.677372
10,11860,0.4108659625053406,0.4956140350877193,1786400656.7783008
10,11861,0.21635480225086212,0.4969458987783595,1786400656.868625
10,11862,0.4606279730796814,0.4969618055555556,1786400656.9596298
10,11863,0.32186877727508545,0.49784110535405873,1786400657.0498228
10,11864,0.36626332998275757,0.4993556701030928,1786400657.139553
10,11865,0.2683967351913452,0.4997863247863248,1786400657.237656
10,11866,0.2497454583644867,0.5004251700680272,1786400657.3268852
10,11867,0.44628018140792847,0.5008460236886633,1786400657.4176614
10,11868,0.40925610065460205,0.501473063973064,1786400657.5111017
10,11869,0.5418923497200012,0.5008375209380235,1786400657.6020925
10,11870,0.2955947816371918,0.5010416666666667,1786400657.7011304
10,11871,0.3578416407108307,0.5010364842454395,1786400657.7945912
10,11872,0.3112163245677948,0.5022689768976898,1786400657.8831022
10,11873,0.24154862761497498,0.5004105090311987,1786400657.9771051
10,11874,0.3464092016220093,0.5002042483660131,1786400658.0679595
10,11875,0.41025280952453613,0.5,1786400658.164872
10,11876,0.49888181686401367,0.49959546925566345,1786400658.2549167
10,11877,0.29124385118484497,0.49818840579710144,1786400658.3452463
10,11878,0.4341851472854614,0.4985977564102564,1786400658.436363
10,11879,0.36220359802246094,0.49780701754385964,1786400658.52567
10,11880,0.4927435517311096,0.4976190476190476,1786400658.6138217
10,11881,0.1765102744102478,0.49960505529225907,1786400658.7052743
10,11882,0.24138152599334717,0.5007861635220126,1786400658.801635
10,11883,0.34250175952911377,0.5009780907668232,1786400658.8920038
10,11884,0.4170777201652527,0.5011682242990654,1786400658.983469
10,11885,0.2647223174571991,0.5023255813953489,1786400659.0839536
10,11886,0.25705450773239136,0.5028935185185185,1786400659.1778245
10,11887,0.3808022439479828,0.5032642089093702,1786400659.280516
10,11888,0.3944409191608429,0.5043960244648318,1786400659.3708296
10,11889,0.38888806104660034,0.5049467275494672,1786400659.4755497
10,11890,0.48481035232543945,0.5049242424242424,1786400659.5666428
10,11891,0.5625033378601074,0.5035822021116139,1786400659.660021
10,11892,0.33633649349212646,0.5043168168168168,1786400659.7494485
10,11893,0.25052136182785034,0.5052316890881914,1786400659.847037
10,11894,0.5580549240112305,0.5042782738095238,1786400659.9374251
10,11895,0.6067125201225281,0.5037037037037037,1786400660.0272472
10,11896,0.6604670286178589,0.5025811209439528,1786400660.1176133
10,11897,0.25177937746047974,0.5031204111600588,1786400660.2069333
10,11898,0.4273403286933899,0.5027412280701754,1786400660.3047063
10,11899,0.37483829259872437,0.5014556040756915,1786400660.3942888
10,11900,0.22664475440979004,0.5023550724637681,1786400660.4921715
10,11901,0.26382797956466675,0.5028860028860029,1786400660.5845351
10,11902,0.30609774589538574,0.5026939655172413,1786400660.681747
10,11903,0.3511984944343567,0.5030400572246065,1786400660.770913
10,11904,0.27029308676719666,0.5035612535612536,1786400660.8688538
10,11905,0.6483140587806702,0.5024822695035461,1786400660.9586833
10,11906,0.24061846733093262,0.503177966101695,1786400661.0497255
10,11907,0.38716110587120056,0.5038677918424754,1786400661.1487525
10,11908,0.2358800172805786,0.5043767507002801,1786400661.246301
10,11909,0.3574680685997009,0.5045327754532776,1786400661.3474202
10,11910,0.3853844106197357,0.5046875,1786400661.4418507
10,11911,0.4161990284919739,0.5048409405255878,1786400661.531108
10,11912,0.7657416462898254,0.5048209366391184,1786400661.6220827
10,11913,0.4211267828941345,0.50480109739369,1786400661.7112274
10,11914,0.48825204372406006,0.5047814207650273,1786400661.804077
10,11915,0.39393702149391174,0.503061224489796,1786400661.9093897
10,11916,0.4540420472621918,0.5030487804878049,1786400661.99821
10,11917,0.226506769657135,0.5042172739541161,1786400662.0879776
10,11918,0.44018328189849854,0.5042002688172043,1786400662.1776001
10,11919,0.36717772483825684,0.5040160642570282,1786400662.2717872
10,11920,0.3878920376300812,0.5031666666666667,1786400662.371231
10,11921,0.3013002872467041,0.5034860557768924,1786400662.4645565
10,11922,0.6141142845153809,0.5028108465608465,1786400662.5530567
10,11923,0.31428396701812744,0.5029644268774703,1786400662.6502495
10,11924,0.3941704034805298,0.5032808398950132,1786400662.739227
10,11925,0.5411816835403442,0.5021241830065359,1786400662.8396358
10,11926,0.35571250319480896,0.5027669270833334,1786400662.9311526
10,11927,0.3479286730289459,0.5030804150453956,1786400663.0213974
10,11928,0.4193091094493866,0.5027454780361758,1786400663.1229918
10,11929,0.3279464840888977,0.5014478764478765,1786400663.2124646
10,11930,0.37958842515945435,0.5004807692307692,1786400663.3070967
10,11931,0.41246718168258667,0.49936143039591313,1786400663.396675
10,11932,0.279968798160553,0.49872773536895676,1786400663.485573
10,11933,0.34639474749565125,0.49920785804816226,1786400663.5753736
10,11934,0.241380512714386,0.49779040404040403,1786400663.6707397
10,11935,0.24070534110069275,0.49842767295597484,1786400663.760853
10,11936,0.31881946325302124,0.49702380952380953,1786400663.862019
10,11937,0.3744402229785919,0.49797128589263423,1786400663.9531288
10,11938,0.4070109724998474,0.4986007462686567,1786400664.0476665
10,11939,0.4129315912723541,0.49736679058240396,1786400664.1429584
10,11940,0.4897584915161133,0.4959876543209877,1786400664.2328658
10,11941,0.3267228901386261,0.4964637146371464,1786400664.321206
10,11942,0.32719969749450684,0.4966299019607843,1786400664.4103856
10,11943,0.28918084502220154,0.4955738705738706,1786400664.4992964
10,11944,0.5722694396972656,0.4958941605839416,1786400664.5956295
10,11945,0.2673357129096985,0.49606060606060604,1786400664.6843188
10,11946,0.331594318151474,0.4948671497584541,1786400664.774921
10,11947,0.26169919967651367,0.4950361010830325,1786400664.8659863
10,11948,0.2678847908973694,0.49550359712230213,1786400664.9563596
10,11949,0.37113896012306213,0.4958183990442055,1786400665.0482376
10,11950,0.7149410247802734,0.4962797619047619,1786400665.1479647
10,11951,0.5915461778640747,0.4961447212336892,1786400665.2383516
10,11952,0.3324403464794159,0.49630614657210403,1786400665.3299127
10,11953,0.33906808495521545,0.49646643109540634,1786400665.4199562
10,11954,0.3608013987541199,0.49677230046948356,1786400665.509003
10,11955,0.5403062105178833,0.4956140350877193,1786400665.6072285
10,11956,0.25682783126831055,0.4949009324009324,1786400665.7040153
10,11957,0.46807950735092163,0.49506387921022066,1786400665.7928355
10,11958,0.35934919118881226,0.49537037037037035,1786400665.8828766
10,11959,0.40047508478164673,0.49553056516724336,1786400665.973775
10,11960,0.23833583295345306,0.4942528735632184,1786400666.0673263
10,11961,0.3905133008956909,0.4941294387170676,1786400666.1569848
10,11962,0.35065117478370667,0.4944349315068493,1786400666.2564244
10,11963,0.3066900074481964,0.4948805460750853,1786400666.3514931
10,11964,0.3238312005996704,0.49489795918367346,1786400666.442837
10,11965,0.6157795190811157,0.49477401129943505,1786400666.5446336
10,11966,0.32362398505210876,0.49507319819819817,1786400666.633672
10,11967,0.3408436179161072,0.49551066217732886,1786400666.7235398
10,11968,0.37006473541259766,0.49580536912751677,1786400666.8173294
10,11969,0.39055806398391724,0.4962374581939799,1786400666.9074311
10,11970,0.3410164713859558,0.49527777777777776,1786400667.004049
10,11971,0.3091624677181244,0.4959856035437431,1786400667.0967534
10,11972,0.37321197986602783,0.4958609271523179,1786400667.1859412
10,11973,0.382093608379364,0.49573707370737075,1786400667.276292
10,11974,0.34202271699905396,0.4960252192982456,1786400667.3658829
10,11975,0.2986663579940796,0.49658469945355194,1786400667.4574397
10,11976,0.6733331680297852,0.4957788671023965,1786400667.550215
10,11977,0.413147509098053,0.4949782844733985,1786400667.6517293
10,11978,0.21654371917247772,0.4954004329004329,1786400667.7483425
10,11979,0.20052728056907654,0.4960895361380798,1786400667.8453667
10,11980,0.3290891945362091,0.49516129032258066,1786400667.935743
10,11981,0.3205787241458893,0.49557877813504825,1786400668.0242412
10,11982,0.24154557287693024,0.49612713675213677,1786400668.1133897
10,11983,0.7073902487754822,0.49547390841320554,1786400668.2113986
10,11984,0.3019467890262604,0.4958864118895966,1786400668.3108077
10,11985,0.2611882984638214,0.4962962962962963,1786400668.4049566
10,11986,0.30326443910598755,0.4967035864978903,1786400668.4985921
10,11987,0.32468292117118835,0.49658254468980023,1786400668.589139
10,11988,0.509060263633728,0.49672431865828093,1786400668.6889746
10,11989,0.4326542019844055,0.49660397074190177,1786400668.7809765
10,11990,0.3853519558906555,0.49713541666666666,1786400668.8721318
10,11991,0.45459288358688354,0.4974039460020768,1786400668.9621382
10,11992,0.32842540740966797,0.4978002070393375,1786400669.058749
10,11993,0.4364234507083893,0.49767801857585137,1786400669.1478448
10,11994,0.3736320436000824,0.4976851851851852,1786400669.2376144
10,11995,0.3091809153556824,0.4980769230769231,1786400669.3376172
10,11996,0.2242274135351181,0.49897750511247446,1786400669.4308517
10,11997,0.24120266735553741,0.49936289500509684,1786400669.522675
10,11998,0.2910715937614441,0.5,1786400669.6115513
10,11999,0.464091956615448,0.499113475177305,1786400669.7061274
10,12000,0.3318678140640259,0.49962121212121213,1786400669.793977
10,12001,0.35578861832618713,0.49962235649546827,1786400669.8896224
10,12002,0.3237510323524475,0.49849397590361444,1786400669.9786475
10,12003,0.31487247347831726,0.49874874874874875,1786400670.0728204
10,12004,0.2456377148628235,0.49887724550898205,1786400670.1619935
10,12005,0.3815513551235199,0.49900497512437814,1786400670.252165
10,12006,0.38069379329681396,0.4991319444444444,1786400670.3480017
10,12007,0.2918841242790222,0.49950544015825915,1786400670.4395428
10,12008,0.306758850812912,0.4996301775147929,1786400670.5336897
10,12009,0.36591219902038574,0.4997541789577188,1786400670.6274347
10,12010,0.22258947789669037,0.5,1786400670.7211907
10,12011,0.28677040338516235,0.500366568914956,1786400670.8114967
10,12012,0.3034535050392151,0.5010964912280702,1786400670.9002717
10,12013,0.33696144819259644,0.5014577259475219,1786400670.9986713
10,12014,0.44580698013305664,0.5013323643410853,1786400671.0964794
10,12015,0.5351245403289795,0.5004830917874397,1786400671.194383
10,12016,0.2495567500591278,0.5010838150289018,1786400671.2883832
10,12017,0.39327695965766907,0.5014409221902018,1786400671.378737
10,12018,0.2750730514526367,0.501676245210728,1786400671.4698033
10,12019,0.3200649917125702,0.5004775549188156,1786400671.5606437
10,12020,0.3821684718132019,0.5008333333333334,1786400671.6514964
10,12021,0.48786652088165283,0.5009496676163343,1786400671.7400932
10,12022,0.3647542893886566,0.5010653409090909,1786400671.828882
10,12023,0.4030686616897583,0.5012983947119924,1786400671.9198112
10,12024,0.3576878309249878,0.501412429378531,1786400672.0129962
10,12025,0.26269590854644775,0.502112676056338,1786400672.1032374
10,12026,0.48034313321113586,0.5012874531835206,1786400672.1924777
10,12027,0.4150507152080536,0.5012838468720822,1786400672.2916303
10,12028,0.6536735892295837,0.500465549348231,1786400672.3932552
10,12029,0.5668165683746338,0.49930362116991645,1786400672.4850419
10,12030,0.4227362275123596,0.49872685185185184,1786400672.5791667
10,12031,0.46692606806755066,0.49919205909510617,1786400672.670645
10,12032,0.3963911533355713,0.4993093922651934,1786400672.758667
10,12033,0.46011894941329956,0.4994260789715335,1786400672.8508437
10,12034,0.2772403061389923,0.49988553113553114,1786400672.9510062
10,12035,0.5665052533149719,0.4994292237442922,1786400673.051226
10,12036,0.30974847078323364,0.5,1786400673.1488304
10,12037,0.29890915751457214,0.5004541326067211,1786400673.2376964
10,12038,0.35376429557800293,0.5004528985507246,1786400673.3287065
10,12039,0.40382879972457886,0.5006775067750677,1786400673.4196312
10,12040,0.5767920017242432,0.5002252252252253,1786400673.5094461
10,12041,0.2878124713897705,0.5007861635220126,1786400673.5988815
10,12042,0.2777658700942993,0.5012320788530465,1786400673.6914246
10,12043,0.39500537514686584,0.5014521894548705,1786400673.7814996
10,12044,0.30660927295684814,0.5011140819964349,1786400673.872147
10,12045,0.40170156955718994,0.5007777777777778,1786400673.9611337
10,12046,0.3412962555885315,0.5007757092198581,1786400674.0517473
10,12047,0.3102620840072632,0.5006631299734748,1786400674.1492124
10,12048,0.4452337324619293,0.5011022927689595,1786400674.251087
10,12049,0.3080066442489624,0.501429199648197,1786400674.3419125
10,12050,0.27765581011772156,0.5016447368421053,1786400674.4377933
10,12051,0.37559929490089417,0.5017497812773404,1786400674.526606
10,12052,0.35727834701538086,0.5019633507853403,1786400674.6166315
10,12053,0.4502726197242737,0.5010879025239339,1786400674.7067835
10,12054,0.3313550353050232,0.5015190972222222,1786400674.804087
10,12055,0.5884106159210205,0.5010822510822511,1786400674.894486
10,12056,0.6137818098068237,0.5007556131260794,1786400674.9938948
10,12057,0.34042999148368835,0.5001076658053403,1786400675.0913613
10,12058,0.3824635446071625,0.5001073883161512,1786400675.1797612
10,12059,0.36447006464004517,0.49925021422450727,1786400675.2801397
10,12060,0.27742764353752136,0.4996794871794872,1786400675.3719902
10,12061,0.428158700466156,0.5,1786400675.4675117
10,12062,0.4027681052684784,0.5,1786400675.5560377
10,12063,0.5012727975845337,0.4997879558948261,1786400675.6459272
10,12064,0.5148144960403442,0.4989424703891709,1786400675.7362435
10,12065,0.19673827290534973,0.49978902953586496,1786400675.8267264
10,12066,0.3187609910964966,0.5003156565656566,1786400675.9166305
10,12067,0.2791668474674225,0.5010495382031906,1786400676.0051448
10,12068,0.4203526973724365,0.5008375209380235,1786400676.0950098
10,12069,0.3265208899974823,0.5010442773600668,1786400676.1840968
10,12070,0.37742501497268677,0.5011458333333333,1786400676.2749226
10,12071,0.31367966532707214,0.5011429758935994,1786400676.3651016
10,12072,0.5211424827575684,0.5010364842454395,1786400676.4587069
10,12073,0.4655114710330963,0.5011373035566584,1786400676.5503712
10,12074,0.3958031237125397,0.5004125412541254,1786400676.6411994
10,12075,0.43341365456581116,0.49979423868312756,1786400676.7318623
10,12076,0.29592880606651306,0.499692118226601,1786400676.823886
10,12077,0.2910648286342621,0.5001023751023751,1786400676.917232
10,12078,0.26243844628334045,0.5002042483660131,1786400677.0127065
10,12079,0.3055812418460846,0.49989812550937246,1786400677.1113677
10,12080,0.5343625545501709,0.5003048780487804,1786400677.2011242
10,12081,0.29782360792160034,0.500506893755069,1786400677.2943583
10,12082,0.5775787234306335,0.5003033980582524,1786400677.3873472
10,12083,0.31181958317756653,0.5005044390637611,1786400677.4856539
10,12084,0.6486687064170837,0.4997987117552335,1786400677.574264
10,12085,0.6044809222221375,0.49979919678714857,1786400677.669159
10,12086,0.22447213530540466,0.5003004807692307,1786400677.7589266
10,12087,0.33706751465797424,0.500599520383693,1786400677.8554254
10,12088,0.3546791076660156,0.49970095693779903,1786400677.9454443
10,12089,0.36448538303375244,0.5001988862370724,1786400678.0361428
10,12090,0.429567813873291,0.4992063492063492,1786400678.1337125
10,12091,0.3945130705833435,0.4995051464766429,1786400678.225988
10,12092,0.5335927605628967,0.49901263823064773,1786400678.3158748
10,12093,0.5549521446228027,0.49862096138691886,1786400678.4051874
10,12094,0.30364254117012024,0.4991155660377358,1786400678.5048208
10,12095,0.3100588917732239,0.49941176470588233,1786400678.5989673
10,12096,0.4659366011619568,0.4987284820031299,1786400678.6892512
10,12097,0.45174914598464966,0.498536299765808,1786400678.7824323
10,12098,0.36728543043136597,0.49863707165109034,1786400678.872331
10,12099,0.29887619614601135,0.49902874902874905,1786400678.9675918
10,12100,0.3272090256214142,0.4986434108527132,1786400679.058188
10,12101,0.5435696840286255,0.49922660479505027,1786400679.1495411
10,12102,0.28175029158592224,0.4994212962962963,1786400679.2487583
10,12103,0.2511099874973297,0.4996150885296382,1786400679.3386178
10,12104,0.43842852115631104,0.4988479262672811,1786400679.4331985
10,12105,0.4073948264122009,0.49808429118773945,1786400679.523021
10,12106,0.7349875569343567,0.49770642201834864,1786400679.6125715
10,12107,0.30191975831985474,0.49818840579710144,1786400679.7136579
10,12108,0.44647467136383057,0.4981925418569254,1786400679.8025925
10,12109,0.532418429851532,0.49800683371298404,1786400679.8929431
10,12110,0.30753472447395325,0.4982007575757576,1786400679.9819067
10,12111,0.3347504138946533,0.49829931972789115,1786400680.0814679
10,12112,0.5736179947853088,0.4983974358974359,1786400680.1755586
10,12113,0.3257468044757843,0.49849510910458994,1786400680.2651274
10,12114,0.419220894575119,0.49859234234234234,1786400680.354523
10,12115,0.295282781124115,0.49878277153558054,1786400680.4450748
10,12116,0.36217015981674194,0.4991591928251121,1786400680.5454733
10,12117,0.20974308252334595,0.49962714392244595,1786400680.6345766
10,12118,0.21318960189819336,0.5001860119047619,1786400680.7257528
10,12119,0.2826327085494995,0.5006495916852264,1786400680.8141274
10,12120,0.23221947252750397,0.5012037037037037,1786400680.9105642
10,12121,0.33344966173171997,0.5015705838876571,1786400681.0022645
10,12122,0.36724787950515747,0.5015671091445427,1786400681.099524
10,12123,0.5531147122383118,0.5006438557763061,1786400681.190209
10,12124,0.28430992364883423,0.5007342143906021,1786400681.2791436
10,12125,0.28354063630104065,0.5008241758241758,1786400681.3797724
10,12126,0.2608204483985901,0.5010964912280702,1786400681.4706373
10,12127,0.42064329981803894,0.5004558716265499,1786400681.5686407
10,12128,0.2719508707523346,0.5006368267831149,1786400681.6705403
10,12129,0.40437692403793335,0.5000907770515614,1786400681.7613702
10,12130,0.31365928053855896,0.5,1786400681.849779
10,12131,0.25372108817100525,0.5002711496746204,1786400681.9415243
10,12132,0.2194034904241562,0.5006313131313131,1786400682.0393279
10,12133,0.27501752972602844,0.5007199424046076,1786400682.139142
10,12134,0.5479121208190918,0.5003591954022989,1786400682.2285964
10,12135,0.5193872451782227,0.500179211469534,1786400682.317432
10,12136,0.36918073892593384,0.5003576537911302,1786400682.4077306
10,12137,0.38482674956321716,0.5011598857958601,1786400682.5019193
10,12138,0.36170563101768494,0.5015135327635327,1786400682.599913
10,12139,0.31853824853897095,0.5009772565742715,1786400682.6910858
10,12140,0.33816108107566833,0.5011524822695036,1786400682.7899957
10,12141,0.5323741436004639,0.5014154281670206,1786400682.8788114
10,12142,0.2797698378562927,0.5017655367231638,1786400682.9687989
10,12143,0.28730887174606323,0.501937984496124,1786400683.0586236
10,12144,0.3314228653907776,0.5019338959212377,1786400683.147531
10,12145,0.41414183378219604,0.5020175438596491,1786400683.238102
10,12146,0.2512925863265991,0.5022759103641457,1786400683.326741
10,12147,0.21023069322109222,0.5025331935709294,1786400683.4176972
10,12148,0.2728237211704254,0.5028765690376569,1786400683.5177977
10,12149,0.3213411867618561,0.5033924843423799,1786400683.619142
10,12150,0.2732115387916565,0.5036458333333333,1786400683.715408
10,12151,0.4755948483943939,0.5029452529452529,1786400683.8047276
10,12152,0.39471954107284546,0.5021611341632088,1786400683.896474
10,12153,0.3009279668331146,0.5022429261559697,1786400683.9863944
10,12154,0.6001797318458557,0.5024104683195593,1786400684.0810297
10,12155,0.33163413405418396,0.502319587628866,1786400684.170434
10,12156,0.30601662397384644,0.5027434842249657,1786400684.259477
10,12157,0.29336538910865784,0.502053388090349,1786400684.3529456
10,12158,0.3408176302909851,0.5022199453551912,1786400684.4426203
10,12159,0.23252637684345245,0.5024710293115201,1786400684.5340037
10,12160,0.2676948606967926,0.5028911564625851,1786400684.6242301
10,12161,0.28456583619117737,0.5030549898167006,1786400684.7145038
10,12162,0.5306642651557922,0.502710027100271,1786400684.8049383
10,12163,0.6242584586143494,0.5024509803921569,1786400684.8945706
10,12164,0.5763567686080933,0.5025303643724697,1786400684.9941595
10,12165,0.3400353193283081,0.5026936026936027,1786400685.084034
10,12166,0.39775073528289795,0.5026881720430108,1786400685.1842973
10,12167,0.3295918405056,0.5027665995975855,1786400685.273422
10,12168,0.3714902997016907,0.5024263721552878,1786400685.3635232
10,12169,0.2347254902124405,0.5027555110220441,1786400685.4595711
10,12170,0.34575629234313965,0.5030833333333333,1786400685.5485098
10,12171,0.29886355996131897,0.5033266799733865,1786400685.6380324
10,12172,0.351732075214386,0.50265604249668,1786400685.728157
10,12173,0.46955662965774536,0.5024850894632207,1786400685.8189921
10,12174,0.36007195711135864,0.5025628306878307,1786400685.918418
10,12175,0.26920443773269653,0.5031353135313531,1786400686.0179975
10,12176,0.5847907066345215,0.5025527009222661,1786400686.1072898
10,12177,0.3138453960418701,0.502629848783695,1786400686.196157
10,12178,0.2468283474445343,0.5028707349081365,1786400686.2851267
10,12179,0.2446325421333313,0.5030288146692862,1786400686.383087
10,12180,0.6046061515808105,0.5030228758169935,1786400686.4731438
10,12181,0.2696337103843689,0.5035061969993477,1786400686.5613291
10,12182,0.21506436169147491,0.5039876302083334,1786400686.652844
10,12183,0.5055474042892456,0.5036549707602339,1786400686.7476814
10,12184,0.37579914927482605,0.5034857328145266,1786400686.8471618
10,12185,0.5084089636802673,0.5035598705501618,1786400686.9372828
10,12186,0.41836726665496826,0.5037952196382429,1786400687.0274732
10,12187,0.24444575607776642,0.5043520309477756,1786400687.119838
10,12188,0.350200355052948,0.5045045045045045,1786400687.210032
10,12189,0.2952287495136261,0.5046563904945408,1786400687.3007693
10,12190,0.2343812733888626,0.5051282051282051,1786400687.3903563
10,12191,0.6490854620933533,0.5053582853486884,1786400687.489189
10,12192,0.31039419770240784,0.5057471264367817,1786400687.5799046
10,12193,0.30166158080101013,0.5059751434034416,1786400687.6781085
10,12194,0.48543089628219604,0.5053276081424937,1786400687.7695165
10,12195,0.45574671030044556,0.5056349206349207,1786400687.8616118
10,12196,0.27557381987571716,0.5060994930291508,1786400687.9516292
10,12197,0.7549980282783508,0.5057716635041113,1786400688.0416865
10,12198,0.32157230377197266,0.5058396464646465,1786400688.1373672
10,12199,0.31618595123291016,0.5064587271581601,1786400688.2296438
10,12200,0.5077905058860779,0.5057389937106919,1786400688.3258202
10,12201,0.5564039945602417,0.505571249215317,1786400688.4154298
10,12202,0.26340097188949585,0.5054824561403509,1786400688.5152292
10,12203,0.23587942123413086,0.5058630393996247,1786400688.6128976
10,12204,0.2713026702404022,0.5060861423220974,1786400688.7015433
10,12205,0.2952936589717865,0.506386292834891,1786400688.7970395
10,12206,0.37222450971603394,0.5058302238805971,1786400688.8863902
10,12207,0.5979459285736084,0.5056641837368094,1786400688.9813356
10,12208,0.3331708014011383,0.505731102850062,1786400689.070371
10,12209,0.6941321492195129,0.5054112554112554,1786400689.1667879
10,12210,0.25931885838508606,0.5056327160493828,1786400689.2640646
10,12211,0.35978609323501587,0.5056223043746149,1786400689.3597662
10,12212,0.2137816846370697,0.504920049200492,1786400689.4587755
10,12213,0.3521377444267273,0.5052179251074279,1786400689.5559812
10,12214,0.3262031376361847,0.5055147058823529,1786400689.6444297
10,12215,0.48063454031944275,0.5053516819571865,1786400689.7340336
10,12216,0.3214966952800751,0.5045787545787546,1786400689.831805
10,12217,0.4216131269931793,0.5049512492382694,1786400689.9325893
10,12218,0.5201194286346436,0.5045620437956204,1786400690.023014
10,12219,0.25774723291397095,0.5048573163327261,1786400690.1207001
10,12220,0.35166609287261963,0.5049242424242424,1786400690.218528
10,12221,0.37759318947792053,0.5043859649122807,1786400690.3077624
10,12222,0.28011274337768555,0.5045289855072463,1786400690.397204
10,12223,0.3805863559246063,0.504746835443038,1786400690.4878037
10,12224,0.3718339204788208,0.5041365824308063,1786400690.5769022
10,12225,0.4090442359447479,0.5043543543543544,1786400690.666307
10,12226,0.2752705514431,0.5045713429256595,1786400690.765968
10,12227,0.3711923658847809,0.504114302812687,1786400690.8562
10,12228,0.37757474184036255,0.5037335722819594,1786400690.945259
10,12229,0.5472560524940491,0.503726893261777,1786400691.046221
10,12230,0.2767266631126404,0.5043154761904762,1786400691.1345978
10,12231,0.2404143512248993,0.5048276886512181,1786400691.23257
10,12232,0.3921827971935272,0.5045225385527876,1786400691.3332188
10,12233,0.5728809833526611,0.5040704558910598,1786400691.4244623
10,12234,0.5447285771369934,0.5042109929078015,1786400691.518038
10,12235,0.36838027834892273,0.5042772861356932,1786400691.6096847
10,12236,0.46855127811431885,0.504196113074205,1786400691.6989906
10,12237,0.27637141942977905,0.5044091710758377,1786400691.797627
10,12238,0.2500516176223755,0.5048415492957746,1786400691.8906357
10,12239,0.3432666063308716,0.5043936731107206,1786400691.980818
10,12240,0.2617599070072174,0.5047514619883041,1786400692.0706532
10,12241,0.511868953704834,0.5043782837127846,1786400692.1702394
10,12242,0.30303898453712463,0.5038607226107226,1786400692.261104
10,12243,0.3716736435890198,0.5039267015706806,1786400692.3509598
10,12244,0.3837657868862152,0.5040650406504065,1786400692.4557076
10,12245,0.25510352849960327,0.5042753623188406,1786400692.543642
10,12246,0.2268262505531311,0.5047743055555556,1786400692.641518
10,12247,0.2948320209980011,0.5049104563835933,1786400692.7334404
10,12248,0.3239731192588806,0.5051182237600923,1786400692.8215454
10,12249,0.3525612950325012,0.5055411629245826,1786400692.9122183
10,12250,0.31844624876976013,0.5057471264367817,1786400693.0031843
10,12251,0.4793144464492798,0.5050200803212851,1786400693.1015708
10,12252,0.3085046112537384,0.5049398625429553,1786400693.1917481
10,12253,0.31680017709732056,0.5049313893653516,1786400693.281191
10,12254,0.40848466753959656,0.5044235159817352,1786400693.3795874
10,12255,0.3056451082229614,0.503988603988604,1786400693.4696882
10,12256,0.3547344505786896,0.5039817974971559,1786400693.5603507
10,12257,0.3621281683444977,0.5041169789892107,1786400693.6502178
10,12258,0.20911338925361633,0.5045351473922902,1786400693.740698
10,12259,0.2741853892803192,0.5045981890209394,1786400693.8298438
10,12260,0.6614530086517334,0.5044491525423729,1786400693.9274404
10,12261,0.33636146783828735,0.5047941342357586,1786400694.0280316
10,12262,0.38915446400642395,0.5043637387387387,1786400694.1203864
10,12263,0.3632476031780243,0.504707700955593,1786400694.2176661
10,12264,0.394238144159317,0.504769921436588,1786400694.3070436
10,12265,0.3940202295780182,0.5052521008403361,1786400694.3957658
10,12266,0.36939722299575806,0.5053831096196868,1786400694.4852831
10,12267,0.2321302741765976,0.5057230597431602,1786400694.5810244
10,12268,0.28056600689888,0.506061872909699,1786400694.673873
10,12269,0.1988903284072876,0.5063995548135782,1786400694.7643573
10,12270,0.2872728705406189,0.5066666666666667,1786400694.8533459
10,12271,0.3513300120830536,0.5065862451469773,1786400694.9529085
10,12272,0.30536580085754395,0.5071290143964563,1786400695.0569656
10,12273,0.41520583629608154,0.5070480928689884,1786400695.1462948
10,12274,0.36064112186431885,0.5073123620309051,1786400695.2454271
10,12275,0.4953800141811371,0.5071625344352617,1786400695.336309
10,12276,0.3711928427219391,0.5070819581958196,1786400695.4253018
10,12277,0.4287949204444885,0.5065211422295443,1786400695.516168
10,12278,0.4282640218734741,0.5062362938596491,1786400695.6156514
10,12279,0.41154658794403076,0.5056102900930487,1786400695.7048867
10,12280,0.21328431367874146,0.5058060109289617,1786400695.7932153
10,12281,0.40970197319984436,0.5058647026732133,1786400695.8837438
10,12282,0.3745843768119812,0.5053104575163399,1786400695.9732144
10,12283,0.5105890035629272,0.5048939641109299,1786400696.0746334
10,12284,0.2631535828113556,0.5049538545059717,1786400696.164298
10,12285,0.36787310242652893,0.5052168021680217,1786400696.2536871
10,12286,0.4242369532585144,0.505073051948052,1786400696.3432584
10,12287,0.4337914288043976,0.5049972987574284,1786400696.438006
10,12288,0.3008449077606201,0.5051240560949298,1786400696.5355926
10,12289,0.30419912934303284,0.5053177167474421,1786400696.6350718
10,12290,0.3745287358760834,0.5048387096774194,1786400696.725704
10,12291,0.4373469352722168,0.504898013955985,1786400696.8193595
10,12292,0.3974306285381317,0.504890139335477,1786400696.9096694
10,12293,0.2904607057571411,0.5044141252006421,1786400696.999159
10,12294,0.5321753025054932,0.5042067307692307,1786400697.0891554
10,12295,0.2441689372062683,0.5046,1786400697.1841464
10,12296,0.3393915891647339,0.5045926517571885,1786400697.2752223
10,12297,0.1828211545944214,0.5052498670919724,1786400697.367019
10,12298,0.39794832468032837,0.5052415074309978,1786400697.4636736
10,12299,0.2257939577102661,0.5056306306306306,1786400697.5533159
10,12300,0.29630738496780396,0.5057539682539682,1786400697.6429374
10,12301,0.4477754831314087,0.5059429477020603,1786400697.7382061
10,12302,0.6404581069946289,0.5054720464135021,1786400697.8279603
10,12303,0.271276593208313,0.5055950500263297,1786400697.918658
10,12304,0.43777626752853394,0.5051261829652997,1786400698.0085394
10,12305,0.4812835454940796,0.505249343832021,1786400698.1068828
10,12306,0.34506991505622864,0.5049135220125787,1786400698.2074833
10,12307,0.40405553579330444,0.505298273155416,1786400698.3070498
10,12308,0.37138643860816956,0.5052899686520376,1786400698.3993793
10,12309,0.30117785930633545,0.5053468961919666,1786400698.4883099
10,12310,0.7763091921806335,0.50546875,1786400698.587397
10,12311,0.28821417689323425,0.5059152366094644,1786400698.6778784
10,12312,0.31545794010162354,0.5059709241952233,1786400698.766606
10,12313,0.38487493991851807,0.5061560393986522,1786400698.8554325
10,12314,0.4126400649547577,0.5062111801242236,1786400698.94941
10,12315,0.33077099919319153,0.506201550387597,1786400699.0430095
10,12316,0.3438740372657776,0.5063854489164087,1786400699.136403
10,12317,0.34569498896598816,0.5059891808346213,1786400699.229671
10,12318,0.3645978569984436,0.5061728395061729,1786400699.3195064
10,12319,0.41680651903152466,0.5056497175141242,1786400699.410533
10,12320,0.25108805298805237,0.5058974358974359,1786400699.5024555
10,12321,0.3071281611919403,0.5060163850486431,1786400699.5992968
10,12322,0.36520689725875854,0.5061349693251533,1786400699.688558
10,12323,0.24117261171340942,0.5061893823379275,1786400699.7850711
10,12324,0.527450442314148,0.5063710499490316,1786400699.8743749
10,12325,0.3078674077987671,0.5062977099236641,1786400699.9635744
10,12326,0.28860118985176086,0.5066692073170732,1786400700.0543156
10,12327,0.5341421961784363,0.5069127346524607,1786400700.1533072
10,12328,0.5014303922653198,0.5072821681864235,1786400700.2507808
10,12329,0.2448444664478302,0.5075240263024785,1786400700.342943
10,12330,0.25431567430496216,0.5077020202020202,1786400700.4345326
10,12331,0.17364953458309174,0.5083207261724659,1786400700.5237312
10,12332,0.24878107011318207,0.508622860020141,1786400700.6137543
10,12333,0.33049196004867554,0.5087983911513323,1786400700.7019947
10,12334,0.2700255513191223,0.5089733935742972,1786400700.801026
10,12335,0.37823280692100525,0.5086466165413533,1786400700.8929343
10,12336,0.4765376150608063,0.5087587587587588,1786400700.9829433
10,12337,0.4463505744934082,0.5086831584207896,1786400701.075874
10,12338,0.5743125677108765,0.5087325349301397,1786400701.1664603
10,12339,0.43275201320648193,0.508034379671151,1786400701.2638636
10,12340,0.34343990683555603,0.5083955223880597,1786400701.3573945
10,12341,0.3411532938480377,0.508320914058619,1786400701.4547434
10,12342,0.285273939371109,0.5086185515873016,1786400701.5431378
10,12343,0.3820982277393341,0.5087295690936107,1786400701.6372266
10,12344,0.6550370454788208,0.508469337289812,1786400701.7271805
10,12345,0.4406086206436157,0.507962962962963,1786400701.816522
10,12346,0.38820695877075195,0.5082593688362919,1786400701.91694
10,12347,0.5093142986297607,0.5079394387001477,1786400702.0067658
10,12348,0.3176352381706238,0.5079277286135693,1786400702.0960042
10,12349,0.3115963935852051,0.5081615120274914,1786400702.1876674
10,12350,0.27052634954452515,0.5082720588235294,1786400702.2854784
10,12351,0.26487910747528076,0.5085046500244738,1786400702.384761
10,12352,0.5821007490158081,0.5082478005865103,1786400702.4743009
10,12353,0.2896769642829895,0.5084797462176671,1786400702.5650535
10,12354,0.25548428297042847,0.5087110136452242,1786400702.6537745
10,12355,0.3291725218296051,0.5088199513381995,1786400702.7531247
10,12356,0.30067873001098633,0.5091107871720116,1786400702.8426676
10,12357,0.32269859313964844,0.5094614264919942,1786400702.9320312
10,12358,0.28714999556541443,0.5096899224806202,1786400703.0205827
10,12359,0.5305140614509583,0.5094339622641509,1786400703.1097655
10,12360,0.39006471633911133,0.5094202898550725,1786400703.2062564
10,12361,0.46092113852500916,0.5094669561022672,1786400703.3037634
10,12362,0.3810693621635437,0.5096941233140655,1786400703.3950124
10,12363,0.6114062070846558,0.5096801346801347,1786400703.4843702
10,12364,0.2873830795288086,0.5099663784822286,1786400703.5816016
10,12365,0.3191501498222351,0.5100719424460431,1786400703.6709275
10,12366,0.5272539258003235,0.5101173371647509,1786400703.7688572
10,12367,0.3169451355934143,0.5103419416547107,1786400703.8659756
10,12368,0.2595292031764984,0.5105659025787965,1786400703.9541512
10,12369,0.37631478905677795,0.5108488316642823,1786400704.0446494
10,12370,0.2089240998029709,0.510297619047619,1786400704.1376705
10,12371,0.4443989098072052,0.510223490252021,1786400704.237085
10,12372,0.37695080041885376,0.5102682811016145,1786400704.3262436
10,12373,0.3417561650276184,0.5107871028923661,1786400704.4219327
10,12374,0.32742586731910706,0.5109493371212122,1786400704.5207171
10,12375,0.3187345266342163,0.5104609929078014,1786400704.6103718
10,12376,0.3846585750579834,0.5103871576959396,1786400704.7109184
10,12377,0.48369890451431274,0.5105492692126355,1786400704.8078074
10,12378,0.35065507888793945,0.5107697740112994,1786400704.8971653
10,12379,0.3032456338405609,0.5110484250117536,1786400704.9870582
10,12380,0.33614230155944824,0.5109154929577465,1786400705.0882292
10,12381,0.30166420340538025,0.5110759493670886,1786400705.1877236
10,12382,0.26921945810317993,0.5112359550561798,1786400705.2874713
10,12383,0.4685221314430237,0.511570827489481,1786400705.3787389
10,12384,0.273181289434433,0.5116713352007469,1786400705.467227
10,12385,0.4309248924255371,0.5111888111888112,1786400705.5658686
10,12386,0.328007310628891,0.5113477653631285,1786400705.6547832
10,12387,0.6333035826683044,0.5108670385867039,1786400705.7448266
10,12388,0.4546067416667938,0.5109099350046425,1786400705.845358
10,12389,0.4402773082256317,0.5104311543810849,1786400705.9351964
10,12390,0.2875736653804779,0.5106481481481482,1786400706.0343487
10,12391,0.36802536249160767,0.5106333795654184,1786400706.124321
10,12392,0.40488553047180176,0.5107340720221607,1786400706.2158175
10,12393,0.39921507239341736,0.510258183494698,1786400706.3058903
10,12394,0.4137765169143677,0.5101864640883977,1786400706.4033773
10,12395,0.42332199215888977,0.5098275862068965,1786400706.4929936
10,12396,0.307949036359787,0.5099862258953168,1786400706.5830362
10,12397,0.306816041469574,0.510087116001834,1786400706.6744478
10,12398,0.32203182578086853,0.5104166666666666,1786400706.7737207
10,12399,0.2621719539165497,0.510745313214449,1786400706.8638544
10,12400,0.3810479938983917,0.5103881278538813,1786400706.9540226
10,12401,0.3247041404247284,0.5106019151846786,1786400707.043016
10,12402,0.5511609315872192,0.5107581967213115,1786400707.135
10,12403,0.6568501591682434,0.5104024556616644,1786400707.2330515
10,12404,0.3575257658958435,0.5105018165304269,1786400707.3276453
10,12405,0.3217877745628357,0.5105442176870748,1786400707.4231343
10,12406,0.3679659962654114,0.5106431159420289,1786400707.5221834
10,12407,0.43992310762405396,0.510685210312076,1786400707.6157408
10,12408,0.4670550227165222,0.5102755194218609,1786400707.7075164
10,12409,0.3615446388721466,0.5098669373026613,1786400707.805549
10,12410,0.3471491038799286,0.5101351351351351,1786400707.8954923
10,12411,0.5419324636459351,0.5100652271704903,1786400707.9866195
10,12412,0.6399115324020386,0.5099393530997305,1786400708.0800803
10,12413,0.4523964524269104,0.5100381336922387,1786400708.170724
10,12414,0.4231972098350525,0.510024641577061,1786400708.2603621
10,12415,0.47104454040527344,0.5098434004474273,1786400708.3534622
10,12416,0.403455913066864,0.5096067917783735,1786400708.4426975
10,12417,0.41840842366218567,0.5097054886211513,1786400708.5314634
10,12418,0.4011143743991852,0.5090797682709447,1786400708.6225858
10,12419,0.28457847237586975,0.5092901646639965,1786400708.7173045
10,12420,0.32449477910995483,0.509,1786400708.8178432
10,12421,0.46904104948043823,0.5087660896582334,1786400708.918882
10,12422,0.30616268515586853,0.5089206560283688,1786400709.0089252
10,12423,0.3850914239883423,0.5088534749889332,1786400709.0983806
10,12424,0.2276417315006256,0.5092285587975243,1786400709.1882138
10,12425,0.4342350363731384,0.5091611479028697,1786400709.2766364
10,12426,0.5185659527778625,0.5089836860670194,1786400709.3659322
10,12427,0.35763314366340637,0.5086966094231616,1786400709.4557471
10,12428,0.25441187620162964,0.5089050131926122,1786400709.551635
10,12429,0.4526885747909546,0.5089481774264383,1786400709.6422527
10,12430,0.41099268198013306,0.5088815789473684,1786400709.7314656
10,12431,0.44280382990837097,0.5085961454226895,1786400709.8211162
10,12432,0.3491215705871582,0.5086942257217848,1786400709.9151924
10,12433,0.3380051255226135,0.5090104849279161,1786400710.0154836
10,12434,0.36258769035339355,0.5088896160558464,1786400710.1054313
10,12435,0.27831172943115234,0.5085511982570806,1786400710.1973825
10,12436,0.3632147014141083,0.5085400348128808,1786400710.2873423
10,12437,0.3248004913330078,0.5086918730986527,1786400710.3763175
10,12438,0.3201059103012085,0.5085177951388888,1786400710.4669445
10,12439,0.39733052253723145,0.5082358040745557,1786400710.561545
10,12440,0.304436594247818,0.5083333333333333,1786400710.655928
10,12441,0.4511065185070038,0.5080523130134025,1786400710.7571547
10,12442,0.346040815114975,0.5082577720207254,1786400710.8488233
10,12443,0.23672309517860413,0.5085705045278137,1786400710.9378004
10,12444,0.3377054035663605,0.5087209302325582,1786400711.036966
10,12445,0.20652000606060028,0.5090860215053763,1786400711.127166
10,12446,0.25205329060554504,0.5088058419243986,1786400711.216092
10,12447,0.3354407846927643,0.5084727584727585,1786400711.3159323
10,12448,0.30523431301116943,0.5086225364181662,1786400711.405815
10,12449,0.23396462202072144,0.5088254172015404,1786400711.5006864
10,12450,0.304953396320343,0.5084935897435897,1786400711.5936804
10,12451,0.30581116676330566,0.5084827144686299,1786400711.682486
10,12452,0.499549925327301,0.5080988917306053,1786400711.7844143
10,12453,0.20221970975399017,0.5084610472541508,1786400711.8744226
10,12454,0.29575398564338684,0.5086628401360545,1786400711.9638937
10,12455,0.32194948196411133,0.5088641188959661,1786400712.0550873
10,12456,0.3515700399875641,0.5087998303647159,1786400712.1463957
10,12457,0.35636791586875916,0.5088945362134689,1786400712.2381227
10,12458,0.299984335899353,0.5090947546531303,1786400712.3273149
10,12459,0.3404180109500885,0.509241656104774,1786400712.4174738
10,12460,0.4750857353210449,0.5088607594936709,1786400712.5081828
10,12461,0.2995148301124573,0.5084281500210703,1786400712.602074
10,12462,0.6366847157478333,0.5081544612794613,1786400712.7027268
10,12463,0.390457421541214,0.5081441782261454,1786400712.7937229
10,12464,0.4567609429359436,0.5081863979848866,1786400712.8845153
10,12465,0.5047764778137207,0.5082285115303983,1786400712.974634
10,12466,0.23401430249214172,0.5086369346733668,1786400713.0637786
10,12467,0.3297678232192993,0.5087829360100377,1786400713.174799
10,12468,0.3793036639690399,0.5087719298245614,1786400713.2660177
10,12469,0.3132089078426361,0.5089173967459324,1786400713.3567889
10,12470,0.3755778670310974,0.50875,1786400713.4453266
10,12471,0.2998970150947571,0.5083229296712443,1786400713.5346577
10,12472,0.31697529554367065,0.5084164588528678,1786400713.6250129
10,12473,0.4419585168361664,0.5085097550850975,1786400713.7167668
10,12474,0.31817638874053955,0.5086546434494196,1786400713.810725
10,12475,0.266206830739975,0.5090062111801242,1786400713.9010103
10,12476,0.46160179376602173,0.5088916459884202,1786400713.9916224
10,12477,0.29825377464294434,0.509035522511359,1786400714.0818374
10,12478,0.4941909909248352,0.5088180693069307,1786400714.1779397
10,12479,0.26523950695991516,0.5090131850020602,1786400714.2753744
10,12480,0.6691008806228638,0.5088991769547325,1786400714.3696606
10,12481,0.3488205373287201,0.5089395807644883,1786400714.4592397
10,12482,0.4165619909763336,0.5091338259441708,1786400714.5487134
10,12483,0.3075099289417267,0.5094813448134481,1786400714.6405056
10,12484,0.37377047538757324,0.5096744471744472,1786400714.7310355
10,12485,0.2952764332294464,0.5098159509202455,1786400714.8206122
10,12486,0.43799084424972534,0.5098039215686274,1786400714.9130487
10,12487,0.3491469621658325,0.50984292125663,1786400715.0144339
10,12488,0.31877803802490234,0.5094743276283619,1786400715.1040306
10,12489,0.3518908619880676,0.5092592592592593,1786400715.203601
10,12490,0.49640581011772156,0.509400406504065,1786400715.3067896
10,12491,0.4668194055557251,0.5094397076735688,1786400715.396675
10,12492,0.33263638615608215,0.5095802919708029,1786400715.4848354
10,12493,0.36544743180274963,0.5096699068448765,1786400715.575106
10,12494,0.4445318579673767,0.5098098705501618,1786400715.6658092
10,12495,0.21505217254161835,0.51010101010101,1786400715.7662182
10,12496,0.3298656642436981,0.5097356739305892,1786400715.8557317
10,12497,0.3215401768684387,0.5097239016525594,1786400715.9508426
10,12498,0.4480215907096863,0.5094102254428341,1786400716.0413465
10,12499,0.44030970335006714,0.5092983514274226,1786400716.1365752
10,12500,0.3208032250404358,0.5094377510040161,1786400716.2357605
10,12501,0.31644344329833984,0.5095266746891296,1786400716.3257241
10,12502,0.2975642681121826,0.5095653044871795,1786400716.416211
10,12503,0.24329960346221924,0.5090536214485795,1786400716.5053513
10,12504,0.3357894718647003,0.5091426858513189,1786400716.5946517
10,12505,0.47473254799842834,0.5091317365269461,1786400716.6852353
10,12506,0.3337683081626892,0.509170653907496,1786400716.78239
10,12507,0.48870110511779785,0.5088112305854241,1786400716.8733215
10,12508,0.4137697219848633,0.5084526650755767,1786400716.969903
10,12509,0.27390533685684204,0.5086412395709178,1786400717.0597546
10,12510,0.49867191910743713,0.5083333333333333,1786400717.1497812
10,12511,0.41699904203414917,0.507927070947285,1786400717.246607
10,12512,0.394686758518219,0.5080166270783848,1786400717.3366804
10,12513,0.32704487442970276,0.5081553973902728,1786400717.4367313
10,12514,0.2478257119655609,0.5078988941548184,1786400717.5295346
10,12515,0.32105571031570435,0.5078895463510849,1786400717.6219344
10,12516,0.33307284116744995,0.5079294720252167,1786400717.7126322
10,12517,0.43380579352378845,0.5078217237308147,1786400717.805453
10,12518,0.42785191535949707,0.5078125,1786400717.9031699
10,12519,0.2843784987926483,0.5076069886140557,1786400718.0028925
10,12520,0.3431566059589386,0.5077450980392156,1786400718.0935462
10,12521,0.3259447515010834,0.5079808068938504,1786400718.1837614
10,12522,0.34457898139953613,0.5082159624413145,1786400718.2736642
10,12523,0.19652849435806274,0.5085482610394686,1786400718.3631158
10,12524,0.3531385064125061,0.5085382513661202,1786400718.4564455
10,12525,0.4808861315250397,0.5085769980506822,1786400718.5547743
10,12526,0.32780522108078003,0.5083722741433022,1786400718.6442277
10,12527,0.34736913442611694,0.5086056009334889,1786400718.7341874
10,12528,0.8575948476791382,0.5083041958041958,1786400718.8242855
10,12529,0.527666449546814,0.508197516492045,1786400718.9246323
10,12530,0.352499783039093,0.5078488372093023,1786400719.0136642
10,12531,0.31824231147766113,0.5080816879597367,1786400719.101855
10,12532,0.3251437544822693,0.507830626450116,1786400719.1925466
10,12533,0.31481093168258667,0.5080146774816532,1786400719.2819428
10,12534,0.41312670707702637,0.5081018518518519,1786400719.3793292
10,12535,0.3263967037200928,0.5083815028901734,1786400719.4793804
10,12536,0.42729106545448303,0.5085642802155504,1786400719.568714
10,12537,0.5207409858703613,0.5085063437139562,1786400719.6583533
10,12538,0.26322442293167114,0.508736559139785,1786400719.747547
10,12539,0.4074198603630066,0.5086785577291907,1786400719.8384113
10,12540,0.3731631636619568,0.5083333333333333,1786400719.9279265
10,12541,0.34596288204193115,0.5083237657864523,1786400720.0178292
10,12542,0.21408075094223022,0.5084097859327217,1786400720.117495
10,12543,0.2567402124404907,0.5078751431844215,1786400720.207253
10,12544,0.30732983350753784,0.5079138062547673,1786400720.303566
10,12545,0.33087173104286194,0.508,1786400720.3928673
10,12546,0.355475515127182,0.50808599695586,1786400720.485872
10,12547,0.3555023968219757,0.507886735081718,1786400720.5806487
10,12548,0.24362197518348694,0.508162490508732,1786400720.6707494
10,12549,0.31263694167137146,0.5081058020477816,1786400720.7630548
10,12550,0.3949519991874695,0.5081439393939394,1786400720.8604953
10,12551,0.2902771830558777,0.5083238743851684,1786400720.9505565
10,12552,0.3933527171611786,0.5084089191232048,1786400721.0501387
10,12553,0.5348116755485535,0.5079275198187996,1786400721.139595
10,12554,0.4170182943344116,0.5078242835595776,1786400721.2378132
10,12555,0.25054025650024414,0.507532956685499,1786400721.327403
10,12556,0.2670273780822754,0.5076655379984951,1786400721.41841
10,12557,0.5029774904251099,0.5078447951897783,1786400721.5179622
10,12558,0.4027298390865326,0.5079298048048048,1786400721.6088119
10,12559,0.24822521209716797,0.5074990626171728,1786400721.6981387
10,12560,0.38253462314605713,0.5075374531835206,1786400721.7879357
10,12561,0.4075673222541809,0.5075757575757576,1786400721.8888268
10,12562,0.2554936707019806,0.507660687593423,1786400721.9813216
10,12563,0.32373157143592834,0.5076987681970885,1786400722.0747972
10,12564,0.26179784536361694,0.5078765846383296,1786400722.1638887
10,12565,0.33067259192466736,0.5079143389199255,1786400722.2537603
10,12566,0.5210842490196228,0.5078125,1786400722.3487387
10,12567,0.2940564453601837,0.5075250836120402,1786400722.4435995
10,12568,0.2812930941581726,0.5076559020044543,1786400722.5310988
10,12569,0.2238553762435913,0.507322951427512,1786400722.6315246
10,12570,0.29670101404190063,0.5074074074074074,1786400722.7212944
10,12571,0.5212403535842896,0.5074454310025898,1786400722.8176432
10,12572,0.3124622106552124,0.5074371766444937,1786400722.907042
10,12573,0.4204798936843872,0.5071059431524548,1786400722.996191
10,12574,0.420793741941452,0.5072363569321534,1786400723.0873816
10,12575,0.31195297837257385,0.5075046040515654,1786400723.1818497
10,12576,0.3099513053894043,0.5076802796173657,1786400723.270613
10,12577,0.34127485752105713,0.5074880558618156,1786400723.3709373
10,12578,0.3315849304199219,0.5075715859030837,1786400723.459302
10,12579,0.352297842502594,0.5075632563256326,1786400723.5484722
10,12580,0.21630053222179413,0.5078754578754578,1786400723.6381965
10,12581,0.41703587770462036,0.5079125503110136,1786400723.7300508
10,12582,0.21781690418720245,0.5081323099415205,1786400723.8199153
10,12583,0.3200359642505646,0.5076670317634173,1786400723.9098732
10,12584,0.2905401587486267,0.5078409919766593,1786400724.00019
10,12585,0.3334369659423828,0.5079234972677595,1786400724.088896
10,12586,0.6292450428009033,0.5078693595342066,1786400724.179045
10,12587,0.5897552967071533,0.5078607778989458,1786400724.2775347
10,12588,0.49524831771850586,0.5078976034858388,1786400724.3726099
10,12589,0.276599258184433,0.5081610446137106,1786400724.46219
10,12590,0.3861759901046753,0.5082880434782608,1786400724.5521512
10,12591,0.3565981090068817,0.5084600072385088,1786400724.6501153
10,12592,0.3895111680030823,0.5086315979754158,1786400724.7395256
10,12593,0.26954394578933716,0.5088028169014085,1786400724.8305314
10,12594,0.35379698872566223,0.5088383838383839,1786400724.9243064
10,12595,0.34040364623069763,0.5089639639639639,1786400725.021017
10,12596,0.2386614829301834,0.5091792656587473,1786400725.1109147
10,12597,0.3750491142272949,0.5092143113987774,1786400725.2114022
10,12598,0.23241029679775238,0.5092941810344828,1786400725.3003182
10,12599,0.4078749716281891,0.5092841765339075,1786400725.4000432
10,12600,0.328352689743042,0.5094086021505376,1786400725.4982405
10,12601,0.4222618639469147,0.5093537414965986,1786400725.595147
10,12602,0.31319916248321533,0.5089860515021459,1786400725.6916938
10,12603,0.4245929718017578,0.5089764201500536,1786400725.7824924
10,12604,0.636315643787384,0.5086991434689507,1786400725.8759317
10,12605,0.22738845646381378,0.5089126559714795,1786400725.9718988
10,12606,0.3741035461425781,0.5086805555555556,1786400726.0623038
10,12607,0.2264648675918579,0.5088936321593739,1786400726.1505249
10,12608,0.5643731355667114,0.5088397299218195,1786400726.2407985
10,12609,0.2578282654285431,0.5090078097266596,1786400726.3387685
10,12610,0.26020678877830505,0.5092198581560283,1786400726.435843
10,12611,0.35484224557876587,0.509298618490967,1786400726.5321293
10,12612,0.37531527876853943,0.509156050955414,1786400726.6220539
10,12613,0.40977150201797485,0.5091463414634146,1786400726.7105727
10,12614,0.3048878312110901,0.5093132062146892,1786400726.7992976
10,12615,0.39093291759490967,0.509347442680776,1786400726.8885808
10,12616,0.3253796398639679,0.509469696969697,1786400726.9775722
10,12617,0.39899465441703796,0.5095476944737768,1786400727.0678859
10,12618,0.3680562376976013,0.5097134317862166,1786400727.1681345
10,12619,0.35715481638908386,0.5097471022128557,1786400727.268313
10,12620,0.3946017324924469,0.5096929824561404,1786400727.3600073
10,12621,0.6267441511154175,0.5094199088678584,1786400727.4502897
10,12622,0.2648400366306305,0.5094975490196079,1786400727.5408773
10,12623,0.4546123743057251,0.5095750262329486,1786400727.6313307
10,12624,0.2968555986881256,0.5097833682739343,1786400727.7262723
10,12625,0.26754236221313477,0.5099040139616056,1786400727.8189452
10,12626,0.29573068022727966,0.5100679916317992,1786400727.9097767
10,12627,0.3821428716182709,0.5101445489376524,1786400728.0056934
10,12628,0.2526083290576935,0.5102209464161448,1786400728.0971491
10,12629,0.2581416964530945,0.5102971845672576,1786400728.1886015
10,12630,0.253329336643219,0.5105902777777778,1786400728.277375
10,12631,0.6068552732467651,0.5102757544224766,1786400728.3732905
10,12632,0.4791634678840637,0.5103083853083853,1786400728.4676812
10,12633,0.4484848082065582,0.5101678781585324,1786400728.5581775
10,12634,0.49228715896606445,0.5102869986168741,1786400728.646534
10,12635,0.3074266016483307,0.5103626943005182,1786400728.734906
10,12636,0.2997455298900604,0.5100500345065563,1786400728.8236675
10,12637,0.36305156350135803,0.5096518441916581,1786400728.9126031
10,12638,0.32904770970344543,0.5097279614325069,1786400729.0014925
10,12639,0.2837955951690674,0.509889920880633,1786400729.091222
10,12640,0.5293113589286804,0.5096649484536082,1786400729.1800258
10,12641,0.35592544078826904,0.5096549948506695,1786400729.2686627
10,12642,0.2742624580860138,0.5098593964334706,1786400729.3561518
10,12643,0.3923240900039673,0.5098492634463857,1786400729.4455435
10,12644,0.5674940943717957,0.5097535934291582,1786400729.5318332
10,12645,0.3722578287124634,0.5096153846153846,1786400729.620419
10,12646,0.3758404552936554,0.5093493852459017,1786400729.7098682
10,12647,0.34618163108825684,0.5092118730808598,1786400729.8003356
10,12648,0.2916358411312103,0.5094154737559645,1786400729.8887248
10,12649,0.3761783540248871,0.5090228123935989,1786400729.9782085
10,12650,0.47667163610458374,0.5087159863945578,1786400730.0683246
10,12651,0.4062386453151703,0.5087071015970098,1786400730.157469
10,12652,0.47067493200302124,0.5086982348947726,1786400730.2448108
10,12653,0.335941880941391,0.5089437097321126,1786400730.333136
11,12654,0.3602811098098755,0.25,1786400736.4057534
11,12655,0.27984488010406494,0.4583333333333333,1786400736.5621471
11,12656,0.43734419345855713,0.3472222222222222,1786400736.6679463
11,12657,0.27865296602249146,0.4166666666666667,1786400736.7718995
11,12658,0.22708897292613983,0.48333333333333334,1786400736.9036775
11,12659,0.24834997951984406,0.5208333333333334,1786400737.0286257
11,12660,0.29131045937538147,0.4583333333333333,1786400737.1432211
11,12661,0.4729526937007904,0.4270833333333333,1786400737.2373142
11,12662,0.26241132616996765,0.4537037037037037,1786400737.331105
11,12663,0.5091791152954102,0.42083333333333334,1786400737.4355507
11,12664,0.45811402797698975,0.4431818181818182,1786400737.5305398
11,12665,0.3859567940235138,0.4513888888888889,1786400737.625463
11,12666,0.41463327407836914,0.44871794871794873,1786400737.7203102
11,12667,0.31025317311286926,0.4375,1786400737.8125951
11,12668,0.3021584153175354,0.4444444444444444,1786400737.9121673
11,12669,0.34319284558296204,0.4427083333333333,1786400738.0124822
11,12670,0.35804468393325806,0.4485294117647059,1786400738.1045983
11,12671,0.3300383388996124,0.42592592592592593,1786400738.1953654
11,12672,0.290700227022171,0.42543859649122806,1786400738.2955642
11,12673,0.3014681935310364,0.4354166666666667,1786400738.3856583
11,12674,0.3512897491455078,0.44047619047619047,1786400738.4745321
11,12675,0.39897269010543823,0.44696969696969696,1786400738.5677705
11,12676,0.4069344699382782,0.45108695652173914,1786400738.6584375
11,12677,0.29524606466293335,0.4479166666666667,1786400738.7560692
11,12678,0.3370380103588104,0.45666666666666667,1786400738.8460412
11,12679,0.22377580404281616,0.46634615384615385,1786400738.935101
11,12680,0.47173553705215454,0.4645061728395062,1786400739.0253086
11,12681,0.2948263883590698,0.47172619047619047,1786400739.1145422
11,12682,0.3302507698535919,0.47988505747126436,1786400739.2037554
11,12683,0.2659142017364502,0.4888888888888889,1786400739.3016384
11,12684,0.36898183822631836,0.4771505376344086,1786400739.3917012
11,12685,0.30930280685424805,0.4791666666666667,1786400739.4816148
11,12686,0.3818071782588959,0.4810606060606061,1786400739.5722709
11,12687,0.263020396232605,0.4791666666666667,1786400739.6690476
11,12688,0.32532957196235657,0.4726190476190476,1786400739.7588532
11,12689,0.2776870131492615,0.47800925925925924,1786400739.8486853
11,12690,0.47456347942352295,0.47297297297297297,1786400739.9396605
11,12691,0.3393409848213196,0.4780701754385965,1786400740.0311704
11,12692,0.32426297664642334,0.4797008547008547,1786400740.1256297
11,12693,0.19440026581287384,0.484375,1786400740.2175727
11,12694,0.32628026604652405,0.4796747967479675,1786400740.306918
11,12695,0.38680174946784973,0.4801587301587302,1786400740.4008837
11,12696,0.29296034574508667,0.4844961240310077,1786400740.494552
11,12697,0.3910669684410095,0.48863636363636365,1786400740.5835536
11,12698,0.5511462688446045,0.4925925925925926,1786400740.6723282
11,12699,0.30777645111083984,0.483695652173913,1786400740.763552
11,12700,0.3358939290046692,0.48315602836879434,1786400740.8607376
11,12701,0.35145455598831177,0.4835069444444444,1786400740.9500055
11,12702,0.6326358318328857,0.48299319727891155,1786400741.0474453
11,12703,0.3147905766963959,0.4866666666666667,1786400741.1357677
11,12704,0.25657594203948975,0.48937908496732024,1786400741.2410965
11,12705,0.45578733086586,0.49038461538461536,1786400741.3322139
11,12706,0.5059335231781006,0.4937106918238994,1786400741.4227433
11,12707,0.2943888306617737,0.49614197530864196,1786400741.518444
11,12708,0.4126936197280884,0.4962121212121212,1786400741.6093483
11,12709,0.4575713276863098,0.4962797619047619,1786400741.707818
11,12710,0.500892162322998,0.49707602339181284,1786400741.7974186
11,12711,0.4860217273235321,0.4920977011494253,1786400741.895443
11,12712,0.21668031811714172,0.4950564971751412,1786400741.9842076
11,12713,0.23348179459571838,0.4895833333333333,1786400742.073757
11,12714,0.3803415894508362,0.4924863387978142,1786400742.171837
11,12715,0.27020207047462463,0.4852150537634409,1786400742.2618268
11,12716,0.23550984263420105,0.4894179894179894,1786400742.352162
11,12717,0.5752341747283936,0.486328125,1786400742.449087
11,12718,0.3788471817970276,0.48333333333333334,1786400742.5414433
11,12719,0.25272634625434875,0.48674242424242425,1786400742.6354537
11,12720,0.29210540652275085,0.48134328358208955,1786400742.7248487
11,12721,0.32943010330200195,0.47855392156862747,1786400742.8157296
11,12722,0.18967334926128387,0.482487922705314,1786400742.9095855
11,12723,0.3031170666217804,0.48333333333333334,1786400742.9999192
11,12724,0.2902505695819855,0.4788732394366197,1786400743.0986369
11,12725,0.327800989151001,0.48032407407407407,1786400743.1981862
11,12726,0.2743213176727295,0.4800228310502283,1786400743.29063
11,12727,0.3367845416069031,0.48085585585585583,1786400743.38051
11,12728,0.5807170271873474,0.4766666666666667,1786400743.4865243
11,12729,0.35799968242645264,0.47478070175438597,1786400743.5758839
11,12730,0.3779853284358978,0.4772727272727273,1786400743.6651905
11,12731,0.41654515266418457,0.4780982905982906,1786400743.7542374
11,12732,0.47568994760513306,0.4741561181434599,1786400743.8517742
11,12733,0.4358152449131012,0.4744791666666667,1786400743.9413512
11,12734,0.28129416704177856,0.47530864197530864,1786400744.0323853
11,12735,0.322997510433197,0.4771341463414634,1786400744.1215856
11,12736,0.33045700192451477,0.47740963855421686,1786400744.2190328
11,12737,0.26886695623397827,0.48115079365079366,1786400744.317284
11,12738,0.5142437219619751,0.48333333333333334,1786400744.4228892
11,12739,0.4257550537586212,0.48401162790697677,1786400744.512668
11,12740,0.2847939431667328,0.48802681992337166,1786400744.6034274
11,12741,0.2817500829696655,0.4900568181818182,1786400744.7025902
11,12742,0.3891088366508484,0.49204119850187267,1786400744.793857
11,12743,0.21747936308383942,0.4949074074074074,1786400744.8887112
11,12744,0.2821335196495056,0.4958791208791209,1786400744.977761
11,12745,0.21656833589076996,0.4986413043478261,1786400745.06864
11,12746,0.357172429561615,0.49955197132616486,1786400745.1637743
11,12747,0.2766486406326294,0.5,1786400745.264929
11,12748,0.24904793500900269,0.5021929824561403,1786400745.3644755
11,12749,0.3384537398815155,0.5021701388888888,1786400745.4528143
11,12750,0.3361481726169586,0.5025773195876289,1786400745.552234
11,12751,0.3237694501876831,0.5029761904761905,1786400745.6458304
11,12752,0.29217538237571716,0.5033670033670034,1786400745.7349777
11,12753,0.27551978826522827,0.5045833333333334,1786400745.8450286
11,12754,0.4906655550003052,0.5004125412541254,1786400745.9343677
11,12755,0.32216882705688477,0.5016339869281046,1786400746.0243304
11,12756,0.6663576364517212,0.5004045307443366,1786400746.1140795
11,12757,0.3684384226799011,0.49719551282051283,1786400746.2033792
11,12758,0.3500981032848358,0.498015873015873,1786400746.2960117
11,12759,0.24986451864242554,0.5,1786400746.3974433
11,12760,0.2928601801395416,0.5007788161993769,1786400746.4889417
11,12761,0.2934984564781189,0.5011574074074074,1786400746.5857086
11,12762,0.35968005657196045,0.49923547400611623,1786400746.6777444
11,12763,0.493469774723053,0.4984848484848485,1786400746.776007
11,12764,0.3396816849708557,0.5003753753753754,1786400746.866304
11,12765,0.36223313212394714,0.49813988095238093,1786400746.959729
11,12766,0.19798238575458527,0.5,1786400747.050375
11,12767,0.304230272769928,0.501827485380117,1786400747.139939
11,12768,0.2102821171283722,0.5039855072463768,1786400747.236761
11,12769,0.22927427291870117,0.5050287356321839,1786400747.327523
11,12770,0.28806474804878235,0.5024928774928775,1786400747.426705
11,12771,0.31749147176742554,0.503177966101695,1786400747.5170896
11,12772,0.34429773688316345,0.5035014005602241,1786400747.6052501
11,12773,0.3459892272949219,0.5048611111111111,1786400747.7044544
11,12774,0.28478020429611206,0.5058539944903582,1786400747.7937872
11,12775,0.25584614276885986,0.507172131147541,1786400747.8839552
11,12776,0.4506189227104187,0.5074525745257452,1786400747.9738076
11,12777,0.36394935846328735,0.508736559139785,1786400748.0686789
11,12778,0.3332866132259369,0.5096666666666667,1786400748.1691883
11,12779,0.3134409785270691,0.5112433862433863,1786400748.2604573
11,12780,0.35172489285469055,0.5121391076115486,1786400748.3498507
11,12781,0.3425999879837036,0.5094401041666666,1786400748.4498258
11,12782,0.27781012654304504,0.5106589147286822,1786400748.5395207
11,12783,0.40608447790145874,0.5089743589743589,1786400748.6391246
11,12784,0.3085390031337738,0.510178117048346,1786400748.736459
11,12785,0.31232136487960815,0.5085227272727273,1786400748.8259711
11,12786,0.391062468290329,0.5059523809523809,1786400748.9207335
11,12787,0.2878153622150421,0.5068407960199005,1786400749.0102932
11,12788,0.6464712619781494,0.5074074074074074,1786400749.101654
11,12789,0.2684769630432129,0.507046568627451,1786400749.1997712
11,12790,0.329825222492218,0.5066909975669099,1786400749.2906268
11,12791,0.31262123584747314,0.5075483091787439,1786400749.3815172
11,12792,0.22447791695594788,0.5095923261390888,1786400749.474479
11,12793,0.30695149302482605,0.5110119047619047,1786400749.5642934
11,12794,0.3147556483745575,0.5085697399527187,1786400749.6643221
11,12795,0.5583482384681702,0.5093896713615024,1786400749.7588015
11,12796,0.2058633267879486,0.5113636363636364,1786400749.8488429
11,12797,0.557726263999939,0.5118634259259259,1786400749.9468021
11,12798,0.536823034286499,0.5097701149425288,1786400750.036322
11,12799,0.23798176646232605,0.5105593607305936,1786400750.12897
11,12800,0.4663937985897064,0.5099206349206349,1786400750.2262673
11,12801,0.36363324522972107,0.5104166666666666,1786400750.3153777
11,12802,0.37791216373443604,0.5114653243847874,1786400750.4051955
11,12803,0.3205641806125641,0.5088888888888888,1786400750.4965115
11,12804,0.2871336340904236,0.5074503311258278,1786400750.5942852
11,12805,0.3041332960128784,0.5079495614035088,1786400750.682887
11,12806,0.32652369141578674,0.508442265795207,1786400750.7776945
11,12807,0.2136314958333969,0.5102813852813853,1786400750.8677804
11,12808,0.4919264614582062,0.5099462365591397,1786400750.9656155
11,12809,0.4594305753707886,0.5082799145299145,1786400751.0553648
11,12810,0.7954275012016296,0.5071656050955414,1786400751.1462865
11,12811,0.28439271450042725,0.5050105485232067,1786400751.2392929
11,12812,0.24760034680366516,0.5034067085953878,1786400751.3296752
11,12813,0.33855128288269043,0.5041666666666667,1786400751.4211452
11,12814,0.32328516244888306,0.5041407867494824,1786400751.510134
11,12815,0.3520769476890564,0.5025720164609053,1786400751.609978
11,12816,0.46514958143234253,0.5007668711656442,1786400751.7019851
11,12817,0.27797284722328186,0.5017784552845529,1786400751.8038516
11,12818,0.2762225270271301,0.5025252525252525,1786400751.8989182
11,12819,0.4683774709701538,0.5015060240963856,1786400751.9900496
11,12820,0.2800386846065521,0.499500998003992,1786400752.0873458
11,12821,0.20380054414272308,0.5012400793650794,1786400752.177976
11,12822,0.33214086294174194,0.501232741617357,1786400752.2678363
11,12823,0.32947492599487305,0.5024509803921569,1786400752.3608
11,12824,0.45572471618652344,0.5029239766081871,1786400752.461335
11,12825,0.2511615455150604,0.5033914728682171,1786400752.5516675
11,12826,0.3513517677783966,0.5038535645472062,1786400752.6443396
11,12827,0.40907418727874756,0.5040708812260536,1786400752.7330453
11,12828,0.29078543186187744,0.5047619047619047,1786400752.8275964
11,12829,0.4162350296974182,0.5026041666666666,1786400752.9173775
11,12830,0.23755770921707153,0.5009416195856874,1786400753.0174606
11,12831,0.37086522579193115,0.49929775280898875,1786400753.107963
11,12832,0.49077147245407104,0.4995344506517691,1786400753.198354
11,12833,0.31481772661209106,0.5,1786400753.2866113
11,12834,0.281002014875412,0.5009208103130756,1786400753.3751962
11,12835,0.5691997408866882,0.5013736263736264,1786400753.4663076
11,12836,0.6400191783905029,0.49977231329690347,1786400753.5660594
11,12837,0.5280929803848267,0.49841485507246375,1786400753.6657598
11,12838,0.4011532962322235,0.4968468468468468,1786400753.7641995
11,12839,0.33883172273635864,0.4975358422939068,1786400753.8534422
11,12840,0.41212865710258484,0.4982174688057041,1786400753.9419281
11,12841,0.4000179171562195,0.4971187943262411,1786400754.0332093
11,12842,0.38908711075782776,0.49559082892416223,1786400754.1246204
11,12843,0.37445124983787537,0.49451754385964913,1786400754.2208264
11,12844,0.32556843757629395,0.49585514834205935,1786400754.3187993
11,12845,0.20106039941310883,0.4969618055555556,1786400754.407097
11,12846,0.23092776536941528,0.49784110535405873,1786400754.4967444
11,12847,0.27326667308807373,0.49828178694158076,1786400754.5853333
11,12848,0.4829302132129669,0.4963675213675214,1786400754.6791956
11,12849,0.39078253507614136,0.4961734693877551,1786400754.7764452
11,12850,0.5147140026092529,0.4959813874788494,1786400754.8778152
11,12851,0.5119955539703369,0.49515993265993263,1786400754.9673908
11,12852,0.6551901698112488,0.49518425460636517,1786400755.0663521
11,12853,0.6060929298400879,0.4952083333333333,1786400755.1562414
11,12854,0.3197689354419708,0.4944029850746269,1786400755.2455778
11,12855,0.44566214084625244,0.492986798679868,1786400755.336122
11,12856,0.2983284592628479,0.49363711001642036,1786400755.4251022
11,12857,0.27575311064720154,0.4930555555555556,1786400755.523854
11,12858,0.43604180216789246,0.49308943089430896,1786400755.613509
11,12859,0.31735122203826904,0.4933252427184466,1786400755.7033718
11,12860,0.3735429048538208,0.49355877616747185,1786400755.8025208
11,12861,0.2630830705165863,0.4941907051282051,1786400755.8913248
11,12862,0.250125914812088,0.4956140350877193,1786400755.9831266
11,12863,0.29085880517959595,0.49424603174603177,1786400756.073052
11,12864,0.24670186638832092,0.49229857819905215,1786400756.1631973
11,12865,0.315931111574173,0.4919418238993711,1786400756.261268
11,12866,0.3711729347705841,0.49295774647887325,1786400756.3634577
11,12867,0.2315727174282074,0.4937694704049844,1786400756.4538093
11,12868,0.252785861492157,0.49496124031007754,1786400756.5433793
11,12869,0.20715144276618958,0.49382716049382713,1786400756.6343176
11,12870,0.28743743896484375,0.4946236559139785,1786400756.7244089
11,12871,0.4988676905632019,0.49503058103975534,1786400756.8143363
11,12872,0.37770020961761475,0.4952435312024353,1786400756.9060502
11,12873,0.2703927159309387,0.49393939393939396,1786400756.996993
11,12874,0.5535335540771484,0.49264705882352944,1786400757.095385
11,12875,0.27383458614349365,0.49324324324324326,1786400757.1849768
11,12876,0.21655677258968353,0.4936472346786248,1786400757.2758336
11,12877,0.426316499710083,0.49423363095238093,1786400757.3654275
11,12878,0.2418585568666458,0.49444444444444446,1786400757.4579203
11,12879,0.28993991017341614,0.4950221238938053,1786400757.5536003
11,12880,0.27814748883247375,0.4955947136563877,1786400757.64286
11,12881,0.3898273706436157,0.49488304093567254,1786400757.740421
11,12882,0.21713721752166748,0.4952692867540029,1786400757.8372378
11,12883,0.3056338429450989,0.4960144927536232,1786400757.9284244
11,12884,0.22334447503089905,0.49747474747474746,1786400758.0173051
11,12885,0.45907318592071533,0.49622844827586204,1786400758.1281958
11,12886,0.3325101137161255,0.4973175965665236,1786400758.2277327
11,12887,0.3333949148654938,0.49715099715099714,1786400758.3226523
11,12888,0.3748954236507416,0.4980496453900709,1786400758.4114769
11,12889,0.282441109418869,0.4987641242937853,1786400758.5019796
11,12890,0.5451498031616211,0.49736286919831224,1786400758.5964007
11,12891,0.29906636476516724,0.49807422969187676,1786400758.6876018
11,12892,0.5758057832717896,0.4975592747559275,1786400758.7807567
11,12893,0.35782429575920105,0.49618055555555557,1786400758.8740842
11,12894,0.2409832924604416,0.4975795297372061,1786400758.969588
11,12895,0.4037160277366638,0.4962121212121212,1786400759.059054
11,12896,0.3660200238227844,0.49691358024691357,1786400759.1577077
11,12897,0.2394891083240509,0.4960724043715847,1786400759.2479222
11,12898,0.6161932349205017,0.4943877551020408,1786400759.3388577
11,12899,0.20106832683086395,0.49525745257452575,1786400759.4291627
11,12900,0.30703553557395935,0.4940958164642375,1786400759.5279217
11,12901,0.4125667214393616,0.49361559139784944,1786400759.6238809
11,12902,0.2873196303844452,0.4939759036144578,1786400759.722596
11,12903,0.351338267326355,0.49383333333333335,1786400759.8133445
11,12904,0.39959317445755005,0.4940239043824701,1786400759.9020436
11,12905,0.22548072040081024,0.49437830687830686,1786400759.9912171
11,12906,0.20896410942077637,0.4952239789196311,1786400760.084853
11,12907,0.30826684832572937,0.495242782152231,1786400760.1849973
11,12908,0.2929129898548126,0.49411764705882355,1786400760.2745883
11,12909,0.23171421885490417,0.4951171875,1786400760.3651695
11,12910,0.17724943161010742,0.4961089494163424,1786400760.4543307
11,12911,0.3148367404937744,0.4962855297157623,1786400760.5447786
11,12912,0.4429920017719269,0.4967824967824968,1786400760.6360023
11,12913,0.2504361867904663,0.49743589743589745,1786400760.7317405
11,12914,0.2613953948020935,0.49792464878671777,1786400760.821048
11,12915,0.5156352519989014,0.4969783715012723,1786400760.9194446
11,12916,0.18006843328475952,0.4979404309252218,1786400761.0093133
11,12917,0.38772284984588623,0.4965277777777778,1786400761.0983298
11,12918,0.32416749000549316,0.4971698113207547,1786400761.194496
11,12919,0.252682089805603,0.49592731829573933,1786400761.2876449
11,12920,0.33517763018608093,0.49625468164794007,1786400761.3883154
11,12921,0.3516771197319031,0.4970460199004975,1786400761.481007
11,12922,0.32845839858055115,0.4972118959107807,1786400761.5697818
11,12923,0.4555874168872833,0.49691358024691357,1786400761.6609225
11,12924,0.4544489085674286,0.496309963099631,1786400761.7591949
11,12925,0.4168816804885864,0.4964767156862745,1786400761.8556678
11,12926,0.39325737953186035,0.4955738705738706,1786400761.9457457
11,12927,0.26727861166000366,0.49665450121654503,1786400762.0344036
11,12928,0.2972666919231415,0.49696969696969695,1786400762.1231563
11,12929,0.32665538787841797,0.49728260869565216,1786400762.2138247
11,12930,0.3212447762489319,0.49789410348977137,1786400762.3105695
11,12931,0.3828546404838562,0.49835131894484413,1786400762.401249
11,12932,0.5361831188201904,0.49716248506571087,1786400762.491168
11,12933,0.4662661552429199,0.4962797619047619,1786400762.5842664
11,12934,0.28980061411857605,0.49629300118623965,1786400762.676903
11,12935,0.2808341681957245,0.49541962174940896,1786400762.7671065
11,12936,0.3244807720184326,0.49469964664310956,1786400762.8583162
11,12937,0.5173975825309753,0.49383802816901406,1786400762.9490268
11,12938,0.22218963503837585,0.4945906432748538,1786400763.0484285
11,12939,0.26503294706344604,0.4935897435897436,1786400763.1402063
11,12940,0.3154356777667999,0.49404761904761907,1786400763.2286322
11,12941,0.42293667793273926,0.49421296296296297,1786400763.3174589
11,12942,0.34034353494644165,0.4935121107266436,1786400763.4102662
11,12943,0.46101146936416626,0.4932471264367816,1786400763.4984853
11,12944,0.3640693426132202,0.4936998854524628,1786400763.6000137
11,12945,0.48423898220062256,0.4937214611872146,1786400763.7013044
11,12946,0.2607942819595337,0.4941695108077361,1786400763.8028028
11,12947,0.3508799374103546,0.49489795918367346,1786400763.8998284
11,12948,0.2897987961769104,0.49519774011299433,1786400763.9908824
11,12949,0.27931252121925354,0.4938063063063063,1786400764.081575
11,12950,0.26006728410720825,0.49424803591470257,1786400764.1775405
11,12951,0.3963150978088379,0.4930089485458613,1786400764.2773204
11,12952,0.3037724792957306,0.4935897435897436,1786400764.377203
11,12953,0.3137592375278473,0.49375,1786400764.465576
11,12954,0.27916064858436584,0.4950166112956811,1786400764.5666184
11,12955,0.3209989666938782,0.4955849889624724,1786400764.6554723
11,12956,0.2410646378993988,0.49587458745874585,1786400764.7488523
11,12957,0.3745371699333191,0.4960252192982456,1786400764.8412135
11,12958,0.3030417859554291,0.496448087431694,1786400764.931602
11,12959,0.5509505271911621,0.4968681917211329,1786400765.022579
11,12960,0.3693525493144989,0.4974212812160695,1786400765.1197426
11,12961,0.4386875331401825,0.4966179653679654,1786400765.2123687
11,12962,0.19134841859340668,0.4975728155339806,1786400765.3111575
11,12963,0.3608020544052124,0.49811827956989246,1786400765.400514
11,12964,0.9124616384506226,0.49758842443729906,1786400765.4931676
11,12965,0.24652497470378876,0.4983974358974359,1786400765.5906944
11,12966,0.28809452056884766,0.4992012779552716,1786400765.6842258
11,12967,0.36206257343292236,0.4980095541401274,1786400765.7818062
11,12968,0.3678085505962372,0.49695767195767193,1786400765.8716705
11,12969,0.3911462426185608,0.4965717299578059,1786400765.960991
11,12970,0.23200444877147675,0.4955310199789695,1786400766.0510035
11,12971,0.4624117314815521,0.49515199161425577,1786400766.139647
11,12972,0.35270029306411743,0.49555903866248696,1786400766.2293732
11,12973,0.29617640376091003,0.4962239583333333,1786400766.3181143
11,12974,0.6227770447731018,0.4957165109034268,1786400766.4078755
11,12975,0.3508537709712982,0.4954710144927536,1786400766.4998677
11,12976,0.24993090331554413,0.49625902992776055,1786400766.589674
11,12977,0.29212215542793274,0.4963991769547325,1786400766.6885922
11,12978,0.37083637714385986,0.49551282051282053,1786400766.7831776
11,12979,0.27606379985809326,0.49642126789366053,1786400766.873989
11,12980,0.39426589012145996,0.4964322120285423,1786400766.9625463
11,12981,0.3029930591583252,0.4969512195121951,1786400767.0526154
11,12982,0.24457931518554688,0.4960739614994934,1786400767.152951
11,12983,0.25946906208992004,0.4965909090909091,1786400767.2418728
11,12984,0.3220234215259552,0.49672708962739176,1786400767.3314993
11,12985,0.2634858191013336,0.4959839357429719,1786400767.430122
11,12986,0.2527564465999603,0.49674674674674674,1786400767.5205076
11,12987,0.20983758568763733,0.49550898203592814,1786400767.6118255
11,12988,0.5542277097702026,0.4955223880597015,1786400767.704244
11,12989,0.6163468360900879,0.4945436507936508,1786400767.7944095
11,12990,0.24903090298175812,0.4938180019782394,1786400767.894384
11,12991,0.3485293686389923,0.4943293885601578,1786400767.9848716
11,12992,0.17384345829486847,0.4947148475909538,1786400768.0731208
11,12993,0.23366184532642365,0.49522058823529413,1786400768.1723335
11,12994,0.36912813782691956,0.49560117302052786,1786400768.2620642
11,12995,0.4009588062763214,0.49573586744639375,1786400768.3520448
11,12996,0.33554568886756897,0.49611273080660834,1786400768.4464915
11,12997,0.49141114950180054,0.4955184108527132,1786400768.5350733
11,12998,0.2805688977241516,0.49577294685990336,1786400768.6333628
11,12999,0.38212132453918457,0.49482177263969174,1786400768.7232764
11,13000,0.2647111415863037,0.4955571565802113,1786400768.8124053
11,13001,0.2767242193222046,0.49604885057471265,1786400768.902337
11,13002,0.31837376952171326,0.49653772683858644,1786400769.0012043
11,13003,0.3891053795814514,0.4967857142857143,1786400769.0912266
11,13004,0.4048430919647217,0.4964387464387464,1786400769.1818838
11,13005,0.582522988319397,0.4962121212121212,1786400769.2852843
11,13006,0.31495335698127747,0.49657695939565627,1786400769.3886528
11,13007,0.2563885748386383,0.4955273069679849,1786400769.4973886
11,13008,0.28121834993362427,0.4961267605633803,1786400769.5877323
11,13009,0.26983553171157837,0.4969569288389513,1786400769.687986
11,13010,0.45980989933013916,0.49684873949579833,1786400769.7795548
11,13011,0.24318286776542664,0.4969739292364991,1786400769.8708236
11,13012,0.24846480786800385,0.49779480037140206,1786400769.9669545
11,13013,0.3422101140022278,0.49722222222222223,1786400770.071328
11,13014,0.31369248032569885,0.49780701754385964,1786400770.1728349
11,13015,0.33458834886550903,0.49804327808471455,1786400770.2656178
11,13016,0.2761017084121704,0.49827823691460055,1786400770.3559308
11,13017,0.3299117386341095,0.49725274725274726,1786400770.4493642
11,13018,0.282559871673584,0.49748858447488586,1786400770.5472426
11,13019,0.4070272445678711,0.4978369763205829,1786400770.6367197
11,13020,0.5739770531654358,0.4977293369663942,1786400770.7329552
11,13021,0.4130176305770874,0.497848731884058,1786400770.825746
11,13022,0.26834699511528015,0.498193315266486,1786400770.9236078
11,13023,0.28673505783081055,0.4972972972972973,1786400771.0193048
11,13024,0.5514383316040039,0.49629380053908356,1786400771.121878
11,13025,0.664077639579773,0.4956317204301075,1786400771.2139597
11,13026,0.21153885126113892,0.4947497765862377,1786400771.3067489
11,13027,0.278281569480896,0.4940953654188948,1786400771.4072466
11,13028,0.31301993131637573,0.49322222222222223,1786400771.4990344
11,13029,0.35857683420181274,0.493572695035461,1786400771.601276
11,13030,0.24891023337841034,0.49447391688771,1786400771.6920025
11,13031,0.4666314125061035,0.49459876543209874,1786400771.7828796
11,13032,0.357536256313324,0.4938434476693052,1786400771.8739772
11,13033,0.35240438580513,0.49407894736842106,1786400771.9695141
11,13034,0.3653393089771271,0.49343832020997375,1786400772.0723088
11,13035,0.40439021587371826,0.493782722513089,1786400772.1721973
11,13036,0.34091275930404663,0.49401653611836377,1786400772.2656856
11,13037,0.5073715448379517,0.4944661458333333,1786400772.3638875
11,13038,0.3115854561328888,0.49383116883116884,1786400772.4552493
11,13039,0.4177495539188385,0.4939550949913644,1786400772.544938
11,13040,0.4036744236946106,0.49397071490094746,1786400772.6450408
11,13041,0.3437844514846802,0.49420103092783507,1786400772.7407327
11,13042,0.2904128134250641,0.4944301628106255,1786400772.8315065
11,13043,0.24568720161914825,0.4951923076923077,1786400772.9271464
11,13044,0.22225962579250336,0.4956308610400682,1786400773.0223308
11,13045,0.31872767210006714,0.4947916666666667,1786400773.1240904
11,13046,0.3658258616924286,0.49480491942324,1786400773.2253945
11,13047,0.40934816002845764,0.4949238578680203,1786400773.315168
11,13048,0.3135147988796234,0.4951476793248945,1786400773.4139833
11,13049,0.3099208176136017,0.49537037037037035,1786400773.5039458
11,13050,0.5725029110908508,0.49538203190596136,1786400773.596117
11,13051,0.3518158495426178,0.4957077051926298,1786400773.6907754
11,13052,0.542644739151001,0.4956140350877193,1786400773.791089
11,13053,0.271161288022995,0.49572916666666667,1786400773.9034824
11,13054,0.3599414527416229,0.49605153782211137,1786400773.995603
11,13055,0.30952346324920654,0.4955431177446103,1786400774.086034
11,13056,0.5105217099189758,0.494933829611249,1786400774.1776242
11,13057,0.36971884965896606,0.49504950495049505,1786400774.267449
11,13058,0.22889721393585205,0.495679012345679,1786400774.3577378
11,13059,0.4032261371612549,0.49589490968801314,1786400774.4613647
11,13060,0.49642467498779297,0.49580262080262083,1786400774.5559413
11,13061,0.29863303899765015,0.4960171568627451,1786400774.6541529
11,13062,0.23464521765708923,0.49643439282803586,1786400774.7551131
11,13063,0.577125072479248,0.4964430894308943,1786400774.8543887
11,13064,0.3489637076854706,0.49665450121654503,1786400774.9448278
11,13065,0.26697197556495667,0.49716828478964403,1786400775.0388842
11,13066,0.2577785849571228,0.49767958030669895,1786400775.138843
11,13067,0.37125271558761597,0.49778582930756843,1786400775.2286668
11,13068,0.5993456840515137,0.49789156626506026,1786400775.3175874
11,13069,0.6930301189422607,0.49759615384615385,1786400775.4121199
11,13070,0.5973944664001465,0.49790167865707435,1786400775.505184
11,13071,0.6214118599891663,0.4969098883572568,1786400775.596991
11,13072,0.39628273248672485,0.4968178202068417,1786400775.687801
11,13073,0.26590490341186523,0.4959325396825397,1786400775.7803884
11,13074,0.30591315031051636,0.49515043547110055,1786400775.8796103
11,13075,0.5639133453369141,0.4946682464454976,1786400775.978625
11,13076,0.2843126654624939,0.49497635933806144,1786400776.0767777
11,13077,0.31873536109924316,0.4949882075471698,1786400776.1782086
11,13078,0.24555550515651703,0.49519607843137253,1786400776.2691703
11,13079,0.3072558343410492,0.4956964006259781,1786400776.3612316
11,13080,0.5786342620849609,0.4950234192037471,1786400776.451551
11,13081,0.19355985522270203,0.4957165109034268,1786400776.5431352
11,13082,0.18166717886924744,0.4964063714063714,1786400776.6347978
11,13083,0.28262093663215637,0.4965116279069767,1786400776.7261896
11,13084,0.3592759370803833,0.49564965197215777,1786400776.8183527
11,13085,0.3299736976623535,0.49604552469135804,1786400776.910674
11,13086,0.2642887532711029,0.4962471131639723,1786400777.0021327
11,13087,0.31986862421035767,0.4965437788018433,1786400777.0962484
11,13088,0.32924047112464905,0.4960727969348659,1786400777.1892436
11,13089,0.29865169525146484,0.4969418960244648,1786400777.2816293
11,13090,0.2390594184398651,0.49628146453089245,1786400777.382849
11,13091,0.3920535743236542,0.4968607305936073,1786400777.4860735
11,13092,0.3517404794692993,0.4970577069096431,1786400777.5763288
11,13093,0.2326621264219284,0.4979166666666667,1786400777.6768336
11,13094,0.38406628370285034,0.49782690854119427,1786400777.768006
11,13095,0.28798598051071167,0.4984917043740573,1786400777.85867
11,13096,0.30371516942977905,0.49887133182844245,1786400777.9669304
11,13097,0.4252030849456787,0.4988738738738739,1786400778.0574982
11,13098,0.25224563479423523,0.4991573033707865,1786400778.14806
11,13099,0.3778388500213623,0.49897234678624813,1786400778.2497807
11,13100,0.24178829789161682,0.49916107382550334,1786400778.3417912
11,13101,0.2528403103351593,0.49972098214285715,1786400778.4329352
11,13102,0.32520395517349243,0.49870081662954713,1786400778.53768
11,13103,0.3655831217765808,0.4988888888888889,1786400778.6276143
11,13104,0.46543288230895996,0.4984294161123429,1786400778.725333
11,13105,0.35842669010162354,0.49852507374631266,1786400778.8159437
11,13106,0.3334161937236786,0.4988962472406181,1786400778.905644
11,13107,0.28588593006134033,0.49908223201174745,1786400778.9990022
11,13108,0.23662081360816956,0.49945054945054945,1786400779.1011884
11,13109,0.2439589649438858,0.49972587719298245,1786400779.1938071
11,13110,0.41446414589881897,0.49990882567469,1786400779.290714
11,13111,0.38163402676582336,0.5,1786400779.3817153
11,13112,0.34309929609298706,0.5001815541031227,1786400779.472241
11,13113,0.27816832065582275,0.5008152173913043,1786400779.5783353
11,13114,0.5063179135322571,0.5009038322487346,1786400779.6696625
11,13115,0.4179305136203766,0.5011724386724387,1786400779.7613606
11,13116,0.2806854844093323,0.5016198704103672,1786400779.8526049
11,13117,0.33602669835090637,0.501885775862069,1786400779.94719
11,13118,0.23186929523944855,0.5023297491039427,1786400780.0398223
11,13119,0.3577762246131897,0.5021459227467812,1786400780.130134
11,13120,0.3948603570461273,0.5020521056388294,1786400780.2215738
11,13121,0.32857152819633484,0.5025819088319088,1786400780.3143642
11,13122,0.4626454710960388,0.5031982942430704,1786400780.4056082
11,13123,0.4469612240791321,0.5032801418439716,1786400780.4938967
11,13124,0.29665300250053406,0.5037154989384289,1786400780.5834608
11,13125,0.36482080817222595,0.5037959039548022,1786400780.6750727
11,13126,0.7340481281280518,0.5033474277660324,1786400780.7737517
11,13127,0.4819577634334564,0.502725035161744,1786400780.8666065
11,13128,0.27297529578208923,0.5032456140350877,1786400780.9678943
11,13129,0.3383411765098572,0.5035014005602241,1786400781.0589828
11,13130,0.32238563895225525,0.5037561146051712,1786400781.1603777
11,13131,0.3550134599208832,0.5039225941422594,1786400781.2605772
11,13132,0.5381139516830444,0.5040013917884482,1786400781.350602
11,13133,0.2666122019290924,0.5043402777777778,1786400781.441204
11,13134,0.3988606035709381,0.503984753984754,1786400781.5338745
11,13135,0.23008929193019867,0.5043222683264177,1786400781.6249793
11,13136,0.34421706199645996,0.504399585921325,1786400781.7259483
11,13137,0.2812380790710449,0.5045626721763086,1786400781.8172286
11,13138,0.38138440251350403,0.5046391752577319,1786400781.9080236
11,13139,0.327750563621521,0.50480109739369,1786400781.9998732
11,13140,0.25509849190711975,0.5048767967145791,1786400782.0928197
11,13141,0.19898800551891327,0.5051229508196722,1786400782.181445
11,13142,0.6354323625564575,0.5048568507157464,1786400782.2752447
11,13143,0.6475345492362976,0.5042517006802721,1786400782.3658
11,13144,0.7262782454490662,0.5039035980991174,1786400782.4589558
11,13145,0.4573908746242523,0.5040650406504065,1786400782.5472488
11,13146,0.34233805537223816,0.504394861392833,1786400782.6401596
11,13147,0.3136148750782013,0.5048076923076923,1786400782.7392461
11,13148,0.3665282130241394,0.5051346801346801,1786400782.838534
11,13149,0.523567795753479,0.5049563172043011,1786400782.928132
11,13150,0.32124313712120056,0.5051978537894031,1786400783.0283551
11,13151,0.3926602303981781,0.5042670682730924,1786400783.119322
11,13152,0.3389754891395569,0.5043420173680695,1786400783.2082999
11,13153,0.3799649775028229,0.5043333333333333,1786400783.2980773
11,13154,0.24171298742294312,0.5048236859614105,1786400783.3878183
11,13155,0.6193052530288696,0.5043990703851262,1786400783.4778216
11,13156,0.4172961413860321,0.5046388336646785,1786400783.5760567
11,13157,0.20151759684085846,0.5052083333333334,1786400783.6698878
11,13158,0.24649442732334137,0.504950495049505,1786400783.7614741
11,13159,0.1590961217880249,0.5056818181818182,1786400783.8542197
11,13160,0.4276823103427887,0.5058349769888232,1786400783.953369
11,13161,0.29119420051574707,0.5060695538057742,1786400784.0420256
11,13162,0.2616378962993622,0.5065487884741323,1786400784.131352
11,13163,0.28898248076438904,0.5066993464052287,1786400784.22183
11,13164,0.3043912649154663,0.5060339204174821,1786400784.3231804
11,13165,0.6525105237960815,0.505859375,1786400784.4136367
11,13166,0.32835114002227783,0.5053606237816765,1786400784.5102348
11,13167,0.24324831366539001,0.5057555123216602,1786400784.6005785
11,13168,0.29136213660240173,0.5061488673139158,1786400784.6899831
11,13169,0.3477186858654022,0.5055717054263565,1786400784.7808905
11,13170,0.3638492226600647,0.5055609284332688,1786400784.881413
11,13171,0.20230543613433838,0.5060328185328186,1786400784.979965
11,13172,0.2945726215839386,0.5065831727681439,1786400785.0738337
11,13173,0.3616085350513458,0.5063301282051282,1786400785.1740882
11,13174,0.2684193253517151,0.5067178502879078,1786400785.2629657
11,13175,0.3085613548755646,0.5070242656449553,1786400785.3514957
11,13176,0.2974255084991455,0.5063734862970045,1786400785.4505746
11,13177,0.3373335301876068,0.5057251908396947,1786400785.5513318
11,13178,0.33108723163604736,0.5058730158730159,1786400785.6499329
11,13179,0.42904090881347656,0.506020278833967,1786400785.741725
11,13180,0.357325941324234,0.5060879190385832,1786400785.8405805
11,13181,0.30565840005874634,0.506155303030303,1786400785.9306934
11,13182,0.2469506412744522,0.5065374921235035,1786400786.021681
11,13183,0.5461463332176208,0.5064465408805031,1786400786.1128922
11,13184,0.34682610630989075,0.5065913370998116,1786400786.2049222
11,13185,0.4313374161720276,0.506578947368421,1786400786.2971573
11,13186,0.36770766973495483,0.506722951844903,1786400786.393584
11,13187,0.24950049817562103,0.5071004993757803,1786400786.4826286
11,13188,0.2907778024673462,0.5072429906542056,1786400786.5785604
11,13189,0.44903233647346497,0.5071517412935324,1786400786.6697004
11,13190,0.32511696219444275,0.5074487895716946,1786400786.7704382
11,13191,0.29361438751220703,0.5077447335811648,1786400786.866505
11,13192,0.3709231913089752,0.5071892393320965,1786400786.9575002
11,13193,0.4070797264575958,0.5074845679012345,1786400787.056368
11,13194,0.49031591415405273,0.5074707332101047,1786400787.1458511
11,13195,0.3595846891403198,0.507380073800738,1786400787.2418494
11,13196,0.3683387041091919,0.5075966850828729,1786400787.343913
11,13197,0.3089540898799896,0.5078125,1786400787.441778
11,13198,0.3062593340873718,0.5079510703363914,1786400787.534991
11,13199,0.4601951837539673,0.5076312576312576,1786400787.6384082
11,13200,0.43339696526527405,0.5076173065204144,1786400787.733387
11,13201,0.5513598322868347,0.507147201946472,1786400787.8250687
11,13202,0.3083598017692566,0.5073618700667881,1786400787.9151938
11,13203,0.4379468560218811,0.5075,1786400788.0118687
11,13204,0.3010481297969818,0.5075620084694494,1786400788.10327
11,13205,0.462069571018219,0.5069444444444444,1786400788.2059705
11,13206,0.568942666053772,0.5068565400843882,1786400788.296321
11,13207,0.37385624647140503,0.5069945848375451,1786400788.3985984
11,13208,0.26212024688720703,0.5073573573573573,1786400788.4959493
11,13209,0.4650106430053711,0.5075689448441247,1786400788.595995
11,13210,0.3869141638278961,0.5076301615798923,1786400788.6934695
11,13211,0.5045574307441711,0.5074671445639187,1786400788.7841654
11,13212,0.28700655698776245,0.5077519379844961,1786400788.886683
11,13213,0.4311225414276123,0.5078869047619048,1786400788.9766364
11,13214,0.25471052527427673,0.5080213903743316,1786400789.0679097
11,13215,0.5491148829460144,0.5077846975088968,1786400789.1647842
11,13216,0.32985803484916687,0.5079188869153345,1786400789.2553747
11,13217,0.2719619870185852,0.5081264775413712,1786400789.351236
11,13218,0.5497702956199646,0.5080383480825958,1786400789.443372
11,13219,0.5563455820083618,0.5073616018845701,1786400789.5335584
11,13220,0.5634382963180542,0.5071281599059377,1786400789.6265514
11,13221,0.3862111270427704,0.5071156103286385,1786400789.7187824
11,13222,0.3520077168941498,0.5071031048623316,1786400789.8151178
11,13223,0.5364213585853577,0.5070175438596491,1786400789.9064
11,13224,0.28056275844573975,0.5073701109165207,1786400789.9964488
11,13225,0.33681949973106384,0.5073572261072261,1786400790.0987806
11,13226,0.2480945587158203,0.5077079697498545,1786400790.1937673
11,13227,0.29294082522392273,0.5079123112659698,1786400790.2959142
11,13228,0.3757896423339844,0.5080434782608696,1786400790.3983128
11,13229,0.3427354693412781,0.5081018518518519,1786400790.4905107
11,13230,0.475161075592041,0.5083044482957828,1786400790.5850713
11,13231,0.2858155071735382,0.508578431372549,1786400790.6852791
11,13232,0.38247478008270264,0.5087795048934945,1786400790.7860034
11,13233,0.3331388235092163,0.5089798850574713,1786400790.8774514
11,13234,0.4127908945083618,0.508964429145152,1786400790.9768736
11,13235,0.3380913734436035,0.5093785796105383,1786400791.0673697
11,13236,0.3070991635322571,0.5094339622641509,1786400791.1577759
11,13237,0.2892579138278961,0.5089897260273972,1786400791.2595487
11,13238,0.19623759388923645,0.5094729344729345,1786400791.351145
11,13239,0.2667658030986786,0.5097411831626849,1786400791.4414592
11,13240,0.406177818775177,0.5094406587166382,1786400791.5351422
11,13241,0.36745697259902954,0.5096371882086168,1786400791.6256747
11,13242,0.24546968936920166,0.509974533106961,1786400791.7254322
11,13243,0.22504529356956482,0.5103813559322034,1786400791.8160753
11,13244,0.3199247121810913,0.5103637901861252,1786400791.9134657
11,13245,0.3842226266860962,0.5099239864864865,1786400792.0046134
11,13246,0.3508252501487732,0.5103991006183249,1786400792.0935245
11,13247,0.23416021466255188,0.5108024691358025,1786400792.188616
11,13248,0.4088933765888214,0.5104341736694678,1786400792.2788033
11,13249,0.32455936074256897,0.5098573825503355,1786400792.3740528
11,13250,0.3844375014305115,0.5095616973757677,1786400792.4654305
11,13251,0.34479445219039917,0.5097547380156076,1786400792.5538378
11,13252,0.3107587695121765,0.5098775737340011,1786400792.6446674
11,13253,0.2539558410644531,0.5101388888888889,1786400792.7418065
11,13254,0.3211779296398163,0.5103993344425957,1786400792.8354852
11,13255,0.39704978466033936,0.5105204872646734,1786400792.9283059
11,13256,0.3766241669654846,0.5107103372028745,1786400793.0324078
11,13257,0.3016934394836426,0.5108995584988962,1786400793.128911
11,13258,0.27659839391708374,0.5111570247933884,1786400793.218103
11,13259,0.2523651421070099,0.5112073707370737,1786400793.312983
11,13260,0.3887234926223755,0.5111202635914333,1786400793.4093928
11,13261,0.2274959534406662,0.5107593201754386,1786400793.5008562
11,13262,0.32695332169532776,0.5110153256704981,1786400793.5900507
11,13263,0.37234950065612793,0.510724043715847,1786400793.689903
11,13264,0.2985333800315857,0.5102973267866885,1786400793.779666
11,13265,0.33557748794555664,0.5102805010893247,1786400793.8691492
11,13266,0.6360549926757812,0.5103996737357259,1786400793.9687154
11,13267,0.24324128031730652,0.5106541802388708,1786400794.0581877
11,13268,0.6800373792648315,0.5103658536585366,1786400794.1487489
11,13269,0.3041574954986572,0.5104843073593074,1786400794.2406259
11,13270,0.24235700070858002,0.5108049702863318,1786400794.3391912
11,13271,0.2659325897693634,0.5109223300970874,1786400794.4287515
11,13272,0.3809976875782013,0.5106354334948843,1786400794.526485
11,13273,0.25847458839416504,0.5108870967741935,1786400794.6160684
11,13274,0.561318039894104,0.5109366612989802,1786400794.7079873
11,13275,0.5052797794342041,0.5111870310825295,1786400794.7974768
11,13276,0.312847763299942,0.511302835741038,1786400794.892264
11,13277,0.4951106309890747,0.5114850427350427,1786400794.9843256
11,13278,0.3845759332180023,0.5115333333333333,1786400795.0818076
11,13279,0.369466632604599,0.5115814696485623,1786400795.1718917
11,13280,0.2776303291320801,0.5116294524189261,1786400795.2620096
11,13281,0.536811113357544,0.5112791932059448,1786400795.3636112
11,13282,0.45862725377082825,0.5111287758346582,1786400795.4611235
11,13283,0.402066707611084,0.5113095238095238,1786400795.5514805
11,13284,0.29785576462745667,0.5115557316428949,1786400795.6460075
11,13285,0.346237450838089,0.5116033755274262,1786400795.7357774
11,13286,0.24499177932739258,0.5119141653501843,1786400795.824994
11,13287,0.36306026577949524,0.5116324921135647,1786400795.915895
11,13288,0.28494909405708313,0.5118110236220472,1786400796.0059998
11,13289,0.5779913663864136,0.5114648846960168,1786400796.0955157
11,13290,0.31737250089645386,0.5117085295656725,1786400796.185741
11,13291,0.3162890076637268,0.5118207941483803,1786400796.2884123
11,13292,0.2256840169429779,0.5121283255086072,1786400796.3800375
11,13293,0.2656967043876648,0.5123697916666666,1786400796.4701946
11,13294,0.37545377016067505,0.5118954758190327,1786400796.5707724
11,13295,0.6362031698226929,0.5119418483904465,1786400796.6600676
11,13296,0.2656645178794861,0.5123120787973043,1786400796.751807
11,13297,0.3909720778465271,0.5126164596273292,1786400796.8430974
11,13298,0.3347473442554474,0.512984496124031,1786400796.9412324
11,13299,0.2516375184059143,0.512641898864809,1786400797.0324028
11,13300,0.579538881778717,0.5122359608449253,1786400797.1232617
11,13301,0.30743932723999023,0.5119598765432098,1786400797.2124534
11,13302,0.6422482132911682,0.5115562403697997,1786400797.3113117
11,13303,0.40515998005867004,0.5117948717948718,1786400797.401245
11,13304,0.3505111634731293,0.5120967741935484,1786400797.4933152
11,13305,0.27338895201683044,0.5122699386503068,1786400797.5820043
11,13306,0.36063045263290405,0.5118683001531393,1786400797.6730382
11,13307,0.5137637257575989,0.5112767584097859,1786400797.7628176
11,13308,0.5825724005699158,0.5110687022900763,1786400797.8583014
11,13309,0.37908458709716797,0.5112423780487805,1786400797.9466243
11,13310,0.26580899953842163,0.5116692034500254,1786400798.0374932
11,13311,0.35099202394485474,0.5118414387031408,1786400798.127584
11,13312,0.3211333155632019,0.5118866970156803,1786400798.222748
11,13313,0.5454936623573303,0.5121212121212121,1786400798.3146265
11,13314,0.4022791385650635,0.5121659102370146,1786400798.4098773
11,13315,0.2951270639896393,0.5123363544813696,1786400798.5014846
11,13316,0.2333609014749527,0.5126948215183509,1786400798.5922348
11,13317,0.26216769218444824,0.5127384538152611,1786400798.690376
11,13318,0.43220558762550354,0.512406015037594,1786400798.779827
11,13319,0.3674309253692627,0.5118243243243243,1786400798.8691773
11,13320,0.4089165925979614,0.5118690654672664,1786400798.9669883
11,13321,0.29247763752937317,0.5119136726546906,1786400799.0564833
11,13322,0.5318446755409241,0.5118335824613851,1786400799.1524692
11,13323,0.29206302762031555,0.5121268656716418,1786400799.2423635
11,13324,0.23409055173397064,0.5124813710879285,1786400799.3315203
11,13325,0.30643922090530396,0.5125248015873016,1786400799.4208035
11,13326,0.3831765055656433,0.512630014858841,1786400799.5096698
11,13327,0.3004551827907562,0.5127967359050445,1786400799.6009538
11,13328,0.38505029678344727,0.5127160493827161,1786400799.698157
11,13329,0.28283730149269104,0.5129437869822485,1786400799.798457
11,13330,0.296505868434906,0.5132323978335795,1786400799.8878932
11,13331,0.36329177021980286,0.5132128810226155,1786400799.9764426
11,13332,0.34487342834472656,0.5132547864506627,1786400800.0740194
11,13333,0.5239066481590271,0.5131740196078431,1786400800.170824
11,13334,0.6597012281417847,0.512848751835536,1786400800.2610867
11,13335,0.40491291880607605,0.5131353861192571,1786400800.3518677
11,13336,0.2815723717212677,0.5128111273792094,1786400800.4414604
11,13337,0.2596178650856018,0.5130969785575049,1786400800.5297475
11,13338,0.39763936400413513,0.5125912408759125,1786400800.6288235
11,13339,0.3253394365310669,0.5128158406219631,1786400800.7262194
11,13340,0.5749546885490417,0.512615235322659,1786400800.8167195
11,13341,0.3815181255340576,0.512718023255814,1786400800.9055505
11,13342,0.7414811253547668,0.5122762457668119,1786400800.997069
11,13343,0.4085780680179596,0.5117753623188406,1786400801.0960803
11,13344,0.35188332200050354,0.5118186203569706,1786400801.1855881
11,13345,0.1925179660320282,0.5121026011560693,1786400801.2744403
11,13346,0.3501180410385132,0.5122655122655123,1786400801.3723214
11,13347,0.3743455708026886,0.5118876080691642,1786400801.4631112
11,13348,0.19754260778427124,0.5113309352517985,1786400801.5524287
11,13349,0.2631624937057495,0.5116738505747126,1786400801.6423938
11,13350,0.2932218015193939,0.5118364418938307,1786400801.7377536
11,13351,0.23365634679794312,0.5116404011461319,1786400801.8283138
11,13352,0.29564598202705383,0.5117429661421078,1786400801.9247475
11,13353,0.4091256558895111,0.5113095238095238,1786400802.014507
11,13354,0.2895166575908661,0.5108773181169758,1786400802.1092465
11,13355,0.3290344476699829,0.5109211775878443,1786400802.1989691
11,13356,0.5046172142028809,0.5110241820768137,1786400802.2925522
11,13357,0.2832520306110382,0.5105942234848485,1786400802.3820453
11,13358,0.28139400482177734,0.5107565011820331,1786400802.4782073
11,13359,0.22646640241146088,0.5110363550519358,1786400802.574348
11,13360,0.5806119441986084,0.5110796793965111,1786400802.665493
11,13361,0.43804800510406494,0.5112405838041432,1786400802.7614965
11,13362,0.24195364117622375,0.5108133521391631,1786400802.8584085
11,13363,0.31263405084609985,0.5109741784037559,1786400802.9549992
11,13364,0.555406928062439,0.5107829348335677,1786400803.0555925
11,13365,0.38865435123443604,0.5107092696629213,1786400803.1463447
11,13366,0.35810354351997375,0.5109280037400654,1786400803.234646
11,13367,0.31322628259658813,0.5110877684407096,1786400803.3266056
11,13368,0.35303565859794617,0.5111305361305362,1786400803.4160879
11,13369,0.2573726773262024,0.5112895716945997,1786400803.505592
11,13370,0.42903944849967957,0.5109832635983264,1786400803.5963194
11,13371,0.250551700592041,0.5111420612813371,1786400803.6944685
11,13372,0.5376986265182495,0.5106629578117756,1786400803.792066
11,13373,0.23284423351287842,0.5109953703703703,1786400803.8937292
11,13374,0.27303147315979004,0.5111534905224225,1786400803.9908829
11,13375,0.29870298504829407,0.5112534626038782,1786400804.0892289
11,13376,0.5493590831756592,0.5111226371599815,1786400804.179072
11,13377,0.28971344232559204,0.5112223756906077,1786400804.2823427
11,13378,0.41478875279426575,0.5110344827586207,1786400804.37156
11,13379,0.5228825211524963,0.5109044995408631,1786400804.463692
11,13380,0.38422515988349915,0.510430994956442,1786400804.554028
11,13381,0.3238547146320343,0.51058836996337,1786400804.6418774
11,13382,0.2785194516181946,0.5108596250571559,1786400804.7350905
11,13383,0.2528696060180664,0.5109018264840183,1786400804.8340034
11,13384,0.23620079457759857,0.5104879160966712,1786400804.9254353
11,13385,0.35706061124801636,0.5107581967213115,1786400805.0234118
11,13386,0.33759981393814087,0.5108572078217372,1786400805.1138332
11,13387,0.28141269087791443,0.5110127157129882,1786400805.2025557
11,13388,1.0824544429779053,0.5109410430839002,1786400805.292511
11,13389,0.33443117141723633,0.5110394021739131,1786400805.3808405
11,13390,0.36012524366378784,0.5111940298507462,1786400805.4702523
11,13391,0.2664303779602051,0.5114611562782294,1786400805.5600903
11,13392,0.3079342246055603,0.5109382047812359,1786400805.6611083
11,13393,0.21579591929912567,0.5112612612612613,1786400805.7565906
11,13394,0.3043137490749359,0.5115272154745839,1786400805.8450346
11,13395,0.6274234056472778,0.5112309074573226,1786400805.9358075
11,13396,0.5210188627243042,0.5113279497532526,1786400806.0321298
11,13397,0.5987421870231628,0.5110887096774194,1786400806.1349773
11,13398,0.3946126699447632,0.5107941834451901,1786400806.22906
11,13399,0.4259176254272461,0.5103887399463807,1786400806.319627
11,13400,0.2568063735961914,0.5105421686746988,1786400806.4079838
11,13401,0.34797203540802,0.5105837789661319,1786400806.499764
11,13402,0.48289626836776733,0.510347129506008,1786400806.5889583
11,13403,0.2902652621269226,0.5106666666666667,1786400806.687722
11,13404,0.22649596631526947,0.5109853528628495,1786400806.7861905
11,13405,0.5868136882781982,0.5109153368794326,1786400806.8770223
11,13406,0.20953799784183502,0.5111221779548473,1786400806.9671216
11,13407,0.374592125415802,0.5113284703801945,1786400807.0557787
11,13408,0.34206244349479675,0.5115894039735099,1786400807.150032
11,13409,0.4291442930698395,0.5115740740740741,1786400807.2513514
11,13410,0.295706570148468,0.5117789520035226,1786400807.3420935
11,13411,0.2672687768936157,0.5119283201407212,1786400807.435997
11,13412,0.24716854095458984,0.5122419850680721,1786400807.5258424
11,13413,0.29478979110717773,0.5122258771929824,1786400807.6258838
11,13414,0.35011759400367737,0.5123740692071835,1786400807.7176297
11,13415,0.30015799403190613,0.5124671916010499,1786400807.8196285
11,13416,0.292011022567749,0.512778505897772,1786400807.9086516
11,13417,0.2885649800300598,0.5129799301919721,1786400808.0003216
11,13418,0.42849990725517273,0.5130174291938998,1786400808.1045263
11,13419,0.44133561849594116,0.5129460400348129,1786400808.2114103
11,13420,0.44585925340652466,0.5128748370273793,1786400808.310139
11,13421,0.3538571894168854,0.5129665798611112,1786400808.4049401
11,13422,0.47186189889907837,0.5124620719549198,1786400808.499644
11,13423,0.3032233715057373,0.5126082251082251,1786400808.5902119
11,13424,0.41865479946136475,0.5123216601815823,1786400808.6849704
11,13425,0.28696906566619873,0.5125215889464594,1786400808.7784264
11,13426,0.34071654081344604,0.5127749029754204,1786400808.872566
11,13427,0.38057631254196167,0.512489233419466,1786400808.9646974
11,13428,0.575310230255127,0.5119892473118279,1786400809.0621095
11,13429,0.26871609687805176,0.5121885738831615,1786400809.153958
11,13430,0.4144326448440552,0.5121728871728872,1786400809.2552245
11,13431,0.46583351492881775,0.5121572407883462,1786400809.348224
11,13432,0.3105213940143585,0.5121951219512195,1786400809.4391825
11,13433,0.27337098121643066,0.5121794871794871,1786400809.5388465
11,13434,0.16751380264759064,0.5125373452838241,1786400809.639793
11,13435,0.3130551874637604,0.5125745950554135,1786400809.7441385
11,13436,0.27995601296424866,0.5126649638143891,1786400809.836129
11,13437,0.40545380115509033,0.5123830782312925,1786400809.9286828
11,13438,0.32518482208251953,0.5124203821656051,1786400810.0197144
11,13439,0.35187703371047974,0.5124045801526718,1786400810.1108198
11,13440,0.3047638237476349,0.5127064803049556,1786400810.2011697
11,13441,0.2882499396800995,0.5127961082910322,1786400810.295809
11,13442,0.3299933075904846,0.5128326996197718,1786400810.3929102
11,13443,0.3076523542404175,0.5130274261603376,1786400810.483061
11,13444,0.21233290433883667,0.5133796881584493,1786400810.5756593
11,13445,0.3799271583557129,0.5131523569023569,1786400810.6705573
11,13446,0.27911943197250366,0.5132934005884826,1786400810.7734306
11,13447,0.44295734167099,0.5134865659109992,1786400810.8640294
11,13448,0.5494894981384277,0.5135220125786164,1786400810.9567325
11,13449,0.2503943145275116,0.5135050251256281,1786400811.0553484
11,13450,0.30776968598365784,0.5135926390631534,1786400811.150121
11,13451,0.36683836579322815,0.5131578947368421,1786400811.2410645
11,13452,0.366177499294281,0.5127242386316229,1786400811.3428643
11,13453,0.3461053967475891,0.5123958333333334,1786400811.434224
11,13454,0.5681905746459961,0.51222430295464,1786400811.5340183
11,13455,0.30639123916625977,0.5123129675810474,1786400811.6266797
11,13456,0.5174219012260437,0.5118306351183064,1786400811.7174478
11,13457,0.4649900794029236,0.5121268656716418,1786400811.809463
11,13458,0.39828479290008545,0.5121635610766045,1786400811.9081852
11,13459,0.25797832012176514,0.5124069478908189,1786400812.010155
11,13460,0.319200724363327,0.5125980999586948,1786400812.1006918
11,13461,0.2702646553516388,0.5128403465346535,1786400812.1924648
11,13462,0.2507859766483307,0.5127729707457767,1786400812.2861907
11,13463,0.4518498480319977,0.5127572016460905,1786400812.377548
11,13464,0.22426702082157135,0.5129983559391698,1786400812.482562
11,13465,0.35583868622779846,0.5126744663382594,1786400812.5731149
11,13466,0.21889333426952362,0.5121976219762198,1786400812.6712842
11,13467,0.2712610065937042,0.5123873873873874,1786400812.7628057
11,13468,0.2178851217031479,0.5126278118609406,1786400812.852216
11,13469,0.3367546498775482,0.512765522875817,1786400812.9425592
11,13470,0.27112916111946106,0.512953896368829,1786400813.0410874
11,13471,0.3490334749221802,0.5130908720456397,1786400813.1333907
11,13472,0.4100731313228607,0.5128205128205128,1786400813.2307856
11,13473,0.3224570155143738,0.5129573170731707,1786400813.3287535
11,13474,0.24361619353294373,0.5127385302476655,1786400813.419167
11,13475,0.23040926456451416,0.5130778588807786,1786400813.507143
11,13476,0.30799782276153564,0.513264479546375,1786400813.5989335
11,13477,0.42303943634033203,0.5134000809061489,1786400813.690509
11,13478,0.31469088792800903,0.5133333333333333,1786400813.789728
11,13479,0.288274347782135,0.5130145278450363,1786400813.8800957
11,13480,0.3625313937664032,0.513099556630391,1786400813.969905
11,13481,0.584372878074646,0.5131340579710145,1786400814.0598507
11,13482,0.3494400978088379,0.513118214716526,1786400814.1575742
11,13483,0.23149146139621735,0.5135542168674698,1786400814.2495255
11,13484,0.37935173511505127,0.5135379061371841,1786400814.3383234
11,13485,0.22316187620162964,0.5138221153846154,1786400814.4265778
11,13486,0.26199501752853394,0.5134553821528611,1786400814.5239232
11,13487,0.20798476040363312,0.5136890487609912,1786400814.6128793
11,13488,0.26432788372039795,0.5139221556886228,1786400814.7034044
11,13489,0.5960308313369751,0.5136562998405104,1786400814.7936525
11,13490,0.5330623984336853,0.5133412982875348,1786400814.8905306
11,13491,0.42931807041168213,0.5130270485282419,1786400814.9871662
11,13492,0.2873550057411194,0.5132101708382996,1786400815.0769205
11,13493,0.3518122732639313,0.5133928571428571,1786400815.166114
11,13494,0.48330387473106384,0.5130301228695997,1786400815.255275
11,13495,0.28190845251083374,0.5130146476642914,1786400815.3453517
11,13496,0.4905703067779541,0.5127026492684855,1786400815.445667
11,13497,0.4172661304473877,0.5127369668246445,1786400815.5345035
11,13498,0.3513046205043793,0.5129191321499014,1786400815.6237957
11,13499,0.530708909034729,0.5130023640661938,1786400815.7120113
11,13500,0.5412783622741699,0.5126918536009445,1786400815.8116605
11,13501,0.4299919009208679,0.5127260220125787,1786400815.9018073
11,13502,0.2832831144332886,0.5128582646250491,1786400815.9917855
11,13503,0.4002680480480194,0.5128921568627451,1786400816.080838
11,13504,0.47443652153015137,0.5130728554641598,1786400816.1734045
11,13505,0.2681812047958374,0.5132042253521126,1786400816.2722402
11,13506,0.35006290674209595,0.5134818288393904,1786400816.363417
11,13507,0.21930162608623505,0.5137099921935987,1786400816.4557195
11,13508,0.2713775336742401,0.5138888888888888,1786400816.5528853
11,13509,0.5948587656021118,0.5139213395638629,1786400816.6489594
11,13510,0.2906177043914795,0.5136133800077791,1786400816.7394783
11,13511,0.5086573362350464,0.5133061383061384,1786400816.8301277
11,13512,0.32883211970329285,0.513290648040357,1786400816.9271154
11,13513,0.1870986670255661,0.5137112403100775,1786400817.0168738
11,13514,0.3062589466571808,0.5138404955478126,1786400817.1195407
11,13515,0.32309263944625854,0.5140661252900232,1786400817.2153492
11,13516,0.44595035910606384,0.5140498261877172,1786400817.3063188
11,13517,0.6544512510299683,0.5140335648148148,1786400817.3974597
11,13518,0.603193461894989,0.5138246628131021,1786400817.4867375
11,13519,0.3631395995616913,0.5139049268668207,1786400817.57646
11,13520,0.3611660301685333,0.513840830449827,1786400817.6677597
11,13521,0.2874715328216553,0.5140649001536098,1786400817.7562776
11,13522,0.3850891888141632,0.5142884541618719,1786400817.8473191
11,13523,0.3123352825641632,0.5144636015325671,1786400817.937822
11,13524,0.4880431890487671,0.5142556448526597,1786400818.0291173
11,13525,0.36930277943611145,0.5142870795107034,1786400818.1198223
11,13526,0.3850975036621094,0.5142707140129821,1786400818.2176764
11,13527,0.32767146825790405,0.5143497330282227,1786400818.30766
11,13528,0.5905394554138184,0.5140476190476191,1786400818.3991072
11,13529,0.33733269572257996,0.5142218417047184,1786400818.497775
11,13530,0.32090261578559875,0.5144906879513493,1786400818.5945537
11,13531,0.39285218715667725,0.5144267274107821,1786400818.686912
11,13532,0.23540402948856354,0.5146473265073948,1786400818.7765698
11,13533,0.34570133686065674,0.5148674242424243,1786400818.8655827
11,13534,0.5039827823638916,0.5148032538781687,1786400818.9553757
11,13535,0.3087334632873535,0.5144557823129252,1786400819.048235
11,13536,0.6292964220046997,0.5144394110985278,1786400819.1401975
11,13537,0.2800210118293762,0.5145173453996983,1786400819.229104
11,13538,0.18375307321548462,0.5148305084745762,1786400819.3300166
11,13539,0.4276714026927948,0.5144375470278405,1786400819.4310932
11,13540,0.26867449283599854,0.514609169485156,1786400819.520532
11,13541,0.370862752199173,0.5145927177177178,1786400819.6098876
11,13542,0.2687727212905884,0.5148106486689163,1786400819.699556
11,13543,0.3176892399787903,0.514934456928839,1786400819.790686
11,13544,0.6016248464584351,0.5145903479236813,1786400819.8814957
11,13545,0.39773857593536377,0.5143404334828101,1786400819.9783864
11,13546,0.3254982829093933,0.5142777155655095,1786400820.0673738
11,13547,0.2762523591518402,0.5144947800149142,1786400820.1575754
11,13548,0.37768223881721497,0.5146182495344507,1786400820.2468903
11,13549,0.28538188338279724,0.5147414434523809,1786400820.3441958
11,13550,0.36939623951911926,0.5149108138238573,1786400820.4441817
11,13551,0.6038217544555664,0.5145694135115071,1786400820.5347998
11,13552,0.48671889305114746,0.5145532072673341,1786400820.6247003
11,13553,0.27246806025505066,0.5146759259259259,1786400820.7209299
11,13554,0.38759398460388184,0.5148908620051794,1786400820.811917
11,13555,0.3390710651874542,0.5150129342202513,1786400820.911415
11,13556,0.6098370552062988,0.5150885935769657,1786400821.0030367
11,13557,0.32515907287597656,0.5151640855457227,1786400821.0924911
11,13558,0.38415947556495667,0.5152394106813997,1786400821.1834226
11,13559,0.501562237739563,0.5151306107431936,1786400821.274845
11,13560,0.2915995717048645,0.5147464167585446,1786400821.3665776
11,13561,0.4570097029209137,0.5144089574155654,1786400821.4664876
11,13562,0.29698804020881653,0.5145306197286396,1786400821.5713115
11,13563,0.48753371834754944,0.5142399267399267,1786400821.660835
11,13564,0.27593493461608887,0.5140413465056715,1786400821.7530951
11,13565,0.3105747699737549,0.5136147660818714,1786400821.8438969
11,13566,0.35169023275375366,0.5135998539612997,1786400821.9391217
11,13567,0.3940863609313965,0.5136305616338439,1786400822.0299377
11,13568,0.22417525947093964,0.5132969034608379,1786400822.1208048
11,13569,0.24391059577465057,0.5135553129548762,1786400822.2116299
11,13570,0.6668758392333984,0.5137222828062523,1786400822.3020368
11,13571,0.36741358041763306,0.5134803921568627,1786400822.3956137
11,13572,0.4620322585105896,0.5134657236126224,1786400822.4843264
11,13573,0.32143673300743103,0.5132246376811594,1786400822.5736592
11,13574,0.4619968831539154,0.5131650380021715,1786400822.667569
11,13575,0.25767335295677185,0.5133315256688359,1786400822.7583172
11,13576,0.38611894845962524,0.5134976525821596,1786400822.8513215
11,13577,0.3133711516857147,0.5133477633477633,1786400822.9471302
11,13578,0.3473083972930908,0.5134684684684685,1786400823.037743
11,13579,0.4575577974319458,0.513633909287257,1786400823.137975
11,13580,0.3047752380371094,0.5138888888888888,1786400823.2304685
11,13581,0.25976455211639404,0.513604525862069,1786400823.3301136
11,13582,0.2679727375507355,0.5136795837818443,1786400823.4200218
11,13583,0.27224797010421753,0.5138440860215053,1786400823.5199854
11,13584,0.5067448616027832,0.5137844611528822,1786400823.6149173
11,13585,0.3633261024951935,0.5134567238912733,1786400823.7055676
11,13586,0.24849355220794678,0.513576277241872,1786400823.7947667
11,13587,0.3761956989765167,0.5134725196288366,1786400823.8830996
11,13588,0.3008859157562256,0.5136363636363637,1786400823.9760668
11,13589,0.5644180774688721,0.5134437321937322,1786400824.067826
11,13590,0.4944618046283722,0.5132959800782639,1786400824.1675353
11,13591,0.38976210355758667,0.5133262260127932,1786400824.2576013
11,13592,0.30461427569389343,0.5133564075257366,1786400824.3541746
11,13593,0.7351045608520508,0.5131648936170212,1786400824.4529822
11,13594,0.3100666403770447,0.5133280198370528,1786400824.5423172
11,13595,0.26571759581565857,0.5129157820240623,1786400824.633191
11,13596,0.20171885192394257,0.5132113821138211,1786400824.722563
11,13597,0.2562679052352905,0.5129766949152542,1786400824.8129654
11,13598,0.3402640223503113,0.5125661375661376,1786400824.9120965
11,13599,0.30281862616539,0.5125088090204369,1786400825.0058622
11,13600,0.38716721534729004,0.512055614220345,1786400825.0952346
11,13601,0.32959848642349243,0.5119549929676512,1786400825.1848238
11,13602,0.4023255705833435,0.5116350544432736,1786400825.2758534
11,13603,0.556583046913147,0.5112719298245614,1786400825.3735144
11,13604,0.2556142210960388,0.511435331230284,1786400825.462874
11,13605,0.7039695978164673,0.5111169467787114,1786400825.5581982
11,13606,0.45697861909866333,0.5111052815669814,1786400825.6601963
11,13607,0.28680866956710815,0.5110936408106219,1786400825.749734
11,13608,0.3399152159690857,0.5112129144851658,1786400825.8429728
11,13609,0.3485243022441864,0.5108089260808926,1786400825.9337475
11,13610,0.4129441976547241,0.5105799373040752,1786400826.0240376
11,13611,0.36005526781082153,0.5103514265831594,1786400826.1139314
11,13612,0.22372782230377197,0.510601320820299,1786400826.208074
11,13613,0.2322627604007721,0.5108072916666667,1786400826.3058026
11,13614,0.29469525814056396,0.5109694762400278,1786400826.4005694
11,13615,0.2393694519996643,0.5111746361746362,1786400826.4922621
11,13616,0.5443261861801147,0.5109034267912772,1786400826.581249
11,13617,0.4036761522293091,0.5110217842323651,1786400826.6703453
11,13618,0.37376657128334045,0.511139896373057,1786400826.7592332
11,13619,0.27985692024230957,0.5113871635610766,1786400826.84658
11,13620,0.2358405441045761,0.5110306790761806,1786400826.9362125
11,13621,0.34991562366485596,0.5107179752066116,1786400827.0254424
11,13622,0.34834229946136475,0.5108359133126935,1786400827.1147368
11,13623,0.37738481163978577,0.5109106529209622,1786400827.2028587
11,13624,0.3758832812309265,0.5110281496738758,1786400827.2908065
11,13625,0.3106582760810852,0.511059670781893,1786400827.3786688
11,13626,0.27199503779411316,0.5111767728674204,1786400827.4661198
11,13627,0.3782518804073334,0.5111225188227242,1786400827.5546656
11,13628,0.3421257436275482,0.5108547008547009,1786400827.6430902
11,13629,0.2410842925310135,0.5110143442622951,1786400827.730477
11,13630,0.43284356594085693,0.510747185261003,1786400827.8204172
11,13631,0.3421136736869812,0.510906612133606,1786400827.908494
11,13632,0.2834221422672272,0.5106826693905345,1786400827.9968715
11,13633,0.3487981855869293,0.5107142857142857,1786400828.0851843
11,13634,0.2986243963241577,0.5108732585796806,1786400828.173822
11,13635,0.37629467248916626,0.5105227427019687,1786400828.263176
11,13636,0.2225545346736908,0.5108511359782977,1786400828.3519194
12,13637,0.5313916802406311,0.08333333333333333,1786400834.8197916
12,13638,0.35310912132263184,0.2916666666666667,1786400834.9386954
12,13639,0.2178906798362732,0.4305555555555556,1786400835.0478604
12,13640,0.3040699362754822,0.4583333333333333,1786400835.1551208
12,13641,0.21864457428455353,0.5083333333333333,1786400835.2644684
12,13642,0.3603455424308777,0.4930555555555556,1786400835.369519
12,13643,0.4986424446105957,0.4880952380952381,1786400835.4610713
12,13644,0.2748114764690399,0.515625,1786400835.552982
12,13645,0.30161052942276,0.4861111111111111,1786400835.6551619
12,13646,0.6022732853889465,0.4791666666666667,1786400835.748888
12,13647,0.28694358468055725,0.4431818181818182,1786400835.852103
12,13648,0.21270564198493958,0.4652777777777778,1786400835.945706
12,13649,0.32013100385665894,0.4807692307692308,1786400836.0356011
12,13650,0.2913808524608612,0.49107142857142855,1786400836.1290195
12,13651,0.3984995186328888,0.4888888888888889,1786400836.21909
12,13652,0.48595714569091797,0.4921875,1786400836.316416
12,13653,0.4262837767601013,0.49019607843137253,1786400836.4055104
12,13654,0.2782266139984131,0.5,1786400836.4946275
12,13655,0.218340665102005,0.5109649122807017,1786400836.5857499
12,13656,0.46548277139663696,0.51875,1786400836.6908927
12,13657,0.2784469425678253,0.5218253968253969,1786400836.7808075
12,13658,0.5261850357055664,0.5208333333333334,1786400836.8807805
12,13659,0.36589959263801575,0.5217391304347826,1786400836.9715397
12,13660,0.38800403475761414,0.5086805555555556,1786400837.0694845
12,13661,0.4228854775428772,0.495,1786400837.1606495
12,13662,0.3765808343887329,0.4935897435897436,1786400837.2493815
12,13663,0.3550786077976227,0.4984567901234568,1786400837.350767
12,13664,0.24082142114639282,0.5044642857142857,1786400837.4412193
12,13665,0.28583845496177673,0.5057471264367817,1786400837.5316322
12,13666,0.36548760533332825,0.5083333333333333,1786400837.6260638
12,13667,0.3541145324707031,0.5134408602150538,1786400837.7256894
12,13668,0.6408653259277344,0.5065104166666666,1786400837.8145437
12,13669,0.2475138157606125,0.51010101010101,1786400837.9146664
12,13670,0.3369711637496948,0.5110294117647058,1786400838.0042968
12,13671,0.447256475687027,0.5035714285714286,1786400838.0965517
12,13672,0.2808172106742859,0.5115740740740741,1786400838.1871738
12,13673,0.24761109054088593,0.5180180180180181,1786400838.2853117
12,13674,0.41123828291893005,0.5175438596491229,1786400838.3746495
12,13675,0.3101450204849243,0.5117521367521367,1786400838.4732757
12,13676,0.26698070764541626,0.5166666666666667,1786400838.5637772
12,13677,0.31948745250701904,0.5121951219512195,1786400838.6534326
12,13678,0.4285734295845032,0.5029761904761905,1786400838.7456124
12,13679,0.5658049583435059,0.49806201550387597,1786400838.8432143
12,13680,0.5203897953033447,0.49242424242424243,1786400838.9335074
12,13681,0.31253501772880554,0.487962962962963,1786400839.0248415
12,13682,0.29094457626342773,0.4891304347826087,1786400839.1150978
12,13683,0.2987266778945923,0.4929078014184397,1786400839.2049186
12,13684,0.25597354769706726,0.4982638888888889,1786400839.294601
12,13685,0.3520215153694153,0.5008503401360545,1786400839.3854861
12,13686,0.5336958169937134,0.5016666666666667,1786400839.479295
12,13687,0.38029932975769043,0.5040849673202614,1786400839.5679538
12,13688,0.3417659103870392,0.5080128205128205,1786400839.6597211
12,13689,0.3814464211463928,0.5094339622641509,1786400839.7571602
12,13690,0.3416556119918823,0.5100308641975309,1786400839.8468618
12,13691,0.2704600691795349,0.5143939393939394,1786400839.9457586
12,13692,0.60903000831604,0.5126488095238095,1786400840.0365493
12,13693,0.6005380153656006,0.5102339181286549,1786400840.126469
12,13694,0.41608676314353943,0.5086206896551724,1786400840.2227197
12,13695,0.6259510517120361,0.507768361581921,1786400840.3129637
12,13696,0.37692877650260925,0.5083333333333333,1786400840.4059105
12,13697,0.209405317902565,0.5102459016393442,1786400840.5021262
12,13698,0.40795549750328064,0.5067204301075269,1786400840.6025786
12,13699,0.30476459860801697,0.5092592592592593,1786400840.693818
12,13700,0.2789958715438843,0.5032552083333334,1786400840.7831483
12,13701,0.27416592836380005,0.5076923076923077,1786400840.8862758
12,13702,0.32387492060661316,0.509469696969697,1786400840.974855
12,13703,0.6050743460655212,0.5105721393034826,1786400841.0691605
12,13704,0.4435845613479614,0.5055147058823529,1786400841.1606998
12,13705,0.5399796962738037,0.5054347826086957,1786400841.249998
12,13706,0.3348487615585327,0.506547619047619,1786400841.3399644
12,13707,0.32390445470809937,0.5076291079812206,1786400841.432314
12,13708,0.358745276927948,0.5098379629629629,1786400841.5213869
12,13709,0.3455163836479187,0.5114155251141552,1786400841.617941
12,13710,0.2987856864929199,0.5129504504504504,1786400841.7205167
12,13711,0.3435867428779602,0.5144444444444445,1786400841.8112545
12,13712,0.2922147810459137,0.5109649122807017,1786400841.9032607
12,13713,0.4528002142906189,0.5113636363636364,1786400841.9920175
12,13714,0.3480631411075592,0.5128205128205128,1786400842.0812333
12,13715,0.2432090789079666,0.5158227848101266,1786400842.170895
12,13716,0.24304096400737762,0.5114583333333333,1786400842.2650816
12,13717,0.3699936270713806,0.5077160493827161,1786400842.3647668
12,13718,0.21594826877117157,0.5096544715447154,1786400842.4539428
12,13719,0.39815929532051086,0.5070281124497992,1786400842.5519867
12,13720,0.5464380383491516,0.5029761904761905,1786400842.6416125
12,13721,0.24226585030555725,0.49901960784313726,1786400842.7407093
12,13722,0.2600376307964325,0.501453488372093,1786400842.8303466
12,13723,0.5984922647476196,0.4990421455938697,1786400842.920042
12,13724,0.5332880020141602,0.4952651515151515,1786400843.0219958
12,13725,0.24653953313827515,0.49157303370786515,1786400843.1192656
12,13726,0.2526639997959137,0.4935185185185185,1786400843.2179468
12,13727,0.6051681041717529,0.4935897435897436,1786400843.319703
12,13728,0.35767826437950134,0.4954710144927536,1786400843.4088778
12,13729,0.27545100450515747,0.4968637992831541,1786400843.5139275
12,13730,0.23421165347099304,0.49867021276595747,1786400843.6036227
12,13731,0.24563884735107422,0.5008771929824561,1786400843.7090442
12,13732,0.37201419472694397,0.5034722222222222,1786400843.7990096
12,13733,0.6255385279655457,0.5047250859106529,1786400843.8882675
12,13734,0.259549081325531,0.5055272108843537,1786400843.978357
12,13735,0.3708227276802063,0.5075757575757576,1786400844.076442
12,13736,0.2917326092720032,0.5091666666666667,1786400844.167167
12,13737,0.470939576625824,0.5082508250825083,1786400844.2681878
12,13738,0.5667866468429565,0.5089869281045751,1786400844.3593307
12,13739,0.50395667552948,0.5109223300970874,1786400844.44922
12,13740,0.2459556758403778,0.5108173076923077,1786400844.5392015
12,13741,0.3512059450149536,0.5075396825396825,1786400844.6302452
12,13742,0.26406362652778625,0.5039308176100629,1786400844.7203271
12,13743,0.5712611079216003,0.5015576323987538,1786400844.8190596
12,13744,0.22113092243671417,0.5034722222222222,1786400844.9146397
12,13745,0.4354070723056793,0.503822629969419,1786400845.0043595
12,13746,0.38230976462364197,0.5037878787878788,1786400845.1001344
12,13747,0.3766489326953888,0.5041291291291291,1786400845.191605
12,13748,0.3570789396762848,0.5055803571428571,1786400845.2913947
12,13749,0.1674976646900177,0.5025811209439528,1786400845.3918433
12,13750,0.29179447889328003,0.5003654970760234,1786400845.4816816
12,13751,0.32521846890449524,0.5021739130434782,1786400845.5791316
12,13752,0.3950021266937256,0.5025143678160919,1786400845.6689792
12,13753,0.31277966499328613,0.5039173789173789,1786400845.75791
12,13754,0.29257526993751526,0.5010593220338984,1786400845.8565683
12,13755,0.414387971162796,0.5010504201680672,1786400845.952729
12,13756,0.43712514638900757,0.5017361111111112,1786400846.0504382
12,13757,0.35362374782562256,0.5024104683195593,1786400846.1446712
12,13758,0.31438449025154114,0.5030737704918032,1786400846.2345912
12,13759,0.4576774835586548,0.5010162601626016,1786400846.3243084
12,13760,0.3144415318965912,0.5013440860215054,1786400846.4225326
12,13761,0.5422931909561157,0.499,1786400846.5111215
12,13762,0.3842715322971344,0.4976851851851852,1786400846.6004221
12,13763,0.40299761295318604,0.49803149606299213,1786400846.6946833
12,13764,0.32359370589256287,0.4996744791666667,1786400846.7840517
12,13765,0.30138733983039856,0.5006459948320413,1786400846.8856945
12,13766,0.24810081720352173,0.5022435897435897,1786400846.9771185
12,13767,0.41228818893432617,0.5038167938931297,1786400847.067565
12,13768,0.30719515681266785,0.5053661616161617,1786400847.1655884
12,13769,0.28237396478652954,0.5046992481203008,1786400847.2597637
12,13770,0.3438544273376465,0.505907960199005,1786400847.3499138
12,13771,0.2763672471046448,0.5074074074074074,1786400847.446192
12,13772,0.36401718854904175,0.5076593137254902,1786400847.545662
12,13773,0.38820457458496094,0.5097323600973236,1786400847.6364653
12,13774,0.28678661584854126,0.5084541062801933,1786400847.7280564
12,13775,0.45188647508621216,0.5083932853717026,1786400847.8170555
12,13776,0.2370406836271286,0.5092261904761904,1786400847.9088535
12,13777,0.5078123807907104,0.5097517730496454,1786400847.9986067
12,13778,0.28774216771125793,0.5108568075117371,1786400848.0883596
12,13779,0.27153849601745605,0.5113636363636364,1786400848.1812737
12,13780,0.4021829068660736,0.5095486111111112,1786400848.2801282
12,13781,0.47616085410118103,0.5080459770114942,1786400848.3717117
12,13782,0.3004971444606781,0.5088470319634704,1786400848.4722412
12,13783,0.5120952129364014,0.5073696145124716,1786400848.5701377
12,13784,0.3280673623085022,0.5073198198198198,1786400848.6599557
12,13785,0.4731033444404602,0.5081096196868009,1786400848.749822
12,13786,0.258687824010849,0.5080555555555556,1786400848.8476198
12,13787,0.31675371527671814,0.5093818984547461,1786400848.9380834
12,13788,0.19015274941921234,0.5109649122807017,1786400849.026592
12,13789,0.273440420627594,0.5111655773420479,1786400849.1261384
12,13790,0.36410507559776306,0.5102813852813853,1786400849.2155662
12,13791,0.27024975419044495,0.511021505376344,1786400849.3038557
12,13792,0.37692439556121826,0.5112179487179487,1786400849.3967638
12,13793,0.26281988620758057,0.513004246284501,1786400849.4940374
12,13794,0.2850378751754761,0.5118670886075949,1786400849.587135
12,13795,0.5090411901473999,0.5110062893081762,1786400849.678144
12,13796,0.252716600894928,0.5125,1786400849.779514
12,13797,0.4358953535556793,0.5121635610766045,1786400849.869913
12,13798,0.6525053977966309,0.5108024691358025,1786400849.9657197
12,13799,0.3221798241138458,0.5109918200408998,1786400850.065678
12,13800,0.24631716310977936,0.5114329268292683,1786400850.1567895
12,13801,0.3467145562171936,0.5095959595959596,1786400850.247551
12,13802,0.36991503834724426,0.509789156626506,1786400850.3358467
12,13803,0.37797868251800537,0.5102295409181636,1786400850.4262924
12,13804,0.24017687141895294,0.5106646825396826,1786400850.524171
12,13805,0.27689412236213684,0.5091222879684418,1786400850.6148558
12,13806,0.287407785654068,0.5098039215686274,1786400850.7108252
12,13807,0.3802112340927124,0.5082846003898636,1786400850.8011448
12,13808,0.36271560192108154,0.5082364341085271,1786400850.8899953
12,13809,0.512181282043457,0.5077071290944123,1786400850.985329
12,13810,0.31439706683158875,0.5083812260536399,1786400851.0742457
12,13811,0.3939034938812256,0.5064285714285715,1786400851.163336
12,13812,0.20732082426548004,0.5044981060606061,1786400851.2645912
12,13813,0.4005744457244873,0.504472693032015,1786400851.36431
12,13814,0.3639189302921295,0.5025749063670412,1786400851.4550018
12,13815,0.344880074262619,0.5009310986964618,1786400851.5665355
12,13816,0.42312124371528625,0.5,1786400851.65686
12,13817,0.609038233757019,0.4993093922651934,1786400851.7461019
12,13818,0.22526052594184875,0.5,1786400851.8358479
12,13819,0.2846953868865967,0.5011384335154827,1786400851.9241683
12,13820,0.30918192863464355,0.5011322463768116,1786400852.0203946
12,13821,0.3693365454673767,0.5015765765765766,1786400852.1187062
12,13822,0.46229690313339233,0.5011200716845878,1786400852.2169905
12,13823,0.3353003263473511,0.5013368983957219,1786400852.3143625
12,13824,0.2832566797733307,0.5026595744680851,1786400852.4037187
12,13825,0.39730438590049744,0.5024250440917107,1786400852.491782
12,13826,0.3929007053375244,0.5026315789473684,1786400852.5891345
12,13827,0.3810895085334778,0.5032722513089005,1786400852.6801507
12,13828,0.40878409147262573,0.5021701388888888,1786400852.7787197
12,13829,0.4249258041381836,0.5028065630397237,1786400852.8792505
12,13830,0.21416378021240234,0.5038659793814433,1786400852.971238
12,13831,0.2126324325799942,0.5055555555555555,1786400853.061919
12,13832,0.6761678457260132,0.5036139455782312,1786400853.1515605
12,13833,0.2159111648797989,0.5050761421319797,1786400853.2452934
12,13834,0.5072808265686035,0.5058922558922558,1786400853.3338654
12,13835,0.29861629009246826,0.5067001675041876,1786400853.4288425
12,13836,0.3153604567050934,0.5070833333333333,1786400853.519904
12,13837,0.18976011872291565,0.5082918739635157,1786400853.6199737
12,13838,0.34878355264663696,0.5078382838283828,1786400853.7124007
12,13839,0.3574736416339874,0.5084154351395731,1786400853.8009386
12,13840,0.23081561923027039,0.5095996732026143,1786400853.8924363
12,13841,0.33606353402137756,0.508130081300813,1786400853.9963064
12,13842,0.3957926332950592,0.5091019417475728,1786400854.0884523
12,13843,0.21521371603012085,0.5080515297906603,1786400854.1787436
12,13844,0.2629716992378235,0.5084134615384616,1786400854.2724037
12,13845,0.33368560671806335,0.5089712918660287,1786400854.3609858
12,13846,0.46473410725593567,0.5083333333333333,1786400854.4574087
12,13847,0.4974725842475891,0.5086887835703001,1786400854.5525017
12,13848,0.37613368034362793,0.5092374213836478,1786400854.6515088
12,13849,0.5565102100372314,0.508998435054773,1786400854.749321
12,13850,0.28471770882606506,0.5091510903426791,1786400854.8467886
12,13851,0.22195979952812195,0.5100775193798449,1786400854.9452937
12,13852,0.394210547208786,0.5088734567901234,1786400855.0361047
12,13853,0.3182244896888733,0.5094086021505376,1786400855.1398184
12,13854,0.2418615221977234,0.5105122324159022,1786400855.2313647
12,13855,0.37867939472198486,0.5114155251141552,1786400855.3204143
12,13856,0.27537423372268677,0.5119318181818182,1786400855.4153764
12,13857,0.28161951899528503,0.5128205128205128,1786400855.5032232
12,13858,0.7153586149215698,0.5123873873873874,1786400855.5961785
12,13859,0.4207476079463959,0.5121449925261584,1786400855.6974769
12,13860,0.28869718313217163,0.5130208333333334,1786400855.7871227
12,13861,0.3004654049873352,0.5131481481481481,1786400855.878198
12,13862,0.47384655475616455,0.5134587020648967,1786400855.9681711
12,13863,0.28858500719070435,0.5139500734214391,1786400856.0652432
12,13864,0.5205206871032715,0.5142543859649122,1786400856.1549318
12,13865,0.42965540289878845,0.5147379912663755,1786400856.2438543
12,13866,0.3902185559272766,0.5128623188405798,1786400856.33457
12,13867,0.2454049289226532,0.5115440115440115,1786400856.4260275
12,13868,0.2561389207839966,0.5120330459770115,1786400856.517078
12,13869,0.3303301930427551,0.5123390557939914,1786400856.6148937
12,13870,0.2274712175130844,0.5133547008547008,1786400856.7055264
12,13871,0.32914555072784424,0.5136524822695036,1786400856.8064873
12,13872,0.31880152225494385,0.5144774011299436,1786400856.9057512
12,13873,0.30654293298721313,0.5135372714486639,1786400857.0019233
12,13874,0.2508925795555115,0.5141806722689075,1786400857.0931418
12,13875,0.5269347429275513,0.5129009762900977,1786400857.18333
12,13876,0.6224606037139893,0.5133680555555555,1786400857.2798824
12,13877,0.4909685552120209,0.5126210235131397,1786400857.373811
12,13878,0.2347966730594635,0.5134297520661157,1786400857.4629762
12,13879,0.5739380121231079,0.5126886145404664,1786400857.558421
12,13880,0.3002730906009674,0.51349043715847,1786400857.6605344
12,13881,0.31788915395736694,0.5136054421768708,1786400857.7510283
12,13882,0.5462910532951355,0.5128726287262872,1786400857.845271
12,13883,0.736019492149353,0.5128205128205128,1786400857.935982
12,13884,0.5113503336906433,0.5119287634408602,1786400858.0266967
12,13885,0.4202100336551666,0.5103748326639893,1786400858.119782
12,13886,0.3292796015739441,0.5108333333333334,1786400858.2082653
12,13887,0.5423802137374878,0.5092961487383798,1786400858.3105767
12,13888,0.2995499074459076,0.509755291005291,1786400858.400233
12,13889,0.24425913393497467,0.5105401844532279,1786400858.4946437
12,13890,0.20486755669116974,0.5113188976377953,1786400858.584142
12,13891,0.5620060563087463,0.5101307189542483,1786400858.6812491
12,13892,0.4286162853240967,0.5104166666666666,1786400858.7766867
12,13893,0.31513896584510803,0.5108625162127107,1786400858.867352
12,13894,0.4315808415412903,0.5096899224806202,1786400858.957665
12,13895,0.32295462489128113,0.5101351351351351,1786400859.05569
12,13896,0.3975242078304291,0.5092948717948718,1786400859.1471775
12,13897,0.2695087790489197,0.5097381864623244,1786400859.246244
12,13898,0.6067061424255371,0.509382951653944,1786400859.33627
12,13899,0.3036515712738037,0.5099809885931559,1786400859.4295416
12,13900,0.3645288348197937,0.5104166666666666,1786400859.5190148
12,13901,0.261895090341568,0.5103773584905661,1786400859.619561
12,13902,0.23002414405345917,0.5114348370927319,1786400859.715733
12,13903,0.29661455750465393,0.5117041198501873,1786400859.8151104
12,13904,0.46655726432800293,0.5102611940298507,1786400859.9054008
12,13905,0.29454296827316284,0.510997521685254,1786400860.001894
12,13906,0.5827343463897705,0.5109567901234567,1786400860.0926037
12,13907,0.28956395387649536,0.5116851168511685,1786400860.1822853
12,13908,0.27889207005500793,0.5121017156862745,1786400860.2820568
12,13909,0.2713986337184906,0.5128205128205128,1786400860.3726277
12,13910,0.3584989607334137,0.51338199513382,1786400860.4714346
12,13911,0.30476537346839905,0.514090909090909,1786400860.5712516
12,13912,0.3653505742549896,0.5150966183574879,1786400860.673407
12,13913,0.36400046944618225,0.5147412755716004,1786400860.768106
12,13914,0.2159559726715088,0.5155875299760192,1786400860.8563142
12,13915,0.4384176731109619,0.5156810035842294,1786400860.9528677
12,13916,0.4513644874095917,0.5148809523809523,1786400861.051343
12,13917,0.2413855493068695,0.5152728351126927,1786400861.1412952
12,13918,0.48758912086486816,0.5153664302600472,1786400861.2297256
12,13919,0.28254854679107666,0.5161955241460542,1786400861.3247192
12,13920,0.2310749739408493,0.5171654929577465,1786400861.4138222
12,13921,0.2962985038757324,0.5157894736842106,1786400861.5133324
12,13922,0.336584210395813,0.5147144522144522,1786400861.6108203
12,13923,0.4786822497844696,0.5135017421602788,1786400861.700326
12,13924,0.3067740499973297,0.5143229166666666,1786400861.7939785
12,13925,0.6439520120620728,0.5132641291810842,1786400861.8834696
12,13926,0.37592700123786926,0.5130747126436782,1786400861.9734662
12,13927,0.32917240262031555,0.5133161512027491,1786400862.0635746
12,13928,0.38090062141418457,0.5131278538812786,1786400862.1530848
12,13929,0.23260419070720673,0.5139362912400455,1786400862.2531266
12,13930,0.4744221270084381,0.5133219954648526,1786400862.3448732
12,13931,0.3942422568798065,0.5128531073446327,1786400862.4464867
12,13932,0.29869580268859863,0.5129504504504504,1786400862.5360565
12,13933,0.3004624545574188,0.5122053872053872,1786400862.6360745
12,13934,0.3743043541908264,0.513003355704698,1786400862.72614
12,13935,0.30580756068229675,0.5129598662207357,1786400862.8153758
12,13936,0.5557720065116882,0.5125,1786400862.9056592
12,13937,0.2705175578594208,0.5128737541528239,1786400862.999038
12,13938,0.16025303304195404,0.5137969094922737,1786400863.0895066
12,13939,0.4278326630592346,0.5126512651265126,1786400863.1807551
12,13940,0.2350032776594162,0.5131578947368421,1786400863.2709258
12,13941,0.2688947021961212,0.5137978142076502,1786400863.3604884
12,13942,0.49779778718948364,0.5140250544662309,1786400863.4598155
12,13943,0.20344166457653046,0.5146579804560261,1786400863.5565858
12,13944,0.46177637577056885,0.5135281385281385,1786400863.6569424
12,13945,0.3404923677444458,0.5138888888888888,1786400863.747397
12,13946,0.31098490953445435,0.5143817204301075,1786400863.836135
12,13947,0.44087159633636475,0.5140675241157556,1786400863.927009
12,13948,0.3361953794956207,0.5140224358974359,1786400864.028404
12,13949,0.20204666256904602,0.5142438764643238,1786400864.1303256
12,13950,0.24478188157081604,0.5132696390658175,1786400864.2198398
12,13951,0.23119977116584778,0.5137566137566137,1786400864.3106072
12,13952,0.6390929818153381,0.5126582278481012,1786400864.4014347
12,13953,0.5612114667892456,0.51301261829653,1786400864.4998193
12,13954,0.2228889912366867,0.5136268343815513,1786400864.5898473
12,13955,0.5713129043579102,0.5134535005224661,1786400864.6878598
12,13956,0.34550103545188904,0.5126302083333333,1786400864.7780027
12,13957,0.294099360704422,0.5128504672897196,1786400864.8773637
12,13958,0.3672716021537781,0.5131987577639752,1786400864.9678547
12,13959,0.3523305058479309,0.512641898864809,1786400865.0576115
12,13960,0.7168424129486084,0.5120884773662552,1786400865.151169
12,13961,0.3820989429950714,0.5115384615384615,1786400865.2509942
12,13962,0.43833544850349426,0.5116308793456033,1786400865.3419497
12,13963,0.25149521231651306,0.5121049949031601,1786400865.4386396
12,13964,0.2753765285015106,0.5129573170731707,1786400865.5316613
12,13965,0.4183439612388611,0.5135511651469098,1786400865.6214828
12,13966,0.3752965033054352,0.5136363636363637,1786400865.7190697
12,13967,0.3149781823158264,0.5138469284994964,1786400865.8116558
12,13968,0.40260598063468933,0.5143072289156626,1786400865.9013946
12,13969,0.3317497968673706,0.5151401401401401,1786400865.9951134
12,13970,0.26726433634757996,0.5154690618762475,1786400866.086822
12,13971,0.33514848351478577,0.5159203980099503,1786400866.1789134
12,13972,0.3815000355243683,0.5162450396825397,1786400866.2755322
12,13973,0.26357924938201904,0.5164441147378833,1786400866.3661995
12,13974,0.2666877210140228,0.5170118343195266,1786400866.465561
12,13975,0.23805898427963257,0.5161012782694199,1786400866.5662785
12,13976,0.34460559487342834,0.5153186274509803,1786400866.65637
12,13977,0.32980474829673767,0.5140518084066471,1786400866.7545574
12,13978,0.6378327012062073,0.5137670565302144,1786400866.8465407
12,13979,0.3284326195716858,0.5128765792031098,1786400866.9398317
12,13980,0.5888671875,0.5129602713178295,1786400867.030999
12,13981,0.5020714402198792,0.5118357487922706,1786400867.1274078
12,13982,0.34502506256103516,0.5116811175337187,1786400867.2173517
12,13983,0.35727065801620483,0.5109269932756965,1786400867.3182921
12,13984,0.33302831649780273,0.5099377394636015,1786400867.409206
12,13985,0.3783620595932007,0.5101480420248329,1786400867.5059824
12,13986,0.28811314702033997,0.5103571428571428,1786400867.6053782
12,13987,0.4324375092983246,0.5097340930674265,1786400867.6964312
12,13988,0.3126201927661896,0.5099431818181818,1786400867.7856436
12,13989,0.3784206509590149,0.5090887629839471,1786400867.8767354
12,13990,0.28015804290771484,0.5095338983050848,1786400867.9766514
12,13991,0.45830926299095154,0.5088028169014085,1786400868.0752087
12,13992,0.26276931166648865,0.509246254681648,1786400868.1670742
12,13993,0.19184954464435577,0.5087535014005602,1786400868.2598052
12,13994,0.29018136858940125,0.5090782122905028,1786400868.35755
12,13995,0.402983695268631,0.5095171773444754,1786400868.4478743
12,13996,0.3700794279575348,0.5091435185185185,1786400868.5419266
12,13997,0.26997336745262146,0.5094644506001846,1786400868.6406126
12,13998,0.1830102652311325,0.5101289134438306,1786400868.7309566
12,13999,0.3374107778072357,0.5105601469237833,1786400868.8225574
12,14000,0.4788464307785034,0.5106456043956044,1786400868.9222865
12,14001,0.25857049226760864,0.510958904109589,1786400869.021608
12,14002,0.19728484749794006,0.5100182149362478,1786400869.1117113
12,14003,0.2806590497493744,0.5101044504995459,1786400869.200686
12,14004,0.3106643855571747,0.5101902173913043,1786400869.300864
12,14005,0.41231417655944824,0.509936766034327,1786400869.3991413
12,14006,0.29012537002563477,0.5100225225225226,1786400869.4938748
12,14007,0.38725265860557556,0.5101078167115903,1786400869.595767
12,14008,0.2525195777416229,0.5105286738351255,1786400869.6857831
12,14009,0.2473333775997162,0.5109472743521001,1786400869.7852612
12,14010,0.5043986439704895,0.5110294117647058,1786400869.8758302
12,14011,0.5398334264755249,0.5111111111111111,1786400869.9653537
12,14012,0.3714897334575653,0.510970744680851,1786400870.0645664
12,14013,0.3646122217178345,0.5112732095490716,1786400870.1534324
12,14014,0.2104625403881073,0.5120149911816578,1786400870.2508686
12,14015,0.3553592562675476,0.5119832893579596,1786400870.3460383
12,14016,0.396516352891922,0.5111842105263158,1786400870.4350543
12,14017,0.2923133969306946,0.510498687664042,1786400870.532115
12,14018,0.3215045928955078,0.5094895287958116,1786400870.6323314
12,14019,0.28010645508766174,0.5100087032201914,1786400870.7217138
12,14020,0.43024152517318726,0.5101996527777778,1786400870.8149176
12,14021,0.28782615065574646,0.5104978354978355,1786400870.9058368
12,14022,0.5593647360801697,0.5099309153713298,1786400871.0048885
12,14023,0.20805935561656952,0.5104435831180018,1786400871.1005855
12,14024,0.24114687740802765,0.5110609965635738,1786400871.199622
12,14025,0.2977183163166046,0.5112467866323908,1786400871.289685
12,14026,0.38350507616996765,0.5116452991452991,1786400871.3787842
12,14027,0.29749825596809387,0.5120417732310315,1786400871.4762251
12,14028,0.30084913969039917,0.5126488095238095,1786400871.565029
12,14029,0.29622185230255127,0.5131467345207803,1786400871.6630604
12,14030,0.2718823254108429,0.5133248730964467,1786400871.7537556
12,14031,0.3292405605316162,0.5137130801687764,1786400871.8430743
12,14032,0.34133997559547424,0.5144149831649831,1786400871.9433384
12,14033,0.2716336250305176,0.5146935348446684,1786400872.0376825
12,14034,0.5564308762550354,0.5142378559463987,1786400872.1309705
12,14035,0.2511405050754547,0.5147243107769424,1786400872.219403
12,14036,0.3466244339942932,0.5154166666666666,1786400872.31898
12,14037,0.47919654846191406,0.5156899418121363,1786400872.4078074
12,14038,0.2308681160211563,0.5158582089552238,1786400872.5032587
12,14039,0.2593501806259155,0.5161290322580645,1786400872.5996475
12,14040,0.1844804883003235,0.5170173267326733,1786400872.6891832
12,14041,0.2709707021713257,0.5173868312757202,1786400872.7869089
12,14042,0.32411348819732666,0.5176518883415435,1786400872.875457
12,14043,0.3095504641532898,0.5178132678132679,1786400872.9660337
12,14044,0.19870921969413757,0.5182802287581699,1786400873.066761
12,14045,0.28253185749053955,0.518439282803586,1786400873.1572676
12,14046,0.3349224030971527,0.5186991869918699,1786400873.2573574
12,14047,0.41459035873413086,0.5189578264395782,1786400873.3472617
12,14048,0.23249630630016327,0.5195186084142395,1786400873.4361715
12,14049,0.3064931035041809,0.5192695722356739,1786400873.5276082
12,14050,0.3437892496585846,0.519122383252818,1786400873.6180077
12,14051,0.30063170194625854,0.519277108433735,1786400873.7103035
12,14052,0.3808639943599701,0.5196314102564102,1786400873.8059921
12,14053,0.5959482192993164,0.5192845723421263,1786400873.9041083
12,14054,0.2538564205169678,0.5197368421052632,1786400873.9938624
12,14055,0.2590208351612091,0.5198886237072394,1786400874.08471
12,14056,0.5033292770385742,0.5186507936507937,1786400874.1843035
12,14057,0.26303568482398987,0.5189034045922407,1786400874.2730558
12,14058,0.23088783025741577,0.5193522906793049,1786400874.3673089
12,14059,0.22160358726978302,0.5185185185185185,1786400874.4613044
12,14060,0.24975094199180603,0.5185731132075472,1786400874.5504231
12,14061,0.26809579133987427,0.5190196078431373,1786400874.6504722
12,14062,0.3405509293079376,0.5193661971830986,1786400874.7401867
12,14063,0.47722721099853516,0.5195160031225605,1786400874.8314185
12,14064,0.30783185362815857,0.5198598130841121,1786400874.9296124
12,14065,0.32269906997680664,0.5191336441336442,1786400875.0231316
12,14066,0.3753485381603241,0.5191860465116279,1786400875.1126282
12,14067,0.2173527628183365,0.519431554524362,1786400875.211266
12,14068,0.590700089931488,0.5190972222222222,1786400875.3016798
12,14069,0.302949994802475,0.5192455735180909,1786400875.402644
12,14070,0.33328986167907715,0.5197772657450077,1786400875.492564
12,14071,0.2780555486679077,0.5187739463601533,1786400875.585609
12,14072,0.23980870842933655,0.5193042813455657,1786400875.6827202
12,14073,0.4632221460342407,0.5193554538520213,1786400875.771
12,14074,0.394072026014328,0.5197869101978692,1786400875.8697352
12,14075,0.1903541386127472,0.520501138952164,1786400875.9616735
12,14076,0.6236359477043152,0.5209280303030303,1786400876.0568058
12,14077,0.2918640971183777,0.5210695389266817,1786400876.1461303
12,14078,0.6666437387466431,0.5208333333333334,1786400876.2351708
12,14079,0.24437037110328674,0.5212565838976674,1786400876.3244882
12,14080,0.28131455183029175,0.5203641141141141,1786400876.4220016
12,14081,0.43118083477020264,0.5201310861423221,1786400876.5106292
12,14082,0.47806382179260254,0.5196188340807175,1786400876.6083536
12,14083,0.34362006187438965,0.5197613721103654,1786400876.6991343
12,14084,0.47426527738571167,0.5189732142857143,1786400876.797501
12,14085,0.21807833015918732,0.5192093541202673,1786400876.8869278
12,14086,0.3139500021934509,0.519537037037037,1786400876.9766986
12,14087,0.252585232257843,0.5189393939393939,1786400877.0754714
12,14088,0.3164066970348358,0.5189896755162242,1786400877.1644156
12,14089,0.3710501194000244,0.5190397350993378,1786400877.2644691
12,14090,0.42872676253318787,0.5195484581497798,1786400877.3535395
12,14091,0.25703105330467224,0.5190476190476191,1786400877.4427073
12,14092,0.3050101399421692,0.5191885964912281,1786400877.5307174
12,14093,0.27545687556266785,0.5196024799416484,1786400877.6274595
12,14094,0.3111014664173126,0.519650655021834,1786400877.729249
12,14095,0.567617654800415,0.5190631808278867,1786400877.8348649
12,14096,0.30479687452316284,0.5193840579710145,1786400877.925998
12,14097,0.5668419599533081,0.5189804772234273,1786400878.0159512
12,14098,0.3245525360107422,0.5190295815295816,1786400878.1043794
12,14099,0.23278377950191498,0.519438444924406,1786400878.1937387
12,14100,0.5571954846382141,0.5193067528735632,1786400878.287888
12,14101,0.24493516981601715,0.5194444444444445,1786400878.3776407
12,14102,0.2786445915699005,0.5197603719599427,1786400878.475509
12,14103,0.4508132040500641,0.5191827266238401,1786400878.5765898
12,14104,0.43354904651641846,0.5191417378917379,1786400878.6759338
12,14105,0.32330024242401123,0.5191009239516702,1786400878.765358
12,14106,0.37835511565208435,0.5186170212765957,1786400878.856305
12,14107,0.5832868218421936,0.5184005661712668,1786400878.9457777
12,14108,0.41239598393440247,0.5181850282485876,1786400879.0404782
12,14109,0.4259962737560272,0.5184989429175476,1786400879.1389594
12,14110,0.3823433518409729,0.5185478199718706,1786400879.2318516
12,14111,0.5916925072669983,0.5187719298245614,1786400879.3278646
12,14112,0.2545216679573059,0.5192577030812325,1786400879.4169989
12,14113,0.349223256111145,0.5188679245283019,1786400879.5057058
12,14114,0.49139946699142456,0.5190027894002789,1786400879.5993176
12,14115,0.33623164892196655,0.5192240779401531,1786400879.6905231
12,14116,0.3064040541648865,0.5194444444444445,1786400879.7816563
12,14117,0.2809498906135559,0.5195772695772696,1786400879.8767555
12,14118,0.26521873474121094,0.5198824343015215,1786400879.9740505
12,14119,0.6231421232223511,0.5193236714975845,1786400880.0651002
12,14120,0.30111217498779297,0.5183367768595041,1786400880.1610224
12,14121,0.40135788917541504,0.5185567010309279,1786400880.2519963
12,14122,0.2783363163471222,0.518775720164609,1786400880.3416748
12,14123,0.2672506868839264,0.5190793976728268,1786400880.432486
12,14124,0.3917151093482971,0.5184426229508197,1786400880.525815
12,14125,0.3457324206829071,0.5186605316973415,1786400880.6190867
12,14126,0.3594735264778137,0.5185374149659864,1786400880.7085326
12,14127,0.36045628786087036,0.517990495587237,1786400880.8001745
12,14128,0.39922961592674255,0.5171917344173442,1786400880.8926275
12,14129,0.3395695984363556,0.5173258958755916,1786400880.9820855
12,14130,0.4513157606124878,0.5170377867746289,1786400881.0726986
12,14131,0.5055167078971863,0.5164141414141414,1786400881.1620915
12,14132,0.2760852873325348,0.5167170698924731,1786400881.2521534
12,14133,0.23431135714054108,0.517186452045607,1786400881.3432415
12,14134,0.2744227647781372,0.5177376171352075,1786400881.4387267
12,14135,0.27304649353027344,0.5181195724782899,1786400881.5397828
12,14136,0.26261359453201294,0.51825,1786400881.6286318
12,14137,0.317614883184433,0.5182967398536261,1786400881.7185948
12,14138,0.3331284523010254,0.5185092961487384,1786400881.8076642
12,14139,0.33064496517181396,0.5187210072895958,1786400881.9067557
12,14140,0.4764004051685333,0.5191798941798942,1786400881.9975412
12,14141,0.4646454453468323,0.5191419141914192,1786400882.0888422
12,14142,0.2788501977920532,0.5191040843214756,1786400882.1826234
12,14143,0.3254709839820862,0.5192307692307693,1786400882.28322
12,14144,0.40654826164245605,0.5187007874015748,1786400882.381865
12,14145,0.2860780358314514,0.5189096267190569,1786400882.4706717
12,14146,0.2639978229999542,0.5191993464052288,1786400882.5600328
12,14147,0.28038549423217773,0.5195694716242661,1786400882.649738
12,14148,0.5959599018096924,0.51953125,1786400882.7439835
12,14149,0.337166965007782,0.5199805068226121,1786400882.8439004
12,14150,0.20679697394371033,0.5203469520103762,1786400882.933577
12,14151,0.5495313405990601,0.5196601941747573,1786400883.023377
12,14152,0.25496548414230347,0.5201065891472868,1786400883.1181746
12,14153,0.2914685308933258,0.5203900709219859,1786400883.2106698
12,14154,0.4255211651325226,0.5201093951093951,1786400883.3113546
12,14155,0.5811808109283447,0.5196692357096981,1786400883.4008865
12,14156,0.3290225565433502,0.5198717948717949,1786400883.50033
12,14157,0.26042208075523376,0.5200735764555342,1786400883.5945833
12,14158,0.24527516961097717,0.5205140485312899,1786400883.683081
12,14159,0.33014431595802307,0.5207138304652645,1786400883.7798421
12,14160,0.4112258553504944,0.5206743002544529,1786400883.8686297
12,14161,0.3622868061065674,0.5204761904761904,1786400883.970266
12,14162,0.2667776644229889,0.5206749049429658,1786400884.077103
12,14163,0.29800331592559814,0.5207147375079064,1786400884.1662016
12,14164,0.49573516845703125,0.5200441919191919,1786400884.2631183
12,14165,0.35103943943977356,0.519927536231884,1786400884.3600743
12,14166,0.2826054096221924,0.5194182389937106,1786400884.4490962
12,14167,0.31402233242988586,0.5194601381042059,1786400884.5395257
12,14168,0.46288079023361206,0.518796992481203,1786400884.6307437
12,14169,0.29415085911750793,0.5182926829268293,1786400884.720672
12,14170,0.5337613224983215,0.5180243445692884,1786400884.8141272
12,14171,0.2690017819404602,0.5174454828660436,1786400884.9115775
12,14172,0.5998576879501343,0.5174129353233831,1786400885.0017366
12,14173,0.3231176435947418,0.5178460583488517,1786400885.094409
12,14174,0.2833056151866913,0.5183550185873605,1786400885.190457
12,14175,0.2591897249221802,0.5183982683982684,1786400885.279747
12,14176,0.4845956563949585,0.5185956790123457,1786400885.3792515
12,14177,0.3396930694580078,0.5190234134319162,1786400885.4789758
12,14178,0.25729379057884216,0.5192958179581796,1786400885.5683215
12,14179,0.2845313549041748,0.5192602823818293,1786400885.6569571
12,14180,0.4681531488895416,0.5190716911764706,1786400885.7504659
12,14181,0.27902597188949585,0.5194954128440367,1786400885.8397512
12,14182,0.2784876227378845,0.5198412698412699,1786400885.9289298
12,14183,0.38056355714797974,0.5200335161486899,1786400886.0190208
12,14184,0.3355787396430969,0.5194647201946472,1786400886.11269
12,14185,0.36817431449890137,0.5189738919247116,1786400886.2145312
12,14186,0.41569218039512634,0.5186363636363637,1786400886.3038661
12,14187,0.29551833868026733,0.5183756805807622,1786400886.394104
12,14188,0.5072070956230164,0.5183423913043478,1786400886.4912648
12,14189,0.2647654116153717,0.5180078360458107,1786400886.588049
12,14190,0.26160261034965515,0.5183513838748496,1786400886.6774447
12,14191,0.35544830560684204,0.5180180180180181,1786400886.7688167
12,14192,0.4115544557571411,0.5179106714628298,1786400886.8676093
12,14193,0.3386434316635132,0.5181029323758228,1786400886.958121
12,14194,0.43010517954826355,0.5179958183990442,1786400887.0488138
12,14195,0.33302152156829834,0.5181127012522362,1786400887.1394682
12,14196,0.279394268989563,0.5177083333333333,1786400887.2335384
12,14197,0.22911803424358368,0.5179738562091504,1786400887.324321
12,14198,0.303343802690506,0.5176453143534994,1786400887.4187708
12,14199,0.3559035360813141,0.5173919478981646,1786400887.5138886
12,14200,0.2849067747592926,0.5175827423167849,1786400887.6131074
12,14201,0.4795721173286438,0.5176991150442478,1786400887.7169685
12,14202,0.41135385632514954,0.5170789163722026,1786400887.8070593
12,14203,0.3265024721622467,0.5172692533803644,1786400887.8971891
12,14204,0.2223888635635376,0.5178990610328639,1786400887.9874046
12,14205,0.5021675229072571,0.5177943760984183,1786400888.0786254
12,14206,0.4308662414550781,0.5176900584795322,1786400888.1684916
12,14207,0.38719382882118225,0.5177320490367776,1786400888.2621882
12,14208,0.3794448673725128,0.5176282051282052,1786400888.3514729
12,14209,0.4738128185272217,0.5176701570680629,1786400888.4429724
12,14210,0.19298240542411804,0.5172038327526133,1786400888.533465
12,14211,0.5876385569572449,0.5170289855072464,1786400888.6229293
12,14212,0.39470234513282776,0.5173611111111112,1786400888.7146602
12,14213,0.2451414316892624,0.5176198729058348,1786400888.8038855
12,14214,0.6304316520690918,0.5167964244521338,1786400888.90032
12,14215,0.2565855085849762,0.5170552677029361,1786400888.9909213
12,14216,0.28892046213150024,0.517169540229885,1786400889.0799274
12,14217,0.232269287109375,0.5176419965576592,1786400889.1812081
12,14218,0.28810709714889526,0.5176832760595648,1786400889.2718081
12,14219,0.35875675082206726,0.5175100057175529,1786400889.361666
12,14220,0.4836406707763672,0.516980593607306,1786400889.4543548
12,14221,0.3752884268760681,0.5163817663817664,1786400889.5462043
12,14222,0.5114104747772217,0.5160693970420933,1786400889.6473243
12,14223,0.5091837644577026,0.5156161272004542,1786400889.7381318
12,14224,0.2416333556175232,0.5158730158730159,1786400889.830985
12,14225,0.2760426700115204,0.5154216185625353,1786400889.9212267
12,14226,0.5072506666183472,0.5149011299435028,1786400890.012412
12,14227,0.44502097368240356,0.5147349125775522,1786400890.102849
12,14228,0.44005632400512695,0.5149211711711712,1786400890.1934197
12,14229,0.27924394607543945,0.5150365373805509,1786400890.2876441
12,14230,0.3201831877231598,0.5152918069584737,1786400890.384157
12,14231,0.5401775240898132,0.5149159663865546,1786400890.4823823
12,14232,0.4912108778953552,0.5151006711409396,1786400890.5697033
12,14233,0.437809556722641,0.5148659966499163,1786400890.6708186
12,14234,0.3389896750450134,0.5149108138238573,1786400890.769728
12,14235,0.19883455336093903,0.5152337228714524,1786400890.858869
12,14236,0.47240298986434937,0.5152777777777777,1786400890.948027
12,14237,0.18206913769245148,0.5158069883527454,1786400891.040564
12,14238,0.2741371691226959,0.5161267995570321,1786400891.138178
12,14239,0.3224424123764038,0.5162382531785517,1786400891.2332926
12,14240,0.37041330337524414,0.5165562913907285,1786400891.3260698
12,14241,0.26110726594924927,0.5168732782369146,1786400891.4193244
12,14242,0.26199373602867126,0.5171204620462047,1786400891.5072303
12,14243,0.5138221979141235,0.5168176825919825,1786400891.6065729
12,14244,0.4454673230648041,0.5166529605263158,1786400891.7115655
12,14245,0.43775060772895813,0.5168308702791461,1786400891.804107
12,14246,0.3213357627391815,0.5168032786885246,1786400891.8941555
12,14247,0.46707046031951904,0.5167757774140753,1786400891.983777
12,14248,0.2762351632118225,0.5172249455337691,1786400892.0835848
12,14249,0.5780752301216125,0.5169249592169658,1786400892.1731882
12,14250,0.2429349720478058,0.5171688382193268,1786400892.262431
12,14251,0.3607843518257141,0.517479674796748,1786400892.3533494
12,14252,0.33267727494239807,0.5170454545454546,1786400892.445631
12,14253,0.2959030568599701,0.5176256077795786,1786400892.5444407
12,14254,0.3370297849178314,0.5170577130528586,1786400892.6337905
12,14255,0.5183056592941284,0.5168282175551966,1786400892.7246861
12,14256,0.28501254320144653,0.5169354838709678,1786400892.813483
12,14257,0.2966316044330597,0.5163714439076758,1786400892.9048595
12,14258,0.3166029751300812,0.5162111468381565,1786400893.002857
12,14259,0.2379380315542221,0.5165864098448368,1786400893.0930243
12,14260,0.2692807912826538,0.5167601495726496,1786400893.181413
12,14261,0.29824376106262207,0.5171333333333333,1786400893.2725835
12,14262,0.36700308322906494,0.516506922257721,1786400893.3617163
12,14263,0.22842496633529663,0.5168128654970761,1786400893.450716
12,14264,0.2801753580570221,0.5169851380042463,1786400893.5402255
12,14265,0.20567011833190918,0.5172893481717011,1786400893.6307836
12,14266,0.2977070212364197,0.5174603174603175,1786400893.7234323
12,14267,0.4498727023601532,0.5168383518225039,1786400893.813352
12,14268,0.2559405565261841,0.5163502109704642,1786400893.9070587
12,14269,0.3319815397262573,0.5166535018430753,1786400894.0045383
12,14270,0.37042436003685,0.517021556256572,1786400894.0961301
12,14271,0.36024272441864014,0.5171259842519685,1786400894.1858308
12,14272,0.4532392621040344,0.5171645702306079,1786400894.2869995
12,14273,0.255598247051239,0.5175300889586604,1786400894.383624
12,14274,0.3425444960594177,0.517567920585162,1786400894.4778545
12,14275,0.3428191542625427,0.5178664580073031,1786400894.586379
12,14276,0.22629733383655548,0.5180989583333333,1786400894.6796286
12,14277,0.3848768472671509,0.5182657306292252,1786400894.7733545
12,14278,0.22877928614616394,0.5186915887850467,1786400894.8623252
12,14279,0.24450214207172394,0.519116122343183,1786400894.953395
12,14280,0.5212317705154419,0.5186335403726708,1786400895.052376
12,14281,0.2685524821281433,0.5187984496124031,1786400895.151079
12,14282,0.5380939245223999,0.5185113519091847,1786400895.249886
12,14283,0.4191075265407562,0.5188047398248326,1786400895.340551
12,14284,0.39020687341690063,0.5190972222222222,1786400895.4378226
12,14285,0.530755877494812,0.5187467899332306,1786400895.536911
12,14286,0.4801449477672577,0.5187820512820512,1786400895.625666
12,14287,0.2295270562171936,0.5189452124935996,1786400895.7149875
12,14288,0.38326865434646606,0.5186605316973415,1786400895.8053052
12,14289,0.3325256109237671,0.5187595712098009,1786400895.903236
12,14290,0.40356481075286865,0.5187308868501529,1786400895.992614
12,14291,0.5933398008346558,0.5187659033078881,1786400896.0865114
12,14292,0.3753644824028015,0.5185467479674797,1786400896.1786776
12,14293,0.23346462845802307,0.5186453576864536,1786400896.2736433
12,14294,0.4276242256164551,0.5189969604863222,1786400896.3636339
12,14295,0.2781935930252075,0.5183358624178047,1786400896.454359
12,14296,0.3948414921760559,0.5186868686868686,1786400896.551772
12,14297,0.17733530700206757,0.5192259203227433,1786400896.6504178
12,14298,0.36764633655548096,0.5194486404833837,1786400896.7396038
12,14299,0.4281216263771057,0.5191679235796883,1786400896.8304887
12,14300,0.5040930509567261,0.5186370481927711,1786400896.9275749
12,14301,0.3250667452812195,0.518859649122807,1786400897.018728
12,14302,0.5044078826904297,0.5187687687687688,1786400897.1104228
12,14303,0.5002722144126892,0.5185532233883059,1786400897.2011461
12,14304,0.3668200373649597,0.5186501996007984,1786400897.289941
12,14305,0.5583699941635132,0.5183731938216243,1786400897.3901997
12,14306,0.37025031447410583,0.5184079601990049,1786400897.4786906
12,14307,0.38077929615974426,0.518628912071535,1786400897.5674624
12,14308,0.29595986008644104,0.5181051587301587,1786400897.6600611
12,14309,0.26428183913230896,0.5183259039128282,1786400897.7494786
12,14310,0.296821653842926,0.5185459940652819,1786400897.8503077
12,14311,0.6029447317123413,0.5183950617283951,1786400897.9498768
12,14312,0.3469386398792267,0.5187376725838264,1786400898.0406425
12,14313,0.5512464046478271,0.5188330871491876,1786400898.1353405
12,14314,0.28224483132362366,0.5190511307767945,1786400898.2262402
12,14315,0.3035984933376312,0.5191458026509573,1786400898.314652
12,14316,0.25572821497917175,0.5194240196078431,1786400898.4091852
12,14317,0.30946457386016846,0.5195790504160548,1786400898.5012317
12,14318,0.21794244647026062,0.5197336265884653,1786400898.599446
12,14319,0.4136316180229187,0.5198267447535383,1786400898.6908946
12,14320,0.32650724053382874,0.5199195906432749,1786400898.7802217
12,14321,0.3204067349433899,0.5195255474452555,1786400898.879242
12,14322,0.23626136779785156,0.5197400388726919,1786400898.9689343
12,14323,0.6405616998672485,0.5193474041727317,1786400899.0654163
12,14324,0.4591379761695862,0.5194404069767442,1786400899.1596951
12,14325,0.2825354039669037,0.5197145621673923,1786400899.250387
12,14326,0.41770702600479126,0.5196859903381642,1786400899.3388944
12,14327,0.2962057888507843,0.519295706705258,1786400899.4330797
12,14328,0.2505703568458557,0.5194484585741811,1786400899.5226772
12,14329,0.27385395765304565,0.5197210197210197,1786400899.6223793
12,14330,0.3486207127571106,0.5196926032660903,1786400899.714263
12,14331,0.2493056207895279,0.5196043165467625,1786400899.8056962
12,14332,0.29820191860198975,0.5196958812260536,1786400899.902285
12,14333,0.29586535692214966,0.5198469631755142,1786400899.9954283
12,14334,0.5971518754959106,0.5195797516714422,1786400900.0993464
12,14335,0.42920708656311035,0.5190748688602765,1786400900.1897366
12,14336,0.4016846716403961,0.5193452380952381,1786400900.2826846
12,14337,0.28428196907043457,0.5193176414645744,1786400900.373307
12,14338,0.3025434613227844,0.5194088319088319,1786400900.4647694
12,14339,0.3995971381664276,0.5191441441441441,1786400900.555796
12,14340,0.34817349910736084,0.5192945075757576,1786400900.6488993
12,14341,0.284161776304245,0.5187352245862884,1786400900.7413867
12,14342,0.4143787920475006,0.5182365439093485,1786400900.8323183
12,14343,0.2351018190383911,0.5176214049976426,1786400900.9403024
12,14344,0.37575671076774597,0.5173611111111112,1786400901.0396013
12,14345,0.1787382811307907,0.517748001880583,1786400901.1386213
12,14346,0.24715593457221985,0.5180164319248827,1786400901.229152
12,14347,0.3203379511833191,0.5180496952648851,1786400901.3200707
12,14348,0.27343255281448364,0.518316947565543,1786400901.4212668
12,14349,0.6777468919754028,0.5184665731650304,1786400901.522544
12,14350,0.45913922786712646,0.5180905695611578,1786400901.6148212
12,14351,0.2741781175136566,0.5175990675990676,1786400901.7070963
12,14352,0.40349045395851135,0.5170507448789572,1786400901.7978015
12,14353,0.5805236101150513,0.5165039516503952,1786400901.892507
12,14354,0.4242573380470276,0.5166550603528319,1786400901.9946074
12,14355,0.3301228880882263,0.5167477978674084,1786400902.089014
12,14356,0.2787299156188965,0.5168981481481482,1786400902.184605
12,14357,0.3102000057697296,0.5171058714748035,1786400902.2784722
12,14358,0.26004770398139954,0.5165050784856879,1786400902.370317
12,14359,0.4882161617279053,0.516597510373444,1786400902.4732502
12,14360,0.25491878390312195,0.5161717311233885,1786400902.5672176
12,14361,0.48921120166778564,0.5160344827586207,1786400902.676372
12,14362,0.2670421302318573,0.5161845730027548,1786400902.7659075
12,14363,0.2861214876174927,0.5165061898211829,1786400902.8583474
12,14364,0.3586500585079193,0.5164835164835165,1786400902.9503794
12,14365,0.5967106819152832,0.5162894375857339,1786400903.0427895
12,14366,0.22726987302303314,0.5159817351598174,1786400903.14483
12,14367,0.3825339376926422,0.5156178750569995,1786400903.2468178
12,14368,0.2659304738044739,0.5151411657559198,1786400903.3418279
12,14369,0.25602614879608154,0.5152341973624375,1786400903.4351323
12,14370,0.2294284850358963,0.5155540417801998,1786400903.526093
12,14371,0.46442416310310364,0.515079365079365,1786400903.6292398
12,14372,0.26056787371635437,0.5152853260869565,1786400903.724163
12,14373,0.22691217064857483,0.5154341926729986,1786400903.815906
12,14374,0.33035731315612793,0.5154697380307136,1786400903.908087
12,14375,0.3978559970855713,0.5148849797023004,1786400904.00022
12,14376,0.4104534983634949,0.5144707207207208,1786400904.091833
12,14377,0.31112411618232727,0.5140575798470536,1786400904.1899257
12,14378,0.32189488410949707,0.5134209344115005,1786400904.285768
12,14379,0.2711838483810425,0.5131224764468372,1786400904.3866756
12,14380,0.36003005504608154,0.5132728494623656,1786400904.4858985
12,14381,0.22238565981388092,0.5136465324384788,1786400904.5826166
12,14382,0.2637716233730316,0.5138516532618409,1786400904.6748
12,14383,0.18379852175712585,0.5142235609103079,1786400904.7686067
12,14384,0.2924869656562805,0.5143716577540107,1786400904.8662922
12,14385,0.21489402651786804,0.5146862483311081,1786400904.9556537
12,14386,0.2589063048362732,0.5143333333333333,1786400905.0476336
12,14387,0.3756832480430603,0.5144252108300045,1786400905.1442437
12,14388,0.2649696469306946,0.51385195035461,1786400905.2461278
12,14389,0.47924357652664185,0.5139442231075697,1786400905.3483424
12,14390,0.28805384039878845,0.5140362511052167,1786400905.4447615
12,14391,0.27504920959472656,0.5142384105960265,1786400905.5344162
12,14392,0.3234637379646301,0.5144951499118166,1786400905.6254396
12,14393,0.34376055002212524,0.5145310435931307,1786400905.7213893
12,14394,0.29744410514831543,0.5145118733509235,1786400905.8261538
12,14395,0.2877347767353058,0.5146574440052701,1786400905.9275868
12,14396,0.28039464354515076,0.5148026315789473,1786400906.0185575
12,14397,0.4227421283721924,0.5150021901007447,1786400906.1082017
12,14398,0.35290077328681946,0.5149825021872266,1786400906.2005584
12,14399,0.338135302066803,0.5150720838794234,1786400906.2902846
12,14400,0.3240009546279907,0.5149978184991274,1786400906.3815053
12,14401,0.2350122034549713,0.5151960784313725,1786400906.4726143
12,14402,0.3771151304244995,0.5152850304612707,1786400906.5626576
12,14403,0.19952291250228882,0.5155367231638418,1786400906.6540346
12,14404,0.2971959114074707,0.5157335069444444,1786400906.7452652
12,14405,0.4005972743034363,0.5158214130905938,1786400906.8353045
12,14406,0.29965028166770935,0.5153679653679654,1786400906.9258368
12,14407,0.7179192304611206,0.5154020752269779,1786400907.0150273
12,14408,0.35531342029571533,0.5153281519861831,1786400907.105721
12,14409,0.40736809372901917,0.515577835273825,1786400907.1978934
12,14410,0.24419298768043518,0.5157192075796727,1786400907.299846
12,14411,0.19633646309375763,0.5159677419354839,1786400907.4025064
12,14412,0.3220084011554718,0.5160545532646048,1786400907.4934363
12,14413,0.34253066778182983,0.515980265980266,1786400907.5921717
12,14414,0.2750808596611023,0.5160668380462725,1786400907.6842778
12,14415,0.31758660078048706,0.5163136499786051,1786400907.778167
12,14416,0.23924057185649872,0.5158653846153847,1786400907.879041
12,14417,0.33595019578933716,0.5160051216389244,1786400907.976288
12,14418,0.42637431621551514,0.516037936913896,1786400908.0678205
12,14419,0.3198982775211334,0.5161238825031929,1786400908.1650035
12,14420,0.19087591767311096,0.5164221938775511,1786400908.256515
12,14421,0.23841725289821625,0.5166135881104034,1786400908.345785
12,14422,0.2273171991109848,0.5160623409669212,1786400908.4383595
12,14423,0.22354723513126373,0.516306649724693,1786400908.5285814
12,14424,0.2585737109184265,0.5163388324873096,1786400908.6278799
12,14425,0.40983179211616516,0.5160012674271229,1786400908.7262228
12,14426,0.33216801285743713,0.5160337552742617,1786400908.8332508
12,14427,0.3675123453140259,0.5160134850400337,1786400908.9230366
12,14428,0.33746305108070374,0.5161510942760943,1786400909.0147016
12,14429,0.5992947220802307,0.5159730979403111,1786400909.1150737
12,14430,0.2938896417617798,0.5161628883291351,1786400909.207083
12,14431,0.39290183782577515,0.5162997903563942,1786400909.2991774
12,14432,0.2256028801202774,0.5166457286432161,1786400909.3977277
12,14433,0.2884828448295593,0.5165202843998327,1786400909.4974375
12,14434,0.4041216969490051,0.5161340852130326,1786400909.591852
12,14435,0.22011902928352356,0.516270337922403,1786400909.6833777
12,14436,0.3105049431324005,0.5158333333333334,1786400909.7738357
12,14437,0.3936624526977539,0.5158655846858095,1786400909.864799
12,14438,0.37218961119651794,0.5157418952618454,1786400909.965547
12,14439,0.2841397225856781,0.5158260689082607,1786400910.0675073
12,14440,0.4938902258872986,0.5153399668325042,1786400910.1677647
12,14441,0.2446099817752838,0.515527950310559,1786400910.2600653
12,14442,0.5884074568748474,0.5151468155500414,1786400910.3611014
12,14443,0.46830952167510986,0.5150764147046675,1786400910.4515226
12,14444,0.29389384388923645,0.5151093234323433,1786400910.5441396
12,14445,0.24006414413452148,0.515245158632056,1786400910.6404047
12,14446,0.40893101692199707,0.514866255144033,1786400910.7308037
12,14447,0.2068203091621399,0.5151561857788738,1786400910.8309345
12,14448,0.3711429536342621,0.5151888341543513,1786400910.921746
12,14449,0.3009893000125885,0.5151189011890119,1786400911.0113544
12,14450,0.2973507344722748,0.5154074529074529,1786400911.1018405
12,14451,0.25676923990249634,0.5154907975460122,1786400911.1973567
12,14452,0.3268851041793823,0.5155739379084967,1786400911.2889261
12,14453,0.28549298644065857,0.515656874745002,1786400911.380496
12,14454,0.24515683948993683,0.5158414832925835,1786400911.4746823
12,14455,0.3193283975124359,0.5156186406186406,1786400911.5771022
12,14456,0.2311672866344452,0.5157520325203252,1786400911.6690803
12,14457,0.1981288492679596,0.5161388550548112,1786400911.7679374
12,14458,0.40083611011505127,0.5161699107866992,1786400911.858979
12,14459,0.21178533136844635,0.5158971243418388,1786400911.961244
12,14460,0.42401835322380066,0.5159283980582524,1786400912.0664697
12,14461,0.5449865460395813,0.5156565656565657,1786400912.1566625
12,14462,0.31506678462028503,0.5156880548829701,1786400912.2576258
12,14463,0.2664293348789215,0.515769850866586,1786400912.3575175
12,14464,0.22346295416355133,0.5159520933977456,1786400912.4485817
12,14465,0.26413244009017944,0.5159831121833535,1786400912.538566
12,14466,0.6926972270011902,0.5155622489959839,1786400912.6314883
12,14467,0.34077882766723633,0.5156438026474127,1786400912.7252145
12,14468,0.38060468435287476,0.5156750801282052,1786400912.8185487
12,14469,0.3028540313243866,0.515656262505002,1786400912.909504
12,14470,0.41098329424858093,0.5157374100719424,1786400913.016619
12,14471,0.2586231827735901,0.5158682634730539,1786400913.106896
12,14472,0.39944756031036377,0.5156499202551834,1786400913.2030084
12,14473,0.20535628497600555,0.5159299084030267,1786400913.2930772
12,14474,0.3051629960536957,0.5154634049323786,1786400913.385452
12,14475,0.18896138668060303,0.515792610250298,1786400913.4765575
12,14476,0.37143704295158386,0.5159722222222223,1786400913.5787208
12,14477,0.23247136175632477,0.5163000396353548,1786400913.6718428
12,14478,0.31302130222320557,0.5163796516231196,1786400913.7620752
12,14479,0.6673086881637573,0.5162613681296956,1786400913.8645015
12,14480,0.2958565950393677,0.5165383096366508,1786400913.9545193
12,14481,0.30250927805900574,0.5168145956607495,1786400914.0546124
12,14482,0.5344855785369873,0.5166469661150512,1786400914.1485507
12,14483,0.26635900139808655,0.5166765053128689,1786400914.2477856
12,14484,0.4315003752708435,0.5164111635220126,1786400914.3378553
12,14485,0.27737897634506226,0.5166372202591284,1786400914.4292734
12,14486,0.45563316345214844,0.5164705882352941,1786400914.5259547
12,14487,0.3751015067100525,0.5165491578535056,1786400914.6241488
12,14488,0.21290354430675507,0.5161384976525821,1786400914.7144153
12,14489,0.2964760661125183,0.5162661195779601,1786400914.8072362
12,14490,0.34876906871795654,0.5159543325526932,1786400914.898924
12,14491,0.36835920810699463,0.5159356725146199,1786400914.9956708
12,14492,0.17645491659641266,0.5162577881619937,1786400915.0855334
12,14493,0.40826690196990967,0.5163846752236484,1786400915.17503
12,14494,0.31287941336631775,0.5163170163170163,1786400915.2679036
12,14495,0.6582170724868774,0.5161525029103609,1786400915.3644347
12,14496,0.1983153223991394,0.516327519379845,1786400915.4545817
12,14497,0.2479081153869629,0.5165021293070073,1786400915.542811
12,14498,0.3106968402862549,0.5166279969064191,1786400915.632599
12,14499,0.41248980164527893,0.5165604480494399,1786400915.7232773
12,14500,0.21228164434432983,0.5166859567901234,1786400915.815169
12,14501,0.25564733147621155,0.516907514450867,1786400915.9158413
12,14502,0.5136857032775879,0.5165993071593533,1786400916.0115316
12,14503,0.3659083843231201,0.5167723952326029,1786400916.1119452
12,14504,0.20827199518680573,0.5170410906298003,1786400916.2032752
12,14505,0.41877615451812744,0.5171653241273494,1786400916.302819
12,14506,0.25895658135414124,0.5167624521072797,1786400916.3941374
12,14507,0.5526378750801086,0.5163126674320704,1786400916.4854655
12,14508,0.18971946835517883,0.5159116972477065,1786400916.576474
12,14509,0.2511982023715973,0.516036655211913,1786400916.667413
12,14510,0.2395331859588623,0.5162090007627765,1786400916.7575305
12,14511,0.5503771901130676,0.516095238095238,1786400916.8508449
12,14512,0.3111896514892578,0.5159341704718418,1786400916.9506643
12,14513,0.3046233355998993,0.515678449258837,1786400917.0465016
12,14514,0.4023323655128479,0.5157555049354594,1786400917.1368482
12,14515,0.3195272386074066,0.5158323852863101,1786400917.2263272
12,14516,0.6055043339729309,0.5159564393939394,1786400917.3172758
12,14517,0.27176153659820557,0.5161748013620885,1786400917.410463
12,14518,0.6324235200881958,0.5160619803476947,1786400917.499775
12,14519,0.2827397882938385,0.5161853529633824,1786400917.597072
12,14520,0.30878493189811707,0.5161199095022625,1786400917.6853344
12,14521,0.33189576864242554,0.5163370998116761,1786400917.7765849
12,14522,0.23354244232177734,0.5165537998495109,1786400917.8653495
12,14523,0.2915417551994324,0.5167230364524614,1786400917.9588182
12,14524,0.418673574924469,0.5166103603603603,1786400918.0511928
12,14525,0.2656867206096649,0.5168260217472815,1786400918.1424465
12,14526,0.4161488711833954,0.5169007490636705,1786400918.2412417
12,14527,0.41766485571861267,0.5166947250280584,1786400918.3349113
12,14528,0.3465777635574341,0.5169562780269058,1786400918.4248433
12,14529,0.3280606269836426,0.5170306084359836,1786400918.5199165
12,14530,0.24612410366535187,0.5171513795674869,1786400918.6100664
12,14531,0.2777910828590393,0.5174115456238362,1786400918.7012284
12,14532,0.3575889766216278,0.5175316220238095,1786400918.799183
12,14533,0.4860544204711914,0.5172798216276477,1786400918.8897977
12,14534,0.3047396242618561,0.5175853749072011,1786400918.9877532
12,14535,0.35049179196357727,0.51765850945495,1786400919.0759695
12,14536,0.3415758013725281,0.5172222222222222,1786400919.1722567
12,14537,0.32221078872680664,0.5168793932667407,1786400919.2629364
12,14538,0.32325056195259094,0.5169068736141907,1786400919.3512523
12,14539,0.37451279163360596,0.5170727205610927,1786400919.4399095
12,14540,0.312599241733551,0.5171460176991151,1786400919.5289838
12,14541,0.3110782504081726,0.5172651933701657,1786400919.618564
12,14542,0.2286953628063202,0.516832229580574,1786400919.714081
12,14543,0.5475812554359436,0.5166758544652701,1786400919.8039112
12,14544,0.48897784948349,0.5167033773861968,1786400919.896568
12,14545,0.19845989346504211,0.5164099743307664,1786400919.9877884
12,14546,0.3034936487674713,0.5165293040293041,1786400920.0767539
12,14547,0.2396010458469391,0.5166941090376875,1786400920.168744
12,14548,0.2530687153339386,0.5168128654970761,1786400920.262264
12,14549,0.2690306007862091,0.5162924424972618,1786400920.3531017
12,14550,0.4735264778137207,0.5160466812545588,1786400920.448777
12,14551,0.3543902039527893,0.5162112932604735,1786400920.538303
12,14552,0.2783745229244232,0.516330058224163,1786400920.6369894
12,14553,0.2681479752063751,0.5165394402035624,1786400920.7390053
12,14554,0.37171506881713867,0.5166122004357299,1786400920.8277986
12,14555,0.3158852159976959,0.5167301414581066,1786400920.925213
12,14556,0.25023454427719116,0.516983695652174,1786400921.013867
12,14557,0.34360796213150024,0.5171009771986971,1786400921.1042488
12,14558,0.268385112285614,0.5174439624005784,1786400921.194594
12,14559,0.3507173955440521,0.517018779342723,1786400921.2888417
12,14560,0.5681524276733398,0.5166396103896104,1786400921.380324
12,14561,0.3014122247695923,0.5167567567567568,1786400921.4688523
12,14562,0.2200767695903778,0.5170086393088553,1786400921.5565286
12,14563,0.35858625173568726,0.5170801869830997,1786400921.6484435
12,14564,0.32320865988731384,0.5171964798850575,1786400921.7385898
12,14565,0.2820756733417511,0.5172676713311805,1786400921.8362763
12,14566,0.2869279086589813,0.5173835125448029,1786400921.925427
12,14567,0.26040172576904297,0.5172753311851056,1786400922.0224779
12,14568,0.2611576318740845,0.5174803290414879,1786400922.1120532
12,14569,0.2403711974620819,0.5170596641657735,1786400922.2115436
12,14570,0.36625224351882935,0.5170860099928622,1786400922.3009534
12,14571,0.43396854400634766,0.5167112299465241,1786400922.3909204
12,14572,0.310505211353302,0.5166933760683761,1786400922.4844086
12,14573,0.3713541030883789,0.5167644966204198,1786400922.5735433
12,14574,0.2875998616218567,0.5169243070362474,1786400922.6687174
12,14575,0.4598084092140198,0.5169506567270146,1786400922.7684226
12,14576,0.5690249800682068,0.5165780141843972,1786400922.8631783
12,14577,0.2707970142364502,0.5166489550123982,1786400922.9515672
12,14578,0.5809262990951538,0.5165870488322718,1786400923.0423872
12,14579,0.22375625371932983,0.5167462000706964,1786400923.1330135
12,14580,0.29459038376808167,0.5168167372881356,1786400923.2300098
12,14581,0.30384230613708496,0.5169312169312169,1786400923.3281538
12,14582,0.23781031370162964,0.5166490486257929,1786400923.4257243
12,14583,0.41257449984550476,0.5167634635691658,1786400923.5235136
12,14584,0.3771785795688629,0.5165699718706048,1786400923.6131346
12,14585,0.18833276629447937,0.5169476642079381,1786400923.7120337
12,14586,0.3602851927280426,0.5167982456140351,1786400923.80136
12,14587,0.29264742136001587,0.5169120224325272,1786400923.8909962
12,14588,0.49306029081344604,0.5165441176470589,1786400923.9819233
12,14589,0.30741727352142334,0.5166579223504721,1786400924.071369
12,14590,0.3926069438457489,0.5167714884696016,1786400924.1622076
12,14591,0.43966144323349,0.5164485165794066,1786400924.2530658
12,14592,0.3372287452220917,0.5161698047419805,1786400924.345714
12,14593,0.31147870421409607,0.5164576802507836,1786400924.4364774
12,14594,0.5685295462608337,0.5163100208768268,1786400924.524992
12,14595,0.4013722240924835,0.5163799096280848,1786400924.6193435
12,14596,0.47200465202331543,0.5160590277777778,1786400924.7094698
12,14597,0.304757297039032,0.5162157474852584,1786400924.7987285
12,14598,0.5327500104904175,0.5158090783090783,1786400924.8889403
12,14599,0.5539573431015015,0.5154897888542749,1786400924.9780324
12,14600,0.33084484934806824,0.5155601659751037,1786400925.0658073
12,14601,0.34277722239494324,0.5156303972366149,1786400925.153519
12,14602,0.3167537748813629,0.5156142167011732,1786400925.2418845
12,14603,0.36323055624961853,0.5152102723198897,1786400925.3303974
12,14604,0.3841675817966461,0.5152806473829201,1786400925.4187584
12,14605,0.296325147151947,0.5153938768489852,1786400925.5085962
12,14606,0.36115533113479614,0.5155498281786941,1786400925.5975647
12,14607,0.3889656066894531,0.5156196361139719,1786400925.6857598
12,14608,0.2512103319168091,0.5159036351165981,1786400925.774041
12,14609,0.36481812596321106,0.5159729359369647,1786400925.8625722
12,14610,0.2875693440437317,0.516170431211499,1786400925.9512246
12,14611,0.41643428802490234,0.5162393162393163,1786400926.0388534
12,14612,0.30439603328704834,0.516265368852459,1786400926.1276495
12,14613,0.286146342754364,0.5162913681337428,1786400926.216569
12,14614,0.30999115109443665,0.5163173142467621,1786400926.3041508
12,14615,0.31312859058380127,0.5160027238678924,1786400926.3928506
12,14616,0.27257150411605835,0.516156462585034,1786400926.480848
12,14617,0.2886016070842743,0.5163098878695209,1786400926.567405
12,14618,0.2800142168998718,0.5164630006788866,1786400926.655722
12,14619,0.2518017590045929,0.5166581892166836,1786400926.7452617
