phase,phase_epoch,global_epoch_idx,train_loss,train_acc,val_loss,val_acc,val_qwk,lr
phase1_frozen,0,0,0.643194047481783,0.525945060483871,0.6875694102572287,0.734753691804757,0.016158193267443277,0.001
phase1_frozen,1,1,0.5608480197768058,0.6992313508064516,0.6619094132893304,0.736670048472551,0.009224579362443475,0.0008536998372026807
