epoch,step,batch_loss,running_acc,timestamp
0,1,0.7001293897628784,0.4375,1785284932.4069414
0,2,0.8034179210662842,0.3854166666666667,1785284932.879178
0,3,0.8717812895774841,0.3611111111111111,1785284933.331482
0,4,0.7423155903816223,0.390625,1785284933.813603
0,5,0.7481802701950073,0.38333333333333336,1785284934.290006
0,6,0.866290807723999,0.3784722222222222,1785284934.7342243
0,7,0.62381511926651,0.38392857142857145,1785284935.2081356
0,8,0.8266390562057495,0.3854166666666667,1785284935.6916873
0,9,0.8177810907363892,0.3819444444444444,1785284936.150415
0,10,0.7622881531715393,0.37916666666666665,1785284936.6349926
0,11,0.8173405528068542,0.38636363636363635,1785284937.0971837
0,12,0.6441717743873596,0.3854166666666667,1785284937.549719
0,13,0.801878809928894,0.38461538461538464,1785284938.0348048
0,14,0.6862891912460327,0.3898809523809524,1785284938.5171046
0,15,0.7205073237419128,0.39166666666666666,1785284938.977024
0,16,0.80776447057724,0.3984375,1785284939.4674463
0,17,0.7751646041870117,0.4007352941176471,1785284939.9258327
0,18,0.730008602142334,0.4039351851851852,1785284940.3884377
0,19,0.6852288842201233,0.40350877192982454,1785284940.8727202
0,20,0.6662949323654175,0.4083333333333333,1785284941.3498576
0,21,0.7887557744979858,0.40674603174603174,1785284941.7951858
0,22,0.7841883897781372,0.4090909090909091,1785284942.277031
0,23,0.7645409107208252,0.4121376811594203,1785284942.7576313
0,24,0.7286925911903381,0.4140625,1785284943.2025216
0,25,0.7363929152488708,0.4141666666666667,1785284943.6799912
0,26,0.7705360054969788,0.4126602564102564,1785284944.1691165
0,27,0.7408701181411743,0.4112654320987654,1785284944.651762
0,28,0.7789934277534485,0.4069940476190476,1785284945.1269636
0,29,0.7580174803733826,0.40445402298850575,1785284945.6084392
0,30,0.9278508424758911,0.40694444444444444,1785284946.0386128
0,31,0.68657386302948,0.40725806451612906,1785284946.5073602
0,32,0.6898272633552551,0.40625,1785284946.9735196
0,33,0.7359132170677185,0.4053030303030303,1785284947.4420228
0,34,0.6306094527244568,0.40625,1785284947.9272213
0,35,0.7641355395317078,0.40535714285714286,1785284948.3760219
0,36,0.6938740611076355,0.40335648148148145,1785284948.8229156
0,37,0.7908385992050171,0.40202702702702703,1785284949.3110766
0,38,0.7770276069641113,0.40350877192982454,1785284949.7870634
0,39,0.744317889213562,0.40384615384615385,1785284950.2589507
0,40,0.634380042552948,0.4046875,1785284950.7405787
0,41,0.7315512299537659,0.40853658536585363,1785284951.218338
0,42,0.729149341583252,0.408234126984127,1785284951.653752
0,43,0.6658004522323608,0.4108527131782946,1785284952.106662
0,44,0.7962629199028015,0.4100378787878788,1785284952.5942333
0,45,0.7131677865982056,0.40879629629629627,1785284953.0877218
0,46,0.7856141328811646,0.4098731884057971,1785284953.5680363
0,47,0.7871903777122498,0.4091312056737589,1785284954.0481505
0,48,0.8796382546424866,0.4088541666666667,1785284954.4823005
0,49,0.6793373823165894,0.40901360544217685,1785284954.9531379
0,50,0.7142257690429688,0.40875,1785284955.4268196
0,51,0.6231104731559753,0.40808823529411764,1785284955.9171124
0,52,0.7292581796646118,0.40905448717948717,1785284956.3927188
0,53,0.7122371792793274,0.4088050314465409,1785284956.8835292
0,54,0.6600543260574341,0.41165123456790126,1785284957.3188665
0,55,0.7518090009689331,0.4102272727272727,1785284957.7852528
0,56,0.6763460636138916,0.4133184523809524,1785284958.2607996
0,57,0.7002636194229126,0.4133771929824561,1785284958.745922
0,58,0.6773695349693298,0.41379310344827586,1785284959.2188232
0,59,0.7914279699325562,0.4152542372881356,1785284959.6986792
0,60,0.9399923086166382,0.41423611111111114,1785284960.0990744
0,61,0.6815983057022095,0.4146174863387978,1785284960.5671484
0,62,0.5303359031677246,0.4173387096774194,1785284961.050419
0,63,0.6914645433425903,0.4173280423280423,1785284961.4852207
0,64,0.7097342610359192,0.4189453125,1785284961.9641771
0,65,0.9544538259506226,0.4189102564102564,1785284962.4354787
0,66,0.8728030323982239,0.41919191919191917,1785284962.875785
0,67,0.6732850670814514,0.4185323383084577,1785284963.35659
0,68,0.605495035648346,0.41881127450980393,1785284963.8369203
0,69,0.7689363956451416,0.41878019323671495,1785284964.2956223
0,70,0.6945751309394836,0.41964285714285715,1785284964.7568374
0,71,0.6690924167633057,0.42018779342723006,1785284965.2187977
0,72,0.7067203521728516,0.42042824074074076,1785284965.7014382
0,73,0.8336734175682068,0.4212328767123288,1785284966.1889381
0,74,0.7892972230911255,0.42117117117117114,1785284966.671152
0,75,0.6383236646652222,0.42138888888888887,1785284967.102969
0,76,0.6842143535614014,0.42351973684210525,1785284967.5796185
0,77,0.7624490261077881,0.4250541125541126,1785284968.048465
0,78,0.7924713492393494,0.42467948717948717,1785284968.5220838
0,79,0.7627629041671753,0.4240506329113924,1785284969.0152104
0,80,0.6825731992721558,0.4244791666666667,1785284969.4992886
0,81,0.5510579943656921,0.42412551440329216,1785284969.9377508
0,82,0.6316719055175781,0.4255589430894309,1785284970.4274187
0,83,0.6892106533050537,0.4259538152610442,1785284970.9119294
0,84,0.7592211365699768,0.42485119047619047,1785284971.4025357
0,85,0.7933772206306458,0.42598039215686273,1785284971.8920736
0,86,0.7599102854728699,0.4265988372093023,1785284972.3883321
0,87,0.6512879133224487,0.42624521072796934,1785284972.9713595
0,88,0.6012073755264282,0.4275568181818182,1785284973.43119
0,89,0.7843525409698486,0.42743445692883897,1785284973.9271142
0,90,0.6913739442825317,0.4287037037037037,1785284974.3831568
0,91,0.6340629458427429,0.4288003663003663,1785284974.8553631
0,92,0.7286465764045715,0.4291213768115942,1785284975.330954
0,93,0.6433073282241821,0.4298835125448029,1785284975.8085268
0,94,0.5630196928977966,0.42974290780141844,1785284976.2812524
0,95,0.6132360100746155,0.4296052631578947,1785284976.7692
0,96,0.6824917197227478,0.4290364583333333,1785284977.248775
0,97,0.6938917636871338,0.42890893470790376,1785284977.6955795
0,98,0.6753195524215698,0.4296343537414966,1785284978.1839283
0,99,0.6540648937225342,0.43034511784511786,1785284978.66442
0,100,0.6713318228721619,0.43,1785284979.1105201
0,101,0.743055522441864,0.43007425742574257,1785284979.5962017
0,102,0.6764933466911316,0.4297385620915033,1785284980.0668616
0,103,0.6677979230880737,0.42880258899676377,1785284980.5225716
0,104,0.7031295895576477,0.42888621794871795,1785284980.9890065
0,105,0.6460050344467163,0.42936507936507934,1785284981.4730606
0,106,0.49977895617485046,0.4300314465408805,1785284981.9320304
0,107,0.7016265392303467,0.43068535825545173,1785284982.4178517
0,108,0.6797199845314026,0.43036265432098764,1785284982.8933167
0,109,0.649672269821167,0.43119266055045874,1785284983.369122
0,110,0.8934710025787354,0.43143939393939396,1785284983.8485403
0,111,0.5667891502380371,0.43205705705705705,1785284984.3235066
0,112,0.6088011264801025,0.43266369047619047,1785284984.7728064
0,113,0.6241934299468994,0.43215339233038347,1785284985.2407548
0,114,0.6494395732879639,0.43201754385964913,1785284985.7169104
0,115,0.6439774036407471,0.4320652173913043,1785284986.181175
0,116,0.6032120585441589,0.4324712643678161,1785284986.6645012
0,117,0.6968166828155518,0.43304843304843305,1785284987.1545923
0,118,0.7891672849655151,0.432909604519774,1785284987.5903416
0,119,0.6841456294059753,0.4334733893557423,1785284988.059583
0,120,0.5729469060897827,0.43350694444444443,1785284988.5512455
0,121,0.6686904430389404,0.43336776859504134,1785284989.038024
0,122,0.7007433176040649,0.4337431693989071,1785284989.5212924
0,123,0.5197446942329407,0.4339430894308943,1785284990.0049634
0,124,0.6392384767532349,0.4332997311827957,1785284990.4274225
0,125,0.7488229274749756,0.43366666666666664,1785284990.9007838
0,126,0.6381033062934875,0.43287037037037035,1785284991.3770168
0,127,0.7213593125343323,0.4330708661417323,1785284991.832667
0,128,0.810062050819397,0.4324544270833333,1785284992.3123505
0,129,0.6871944665908813,0.43233204134366926,1785284992.792434
0,130,0.7532011270523071,0.43333333333333335,1785284993.2194548
0,131,0.6861546635627747,0.4344783715012723,1785284993.6714704
0,132,0.9093002080917358,0.4340277777777778,1785284994.1469233
0,133,0.6988847851753235,0.4349937343358396,1785284994.6110766
0,134,0.7518001198768616,0.4351679104477612,1785284995.0902905
0,135,0.7284609079360962,0.43549382716049384,1785284995.5547724
0,136,0.6223576068878174,0.43550857843137253,1785284996.0047214
0,137,0.6892709136009216,0.4352189781021898,1785284996.4891043
0,138,0.573494017124176,0.4361413043478261,1785284996.9624243
0,139,0.7772538065910339,0.4367505995203837,1785284997.4434662
0,140,0.8150442242622375,0.43660714285714286,1785284997.8976212
0,141,0.5390595197677612,0.4373522458628842,1785284998.0836132
0,142,0.6414322853088379,0.4373532863849765,1785284998.3180468
0,143,0.6699622273445129,0.4380827505827506,1785284998.5259001
0,144,0.6273820400238037,0.43778935185185186,1785284998.7052593
0,145,0.5619441270828247,0.43778735632183907,1785284998.8876328
0,146,0.7082017064094543,0.4379280821917808,1785284999.0694432
0,147,0.6739667654037476,0.4379251700680272,1785284999.2484157
0,148,0.5983135104179382,0.4380630630630631,1785284999.4298437
0,149,0.6710591912269592,0.43777964205816555,1785284999.6315086
0,150,0.7307674288749695,0.4379166666666667,1785284999.8186467
0,151,0.7602242231369019,0.43722406181015455,1785285000.0161026
0,152,0.7380257844924927,0.4376370614035088,1785285000.1961415
0,153,0.7761358022689819,0.43763616557734203,1785285000.380423
0,154,0.7345630526542664,0.43777056277056275,1785285000.559847
0,155,0.6506523489952087,0.43709677419354837,1785285000.740737
0,156,0.7008577585220337,0.4362980769230769,1785285000.9218183
0,157,0.7565632462501526,0.43683651804670914,1785285001.112728
0,158,0.5179718136787415,0.4376318565400844,1785285001.2921965
0,159,0.6774641275405884,0.4372379454926625,1785285001.473689
0,160,0.5546671152114868,0.4376302083333333,1785285001.6547494
0,161,0.8341159224510193,0.43737060041407866,1785285001.8434749
0,162,0.7451165318489075,0.43814300411522633,1785285002.02204
0,163,0.7057438492774963,0.4378834355828221,1785285002.213318
0,164,0.5647411942481995,0.4375,1785285002.3930616
0,165,0.7540247440338135,0.43686868686868685,1785285002.5826213
0,166,0.5590053796768188,0.43724899598393574,1785285002.7643642
0,167,0.6153132319450378,0.437624750499002,1785285002.9622397
0,168,0.8252781629562378,0.4381200396825397,1785285003.142244
0,169,0.6604824066162109,0.438732741617357,1785285003.3233275
0,170,0.6894670724868774,0.43909313725490196,1785285003.5033104
0,171,0.9152027368545532,0.43859649122807015,1785285003.68394
0,172,0.6097753643989563,0.43907461240310075,1785285003.8921182
0,173,0.5959978103637695,0.4393063583815029,1785285004.0730004
0,174,0.6181051135063171,0.4395354406130268,1785285004.2522857
0,175,0.8074661493301392,0.43976190476190474,1785285004.4313693
0,176,0.5381931066513062,0.43974905303030304,1785285004.6141796
0,177,0.8024001717567444,0.4404425612052731,1785285004.804637
0,178,0.6473026871681213,0.44066011235955055,1785285004.985007
0,179,0.708552360534668,0.44064245810055863,1785285005.1669686
0,180,0.8025628328323364,0.4408564814814815,1785285005.348348
0,181,0.6739340424537659,0.4414134438305709,1785285005.5290568
0,182,0.7498356103897095,0.44150641025641024,1785285005.7076614
0,183,0.6433073878288269,0.44216757741347906,1785285005.8870432
0,184,0.67990642786026,0.44214221014492755,1785285006.0795531
0,185,0.7172225713729858,0.4423423423423423,1785285006.2800937
0,186,0.6038931608200073,0.4428763440860215,1785285006.461587
0,187,0.6909065842628479,0.4425133689839572,1785285006.6415057
0,188,0.8572408556938171,0.44248670212765956,1785285006.8224747
0,189,0.6034046411514282,0.44246031746031744,1785285007.032322
0,190,0.7381852269172668,0.44298245614035087,1785285007.2134528
0,191,0.7090350389480591,0.44295375218150085,1785285007.3951283
0,192,0.7282184958457947,0.4423828125,1785285007.5775406
0,193,0.6977777481079102,0.4420336787564767,1785285007.7658768
0,194,0.6921310424804688,0.4420103092783505,1785285007.9475145
0,195,0.7769209742546082,0.4427350427350427,1785285008.1448832
0,196,0.6633859276771545,0.4432397959183674,1785285008.3246205
0,197,0.6824442744255066,0.4427876480541455,1785285008.5045846
0,198,0.7821536064147949,0.4428661616161616,1785285008.685369
0,199,0.635310173034668,0.4429438860971524,1785285008.8645391
0,200,0.7327139973640442,0.4432291666666667,1785285009.0438201
0,201,0.675589382648468,0.4429933665008292,1785285009.237211
0,202,0.6613766551017761,0.442759900990099,1785285009.4165814
0,203,0.7989211678504944,0.4431444991789819,1785285009.5960283
0,204,0.7363495230674744,0.44342320261437906,1785285009.7771974
0,205,0.854820728302002,0.44410569105691056,1785285009.9580753
0,206,0.7650178670883179,0.44407362459546923,1785285010.1391377
0,207,0.6435834765434265,0.44394122383252815,1785285010.3201444
0,208,0.6109671592712402,0.4446113782051282,1785285010.502128
0,209,0.5992823243141174,0.44467703349282295,1785285010.6872945
0,210,0.5814673900604248,0.44513888888888886,1785285010.8692315
0,211,0.7811742424964905,0.4453988941548183,1785285011.0499997
0,212,0.7677432298660278,0.4452633647798742,1785285011.2403095
0,213,0.6538716554641724,0.4451291079812207,1785285011.422104
0,214,0.7629675269126892,0.444898753894081,1785285011.6043136
0,215,0.7639374732971191,0.44476744186046513,1785285011.7843816
0,216,0.6649894118309021,0.44502314814814814,1785285011.9634051
0,217,0.72896409034729,0.4451804915514593,1785285012.144974
0,218,0.6379674673080444,0.4451452599388379,1785285012.3248792
0,219,0.6082789301872253,0.4449200913242009,1785285012.5067647
0,220,0.6496647000312805,0.44545454545454544,1785285012.6873295
0,221,0.9766632318496704,0.4453242835595777,1785285012.8762944
0,222,0.6563424468040466,0.4458521021021021,1785285013.0714128
0,223,0.8355407118797302,0.4460014947683109,1785285013.2502933
0,224,0.5907137989997864,0.44624255952380953,1785285013.4288003
0,225,0.5883908271789551,0.44666666666666666,1785285013.611569
0,226,0.7901555895805359,0.44745575221238937,1785285013.81118
0,227,0.6367289423942566,0.4477790014684288,1785285014.0350463
0,228,0.592210054397583,0.44764254385964913,1785285014.2268138
0,229,0.5362715125083923,0.4483260553129549,1785285014.413546
0,230,0.677068293094635,0.44855072463768114,1785285014.5932257
0,231,0.6906638145446777,0.44841269841269843,1785285014.8223958
0,232,0.7222689390182495,0.4480962643678161,1785285015.0042403
0,233,0.4754398465156555,0.44840844062947066,1785285015.194271
0,234,0.6648309230804443,0.44853988603988604,1785285015.3841305
0,235,0.8246679902076721,0.44884751773049647,1785285015.621224
0,236,0.7810118794441223,0.4487994350282486,1785285015.8124082
0,237,0.5748923420906067,0.4490154711673699,1785285016.0235803
0,238,0.6419563293457031,0.4487044817927171,1785285016.252235
0,239,0.5255635976791382,0.44891910739191077,1785285016.4388783
0,240,0.6807916760444641,0.44921875,1785285016.6209211
0,241,0.6890377402305603,0.4488243430152144,1785285016.8138041
0,242,0.6444570422172546,0.4489497245179063,1785285017.0199327
0,243,0.6425908803939819,0.4495884773662551,1785285017.2295215
0,244,0.6940857172012329,0.4496243169398907,1785285017.415887
0,245,0.6840505003929138,0.44974489795918365,1785285017.6225584
0,246,0.74840247631073,0.4502879403794038,1785285017.817342
0,247,0.7599681615829468,0.4501518218623482,1785285018.0053759
0,248,0.814003586769104,0.4503528225806452,1785285018.1952791
0,249,0.6869891881942749,0.45055220883534136,1785285018.3930347
0,250,0.6590847969055176,0.45075,1785285018.5918849
0,251,0.6362359523773193,0.4507802124833997,1785285018.8030763
0,252,0.6411431431770325,0.4505621693121693,1785285018.9912927
0,253,0.6375555396080017,0.45092226613965747,1785285019.1928003
0,254,0.6755833625793457,0.4511154855643045,1785285019.3857238
0,255,0.5825974941253662,0.4511437908496732,1785285019.6023796
0,256,0.5283751487731934,0.451171875,1785285019.7892857
0,257,0.7130253911018372,0.45128080415045396,1785285019.978201
0,258,0.675635814666748,0.45122739018087854,1785285020.1780667
0,259,0.8339744210243225,0.4517374517374517,1785285020.3954349
0,260,0.6775094270706177,0.4513621794871795,1785285020.6007617
0,261,0.6623536944389343,0.45146871008939976,1785285020.787288
0,262,0.5983923673629761,0.4512563613231552,1785285020.9747117
0,263,0.6078824996948242,0.45175855513307983,1785285021.201557
0,264,0.8582544326782227,0.45186237373737376,1785285021.4044747
0,265,0.5625767111778259,0.4522798742138365,1785285021.6117046
0,266,0.5573670268058777,0.45245927318295737,1785285021.8089447
0,267,0.5744908452033997,0.4525593008739076,1785285021.9942503
0,268,0.6586802005767822,0.45281405472636815,1785285022.1958008
0,269,0.7577359676361084,0.45298946716232963,1785285022.395409
0,270,0.765494704246521,0.45262345679012345,1785285022.5849395
0,271,0.5551734566688538,0.45287515375153753,1785285022.7998703
0,272,0.8758299350738525,0.4532015931372549,1785285022.9899304
0,273,0.5868901014328003,0.45337301587301587,1785285023.177554
0,274,0.5592641234397888,0.4537712895377129,1785285023.3659449
0,275,0.7232810258865356,0.45371212121212123,1785285023.588517
0,276,0.7911465167999268,0.4533514492753623,1785285023.7881954
0,277,0.5217435359954834,0.45336943441636585,1785285023.9737494
0,278,0.783395528793335,0.4533872901678657,1785285024.1608846
0,279,0.5897512435913086,0.4541517323775388,1785285024.3797488
0,280,0.734484851360321,0.454389880952381,1785285024.587125
0,281,0.7205129861831665,0.45470047449584816,1785285024.7763696
0,282,0.9159917831420898,0.4545656028368794,1785285024.9628644
0,283,0.6050642728805542,0.4545789163722026,1785285025.1725588
0,284,0.7482309937477112,0.454518779342723,1785285025.353443
0,285,0.6984211802482605,0.4548245614035088,1785285025.534708
0,286,0.7707345485687256,0.4548368298368298,1785285025.714567
0,287,0.6894463896751404,0.45484901277584205,1785285025.9398575
0,288,0.7371727228164673,0.45515046296296297,1785285026.1375325
0,289,0.7134303450584412,0.45537773933102654,1785285026.3384016
0,290,0.5476163029670715,0.4558189655172414,1785285026.519818
0,291,0.6580054759979248,0.45597079037800686,1785285026.7016227
0,292,0.586056649684906,0.4561929223744292,1785285026.8823478
0,293,0.733442485332489,0.45655574516496017,1785285027.0619767
0,294,0.6023892760276794,0.45642006802721086,1785285027.2434108
0,295,0.6671077609062195,0.45663841807909605,1785285027.4537795
0,296,0.6166539788246155,0.45671452702702703,1785285027.6336749
0,297,0.7344890236854553,0.4572811447811448,1785285027.8147554
0,298,0.6427798867225647,0.45721476510067116,1785285027.995181
0,299,0.6606424450874329,0.4574972129319955,1785285028.251224
0,300,0.6392818689346313,0.4571527777777778,1785285028.4301732
0,301,0.5476608276367188,0.45694905869324476,1785285028.6102216
0,302,0.5512946844100952,0.4572295805739514,1785285028.789499
0,303,0.61834317445755,0.4575770077007701,1785285029.0309668
0,304,0.6531269550323486,0.4574424342105263,1785285029.2229195
0,305,0.6565183997154236,0.45737704918032784,1785285029.4073904
0,306,0.7229139804840088,0.45744825708061004,1785285029.588841
0,307,0.5151950120925903,0.4577225841476656,1785285029.8220422
0,308,0.5381203889846802,0.458400974025974,1785285030.0271797
0,309,0.8615343570709229,0.45860302049622437,1785285030.238667
0,310,0.5955066084861755,0.459005376344086,1785285030.4436176
0,311,0.8189513683319092,0.4592711682743837,1785285030.628319
0,312,0.6393294334411621,0.4597355769230769,1785285030.8177505
0,313,0.7359896898269653,0.46013045793397234,1785285031.0104103
0,314,0.8248385190963745,0.46025743099787686,1785285031.193515
0,315,0.7140397429466248,0.46044973544973544,1785285031.4045665
0,316,0.48924148082733154,0.4609704641350211,1785285031.5978978
0,317,0.7610442042350769,0.4608307045215563,1785285031.8066893
0,318,0.5135394930839539,0.46108490566037735,1785285031.9984028
0,319,1.0131856203079224,0.46127220480668757,1785285032.191092
0,320,0.5067786574363708,0.46119791666666665,1785285032.3958223
0,321,0.7079979181289673,0.4612538940809969,1785285032.5829065
0,322,0.530535876750946,0.46156832298136646,1785285032.7665517
0,323,0.5734137296676636,0.46200980392156865,1785285032.9746664
0,324,0.5868282318115234,0.46219135802469136,1785285033.1814256
0,325,0.7472150325775146,0.4624358974358974,1785285033.3875508
0,326,0.586513876914978,0.4628067484662577,1785285033.568204
0,327,0.7477573752403259,0.46272935779816515,1785285033.7791178
0,328,0.5456217527389526,0.46297002032520324,1785285033.9969323
0,329,0.72071772813797,0.46289260385005065,1785285034.1780472
0,330,0.5889787077903748,0.46319444444444446,1785285034.381655
0,331,0.6584962010383606,0.4631797583081571,1785285034.562531
0,332,0.7521365284919739,0.46322791164658633,1785285034.7456088
0,333,0.6239312291145325,0.4634009009009009,1785285034.9355235
0,334,0.5720727443695068,0.46369760479041916,1785285035.1296902
0,335,0.7545108199119568,0.4638681592039801,1785285035.3128293
0,336,0.6098726391792297,0.46403769841269843,1785285035.5033834
0,337,0.5222904682159424,0.4638971315529179,1785285035.6890612
0,338,0.5877327919006348,0.4640039447731755,1785285035.8727179
0,339,0.5276451110839844,0.4642944936086529,1785285036.0846105
0,340,0.6256811022758484,0.46458333333333335,1785285036.2870584
0,341,0.5622382164001465,0.46480938416422285,1785285036.469822
0,342,0.6050374507904053,0.4649122807017544,1785285036.6723974
0,343,0.7124742269515991,0.4652575315840622,1785285036.8574457
0,344,0.6529785394668579,0.4649951550387597,1785285037.0453923
0,345,0.688125729560852,0.4652173913043478,1785285037.2467525
0,346,0.5759297013282776,0.4654383429672447,1785285037.4412394
0,347,0.4981847405433655,0.4657180595581172,1785285037.6226466
0,348,0.6703846454620361,0.46563697318007663,1785285037.8110144
0,349,0.7806408405303955,0.4657951289398281,1785285037.998826
0,350,0.7441655397415161,0.4660714285714286,1785285038.1831813
0,351,0.5726277828216553,0.46634615384615385,1785285038.3889987
0,352,0.6724558472633362,0.46650094696969696,1785285038.5720122
0,353,0.5750194787979126,0.4667728989612842,1785285038.759281
0,354,1.1148967742919922,0.4667490583804143,1785285038.9430354
0,355,0.6443207263946533,0.46678403755868547,1785285039.156773
0,356,0.5742911696434021,0.4672869850187266,1785285039.3410535
0,357,0.6702245473861694,0.46726190476190477,1785285039.5320106
0,358,0.6769071221351624,0.46717877094972066,1785285039.716992
0,359,0.573034405708313,0.46709610027855153,1785285039.928863
0,360,0.6839884519577026,0.4675347222222222,1785285040.1127937
0,361,0.6875689029693604,0.4679132040627885,1785285040.2958095
0,362,0.7101708054542542,0.46800184162062614,1785285040.477618
0,363,0.6560648679733276,0.46831955922865015,1785285040.7100983
0,364,0.705754280090332,0.46863553113553114,1785285040.9092662
0,365,0.7495394945144653,0.46872146118721464,1785285041.0974772
0,366,0.5990971326828003,0.4690915300546448,1785285041.2814462
0,367,0.6901969909667969,0.4692892824704814,1785285041.494797
0,368,0.5840009450912476,0.46976902173913043,1785285041.6912804
0,369,0.6734262704849243,0.4699074074074074,1785285041.8808875
0,370,0.7639520764350891,0.47015765765765766,1785285042.065474
0,371,0.6818134784698486,0.47023809523809523,1785285042.3017497
0,372,0.7537168860435486,0.4704861111111111,1785285042.4971156
0,373,0.5686989426612854,0.47056523681858803,1785285042.6807835
0,374,0.9454927444458008,0.47069964349376114,1785285042.866199
0,375,0.6344630718231201,0.4708333333333333,1785285043.0862372
0,376,0.7552139163017273,0.47085549645390073,1785285043.2732348
0,377,0.8206892013549805,0.47120910698496904,1785285043.457832
0,378,0.6631454229354858,0.4712852733686067,1785285043.6448348
0,379,0.6038658022880554,0.4716358839050132,1785285043.8684933
0,380,0.6469082236289978,0.47176535087719296,1785285044.0529916
0,381,0.669650673866272,0.47183945756780404,1785285044.2391977
0,382,0.6239607334136963,0.4719131762652705,1785285044.4228904
0,383,0.7142766118049622,0.47198651000870323,1785285044.6321392
0,384,0.7322120666503906,0.4715711805555556,1785285044.8186703
0,385,0.7350290417671204,0.47175324675324676,1785285045.010798
0,386,0.9067080020904541,0.47161053540587217,1785285045.207493
0,387,0.617239773273468,0.47146856158484063,1785285045.3927493
0,388,0.5514073967933655,0.47186426116838487,1785285045.5927675
0,389,0.7496992349624634,0.4718294772922022,1785285045.777636
0,390,0.524497926235199,0.4718482905982906,1785285045.9637125
0,391,0.7215184569358826,0.47192028985507245,1785285046.1472442
0,392,0.8096112012863159,0.4721513605442177,1785285046.345484
0,393,0.852260947227478,0.47227523324851567,1785285046.5292203
0,394,0.7490604519844055,0.47245135363790186,1785285046.7124245
0,395,0.6257836222648621,0.47257383966244726,1785285046.897909
0,396,0.7845125794410706,0.47269570707070707,1785285047.0861998
0,397,0.6702330708503723,0.47260705289672544,1785285047.2751782
0,398,0.6792819499969482,0.472571189279732,1785285047.4658012
0,399,0.690060555934906,0.47274436090225563,1785285047.6470475
0,400,0.6502840518951416,0.47296875,1785285047.8311076
0,401,0.7982739806175232,0.4730361596009975,1785285048.0382662
0,402,0.7028764486312866,0.4732068822553897,1785285048.2444513
0,403,0.6523483991622925,0.4732733664185277,1785285048.4276407
0,404,0.570862889289856,0.4733395214521452,1785285048.6080225
0,405,0.5423557758331299,0.4734567901234568,1785285048.7949476
0,406,0.6349743604660034,0.4733169129720854,1785285048.9788506
0,407,0.7181929349899292,0.4731265356265356,1785285049.2115448
0,408,0.7971698045730591,0.47329452614379086,1785285049.4259412
0,409,0.6648705005645752,0.4736145069274654,1785285049.608639
0,410,0.5949190855026245,0.4736788617886179,1785285049.7948427
0,411,0.7665067911148071,0.4738949716139497,1785285049.9798698
0,412,0.5038517713546753,0.4740088996763754,1785285050.1703427
0,413,0.4415571987628937,0.47442493946731235,1785285050.3700864
0,414,0.7717799544334412,0.47473832528180354,1785285050.5688236
0,415,0.6870296001434326,0.4748995983935743,1785285050.7530036
0,416,0.6592790484428406,0.47485977564102566,1785285050.9448464
0,417,0.5803398489952087,0.4750199840127898,1785285051.1377196
0,418,0.6856372952461243,0.47527910685805425,1785285051.322577
0,419,0.5295048356056213,0.47548727128082735,1785285051.532905
0,420,0.5495477318763733,0.4757440476190476,1785285051.7237613
0,421,0.6562021970748901,0.4757521773555028,1785285051.9174287
0,422,0.6104315519332886,0.47620458135860977,1785285052.11452
0,423,0.7892829775810242,0.4763100866824271,1785285052.2998137
0,424,0.5957837700843811,0.47646422955974843,1785285052.5009677
0,425,0.527607798576355,0.4767647058823529,1785285052.7002485
0,426,0.5799503922462463,0.4770148669796557,1785285052.8860016
0,427,0.6528350710868835,0.4768735362997658,1785285053.069914
0,428,0.6251282095909119,0.47726830218068533,1785285053.2606666
0,429,0.620027482509613,0.47746697746697747,1785285053.449464
0,430,0.6768245697021484,0.47795542635658916,1785285053.6312046
0,431,0.719120442867279,0.4779582366589327,1785285053.8336165
0,432,0.5571064949035645,0.47820216049382713,1785285054.0207086
0,433,0.7208709716796875,0.47820438799076215,1785285054.2183974
0,434,0.654181718826294,0.4782546082949309,1785285054.3985515
0,435,0.6328536868095398,0.478544061302682,1785285054.6333897
0,436,0.6068540811538696,0.47873662079510704,1785285054.832483
0,437,0.7452789545059204,0.4791666666666667,1785285055.019362
0,438,0.696116030216217,0.4794996194824962,1785285055.2018719
0,439,0.5165498852729797,0.4797835990888383,1785285055.4101245
0,440,0.7154128551483154,0.4798295454545455,1785285055.6170466
0,441,0.6797612905502319,0.4800642479213908,1785285055.7997937
0,442,0.6564916372299194,0.48015648567119157,1785285056.0031416
0,443,0.7215189337730408,0.48043641835966894,1785285056.191257
0,444,0.5329445004463196,0.4807150900900901,1785285056.3777764
0,445,0.6143190264701843,0.4811797752808989,1785285056.560917
0,446,0.6464458703994751,0.4812686846038864,1785285056.7432098
0,447,0.7778759598731995,0.48149701715137955,1785285056.9529378
0,448,0.6366828680038452,0.48153831845238093,1785285057.1408496
0,449,0.7823424339294434,0.481579435783222,1785285057.324306
0,450,0.7623921036720276,0.48148148148148145,1785285057.5064952
0,451,0.5622433423995972,0.48175351071692535,1785285057.7360818
0,452,0.6402842402458191,0.4819782448377581,1785285057.9307313
0,453,0.6201309561729431,0.481972038263429,1785285058.1151848
0,454,0.49926111102104187,0.482332966226138,1785285058.3120325
0,455,0.7166802287101746,0.4821886446886447,1785285058.4960194
0,456,0.58539217710495,0.4825018274853801,1785285058.6775277
0,457,0.6735596060752869,0.4829959883296864,1785285058.8766446
0,458,0.6857616305351257,0.4829876273653566,1785285059.0690162
0,459,0.537139356136322,0.48320624546114743,1785285059.2511382
0,460,0.5995153188705444,0.48319746376811595,1785285059.4343557
0,461,0.6050440073013306,0.4832339117859725,1785285059.6342258
0,462,0.7106450796127319,0.48336038961038963,1785285059.817693
0,463,0.6150016188621521,0.4833963282937365,1785285060.0259862
0,464,0.5043244361877441,0.48334231321839083,1785285060.2214618
0,465,0.643061637878418,0.48342293906810035,1785285060.403768
0,466,0.7285908460617065,0.4833243919885551,1785285060.5986645
0,467,0.7738627195358276,0.4835385438972163,1785285060.7922285
0,468,0.6654361486434937,0.48366274928774927,1785285060.9800007
0,469,1.0937774181365967,0.48347547974413646,1785285061.1628685
0,470,0.5900242924690247,0.48377659574468085,1785285061.3667166
0,471,0.6008334159851074,0.4841648973814579,1785285061.5499637
0,472,0.6323531270027161,0.4845074152542373,1785285061.7490208
0,473,0.5837218165397644,0.48462825933756165,1785285061.9344788
0,474,0.6018075942993164,0.4849244022503516,1785285062.1319017
0,475,0.4646954834461212,0.48530701754385963,1785285062.3155963
0,476,0.6923750042915344,0.48546918767507,1785285062.5166252
0,477,0.5725812911987305,0.48571802935010483,1785285062.6994042
0,478,0.6766976118087769,0.48544281729428174,1785285062.8913395
0,479,0.47799479961395264,0.4857341684064022,1785285063.0742006
0,480,0.48819226026535034,0.4861111111111111,1785285063.256858
0,481,0.4850941598415375,0.4864864864864865,1785285063.4394827
0,482,0.6808533072471619,0.48655774550484093,1785285063.622365
0,483,0.5438876748085022,0.4867149758454106,1785285063.8769197
0,484,0.7112380862236023,0.48674242424242425,1785285064.0680225
0,485,0.4535248279571533,0.4869845360824742,1785285064.2491558
0,486,0.8698676824569702,0.48726851851851855,1785285064.430635
0,487,0.5532857179641724,0.48738021902806294,1785285064.6841595
0,488,0.6437865495681763,0.4874060792349727,1785285064.8647153
0,489,0.5575716495513916,0.48747443762781184,1785285065.046301
0,490,0.5224418640136719,0.4875,1785285065.2273507
0,491,0.7637320160865784,0.4875254582484725,1785285065.4599726
0,492,0.6029778718948364,0.48750846883468835,1785285065.6453505
0,493,0.6296514272689819,0.48778735632183906,1785285065.8291175
0,494,0.5929948091506958,0.4882759784075574,1785285066.0251992
0,495,0.8531396389007568,0.4882154882154882,1785285066.2279484
0,496,0.5355100035667419,0.4884492607526882,1785285066.412902
0,497,0.626943826675415,0.48826291079812206,1785285066.5963235
0,498,0.551215410232544,0.48820281124497994,1785285066.7828825
0,499,0.7012009620666504,0.48843520374081495,1785285066.9926229
0,500,0.6208065748214722,0.4887916666666667,1785285067.173193
0,501,0.5951389670372009,0.48914670658682635,1785285067.3532093
0,502,0.6058017015457153,0.489292828685259,1785285067.5356586
0,503,0.6614707708358765,0.4895212060967528,1785285067.7363336
0,504,0.595624566078186,0.48979001322751325,1785285067.9155033
0,505,0.7090047597885132,0.4897277227722772,1785285068.1035435
0,506,0.6389237642288208,0.49020092226613965,1785285068.2844307
0,507,0.5771995782852173,0.49038461538461536,1785285068.52512
0,508,0.6755423545837402,0.49056758530183725,1785285068.7126727
0,509,0.8732951879501343,0.4905861165684348,1785285068.8955743
0,510,0.6732719540596008,0.4907679738562091,1785285069.0800676
0,511,0.6093841195106506,0.49107142857142855,1785285069.289861
0,512,0.6658238768577576,0.4913330078125,1785285069.4909058
0,513,0.7721670269966125,0.49159356725146197,1785285069.6726127
0,514,0.6059891581535339,0.4917720492866407,1785285069.856607
0,515,0.7854039669036865,0.4918284789644013,1785285070.0775554
0,516,0.45102253556251526,0.4922076873385013,1785285070.2741978
0,517,0.5681789517402649,0.49238394584139267,1785285070.4582903
0,518,0.7459607720375061,0.49255952380952384,1785285070.6405842
0,519,0.7735820412635803,0.4925738599871548,1785285070.8237934
0,520,0.5232880711555481,0.49274839743589743,1785285071.024421
0,521,0.6380895376205444,0.4930022392834293,1785285071.2092748
0,522,0.5369380116462708,0.49289591315453385,1785285071.4094338
0,523,0.5650208592414856,0.49322817080943276,1785285071.5924692
0,524,0.6912139654159546,0.4932808524173028,1785285071.781088
0,525,0.5475918650627136,0.49357142857142855,1785285071.96286
0,526,0.422995924949646,0.49397972116603295,1785285072.1463447
0,527,0.6001871228218079,0.4941492726122707,1785285072.3746214
0,528,0.7744637727737427,0.4942392676767677,1785285072.5731132
0,529,1.0975161790847778,0.4942895400126024,1785285072.7567449
0,530,0.6842920184135437,0.49445754716981133,1785285072.940346
0,531,0.8376703262329102,0.4944679849340866,1785285073.1791961
0,532,0.5904720425605774,0.49463502506265666,1785285073.3793757
0,533,0.6311963796615601,0.4947623514696685,1785285073.5609171
0,534,0.6501343846321106,0.4947721598002497,1785285073.7442222
0,535,0.41619884967803955,0.49509345794392523,1785285073.924898
0,536,0.710626482963562,0.49533582089552236,1785285074.1079755
0,537,0.5650346279144287,0.49561607697082555,1785285074.2972152
0,538,0.6030651330947876,0.49605018587360594,1785285074.480999
0,539,0.673305869102478,0.4962121212121212,1785285074.7031066
0,540,0.6901149749755859,0.49637345679012346,1785285074.88753
0,541,0.786054253578186,0.49649568699938385,1785285075.0707226
0,542,0.5311692357063293,0.49677121771217714,1785285075.2569866
0,543,0.6934627294540405,0.49696899938612643,1785285075.5268764
0,544,0.5528568625450134,0.4971277573529412,1785285075.709993
0,545,0.6127594709396362,0.49713302752293576,1785285075.891846
0,546,0.6952623724937439,0.4973672161172161,1785285076.075217
0,547,0.6410523653030396,0.4976005484460695,1785285076.2583907
0,548,0.6244556307792664,0.4975288929440389,1785285076.441428
0,549,0.37737351655960083,0.49779902853673347,1785285076.6217713
0,550,0.5737552642822266,0.49803030303030305,1785285076.8055563
0,551,0.5970743298530579,0.4983741681790684,1785285077.0188646
0,552,0.536924421787262,0.4984525966183575,1785285077.200818
0,553,0.7010957598686218,0.4986814345991561,1785285077.3846595
0,554,0.6602581143379211,0.49887184115523464,1785285077.5658598
0,555,0.6335346102714539,0.49891141141141143,1785285077.7950156
0,556,0.5110241174697876,0.4989133693045564,1785285077.9765127
0,557,0.6519330739974976,0.49906493117893475,1785285078.1606977
0,558,0.7823789715766907,0.4993652927120669,1785285078.342182
0,559,0.6325967311859131,0.4994782349433512,1785285078.5655296
0,560,0.7624967694282532,0.49951636904761904,1785285078.748507
0,561,0.6528182625770569,0.4997400475341652,1785285078.9317064
0,562,0.6475154161453247,0.4998517200474496,1785285079.1148648
0,563,0.5659979581832886,0.5001110124333925,1785285079.314806
0,564,0.5767979025840759,0.5001108156028369,1785285079.4979718
0,565,0.6943168640136719,0.5002212389380531,1785285079.679404
0,566,0.463894248008728,0.5004785041224971,1785285079.859919
0,567,0.6449500322341919,0.5003674309229865,1785285080.1154203
0,568,0.5047742128372192,0.5005134976525821,1785285080.2963502
0,569,0.499712198972702,0.5007688927943761,1785285080.4764593
0,570,0.5605725049972534,0.5010233918128655,1785285080.6553917
0,571,0.5952895283699036,0.5013134851138353,1785285080.9160025
0,572,0.8993001580238342,0.5014204545454546,1785285081.1096048
0,573,0.619060218334198,0.5015634089586969,1785285081.288207
0,574,0.6642653346061707,0.5016695702671312,1785285081.4825053
0,575,0.6526488065719604,0.5018115942028986,1785285081.6753771
0,576,0.601008951663971,0.5021701388888888,1785285081.8554015
0,577,0.6976983547210693,0.502310803004044,1785285082.0344937
0,578,0.6540552377700806,0.5023428489042676,1785285082.2150707
0,579,0.7045103907585144,0.5024827288428325,1785285082.4712343
0,580,0.4526994526386261,0.5029094827586207,1785285082.6677458
0,581,0.7537478804588318,0.5031554790590935,1785285082.848862
0,582,0.46015751361846924,0.5034722222222222,1785285083.0282114
0,583,0.6373701691627502,0.5037878787878788,1785285083.2069182
0,584,0.638632595539093,0.5037457191780822,1785285083.387744
0,585,0.7930632829666138,0.5035612535612536,1785285083.568258
0,586,0.6407065987586975,0.5037329351535836,1785285083.750617
0,587,0.6076967120170593,0.5037265758091993,1785285083.965991
0,588,0.562656819820404,0.5038619614512472,1785285084.1452355
0,589,0.582428514957428,0.5040322580645161,1785285084.3262608
0,590,0.5875024199485779,0.5040607344632768,1785285084.511186
0,591,0.8545947670936584,0.5042653694303441,1785285084.7180717
0,592,0.7568385601043701,0.5043637387387387,1785285084.9012067
0,593,0.6415302157402039,0.5044969083754919,1785285085.0819256
0,594,0.8189494609832764,0.5046997755331089,1785285085.2612798
0,595,0.568483293056488,0.5048319327731092,1785285085.4870095
0,596,0.6754641532897949,0.5049986017897091,1785285085.666044
0,597,0.567605197429657,0.5051996091568955,1785285085.8639755
0,598,0.6401483416557312,0.5052257525083612,1785285086.0463765
0,599,0.6422365307807922,0.5053561491374513,1785285086.2349727
0,600,0.6803058981895447,0.5054513888888889,1785285086.4136758
0,601,0.8108819723129272,0.5055116472545758,1785285086.594349
0,602,0.6355941295623779,0.5056063122923588,1785285086.77373
0,603,0.9957960247993469,0.505700663349917,1785285086.986499
0,604,0.887165904045105,0.5057947019867549,1785285087.1660821
0,605,0.6871227622032166,0.5059573002754821,1785285087.3449633
0,606,0.6483315229415894,0.5060849834983498,1785285087.5247517
0,607,0.6655884385108948,0.5062808896210873,1785285087.7702444
0,608,0.7431677579879761,0.5063390899122807,1785285087.9496157
0,609,0.688135027885437,0.5064655172413793,1785285088.1302233
0,610,0.9131297469139099,0.5065232240437159,1785285088.3112395
0,611,0.6875491738319397,0.5065807419530823,1785285088.5296195
0,612,0.5033063292503357,0.5067061546840959,1785285088.7193153
0,613,0.6920009851455688,0.5069671016856987,1785285088.8972967
0,614,0.7194730639457703,0.5072950597176982,1785285089.0794237
0,615,0.37573811411857605,0.5077235772357723,1785285089.2973719
0,616,0.6336188316345215,0.5076433982683982,1785285089.4791682
0,617,0.5331830382347107,0.5076310102647218,1785285089.6597311
0,618,0.6004385948181152,0.5077872168284789,1785285089.8613613
0,619,0.5654525756835938,0.5077746365105008,1785285090.0406778
0,620,0.8604440093040466,0.5078293010752688,1785285090.2216518
0,621,0.6634898781776428,0.5078502415458938,1785285090.415983
0,622,0.637824296951294,0.5077706323687031,1785285090.5970757
0,623,0.6643226146697998,0.5078919208132692,1785285090.7982278
0,624,0.5683832764625549,0.5080128205128205,1785285090.979019
0,625,0.6581306457519531,0.5081333333333333,1785285091.1581936
0,626,0.6672811508178711,0.5082201810436635,1785285091.3365195
0,627,0.6699484586715698,0.5082070707070707,1785285091.565981
0,628,0.6793746948242188,0.5082271762208068,1785285091.7477636
0,629,0.6976437568664551,0.5084459459459459,1785285091.92902
0,630,0.5921119451522827,0.5084986772486773,1785285092.1089346
0,631,0.45987847447395325,0.508716323296355,1785285092.3392928
0,632,0.7134722471237183,0.5089662447257384,1785285092.5355952
0,633,0.5933046936988831,0.5088862559241706,1785285092.7160642
0,634,0.6623460054397583,0.5092008412197687,1785285092.8975613
0,635,0.5832290649414062,0.5093503937007874,1785285093.12716
0,636,0.6881567239761353,0.5095649895178197,1785285093.3180652
0,637,0.7923622131347656,0.5096480900052328,1785285093.4993815
0,638,0.5810685157775879,0.509926854754441,1785285093.6806188
0,639,0.6943159103393555,0.5099439227960355,1785285093.8990195
0,640,0.690514087677002,0.5100911458333334,1785285094.0799959
0,641,0.7553983926773071,0.5102379095163807,1785285094.2781575
0,642,0.9454960227012634,0.5102544132917964,1785285094.4729226
0,643,0.6299331188201904,0.510400466562986,1785285094.6518967
0,644,1.1116451025009155,0.5105784161490683,1785285094.8329172
0,645,0.6371102929115295,0.5105620155038759,1785285095.0121398
0,646,0.5198904871940613,0.5104811661506707,1785285095.1932077
0,647,0.5615187287330627,0.5104971664090675,1785285095.4131887
0,648,0.4808448255062103,0.5107703189300411,1785285095.5914361
0,649,0.5987182259559631,0.5107537236774525,1785285095.7720137
0,650,0.6701909303665161,0.5108653846153847,1785285095.9536977
0,651,0.7131638526916504,0.5111047107014849,1785285096.163982
0,652,0.6602649688720703,0.5112793967280164,1785285096.3572712
0,653,1.0187366008758545,0.5114535477284329,1785285096.5618458
0,654,0.5698454976081848,0.5114041794087666,1785285096.7452707
0,655,0.5805913209915161,0.5116412213740458,1785285096.94872
0,656,0.6273365616798401,0.5115599593495935,1785285097.129772
0,657,0.6775227189064026,0.5116692034500254,1785285097.3108902
0,658,0.6345826983451843,0.5116831306990881,1785285097.4905646
0,659,0.6950845718383789,0.5118550834597876,1785285097.7003963
0,660,0.5360829830169678,0.5120896464646465,1785285097.890897
0,661,0.5849350690841675,0.5122289460413515,1785285098.0744123
0,662,0.6681575775146484,0.512179003021148,1785285098.2684052
0,663,0.558423638343811,0.5125377073906485,1785285098.4762592
0,664,0.7159172892570496,0.5125815763052208,1785285098.6648707
0,665,0.7590296268463135,0.5128759398496241,1785285098.8503313
0,666,0.6148211359977722,0.5131694194194194,1785285099.0331185
0,667,0.67171710729599,0.5133995502248876,1785285099.294313
0,668,0.7583666443824768,0.513691367265469,1785285099.4773817
0,669,0.7106497883796692,0.5138577478824116,1785285099.6566577
0,670,0.6673401594161987,0.5138681592039801,1785285099.8383172
0,671,0.6372663974761963,0.5139095876800794,1785285100.0674133
0,672,0.4944763779640198,0.5141369047619048,1785285100.2470036
0,673,0.5340093970298767,0.5142706785537394,1785285100.4266617
0,674,0.6910336017608643,0.5144658753709199,1785285100.6069803
0,675,0.6526427865028381,0.5146913580246913,1785285100.8120391
0,676,0.8057758808135986,0.5146388067061144,1785285100.9907289
0,677,0.7644500136375427,0.5149864598719842,1785285101.1700945
0,678,0.539263904094696,0.5151487217305801,1785285101.3491366
0,679,0.5684877634048462,0.5152184585174275,1785285101.5462656
0,680,0.5643761157989502,0.5150735294117647,1785285101.727036
0,681,0.9386793375015259,0.5152043563387175,1785285101.9063268
0,682,0.7212274074554443,0.5151209677419355,1785285102.0872915
0,683,0.682264506816864,0.515190336749634,1785285102.3186727
0,684,0.6010382175445557,0.5152899610136452,1785285102.5076053
0,685,0.6822461485862732,0.5154805352798053,1785285102.6979754
0,686,0.6793163418769836,0.5157616618075802,1785285102.8844116
0,687,0.5215911865234375,0.5160419699175157,1785285103.1209435
0,688,0.6934217810630798,0.5163517441860465,1785285103.3042233
0,689,0.7950412034988403,0.5164489598451862,1785285103.4862967
0,690,0.896233081817627,0.5166666666666667,1785285103.6801422
0,691,0.6789283156394958,0.516732995658466,1785285103.8844376
0,692,0.7304891347885132,0.5169496628131022,1785285104.0681026
0,693,0.7123534679412842,0.5171657046657047,1785285104.2472653
0,694,0.9371669888496399,0.5173811239193083,1785285104.4413471
0,695,0.6391258239746094,0.5173860911270983,1785285104.6201649
0,696,0.5958991050720215,0.5176305076628352,1785285104.79888
0,697,0.41406822204589844,0.5178144428503109,1785285104.9776437
0,698,0.7036560773849487,0.5180276981852913,1785285105.1571531
0,699,0.7030947804450989,0.5181807343824512,1785285105.3582747
0,700,0.5964833498001099,0.5183333333333333,1785285105.5371854
0,701,0.8371669054031372,0.5183963385639563,1785285105.7164252
0,702,0.5712207555770874,0.5184591642924976,1785285105.9018502
0,703,0.5132079720497131,0.5184921763869133,1785285106.1131737
0,704,0.682745099067688,0.5184659090909091,1785285106.2943468
0,705,0.4994925856590271,0.5185874704491725,1785285106.478594
0,706,0.5463793873786926,0.5186496694995278,1785285106.677096
0,707,0.7959058284759521,0.5188590287600189,1785285106.8847392
0,708,0.6511561870574951,0.5188618173258004,1785285107.0660872
0,709,0.620879054069519,0.5188645980253879,1785285107.246935
0,710,0.6456181406974792,0.5190140845070422,1785285107.4325273
0,711,0.4842066466808319,0.5193389592123769,1785285107.669599
0,712,0.556765079498291,0.5195458801498127,1785285107.867193
0,713,0.6237689256668091,0.5196061243571762,1785285108.0461671
0,714,0.6064549684524536,0.5198412698412699,1785285108.2259562
0,715,0.7685633301734924,0.5199009324009324,1785285108.426673
0,716,0.49472013115882874,0.5200768156424581,1785285108.6076798
0,717,0.5677770376205444,0.5200197582519758,1785285108.7961993
0,718,0.565804123878479,0.5201949860724234,1785285108.9765203
0,719,0.6537289619445801,0.5202538247566064,1785285109.2271514
0,720,0.6925029754638672,0.5202835648148149,1785285109.4143543
0,721,0.5139415860176086,0.5203132223763292,1785285109.6038773
0,722,0.5273863077163696,0.5204870729455217,1785285109.7880127
0,723,0.6964852809906006,0.5206604426002767,1785285109.9947262
0,724,0.5431363582611084,0.5206894567219152,1785285110.185171
0,725,0.539742112159729,0.5209482758620689,1785285110.3672025
0,726,0.628868579864502,0.52114898989899,1785285110.5489392
0,727,0.5406615734100342,0.5213204951856947,1785285110.754803
0,728,0.7708137631416321,0.5214342948717948,1785285110.936214
0,729,0.6428596377372742,0.5214048925468678,1785285111.1301703
0,730,0.8593349456787109,0.5214611872146119,1785285111.3105702
0,731,0.772420346736908,0.5216313269493844,1785285111.5207355
0,732,0.7021747827529907,0.5216586976320583,1785285111.7058246
0,733,0.6336449980735779,0.5216859936334698,1785285111.8853204
0,734,0.6230173110961914,0.521855131698456,1785285112.0673735
0,735,0.5775411128997803,0.5219671201814059,1785285112.2837155
0,736,0.6065152287483215,0.5221071105072463,1785285112.471785
0,737,0.5460130572319031,0.5223315241971959,1785285112.6526856
0,738,0.5882568955421448,0.5221883468834688,1785285112.834709
0,739,0.7289361953735352,0.5224120433017592,1785285113.0866334
0,740,0.5840398669242859,0.5225225225225225,1785285113.2676485
0,741,0.5323432683944702,0.5227451641925326,1785285113.4470549
0,742,0.6671198606491089,0.5228829739442947,1785285113.6306355
0,743,0.5811177492141724,0.5229923732615522,1785285113.8506298
0,744,0.6659145355224609,0.5232134856630825,1785285114.0321872
0,745,0.5621160864830017,0.5233780760626399,1785285114.2169309
0,746,0.47880205512046814,0.5236818588025023,1785285114.396597
0,747,0.5531668663024902,0.5237059348505132,1785285114.6272428
0,748,0.6025212407112122,0.5238413547237076,1785285114.8188708
0,749,0.6702121496200562,0.5238929684023143,1785285115.0001166
0,750,0.6680890321731567,0.5239722222222222,1785285115.2048914
0,751,0.6738920211791992,0.5240512649800266,1785285115.390562
0,752,0.5479017496109009,0.524185505319149,1785285115.5947058
0,753,0.6515259742736816,0.5243470562195662,1785285115.7800088
0,754,0.7955732345581055,0.5246463306808135,1785285115.965265
0,755,0.6674039363861084,0.5247240618101545,1785285116.1470807
0,756,0.6073610782623291,0.5248291446208113,1785285116.3300834
0,757,0.6932017803192139,0.5249889916336415,1785285116.5188203
0,758,0.6210551261901855,0.5251209322779243,1785285116.7021422
0,759,0.525831937789917,0.5251152832674572,1785285116.9115422
0,760,0.6543428897857666,0.5252741228070176,1785285117.0934236
0,761,0.4878249168395996,0.5254872974156811,1785285117.2901847
0,762,0.5414845943450928,0.5256452318460193,1785285117.4715672
0,763,0.7822431325912476,0.5256662297946701,1785285117.7381706
0,764,0.4479649066925049,0.5257962478184991,1785285117.9556923
0,765,0.46996739506721497,0.525871459694989,1785285118.1469243
0,766,0.5652521848678589,0.5259736727589208,1785285118.3342745
0,767,0.5017989873886108,0.5262114298131247,1785285118.5809906
0,768,0.5730231404304504,0.5263943142361112,1785285118.77423
0,769,0.7640460133552551,0.5264683571738188,1785285118.9605358
0,770,0.5590758323669434,0.5265422077922078,1785285119.143855
0,771,0.8555624485015869,0.5265348032857761,1785285119.3948057
0,772,0.6140807867050171,0.5266083765112263,1785285119.5850577
0,773,0.5974445939064026,0.5267087106511428,1785285119.7691548
0,774,0.5372185707092285,0.5268895348837209,1785285119.9516258
0,775,0.7088813185691833,0.5268817204301075,1785285120.1949718
0,776,0.6187847852706909,0.5269007731958762,1785285120.384318
0,777,0.5856651067733765,0.5268929643929644,1785285120.563516
0,778,0.6390725374221802,0.5269387317909169,1785285120.745162
0,779,0.6149433255195618,0.5270913564398801,1785285120.9778426
0,780,0.667805552482605,0.5272970085470086,1785285121.1685562
0,781,0.5893621444702148,0.527422108408024,1785285121.347276
0,782,0.763724148273468,0.5274936061381074,1785285121.5395975
0,783,0.6158480644226074,0.5276713495104299,1785285121.7268872
0,784,0.6287527084350586,0.5276892006802721,1785285121.9076765
0,785,0.580450713634491,0.5277335456475584,1785285122.0887148
0,786,0.9480375051498413,0.5278837998303647,1785285122.269629
0,787,0.43699726462364197,0.5280601440067768,1785285122.5043988
0,788,0.7355451583862305,0.528050972927242,1785285122.6908724
0,789,0.6813007593154907,0.5281738487536967,1785285122.8700204
0,790,0.5884329080581665,0.5281381856540084,1785285123.0667188
0,791,0.48607444763183594,0.5283396544458492,1785285123.246103
0,792,0.713921070098877,0.5284880050505051,1785285123.4252272
0,793,0.6434192657470703,0.528583438419504,1785285123.6049213
0,794,0.5976153612136841,0.5286786314021831,1785285123.7847047
0,795,0.6586218476295471,0.5287735849056604,1785285123.9965305
0,796,0.5895646810531616,0.5288944723618091,1785285124.1916978
0,797,0.6201233863830566,0.5289889167712254,1785285124.373215
0,798,0.7006954550743103,0.529109231411863,1785285124.5655153
0,799,0.7863541841506958,0.5293074676679183,1785285124.7449157
0,800,0.7237071990966797,0.529453125,1785285124.9232948
0,801,0.628575325012207,0.5295724094881398,1785285125.1035013
0,802,0.7447510361671448,0.5298472568578554,1785285125.2857513
0,803,0.6139084100723267,0.5300435865504358,1785285125.4839864
0,804,0.6696290969848633,0.5300321310116086,1785285125.6637154
0,805,0.5379233360290527,0.5300724637681159,1785285125.8456645
0,806,0.6440350413322449,0.5302160876757651,1785285126.0279953
0,807,0.7060333490371704,0.5302044609665427,1785285126.2339182
0,808,0.738440752029419,0.5301670792079208,1785285126.4149857
0,809,0.7766716480255127,0.530207045735476,1785285126.5945265
0,810,0.648244321346283,0.5303240740740741,1785285126.7736025
0,811,0.8026692271232605,0.5304151253596383,1785285126.9811077
0,812,0.6096129417419434,0.5304033251231527,1785285127.1622167
0,813,0.570717453956604,0.5304684296842969,1785285127.3440878
0,814,0.6199855208396912,0.5306101556101556,1785285127.5235186
0,815,0.6181480884552002,0.5308282208588957,1785285127.7401319
0,816,0.7044579982757568,0.5306627859477124,1785285127.9412224
0,817,0.5634396076202393,0.5307017543859649,1785285128.1213312
0,818,0.6949024200439453,0.5308934392828036,1785285128.3016446
0,819,0.6567272543907166,0.5310592185592186,1785285128.5111136
0,820,0.7796356678009033,0.53119918699187,1785285128.709403
0,821,0.5942416191101074,0.5312880633373934,1785285128.8891861
0,822,0.47849953174591064,0.5315541362530414,1785285129.0701318
0,823,0.5956944227218628,0.531591737545565,1785285129.2966
0,824,0.7955677509307861,0.5316798139158576,1785285129.4769425
0,825,0.5234327912330627,0.5318181818181819,1785285129.657358
0,826,0.6384820938110352,0.5319309927360775,1785285129.8399959
0,827,0.5771322846412659,0.5320687222893994,1785285130.05166
0,828,0.7083041071891785,0.5322312801932367,1785285130.2417886
0,829,0.625942051410675,0.5323431845597105,1785285130.4212453
0,830,0.6117785573005676,0.5325301204819277,1785285130.6022582
0,831,0.5421901941299438,0.5326664661050943,1785285130.8388562
0,832,0.6935586929321289,0.5326772836538461,1785285131.0305557
0,833,0.5634116530418396,0.5328131252501,1785285131.2189634
0,834,0.6450386643409729,0.5329736211031175,1785285131.4210525
0,835,0.45835551619529724,0.5330339321357286,1785285131.6565173
0,836,0.6727173328399658,0.5330940988835726,1785285131.8382356
0,837,0.676261842250824,0.5332039028275587,1785285132.0175004
0,838,0.6060125231742859,0.533263723150358,1785285132.1985075
0,839,0.6739838123321533,0.5332737385776718,1785285132.4233928
0,840,0.6042489409446716,0.5333829365079366,1785285132.6111977
0,841,0.7533569931983948,0.5334671026555687,1785285132.8033829
0,842,0.7527226805686951,0.5335510688836105,1785285132.992707
0,843,0.48223093152046204,0.5337584025306445,1785285133.2305
0,844,0.6894900798797607,0.5340146129541864,1785285133.4195242
0,845,0.6046995520591736,0.534146942800789,1785285133.6076984
0,846,0.4667043387889862,0.5342789598108747,1785285133.7948534
0,847,0.49050572514533997,0.5343122786304605,1785285134.0134938
0,848,0.4219174087047577,0.5344437893081762,1785285134.2013814
0,849,0.5511331558227539,0.5346240675304279,1785285134.3872204
0,850,0.5587610602378845,0.5348529411764706,1785285134.5674899
0,851,0.5575584173202515,0.535081276929103,1785285134.7762778
0,852,0.6356809735298157,0.5352846244131455,1785285134.9579706
0,853,0.6163650155067444,0.5354874951152794,1785285135.1607523
0,854,0.5929609537124634,0.5355679156908665,1785285135.3485413
0,855,0.6585205793380737,0.5355750487329435,1785285135.5620952
0,856,0.5739544630050659,0.5355821651090342,1785285135.7491653
0,857,0.8284016847610474,0.5356135744846363,1785285135.935865
0,858,0.5544507503509521,0.5355963480963482,1785285136.1257603
0,859,0.6486297845840454,0.5356761738455569,1785285136.3810697
0,860,0.5935574769973755,0.5357558139534884,1785285136.5678754
0,861,0.6258335709571838,0.5359078590785907,1785285136.7547662
0,862,0.5055360794067383,0.5359387084300077,1785285136.9432983
0,863,0.5672969222068787,0.5360660486674391,1785285137.159169
0,864,0.8210528492927551,0.5361689814814815,1785285137.3646305
0,865,0.8727156519889832,0.536247591522158,1785285137.553485
0,866,0.5138483047485352,0.5364463048498845,1785285137.758458
0,867,0.6314403414726257,0.5364282968089197,1785285137.9625268
0,868,0.8320568799972534,0.536434331797235,1785285138.1624198
0,869,0.6247462034225464,0.5366561181434599,1785285138.351871
0,870,0.799849808216095,0.5369013409961686,1785285138.539099
0,871,0.6967854499816895,0.5370503252965939,1785285138.7254417
0,872,0.6379221677780151,0.5371272935779816,1785285138.9129157
0,873,0.4740866720676422,0.537180221458572,1785285139.1012607
0,874,0.6929014325141907,0.5372330282227308,1785285139.3032503
0,875,0.567520022392273,0.5373809523809524,1785285139.4903278
0,876,0.7336366176605225,0.5373620624048706,1785285139.677072
0,877,0.6066374778747559,0.5374619916381604,1785285139.870813
0,878,0.6357155442237854,0.5375379650721336,1785285140.059318
0,879,0.5474979281425476,0.5376137656427759,1785285140.2497563
0,880,0.5707474946975708,0.5376657196969697,1785285140.4550545
0,881,0.638850212097168,0.5377175558077941,1785285140.652989
0,882,0.7309392094612122,0.5377220332577476,1785285140.8361516
0,883,0.5497578978538513,0.537844469611174,1785285141.0181208
0,884,0.525337278842926,0.5379901960784313,1785285141.1972814
0,885,0.5841100811958313,0.538135593220339,1785285141.379552
0,886,0.486806720495224,0.5384452595936795,1785285141.5596752
0,887,0.5801129341125488,0.5385898158586997,1785285141.7413278
0,888,0.5380995869636536,0.5387575075075075,1785285141.9233108
0,889,0.6701467037200928,0.5387842144731908,1785285142.104634
0,890,0.6881022453308105,0.5388576779026217,1785285142.2839758
0,891,0.5783283710479736,0.5388842124953236,1785285142.4967399
0,892,0.7976178526878357,0.5388873318385651,1785285142.6846037
0,893,0.6485671401023865,0.5388437849944009,1785285142.866014
0,894,0.5853332877159119,0.5389867636092468,1785285143.045585
0,895,0.7838643193244934,0.539036312849162,1785285143.2676897
0,896,0.9427907466888428,0.5391090029761905,1785285143.4586568
0,897,0.7041188478469849,0.5392047565960609,1785285143.6462343
0,898,0.582107663154602,0.5392770972531552,1785285143.843549
0,899,0.52874755859375,0.5393724508713386,1785285144.056491
0,900,0.6305499076843262,0.5393518518518519,1785285144.2378387
0,901,0.6022115349769592,0.5394469108398077,1785285144.4257698
0,902,0.47693580389022827,0.5394955654101996,1785285144.616541
0,903,0.4636229872703552,0.5395441122185308,1785285144.7964733
0,904,0.5077472925186157,0.539753871681416,1785285144.9765415
0,905,0.7305283546447754,0.5397559852670349,1785285145.1642096
0,906,0.8789656758308411,0.5398730684326711,1785285145.3443222
0,907,0.6018804311752319,0.539875045938993,1785285145.601291
0,908,0.5537327527999878,0.5400605726872246,1785285145.780994
0,909,0.4759320318698883,0.5401081774844151,1785285145.9618556
0,910,0.548578143119812,0.5402930402930403,1785285146.1425893
0,911,0.599205493927002,0.5402945481156238,1785285146.3292894
0,912,0.5347011685371399,0.5403188961988304,1785285146.5262027
0,913,0.8018326163291931,0.5403888280394304,1785285146.707141
0,914,0.697935163974762,0.5403674325309993,1785285146.9125383
0,915,0.9634367227554321,0.540459927140255,1785285147.2661595
0,916,0.8048842549324036,0.5404839883551674,1785285147.4473922
0,917,0.5718844532966614,0.5405534351145038,1785285147.6255584
0,918,0.4626702666282654,0.5406681190994916,1785285147.811962
0,919,0.6416850090026855,0.54075988393181,1785285147.9915977
0,920,0.5244448184967041,0.540919384057971,1785285148.1707115
0,921,1.1218113899230957,0.5410785378212088,1785285148.350668
0,922,0.549708366394043,0.5412373463485177,1785285148.5392435
0,923,0.43592119216918945,0.5414635247381726,1785285148.717639
0,924,0.7067638039588928,0.5415764790764791,1785285148.9076815
0,925,0.5257436037063599,0.5415315315315316,1785285149.0867465
0,926,0.5478472709655762,0.5416666666666666,1785285149.288992
0,927,0.7106015086174011,0.5416441927364257,1785285149.47026
0,928,0.6293293833732605,0.541711566091954,1785285149.6612594
0,929,0.45499759912490845,0.5418012199497668,1785285149.8406236
0,930,0.4938516318798065,0.5416666666666666,1785285150.0372348
0,931,0.6044407486915588,0.5417337987826709,1785285150.217679
0,932,0.5490311980247498,0.541890200286123,1785285150.4072952
0,933,0.9624509215354919,0.5421132547338335,1785285150.5878878
0,934,0.7298710346221924,0.5421573875802997,1785285150.7695158
0,935,0.6130338311195374,0.5421791443850268,1785285150.948943
0,936,0.8142591118812561,0.5422453703703703,1785285151.1278918
0,937,1.1998134851455688,0.5423336890786197,1785285151.3087802
0,938,0.9564427137374878,0.5424884506041222,1785285151.4933667
0,939,0.5787984728813171,0.5425985090521832,1785285151.6723354
0,940,0.5547996759414673,0.542686170212766,1785285151.8531642
0,941,0.6226088404655457,0.5427736450584485,1785285152.039044
0,942,0.5918328762054443,0.5427724699221514,1785285152.2198887
0,943,0.42360353469848633,0.542903852951573,1785285152.4189315
0,944,0.7821688652038574,0.5429908192090396,1785285152.5977178
0,945,0.6641904711723328,0.5430335097001764,1785285152.7902622
0,946,0.9692602157592773,0.5430761099365751,1785285152.971966
0,947,0.4800788164138794,0.5431626187961985,1785285153.1518805
0,948,0.5574759840965271,0.5432709212376934,1785285153.346246
0,949,0.8670109510421753,0.5434229012996137,1785285153.5255363
0,950,0.667786717414856,0.5433991228070175,1785285153.704923
0,951,0.5782365202903748,0.5434849281458114,1785285153.9513297
0,952,0.7352138757705688,0.5435924369747899,1785285154.1491385
0,953,0.6014446020126343,0.543721580972368,1785285154.3282385
0,954,0.6227574944496155,0.5438722921034241,1785285154.5085747
0,955,0.6422892808914185,0.543913612565445,1785285154.715476
0,956,0.5256218314170837,0.5439984309623431,1785285154.894539
0,957,0.4629213213920593,0.544170149773598,1785285155.0762048
0,958,0.6018806099891663,0.544276270006959,1785285155.272212
0,959,0.5955187678337097,0.5442083767813695,1785285155.479541
0,960,0.5614109635353088,0.5443576388888889,1785285155.6582196
0,961,0.5643593072891235,0.5443548387096774,1785285155.8374283
0,962,0.6483666300773621,0.5445252945252945,1785285156.0164812
0,963,0.6509345769882202,0.5446304949809623,1785285156.237556
0,964,0.6678828001022339,0.5447138658367912,1785285156.4183629
0,965,0.5206986665725708,0.5448402417962004,1785285156.5989246
0,966,0.5854092240333557,0.5449232229123534,1785285156.7798402
0,967,0.7028675079345703,0.5449844881075491,1785285157.0033274
0,968,0.48644131422042847,0.5450025826446281,1785285157.1830623
0,969,0.6187683343887329,0.545171138630891,1785285157.3627932
0,970,0.713581383228302,0.5453178694158075,1785285157.5424473
0,971,0.7419090867042542,0.5455286646069344,1785285157.7646754
0,972,0.6271081566810608,0.5455246913580247,1785285157.9452155
0,973,0.9777687788009644,0.545606372045221,1785285158.1243653
0,974,0.7813709378242493,0.545687885010267,1785285158.303267
0,975,0.5581956505775452,0.5457692307692308,1785285158.5629203
0,976,0.5167689323425293,0.5458077185792349,1785285158.7544422
0,977,0.7886072397232056,0.5458248038212214,1785285158.9353871
0,978,0.7159055471420288,0.5459270620313565,1785285159.1300828
0,979,0.6150076985359192,0.545922710248553,1785285159.3435264
0,980,0.7032558917999268,0.5460671768707483,1785285159.525118
0,981,0.678212583065033,0.5461476384641523,1785285159.7062643
0,982,0.44424381852149963,0.5461855057705364,1785285159.8856053
0,983,0.5685173273086548,0.5462232960325534,1785285160.1264355
0,984,0.6174079179763794,0.5461128048780488,1785285160.3076982
0,985,0.5269525051116943,0.5462140439932318,1785285160.4865847
0,986,0.550442636013031,0.5462728194726166,1785285160.6660733
0,987,0.6971938610076904,0.5464581222559945,1785285160.9160967
0,988,1.0090224742889404,0.5466430499325237,1785285161.0972867
0,989,0.6864160299301147,0.5467854735422987,1785285161.2839653
0,990,0.6566104888916016,0.546969696969697,1785285161.4709246
0,991,0.6499233245849609,0.5468802556340396,1785285161.6854093
0,992,0.538556694984436,0.546917002688172,1785285161.8719728
0,993,0.6124007105827332,0.5469326955354146,1785285162.0573287
0,994,0.5044212341308594,0.5470741113346748,1785285162.2407403
0,995,0.8913902044296265,0.5472780569514237,1785285162.4871914
0,996,0.5373633503913879,0.5472933400267738,1785285162.6679707
0,997,0.5506885051727295,0.5473712805081913,1785285162.8503904
0,998,0.6137763261795044,0.5474699398797596,1785285163.0328026
0,999,0.5427690744400024,0.5475058391725058,1785285163.234048
0,1000,0.6279668211936951,0.5475625,1785285163.4130464
0,1001,0.9273485541343689,0.5477022977022977,1785285163.5940835
0,1002,0.7137163877487183,0.5478418163672655,1785285163.7736642
0,1003,0.5567604303359985,0.5478772017281489,1785285163.977322
0,1004,0.45552605390548706,0.5479540172642763,1785285164.1714463
0,1005,0.6160194873809814,0.548134328358209,1785285164.3592582
0,1006,0.7334437370300293,0.54808648111332,1785285164.5421283
0,1007,0.4271445572376251,0.5480180403839788,1785285164.759388
0,1008,0.5241847634315491,0.5480324074074074,1785285164.9793415
0,1009,0.5749564170837402,0.5482325735051206,1785285165.1579154
0,1010,0.5493637323379517,0.5483910891089109,1785285165.3387866
0,1011,0.5995909571647644,0.5484668644906033,1785285165.5182145
0,1012,0.65348219871521,0.5486042490118577,1785285165.6999717
0,1013,0.6668297052383423,0.5486590983876275,1785285165.8858867
0,1014,0.4653567671775818,0.5486522024983563,1785285166.0712154
0,1015,0.5083614587783813,0.5487274220032841,1785285166.2505844
0,1016,0.7514655590057373,0.5487204724409449,1785285166.4311333
0,1017,0.6007425785064697,0.5487545067191085,1785285166.6121013
0,1018,0.6230521202087402,0.5487475442043221,1785285166.8107266
0,1019,0.7107648253440857,0.5486588158325155,1785285166.9914508
0,1020,0.44156011939048767,0.5487540849673203,1785285167.1713219
0,1021,0.7047469019889832,0.5487675481554032,1785285167.3676574
0,1022,0.6625183820724487,0.5488013698630136,1785285167.5589418
0,1023,0.7053296566009521,0.5489369501466276,1785285167.7635791
0,1024,0.5334771871566772,0.549072265625,1785285167.9441779
0,1025,0.6013607978820801,0.5490650406504065,1785285168.1253328
0,1026,0.702846884727478,0.5491796621182586,1785285168.3040824
0,1027,0.5793499946594238,0.5492534891269069,1785285168.5315611
0,1028,0.4574238657951355,0.549306906614786,1785285168.712336
0,1029,0.42596742510795593,0.5494614512471655,1785285168.8931253
0,1030,0.6154764890670776,0.5495550161812298,1785285169.0740101
0,1031,0.5080592036247253,0.5495675719366311,1785285169.2739866
0,1032,0.5877814888954163,0.5497214147286822,1785285169.47097
0,1033,0.7912949919700623,0.5497539528880284,1785285169.649627
0,1034,0.46973976492881775,0.5498468729851709,1785285169.8358655
0,1035,0.7516292333602905,0.5499396135265701,1785285170.0166337
0,1036,0.5355287790298462,0.5500120656370656,1785285170.1966453
0,1037,0.5465117692947388,0.5500843780135005,1785285170.3794773
0,1038,0.5221065282821655,0.5501364804110469,1785285170.560256
0,1039,0.5918658971786499,0.550188482515239,1785285170.77271
0,1040,0.5750356316566467,0.5501802884615384,1785285170.9620285
0,1041,0.600178062915802,0.5502721741914826,1785285171.142837
0,1042,0.5517187714576721,0.5504038707613563,1785285171.322015
0,1043,0.5786022543907166,0.5504753914988815,1785285171.5472455
0,1044,0.6303628087043762,0.5505068646232439,1785285171.733946
0,1045,0.5305304527282715,0.5505582137161085,1785285171.9127724
0,1046,0.48049330711364746,0.5506492989165074,1785285172.0921955
0,1047,0.6139397621154785,0.550660617637695,1785285172.2971985
0,1048,0.5321871042251587,0.5507315521628499,1785285172.4969952
0,1049,0.564044713973999,0.5507626310772163,1785285172.6754658
0,1050,0.5066136717796326,0.5508531746031746,1785285172.876726
0,1051,0.6925855875015259,0.5509237234379956,1785285173.0552266
0,1052,0.638804018497467,0.5509941381495564,1785285173.2341676
0,1053,0.5639187693595886,0.5511039886039886,1785285173.427348
0,1054,0.663327693939209,0.5511148007590133,1785285173.6080291
0,1055,0.5699278116226196,0.5511058451816746,1785285173.8128731
0,1056,0.7687168121337891,0.5511758207070707,1785285173.9951913
0,1057,0.4792160987854004,0.5512850835698517,1785285174.176088
0,1058,0.538942277431488,0.5514138311279143,1785285174.3573554
0,1059,0.7261489629745483,0.5514439723009128,1785285174.5632308
0,1060,0.5418928265571594,0.5514740566037736,1785285174.7444408
0,1061,0.5686472654342651,0.5514844486333648,1785285174.9232578
0,1062,0.6872763633728027,0.5515536723163842,1785285175.1039376
0,1063,0.5248023867607117,0.5516619629978049,1785285175.3322515
0,1064,0.7659661769866943,0.5516525689223057,1785285175.512613
0,1065,0.5985881090164185,0.5517996870109546,1785285175.702094
0,1066,0.4884506165981293,0.5519465290806754,1785285175.8833737
0,1067,0.5042555928230286,0.5520930959075289,1785285176.086524
0,1068,0.5416399836540222,0.5522784019975031,1785285176.276182
0,1069,0.8586695790290833,0.5523269410664172,1785285176.457008
0,1070,0.45246756076812744,0.5523753894080997,1785285176.635973
0,1071,0.5170699954032898,0.5525599128540305,1785285176.8477592
0,1072,0.564811110496521,0.5525886194029851,1785285177.0425525
0,1073,0.4057959318161011,0.5526366884125505,1785285177.2212603
0,1074,0.648185670375824,0.5527040657976412,1785285177.4020452
0,1075,0.5433354377746582,0.5527519379844962,1785285177.625508
0,1076,0.9151632785797119,0.552819083023544,1785285177.8045595
0,1077,0.5713770389556885,0.5529828226555246,1785285177.9832394
0,1078,0.5919172167778015,0.5531076066790352,1785285178.1621907
0,1079,0.712706983089447,0.5530970033982082,1785285178.391506
0,1080,0.42962825298309326,0.5531442901234568,1785285178.5720341
0,1081,0.5566163063049316,0.5532107616404563,1785285178.7542274
0,1082,0.6132588386535645,0.5532963647566236,1785285178.936882
0,1083,0.7380974292755127,0.5533433364112035,1785285179.1464996
0,1084,0.5530965328216553,0.5532941266912669,1785285179.3270326
0,1085,0.5299679636955261,0.5533602150537634,1785285179.5077612
0,1086,0.7301156520843506,0.5534837323511357,1785285179.6884978
0,1087,0.7142491340637207,0.5536453541858326,1785285179.9365215
0,1088,0.769415557384491,0.5536917892156863,1785285180.1366196
0,1089,0.6210994124412537,0.5536998775635139,1785285180.3169622
0,1090,0.5158534646034241,0.553822629969419,1785285180.4991715
0,1091,0.5962854623794556,0.5539260617170791,1785285180.700276
0,1092,0.6950006484985352,0.5539720695970696,1785285180.89113
0,1093,0.49789637327194214,0.5541704788045135,1785285181.0866563
0,1094,0.7476180791854858,0.5542542656916515,1785285181.2685924
0,1095,0.5535982847213745,0.5543569254185693,1785285181.4496894
0,1096,1.0198142528533936,0.554459397810219,1785285181.6288571
0,1097,0.6175283789634705,0.5544287450622911,1785285181.8093112
0,1098,0.6265645027160645,0.5545499392835458,1785285181.9890087
0,1099,1.1925181150436401,0.5546898695784046,1785285182.226123
0,1100,0.612342357635498,0.5548106060606061,1785285182.4253905
0,1101,0.9205605983734131,0.5549878897971541,1785285182.6146824
0,1102,0.6123974323272705,0.5549758015728977,1785285182.809778
0,1103,0.784916877746582,0.5550959504381988,1785285182.990591
0,1104,0.6537995934486389,0.555102657004831,1785285183.1816497
0,1105,0.6525497436523438,0.5551282051282052,1785285183.3744123
0,1106,0.7113611102104187,0.5551725437010248,1785285183.5535316
0,1107,0.6677895784378052,0.5552544414333033,1785285183.7330985
0,1108,0.6542924642562866,0.5553361913357401,1785285183.9207973
0,1109,0.583376407623291,0.5554741508866847,1785285184.099905
0,1110,0.7133499979972839,0.5555743243243243,1785285184.2971945
0,1111,0.42135632038116455,0.5556743174317432,1785285184.476688
0,1112,0.5792489051818848,0.5556242505995204,1785285184.693263
0,1113,0.7102745771408081,0.5557240191674154,1785285184.8747826
0,1114,0.5324685573577881,0.5558049072411729,1785285185.0803955
0,1115,0.8180652856826782,0.555829596412556,1785285185.260963
0,1116,0.509072482585907,0.5558729091995221,1785285185.4652612
0,1117,0.7608764171600342,0.555934795583408,1785285185.6454923
0,1118,0.7297666072845459,0.5560711091234347,1785285185.8452942
0,1119,0.4791778326034546,0.5561513255883229,1785285186.0238974
0,1120,0.5893688797950745,0.5561755952380952,1785285186.2041209
0,1121,0.7899343371391296,0.5562369907820398,1785285186.3854566
0,1122,0.4783004820346832,0.5562982768865122,1785285186.5658803
0,1123,0.5664854645729065,0.5563780053428317,1785285186.7668376
0,1124,0.5501307845115662,0.5564761269276394,1785285186.9454024
0,1125,0.5776858329772949,0.5564629629629629,1785285187.1290498
0,1126,0.7852051258087158,0.5565978389579633,1785285187.3099527
0,1127,0.5935299396514893,0.556695504288672,1785285187.5312407
0,1128,0.4923255145549774,0.5568484042553191,1785285187.7106423
0,1129,0.6098498106002808,0.5569087688219664,1785285187.891342
0,1130,0.7401789426803589,0.5569874631268437,1785285188.08711
0,1131,0.5762451887130737,0.5571396993810787,1785285188.3156078
0,1132,0.49511680006980896,0.5571996466431095,1785285188.504163
0,1133,0.497302383184433,0.557277875845837,1785285188.6856248
0,1134,0.5493640899658203,0.557392710170488,1785285188.8713052
0,1135,0.8218085169792175,0.5574339207048458,1785285189.0707626
0,1136,0.5245628356933594,0.5576584507042254,1785285189.2513924
0,1137,0.5857917666435242,0.5576993550278511,1785285189.4321532
0,1138,0.4781012535095215,0.5578500292911541,1785285189.647123
0,1139,0.5792365074157715,0.5579272753877671,1785285189.8265617
0,1140,0.5853661894798279,0.5579861111111111,1785285190.008401
0,1141,0.5220538377761841,0.5580265848670757,1785285190.1877186
0,1142,0.5890878438949585,0.5580487448920023,1785285190.3689055
0,1143,0.886010468006134,0.5581437736949548,1785285190.5869963
0,1144,0.5797408223152161,0.5581293706293706,1785285190.7697048
0,1145,0.4283161461353302,0.5581513828238719,1785285190.9502223
0,1146,0.691044807434082,0.5581006399069226,1785285191.1296906
0,1147,0.6246189475059509,0.5581952920662598,1785285191.3913922
0,1148,0.5082245469093323,0.5583079268292683,1785285191.570778
0,1149,0.5572667121887207,0.5582753118653901,1785285191.7514968
0,1150,0.6263501048088074,0.5583876811594203,1785285191.9529154
0,1151,0.6570844650268555,0.5584455545902114,1785285192.1617754
0,1152,0.8449991345405579,0.55859375,1785285192.3413327
0,1153,0.5380082130432129,0.5587055507372073,1785285192.520392
0,1154,0.7031018137931824,0.5587088388214905,1785285192.7084577
0,1155,0.5607917904853821,0.5587842712842713,1785285192.9263065
0,1156,0.8032121658325195,0.5587514417531718,1785285193.1108053
0,1157,0.9509932994842529,0.5588267070008643,1785285193.2916057
0,1158,0.6511370539665222,0.5589378238341969,1785285193.4715686
0,1159,0.5207734107971191,0.5589948231233822,1785285193.6948102
0,1160,0.8845432996749878,0.5591056034482759,1785285193.8926454
0,1161,0.7412654161453247,0.5591982486362331,1785285194.089817
0,1162,0.6745845675468445,0.5592907343660356,1785285194.2703264
0,1163,0.7329095005989075,0.5592934938377758,1785285194.4499474
0,1164,0.6424763798713684,0.5592962485681557,1785285194.6306672
0,1165,0.5141279697418213,0.5593884120171674,1785285194.8095198
0,1166,0.7453318238258362,0.5594625500285878,1785285194.994872
0,1167,0.6239981055259705,0.5595365609825764,1785285195.2273035
0,1168,0.5526639223098755,0.559663955479452,1785285195.406249
0,1169,0.7286684513092041,0.5597733105218136,1785285195.5951698
0,1170,0.6468163132667542,0.5598112535612536,1785285195.815776
0,1171,0.5763207674026489,0.5598669228579561,1785285196.009976
0,1172,0.4997498393058777,0.5600113765642776,1785285196.1919491
0,1173,0.6065576076507568,0.560173344700199,1785285196.3902676
0,1174,0.5708880424499512,0.5601575809199318,1785285196.5726771
0,1175,0.6744440197944641,0.5602836879432624,1785285196.7901497
0,1176,0.8037976026535034,0.5604627267573696,1785285196.9763129
0,1177,0.5278282165527344,0.56053525913339,1785285197.1592379
0,1178,0.5526415705680847,0.5606607243916242,1785285197.3499064
0,1179,0.5735129117965698,0.5607152954481198,1785285197.5551171
0,1180,0.4950897693634033,0.5608757062146893,1785285197.7334297
0,1181,0.8878048658370972,0.5609300028224669,1785285197.913278
0,1182,0.5795645713806152,0.5611604624929498,1785285198.0929043
0,1183,0.6688793897628784,0.5611615948154409,1785285198.3516972
0,1184,0.5681038498878479,0.5612331081081081,1785285198.5305972
0,1185,0.607822597026825,0.5612341772151899,1785285198.7116592
0,1186,0.5903971195220947,0.5613406408094435,1785285198.8930244
0,1187,0.47335284948349,0.5614293737714126,1785285199.089424
0,1188,0.6320123076438904,0.5615179573512907,1785285199.2683263
0,1189,0.6730442643165588,0.5615888701990468,1785285199.4551291
0,1190,0.9834049344062805,0.5616946778711485,1785285199.6388085
0,1191,0.5972857475280762,0.5617653232577666,1785285199.8713167
0,1192,0.6360063552856445,0.5618008948545862,1785285200.0688446
0,1193,0.6821371912956238,0.5619411846884604,1785285200.260337
0,1194,0.5537703633308411,0.5620114461194863,1785285200.4595923
0,1195,0.6825724244117737,0.5621513249651325,1785285200.6590192
0,1196,0.49155256152153015,0.5622735507246377,1785285200.8378987
0,1197,0.7771292924880981,0.5623781676413255,1785285201.017996
0,1198,0.5684953927993774,0.5624826099053979,1785285201.1976047
0,1199,0.5894635915756226,0.5625695023630803,1785285201.4072616
0,1200,0.5061253905296326,0.5626215277777777,1785285201.5899558
0,1201,0.8039947748184204,0.5627775464890369,1785285201.7921693
0,1202,0.6343297958374023,0.5628639767054908,1785285201.9905918
0,1203,0.7385375499725342,0.5629156275976724,1785285202.1704173
0,1204,0.5641182661056519,0.5630017995570321,1785285202.3489466
0,1205,0.7797583341598511,0.5630878284923928,1785285202.5299463
0,1206,0.5048631429672241,0.5632082642343836,1785285202.7171953
0,1207,0.5993034243583679,0.5632939795636565,1785285202.9202187
0,1208,0.5803807973861694,0.5633623068432672,1785285203.1010854
0,1209,0.508448600769043,0.5635339123242349,1785285203.2989254
0,1210,0.7713630199432373,0.5637052341597796,1785285203.4778128
0,1211,0.5523611307144165,0.5637902559867878,1785285203.6591191
0,1212,0.4585299789905548,0.563926705170517,1785285203.8486853
0,1213,0.5706691145896912,0.5639942291838417,1785285204.0338788
0,1214,0.5877642035484314,0.5640273201537617,1785285204.224004
0,1215,0.669596254825592,0.5640946502057613,1785285204.4228997
0,1216,0.6590034365653992,0.5641447368421053,1785285204.6114213
0,1217,0.5488037467002869,0.5642632155573816,1785285204.7903035
0,1218,0.7192193865776062,0.5643130815544609,1785285205.008902
0,1219,0.5971447825431824,0.5643286847142467,1785285205.1896996
0,1220,0.57933509349823,0.5643954918032786,1785285205.3711226
0,1221,0.6007833480834961,0.564479251979252,1785285205.5505536
0,1222,0.6398653984069824,0.5644946808510638,1785285205.7557244
0,1223,0.47172269225120544,0.5645441537203598,1785285205.936079
0,1224,0.47396621108055115,0.5646275871459695,1785285206.138345
0,1225,0.7226771712303162,0.5646088435374149,1785285206.31741
0,1226,0.6220228672027588,0.5646071234366503,1785285206.4985435
0,1227,0.6143057346343994,0.5646563433849497,1785285206.6992738
0,1228,0.45563364028930664,0.5647224484256244,1785285206.8998797
0,1229,0.8173954486846924,0.5648562516951451,1785285207.0807247
0,1230,0.5776292085647583,0.5649390243902439,1785285207.273956
0,1231,0.6176460385322571,0.5649878147847278,1785285207.4537764
0,1232,0.6046474575996399,0.565036525974026,1785285207.6350634
0,1233,0.6014190316200256,0.565169640443363,1785285207.8139477
0,1234,0.6027218103408813,0.5651674770394381,1785285207.9937077
0,1235,0.6489794850349426,0.5652159244264507,1785285208.1982217
0,1236,0.6535311937332153,0.565331715210356,1785285208.398466
0,1237,0.8181512355804443,0.5654304769603881,1785285208.5798664
0,1238,0.8241724967956543,0.5655627355950458,1785285208.761186
0,1239,0.5812451839447021,0.5656611514662362,1785285208.979021
0,1240,0.6530752778053284,0.565625,1785285209.1724575
0,1241,1.0684144496917725,0.5656896320171905,1785285209.3534853
0,1242,0.5660614967346191,0.5658380300590445,1785285209.5324867
0,1243,0.7971721887588501,0.5658018235451864,1785285209.7434866
0,1244,0.802312433719635,0.5657656752411575,1785285209.9491544
0,1245,0.47716599702835083,0.5657797858099063,1785285210.1427822
0,1246,0.4655252695083618,0.565793873729267,1785285210.3343234
0,1247,0.4491402208805084,0.5658914728682171,1785285210.5155673
0,1248,0.5762832164764404,0.5659722222222222,1785285210.7008884
0,1249,0.7550220489501953,0.5661362423271951,1785285210.8801792
0,1250,0.7207992076873779,0.56625,1785285211.0783436
0,1251,0.5694432258605957,0.5662470023980816,1785285211.25726
0,1252,0.6629621982574463,0.566327209797657,1785285211.4476144
0,1253,0.6942737698554993,0.5664239159350891,1785285211.6437902
0,1254,0.5585424304008484,0.5665370813397129,1785285211.8332462
0,1255,0.44886595010757446,0.5666666666666667,1785285212.0137935
0,1256,0.860683798789978,0.5667462845010616,1785285212.2098966
0,1257,0.44499459862709045,0.5668257756563246,1785285212.3889873
0,1258,0.5734394192695618,0.5668388977212506,1785285212.5777133
0,1259,0.708041787147522,0.5668354514164681,1785285212.7582452
0,1260,0.7237606644630432,0.5669477513227513,1785285212.9411635
0,1261,0.5944580435752869,0.5669937879989426,1785285213.1231253
0,1262,0.8714581727981567,0.5670727680929741,1785285213.3249335
0,1263,0.6621596813201904,0.5671186328846661,1785285213.5356073
0,1264,0.7603358030319214,0.5671809071729957,1785285213.7335148
0,1265,0.5985371470451355,0.567193675889328,1785285213.9143908
0,1266,0.6912957429885864,0.5672228804634017,1785285214.0941875
0,1267,0.5241011381149292,0.5673178111023415,1785285214.2937264
0,1268,0.7018866539001465,0.567363301787592,1785285214.5099401
0,1269,0.7003332376480103,0.5673923036511689,1785285214.7021685
0,1270,0.6341449618339539,0.5673720472440945,1785285214.8829267
0,1271,0.6781412363052368,0.5673354314188304,1785285215.0649114
0,1272,0.49913036823272705,0.5673643867924528,1785285215.2754526
0,1273,0.5029203295707703,0.5673932966745221,1785285215.4571266
0,1274,0.5744968056678772,0.5674875719518576,1785285215.6419458
0,1275,0.7140839099884033,0.5675653594771242,1785285215.8240988
0,1276,0.6209267377853394,0.5676756792058516,1785285216.0106688
0,1277,0.49983400106430054,0.5677695118767946,1785285216.190953
0,1278,0.4946894347667694,0.567863197704747,1785285216.3705406
0,1279,0.5003186464309692,0.5678915819650768,1785285216.5739055
0,1280,0.606713056564331,0.56796875,1785285216.762298
0,1281,0.3964839279651642,0.5680295342180588,1785285216.943216
0,1282,0.39974552392959595,0.5681389755590224,1785285217.1249723
0,1283,0.5688694715499878,0.5682644842816316,1785285217.3303018
0,1284,0.5648788213729858,0.568227544132918,1785285217.5479293
0,1285,0.7027765512466431,0.5682879377431906,1785285217.7284634
0,1286,0.48027777671813965,0.5683644375324002,1785285217.92688
0,1287,0.7067238092422485,0.5684084434084434,1785285218.105538
0,1288,0.7124865055084229,0.5684847308488613,1785285218.2977655
0,1289,0.532584011554718,0.5686093871217999,1785285218.4958076
0,1290,0.6040521860122681,0.5686369509043928,1785285218.6743577
0,1291,0.5872511267662048,0.5686967467079783,1785285218.8550847
0,1292,0.798588752746582,0.5686597007223942,1785285219.0460606
0,1293,0.43733537197113037,0.5686710492394947,1785285219.2279973
0,1294,0.8324019908905029,0.5686662802679031,1785285219.407921
0,1295,0.6108205914497375,0.5687419562419562,1785285219.613756
0,1296,0.5699472427368164,0.5688175154320988,1785285219.7960253
0,1297,0.5794512033462524,0.5689411462349011,1785285219.9944775
0,1298,0.5587985515594482,0.5689522342064715,1785285220.1758406
0,1299,0.6193230152130127,0.5690755709520143,1785285220.398207
0,1300,0.42827504873275757,0.5692467948717949,1785285220.5814922
0,1301,0.524316668510437,0.5693376889572124,1785285220.7605655
0,1302,0.7395902872085571,0.5693964413722479,1785285220.9522917
0,1303,0.6718100905418396,0.5694870810949092,1785285221.1653697
0,1304,0.6976586580276489,0.5695616053169734,1785285221.3440287
0,1305,0.5397791862487793,0.5696519795657726,1785285221.5393474
0,1306,0.7963683009147644,0.5695826952526799,1785285221.718576
0,1307,0.6183127164840698,0.5697366743177761,1785285221.9277773
0,1308,0.5081055760383606,0.5697311416921509,1785285222.1170669
0,1309,0.7397485971450806,0.5698688566335626,1785285222.2992382
0,1310,0.6301411986351013,0.5698473282442749,1785285222.4801393
0,1311,0.5469070076942444,0.5699052885837783,1785285222.714476
0,1312,0.5450247526168823,0.569947281504065,1785285222.895778
0,1313,0.7561444044113159,0.5700209444021325,1785285223.076515
0,1314,0.6032984852790833,0.5700310755961441,1785285223.2596834
0,1315,0.6324639916419983,0.570009505703422,1785285223.4785762
0,1316,0.7913235425949097,0.5699721377912867,1785285223.6669106
0,1317,0.4969078302383423,0.5700455580865603,1785285223.8471565
0,1318,0.5708192586898804,0.5700556398583713,1785285224.027528
0,1319,0.5025805234909058,0.569970937578974,1785285224.2494628
0,1320,0.6768626570701599,0.5699337121212121,1785285224.4286375
0,1321,0.4783110022544861,0.5701015644713601,1785285224.6161308
0,1322,0.6784448623657227,0.5700800554715079,1785285224.7975235
0,1323,0.6190689206123352,0.5701688082640464,1785285224.977774
0,1324,0.623712420463562,0.5701787512588117,1785285225.1588178
0,1325,0.6678860187530518,0.5702044025157232,1785285225.3378754
0,1326,0.670261025428772,0.5703085721468074,1785285225.5270047
0,1327,0.5611711740493774,0.5703026877668927,1785285225.7588537
0,1328,0.7005369663238525,0.5703125,1785285225.9505706
0,1329,0.4571816325187683,0.5703693253072486,1785285226.1305854
0,1330,0.4866247773170471,0.5704573934837093,1785285226.309948
0,1331,0.6500349044799805,0.5704670673678938,1785285226.5308998
0,1332,0.5825030207633972,0.570461086086086,1785285226.7291892
0,1333,0.6793829202651978,0.5704394848712178,1785285226.9158618
0,1334,0.5947973728179932,0.5705116191904048,1785285227.0964754
0,1335,0.6451773643493652,0.5704900124843945,1785285227.310928
0,1336,0.6563003063201904,0.5703904690618763,1785285227.5058534
0,1337,0.5663462281227112,0.5704157317377213,1785285227.6878564
0,1338,0.6403104662895203,0.570440956651719,1785285227.8840182
0,1339,0.5750551223754883,0.5704817027632562,1785285228.0629337
0,1340,0.44351664185523987,0.5705534825870647,1785285228.2437491
0,1341,0.5697364807128906,0.570625155356699,1785285228.4238002
0,1342,0.7324706315994263,0.5705880526577248,1785285228.605492
0,1343,0.5490565896034241,0.5706595929511045,1785285228.835364
0,1344,0.7158644199371338,0.5707155257936508,1785285229.0435157
0,1345,0.6436500549316406,0.570817843866171,1785285229.2305574
0,1346,0.6562802791595459,0.5708426201089648,1785285229.4279277
0,1347,0.5838418006896973,0.5709756248453353,1785285229.6212184
0,1348,0.5726487636566162,0.5711084322453017,1785285229.8045907
0,1349,0.5362075567245483,0.5711638250555967,1785285229.997163
0,1350,0.592954695224762,0.5712191358024692,1785285230.1881301
0,1351,0.4926237165927887,0.5712281026400198,1785285230.3798285
0,1352,0.5894097089767456,0.5712986932938856,1785285230.5780733
0,1353,0.6849555969238281,0.571369179600887,1785285230.7680736
0,1354,0.6915910243988037,0.5714703348104382,1785285230.9737868
0,1355,0.5203901529312134,0.571509840098401,1785285231.1611226
0,1356,0.6043403148651123,0.5716261061946902,1785285231.346555
0,1357,0.5921440124511719,0.5716654384672071,1785285231.5350223
0,1358,0.7430269718170166,0.571674030436917,1785285231.7409732
0,1359,0.7396180629730225,0.5717439293598234,1785285231.9283743
0,1360,0.5759083032608032,0.571813725490196,1785285232.154829
0,1361,0.6823265552520752,0.5718374969385256,1785285232.3433075
0,1362,0.5483570694923401,0.5717847528144885,1785285232.5305936
0,1363,0.6366088390350342,0.5717779408168256,1785285232.7171628
0,1364,0.4565070867538452,0.5718475073313783,1785285232.9184852
0,1365,0.6054839491844177,0.5718559218559218,1785285233.1219428
0,1366,0.5504854321479797,0.5719253294289898,1785285233.3109667
0,1367,0.6967849731445312,0.5719489148988052,1785285233.4999194
0,1368,0.7768813371658325,0.5719876949317739,1785285233.6908023
0,1369,0.5641433596611023,0.5720112003895788,1785285233.895846
0,1370,0.5105558037757874,0.5720650851581508,1785285234.089916
0,1371,0.7875774502754211,0.5721644784828592,1785285234.282067
0,1372,0.6277458667755127,0.5722485422740525,1785285234.4786358
0,1373,0.8073466420173645,0.5722869628550619,1785285234.6689205
0,1374,0.6544297933578491,0.5722646773410965,1785285234.8767967
0,1375,0.6098111867904663,0.5723030303030303,1785285235.0937476
0,1376,0.481705904006958,0.5723867490310077,1785285235.2810438
0,1377,0.7593085765838623,0.5723795691115953,1785285235.4713733
0,1378,0.39458224177360535,0.5725387034349299,1785285235.662773
0,1379,0.38575875759124756,0.5726220691322215,1785285235.8879783
0,1380,0.4956012964248657,0.5726449275362319,1785285236.0779035
0,1381,0.575404167175293,0.5726526671494087,1785285236.2794566
0,1382,0.543981671333313,0.5726603955619874,1785285236.4781249
0,1383,0.6239283084869385,0.5726681127982647,1785285236.665433
0,1384,0.5992454886436462,0.5727811897880539,1785285236.8550901
0,1385,0.7589780688285828,0.5728038507821901,1785285237.0471082
0,1386,0.5658531785011292,0.5728415103415103,1785285237.2385364
0,1387,0.7916561365127563,0.5728640951694304,1785285237.449212
0,1388,0.7600115537643433,0.5729166666666666,1785285237.6551864
0,1389,0.5644098520278931,0.5728641708663307,1785285237.8440194
0,1390,0.6360490918159485,0.5729466426858513,1785285238.0312328
0,1391,0.561680793762207,0.5729690869877786,1785285238.2502074
0,1392,0.5763399600982666,0.5729765325670498,1785285238.4390943
0,1393,0.622941255569458,0.57305874611151,1785285238.6290612
0,1394,0.5290944576263428,0.5730661166905787,1785285238.8175654
0,1395,0.4919528365135193,0.5730884109916368,1785285239.059711
0,1396,1.0922446250915527,0.5731255969436485,1785285239.2497766
0,1397,0.48601800203323364,0.57319255547602,1785285239.4481997
0,1398,0.40290868282318115,0.5732445159752027,1785285239.6278932
0,1399,0.6087080240249634,0.5732517274243507,1785285239.8719358
0,1400,0.7544022798538208,0.5733184523809524,1785285240.072316
0,1401,0.6671980619430542,0.5732809897692125,1785285240.2565575
0,1402,0.8010363578796387,0.5733475986685687,1785285240.449465
0,1403,0.7051641941070557,0.57333986695177,1785285240.6350865
0,1404,0.8832970857620239,0.5734508547008547,1785285240.8320167
0,1405,0.7370791435241699,0.5734727164887308,1785285241.043034
0,1406,0.4748530685901642,0.5734500948316738,1785285241.229206
0,1407,0.49781179428100586,0.5734867330016584,1785285241.4105408
0,1408,0.5791144371032715,0.5736120975378788,1785285241.59013
0,1409,0.562415361404419,0.5735302815235391,1785285241.7712383
0,1410,0.713695764541626,0.5735520094562647,1785285241.9673991
0,1411,0.5657911896705627,0.5735589416489487,1785285242.149839
0,1412,0.5692421793937683,0.5736543909348442,1785285242.3308086
0,1413,0.4472879469394684,0.5736170087284737,1785285242.5125196
0,1414,0.8341435194015503,0.5737122819424799,1785285242.6949594
0,1415,0.6322054266929626,0.573748527679623,1785285242.9082558
0,1416,0.6440502405166626,0.5738877118644068,1785285243.0889935
0,1417,0.487029492855072,0.5739237826393789,1785285243.2680442
0,1418,0.6881482601165771,0.5739157263751763,1785285243.4502022
0,1419,0.8035330772399902,0.5739223631665492,1785285243.6747727
0,1420,0.5135301351547241,0.573943661971831,1785285243.8555899
0,1421,0.5970271825790405,0.5740235749472202,1785285244.051199
0,1422,0.5605762600898743,0.5741033755274262,1785285244.23031
0,1423,0.5345531702041626,0.574197704380417,1785285244.4488034
0,1424,0.6230068206787109,0.5742333801498127,1785285244.62726
0,1425,0.7219573259353638,0.5742543859649123,1785285244.8081918
0,1426,0.4637104272842407,0.5742461430575035,1785285244.9903514
0,1427,0.7716084718704224,0.5742233123102078,1785285245.190728
0,1428,0.9691947102546692,0.5742588702147525,1785285245.3796217
0,1429,0.5833979845046997,0.5742797993935153,1785285245.5826395
0,1430,0.7472199201583862,0.5743298368298368,1785285245.7714477
0,1431,0.7794554829597473,0.5743943629163755,1785285245.953732
0,1432,0.6521094441413879,0.5744297020484171,1785285246.1641486
0,1433,0.5549014806747437,0.5744359153291463,1785285246.3434558
0,1434,0.7209658622741699,0.5743549511854951,1785285246.5267866
0,1435,0.6517910361289978,0.5743757259001161,1785285246.7063646
0,1436,0.5786340236663818,0.5744109795728877,1785285246.900033
0,1437,0.5544048547744751,0.5744316863836697,1785285247.0858545
0,1438,0.7195888757705688,0.574452364394993,1785285247.267464
0,1439,0.6997825503349304,0.5745309242529535,1785285247.4911985
0,1440,0.6744706630706787,0.5745949074074074,1785285247.6750484
0,1441,0.5667745471000671,0.5745720564422855,1785285247.8720453
0,1442,0.6229355335235596,0.5746503698566805,1785285248.0563822
0,1443,0.6522811651229858,0.5746130746130746,1785285248.2768683
0,1444,0.5592730641365051,0.5746912511542013,1785285248.4637113
0,1445,0.8284106850624084,0.5746683967704729,1785285248.6431866
0,1446,0.5352643728256226,0.5746743891194098,1785285248.8222299
0,1447,0.6649604439735413,0.5746227827689473,1785285249.0685704
0,1448,0.4778953492641449,0.5746000230202578,1785285249.2509298
0,1449,0.7215564250946045,0.5745485392224523,1785285249.4320242
0,1450,0.6066641807556152,0.5745689655172413,1785285249.6131856
0,1451,0.5929167866706848,0.5746180794854123,1785285249.8218012
0,1452,0.6406540274620056,0.5746527777777778,1785285250.0376666
0,1453,0.678396463394165,0.5746444138563891,1785285250.2257316
0,1454,0.6193065047264099,0.5746503897294819,1785285250.4048963
0,1455,0.5100055932998657,0.5746849942726231,1785285250.598654
0,1456,0.5435874462127686,0.5747338598901099,1785285250.7776082
0,1457,0.5555526614189148,0.5748255547929536,1785285250.9567294
0,1458,0.5309851169586182,0.5748885459533608,1785285251.1377616
0,1459,0.42895734310150146,0.5750085675119945,1785285251.3368285
0,1460,0.7716504335403442,0.5749714611872146,1785285251.517308
0,1461,0.5990136861801147,0.5750342231348392,1785285251.69796
0,1462,0.5868154764175415,0.5750968992248062,1785285251.8903944
0,1463,0.6837054491043091,0.5751167691957165,1785285252.1008954
0,1464,0.5116628408432007,0.5751081511839709,1785285252.3046167
0,1465,0.6716448664665222,0.5751137656427758,1785285252.4854848
0,1466,0.6439557075500488,0.5751477944520237,1785285252.6669257
0,1467,0.5306475758552551,0.5752243808225403,1785285252.8725476
0,1468,0.7447646260261536,0.5752440962761126,1785285253.07972
0,1469,0.5738362073898315,0.5753346948037213,1785285253.2586074
0,1470,0.5283037424087524,0.5753968253968254,1785285253.4400215
0,1471,0.7046135067939758,0.5755013596193066,1785285253.6650023
0,1472,0.6236591935157776,0.5755349864130435,1785285253.8455658
0,1473,0.5494773387908936,0.5754978501923512,1785285254.0387242
0,1474,0.6293818354606628,0.5754890321121664,1785285254.2299125
0,1475,0.5540792346000671,0.5755084745762712,1785285254.4084384
0,1476,0.43255430459976196,0.5755843495934959,1785285254.5871725
0,1477,0.5393742322921753,0.575575490859851,1785285254.766803
0,1478,0.6181100606918335,0.5755948353631033,1785285254.947672
0,1479,0.5404198169708252,0.5755718954248366,1785285255.1521952
0,1480,0.8269750475883484,0.5755489864864864,1785285255.3497674
0,1481,0.5977246761322021,0.575540175557056,1785285255.5287688
0,1482,0.5998702645301819,0.5755594916779128,1785285255.7089708
0,1483,0.6991143822669983,0.5756630703528883,1785285255.9116986
0,1484,0.7123721837997437,0.5757524707996406,1785285256.0908997
0,1485,0.7310945987701416,0.5757996632996633,1785285256.2716136
0,1486,0.6958582401275635,0.5757766935845671,1785285256.4507463
0,1487,0.5766807794570923,0.5758238063214526,1785285256.7138848
0,1488,0.5196148157119751,0.5758988575268817,1785285256.8929348
0,1489,0.5176845788955688,0.575903850458921,1785285257.073971
0,1490,0.6640123128890991,0.5759368008948546,1785285257.2550488
0,1491,0.8442596793174744,0.5759138162307177,1785285257.470203
0,1492,0.5562947392463684,0.5759467158176944,1785285257.6508298
0,1493,0.5843596458435059,0.5760214333556597,1785285257.8486915
0,1494,0.5848686099052429,0.5760402721999107,1785285258.0293765
0,1495,0.5847920775413513,0.5760451505016723,1785285258.2363892
0,1496,0.7808846831321716,0.5760778743315508,1785285258.4262292
0,1497,0.428638756275177,0.5761244711645513,1785285258.6071258
0,1498,0.8480475544929504,0.5761849132176236,1785285258.7868602
0,1499,0.7170445919036865,0.5762591727818546,1785285259.003679
0,1500,0.5095250606536865,0.5763611111111111,1785285259.1830747
0,1501,0.7685731649398804,0.5763796357983566,1785285259.3627896
0,1502,0.6386839151382446,0.5763981358189081,1785285259.5419335
0,1503,0.550282895565033,0.5764581947216678,1785285259.747814
0,1504,0.5207405686378479,0.5765458776595744,1785285259.9266212
0,1505,0.636630117893219,0.5765365448504983,1785285260.1053865
0,1506,0.6987785696983337,0.5764995573262506,1785285260.286499
0,1507,0.5933279991149902,0.5765179163901791,1785285260.5109608
0,1508,0.6733637452125549,0.5765224358974359,1785285260.6906445
0,1509,0.5034298896789551,0.5765545615197702,1785285260.8711617
0,1510,0.6785992383956909,0.5766280353200883,1785285261.0574129
0,1511,0.49688637256622314,0.5766600485329804,1785285261.3005643
0,1512,0.5135869979858398,0.5766920194003528,1785285261.4991941
0,1513,0.6062626242637634,0.5766413306895792,1785285261.6995869
0,1514,0.5088355541229248,0.5766319903126376,1785285261.8833852
0,1515,0.6355820894241333,0.5767051705170517,1785285262.098849
0,1516,0.6092164516448975,0.5768194810905892,1785285262.295656
0,1517,0.6273927688598633,0.5769061744671501,1785285262.4948106
0,1518,0.5399273037910461,0.5769104084321476,1785285262.681427
0,1519,0.7412353754043579,0.5768872064955014,1785285262.8827593
0,1520,0.525466799736023,0.5769736842105263,1785285263.0640724
0,1521,0.6192908883094788,0.5770189568266492,1785285263.2521467
0,1522,0.6681643128395081,0.5770778580814717,1785285263.433384
0,1523,0.6592919230461121,0.5771093237032173,1785285263.662442
0,1524,0.6409961581230164,0.5770860673665792,1785285263.8602757
0,1525,0.5956741571426392,0.5771584699453552,1785285264.0483108
0,1526,0.5908917784690857,0.577217125382263,1785285264.2288167
0,1527,0.5659649968147278,0.5771938441388343,1785285264.4338107
0,1528,0.6299777626991272,0.5772251308900523,1785285264.614731
0,1529,0.6960679888725281,0.5771882494004796,1785285264.797122
0,1530,0.5890081524848938,0.5772194989106754,1785285264.9766455
0,1531,0.49986669421195984,0.5772507075985195,1785285265.2033784
0,1532,0.4744281768798828,0.5773090731070496,1785285265.3823273
0,1533,0.8488181829452515,0.5773265927375516,1785285265.5770907
0,1534,0.5514652132987976,0.5773848326814428,1785285265.7778938
0,1535,0.502265214920044,0.577456568946797,1785285265.963958
0,1536,0.7428021430969238,0.5774739583333334,1785285266.146
0,1537,0.7867815494537354,0.5774777705486879,1785285266.3251286
0,1538,0.5463489890098572,0.5774680320762896,1785285266.513414
0,1539,0.6553038358688354,0.5775530647606671,1785285266.7164354
0,1540,0.8363728523254395,0.5775297619047619,1785285266.8972335
0,1541,0.681897759437561,0.5775876054510058,1785285267.0811088
0,1542,0.6382281184196472,0.5775913316039775,1785285267.2643814
0,1543,0.6269316077232361,0.5775545474184489,1785285267.4914272
0,1544,0.8261361718177795,0.5776122625215889,1785285267.6767979
0,1545,0.7559612989425659,0.5776699029126213,1785285267.8566573
0,1546,0.6891079545021057,0.5777139931004743,1785285268.0588548
0,1547,0.5601985454559326,0.5777041585865115,1785285268.2391257
0,1548,0.7241441607475281,0.5777347114556417,1785285268.4183717
0,1549,0.5633595585823059,0.5777114267269206,1785285268.6036
0,1550,0.5896461009979248,0.5776881720430107,1785285268.7904532
0,1551,0.5661633014678955,0.5776649473457984,1785285269.011302
0,1552,0.6696898937225342,0.5776820231958762,1785285269.2019758
0,1553,0.7004568576812744,0.5777124919510624,1785285269.383326
0,1554,0.6164782643318176,0.5778635778635779,1785285269.5636086
0,1555,0.6994263529777527,0.5778938906752411,1785285269.78397
0,1556,0.5407370328903198,0.5779911096829478,1785285269.9962497
0,1557,0.5692294836044312,0.5779945407835582,1785285270.177457
0,1558,0.553963840007782,0.57798459563543,1785285270.3745258
0,1559,0.6135515570640564,0.5779212101774642,1785285270.5551586
0,1560,0.6211768984794617,0.5779914529914529,1785285270.734149
0,1561,0.634959876537323,0.5779681827888106,1785285270.9168582
0,1562,0.629548192024231,0.578064980793854,1785285271.1159363
0,1563,0.7888747453689575,0.5780950095969289,1785285271.2961636
0,1564,0.5240353345870972,0.5781116794543905,1785285271.487133
0,1565,0.6230850219726562,0.5782215122470713,1785285271.664682
0,1566,0.5477811694145203,0.5782247765006385,1785285271.8564913
0,1567,0.4917029142379761,0.5781748564135291,1785285272.0338614
0,1568,0.5530775189399719,0.5782047193877551,1785285272.2119029
1,1569,0.605472981929779,0.6875,1785285292.2973943
1,1570,1.257576584815979,0.65625,1785285292.4789827
1,1571,0.6646486520767212,0.6388888888888888,1785285292.6576917
1,1572,0.563194751739502,0.640625,1785285292.853943
1,1573,0.7315391302108765,0.6208333333333333,1785285293.0365877
1,1574,0.5653632283210754,0.6458333333333334,1785285293.2154624
1,1575,0.6683584451675415,0.6488095238095238,1785285293.3960068
1,1576,0.6603661179542542,0.6588541666666666,1785285293.5905237
1,1577,0.6966115236282349,0.6574074074074074,1785285293.773188
1,1578,0.6281958818435669,0.6520833333333333,1785285293.9520786
1,1579,0.5105536580085754,0.6609848484848485,1785285294.132888
1,1580,0.6383875012397766,0.6614583333333334,1785285294.3121777
1,1581,0.5454319715499878,0.6474358974358975,1785285294.4941123
1,1582,0.6064826250076294,0.6413690476190477,1785285294.6728575
1,1583,0.4905613958835602,0.6388888888888888,1785285294.8537333
1,1584,0.5718016028404236,0.6393229166666666,1785285295.034184
1,1585,0.44956502318382263,0.6397058823529411,1785285295.253686
1,1586,0.4664906859397888,0.6331018518518519,1785285295.4346967
1,1587,0.5200652480125427,0.6260964912280702,1785285295.6193123
1,1588,0.6553915739059448,0.6229166666666667,1785285295.7984834
1,1589,0.576604962348938,0.6190476190476191,1785285296.0458977
1,1590,0.7222309112548828,0.6164772727272727,1785285296.2257297
1,1591,0.48670798540115356,0.6204710144927537,1785285296.4059556
1,1592,0.4128364026546478,0.625,1785285296.6044827
1,1593,0.6988662481307983,0.6283333333333333,1785285296.8049185
1,1594,0.5138179063796997,0.6290064102564102,1785285296.984519
1,1595,0.5983153581619263,0.6242283950617284,1785285297.1638806
1,1596,0.8444583415985107,0.6220238095238095,1785285297.3447325
1,1597,1.2277500629425049,0.6206896551724138,1785285297.5762842
1,1598,0.9947637319564819,0.6236111111111111,1785285297.7688167
1,1599,0.6005600690841675,0.6263440860215054,1785285297.958625
1,1600,0.6292272806167603,0.6263020833333334,1785285298.143142
1,1601,0.7232579588890076,0.625,1785285298.3231778
1,1602,0.5471172332763672,0.6243872549019608,1785285298.5079305
1,1603,0.5924296975135803,0.6261904761904762,1785285298.69503
1,1604,0.7533499002456665,0.6261574074074074,1785285298.9010525
1,1605,0.4914402663707733,0.6266891891891891,1785285299.0894406
1,1606,1.0215623378753662,0.6260964912280702,1785285299.2775044
1,1607,0.34260261058807373,0.6282051282051282,1785285299.4574618
1,1608,0.532468318939209,0.6276041666666666,1785285299.6580513
1,1609,0.6283715963363647,0.6260162601626016,1785285299.8577902
1,1610,0.5898177027702332,0.6245039682539683,1785285300.0459926
1,1611,0.6573406457901001,0.624031007751938,1785285300.2417388
1,1612,0.40866541862487793,0.625,1785285300.4391735
1,1613,0.5104655623435974,0.6240740740740741,1785285300.6476934
1,1614,0.5259838700294495,0.6231884057971014,1785285300.8403277
1,1615,0.5609634518623352,0.6214539007092199,1785285301.033508
1,1616,0.6036790609359741,0.6193576388888888,1785285301.2242036
1,1617,0.694706380367279,0.6173469387755102,1785285301.471557
1,1618,0.6584862470626831,0.6166666666666667,1785285301.6982784
1,1619,0.6630662679672241,0.616421568627451,1785285301.893147
1,1620,0.5073640942573547,0.6149839743589743,1785285302.0945513
1,1621,0.6558120250701904,0.6136006289308176,1785285302.303599
1,1622,0.6259661316871643,0.6130401234567902,1785285302.5256653
1,1623,0.6717441082000732,0.6117424242424242,1785285302.7155244
1,1624,0.6806053519248962,0.6104910714285714,1785285302.9092996
1,1625,0.7384089827537537,0.6118421052631579,1785285303.1191118
1,1626,0.5732128620147705,0.6109913793103449,1785285303.3004527
1,1627,0.6923539042472839,0.6101694915254238,1785285303.4826396
1,1628,0.5876668691635132,0.6111111111111112,1785285303.6651485
1,1629,0.5905576348304749,0.6113387978142076,1785285303.9111705
1,1630,0.5663187503814697,0.6115591397849462,1785285304.0905044
1,1631,0.5693867802619934,0.6087962962962963,1785285304.2719975
1,1632,0.9120351076126099,0.609375,1785285304.451611
1,1633,0.5391296148300171,0.6115384615384616,1785285304.73572
1,1634,0.734538197517395,0.6123737373737373,1785285304.9193401
1,1635,0.5713257193565369,0.6131840796019901,1785285305.107317
1,1636,0.5346558094024658,0.6130514705882353,1785285305.302741
1,1637,0.6018356084823608,0.6138285024154589,1785285305.499584
1,1638,0.7213089466094971,0.6148809523809524,1785285305.6790037
1,1639,0.627730667591095,0.6161971830985915,1785285305.8603432
1,1640,0.5383046269416809,0.6145833333333334,1785285306.0447402
1,1641,0.6328052282333374,0.6141552511415526,1785285306.2589908
1,1642,0.6338887810707092,0.6145833333333334,1785285306.4477704
1,1643,0.6382380723953247,0.6147222222222222,1785285306.630686
1,1644,0.4870810806751251,0.6137609649122807,1785285306.819085
1,1645,0.6351920366287231,0.614448051948052,1785285307.0297542
1,1646,1.058807134628296,0.6151175213675214,1785285307.2121763
1,1647,0.5950427055358887,0.615506329113924,1785285307.3955512
1,1648,0.6041766405105591,0.615625,1785285307.5747106
1,1649,0.604407012462616,0.6154835390946503,1785285307.7973526
1,1650,0.6569488048553467,0.6145833333333334,1785285307.977848
1,1651,0.5715190172195435,0.6147088353413654,1785285308.1566315
1,1652,0.511210024356842,0.6158234126984127,1785285308.3373673
1,1653,0.5716153383255005,0.6166666666666667,1785285308.5621624
1,1654,0.5594112277030945,0.6162790697674418,1785285308.7434235
1,1655,0.5443577170372009,0.6173371647509579,1785285308.9223487
1,1656,0.6643004417419434,0.6186079545454546,1785285309.1030204
1,1657,0.5440576076507568,0.6179775280898876,1785285309.3348792
1,1658,0.6296146512031555,0.6185185185185185,1785285309.5165894
1,1659,0.5764616131782532,0.6197344322344323,1785285309.6958835
1,1660,0.7429778575897217,0.6191123188405797,1785285309.8755426
1,1661,0.6123013496398926,0.619847670250896,1785285310.114325
1,1662,0.6060094237327576,0.6212322695035462,1785285310.2951837
1,1663,0.5354116559028625,0.6212719298245614,1785285310.476493
1,1664,0.6115530729293823,0.6215277777777778,1785285310.6573563
1,1665,0.6880732178688049,0.6217783505154639,1785285310.8572392
1,1666,0.35954657196998596,0.6232993197278912,1785285311.0392172
1,1667,0.5597198009490967,0.6231060606060606,1785285311.247351
1,1668,0.6405499577522278,0.623125,1785285311.4283078
1,1669,0.5056024789810181,0.6235561056105611,1785285311.621696
1,1670,0.6135928630828857,0.6229575163398693,1785285311.8030407
1,1671,0.6211279034614563,0.6215614886731392,1785285312.047428
1,1672,0.6437903642654419,0.6219951923076923,1785285312.2375588
1,1673,0.8956714868545532,0.6224206349206349,1785285312.4269814
1,1674,0.5633693337440491,0.6230345911949685,1785285312.6152575
1,1675,0.7328853011131287,0.6234423676012462,1785285312.8361835
1,1676,0.7343320846557617,0.6234567901234568,1785285313.0254638
1,1677,0.6327961087226868,0.6238532110091743,1785285313.2157438
1,1678,0.8610275983810425,0.6240530303030303,1785285313.4035068
1,1679,0.48921048641204834,0.6244369369369369,1785285313.683278
1,1680,0.5599642992019653,0.6255580357142857,1785285313.8785512
1,1681,0.5821414589881897,0.625,1785285314.0722744
1,1682,0.4487071633338928,0.6251827485380117,1785285314.2637947
1,1683,0.45076310634613037,0.6266304347826087,1785285314.506182
1,1684,0.6151768565177917,0.6276939655172413,1785285314.709028
1,1685,0.6824236512184143,0.6283831908831908,1785285314.9073389
1,1686,0.6250771284103394,0.6297669491525424,1785285315.1036205
1,1687,0.8045332431793213,0.6300770308123249,1785285315.3307583
1,1688,0.5619340538978577,0.6296875,1785285315.5119524
1,1689,0.6454796195030212,0.6284435261707989,1785285315.6906831
1,1690,0.6939244866371155,0.6277322404371585,1785285315.8716307
1,1691,0.5318999290466309,0.6273712737127372,1785285316.1188457
1,1692,0.5011751055717468,0.6278561827956989,1785285316.3032968
1,1693,0.6043223142623901,0.6283333333333333,1785285316.4967284
1,1694,0.6029596328735352,0.62880291005291,1785285316.6774597
1,1695,0.9853858947753906,0.6291010498687664,1785285316.890264
1,1696,0.7716985940933228,0.6292317708333334,1785285317.1000924
1,1697,0.5718461275100708,0.6296834625322998,1785285317.299894
1,1698,0.7127955555915833,0.6293269230769231,1785285317.499881
1,1699,0.5328793525695801,0.6294529262086515,1785285317.6953454
1,1700,0.6812191605567932,0.6289457070707071,1785285317.8825555
1,1701,0.5136772990226746,0.6281328320802005,1785285318.0843022
1,1702,0.6829373836517334,0.6277985074626866,1785285318.2682295
1,1703,0.6015102863311768,0.6279320987654321,1785285318.4843895
1,1704,0.6924479603767395,0.6285232843137255,1785285318.6685598
1,1705,0.5963959693908691,0.6277372262773723,1785285318.8739283
1,1706,0.5565831661224365,0.627566425120773,1785285319.0568395
1,1707,0.5663719773292542,0.628447242206235,1785285319.289191
1,1708,0.6430033445358276,0.6279761904761905,1785285319.475444
1,1709,0.5296831130981445,0.6276595744680851,1785285319.6769645
1,1710,0.6799251437187195,0.6282276995305164,1785285319.8599846
1,1711,0.5230118632316589,0.629079254079254,1785285320.0849385
1,1712,0.45314180850982666,0.6296296296296297,1785285320.2700098
1,1713,0.7049458622932434,0.6293103448275862,1785285320.4764144
1,1714,0.7792672514915466,0.6285673515981736,1785285320.670116
1,1715,0.5245757699012756,0.6282596371882087,1785285320.856783
1,1716,0.6933121085166931,0.6280968468468469,1785285321.0548778
1,1717,0.6212512254714966,0.6289149888143176,1785285321.236752
1,1718,0.49245941638946533,0.6298611111111111,1785285321.4187799
1,1719,0.7316716909408569,0.6306567328918322,1785285321.6446648
1,1720,0.5717260837554932,0.6314418859649122,1785285321.8336346
1,1721,0.576553463935852,0.6320806100217865,1785285322.0179172
1,1722,0.6419971585273743,0.6321699134199135,1785285322.2033677
1,1723,0.6095820069313049,0.6318548387096774,1785285322.4203944
1,1724,0.46615082025527954,0.6324786324786325,1785285322.611292
1,1725,0.4843935966491699,0.6332271762208068,1785285322.7952313
1,1726,0.5910297632217407,0.633175105485232,1785285322.9935424
1,1727,0.6202855110168457,0.6333857442348009,1785285323.177539
1,1728,0.5586320161819458,0.6341145833333334,1785285323.3735993
1,1729,0.5552776455879211,0.6340579710144928,1785285323.557247
1,1730,0.601893424987793,0.6345164609053497,1785285323.7613342
1,1731,0.5792344808578491,0.6345858895705522,1785285323.9447615
1,1732,0.5475786328315735,0.6341463414634146,1785285324.1455975
1,1733,0.6069974899291992,0.6343434343434343,1785285324.328738
1,1734,0.5612812638282776,0.6349146586345381,1785285324.5151434
1,1735,0.670191764831543,0.6348552894211577,1785285324.7323658
1,1736,0.7978715896606445,0.6346726190476191,1785285324.9162505
1,1737,0.6231521964073181,0.6352317554240631,1785285325.106401
1,1738,0.7257531881332397,0.6349264705882353,1785285325.2995167
1,1739,0.5125222206115723,0.6351120857699805,1785285325.5171506
1,1740,0.46545490622520447,0.6357800387596899,1785285325.7024124
1,1741,0.49729007482528687,0.6359585741811176,1785285325.8870873
1,1742,0.6761742234230042,0.6366139846743295,1785285326.0825946
1,1743,0.5495645403862,0.6364285714285715,1785285326.2676122
1,1744,0.7227386236190796,0.63671875,1785285326.4504864
1,1745,0.488639771938324,0.6366525423728814,1785285326.6333537
1,1746,0.5069752335548401,0.6364700374531835,1785285326.8166752
1,1747,0.5935781002044678,0.6367551210428305,1785285327.0268066
1,1748,0.7547948360443115,0.6371527777777778,1785285327.212778
1,1749,0.6246676445007324,0.6369705340699816,1785285327.3969133
1,1750,0.6040557622909546,0.6370192307692307,1785285327.5822997
1,1751,0.5460928082466125,0.6375227686703097,1785285327.7972333
1,1752,0.4908921420574188,0.6372282608695652,1785285327.995122
1,1753,0.6162452697753906,0.6379504504504504,1785285328.1786296
1,1754,0.8133929371833801,0.6382168458781362,1785285328.3654835
1,1755,0.5858906507492065,0.6379233511586453,1785285328.5839622
1,1756,0.6132426857948303,0.6371897163120568,1785285328.7727027
1,1757,0.6167475581169128,0.6376763668430335,1785285328.957183
1,1758,0.8066047430038452,0.637280701754386,1785285329.1405416
1,1759,0.48579728603363037,0.637325479930192,1785285329.371486
1,1760,0.46604788303375244,0.6383463541666666,1785285329.5561664
1,1761,0.5977649688720703,0.6383851468048359,1785285329.7390504
1,1762,0.6766104102134705,0.6382087628865979,1785285329.9347568
1,1763,0.6239140629768372,0.6384615384615384,1785285330.149698
1,1764,0.7829638123512268,0.6387117346938775,1785285330.3347523
1,1765,0.6142926216125488,0.6389593908629442,1785285330.518969
1,1766,0.614001452922821,0.6389941077441077,1785285330.7091224
1,1767,0.6644163131713867,0.6386097152428811,1785285330.9467068
1,1768,0.3390463888645172,0.6391666666666667,1785285331.1297112
1,1769,0.6312886476516724,0.6395107794361525,1785285331.3146691
1,1770,0.7217190861701965,0.6391295379537953,1785285331.5009513
1,1771,0.6736762523651123,0.6388546798029556,1785285331.713384
1,1772,0.687440812587738,0.6384803921568627,1785285331.8970902
1,1773,0.8242416381835938,0.6390243902439025,1785285332.0817866
1,1774,0.643090546131134,0.6388551779935275,1785285332.2679365
1,1775,0.7582100629806519,0.6390901771336553,1785285332.4808016
1,1776,0.666521430015564,0.6389222756410257,1785285332.6819875
1,1777,0.6995317339897156,0.6381578947368421,1785285332.873153
1,1778,0.8435832262039185,0.6384920634920634,1785285333.0592277
1,1779,0.44732171297073364,0.6385268562401264,1785285333.2414377
1,1780,0.48672983050346375,0.6384630503144654,1785285333.4252872
1,1781,0.36100056767463684,0.638595461658842,1785285333.607918
1,1782,0.8569822311401367,0.6387266355140186,1785285333.7903943
1,1783,0.6019402742385864,0.6387596899224807,1785285333.9924452
1,1784,0.5083512663841248,0.6387924382716049,1785285334.1750534
1,1785,0.5563690066337585,0.638536866359447,1785285334.373352
1,1786,0.7282046675682068,0.6384747706422018,1785285334.5648127
1,1787,0.8372130393981934,0.6383181126331812,1785285334.7483628
1,1788,0.7345381379127502,0.6379734848484848,1785285334.9493613
1,1789,0.8590909242630005,0.6374434389140271,1785285335.1348732
1,1790,0.5325095653533936,0.6380442942942943,1785285335.3353717
1,1791,0.5883820056915283,0.6378923766816144,1785285335.5211623
1,1792,0.6612451672554016,0.6382998511904762,1785285335.713421
1,1793,0.5459948778152466,0.6386111111111111,1785285335.8962123
1,1794,0.5754916667938232,0.6385508849557522,1785285336.0792146
1,1795,0.6750410199165344,0.6383994126284875,1785285336.2848465
1,1796,0.4987836480140686,0.638249269005848,1785285336.469474
1,1797,0.6325842142105103,0.6379184861717613,1785285336.6533446
1,1798,0.7467238903045654,0.6376811594202898,1785285336.8385239
1,1799,0.7840829491615295,0.6381673881673882,1785285337.057331
1,1800,0.7493547201156616,0.6380208333333334,1785285337.2397304
1,1801,0.9933245778083801,0.6385908440629471,1785285337.4225535
1,1802,0.7418887615203857,0.6387108262108262,1785285337.6047313
1,1803,0.7981441020965576,0.638209219858156,1785285337.8320496
1,1804,0.6185184717178345,0.6375353107344632,1785285338.017262
1,1805,0.551674485206604,0.6380098452883263,1785285338.2229226
1,1806,0.6515703797340393,0.6380427170868347,1785285338.4072208
1,1807,0.6437785625457764,0.638336820083682,1785285338.633006
1,1808,0.7599853277206421,0.6381944444444444,1785285338.8244357
1,1809,0.5233281254768372,0.6385719225449515,1785285339.0075967
1,1810,0.553930938243866,0.6386019283746557,1785285339.191614
1,1811,0.6115862131118774,0.6388888888888888,1785285339.4147983
1,1812,0.6248733997344971,0.6384050546448088,1785285339.6057267
1,1813,0.5604745149612427,0.638095238095238,1785285339.7868185
1,1814,0.6958990693092346,0.6377879403794038,1785285339.971676
1,1815,0.7878299951553345,0.6373987854251012,1785285340.1821444
1,1816,0.7064105868339539,0.637684811827957,1785285340.3901236
1,1817,0.46011975407600403,0.6378012048192772,1785285340.5744753
1,1818,0.7101969122886658,0.6379166666666667,1785285340.7756708
1,1819,0.6545394062995911,0.638363213811421,1785285340.9768965
1,1820,0.7847476601600647,0.638723544973545,1785285341.1608922
1,1821,0.7096394300460815,0.6389163372859025,1785285341.3415048
1,1822,0.8758617043495178,0.6384514435695539,1785285341.5242836
1,1823,0.6106061339378357,0.6385620915032679,1785285341.7365751
1,1824,0.7156529426574707,0.6388346354166666,1785285341.9194846
1,1825,0.5680661797523499,0.6388618677042801,1785285342.1179862
1,1826,0.7261295318603516,0.6385658914728682,1785285342.3041558
1,1827,0.6864365339279175,0.6381113256113257,1785285342.5233686
1,1828,0.6234622597694397,0.637900641025641,1785285342.7105842
1,1829,0.595473051071167,0.6376915708812261,1785285342.894606
1,1830,0.701356053352356,0.6377226463104325,1785285343.096223
1,1831,0.5599693059921265,0.6377534854245881,1785285343.331599
1,1832,0.5482831001281738,0.6373106060606061,1785285343.5354528
1,1833,0.5583818554878235,0.6371069182389937,1785285343.721017
1,1834,0.8039163947105408,0.637453007518797,1785285343.907861
1,1835,0.5798381567001343,0.6377184769038702,1785285344.161693
1,1836,0.7228670120239258,0.6379042288557214,1785285344.3595705
1,1837,0.6766413450241089,0.6373915737298637,1785285344.54482
1,1838,0.5792611241340637,0.6372685185185185,1785285344.7279696
1,1839,0.5917178988456726,0.6369926199261993,1785285344.9388633
1,1840,0.6125831604003906,0.6367953431372549,1785285345.122395
1,1841,0.6497320532798767,0.6365995115995116,1785285345.3070493
1,1842,0.751020610332489,0.6362530413625304,1785285345.4903502
1,1843,0.4932609796524048,0.6360606060606061,1785285345.710527
1,1844,0.45576831698417664,0.6361714975845411,1785285345.8948019
1,1845,0.8793232440948486,0.6356046931407943,1785285346.095089
1,1846,0.5767441391944885,0.6354916067146283,1785285346.2880483
1,1847,0.5147755742073059,0.635379330943847,1785285346.4721625
1,1848,0.6862279176712036,0.6349702380952381,1785285346.6743786
1,1849,0.6540019512176514,0.6348606168446026,1785285346.8582962
1,1850,0.7016018033027649,0.6346778959810875,1785285347.0571866
1,1851,0.6740361452102661,0.6342756183745583,1785285347.2415497
1,1852,0.6016561985015869,0.6338761737089202,1785285347.425083
1,1853,0.6521500945091248,0.6341374269005848,1785285347.6095686
1,1854,0.620386004447937,0.6341783216783217,1785285347.7938685
1,1855,0.6277527809143066,0.6342915214866435,1785285348.0039582
1,1856,0.6700295805931091,0.6342592592592593,1785285348.204201
1,1857,0.5933132171630859,0.6343713956170703,1785285348.3872046
1,1858,0.6342653036117554,0.6344827586206897,1785285348.5721407
1,1859,0.6929452419281006,0.6348081328751431,1785285348.7864282
1,1860,0.6938288807868958,0.6349172374429224,1785285348.9685209
1,1861,0.49521011114120483,0.6351678043230944,1785285349.1507938
1,1862,0.6439785361289978,0.6348497732426304,1785285349.333024
1,1863,0.999026894569397,0.6349576271186441,1785285349.5588052
1,1864,0.624382734298706,0.634642454954955,1785285349.7411494
1,1865,0.7188801169395447,0.634469696969697,1785285349.9267502
1,1866,0.5780424475669861,0.6343680089485458,1785285350.1120064
1,1867,0.7874983549118042,0.6343366778149386,1785285350.4003634
1,1868,0.619492769241333,0.6345833333333334,1785285350.6071148
1,1869,0.6765803098678589,0.6346207087486158,1785285350.792021
1,1870,0.7780681848526001,0.6346578366445916,1785285350.9855268
1,1871,0.6519523859024048,0.6348322332233224,1785285351.168328
1,1872,0.7094395160675049,0.6346628289473685,1785285351.3678474
1,1873,0.6241426467895508,0.6344945355191257,1785285351.5513432
1,1874,0.5352935194969177,0.6346677559912854,1785285351.7353637
1,1875,0.7425139546394348,0.6345684039087948,1785285351.9703424
1,1876,0.5142934322357178,0.6345373376623377,1785285352.1597881
1,1877,0.5651835203170776,0.6341693635382956,1785285352.341827
1,1878,0.6208357214927673,0.6341397849462366,1785285352.5414777
1,1879,0.5496096611022949,0.6341103965702036,1785285352.7248363
1,1880,0.5793059468269348,0.6340811965811965,1785285352.910027
1,1881,0.632194995880127,0.6339856230031949,1785285353.0947845
1,1882,0.598647952079773,0.6338906581740976,1785285353.3112695
1,1883,0.47744521498680115,0.6340608465608466,1785285353.4935138
1,1884,0.4477342963218689,0.6341640295358649,1785285353.6766217
1,1885,0.5852373242378235,0.6345294426919033,1785285353.8613274
1,1886,0.7540305256843567,0.6346305031446541,1785285354.0691783
1,1887,0.6125452518463135,0.6342737722048067,1785285354.2697575
1,1888,0.5051324367523193,0.6342447916666667,1785285354.4628243
1,1889,0.6533042788505554,0.6341510903426791,1785285354.6449623
1,1890,0.66756671667099,0.6343814699792961,1785285354.8642814
1,1891,0.5341647267341614,0.6343524251805985,1785285355.06169
1,1892,0.6845837235450745,0.6340020576131687,1785285355.2461967
1,1893,0.6531450748443604,0.6338461538461538,1785285355.429712
1,1894,0.5042592883110046,0.634010736196319,1785285355.6324935
1,1895,0.613715410232544,0.6339831804281345,1785285355.81681
1,1896,0.794241189956665,0.634400406504065,1785285355.999347
1,1897,0.6749212145805359,0.6343085106382979,1785285356.184518
1,1898,0.5514466166496277,0.6346590909090909,1785285356.3824885
1,1899,0.5145599842071533,0.6350704934541792,1785285356.5661669
1,1900,0.5509123802185059,0.6348519076305221,1785285356.7514637
1,1901,0.7569217085838318,0.63501001001001,1785285356.9349568
1,1902,0.6754289865493774,0.6352295409181636,1785285357.1483014
1,1903,0.6111518144607544,0.6353233830845771,1785285357.3314629
1,1904,0.68352872133255,0.6352306547619048,1785285357.5427282
1,1905,0.5262733697891235,0.6354475766567754,1785285357.727975
1,1906,0.8505777716636658,0.6354166666666666,1785285357.9136066
1,1907,0.6470748782157898,0.6356317600786627,1785285358.0998774
1,1908,0.47051137685775757,0.6354779411764706,1785285358.2826924
1,1909,0.5621591210365295,0.6352639296187683,1785285358.466752
1,1910,0.6040806770324707,0.6352948343079922,1785285358.6515987
1,1911,0.6010091304779053,0.6352040816326531,1785285358.8562622
1,1912,0.6110736131668091,0.6350532945736435,1785285359.038838
1,1913,0.5740623474121094,0.6351449275362319,1785285359.2253547
1,1914,0.48947104811668396,0.6349349710982659,1785285359.4135432
1,1915,0.7909600734710693,0.6350264169068204,1785285359.6322317
1,1916,0.7142289876937866,0.6347581417624522,1785285359.8174243
1,1917,0.6080694794654846,0.6346704871060171,1785285360.002004
1,1918,0.793476939201355,0.634702380952381,1785285360.1848853
1,1919,0.9411948919296265,0.6346153846153846,1785285360.4242716
1,1920,0.7297822833061218,0.6347064393939394,1785285360.6288834
1,1921,0.6698305010795593,0.634915014164306,1785285360.8105867
1,1922,0.6015285849571228,0.6350047080979284,1785285361.0177648
1,1923,0.4692644476890564,0.6345657276995306,1785285361.202257
1,1924,0.4704603850841522,0.6345388576779026,1785285361.3913255
1,1925,0.6300042271614075,0.6348039215686274,1785285361.5756354
1,1926,0.6163342595100403,0.6344855679702048,1785285361.7593474
1,1927,0.41366827487945557,0.6348073351903436,1785285361.9751086
1,1928,0.6126081347465515,0.6349537037037037,1785285362.1584907
1,1929,0.6216492056846619,0.6349261311172668,1785285362.344285
1,1930,0.7149918079376221,0.6346685082872928,1785285362.5273926
1,1931,0.6246853470802307,0.6346992653810836,1785285362.7810397
1,1932,0.8116365671157837,0.6343864468864469,1785285362.9768813
1,1933,0.7193961143493652,0.6344748858447489,1785285363.162222
1,1934,0.977783739566803,0.6344489981785064,1785285363.3480587
1,1935,0.5028854608535767,0.6344800181653043,1785285363.5605707
1,1936,0.5796627402305603,0.634171195652174,1785285363.7440093
1,1937,0.5405848026275635,0.6343157181571816,1785285363.9271624
1,1938,0.5688537955284119,0.6341779279279279,1785285364.1108463
1,1939,0.7377396821975708,0.6341531895777179,1785285364.3598804
1,1940,0.6059414744377136,0.6339045698924731,1785285364.5437846
1,1941,0.6118999123573303,0.6337689901697945,1785285364.7279644
1,1942,0.5111055374145508,0.633801247771836,1785285364.912453
1,1943,0.4777364134788513,0.6338333333333334,1785285365.141225
1,1944,0.48726320266723633,0.6338652482269503,1785285365.3409646
1,1945,0.6064942479133606,0.6340627763041556,1785285365.524611
1,1946,0.6222583651542664,0.6338734567901234,1785285365.7280307
1,1947,0.7082213759422302,0.6337950747581355,1785285365.9115512
1,1948,0.48106470704078674,0.634046052631579,1785285366.3800716
1,1949,0.5044485330581665,0.634076990376203,1785285366.5641584
1,1950,0.4635704755783081,0.6338350785340314,1785285366.7458317
1,1951,0.6362215280532837,0.634029590948651,1785285366.930353
1,1952,0.5820133686065674,0.6337890625,1785285367.1140678
1,1953,0.4995902180671692,0.6340367965367966,1785285367.320186
1,1954,0.5357189774513245,0.634229274611399,1785285367.5027947
1,1955,0.6162131428718567,0.6339900947459087,1785285367.6906965
1,1956,0.8669599294662476,0.6338595360824743,1785285367.883126
1,1957,0.7015121579170227,0.6339438731790917,1785285368.084272
1,1958,0.6349905729293823,0.6339209401709401,1785285368.2667906
1,1959,0.5227527618408203,0.6337915601023018,1785285368.449072
1,1960,0.6345490217208862,0.6338222789115646,1785285368.672586
1,1961,0.698703944683075,0.6343299406276506,1785285368.8571558
1,1962,0.6077235341072083,0.6346235194585449,1785285369.0431547
1,1963,0.551082968711853,0.634704641350211,1785285369.235131
1,1964,0.8093206882476807,0.6347853535353535,1785285369.425152
1,1965,0.6622949838638306,0.6349181360201511,1785285369.6269557
1,1966,0.860034704208374,0.6351025963149078,1785285369.8095474
1,1967,0.48303279280662537,0.6351817042606517,1785285369.9913886
1,1968,0.5813624858856201,0.6353645833333333,1785285370.1934795
1,1969,0.604324221611023,0.6353906899418121,1785285370.3806481
1,1970,0.6634997725486755,0.6356757877280266,1785285370.5699084
1,1971,0.7106198072433472,0.6353391232423491,1785285370.7562764
1,1972,0.5769264101982117,0.635365099009901,1785285370.9398766
1,1973,0.6813870668411255,0.6354423868312757,1785285371.1207044
1,1974,0.6937916278839111,0.6354679802955665,1785285371.3059683
1,1975,0.6849513053894043,0.6354422604422605,1785285371.489104
1,1976,0.6089975833892822,0.6352634803921569,1785285371.6737332
1,1977,0.5296121835708618,0.6352383863080685,1785285371.8683295
1,1978,0.618837296962738,0.6353658536585366,1785285372.0554457
1,1979,0.8079858422279358,0.6352392538523925,1785285372.239684
1,1980,0.6858193278312683,0.6354672330097088,1785285372.4240324
1,1981,0.5792999267578125,0.6351896690879741,1785285372.6086297
1,1982,0.6697754263877869,0.6350140901771336,1785285372.7932868
1,1983,0.5586438179016113,0.6348895582329317,1785285372.9783661
1,1984,0.4727468192577362,0.6348157051282052,1785285373.1821449
1,1985,0.6820665597915649,0.6347921662669864,1785285373.3662307
1,1986,0.6837859153747559,0.6346192185007975,1785285373.5683784
1,1987,0.5221572518348694,0.6347454256165473,1785285373.7531881
1,1988,0.4927288889884949,0.6348710317460318,1785285373.9472275
1,1989,0.7016441822052002,0.634847585114806,1785285374.1316886
1,1990,0.7338075041770935,0.6347748815165877,1785285374.3227327
1,1991,0.5900359153747559,0.6346040189125296,1785285374.5069294
1,1992,0.5891436338424683,0.6345813679245284,1785285374.708673
1,1993,0.5166939496994019,0.634313725490196,1785285374.8943555
1,1994,0.5777557492256165,0.6342429577464789,1785285375.0774024
1,1995,0.6096736192703247,0.6342701014832163,1785285375.2817624
1,1996,0.5841911435127258,0.6341997663551402,1785285375.4897013
1,1997,0.6901904344558716,0.634032634032634,1785285375.6732814
1,1998,0.44602692127227783,0.6340116279069767,1785285375.8637347
1,1999,0.7590413689613342,0.6339423820572312,1785285376.0773776
1,2000,0.507076621055603,0.6336323302469136,1785285376.2621114
1,2001,0.7269103527069092,0.6333718244803695,1785285376.4580483
1,2002,0.5397007465362549,0.6336405529953917,1785285376.6512723
1,2003,0.7360268831253052,0.633668582375479,1785285376.8819184
1,2004,0.6053529977798462,0.6338876146788991,1785285377.0702622
1,2005,0.5634301900863647,0.6339626239511823,1785285377.2547255
1,2006,0.6687547564506531,0.633894596651446,1785285377.4394202
1,2007,0.6045917868614197,0.6340167046317388,1785285377.7138906
1,2008,0.45275381207466125,0.6341382575757576,1785285377.8946443
1,2009,0.5713884234428406,0.6341647770219199,1785285378.0956526
1,2010,0.579796314239502,0.6340497737556561,1785285378.278902
1,2011,0.5615494847297668,0.6339352896914974,1785285378.505176
1,2012,0.5076762437820435,0.6336805555555556,1785285378.700566
1,2013,0.6789202690124512,0.6335205992509363,1785285378.8824246
1,2014,0.6509431004524231,0.6335014947683109,1785285379.0778847
1,2015,0.7614455223083496,0.6334358687546607,1785285379.287181
1,2016,0.574001669883728,0.6336030505952381,1785285379.4737375
1,2017,0.5387775897979736,0.633398292501856,1785285379.6656878
1,2018,0.7007420063018799,0.6334722222222222,1785285379.860689
1,2019,0.6175036430358887,0.6334072431633407,1785285380.074559
1,2020,0.7852928638458252,0.6332503687315634,1785285380.2567108
1,2021,0.7151625752449036,0.6333241353936718,1785285380.4398172
1,2022,0.479949951171875,0.6333516886930984,1785285380.6283536
1,2023,0.5331017971038818,0.6332875457875458,1785285380.8523293
1,2024,0.5241644978523254,0.6332236842105263,1785285381.050484
1,2025,0.4000549018383026,0.6333880379285193,1785285381.2314925
1,2026,0.737776517868042,0.6335971615720524,1785285381.4148417
1,2027,0.5725578665733337,0.6334876543209876,1785285381.628577
1,2028,0.6474189162254333,0.6333786231884058,1785285381.8238516
1,2029,0.5271403789520264,0.6331344902386117,1785285382.0186899
1,2030,0.5687476396560669,0.6331168831168831,1785285382.2096958
1,2031,0.48390236496925354,0.6329193664506839,1785285382.39307
1,2032,0.5909750461578369,0.6328573994252874,1785285382.5754445
1,2033,0.6884829998016357,0.6328853046594982,1785285382.7630386
1,2034,0.5709493160247803,0.6329130901287554,1785285382.945051
1,2035,0.5871037840843201,0.6330299785867237,1785285383.1474822
1,2036,0.8802993297576904,0.6329237891737892,1785285383.3302195
1,2037,0.6663769483566284,0.6329068941009239,1785285383.510862
1,2038,0.5668242573738098,0.6328457446808511,1785285383.692846
1,2039,0.5936874151229858,0.6328290870488322,1785285383.9257486
1,2040,0.5762036442756653,0.6325918079096046,1785285384.1111276
1,2041,0.3932640552520752,0.6323555320648344,1785285384.2922473
1,2042,0.7396001219749451,0.632471870604782,1785285384.473868
1,2043,0.7641469240188599,0.6322368421052632,1785285384.6824882
1,2044,0.5002555847167969,0.632484243697479,1785285384.8636415
1,2045,0.5500364303588867,0.6325995807127882,1785285385.0442972
1,2046,0.4155842065811157,0.6326708507670851,1785285385.232446
1,2047,0.699695348739624,0.6325678496868476,1785285385.4527075
1,2048,0.6422595381736755,0.6326822916666667,1785285385.640101
1,2049,0.5837153792381287,0.63249306999307,1785285385.8235369
1,2050,0.6513540744781494,0.6326504149377593,1785285386.0347886
1,2051,0.6410175561904907,0.6327639751552795,1785285386.2172937
1,2052,0.5517659187316895,0.6329631542699724,1785285386.3988633
1,2053,0.657785177230835,0.632774914089347,1785285386.580406
1,2054,0.5652283430099487,0.6327160493827161,1785285386.7630851
1,2055,0.747483491897583,0.632742984257358,1785285386.9824862
1,2056,0.5853163599967957,0.6329832650273224,1785285387.171801
1,2057,0.5602798461914062,0.6329243353783232,1785285387.3546166
1,2058,0.4656989574432373,0.6330782312925171,1785285387.5364377
1,2059,0.5765634179115295,0.6329344874405974,1785285387.777726
1,2060,0.7816013693809509,0.6328760162601627,1785285387.980102
1,2061,0.7476365566253662,0.6329868154158215,1785285388.1608834
1,2062,0.4811289310455322,0.633139338731444,1785285388.3461812
1,2063,0.7639416456222534,0.6330387205387206,1785285388.5289135
1,2064,0.5866459012031555,0.6332745295698925,1785285388.7114866
1,2065,0.544840395450592,0.6332997987927566,1785285388.8920403
1,2066,0.5959156155586243,0.6334086345381527,1785285389.0950093
1,2067,0.4372451603412628,0.6334752839011356,1785285389.2963536
1,2068,0.6254860758781433,0.6331666666666667,1785285389.5009925
1,2069,0.705224335193634,0.6331503659347971,1785285389.683536
1,2070,0.4838564395904541,0.6330926294820717,1785285389.8973298
1,2071,0.6492831110954285,0.6329108681245859,1785285390.0805438
1,2072,0.4175052046775818,0.6331845238095238,1785285390.2656019
1,2073,0.5748982429504395,0.6330445544554455,1785285390.446745
1,2074,0.5686832666397095,0.6331521739130435,1785285390.6481817
1,2075,0.5229588747024536,0.6327662721893491,1785285390.8307283
1,2076,0.6792773604393005,0.6328740157480315,1785285391.0184104
1,2077,0.6604747176170349,0.6328176162409954,1785285391.2014458
1,2078,0.6152603030204773,0.6328839869281045,1785285391.3866088
1,2079,0.5081090927124023,0.6328277886497065,1785285391.6047392
1,2080,0.5828080773353577,0.6328125,1785285391.8008645
1,2081,0.6902020573616028,0.6328378817413906,1785285391.9820697
1,2082,0.4371901750564575,0.632741569390402,1785285392.173991
1,2083,0.5555076599121094,0.6329692556634304,1785285392.389116
1,2084,0.7388009428977966,0.6328326873385013,1785285392.587003
1,2085,0.4008731245994568,0.6329787234042553,1785285392.7696662
1,2086,0.5124163627624512,0.633244851994852,1785285392.9512517
1,2087,0.6149094104766846,0.6332289659601799,1785285393.1784618
1,2088,0.5710012316703796,0.6332131410256411,1785285393.3598099
1,2089,0.9425103664398193,0.6333973128598849,1785285393.5410771
1,2090,0.7451874017715454,0.6335408684546615,1785285393.7246616
1,2091,0.5496679544448853,0.6336838750796686,1785285393.9411895
1,2092,0.5141830444335938,0.6337070610687023,1785285394.1218343
1,2093,0.7499545216560364,0.6336111111111111,1785285394.3053985
1,2094,0.4951133728027344,0.6334363117870723,1785285394.4881527
1,2095,0.5297461152076721,0.6333807716635041,1785285394.6905184
1,2096,0.4694133400917053,0.6334438131313131,1785285394.8714283
1,2097,0.6421454548835754,0.633349086326402,1785285395.0528972
1,2098,0.6008750796318054,0.6334119496855346,1785285395.2339983
1,2099,0.7829222679138184,0.6334745762711864,1785285395.493103
1,2100,0.6284123063087463,0.6334194862155389,1785285395.6740358
1,2101,0.47929662466049194,0.6335209505941213,1785285395.8545616
1,2102,0.6683556437492371,0.6334659800249688,1785285396.0391028
1,2103,0.5406345129013062,0.6334501557632399,1785285396.2215993
1,2104,0.6862646341323853,0.6332789179104478,1785285396.4048133
1,2105,0.5792745351791382,0.633302296710118,1785285396.5852547
1,2106,0.6394519805908203,0.6334030359355638,1785285396.7842715
1,2107,0.6549540758132935,0.6333874458874459,1785285396.9653425
1,2108,1.1367038488388062,0.6335648148148149,1785285397.1459632
1,2109,0.7985837459564209,0.6335874922982132,1785285397.3396008
1,2110,0.7313660979270935,0.6334947724477245,1785285397.5292585
1,2111,0.5878017544746399,0.6332872928176796,1785285397.7487223
1,2112,0.701580286026001,0.6333869485294118,1785285397.9295473
1,2113,0.5880141854286194,0.6332568807339449,1785285398.1127574
1,2114,0.8836017847061157,0.6331654456654456,1785285398.2954779
1,2115,0.6227693557739258,0.6329981718464351,1785285398.532963
1,2116,0.5802374482154846,0.6330215936739659,1785285398.7376485
1,2117,0.595815896987915,0.6329690346083788,1785285398.9290543
1,2118,0.599004328250885,0.6331060606060606,1785285399.1142948
1,2119,0.5019444823265076,0.6330157289776165,1785285399.3270123
1,2120,0.6308366060256958,0.6330389492753623,1785285399.5294924
1,2121,0.6125465035438538,0.6329113924050633,1785285399.7137346
1,2122,0.5613294839859009,0.6330099277978339,1785285399.9132082
1,2123,0.7328831553459167,0.6329954954954955,1785285400.0966938
1,2124,0.5983814001083374,0.6330560551558753,1785285400.2787962
1,2125,0.7657180428504944,0.6330415918611609,1785285400.462078
1,2126,0.5546689629554749,0.632989844683393,1785285400.649242
1,2127,0.706789493560791,0.632938282647585,1785285400.8922577
1,2128,0.47298845648765564,0.6330357142857143,1785285401.0911157
1,2129,0.5962218046188354,0.6332070707070707,1785285401.2752228
1,2130,0.9197492003440857,0.6332666073546857,1785285401.457746
1,2131,0.6475710272789001,0.6333629366489046,1785285401.6700222
1,2132,0.4489910304546356,0.6334958628841607,1785285401.8530562
1,2133,0.669324517250061,0.6335545722713865,1785285402.0363464
1,2134,0.564188539981842,0.6335394581861012,1785285402.218619
1,2135,0.6048188209533691,0.633450911228689,1785285402.4453914
1,2136,0.4255662262439728,0.6335827464788732,1785285402.628142
1,2137,0.5984359979629517,0.6334578207381371,1785285402.8175793
1,2138,0.6859353184700012,0.633406432748538,1785285403.000964
1,2139,0.6509613990783691,0.6333187390542907,1785285403.2443395
1,2140,0.5510733127593994,0.6332313519813519,1785285403.4303613
1,2141,0.6052056550979614,0.633326061663758,1785285403.6258368
1,2142,0.4693141579627991,0.6334567363530779,1785285403.822393
1,2143,0.47341880202293396,0.6335144927536231,1785285404.0032454
1,2144,0.5065380334854126,0.6332826967592593,1785285404.185971
1,2145,0.5941791534423828,0.6333044482957828,1785285404.3788843
1,2146,0.4591224789619446,0.6332900807381776,1785285404.5675812
1,2147,0.7582018375396729,0.6334556706966034,1785285404.7900748
1,2148,0.8823658227920532,0.6334051724137931,1785285404.9807749
1,2149,0.5341198444366455,0.6335699942627654,1785285405.172495
1,2150,0.5620013475418091,0.63334049255441,1785285405.3588965
1,2151,0.7828555703163147,0.6332547169811321,1785285405.5708995
1,2152,0.4881303012371063,0.6334546232876712,1785285405.7519953
1,2153,0.650776743888855,0.6332264957264957,1785285405.9348495
1,2154,0.5406484007835388,0.633141353811149,1785285406.1176355
1,2155,0.666461706161499,0.6332694491766042,1785285406.3263974
1,2156,0.6185318827629089,0.6331136621315193,1785285406.5375211
1,2157,0.5411727428436279,0.6329937747594794,1785285406.7256842
1,2158,0.5195526480674744,0.6332627118644067,1785285406.9249368
1,2159,0.515863299369812,0.6333897349125776,1785285407.1060846
1,2160,0.6622908115386963,0.6334811373873874,1785285407.2871854
1,2161,0.7164894342422485,0.6335019673974143,1785285407.469617
1,2162,0.5591461062431335,0.6336980920314254,1785285407.6501777
1,2163,0.5691846609115601,0.6335434173669467,1785285407.8872755
1,2164,0.7043650150299072,0.6335989932885906,1785285408.069884
1,2165,0.6089186668395996,0.6336194863204914,1785285408.2624767
1,2166,0.5176752209663391,0.633744425863991,1785285408.4548993
1,2167,0.5791976451873779,0.6338341680578742,1785285408.704221
1,2168,0.6323270797729492,0.6337152777777778,1785285408.8871417
1,2169,0.5631059408187866,0.6335967831392124,1785285409.0693033
1,2170,0.7243411540985107,0.6337209302325582,1785285409.250839
1,2171,0.6546339988708496,0.6336719181868435,1785285409.491075
1,2172,0.6571594476699829,0.6338300220750552,1785285409.6831968
1,2173,0.8387052416801453,0.6337809917355371,1785285409.8796873
1,2174,0.49627485871315,0.6337321232123212,1785285410.0738676
1,2175,0.6525411009788513,0.6336834157056562,1785285410.2568693
1,2176,0.7178336977958679,0.6337376644736842,1785285410.454079
1,2177,0.588270902633667,0.6337233169129721,1785285410.635284
1,2178,0.5015564560890198,0.6336407103825137,1785285410.8377407
1,2179,0.504442036151886,0.6337288597926896,1785285411.0183358
1,2180,0.5770460367202759,0.6336805555555556,1785285411.2011147
1,2181,0.5979771018028259,0.6337343665035345,1785285411.38436
1,2182,0.424121230840683,0.6337540716612378,1785285411.5668657
1,2183,0.5516584515571594,0.634010840108401,1785285411.8340106
1,2184,0.5239545702934265,0.6340976731601732,1785285412.0147228
1,2185,0.6874342560768127,0.6341166936790924,1785285412.1970513
1,2186,0.6332840323448181,0.63403451995685,1785285412.384553
1,2187,0.5705816745758057,0.6339189553042541,1785285412.567108
1,2188,0.4860290288925171,0.6341733870967742,1785285412.7480917
1,2189,0.5373597741127014,0.6340579710144928,1785285412.9309878
1,2190,0.5426619648933411,0.6341438906752411,1785285413.1116133
1,2191,0.4612484872341156,0.6340623327982878,1785285413.3121397
1,2192,0.6285785436630249,0.6339476495726496,1785285413.4926646
1,2193,0.7533286213874817,0.6341333333333333,1785285413.6739988
1,2194,0.756496787071228,0.63415202342918,1785285413.8666162
1,2195,0.6342183947563171,0.6340709728867624,1785285414.0874119
1,2196,0.456423282623291,0.6339901804670913,1785285414.2678416
1,2197,0.7233104705810547,0.6340421303656598,1785285414.4484289
1,2198,0.41952627897262573,0.6342592592592593,1785285414.628355
1,2199,0.7140132784843445,0.6340464870575806,1785285414.879128
1,2200,0.7142785787582397,0.6340981012658228,1785285415.061977
1,2201,0.48467183113098145,0.6339849921011058,1785285415.2562
1,2202,0.5803444981575012,0.6337079390115667,1785285415.4392898
1,2203,0.6588679552078247,0.6338582677165354,1785285415.6220057
1,2204,0.6892421245574951,0.6337788259958071,1785285415.80381
1,2205,0.5459350347518921,0.6338958660387232,1785285415.9866781
1,2206,0.6258789896965027,0.6339145768025078,1785285416.1781785
1,2207,0.46149778366088867,0.633998435054773,1785285416.3878732
1,2208,0.706825852394104,0.6340169270833333,1785285416.5711021
1,2209,0.48922356963157654,0.6341653666146646,1785285416.769878
1,2210,0.5644372701644897,0.6342159916926272,1785285416.9541168
1,2211,0.511965811252594,0.6341692586832556,1785285417.1367056
1,2212,0.6255300641059875,0.6339609213250518,1785285417.3184376
1,2213,0.5416373610496521,0.6339470284237726,1785285417.4990144
1,2214,0.6713667511940002,0.6339331785345718,1785285417.6817498
1,2215,0.616397500038147,0.6337583719732097,1785285417.9008853
1,2216,0.574846088886261,0.6339056069958847,1785285418.084203
1,2217,0.577803373336792,0.633891884951207,1785285418.281305
1,2218,0.4379771053791046,0.6340384615384616,1785285418.462089
1,2219,0.4977235794067383,0.6340565796210957,1785285418.6855862
1,2220,0.7333152890205383,0.634010736196319,1785285418.8683262
1,2221,0.6308066844940186,0.6339331291475242,1785285419.050426
1,2222,0.6236391663551331,0.6340150356778798,1785285419.233253
1,2223,0.624834418296814,0.6339058524173028,1785285419.4508297
1,2224,0.6044869422912598,0.6339240345528455,1785285419.6403456
1,2225,0.5623694658279419,0.6340055809233891,1785285419.824494
1,2226,0.6780651211738586,0.6338969098277609,1785285420.0085375
1,2227,0.62482088804245,0.6337885685381892,1785285420.2112095
1,2228,0.6050055027008057,0.6336174242424243,1785285420.3973448
1,2229,0.6334177255630493,0.6336674230963187,1785285420.577945
1,2230,0.8333685398101807,0.6336543303121853,1785285420.7610095
1,2231,0.5638255476951599,0.6336412770236299,1785285420.972391
1,2232,0.443598210811615,0.633753765060241,1785285421.1720617
1,2233,0.7195994853973389,0.6336152882205514,1785285421.3739185
1,2234,0.6467214822769165,0.6335085085085085,1785285421.5564127
1,2235,0.5945385098457336,0.6335894552723638,1785285421.7407093
1,2236,0.5553939342498779,0.6336077844311377,1785285421.9226716
1,2237,0.5443711876869202,0.6335326357747882,1785285422.1057758
1,2238,0.8039870858192444,0.6335509950248757,1785285422.3214922
1,2239,0.6842418909072876,0.6335692995529061,1785285422.504864
1,2240,0.6631768941879272,0.6337115575396826,1785285422.6860976
1,2241,0.513359546661377,0.6338533927686973,1785285422.8660965
1,2242,0.6596930027008057,0.6338711671612265,1785285423.0468857
1,2243,0.5722402930259705,0.633858024691358,1785285423.25817
1,2244,0.5107613801956177,0.6337832840236687,1785285423.4414167
1,2245,0.5383660793304443,0.633739537173806,1785285423.6245494
1,2246,1.010511875152588,0.6336344641101278,1785285423.8069797
1,2247,0.46117615699768066,0.6334990181639666,1785285424.0744748
1,2248,0.5052270889282227,0.633609068627451,1785285424.2567873
1,2249,0.4531010389328003,0.6336270190895742,1785285424.4394765
1,2250,0.5775681734085083,0.633736559139785,1785285424.6486583
1,2251,0.41817036271095276,0.633601756954612,1785285424.8310306
1,2252,0.6724887490272522,0.6333759746588694,1785285425.033557
1,2253,0.6566791534423828,0.6333941605839416,1785285425.2250478
1,2254,0.5532770156860352,0.6335034013605442,1785285425.4287958
1,2255,0.5527374148368835,0.6336123241145075,1785285425.612462
1,2256,0.914945662021637,0.6336300872093024,1785285425.800402
1,2257,0.5016244649887085,0.6337687469762942,1785285425.9893029
1,2258,0.6490581631660461,0.633816425120773,1785285426.1819696
1,2259,0.4810735285282135,0.6339242643511819,1785285426.391105
1,2260,0.6784994602203369,0.6340317919075145,1785285426.5780163
1,2261,0.6494899988174438,0.634018759018759,1785285426.758865
1,2262,0.46979787945747375,0.6340958213256485,1785285426.9419663
1,2263,0.6400344967842102,0.6342026378896882,1785285427.1428177
1,2264,0.4761812090873718,0.6341594827586207,1785285427.3445785
1,2265,0.5885535478591919,0.634325681492109,1785285427.5271227
1,2266,0.9462072253227234,0.6343123209169055,1785285427.746312
1,2267,0.8464645147323608,0.6344778254649499,1785285427.9276516
1,2268,0.5290500521659851,0.6344940476190476,1785285428.1088347
1,2269,0.4585241675376892,0.6345696623870661,1785285428.2896166
1,2270,0.6229618191719055,0.6345857075023742,1785285428.474158
1,2271,0.8084255456924438,0.6344238975817923,1785285428.692741
1,2272,0.39946621656417847,0.6345584753787878,1785285428.89179
1,2273,0.5211812257766724,0.6344562647754137,1785285429.0742152
1,2274,0.6350896954536438,0.6345609065155807,1785285429.2846487
1,2275,0.6756460666656494,0.6345473833097596,1785285429.4653976
1,2276,0.5837762951850891,0.6346516007532956,1785285429.6462264
1,2277,0.6269214749336243,0.6346086036671368,1785285429.8443005
1,2278,0.7256149053573608,0.6345950704225352,1785285430.0581267
1,2279,0.5891464948654175,0.6346108766994843,1785285430.2411616
1,2280,0.5664917230606079,0.6345681179775281,1785285430.4335797
1,2281,0.6623620986938477,0.6344670406732118,1785285430.6163163
1,2282,0.6743800640106201,0.6345121381886087,1785285430.8203979
1,2283,0.48422181606292725,0.6344405594405594,1785285431.0014803
1,2284,0.5613261461257935,0.634427374301676,1785285431.1847868
1,2285,0.5191453099250793,0.6343561134356114,1785285431.3673546
1,2286,0.6084298491477966,0.6343140668523677,1785285431.5502255
1,2287,0.43735039234161377,0.6344170143718127,1785285431.7528186
1,2288,0.5815507173538208,0.6344618055555555,1785285431.9346998
1,2289,0.5905114412307739,0.6344486823855756,1785285432.1163871
1,2290,0.6647862792015076,0.634435595567867,1785285432.3067043
1,2291,0.6943157911300659,0.6345954356846473,1785285432.5364475
1,2292,0.6007300019264221,0.6345246316758748,1785285432.7239783
1,2293,0.42219215631484985,0.6346264367816092,1785285432.9050293
1,2294,0.5570325255393982,0.6343549127640037,1785285433.0877242
1,2295,0.4386763274669647,0.634399358092618,1785285433.3241932
1,2296,0.4782431125640869,0.6343864468864469,1785285433.5154045
1,2297,0.8608325719833374,0.6343735711019661,1785285433.6969013
1,2298,0.5229933857917786,0.6343892694063927,1785285433.8778758
1,2299,0.6321772336959839,0.6343479252165982,1785285434.106223
1,2300,0.46354934573173523,0.6345059198542805,1785285434.295643
1,2301,0.4151672422885895,0.6346350613915416,1785285434.4772644
1,2302,0.8597539663314819,0.6345367847411444,1785285434.6603017
1,2303,0.5214692950248718,0.6344671201814059,1785285434.9069893
1,2304,0.5423352718353271,0.634567481884058,1785285435.0874443
1,2305,0.8201030492782593,0.634639303482587,1785285435.2689137
1,2306,0.5853505730628967,0.634400406504065,1785285435.4662638
1,2307,0.6671844720840454,0.634500451059991,1785285435.6473336
1,2308,0.5657549500465393,0.6346283783783784,1785285435.8301156
1,2309,0.8401476740837097,0.6346716149347729,1785285436.012539
1,2310,0.5298454165458679,0.6346305031446541,1785285436.1931312
1,2311,0.7259312868118286,0.6345053835800808,1785285436.424447
1,2312,0.7278984189033508,0.6344926075268817,1785285436.6185741
1,2313,0.541663646697998,0.6345637583892617,1785285436.8043697
1,2314,0.4774429202079773,0.6344113047363718,1785285436.9861734
1,2315,0.6823193430900574,0.6342592592592593,1785285437.2127786
1,2316,0.5468772053718567,0.6341911764705882,1785285437.4070132
1,2317,0.9173371195793152,0.634262349799733,1785285437.5887198
1,2318,0.5767757296562195,0.63425,1785285437.7908506
1,2319,0.6279795169830322,0.6340434975588105,1785285437.974398
1,2320,0.665145993232727,0.6339760638297872,1785285438.155105
1,2321,0.5942996144294739,0.6340471447543161,1785285438.3408349
1,2322,0.6037037372589111,0.63414566755084,1785285438.5278676
1,2323,0.5388102531433105,0.634326710816777,1785285438.7795978
1,2324,0.4826294481754303,0.6343694885361552,1785285438.9788096
1,2325,0.555635392665863,0.6344396741523558,1785285439.160572
1,2326,0.6231715679168701,0.6343997361477572,1785285439.3412952
1,2327,0.81071937084198,0.6343050065876152,1785285439.584034
1,2328,0.6930054426193237,0.6342379385964912,1785285439.7653613
1,2329,0.6325223445892334,0.6342531756460797,1785285439.9446206
1,2330,0.734523355960846,0.6339949693788276,1785285440.133142
1,2331,0.654612123966217,0.6340650939274792,1785285440.3577168
1,2332,0.5115578174591064,0.6340532286212914,1785285440.5440989
1,2333,0.8905264139175415,0.634041394335512,1785285440.7330852
1,2334,0.40987828373908997,0.634111183637946,1785285440.926517
1,2335,0.6291351914405823,0.6342079530638852,1785285441.2264967
1,2336,0.5883498191833496,0.6341688368055556,1785285441.4169388
1,2337,0.7555421590805054,0.6341569137407889,1785285441.60553
1,2338,0.5935527086257935,0.633982683982684,1785285441.7971032
1,2339,0.5190755128860474,0.6340250756593169,1785285442.0469759
1,2340,0.6310437321662903,0.6338784542314335,1785285442.2411897
1,2341,0.5430410504341125,0.6338939197930142,1785285442.4247386
1,2342,0.49498188495635986,0.6339631782945736,1785285442.6096811
1,2343,0.4628849923610687,0.6339516129032258,1785285442.838366
1,2344,0.583896279335022,0.634020618556701,1785285443.042293
1,2345,0.6239927411079407,0.6339821964821964,1785285443.2266393
1,2346,0.5606059432029724,0.6339170951156813,1785285443.4087336
1,2347,0.5995030999183655,0.6338521608900299,1785285443.6446092
1,2348,0.5369391441345215,0.6340277777777777,1785285443.8273618
1,2349,0.8104075193405151,0.6339628681177977,1785285444.0281599
1,2350,0.6699453592300415,0.6340046888320545,1785285444.2306352
1,2351,0.73525470495224,0.6340730097914006,1785285444.4143722
1,2352,0.6553946137428284,0.6341411564625851,1785285444.6163695
1,2353,0.46017903089523315,0.634156050955414,1785285444.800787
1,2354,0.5212686657905579,0.6341974130619169,1785285445.0047758
1,2355,0.614318311214447,0.6343445573909361,1785285445.1905358
1,2356,0.5411902666091919,0.6342798223350253,1785285445.3738592
1,2357,0.8175439238548279,0.6341888466413181,1785285445.558249
1,2358,0.43911558389663696,0.6339926160337552,1785285445.748687
1,2359,0.7307721376419067,0.6339812473662031,1785285445.961881
1,2360,0.5642656087875366,0.6339699074074074,1785285446.146958
1,2361,0.5232319235801697,0.6340636822194199,1785285446.3456438
1,2362,0.5742257237434387,0.6341047439126785,1785285446.529849
1,2363,0.6380353569984436,0.6341719077568134,1785285446.7513168
1,2364,0.5708808302879333,0.6340033500837521,1785285446.9363894
1,2365,0.7451626062393188,0.6340181932245922,1785285447.1188087
1,2366,0.5975181460380554,0.6341113199665831,1785285447.3034167
1,2367,0.762688159942627,0.6341781393408428,1785285447.5526576
1,2368,0.7988841533660889,0.6340104166666667,1785285447.7370076
1,2369,0.47033992409706116,0.6338951310861424,1785285447.9202235
1,2370,0.4039778709411621,0.6339100166251039,1785285448.1076658
1,2371,0.5844541788101196,0.6336394769613948,1785285448.2928069
1,2372,0.5154872536659241,0.6336287313432836,1785285448.4781237
1,2373,0.9384827613830566,0.6336180124223603,1785285448.6633463
1,2374,0.4712221026420593,0.6335556244830438,1785285448.8588364
1,2375,0.5269714593887329,0.6334675753820735,1785285449.0429058
1,2376,0.6584314703941345,0.6334055280528053,1785285449.2378387
1,2377,0.6144030094146729,0.6332663782447466,1785285449.420302
1,2378,0.5945467948913574,0.633179012345679,1785285449.622916
1,2379,0.6013415455818176,0.633194615700781,1785285449.8056195
1,2380,1.0873695611953735,0.6332871510673235,1785285450.0057015
1,2381,0.43826502561569214,0.6334307093070931,1785285450.1891584
1,2382,0.6674237251281738,0.6333947583947583,1785285450.3769023
1,2383,0.731808066368103,0.633461145194274,1785285450.58778
1,2384,0.5864289402961731,0.6334507761437909,1785285450.7974362
1,2385,0.637129545211792,0.6333639330885353,1785285450.981951
1,2386,0.543112576007843,0.6334046454767727,1785285451.1867845
1,2387,0.5809639692306519,0.6335978835978836,1785285451.3699832
1,2388,0.7455020546913147,0.6336128048780488,1785285451.5603988
1,2389,0.8964900970458984,0.633653065367438,1785285451.7609322
1,2390,0.472843736410141,0.6334904703974047,1785285451.964872
1,2391,0.5834215879440308,0.6334295261239368,1785285452.1500492
1,2392,0.6665866374969482,0.633520428802589,1785285452.3512244
1,2393,0.7299976944923401,0.6335353535353535,1785285452.5346978
1,2394,0.5736457705497742,0.6336511299435028,1785285452.7227783
1,2395,0.7264214754104614,0.6337414349052801,1785285452.906037
1,2396,0.5493312478065491,0.6337811996779388,1785285453.089466
1,2397,0.46767890453338623,0.633745476477684,1785285453.2731488
1,2398,0.6933939456939697,0.6338604417670682,1785285453.4570866
1,2399,0.5665261745452881,0.6339249899719214,1785285453.6962483
1,2400,0.5039074420928955,0.6339893830128205,1785285453.8790731
1,2401,0.48507723212242126,0.6339285714285714,1785285454.062171
1,2402,0.6528086066246033,0.6338679056754596,1785285454.2446752
1,2403,0.7148666977882385,0.6336826347305389,1785285454.484506
1,2404,0.41563382744789124,0.6337719298245614,1785285454.6748102
1,2405,0.7187852263450623,0.633736559139785,1785285454.8599224
1,2406,0.6962087750434875,0.6338007159904535,1785285455.0444176
1,2407,0.8576805591583252,0.6337902264600715,1785285455.2751179
1,2408,1.0170608758926392,0.6339285714285714,1785285455.462586
1,2409,0.5407641530036926,0.6339427269124058,1785285455.6456363
1,2410,0.5834071040153503,0.6340558194774347,1785285455.8549714
1,2411,0.6530760526657104,0.6341933570581257,1785285456.037501
1,2412,0.47790801525115967,0.6342071484992101,1785285456.2378743
1,2413,0.684359073638916,0.6341962524654833,1785285456.422234
1,2414,0.607394278049469,0.6341607565011821,1785285456.6090279
1,2415,0.47227010130882263,0.6341499409681228,1785285456.8245518
1,2416,0.8095260858535767,0.6341637185534591,1785285457.023194
1,2417,0.6002507209777832,0.6342020023557126,1785285457.2088788
1,2418,0.5108619928359985,0.634264705882353,1785285457.3948717
1,2419,0.6448734402656555,0.634204857030944,1785285457.5786548
1,2420,0.4531840682029724,0.6343163145539906,1785285457.7615469
1,2421,0.48056840896606445,0.6343542399374755,1785285457.9451842
1,2422,0.7107502222061157,0.6344652615144418,1785285458.1491263
1,2423,0.5938856601715088,0.6344298245614035,1785285458.332425
1,2424,0.887336254119873,0.6344918224299065,1785285458.5211146
1,2425,0.5303769707679749,0.6345536756126021,1785285458.7048702
1,2426,0.6637371778488159,0.6346153846153846,1785285458.899382
1,2427,0.6604703068733215,0.634628443927047,1785285459.1083202
1,2428,0.6339665055274963,0.6345687984496124,1785285459.293182
1,2429,0.6368776559829712,0.6346060782036392,1785285459.474972
1,2430,0.8753844499588013,0.6346674400618716,1785285459.6879082
1,2431,0.5725340247154236,0.6346803785245269,1785285459.872513
1,2432,0.7319810390472412,0.6346209490740741,1785285460.0576348
1,2433,0.5814954042434692,0.6347302504816956,1785285460.2402594
1,2434,0.5107385516166687,0.6347430715935335,1785285460.4369411
1,2435,0.7103179693222046,0.6347558631295656,1785285460.6196427
1,2436,0.6017956137657166,0.6348646313364056,1785285460.8056557
1,2437,0.6246176958084106,0.6348772535481396,1785285460.9907062
1,2438,0.7213748097419739,0.6348180076628352,1785285461.1939728
1,2439,0.5925159454345703,0.6348784921546116,1785285461.3769095
1,2440,0.5244622826576233,0.6348910550458715,1785285461.5697691
1,2441,0.5791860222816467,0.6350229095074456,1785285461.7546983
1,2442,0.5719161033630371,0.6351782990083905,1785285461.9406989
1,2443,0.7707052230834961,0.6353095238095238,1785285462.1512282
1,2444,0.46478238701820374,0.635250190258752,1785285462.33498
1,2445,0.7026031017303467,0.635381033827442,1785285462.5170681
1,2446,0.444795161485672,0.6354641230068337,1785285462.7007987
1,2447,0.6488768458366394,0.6355707243079257,1785285462.9492748
1,2448,0.6055688858032227,0.6356770833333333,1785285463.147011
1,2449,0.6356739401817322,0.6355467272039349,1785285463.3328676
1,2450,0.7212300300598145,0.6355583900226758,1785285463.5167983
1,2451,0.6006456613540649,0.6356644016610041,1785285463.7234476
1,2452,0.7488236427307129,0.6356523378582202,1785285463.9084032
1,2453,0.5314795970916748,0.6356638418079096,1785285464.0910268
1,2454,0.6086479425430298,0.6357223476297968,1785285464.2747736
1,2455,0.7470661401748657,0.6358511837655016,1785285464.4948795
1,2456,0.5912858843803406,0.6358858858858859,1785285464.6773841
1,2457,0.49785929918289185,0.6358033370828646,1785285464.8606942
1,2458,0.6653122305870056,0.6357209737827715,1785285465.0463753
1,2459,0.6797542572021484,0.6357323232323232,1785285465.3089526
1,2460,0.6095633506774902,0.6357436472346786,1785285465.512154
1,2461,0.7587761282920837,0.6358482642777156,1785285465.6960778
1,2462,0.6953756809234619,0.6358128262490679,1785285465.8796415
1,2463,0.6030309200286865,0.6358938547486034,1785285466.1121466
1,2464,0.6454516649246216,0.6358119419642857,1785285466.3133347
1,2465,0.7630287408828735,0.635776662950576,1785285466.4989288
1,2466,0.7248148918151855,0.6357182628062361,1785285466.6874201
1,2467,0.5458555221557617,0.635613644790508,1785285466.9039767
1,2468,0.697442889213562,0.6357175925925926,1785285467.0975196
1,2469,0.7482330203056335,0.6356825749167592,1785285467.295778
1,2470,0.5552513599395752,0.635740022172949,1785285467.4804232
1,2471,0.6692487001419067,0.6356819859726837,1785285467.6632702
1,2472,0.6448249816894531,0.6356701696165191,1785285467.8665793
1,2473,0.6034103631973267,0.6355893186003683,1785285468.0521555
1,2474,0.7029778957366943,0.6355546357615894,1785285468.2460728
1,2475,0.6540940999984741,0.6357267548695332,1785285468.468176
1,2476,0.6239805221557617,0.635806718061674,1785285468.6628673
1,2477,0.6325331926345825,0.6358406674000734,1785285468.848504
1,2478,0.7711089253425598,0.6358287545787545,1785285469.0342948
1,2479,0.5573469996452332,0.635771130625686,1785285469.2560525
1,2480,0.5646777153015137,0.6357593201754386,1785285469.451007
1,2481,0.6252248287200928,0.6359072654253377,1785285469.6348019
1,2482,0.6348407864570618,0.6359865061998541,1785285469.817278
1,2483,0.6443489193916321,0.6359061930783242,1785285470.0211375
1,2484,0.6252897381782532,0.635894286754003,1785285470.2051332
1,2485,0.6080071926116943,0.6358824063976736,1785285470.3895576
1,2486,0.5617304444313049,0.6359159404502541,1785285470.5753047
1,2487,0.7669473886489868,0.635949401523395,1785285470.7839878
1,2488,0.5182867050170898,0.6359827898550725,1785285470.9848948
1,2489,0.6998869180679321,0.6360613463626493,1785285471.173437
1,2490,0.4076211452484131,0.6360267534345625,1785285471.361749
1,2491,0.5035458207130432,0.6360825207656193,1785285471.6269693
1,2492,0.42988207936286926,0.636228354978355,1785285471.8170235
1,2493,0.5844247341156006,0.6361261261261262,1785285472.0034738
1,2494,0.5807943344116211,0.6359566234701224,1785285472.197359
1,2495,0.7867879867553711,0.6358099604458828,1785285472.4537525
1,2496,0.561128556728363,0.6357309626436781,1785285472.6387193
1,2497,0.6286531686782837,0.6356297093649085,1785285472.8216782
1,2498,0.6531509160995483,0.6357078853046595,1785285473.0076537
1,2499,0.5338457226753235,0.635718761188686,1785285473.2270765
1,2500,0.4277975261211395,0.6358190271816881,1785285473.4090147
1,2501,0.4396388530731201,0.6359190782422294,1785285473.607781
1,2502,0.47193652391433716,0.6360412205567452,1785285473.7911925
1,2503,0.7035109400749207,0.6360294117647058,1785285473.977477
1,2504,0.5433265566825867,0.6360621438746439,1785285474.1593795
1,2505,0.5747711062431335,0.636250444681608,1785285474.342734
1,2506,0.635840892791748,0.6361940298507462,1785285474.531524
1,2507,0.7641605138778687,0.6362264820731275,1785285474.7425363
1,2508,0.6798232793807983,0.6362145390070922,1785285474.9260063
1,2509,0.5172528028488159,0.6362690400283386,1785285475.1118379
1,2510,0.5532241463661194,0.6362349610757254,1785285475.298891
1,2511,0.6525050401687622,0.6363556026864616,1785285475.5132935
1,2512,0.6259008646011353,0.6363877118644068,1785285475.707076
1,2513,0.6160799860954285,0.6363756613756614,1785285475.8891294
1,2514,0.6117610335350037,0.6362535236081748,1785285476.0770411
1,2515,0.5237120985984802,0.6363516367476241,1785285476.2896395
1,2516,0.5578343272209167,0.6362737341772152,1785285476.4950264
1,2517,0.5607517957687378,0.6364155251141552,1785285476.678254
1,2518,0.6072306632995605,0.6364912280701754,1785285476.860895
1,2519,0.5924585461616516,0.6364791447599019,1785285477.0804355
1,2520,0.6030047535896301,0.6365327380952381,1785285477.264412
1,2521,0.6578182578086853,0.6365206365862189,1785285477.4495938
1,2522,0.728177547454834,0.6363993710691824,1785285477.633204
1,2523,0.5912979245185852,0.6362347294938918,1785285477.8671222
1,2524,0.7746242880821228,0.6360486401673641,1785285478.0624487
1,2525,0.403455913066864,0.6360588645071403,1785285478.245461
1,2526,0.6440809965133667,0.6358950939457203,1785285478.4505064
1,2527,0.4855738878250122,0.6359489051094891,1785285478.6615043
1,2528,0.574625551700592,0.6359157986111111,1785285478.8463783
1,2529,0.4884015917778015,0.63579604578564,1785285479.031529
1,2530,0.6003330945968628,0.635763167013167,1785285479.2195878
1,2531,0.6391416788101196,0.635773624091381,1785285479.4339693
1,2532,0.4844081997871399,0.6358272821576764,1785285479.6330369
1,2533,0.6319238543510437,0.6358160621761658,1785285479.816148
1,2534,0.5534245371818542,0.6357617322291236,1785285480.02143
1,2535,0.4766552448272705,0.6357936918304034,1785285480.2052512
1,2536,0.5634499788284302,0.635782541322314,1785285480.4010901
1,2537,0.6159070730209351,0.6357284141726867,1785285480.5856173
1,2538,0.5335531830787659,0.6356743986254295,1785285480.785725
1,2539,0.5742827653884888,0.6357277720562994,1785285481.0013583
1,2540,0.7529340386390686,0.6359096364883402,1785285481.1991868
1,2541,0.46158814430236816,0.6359626584446728,1785285481.3851285
1,2542,0.8204251527786255,0.635887234770705,1785285481.5897458
1,2543,0.7238833904266357,0.635940170940171,1785285481.7753744
1,2544,0.79883873462677,0.6359929986338798,1785285481.9733627
1,2545,0.5784758925437927,0.6361096895257591,1785285482.1573699
1,2546,0.5637552738189697,0.6361835378323109,1785285482.3613539
1,2547,0.6576688885688782,0.636193394620361,1785285482.5444646
1,2548,0.4454619884490967,0.6362457482993197,1785285482.7540083
1,2549,0.6299434900283813,0.6362767584097859,1785285482.9368703
1,2550,0.8602740168571472,0.6362228445349627,1785285483.1397238
1,2551,0.7969897985458374,0.6362326212275348,1785285483.3226752
1,2552,0.4939247965812683,0.6362212059620597,1785285483.5107048
1,2553,0.5516374111175537,0.6362732656514383,1785285483.6944911
1,2554,0.8067106604576111,0.6361773157538878,1785285483.879612
1,2555,0.5568764805793762,0.6360604525498142,1785285484.107948
1,2556,0.7521135807037354,0.636007085020243,1785285484.2919636
1,2557,0.5912121534347534,0.6359748904617458,1785285484.4775057
1,2558,0.46356910467147827,0.6360479797979798,1785285484.6626062
1,2559,0.6627798676490784,0.6359527413387152,1785285484.8869057
1,2560,0.5958573222160339,0.6360257056451613,1785285485.082821
1,2561,0.6811126470565796,0.6359306814367237,1785285485.2679121
1,2562,0.5728671550750732,0.6358568075117371,1785285485.4786
1,2563,0.5661540627479553,0.6357202680067001,1785285485.6806374
1,2564,0.6361854076385498,0.6358350066934404,1785285485.8753316
1,2565,0.43379685282707214,0.6358659311267135,1785285486.073162
1,2566,0.6341593265533447,0.6358550434201736,1785285486.268111
1,2567,0.6766039133071899,0.6358441775108442,1785285486.4529905
1,2568,0.5917348861694336,0.6357916666666666,1785285486.6358645
1,2569,0.574454665184021,0.6357600732600732,1785285486.8234904
1,2570,0.5923898816108704,0.6356661676646707,1785285487.0064528
1,2571,0.5348631143569946,0.6358217015619807,1785285487.24219
1,2572,0.4689518213272095,0.6358524236387783,1785285487.4333112
1,2573,0.6827253699302673,0.6358623548922057,1785285487.6361158
1,2574,0.6305941343307495,0.6357894300861497,1785285487.840065
1,2575,0.5831512808799744,0.6357580271433301,1785285488.0411942
1,2576,0.7710577845573425,0.6356853505291006,1785285488.2336874
1,2577,0.5564239025115967,0.6357367030062768,1785285488.4288297
1,2578,0.7361629605293274,0.6356848184818482,1785285488.613799
1,2579,0.5420244336128235,0.6356330365974283,1785285488.7995715
1,2580,0.6806349754333496,0.6356225296442688,1785285488.984509
1,2581,0.5904489159584045,0.6356120434353406,1785285489.1684835
1,2582,0.7882224321365356,0.6355810322156475,1785285489.3553505
1,2583,0.43144065141677856,0.6355090311986864,1785285489.584831
1,2584,0.6716558933258057,0.6355396981627297,1785285489.7842557
1,2585,0.7438862323760986,0.6354473942969519,1785285489.9667623
1,2586,0.6137468218803406,0.6353757367387033,1785285490.1522312
1,2587,0.49640515446662903,0.6354268891069677,1785285490.4088755
1,2588,0.5566021203994751,0.6353145424836601,1785285490.5951188
1,2589,0.510618269443512,0.6354064642507345,1785285490.7766712
1,2590,0.5038626194000244,0.6354982061317678,1785285490.9613767
1,2591,0.44090914726257324,0.6354879439556859,1785285491.1819637
1,2592,0.5140948295593262,0.6356201171875,1785285491.3645885
1,2593,0.5588164329528809,0.635609756097561,1785285491.54885
1,2594,0.6261183619499207,0.6356400259909032,1785285491.7362845
1,2595,0.6168428659439087,0.6356093800714054,1785285491.9525356
1,2596,0.694533109664917,0.6354774643320363,1785285492.1365044
1,2597,0.598757803440094,0.6354672821509556,1785285492.3386912
1,2598,0.5763962864875793,0.6355177993527508,1785285492.5231347
1,2599,0.5308403372764587,0.6355480116391853,1785285492.749971
1,2600,0.46512582898139954,0.6354974160206718,1785285492.9336152
1,2601,0.6063428521156311,0.6353460793804453,1785285493.1342952
1,2602,0.5061236619949341,0.6352554803352676,1785285493.3173635
1,2603,0.5848311185836792,0.6351650563607085,1785285493.5504458
1,2604,0.4748104512691498,0.635074806949807,1785285493.7352483
1,2605,0.625944972038269,0.6351052716168435,1785285493.93517
1,2606,0.7629839777946472,0.6349349710982659,1785285494.1203306
1,2607,0.6458722352981567,0.6349655117099775,1785285494.3479865
1,2608,0.5000151991844177,0.6350360576923076,1785285494.5308108
1,2609,0.4838238060474396,0.6350064040986231,1785285494.7145967
1,2610,0.7518652677536011,0.6350167946257198,1785285494.898093
1,2611,0.5655462741851807,0.6350870885266858,1785285495.0804489
1,2612,0.5729674696922302,0.6350973818646233,1785285495.2655778
1,2613,0.7133911848068237,0.6351874003189792,1785285495.447856
1,2614,0.47218963503837585,0.6353569152326323,1785285495.6357987
1,2615,0.5107302665710449,0.6353669213626234,1785285495.846226
1,2616,0.476298987865448,0.6354365458015268,1785285496.0307002
1,2617,0.6405825018882751,0.6354067365745154,1785285496.2139757
1,2618,0.5883599519729614,0.6353571428571428,1785285496.408673
1,2619,0.6731184124946594,0.635267998731367,1785285496.6295097
1,2620,0.7138907313346863,0.6352780418250951,1785285496.8138626
1,2621,0.7596026659011841,0.6352880658436214,1785285496.996654
1,2622,0.5023514628410339,0.6352783048703352,1785285497.1800535
1,2623,0.64247727394104,0.6353672985781991,1785285497.404985
1,2624,0.6348578929901123,0.6353574810606061,1785285497.5914981
1,2625,0.44449910521507263,0.635327972248502,1785285497.7748675
1,2626,0.5103672742843628,0.6353969754253308,1785285497.9583218
1,2627,0.5299531817436218,0.6353871576959396,1785285498.1758723
1,2628,0.5809160470962524,0.6353773584905661,1785285498.357907
1,2629,0.6503228545188904,0.6353872133207665,1785285498.541424
1,2630,0.7241896390914917,0.6353578154425612,1785285498.7270176
1,2631,0.5908978581428528,0.6353480714957667,1785285498.9675622
1,2632,0.8752303719520569,0.6353970864661654,1785285499.1686172
1,2633,0.505532443523407,0.6354068857589984,1785285499.3533692
1,2634,0.6451293230056763,0.635338492808005,1785285499.535885
1,2635,0.5330803394317627,0.6353483286472977,1785285499.7536623
1,2636,0.6008719801902771,0.6353581460674157,1785285499.936132
1,2637,0.5978353023529053,0.6354069223573433,1785285500.1510751
1,2638,0.9316884279251099,0.6352803738317757,1785285500.3509138
1,2639,0.5355768203735352,0.6352513227513228,1785285500.5364199
1,2640,0.5619293451309204,0.6352223258706468,1785285500.7252214
1,2641,0.718033492565155,0.6351933830382106,1785285500.9096334
1,2642,0.6906946301460266,0.6351063004345128,1785285501.0939221
1,2643,0.5464370250701904,0.6350193798449613,1785285501.301362
1,2644,0.7052314281463623,0.6348745353159851,1785285501.4852722
1,2645,0.5607529878616333,0.6348847106159083,1785285501.6694903
1,2646,0.5953471064567566,0.634836889301175,1785285501.8688045
1,2647,0.501139760017395,0.6348856966326846,1785285502.0818858
1,2648,0.4835776686668396,0.6348958333333333,1785285502.2812016
1,2649,0.5237032175064087,0.6348481344434166,1785285502.465465
1,2650,0.5457069277763367,0.6348967960566851,1785285502.64861
1,2651,0.6113106608390808,0.6349068944290551,1785285502.8949914
1,2652,0.6876570582389832,0.6348977552275523,1785285503.0803227
1,2653,0.5618794560432434,0.6349078341013825,1785285503.2666454
1,2654,0.3687206208705902,0.634956261510129,1785285503.4504802
1,2655,0.505315899848938,0.6349471021159153,1785285503.670095
1,2656,0.6329675316810608,0.6349188112745098,1785285503.853951
1,2657,0.5484393835067749,0.6350053565962657,1785285504.0551639
1,2658,0.6676779985427856,0.6350535168195719,1785285504.248775
1,2659,0.6323306560516357,0.6350824931255729,1785285504.4307845
1,2660,0.4550671875476837,0.6350351037851037,1785285504.6148453
1,2661,0.6066009402275085,0.6350449832265935,1785285504.798512
1,2662,0.4797556400299072,0.6349215417428398,1785285504.9818618
1,2663,0.6743062734603882,0.6348554033485541,1785285505.2014196
1,2664,0.4114835560321808,0.6348464111922141,1785285505.4030712
1,2665,0.46896058320999146,0.634875417806138,1785285505.5857005
1,2666,0.5299235582351685,0.6348474499089253,1785285505.7778604
1,2667,0.6160264611244202,0.6348195329087049,1785285505.9617672
1,2668,0.6186127662658691,0.6347727272727273,1785285506.1470008
1,2669,0.702052891254425,0.6348016954283984,1785285506.3306456
1,2670,0.7941544651985168,0.634698275862069,1785285506.523564
1,2671,0.594042181968689,0.6347083711090964,1785285506.7405865
1,2672,0.6631393432617188,0.6347939311594203,1785285506.9247956
1,2673,0.9986295700073242,0.6347662141779788,1785285507.1084406
1,2674,0.5380142331123352,0.6347762206148282,1785285507.2997873
1,2675,0.6800768375396729,0.6347297500752785,1785285507.5278902
1,2676,0.48116081953048706,0.6348337845968712,1785285507.727526
1,2677,0.6013679504394531,0.6347873459573189,1785285507.9120374
1,2678,0.4813339114189148,0.6348160660660661,1785285508.0962934
1,2679,0.5360072255134583,0.6347697269726973,1785285508.3045273
1,2680,0.763298749923706,0.6346860011990407,1785285508.48827
1,2681,0.6285899877548218,0.6347334531296795,1785285508.6712635
1,2682,0.5725594162940979,0.6346686116098145,1785285508.8651602
1,2683,0.816190779209137,0.6346973094170404,1785285509.1152828
1,2684,0.6231377124786377,0.6347072879330944,1785285509.2991865
1,2685,0.5716186761856079,0.634605341689048,1785285509.5008352
1,2686,0.7512545585632324,0.6345408467501491,1785285509.6995022
1,2687,0.5107301473617554,0.6345695561513256,1785285509.88272
1,2688,0.6521517038345337,0.6346168154761904,1785285510.0844855
1,2689,0.42759406566619873,0.6345896520963425,1785285510.2685862
1,2690,0.6036698818206787,0.6346368092691622,1785285510.4562962
1,2691,0.7057713270187378,0.634591124962897,1785285510.6796126
1,2692,0.47807660698890686,0.6346196619217082,1785285510.8635602
1,2693,0.6130902767181396,0.6346296296296297,1785285511.0464542
1,2694,0.8073590993881226,0.6346210775606868,1785285511.2340398
1,2695,0.4918137490749359,0.634575569358178,1785285511.4879675
1,2696,0.754161536693573,0.63458554964539,1785285511.6722689
1,2697,0.6118404865264893,0.634595512252731,1785285511.8623948
1,2698,0.5524524450302124,0.6346054572271387,1785285512.0578487
1,2699,0.5463249087333679,0.6346153846153846,1785285512.2433586
1,2700,0.6691994667053223,0.6345516784452296,1785285512.4286554
1,2701,0.4863688349723816,0.6344145336863783,1785285512.6110578
1,2702,0.5319199562072754,0.6344797178130511,1785285512.8234217
1,2703,0.6285191774368286,0.6344897209985316,1785285513.0058954
1,2704,0.5664623975753784,0.6345363849765259,1785285513.2075956
1,2705,0.6162700653076172,0.6344363822925828,1785285513.3902571
1,2706,0.6798807382583618,0.6345196250732279,1785285513.5935762
1,2707,0.5793730616569519,0.6346210125841382,1785285513.7954378
1,2708,0.5117034912109375,0.6346491228070176,1785285513.9949243
1,2709,0.40413206815719604,0.6347137014314929,1785285514.179568
1,2710,0.5945191979408264,0.6347964098073555,1785285514.365081
1,2711,0.6039196252822876,0.6348425196850394,1785285514.5774124
1,2712,0.714669942855835,0.6347246503496503,1785285514.7623827
1,2713,0.45786380767822266,0.6348071324599709,1785285514.9646277
1,2714,0.6108340620994568,0.6348349331006399,1785285515.1552355
1,2715,0.5014467239379883,0.6348263586166812,1785285515.3821504
1,2716,0.48016101121902466,0.6348903890824622,1785285515.5644264
1,2717,0.4190315902233124,0.6348999129677981,1785285515.7479472
1,2718,0.6619051098823547,0.634927536231884,1785285515.9325721
1,2719,0.6732393503189087,0.6349189110918042,1785285516.148973
1,2720,0.8016130924224854,0.6349464699074074,1785285516.3487666
1,2721,0.7457417845726013,0.6348294304712344,1785285516.532118
1,2722,0.6005473732948303,0.6348570190641247,1785285516.716589
1,2723,0.7443828582763672,0.6347943722943723,1785285516.954615
1,2724,0.8107892274856567,0.6348039215686274,1785285517.1399891
1,2725,0.5754121541976929,0.6347954479976952,1785285517.3236444
1,2726,0.5913572311401367,0.6347510074841681,1785285517.5221806
1,2727,0.4581544101238251,0.6347965199884958,1785285517.7045162
1,2728,0.7040050029754639,0.6347162356321839,1785285517.8877764
1,2729,0.5311177968978882,0.6348155325868504,1785285518.0700493
1,2730,0.5488351583480835,0.6348608720596672,1785285518.25671
1,2731,0.6955081820487976,0.634762826024649,1785285518.4822173
1,2732,0.6124196648597717,0.6345754581901489,1785285518.6676807
1,2733,0.4932899475097656,0.6346387696709586,1785285518.8512447
1,2734,0.449573278427124,0.6347377072612922,1785285519.048377
1,2735,0.6992244720458984,0.6347472150814053,1785285519.2310128
1,2736,0.6487612724304199,0.6347567066210046,1785285519.4149659
1,2737,0.6009670495986938,0.6348196464214428,1785285519.599993
1,2738,0.6741657853126526,0.6348468660968661,1785285519.7998457
1,2739,0.4327070713043213,0.6348384571591232,1785285520.04103
1,2740,0.5569106340408325,0.6348833902161547,1785285520.2248955
1,2741,0.7748650312423706,0.6348749644785451,1785285520.4251382
1,2742,0.6183118224143982,0.6349197898921067,1785285520.607391
1,2743,0.5297973155975342,0.6349468085106383,1785285520.8504112
1,2744,0.5115018486976624,0.6349737811791383,1785285521.0329733
1,2745,0.5407329797744751,0.634983007646559,1785285521.2175145
1,2746,0.6471851468086243,0.635062959818902,1785285521.4007847
1,2747,0.5438346266746521,0.6350720949957591,1785285521.614166
1,2748,0.43838781118392944,0.6350988700564971,1785285521.7990189
1,2749,0.6074597835540771,0.6350903189387525,1785285521.9832954
1,2750,0.7860234975814819,0.6350994077834179,1785285522.1689503
1,2751,0.6396223902702332,0.6351084812623274,1785285522.4286478
1,2752,0.4904731214046478,0.635082347972973,1785285522.6129344
1,2753,0.6708228588104248,0.6349507735583685,1785285522.8111718
1,2754,0.6494432687759399,0.6349248173130972,1785285522.9981563
1,2755,0.525917649269104,0.6349164560516709,1785285523.1808708
1,2756,0.5408357977867126,0.6349957912457912,1785285523.3659904
1,2757,0.575151264667511,0.6349523409027193,1785285523.5478358
1,2758,0.7448334693908691,0.6349264705882353,1785285523.7304468
1,2759,0.5441163182258606,0.6348831514133781,1785285523.9655213
1,2760,0.518479585647583,0.6348573825503355,1785285524.166942
1,2761,0.6335039734840393,0.6348840458228555,1785285524.3658621
1,2762,0.7993048429489136,0.634858319374651,1785285524.5528896
1,2763,0.5382407307624817,0.6348849372384937,1785285524.7361512
1,2764,0.696268618106842,0.634963768115942,1785285524.9211388
1,2765,0.736828088760376,0.6350424672793094,1785285525.104934
1,2766,0.4888223111629486,0.6349993043962159,1785285525.288185
1,2767,0.5643409490585327,0.6350604670558799,1785285525.524227
1,2768,0.5198793411254883,0.6350694444444445,1785285525.7073941
1,2769,0.7879294753074646,0.6350263669164585,1785285525.8907595
1,2770,0.6097173690795898,0.6349660288408209,1785285526.0960975
1,2771,0.5585811138153076,0.635009697977279,1785285526.2791042
1,2772,0.5055867433547974,0.6350705980066446,1785285526.463947
1,2773,0.5527216196060181,0.6349930843706777,1785285526.6470647
1,2774,0.5920517444610596,0.6350366224433389,1785285526.8397021
1,2775,0.5884241461753845,0.6349420049710025,1785285527.0249317
1,2776,0.5125671029090881,0.6349855132450332,1785285527.2083972
1,2777,0.6040965914726257,0.635011717673008,1785285527.3916268
1,2778,0.6869077086448669,0.6350034435261708,1785285527.5912776
1,2779,0.5344740748405457,0.6349435728048445,1785285527.7743888
1,2780,0.6038981080055237,0.6350213146314632,1785285528.1201437
1,2781,0.5388919115066528,0.6350302280846386,1785285528.3201876
1,2782,0.5307263731956482,0.6351249313563976,1785285528.5049503
1,2783,0.6337099671363831,0.635116598079561,1785285528.7001188
1,2784,0.6852943301200867,0.6350740131578947,1785285528.8859081
1,2785,0.8281407356262207,0.6350828540125993,1785285529.0852332
1,2786,0.5917044281959534,0.6351087848932676,1785285529.2858262
1,2787,0.9141272902488708,0.6350834016953787,1785285529.4692905
1,2788,0.6627027988433838,0.6350239071038252,1785285529.6557853
1,2789,0.5913434028625488,0.634998634998635,1785285529.841078
1,2790,0.6118278503417969,0.6350245499181669,1785285530.0268342
1,2791,0.792145848274231,0.6350844916871082,1785285530.2123644
1,2792,0.8197723627090454,0.6351102941176471,1785285530.4089448
1,2793,0.6504464149475098,0.6352210884353742,1785285530.5926225
1,2794,0.6386523246765137,0.635144779771615,1785285530.7868452
1,2795,0.9417548775672913,0.6351365118174409,1785285530.9725912
1,2796,0.6549938321113586,0.6351791530944625,1785285531.1581678
1,2797,0.5758826732635498,0.6351878220775699,1785285531.3432899
1,2798,0.5707289576530457,0.6351626016260162,1785285531.5286748
1,2799,0.5604791045188904,0.635086650419713,1785285531.7112374
1,2800,0.6356909871101379,0.6351122835497836,1785285531.8966682
1,2801,0.755237340927124,0.6351209786428764,1785285532.0926085
1,2802,0.703214704990387,0.6350114802809292,1785285532.2895505
1,2803,0.8723745346069336,0.6350033738191633,1785285532.475057
1,2804,0.6449865698814392,0.6350795577130529,1785285532.6601512
1,2805,0.5698216557502747,0.6351050929668552,1785285532.8457024
1,2806,0.623600959777832,0.6351305869682283,1785285533.0312126
1,2807,0.7683054208755493,0.6352064837234329,1785285533.2141728
1,2808,0.5879199504852295,0.6351814516129032,1785285533.3990245
1,2809,0.788498044013977,0.6351900349180768,1785285533.5816934
1,2810,0.7227841019630432,0.6352657004830918,1785285533.7664895
1,2811,0.5684686303138733,0.6351903995709306,1785285533.9510314
1,2812,0.5359055995941162,0.6351319667738478,1785285534.1503303
1,2813,0.633605420589447,0.6350736278447122,1785285534.335322
1,2814,0.907191276550293,0.635065543071161,1785285534.5198436
1,2815,0.6432308554649353,0.6349906442127773,1785285534.7193096
1,2816,0.581817626953125,0.6349826388888888,1785285534.9039752
1,2817,0.4785173833370209,0.6350413664264745,1785285535.1091754
1,2818,0.7319782376289368,0.6350833333333333,1785285535.3002865
1,2819,0.6015946865081787,0.6351751931787903,1785285535.4844656
1,2820,0.5533884167671204,0.635133785942492,1785285535.6683693
1,2821,0.5917903184890747,0.6350758180367119,1785285535.8506737
1,2822,0.48725640773773193,0.6351176236044657,1785285536.0349133
1,2823,0.7240926027297974,0.635109561752988,1785285536.282705
1,2824,0.7915636301040649,0.6351346868365181,1785285536.478016
1,2825,0.707466185092926,0.6350769026783346,1785285536.6645098
1,2826,0.5259116291999817,0.635085453100159,1785285536.849954
1,2827,0.5860339403152466,0.6350939899391052,1785285537.0501494
1,2828,0.5271498560905457,0.6350529100529101,1785285537.240669
1,2829,0.7389706373214722,0.6350614591593973,1785285537.440428
1,2830,0.4992506802082062,0.6351030110935024,1785285537.6367843
1,2831,0.5415567755699158,0.635128002111375,1785285537.821717
1,2832,0.7015691995620728,0.6351694356540084,1785285538.004658
1,2833,0.49839526414871216,0.6351778656126482,1785285538.1978009
1,2834,0.6491202712059021,0.6351698262243286,1785285538.3829205
1,2835,0.7030335664749146,0.6351453564851355,1785285538.5982563
1,2836,0.6123493909835815,0.6351702155625657,1785285538.7801635
1,2837,0.3474811613559723,0.6352442868400315,1785285538.9648392
1,2838,0.5474130511283875,0.6351870078740157,1785285539.170136
1,2839,0.43683061003685,0.6351953842119067,1785285539.3845527
1,2840,0.6002452969551086,0.6351218553459119,1785285539.5708082
1,2841,0.5760741233825684,0.6351957318669809,1785285539.756101
1,2842,0.6266753077507019,0.6351713762428048,1785285539.945103
1,2843,0.5524925589561462,0.6352124183006536,1785285540.1612253
1,2844,0.5107202529907227,0.6351391065830722,1785285540.3446844
1,2845,0.599882185459137,0.6350985382406682,1785285540.530276
1,2846,0.5753633975982666,0.6352210485133021,1785285540.7158275
1,2847,0.5778722763061523,0.6352619233776388,1785285540.9222724
1,2848,0.5668872594833374,0.6353515625,1785285541.1070342
1,2849,0.6271716356277466,0.635343481654957,1785285541.293584
1,2850,0.6843183636665344,0.6352541601664067,1785285541.4850886
1,2851,0.612763524055481,0.6352299298519096,1785285541.6748366
1,2852,0.5807477235794067,0.6352868639667705,1785285541.8803983
1,2853,0.6002923250198364,0.6352464332036316,1785285542.065517
1,2854,0.5914615988731384,0.6351736651114567,1785285542.2625816
1,2855,0.7322961091995239,0.63510101010101,1785285542.4500816
1,2856,0.5209347605705261,0.6351255175983437,1785285542.6454313
1,2857,0.7932602763175964,0.6351176622704939,1785285542.8392847
1,2858,0.6681562662124634,0.635093669250646,1785285543.035402
1,2859,0.5269591808319092,0.6351342628453396,1785285543.2510145
1,2860,0.6619018912315369,0.6351264189886481,1785285543.4385188
1,2861,0.4744502007961273,0.6352152616653777,1785285543.6410067
1,2862,0.6392207741737366,0.6351751674394642,1785285543.8271077
1,2863,0.6252318620681763,0.6351190476190476,1785285544.069871
1,2864,0.5890019536018372,0.6350630144032922,1785285544.275545
1,2865,0.7379835247993469,0.6350713184271396,1785285544.466201
1,2866,0.66047602891922,0.6350796096558808,1785285544.663347
1,2867,0.46589818596839905,0.6350878881190659,1785285544.8838243
1,2868,0.5144151449203491,0.6351762820512821,1785285545.0670006
1,2869,0.6318857073783875,0.6351524468357673,1785285545.2499585
1,2870,0.910394549369812,0.6350966461853559,1785285545.4403338
1,2871,0.6938608884811401,0.6351848298797647,1785285545.659483
1,2872,0.5713914632797241,0.6352569018404908,1785285545.8456607
1,2873,0.617588222026825,0.6352969348659003,1785285546.0299218
1,2874,0.6961809396743774,0.6352730985196529,1785285546.2329562
1,2875,0.6549978256225586,0.6353289977046672,1785285546.4167738
1,2876,0.6023254990577698,0.6353211009174312,1785285546.6049206
1,2877,0.4765542447566986,0.6352654698242933,1785285546.7896776
1,2878,0.4989559054374695,0.6352894402035624,1785285546.9740589
1,2879,0.612058162689209,0.6352974828375286,1785285547.2154777
1,2880,0.6865999698638916,0.6352896341463414,1785285547.4251966
1,2881,0.5869868397712708,0.6352341964965728,1785285547.6132853
1,2882,0.535198450088501,0.635226407914764,1785285547.8245525
1,2883,0.6123788356781006,0.6351869455006337,1785285548.04577
1,2884,0.5822604894638062,0.6352108662613982,1785285548.226227
1,2885,0.5961628556251526,0.6352663882561377,1785285548.4156964
1,2886,0.6123145222663879,0.6353376327769348,1785285548.626613
1,2887,0.746837854385376,0.6353140005054334,1785285548.8406332
1,2888,0.3989500105381012,0.6353219696969697,1785285549.0489454
1,2889,0.47594982385635376,0.6354087812263437,1785285549.2402124
1,2890,0.555779218673706,0.6354166666666666,1785285549.4317172
1,2891,0.5135184526443481,0.6354245401864449,1785285549.672552
1,2892,0.6148733496665955,0.6354324018126888,1785285549.8630326
1,2893,0.5979984998703003,0.6354245283018868,1785285550.054327
1,2894,0.5118295550346375,0.6354480894922071,1785285550.2390077
1,2895,0.532113254070282,0.6354716151720673,1785285550.4537678
1,2896,0.504464328289032,0.6355578564257028,1785285550.6377993
1,2897,0.5101037621498108,0.6355185603210434,1785285550.8366673
1,2898,0.48862236738204956,0.6355263157894737,1785285551.0250218
1,2899,0.4890436828136444,0.6355340596043075,1785285551.2642424
1,2900,0.6211644411087036,0.6355261511511512,1785285551.452208
1,2901,0.7249313592910767,0.6354869967491873,1785285551.637809
1,2902,0.48773086071014404,0.6354791354322838,1785285551.8216863
1,2903,0.43558013439178467,0.6354556803995006,1785285552.0819275
1,2904,0.5541778206825256,0.635369885229541,1785285552.2653725
1,2905,0.6967353224754333,0.6353309648466716,1785285552.4521668
1,2906,0.7656588554382324,0.6353388141504733,1785285552.6497436
1,2907,0.6050118803977966,0.635362210604929,1785285552.8686194
1,2908,0.49243032932281494,0.6353700248756219,1785285553.0535817
1,2909,0.4958183169364929,0.6353312204822272,1785285553.2374322
1,2910,0.5654388070106506,0.6352924739195231,1785285553.4220934
1,2911,0.6481769680976868,0.6352537850583271,1785285553.650188
1,2912,0.4059096872806549,0.6352616567460317,1785285553.8523672
1,2913,0.44270971417427063,0.6353004956629492,1785285554.0359921
1,2914,0.6137363910675049,0.6353547548291233,1785285554.2206333
1,2915,0.5941089987754822,0.6353161346201436,1785285554.444764
1,2916,0.7502317428588867,0.635277571711177,1785285554.6439023
1,2917,0.7907167077064514,0.6353471707437608,1785285554.8268733
1,2918,0.5513944625854492,0.6353549382716049,1785285555.0120633
1,2919,0.582510769367218,0.6353472736244757,1785285555.225534
1,2920,0.7408004999160767,0.6352471646942801,1785285555.410991
1,2921,0.7959091067314148,0.6352857846760286,1785285555.6109385
1,2922,0.6645916104316711,0.6352012555391433,1785285555.8116126
1,2923,0.5959715843200684,0.6351937269372694,1785285555.9970803
1,2924,0.6425472497940063,0.6351554818092429,1785285556.1964955
1,2925,0.5750694870948792,0.635117293048391,1785285556.3812995
1,2926,0.5694352388381958,0.6351098429062346,1785285556.5833113
1,2927,0.7631403803825378,0.6351483934265392,1785285556.7713435
1,2928,0.8508219718933105,0.63515625,1785285556.960948
1,2929,0.8183121681213379,0.6351334802841049,1785285557.1438677
1,2930,0.5968998670578003,0.6350954478707783,1785285557.3383598
1,2931,0.47148633003234863,0.6351491807287846,1785285557.5464952
1,2932,0.8380240201950073,0.6351417399804496,1785285557.7314491
1,2933,0.8018319606781006,0.6351953601953602,1785285557.930132
1,2934,0.4674875736236572,0.6352794045876037,1785285558.1134021
1,2935,0.5943858027458191,0.6352566447207998,1785285558.320526
1,2936,1.0826553106307983,0.6352186890838206,1785285558.525495
1,2937,0.617851734161377,0.6352416605794984,1785285558.7085235
1,2938,0.5468142628669739,0.6352341849148418,1785285558.8933985
1,2939,0.4906069040298462,0.6352723073182592,1785285559.1322174
1,2940,0.5616580247879028,0.6352040816326531,1785285559.3203
1,2941,0.6559416055679321,0.635242170429716,1785285559.5049865
1,2942,0.5738531351089478,0.6352953663270258,1785285559.7010639
1,2943,0.6882455348968506,0.6352727272727273,1785285559.8863854
1,2944,0.4983324408531189,0.635250121124031,1785285560.0704224
1,2945,0.6533980369567871,0.6352880658436214,1785285560.2549791
1,2946,0.49015673995018005,0.6352503628447025,1785285560.4411445
1,2947,0.6358257532119751,0.6353033599226493,1785285560.688504
1,2948,0.581145167350769,0.6353411835748792,1785285560.888128
1,2949,0.6886725425720215,0.6353789524499155,1785285561.0713468
1,2950,0.5068690180778503,0.6353714423540762,1785285561.2538702
1,2951,0.6253738403320312,0.6353639431188238,1785285561.465924
1,2952,0.8262048959732056,0.6352360308285164,1785285561.648493
1,2953,0.5016491413116455,0.6352135980746089,1785285561.831917
1,2954,0.7678726315498352,0.6352362914862915,1785285562.021974
1,2955,0.4716569781303406,0.6352439317471762,1785285562.2347186
1,2956,0.7284904718399048,0.6353115994236311,1785285562.4219701
1,2957,0.6131467223167419,0.6353341732661387,1785285562.6061265
1,2958,0.562938928604126,0.6353717026378897,1785285562.7929347
1,2959,0.5443857312202454,0.6354091780493649,1785285563.0235283
1,2960,0.46894773840904236,0.6354316331417624,1785285563.2159197
1,2961,0.7772968411445618,0.6354091888011486,1785285563.4065223
1,2962,0.5266180634498596,0.6355063366810139,1785285563.59091
1,2963,0.4984656274318695,0.6354689366786141,1785285563.774443
1,2964,0.5293223261833191,0.6355062082139447,1785285563.9571543
1,2965,0.748377799987793,0.6354837747554283,1785285564.1415708
1,2966,0.4857979118824005,0.635476275631855,1785285564.3417556
1,2967,0.5484031438827515,0.6355730283535859,1785285564.5611086
1,2968,0.5006953477859497,0.6355357142857143,1785285564.7631412
1,2969,0.7250662446022034,0.635543064477754,1785285564.9477985
1,2970,0.5816662311553955,0.6354463861150738,1785285565.1336863
1,2971,0.5213987827301025,0.6354686386315039,1785285565.3160946
1,2972,0.7288858294487,0.6355205365622032,1785285565.500935
1,2973,0.7665729522705078,0.6355575326215895,1785285565.6835358
1,2974,0.702379584312439,0.6356389284020862,1785285565.8807962
1,2975,0.5944948196411133,0.6356609808102346,1785285566.1077535
1,2976,0.3775651156902313,0.6357273910984849,1785285566.2913818
1,2977,0.889162540435791,0.6357937071208896,1785285566.476782
1,2978,0.7463150024414062,0.6357712765957447,1785285566.6679509
1,2979,0.8793901205062866,0.6356750531537917,1785285566.8531141
1,2980,0.5605911016464233,0.6357560198300283,1785285567.0375333
1,2981,0.690881609916687,0.6356599433828733,1785285567.2222347
1,2982,0.4100829064846039,0.6356818717586045,1785285567.4309819
1,2983,0.5205780863761902,0.6356890459363957,1785285567.6137187
1,2984,0.7444543838500977,0.635755061205273,1785285567.813267
1,2985,0.6814031600952148,0.6356886614914138,1785285567.9986594
1,2986,0.5024678111076355,0.6355635872120358,1785285568.200463
1,2987,0.7150222659111023,0.6356148696264975,1785285568.4110172
1,2988,0.552430272102356,0.6356220657276995,1785285568.6148958
1,2989,0.4996054172515869,0.6355999296270233,1785285568.8002756
1,2990,0.5525794625282288,0.6356217768401313,1785285569.0030932
1,2991,0.5375070571899414,0.6355996720543453,1785285569.1888876
1,2992,0.7346807718276978,0.6356068586142322,1785285569.3753612
1,2993,0.6227883100509644,0.6356286549707603,1785285569.5572135
1,2994,0.6074349284172058,0.6356796400187004,1785285569.7390878
1,2995,0.6693017482757568,0.6356429572529783,1785285569.9660196
1,2996,0.6326375603675842,0.635577147525677,1785285570.1504786
1,2997,0.6817817687988281,0.6354822719850711,1785285570.340433
1,2998,0.5224283933639526,0.6353875291375292,1785285570.5248716
1,2999,0.555637538433075,0.6354239459585371,1785285570.736144
1,3000,0.6777812242507935,0.6354603119180633,1785285570.9412155
1,3001,0.613023579120636,0.6355111653872993,1785285571.1401823
1,3002,0.666867733001709,0.6355038354253836,1785285571.3243594
1,3003,0.5380516052246094,0.6355400696864112,1785285571.5274394
1,3004,0.4530870318412781,0.6355182219127206,1785285571.7193966
1,3005,0.656404972076416,0.6354239155648341,1785285571.9040012
1,3006,0.5592879056930542,0.6354311543810849,1785285572.0877151
1,3007,0.5418505668640137,0.635394950196896,1785285572.2715554
1,3008,0.5766237378120422,0.6355179398148149,1785285572.4587944
1,3009,0.5888828635215759,0.6355106407587323,1785285572.641423
1,3010,0.6916817426681519,0.6355466944059177,1785285572.8594196
1,3011,0.5990133881568909,0.635553823053823,1785285573.0467257
1,3012,0.624357283115387,0.6355032317636196,1785285573.2341971
1,3013,0.5223187208175659,0.6355103806228374,1785285573.4216907
1,3014,0.7478702068328857,0.6355319271553711,1785285573.6093032
1,3015,0.6199343204498291,0.6355102510942179,1785285573.826338
1,3016,0.6278713941574097,0.6355749309392266,1785285574.0257914
1,3017,0.6625576019287109,0.6355820105820106,1785285574.2110271
1,3018,0.4318121671676636,0.635646551724138,1785285574.3996685
1,3019,0.8594338893890381,0.6356535722490236,1785285574.6095397
1,3020,0.7630207538604736,0.63561753902663,1785285574.7982168
1,3021,0.6126931309700012,0.6355815554026153,1785285574.9839501
1,3022,0.8031830191612244,0.6355742778541953,1785285575.2012503
1,3023,0.5287367701530457,0.6356242840778923,1785285575.3879595
1,3024,0.5738201141357422,0.63558836996337,1785285575.5841696
1,3025,0.5280103087425232,0.635509608785175,1785285575.7723365
1,3026,0.8005610704421997,0.6354881115683585,1785285575.9803925
1,3027,0.5935211181640625,0.6355094813799406,1785285576.1688907
1,3028,0.7478740215301514,0.635587899543379,1785285576.3593867
1,3029,0.6100742220878601,0.6356091718001369,1785285576.5454338
1,3030,0.6224811673164368,0.635673164614683,1785285576.7500947
1,3031,0.8575565814971924,0.6356516290726817,1785285576.9391534
1,3032,0.542576789855957,0.6356443533697632,1785285577.1279693
1,3033,0.6681536436080933,0.6356655290102389,1785285577.318368
1,3034,0.6534831523895264,0.635644042746703,1785285577.5286167
1,3035,0.6754435300827026,0.6356793910474892,1785285577.7133522
1,3036,0.6019095182418823,0.6356437329700273,1785285577.9151251
1,3037,0.6838321089744568,0.6356223054231904,1785285578.0978084
1,3038,0.5250266194343567,0.6355867346938775,1785285578.2856796
1,3039,0.5713750123977661,0.6356220258327668,1785285578.4980886
1,3040,0.6162490844726562,0.6355581974637681,1785285578.7037563
1,3041,0.9040932655334473,0.6355651731160896,1785285578.8907206
1,3042,0.6789889335632324,0.6355438715513342,1785285579.0818136
1,3043,0.4932706654071808,0.6355649717514125,1785285579.2673936
1,3044,0.5067024827003479,0.6355436991869918,1785285579.459546
1,3045,0.7041500806808472,0.6355788761002031,1785285579.6580105
1,3046,0.7063989639282227,0.6355717185385656,1785285579.8657868
1,3047,0.5666302442550659,0.6356490872210954,1785285580.055475
1,3048,0.6260055303573608,0.6356278153153153,1785285580.2450483
1,3049,0.4986003339290619,0.6356206392077425,1785285580.444971
1,3050,0.6310632824897766,0.6356415879442195,1785285580.632438
1,3051,0.6678865551948547,0.6356063160260733,1785285580.857463
1,3052,0.6729235649108887,0.6356132075471698,1785285581.0538175
1,3053,0.6864168643951416,0.6355359147025814,1785285581.2759507
1,3054,0.5747735500335693,0.6354867653656349,1785285581.4626677
1,3055,0.5375452637672424,0.635493723380408,1785285581.647251
1,3056,0.5933290123939514,0.6354866711469535,1785285581.8290496
1,3057,0.5927417874336243,0.6354096709200806,1785285582.0131752
1,3058,0.6346796154975891,0.6354586129753915,1785285582.1981978
1,3059,0.5328671336174011,0.6354376257545271,1785285582.4377272
1,3060,0.6320530772209167,0.6354166666666666,1785285582.623936
1,3061,0.6161233186721802,0.635493413708417,1785285582.807086
1,3062,0.5107787847518921,0.6355142793395805,1785285582.9916537
1,3063,0.797985315322876,0.6354933110367893,1785285583.225232
1,3064,0.7129241824150085,0.6354723707664884,1785285583.4258277
1,3065,0.6169898509979248,0.6354792919171677,1785285583.624974
1,3066,0.5399928092956543,0.6355140186915887,1785285583.81898
1,3067,0.40875041484832764,0.6355486991327551,1785285584.0179434
1,3068,0.5694243907928467,0.6355555555555555,1785285584.2114928
1,3069,0.6894978284835815,0.6355346435709527,1785285584.3958042
1,3070,0.7280980348587036,0.6354166666666666,1785285584.59994
1,3071,0.4072633385658264,0.6354374584165003,1785285584.7799783
1,3072,0.6404983997344971,0.6354582225177305,1785285584.9669118
1,3073,0.6267644166946411,0.6355066445182724,1785285585.148279
1,3074,0.6233698129653931,0.6354581673306773,1785285585.3293452
1,3075,0.5751262307167053,0.6354650519796505,1785285585.535386
1,3076,0.47783178091049194,0.6354304818744474,1785285585.716313
1,3077,0.5326516628265381,0.6354235696929534,1785285585.8971026
1,3078,0.47186556458473206,0.6354166666666666,1785285586.076605
1,3079,0.6414773464202881,0.6354097727774101,1785285586.3220947
1,3080,0.6139519214630127,0.6354166666666666,1785285586.5135202
1,3081,0.4732394218444824,0.6354235514430492,1785285586.7245214
1,3082,0.7500970959663391,0.6354854689564069,1785285586.9205804
1,3083,0.5023126006126404,0.635437293729373,1785285587.112293
1,3084,0.49360543489456177,0.6355266051011433,1785285587.3040826
1,3085,0.5738485455513,0.6355059327620303,1785285587.4890943
1,3086,0.6724834442138672,0.6354578392621871,1785285587.6685007
1,3087,0.5167104005813599,0.6354509545753786,1785285587.9290514
1,3088,0.8695006370544434,0.6354577850877193,1785285588.1219497
1,3089,0.6733264923095703,0.6354098181021258,1785285588.3095887
1,3090,0.515299916267395,0.6353482260183968,1785285588.4924004
1,3091,0.655562162399292,0.6353687896695119,1785285588.671683
1,3092,0.4468245506286621,0.6354576771653543,1785285588.8508961
1,3093,0.5067922472953796,0.6354234972677596,1785285589.030008
1,3094,0.7006272673606873,0.6353484054172127,1785285589.210897
1,3095,0.6164028644561768,0.6353143418467584,1785285589.450059
1,3096,1.1016714572906494,0.6353348603839442,1785285589.630372
1,3097,0.7159643173217773,0.635396228471768,1785285589.8413496
1,3098,0.6180073618888855,0.6353349673202614,1785285590.0201266
1,3099,0.6282690167427063,0.6353418245155672,1785285590.1993694
1,3100,0.4727618992328644,0.6353758703220191,1785285590.3780377
1,3101,0.6613832712173462,0.6353555120678408,1785285590.5601666
1,3102,0.5729252696037292,0.6353759235115167,1785285590.7397814
1,3103,0.6334594488143921,0.6354098805646037,1785285590.9583857
1,3104,0.5714454650878906,0.6353217230902778,1785285591.1400213
1,3105,0.6717854738235474,0.6353827803079592,1785285591.3211267
1,3106,0.5111820697784424,0.6352947550931947,1785285591.502578
1,3107,0.6952047944068909,0.6352745289148798,1785285591.714874
1,3108,0.5724091529846191,0.6352813852813853,1785285591.895367
1,3109,0.7159412503242493,0.6352071165909583,1785285592.076235
1,3110,0.6297012567520142,0.6352680501513186,1785285592.2548852
1,3111,0.6769955158233643,0.635301901058544,1785285592.472219
1,3112,0.7902262210845947,0.6352817357512953,1785285592.6511629
1,3113,0.6385655403137207,0.6352481121898598,1785285592.8306456
1,3114,0.5598884224891663,0.6351471539456662,1785285593.0286064
1,3115,0.5441522598266602,0.6351136608489549,1785285593.2098708
1,3116,0.9030828475952148,0.635093669250646,1785285593.424445
1,3117,0.722955584526062,0.6351409511512804,1785285593.603252
1,3118,0.7995755672454834,0.6351881720430107,1785285593.800151
1,3119,0.7221916317939758,0.6352218998495595,1785285594.000883
1,3120,0.5181530117988586,0.6352018900343642,1785285594.1804352
1,3121,0.5669768452644348,0.6351819059884095,1785285594.3592823
1,3122,0.6767906546592712,0.635175353925354,1785285594.559873
1,3123,0.5838139057159424,0.635128617363344,1785285594.7434335
1,3124,0.573383092880249,0.6351087189374465,1785285594.9370043
1,3125,0.6315020322799683,0.6351289873688718,1785285595.1177976
1,3126,0.5873827338218689,0.6351893453145058,1785285595.3255079
1,3127,0.4406582713127136,0.6352629890955741,1785285595.5061285
1,3128,0.833710789680481,0.6352964743589744,1785285595.71439
1,3129,0.5075972676277161,0.635303224428785,1785285595.8950686
1,3130,0.5264509320259094,0.6352832906530089,1785285596.076253
1,3131,0.5801786780357361,0.6352500533162722,1785285596.2596998
1,3132,0.5237157344818115,0.6352701406649617,1785285596.440043
1,3133,0.6068620085716248,0.6353434504792332,1785285596.6180284
1,3134,0.6644461154937744,0.6352836313324819,1785285596.7964153
1,3135,0.5803868770599365,0.6353701340140395,1785285596.976368
1,3136,0.6149477958679199,0.6353502338435374,1785285597.15408
2,3137,0.7483752369880676,0.5208333333333334,1785285616.427899
2,3138,0.7344201803207397,0.5729166666666666,1785285616.6139476
2,3139,0.7489004731178284,0.5555555555555556,1785285616.7965987
2,3140,0.7974474430084229,0.5572916666666666,1785285616.994848
2,3141,0.8506778478622437,0.6083333333333333,1785285617.180669
2,3142,0.8042624592781067,0.6180555555555556,1785285617.3662906
2,3143,0.62592613697052,0.6041666666666666,1785285617.5486963
2,3144,0.6568623781204224,0.6015625,1785285617.7331603
2,3145,0.6266493797302246,0.5995370370370371,1785285617.9401007
2,3146,0.6372365355491638,0.5958333333333333,1785285618.124635
2,3147,0.530633807182312,0.5965909090909091,1785285618.3072422
2,3148,0.6058226227760315,0.6006944444444444,1785285618.4966807
2,3149,0.6027766466140747,0.6073717948717948,1785285618.691073
2,3150,0.5000720620155334,0.6116071428571429,1785285618.874957
2,3151,1.030782699584961,0.6152777777777778,1785285619.0580955
2,3152,0.39324119687080383,0.6171875,1785285619.24415
2,3153,0.4876948595046997,0.616421568627451,1785285619.4274044
2,3154,0.5061114430427551,0.6157407407407407,1785285619.6136913
2,3155,0.6369708776473999,0.6217105263157895,1785285619.7989752
2,3156,0.6385350227355957,0.6229166666666667,1785285619.9932997
2,3157,0.6563253402709961,0.621031746031746,1785285620.1963797
2,3158,0.6963579058647156,0.6221590909090909,1785285620.3817282
2,3159,0.5168733596801758,0.6204710144927537,1785285620.5649328
2,3160,0.5370631217956543,0.6197916666666666,1785285620.7478976
2,3161,0.8029733896255493,0.6183333333333333,1785285620.9306533
2,3162,0.6451916694641113,0.6185897435897436,1785285621.1138926
2,3163,0.5882766842842102,0.6195987654320988,1785285621.2975996
2,3164,0.7185723781585693,0.6190476190476191,1785285621.4814065
2,3165,0.6622604131698608,0.6228448275862069,1785285621.6901586
2,3166,0.7939234972000122,0.6229166666666667,1785285621.8786423
2,3167,0.8183262348175049,0.6216397849462365,1785285622.062938
2,3168,0.5881137847900391,0.623046875,1785285622.2477496
2,3169,0.8241199254989624,0.6237373737373737,1785285622.446235
2,3170,0.5708085298538208,0.6268382352941176,1785285622.6336246
2,3171,0.837127685546875,0.6261904761904762,1785285622.8190396
2,3172,0.5165837407112122,0.6290509259259259,1785285623.0040493
2,3173,0.64865642786026,0.6283783783783784,1785285623.2069397
2,3174,0.6247513294219971,0.6260964912280702,1785285623.4016874
2,3175,0.5500714182853699,0.6233974358974359,1785285623.5878143
2,3176,0.535885214805603,0.6239583333333333,1785285623.7731192
2,3177,0.5118443965911865,0.625,1785285623.956674
2,3178,0.534152090549469,0.6240079365079365,1785285624.1607628
2,3179,0.7031141519546509,0.625,1785285624.3471394
2,3180,0.6803221106529236,0.625,1785285624.5303705
2,3181,0.5430399179458618,0.625,1785285624.7142317
2,3182,0.6195006370544434,0.6259057971014492,1785285624.8981907
2,3183,0.6225535869598389,0.624113475177305,1785285625.0827472
2,3184,0.6203352212905884,0.6232638888888888,1785285625.2673228
2,3185,0.6872342824935913,0.6224489795918368,1785285625.454727
2,3186,0.6176937818527222,0.6233333333333333,1785285625.64213
2,3187,0.7197254300117493,0.6229575163398693,1785285625.8263965
2,3188,0.613503098487854,0.6233974358974359,1785285626.0074964
2,3189,0.45702245831489563,0.6226415094339622,1785285626.1900966
2,3190,0.5701053142547607,0.6234567901234568,1785285626.3766212
2,3191,0.5203396677970886,0.6257575757575757,1785285626.561096
2,3192,0.6682194471359253,0.625,1785285626.7439363
2,3193,0.6446981430053711,0.6257309941520468,1785285626.9262877
2,3194,0.5193998217582703,0.6282327586206896,1785285627.128088
2,3195,0.5876603126525879,0.6257062146892656,1785285627.313088
2,3196,0.6678339242935181,0.6236111111111111,1785285627.4979832
2,3197,0.5515106320381165,0.6239754098360656,1785285627.6814432
2,3198,0.5565969347953796,0.6256720430107527,1785285627.8656557
2,3199,0.5290722846984863,0.6273148148148148,1785285628.067796
2,3200,0.49002185463905334,0.6292317708333334,1785285628.2529068
2,3201,0.5267283916473389,0.6291666666666667,1785285628.4376345
2,3202,0.6326528191566467,0.6294191919191919,1785285628.644859
2,3203,0.6180645823478699,0.630907960199005,1785285628.8337054
2,3204,0.6281327605247498,0.6308210784313726,1785285629.0214276
2,3205,0.501918613910675,0.6310386473429952,1785285629.2268407
2,3206,0.8055205345153809,0.6309523809523809,1785285629.4291134
2,3207,0.55782151222229,0.6302816901408451,1785285629.649507
2,3208,0.6318314075469971,0.6304976851851852,1785285629.8370125
2,3209,0.5197248458862305,0.6309931506849316,1785285630.0233579
2,3210,0.7581422328948975,0.6314752252252253,1785285630.2279768
2,3211,0.4241228699684143,0.6327777777777778,1785285630.4134953
2,3212,0.6059126257896423,0.6332236842105263,1785285630.6004603
2,3213,0.6944676637649536,0.6320346320346321,1785285630.7899413
2,3214,0.42083120346069336,0.6338141025641025,1785285630.9835598
2,3215,0.6560934782028198,0.6339662447257384,1785285631.1718864
2,3216,0.5176373720169067,0.6346354166666667,1785285631.3581164
2,3217,0.726219654083252,0.6347736625514403,1785285631.544581
2,3218,0.5421603918075562,0.6354166666666666,1785285631.7322555
2,3219,0.3883276581764221,0.6355421686746988,1785285631.9692237
2,3220,0.7543425559997559,0.6354166666666666,1785285632.1662638
2,3221,0.6255121231079102,0.6370098039215686,1785285632.3537037
2,3222,0.42145973443984985,0.6388081395348837,1785285632.5441144
2,3223,0.5500571727752686,0.6400862068965517,1785285632.752598
2,3224,0.5559850931167603,0.6399147727272727,1785285632.9376347
2,3225,0.6519661545753479,0.6399812734082397,1785285633.125178
2,3226,0.667702317237854,0.6398148148148148,1785285633.3483977
2,3227,0.5358486175537109,0.641941391941392,1785285633.5334597
2,3228,0.6125302314758301,0.641983695652174,1785285633.716343
2,3229,0.678309440612793,0.6415770609318996,1785285633.8967528
2,3230,0.7469455599784851,0.6418439716312057,1785285634.0829067
2,3231,0.5384048819541931,0.6421052631578947,1785285634.3156204
2,3232,0.5538581609725952,0.642578125,1785285634.497807
2,3233,0.7166447639465332,0.6430412371134021,1785285634.7129147
2,3234,0.638299286365509,0.6424319727891157,1785285634.9022958
2,3235,0.6189422607421875,0.6418350168350169,1785285635.0924857
2,3236,0.6405560970306396,0.641875,1785285635.2823298
2,3237,0.40337544679641724,0.6429455445544554,1785285635.4660563
2,3238,0.8986473083496094,0.6437908496732027,1785285635.664553
2,3239,0.5800843238830566,0.6432038834951457,1785285635.908121
2,3240,0.7625794410705566,0.6422275641025641,1785285636.0898767
2,3241,0.5399148464202881,0.6424603174603175,1785285636.2720823
2,3242,0.6189682483673096,0.6434748427672956,1785285636.4562323
2,3243,0.778130054473877,0.6421339563862928,1785285636.6861026
2,3244,0.7266881465911865,0.6421682098765432,1785285636.8680973
2,3245,0.4030461609363556,0.6416284403669725,1785285637.0538049
2,3246,0.5472854971885681,0.6429924242424242,1785285637.2718604
2,3247,0.3963967263698578,0.6433933933933934,1785285637.4547348
2,3248,0.6131152510643005,0.6430431547619048,1785285637.6377866
2,3249,0.46519753336906433,0.644358407079646,1785285637.8193824
2,3250,0.624538779258728,0.6443713450292398,1785285638.0023627
2,3251,0.5364136695861816,0.6445652173913043,1785285638.2403686
2,3252,0.5800780653953552,0.6447557471264368,1785285638.4240413
2,3253,0.5506836771965027,0.6452991452991453,1785285638.6066506
2,3254,0.525974690914154,0.6453036723163842,1785285638.8078706
2,3255,0.5887786746025085,0.645483193277311,1785285639.035525
2,3256,0.5819374322891235,0.6451388888888889,1785285639.2195885
2,3257,0.5029393434524536,0.6451446280991735,1785285639.4045906
2,3258,0.516758918762207,0.644808743169399,1785285639.587528
2,3259,0.4175630807876587,0.6451558265582655,1785285639.7940693
2,3260,0.5037927031517029,0.6453293010752689,1785285639.9786506
2,3261,0.5079303979873657,0.6466666666666666,1785285640.161318
2,3262,0.560101330280304,0.6461640211640212,1785285640.3702316
2,3263,0.7337321639060974,0.6445209973753281,1785285640.555225
2,3264,0.6895607113838196,0.6442057291666666,1785285640.7372289
2,3265,0.5400261282920837,0.6438953488372093,1785285640.9293647
2,3266,0.5288493037223816,0.64375,1785285641.1120713
2,3267,0.6285452842712402,0.6445610687022901,1785285641.3656886
2,3268,0.5543396472930908,0.6450441919191919,1785285641.5484083
2,3269,0.5300180315971375,0.6448934837092731,1785285641.7296455
2,3270,0.5296247005462646,0.6456778606965174,1785285641.914297
2,3271,0.4621985852718353,0.6459876543209877,1785285642.128705
2,3272,0.5032607913017273,0.6464460784313726,1785285642.3135443
2,3273,0.6377099752426147,0.645529197080292,1785285642.498458
2,3274,0.730291485786438,0.6455314009661836,1785285642.6830382
2,3275,0.5603262782096863,0.64568345323741,1785285642.8843436
2,3276,0.45928385853767395,0.6459821428571428,1785285643.0661404
2,3277,0.6047353148460388,0.6464243498817966,1785285643.2601845
2,3278,0.42669588327407837,0.6468603286384976,1785285643.4415095
2,3279,0.5963643193244934,0.6467074592074592,1785285643.679586
2,3280,0.5746240615844727,0.6465567129629629,1785285643.8647053
2,3281,0.6157240271568298,0.6461206896551724,1785285644.0488274
2,3282,0.4974325895309448,0.646689497716895,1785285644.2481823
2,3283,0.530130922794342,0.6466836734693877,1785285644.458289
2,3284,0.538629412651062,0.6471002252252253,1785285644.641164
2,3285,0.6983129382133484,0.6463926174496645,1785285644.8250468
2,3286,0.6282396912574768,0.6463888888888889,1785285645.0197632
2,3287,0.8811708688735962,0.6463852097130243,1785285645.2342196
2,3288,0.5509853363037109,0.6465186403508771,1785285645.4172835
2,3289,0.4730219841003418,0.6458333333333334,1785285645.6010485
2,3290,0.5129873156547546,0.645698051948052,1785285645.798447
2,3291,0.5519135594367981,0.6456989247311828,1785285645.9813223
2,3292,0.8506409525871277,0.6458333333333334,1785285646.1634219
2,3293,0.8562005162239075,0.6460987261146497,1785285646.3513675
2,3294,0.6710000038146973,0.645042194092827,1785285646.536701
2,3295,0.5611360669136047,0.644916142557652,1785285646.7525406
2,3296,0.6764512658119202,0.6444010416666667,1785285646.936055
2,3297,0.8475948572158813,0.6441511387163561,1785285647.120812
2,3298,0.5716378092765808,0.6442901234567902,1785285647.3052106
2,3299,0.5950762629508972,0.6435327198364008,1785285647.5289843
2,3300,0.5747759938240051,0.6443089430894309,1785285647.7115164
2,3301,0.7176077365875244,0.6434343434343435,1785285647.902374
2,3302,0.428621381521225,0.643574297188755,1785285648.087537
2,3303,0.6361681818962097,0.6424650698602794,1785285648.3134997
2,3304,0.42555537819862366,0.6422371031746031,1785285648.4968715
2,3305,0.6170633435249329,0.6418885601577909,1785285648.6795049
2,3306,0.8341449499130249,0.6416666666666667,1785285648.864005
2,3307,0.7666007280349731,0.6416910331384016,1785285649.09376
2,3308,0.5366629958152771,0.641593992248062,1785285649.2762134
2,3309,0.5125248432159424,0.6419797687861272,1785285649.45875
2,3310,0.45743614435195923,0.641044061302682,1785285649.6443229
2,3311,0.6468090415000916,0.6414285714285715,1785285649.8932178
2,3312,0.6945972442626953,0.6410984848484849,1785285650.0777643
2,3313,0.5848387479782104,0.6411252354048964,1785285650.270511
2,3314,0.4585592746734619,0.6418539325842697,1785285650.455095
2,3315,0.5531690120697021,0.6415270018621974,1785285650.6747093
2,3316,0.5790761709213257,0.6414351851851852,1785285650.8568888
2,3317,0.5087108612060547,0.6412292817679558,1785285651.043003
2,3318,0.4987194836139679,0.6413690476190477,1785285651.2267132
2,3319,0.6193029284477234,0.641051912568306,1785285651.4674413
2,3320,0.6390203237533569,0.6414175724637681,1785285651.6500962
2,3321,0.39790886640548706,0.6413288288288288,1785285651.834852
2,3322,0.5522798895835876,0.6418010752688172,1785285652.018404
2,3323,0.4395405352115631,0.6419340463458111,1785285652.238311
2,3324,0.6646222472190857,0.6416223404255319,1785285652.422817
2,3325,0.4979153871536255,0.6415343915343915,1785285652.6240673
2,3326,0.5089086294174194,0.6413377192982456,1785285652.8084888
2,3327,0.6968396306037903,0.6421247818499127,1785285653.0222566
2,3328,0.6216003894805908,0.6418185763888888,1785285653.2156804
2,3329,0.5010073184967041,0.6417314335060449,1785285653.3994277
2,3330,0.5377441644668579,0.6417525773195877,1785285653.5834024
2,3331,0.6630301475524902,0.6413461538461539,1785285653.8122478
2,3332,0.4440225660800934,0.6414753401360545,1785285654.0107892
2,3333,0.618559718132019,0.6417089678510999,1785285654.196647
2,3334,0.5899568796157837,0.6414141414141414,1785285654.381951
2,3335,0.5988734364509583,0.6414363484087102,1785285654.5663166
2,3336,0.5253430008888245,0.6417708333333333,1785285654.764694
2,3337,0.722862184047699,0.6419983416252073,1785285654.9765038
2,3338,0.724173903465271,0.6418110561056105,1785285655.162673
2,3339,0.435445100069046,0.6416256157635468,1785285655.3457787
2,3340,0.6899867057800293,0.6411356209150327,1785285655.5286486
2,3341,0.5908815264701843,0.6414634146341464,1785285655.7151926
2,3342,0.5053638219833374,0.6417880258899676,1785285655.9198947
2,3343,0.4835578203201294,0.6417069243156199,1785285656.1018636
2,3344,0.6292155981063843,0.6416266025641025,1785285656.2852237
2,3345,0.5392693281173706,0.641347687400319,1785285656.487848
2,3346,0.7330013513565063,0.6410714285714286,1785285656.6781313
2,3347,0.5673931837081909,0.6408965244865719,1785285656.8673615
2,3348,0.5033769011497498,0.6403301886792453,1785285657.07677
2,3349,0.5681489109992981,0.6400625978090767,1785285657.2757719
2,3350,0.5558965802192688,0.6400895638629284,1785285657.462416
2,3351,0.6964585781097412,0.639922480620155,1785285657.7029085
2,3352,0.5284897089004517,0.6397569444444444,1785285657.8900354
2,3353,0.6543140411376953,0.6396889400921659,1785285658.082321
2,3354,0.6277354955673218,0.6399082568807339,1785285658.2669215
2,3355,0.5567523241043091,0.6398401826484018,1785285658.5592642
2,3356,0.5174679160118103,0.6401515151515151,1785285658.7420511
2,3357,0.5196720361709595,0.6404600301659125,1785285658.9287298
2,3358,0.6758664846420288,0.6409534534534534,1785285659.1335828
2,3359,0.5668476819992065,0.640881913303438,1785285659.317764
2,3360,0.7594413757324219,0.6407180059523809,1785285659.5021863
2,3361,0.43263179063796997,0.6407407407407407,1785285659.7037473
2,3362,0.5663406252861023,0.6408554572271387,1785285659.8859682
2,3363,0.45682796835899353,0.6402349486049926,1785285660.0962398
2,3364,0.5878416299819946,0.6402595029239766,1785285660.2828395
2,3365,0.5923222899436951,0.6403748180494906,1785285660.483097
2,3366,0.37865695357322693,0.6401268115942029,1785285660.6736243
2,3367,0.41968101263046265,0.6405122655122655,1785285660.8773818
2,3368,0.598646342754364,0.6402658045977011,1785285661.0619855
2,3369,0.6307955384254456,0.6404685264663805,1785285661.2498896
2,3370,0.5401946306228638,0.6403133903133903,1785285661.4351544
2,3371,0.4844432473182678,0.6405141843971631,1785285661.6628795
2,3372,0.5846430659294128,0.6402718926553672,1785285661.8474429
2,3373,0.6778391599655151,0.6400316455696202,1785285662.0322833
2,3374,0.6944383382797241,0.6403186274509803,1785285662.2343404
2,3375,0.8359057903289795,0.6405160390516039,1785285662.4186652
2,3376,0.6590217351913452,0.6402777777777777,1785285662.6082711
2,3377,0.7035180330276489,0.6402143845089903,1785285662.8043895
2,3378,0.5552753210067749,0.6399793388429752,1785285662.99063
2,3379,0.958685576915741,0.6394890260631001,1785285663.2084534
2,3380,0.5426090359687805,0.639344262295082,1785285663.4026608
2,3381,0.7354992032051086,0.6397108843537415,1785285663.5869815
2,3382,0.5279538631439209,0.6398204607046071,1785285663.7705932
2,3383,0.5627063512802124,0.6399291497975709,1785285663.9967813
2,3384,0.9795874357223511,0.6403729838709677,1785285664.2020872
2,3385,0.7062998414039612,0.6406459170013387,1785285664.3870711
2,3386,0.6410196423530579,0.6409166666666667,1785285664.572084
2,3387,0.5599249005317688,0.6408532536520585,1785285664.7554657
2,3388,0.5143110156059265,0.640459656084656,1785285664.9518113
2,3389,0.524982750415802,0.6403985507246377,1785285665.135204
2,3390,0.43577855825424194,0.639763779527559,1785285665.3217256
2,3391,0.6517219543457031,0.6397875816993464,1785285665.5277634
2,3392,0.5184130072593689,0.6398111979166666,1785285665.733808
2,3393,0.7337565422058105,0.6395914396887159,1785285665.9191606
2,3394,0.472045361995697,0.6388081395348837,1785285666.1063745
2,3395,0.7925642728805542,0.6389157014157014,1785285666.2910736
2,3396,0.804623544216156,0.6389423076923076,1785285666.4767346
2,3397,0.6192819476127625,0.6390485312899106,1785285666.6724007
2,3398,0.5622482895851135,0.639074427480916,1785285666.8553312
2,3399,0.5508885383605957,0.6389416983523447,1785285667.064563
2,3400,0.5347098708152771,0.6386521464646465,1785285667.2487473
2,3401,0.6433987021446228,0.6388364779874214,1785285667.4376056
2,3402,0.6193916201591492,0.6386278195488722,1785285667.6231136
2,3403,0.5808460116386414,0.6382646691635455,1785285667.860515
2,3404,0.4479903280735016,0.6380597014925373,1785285668.075955
2,3405,0.8165454268455505,0.6377013630731103,1785285668.2581017
2,3406,0.5422768592834473,0.6378858024691358,1785285668.443699
2,3407,0.554460346698761,0.6373769987699877,1785285668.6573741
2,3408,0.6797045469284058,0.6372549019607843,1785285668.8418548
2,3409,0.6713917255401611,0.6373626373626373,1785285669.0397668
2,3410,0.5365142226219177,0.6373175182481752,1785285669.2217662
2,3411,0.6229195594787598,0.6371969696969697,1785285669.44673
2,3412,0.8377085328102112,0.6370018115942029,1785285669.637157
2,3413,0.5519523024559021,0.6371089049338147,1785285669.8224216
2,3414,0.525538444519043,0.636990407673861,1785285670.0060022
2,3415,0.6283422112464905,0.6370967741935484,1785285670.24486
2,3416,0.5506277084350586,0.6366815476190476,1785285670.430878
2,3417,0.6041332483291626,0.6370848161328588,1785285670.6165452
2,3418,0.5443372130393982,0.6368203309692672,1785285670.8007338
2,3419,0.5073355436325073,0.6368521790341578,1785285671.0226443
2,3420,0.5712003111839294,0.6369571596244131,1785285671.2114384
2,3421,0.4816441535949707,0.6367690058479533,1785285671.4154787
2,3422,0.6159050464630127,0.6368006993006993,1785285671.6004045
2,3423,0.5994924306869507,0.6369773519163763,1785285671.7978747
2,3424,0.5345087647438049,0.6370081018518519,1785285671.9837615
2,3425,0.5453169345855713,0.6368223760092272,1785285672.1693122
2,3426,0.5794153213500977,0.6366379310344827,1785285672.3600845
2,3427,0.5789750814437866,0.6365979381443299,1785285672.5584152
2,3428,0.44660764932632446,0.6367009132420092,1785285672.7425587
2,3429,0.8244075775146484,0.6366609783845278,1785285672.9267821
2,3430,0.6232413649559021,0.6366213151927438,1785285673.1102872
2,3431,0.627623975276947,0.6363700564971752,1785285673.3232775
2,3432,0.5255261659622192,0.6364724099099099,1785285673.5258048
2,3433,0.6955039501190186,0.6364337822671156,1785285673.709057
2,3434,0.5860471725463867,0.6360458612975392,1785285673.9150944
2,3435,0.7251657247543335,0.6351727982162765,1785285674.1032286
2,3436,0.6127822995185852,0.635,1785285674.3243747
2,3437,0.41738981008529663,0.6351744186046512,1785285674.5143178
2,3438,0.5340235233306885,0.6352786975717439,1785285674.7130113
2,3439,0.6098809838294983,0.6351760176017601,1785285674.9120684
2,3440,0.6564272046089172,0.6347313596491229,1785285675.1328797
2,3441,0.6175750494003296,0.6346311475409836,1785285675.3171744
2,3442,0.7940518260002136,0.6341230936819172,1785285675.5113873
2,3443,0.48963266611099243,0.6338219326818675,1785285675.7020698
2,3444,0.50883549451828,0.6336580086580087,1785285675.8867216
2,3445,0.6300318241119385,0.633764832793959,1785285676.0695639
2,3446,0.5796392560005188,0.6338709677419355,1785285676.2517216
2,3447,0.6491744518280029,0.6336414790996785,1785285676.4531517
2,3448,0.4658096432685852,0.633613782051282,1785285676.665375
2,3449,0.5073505640029907,0.6339856230031949,1785285676.8483021
2,3450,0.6706661581993103,0.6339570063694268,1785285677.0503545
2,3451,0.5975902080535889,0.6338624338624339,1785285677.2423103
2,3452,0.6889619827270508,0.6334388185654009,1785285677.4277797
2,3453,0.6042184233665466,0.6335436382754994,1785285677.6107566
2,3454,0.5608198046684265,0.6333857442348009,1785285677.795026
2,3455,0.6594125032424927,0.6333594566353187,1785285678.029314
2,3456,0.7168841361999512,0.63359375,1785285678.2117891
2,3457,0.427573561668396,0.6335669781931464,1785285678.3945415
2,3458,0.6891753077507019,0.6336697722567288,1785285678.57678
2,3459,0.8068795800209045,0.6335139318885449,1785285678.8069582
2,3460,0.5749421119689941,0.633616255144033,1785285679.0072682
2,3461,0.6729457378387451,0.633525641025641,1785285679.1968985
2,3462,0.6424930691719055,0.6334355828220859,1785285679.406076
2,3463,0.6299624443054199,0.6334097859327217,1785285679.5934122
2,3464,0.7026781439781189,0.6333841463414634,1785285679.7848012
2,3465,0.6778866052627563,0.6334219858156028,1785285679.9717333
2,3466,0.5999473929405212,0.633459595959596,1785285680.1597917
2,3467,0.41493165493011475,0.6337487411883183,1785285680.3890803
2,3468,0.6348562240600586,0.6334713855421686,1785285680.5766764
2,3469,0.6601406931877136,0.6331956956956957,1785285680.765575
2,3470,0.8777270913124084,0.6333582834331337,1785285680.9534068
2,3471,0.7575002908706665,0.6330845771144279,1785285681.1842964
2,3472,0.5661353468894958,0.6329985119047619,1785285681.371818
2,3473,0.5645848512649536,0.6331602373887241,1785285681.5578423
2,3474,0.5511724948883057,0.6331360946745562,1785285681.7432404
2,3475,0.5777153968811035,0.6331120943952803,1785285681.9622638
2,3476,0.6285407543182373,0.6327818627450981,1785285682.1476939
2,3477,0.634323239326477,0.6327590420332356,1785285682.350732
2,3478,0.6067922115325928,0.632614522417154,1785285682.5356205
2,3479,0.5883998870849609,0.6325315840621963,1785285682.7401009
2,3480,0.6805051565170288,0.6322674418604651,1785285682.9398036
2,3481,0.8463064432144165,0.6321256038647343,1785285683.1257195
2,3482,0.472263365983963,0.6321652215799615,1785285683.3123713
2,3483,0.6345502138137817,0.6320845341018252,1785285683.5468419
2,3484,0.46121662855148315,0.632183908045977,1785285683.732098
2,3485,0.525000274181366,0.6322230181470869,1785285683.9187922
2,3486,0.5258200168609619,0.6320833333333333,1785285684.1062331
2,3487,0.4849070906639099,0.6320037986704653,1785285684.3080857
2,3488,0.475389689207077,0.6318063446969697,1785285684.4949162
2,3489,0.6549346446990967,0.6319641170915958,1785285684.6794517
2,3490,0.5518204569816589,0.6320621468926554,1785285684.8656707
2,3491,0.6475998759269714,0.6322769953051643,1785285685.1074948
2,3492,0.4775140583515167,0.632373595505618,1785285685.3049386
2,3493,0.7316381931304932,0.6324112978524743,1785285685.4904664
2,3494,0.6356708407402039,0.6324487895716946,1785285685.679176
2,3495,0.8096339702606201,0.6326021355617456,1785285685.9099803
2,3496,0.6858810782432556,0.6324074074074074,1785285686.0953047
2,3497,0.6803673505783081,0.6325023084025854,1785285686.281277
2,3498,0.511428713798523,0.6325966850828729,1785285686.4710772
2,3499,0.559965193271637,0.6329201101928374,1785285686.686664
2,3500,0.5711475610733032,0.6328411172161172,1785285686.8767755
2,3501,0.4748803675174713,0.6328767123287671,1785285687.0631595
2,3502,0.5619206428527832,0.6330828779599271,1785285687.2690594
2,3503,0.4567306935787201,0.6330608537693007,1785285687.4565961
2,3504,0.7062034606933594,0.6328691123188406,1785285687.6428587
2,3505,0.622696578502655,0.6328477868112015,1785285687.8419933
2,3506,0.6913917064666748,0.6328265765765766,1785285688.0385606
2,3507,0.6191461682319641,0.6327493261455526,1785285688.225348
2,3508,0.6976394653320312,0.6327284946236559,1785285688.4114223
2,3509,0.547760546207428,0.6325402144772118,1785285688.5995646
2,3510,0.6348365545272827,0.6325757575757576,1785285688.7853706
2,3511,0.45561981201171875,0.6328888888888888,1785285689.0012734
2,3512,0.622493326663971,0.6325908687943262,1785285689.19073
2,3513,0.7297722101211548,0.6323496905393458,1785285689.401493
2,3514,0.8477143049240112,0.6323302469135802,1785285689.5886872
2,3515,0.8499854803085327,0.6326407211961301,1785285689.8110657
2,3516,0.715729832649231,0.6327850877192982,1785285690.010271
2,3517,0.5310567617416382,0.6329833770778652,1785285690.1985662
2,3518,0.5693333148956299,0.6331806282722513,1785285690.387319
2,3519,0.5055369734764099,0.6334312445604874,1785285690.669689
2,3520,0.6931847929954529,0.6336805555555556,1785285690.870501
2,3521,0.604394257068634,0.6336038961038961,1785285691.0578578
2,3522,0.6676533222198486,0.6337974956822107,1785285691.264778
2,3523,0.6509798169136047,0.6340977605512489,1785285691.449885
2,3524,0.7298979759216309,0.6342353951890034,1785285691.6358454
2,3525,0.5906987190246582,0.6340509854327335,1785285691.8208008
2,3526,0.509986162185669,0.634241452991453,1785285692.0300431
2,3527,0.538175642490387,0.6342178175618073,1785285692.2473378
2,3528,0.6049641966819763,0.6340348639455783,1785285692.4363337
2,3529,0.6347696781158447,0.6343299406276506,1785285692.6224363
2,3530,0.5336621999740601,0.6345706429780034,1785285692.808546
2,3531,0.6623716950416565,0.6343881856540085,1785285693.0144389
2,3532,0.6730695962905884,0.6347327441077442,1785285693.1997054
2,3533,0.8399419188499451,0.6350755667506297,1785285693.385523
2,3534,0.6761656999588013,0.6353119765494137,1785285693.5703514
2,3535,0.5927613973617554,0.6353383458646616,1785285693.7780452
2,3536,0.7348529696464539,0.6355208333333333,1785285693.9643252
2,3537,0.5275037288665771,0.6358582709891937,1785285694.1481717
2,3538,0.6380918025970459,0.6357276119402985,1785285694.335414
2,3539,0.7011253237724304,0.6357009925558312,1785285694.5714617
2,3540,0.8712749481201172,0.6359839108910891,1785285694.7677567
2,3541,0.6800470352172852,0.6359567901234567,1785285694.9527705
2,3542,0.699204683303833,0.635929802955665,1785285695.1628182
2,3543,0.6831469535827637,0.6356470106470107,1785285695.3473346
2,3544,0.8374617695808411,0.6356209150326797,1785285695.5319657
2,3545,0.5623474717140198,0.6354421352893236,1785285695.718635
2,3546,0.6590513586997986,0.6352134146341464,1785285695.9059536
2,3547,0.6835526823997498,0.6350871857258719,1785285696.1337557
2,3548,0.6374049186706543,0.6349615695792881,1785285696.3202317
2,3549,0.5560088753700256,0.635139225181598,1785285696.5043142
2,3550,0.6420506238937378,0.6350140901771336,1785285696.6899736
2,3551,0.6149625778198242,0.6349899598393575,1785285696.925485
2,3552,0.5365632772445679,0.6350661057692307,1785285697.1299276
2,3553,0.5957831144332886,0.6352418065547561,1785285697.3148818
2,3554,0.6173504590988159,0.635316985645933,1785285697.518474
2,3555,0.6760752201080322,0.6353918058870326,1785285697.7500818
2,3556,0.6071947813034058,0.6354662698412699,1785285697.9347577
2,3557,0.58299720287323,0.6354908946951703,1785285698.11909
2,3558,0.6134132742881775,0.6355647709320695,1785285698.3157358
2,3559,0.6819122433662415,0.6357368006304176,1785285698.503215
2,3560,0.5784032344818115,0.6359571540880503,1785285698.6953099
2,3561,0.6994527578353882,0.6359803921568628,1785285698.8795831
2,3562,0.5257155299186707,0.6359546165884195,1785285699.0653462
2,3563,0.5459519624710083,0.6361241217798594,1785285699.3147082
2,3564,0.4910512864589691,0.6361954828660437,1785285699.5006497
2,3565,0.487862229347229,0.6362665112665112,1785285699.6868205
2,3566,0.6986945867538452,0.6361434108527132,1785285699.8685105
2,3567,0.5023983716964722,0.6364559164733179,1785285700.1426399
2,3568,0.6593543887138367,0.6364293981481481,1785285700.3332407
2,3569,0.5527715086936951,0.6362105465742879,1785285700.554268
2,3570,0.742056131362915,0.6362807219662059,1785285700.7492428
2,3571,0.823542594909668,0.6362547892720306,1785285700.9341006
2,3572,0.49615707993507385,0.6363723241590215,1785285701.1198545
2,3573,0.752476692199707,0.636441647597254,1785285701.307557
2,3574,0.5990614891052246,0.6365106544901066,1785285701.5100627
2,3575,0.6256362199783325,0.6366742596810934,1785285701.6942418
2,3576,0.4524310827255249,0.6364109848484848,1785285701.9009423
2,3577,0.6662217378616333,0.636432350718065,1785285702.0871415
2,3578,0.6094529628753662,0.6366421568627451,1785285702.2926116
2,3579,0.48946061730384827,0.6367569601203913,1785285702.4801595
2,3580,0.5029170513153076,0.6366366366366366,1785285702.68629
2,3581,0.5656640529632568,0.636750936329588,1785285702.8724573
2,3582,0.5825870633125305,0.6367713004484304,1785285703.0694945
2,3583,0.7036569118499756,0.636558538404176,1785285703.2560742
2,3584,0.61067795753479,0.63671875,1785285703.4522836
2,3585,0.6055108308792114,0.6365998515219006,1785285703.6380277
2,3586,0.6328977346420288,0.636712962962963,1785285703.8255937
2,3587,0.48646268248558044,0.6366869918699187,1785285704.0109715
2,3588,0.5971574783325195,0.6367533185840708,1785285704.1978028
2,3589,0.7809656262397766,0.6367733627667402,1785285704.3996158
2,3590,0.5263252258300781,0.6370227606461086,1785285704.586115
2,3591,0.5465181469917297,0.6371336996336996,1785285704.7730818
2,3592,0.5596062541007996,0.6371984649122807,1785285704.9593954
2,3593,0.7252811789512634,0.637171772428884,1785285705.1528327
2,3594,0.6335763931274414,0.6373271470160117,1785285705.3391445
2,3595,0.5454873442649841,0.637300290486565,1785285705.6041486
2,3596,0.5992419123649597,0.6370923913043478,1785285705.7923803
2,3597,0.6662227511405945,0.6371565437454808,1785285705.9794097
2,3598,0.6042227745056152,0.6369949494949495,1785285706.163939
2,3599,0.7645591497421265,0.6371040316774658,1785285706.389332
2,3600,0.5380457639694214,0.6371228448275862,1785285706.5906703
2,3601,0.46121251583099365,0.6373207885304659,1785285706.7767677
2,3602,0.46407774090766907,0.6373837625178826,1785285706.9650595
2,3603,0.6000421643257141,0.6373126338329764,1785285707.1919363
2,3604,0.5117634534835815,0.6371527777777778,1785285707.3829167
2,3605,0.6110532283782959,0.6371268656716418,1785285707.5833085
2,3606,0.7225967645645142,0.6370124113475177,1785285707.7693052
2,3607,0.46937137842178345,0.6369869072894551,1785285707.9919364
2,3608,0.5984771847724915,0.636917372881356,1785285708.1776001
2,3609,0.5796967148780823,0.6368921775898521,1785285708.3716915
2,3610,0.6888193488121033,0.6368231364275668,1785285708.5701756
2,3611,0.6602810621261597,0.6369298245614035,1785285708.754818
2,3612,0.5839795470237732,0.6367296918767507,1785285708.9419858
2,3613,0.527930736541748,0.6367051013277428,1785285709.129196
2,3614,0.7129520177841187,0.6364191073919108,1785285709.3325071
2,3615,0.791691780090332,0.6363952679192763,1785285709.5205197
2,3616,0.5764274597167969,0.6366319444444445,1785285709.7266576
2,3617,0.48711031675338745,0.6367810117810118,1785285709.9116232
2,3618,0.6508250832557678,0.6365404564315352,1785285710.1089687
2,3619,0.5730262994766235,0.6366459627329193,1785285710.2954834
2,3620,0.4775945246219635,0.6364927685950413,1785285710.4958925
2,3621,0.677718997001648,0.6365549828178694,1785285710.6839767
2,3622,0.6589637994766235,0.6368741426611797,1785285710.8794944
2,3623,0.7507575154304504,0.6368497604380561,1785285711.0652077
2,3624,0.5834740400314331,0.6369535519125683,1785285711.2522607
2,3625,0.6209436655044556,0.6368012951601909,1785285711.4405677
2,3626,0.766335666179657,0.636734693877551,1785285711.6372714
2,3627,0.5276616811752319,0.636541072640869,1785285711.8434427
2,3628,0.6353492140769958,0.6361788617886179,1785285712.0636106
2,3629,0.6460235118865967,0.6361984448951995,1785285712.2494416
2,3630,0.5408263802528381,0.636049257759784,1785285712.441884
2,3631,0.577800989151001,0.6359427609427609,1785285712.629127
2,3632,0.5359300971031189,0.6359627016129032,1785285712.834177
2,3633,0.5520774126052856,0.636150234741784,1785285713.0193145
2,3634,0.7544487118721008,0.6361696787148594,1785285713.2044518
2,3635,0.7078586220741272,0.6363142952571811,1785285713.4269671
2,3636,0.5769281387329102,0.6362083333333334,1785285713.6296098
2,3637,0.46388494968414307,0.6362275449101796,1785285713.817365
2,3638,0.552526593208313,0.6364126826029216,1785285714.0204344
2,3639,0.580318808555603,0.6362243207422134,1785285714.2082593
2,3640,0.6190329790115356,0.6363260582010583,1785285714.406131
2,3641,0.6045234203338623,0.6362623762376237,1785285714.6092687
2,3642,0.6852331161499023,0.636322463768116,1785285714.815095
2,3643,0.5568776726722717,0.6365877712031558,1785285714.9995801
2,3644,0.5711877942085266,0.6366469816272966,1785285715.1847486
2,3645,0.45781487226486206,0.6365422396856582,1785285715.3727806
2,3646,0.6256202459335327,0.6366013071895424,1785285715.5616133
2,3647,0.5930012464523315,0.6366601435094585,1785285715.8146653
2,3648,0.6968398094177246,0.6367594401041666,1785285716.0032742
2,3649,0.530693531036377,0.6368989603638726,1785285716.1896465
2,3650,0.5023993849754333,0.6371190012970168,1785285716.3754277
2,3651,0.7060632109642029,0.6372168284789644,1785285716.6158345
2,3652,0.5913808345794678,0.6372335271317829,1785285716.8024237
2,3653,0.6458892226219177,0.6372098646034816,1785285716.9905114
2,3654,0.6924653053283691,0.6372265122265123,1785285717.190439
2,3655,0.5445284247398376,0.6374438021836866,1785285717.3761065
2,3656,0.6102490425109863,0.6374198717948718,1785285717.5773332
2,3657,0.5491743087768555,0.6371561100447857,1785285717.7649047
2,3658,0.4301106929779053,0.6372924648786717,1785285717.9792778
2,3659,0.9238927364349365,0.6371494582536648,1785285718.1655846
2,3660,0.6258625984191895,0.6370467557251909,1785285718.3524244
2,3661,0.524570882320404,0.6370634920634921,1785285718.5377712
2,3662,0.7239274382591248,0.6371593789607097,1785285718.7240398
2,3663,0.8006399869918823,0.6371758380771664,1785285718.93937
2,3664,0.41210460662841797,0.6372316919191919,1785285719.1255457
2,3665,0.5481619834899902,0.6372873345935728,1785285719.309637
2,3666,0.4422537386417389,0.6373820754716981,1785285719.4949825
2,3667,0.5448900461196899,0.6373587570621468,1785285719.7550523
2,3668,0.6809418797492981,0.637374686716792,1785285719.9412532
2,3669,0.6008702516555786,0.6375078173858661,1785285720.1257339
2,3670,0.5405386686325073,0.6374063670411985,1785285720.309181
2,3671,0.6899360418319702,0.6374221183800624,1785285720.4964838
2,3672,0.7705045342445374,0.6374766791044776,1785285720.6824648
2,3673,0.698941707611084,0.6374146492861577,1785285720.8705258
2,3674,0.5973110795021057,0.6373915737298637,1785285721.0586412
2,3675,0.5834426283836365,0.637639146567718,1785285721.2958393
2,3676,0.5525473356246948,0.6378086419753086,1785285721.4881377
2,3677,0.6085737347602844,0.6376694393099199,1785285721.6754982
2,3678,0.4746592044830322,0.6376460639606396,1785285721.8623977
2,3679,0.5839195847511292,0.6375076734192756,1785285722.0906951
2,3680,0.4817497134208679,0.6376378676470589,1785285722.299097
2,3681,0.6608291864395142,0.6376911314984709,1785285722.4883046
2,3682,0.5616645216941833,0.6374007936507936,1785285722.676264
2,3683,0.5582108497619629,0.6375304692260817,1785285722.8911548
2,3684,0.5017929077148438,0.6375836374695864,1785285723.0807874
2,3685,0.6416662931442261,0.6377504553734062,1785285723.2681258
2,3686,0.4398218095302582,0.6377272727272727,1785285723.4586809
2,3687,0.558192789554596,0.6377419842710224,1785285723.6871724
2,3688,0.6123155355453491,0.6378698671497585,1785285723.870983
2,3689,0.8667165040969849,0.638034960819771,1785285724.0627139
2,3690,0.5500233173370361,0.63823706377858,1785285724.2477593
2,3691,0.4208105206489563,0.6381756756756757,1785285724.4653192
2,3692,0.7102283239364624,0.6380770383693045,1785285724.6749954
2,3693,0.5454003214836121,0.6378291442250149,1785285724.875118
2,3694,0.4446147680282593,0.6377314814814815,1785285725.0812244
2,3695,0.5003314018249512,0.6374850924269528,1785285725.2665188
2,3696,0.44901418685913086,0.6376860119047619,1785285725.4629407
2,3697,0.6395577788352966,0.6374777183600713,1785285725.6530259
2,3698,0.6141045093536377,0.6377150059311981,1785285725.8421137
2,3699,0.6556539535522461,0.6379144464179988,1785285726.0822923
2,3700,0.5971858501434326,0.637854609929078,1785285726.274665
2,3701,0.6288026571273804,0.6379793510324484,1785285726.458038
2,3702,0.6310127377510071,0.6378091872791519,1785285726.646861
2,3703,0.4393729865550995,0.6378233392122281,1785285726.873526
2,3704,0.7359393835067749,0.6376540492957746,1785285727.069205
2,3705,0.6174455881118774,0.6377416520210897,1785285727.2594633
2,3706,0.5833249092102051,0.6379385964912281,1785285727.4676874
2,3707,0.4984934628009796,0.6378429655575014,1785285727.671691
2,3708,0.5322827100753784,0.637711247086247,1785285727.8671317
2,3709,0.5766007900238037,0.6378708551483421,1785285728.0504856
2,3710,0.6357389688491821,0.6379210220673636,1785285728.2383864
2,3711,0.7429364919662476,0.6378985507246376,1785285728.452768
2,3712,0.5928040146827698,0.6381293402777778,1785285728.6582148
2,3713,0.6874533891677856,0.6380704794916233,1785285728.852225
2,3714,0.6686726808547974,0.638155997693195,1785285729.0460792
2,3715,0.48959630727767944,0.6382412204951065,1785285729.231438
2,3716,0.6067720651626587,0.6382543103448276,1785285729.4158514
2,3717,0.5002979040145874,0.638267355134825,1785285729.6082432
2,3718,0.5652894377708435,0.6383161512027491,1785285729.795663
2,3719,0.6018232703208923,0.6382575757575758,1785285730.0229657
2,3720,0.5006579160690308,0.6383062214611872,1785285730.2172222
2,3721,0.5441363453865051,0.6382834757834758,1785285730.407596
2,3722,0.5803450345993042,0.6384741183162684,1785285730.604508
2,3723,0.7928353548049927,0.6386286201022147,1785285730.8486013
2,3724,0.6950233578681946,0.6387117346938775,1785285731.0537841
2,3725,0.5121313333511353,0.6387238256932655,1785285731.2543786
2,3726,0.7666914463043213,0.6387358757062147,1785285731.4531097
2,3727,0.468883752822876,0.6388888888888888,1785285731.6949155
2,3728,0.6687783002853394,0.6390413851351351,1785285731.8924348
2,3729,0.5259872078895569,0.6390177065767285,1785285732.0812235
2,3730,0.3853333294391632,0.6393097643097643,1785285732.2639813
2,3731,0.7690322399139404,0.6394957983193277,1785285732.4875748
2,3732,0.5654634833335876,0.6395064317673378,1785285732.671705
2,3733,0.34481939673423767,0.6397613065326633,1785285732.8539588
2,3734,0.7049884796142578,0.6398411371237458,1785285733.0383635
2,3735,0.5641463994979858,0.6397468002225932,1785285733.2503731
2,3736,0.4689658582210541,0.6398263888888889,1785285733.4332461
2,3737,0.7688019275665283,0.6396977260122019,1785285733.6327682
2,3738,0.6255414485931396,0.6398117386489479,1785285733.8285284
2,3739,0.6928765773773193,0.6398217247097844,1785285734.0107245
2,3740,0.47440019249916077,0.6400041390728477,1785285734.199309
2,3741,0.6564409732818604,0.6400137741046832,1785285734.391495
2,3742,0.6409240961074829,0.6399202420242024,1785285734.5745306
2,3743,0.41548067331314087,0.6399986271279516,1785285734.8129578
2,3744,0.6797882318496704,0.6400767543859649,1785285735.012977
2,3745,0.725933313369751,0.6398125342090859,1785285735.2123487
2,3746,0.6147655248641968,0.6398224043715847,1785285735.409176
2,3747,0.6457254886627197,0.639798145117294,1785285735.594267
2,3748,0.5954756736755371,0.6397058823529411,1785285735.7807484
2,3749,0.8711835145950317,0.6397498640565524,1785285735.9694223
2,3750,0.4987587630748749,0.6398615635179153,1785285736.1731946
2,3751,0.5002344250679016,0.6398712737127371,1785285736.4202616
2,3752,0.42313024401664734,0.6400162337662337,1785285736.6242282
2,3753,0.6804084181785583,0.6399581307401405,1785285736.8101149
2,3754,0.6433868408203125,0.639967637540453,1785285736.9923494
2,3755,0.6308994889259338,0.6398424878836834,1785285737.2213116
2,3756,0.5862533450126648,0.6396841397849462,1785285737.4119692
2,3757,0.7242143154144287,0.6395933977455717,1785285737.5969195
2,3758,0.6467286944389343,0.6394694533762058,1785285737.777954
2,3759,0.6012783646583557,0.6396468699839486,1785285738.0497358
2,3760,0.5347545146942139,0.6397235576923077,1785285738.2572186
2,3761,0.5149306654930115,0.6396333333333334,1785285738.448657
2,3762,0.4518372416496277,0.639676517571885,1785285738.665321
2,3763,0.5694097280502319,0.6397195640616693,1785285738.8591433
2,3764,0.5741644501686096,0.6397624734607219,1785285739.0528154
2,3765,0.579761803150177,0.6398383677795443,1785285739.2358682
2,3766,0.6211375594139099,0.6398809523809523,1785285739.419695
2,3767,0.7569612264633179,0.6398573692551506,1785285739.6902046
2,3768,0.615353524684906,0.6398997890295358,1785285739.8778543
2,3769,0.829863429069519,0.6397775144813059,1785285740.066432
2,3770,0.4489966034889221,0.6398856466876972,1785285740.257909
2,3771,0.5378401875495911,0.6400590551181102,1785285740.5094984
2,3772,0.5398038029670715,0.6399698637316562,1785285740.7148678
2,3773,0.6274092197418213,0.6399136577708007,1785285740.9005268
2,3774,0.6253860592842102,0.6398902821316614,1785285741.096213
2,3775,0.5287476181983948,0.6399647887323944,1785285741.326022
2,3776,0.5514366030693054,0.6400065104166667,1785285741.5138328
2,3777,0.6391122937202454,0.6399830993239729,1785285741.708069
2,3778,0.625101625919342,0.6399273104880582,1785285741.9071763
2,3779,0.5625410079956055,0.6401308968377397,1785285742.1286252
2,3780,0.7275811433792114,0.640042701863354,1785285742.3258889
2,3781,0.5393102765083313,0.6402454780361757,1785285742.5176182
2,3782,0.5042282938957214,0.6401573787409701,1785285742.7126882
2,3783,0.4475773572921753,0.6402949510561566,1785285743.0171878
2,3784,0.5488157272338867,0.6402713477366255,1785285743.2039266
2,3785,0.5547780394554138,0.6402799178222907,1785285743.3964016
2,3786,0.5175220966339111,0.6403205128205128,1785285743.5881815
2,3787,0.5863420963287354,0.6404249871991807,1785285743.8303885
2,3788,0.6694006323814392,0.6403693762781186,1785285744.0378115
2,3789,0.5495133399963379,0.6404734558448187,1785285744.2269955
2,3790,0.5816420912742615,0.6404816513761468,1785285744.417513
2,3791,0.6838291883468628,0.6404898218829517,1785285744.655718
2,3792,0.7617292404174805,0.6404979674796748,1785285744.8462873
2,3793,0.5939226746559143,0.6405695078640284,1785285745.0289538
2,3794,0.624516487121582,0.6405458459979737,1785285745.2269516
2,3795,0.6866879463195801,0.6405538694992413,1785285745.466179
2,3796,0.6338346004486084,0.640625,1785285745.6493087
2,3797,0.7166224718093872,0.6405383257690368,1785285745.8385916
2,3798,0.7134243845939636,0.6404833836858006,1785285746.0325
2,3799,0.6596711277961731,0.6404600301659125,1785285746.302361
2,3800,0.5668087005615234,0.6404053714859438,1785285746.521884
2,3801,0.49721258878707886,0.6404135338345864,1785285746.7143276
2,3802,0.6774381995201111,0.6404216716716716,1785285746.906298
2,3803,0.554234504699707,0.6406171914042978,1785285747.1596556
2,3804,0.5907842516899109,0.6405938123752495,1785285747.347603
2,3805,0.46092870831489563,0.6404770802192327,1785285747.5383275
2,3806,0.5148354172706604,0.6404228855721393,1785285747.741777
2,3807,0.728386402130127,0.6403999006458023,1785285747.9852383
2,3808,0.5138331651687622,0.6403459821428571,1785285748.1774635
2,3809,0.5179698467254639,0.6403850916295195,1785285748.3647075
2,3810,0.5287330150604248,0.640393175074184,1785285748.5486012
2,3811,0.5470857620239258,0.640216049382716,1785285748.787941
2,3812,0.5553286075592041,0.6401935404339251,1785285748.9756985
2,3813,0.5794121623039246,0.6402326440177253,1785285749.1701443
2,3814,0.7009719014167786,0.6401794493608652,1785285749.3613977
2,3815,0.667999804019928,0.6402184585174275,1785285749.6168346
2,3816,0.5680709481239319,0.6401041666666667,1785285749.8132496
2,3817,0.47331979870796204,0.6401431718061674,1785285750.0045636
2,3818,0.49217909574508667,0.6402431573802542,1785285750.1946247
2,3819,0.4820052981376648,0.6402513421181064,1785285750.4492896
2,3820,0.5159196853637695,0.6402595029239766,1785285750.648921
2,3821,0.588267982006073,0.6401155717761557,1785285750.8508518
2,3822,0.6753243803977966,0.6399113216715258,1785285751.062579
2,3823,1.0061662197113037,0.639919941775837,1785285751.25529
2,3824,0.5908928513526917,0.6400799418604651,1785285751.4474614
2,3825,0.7072068452835083,0.6401487663280117,1785285751.6672928
2,3826,0.5193545818328857,0.6402777777777777,1785285751.870361
2,3827,0.6438506841659546,0.6403762662807525,1785285752.0641074
2,3828,0.5022591352462769,0.6404142581888247,1785285752.2667136
2,3829,0.5981173515319824,0.6403018278018278,1785285752.4600546
2,3830,0.639096736907959,0.6403097982708934,1785285752.6530483
2,3831,0.6674181222915649,0.6402877697841727,1785285752.9396029
2,3832,0.6435044407844543,0.6403256704980843,1785285753.1266885
2,3833,0.5038337111473083,0.6400944524151124,1785285753.3151612
2,3834,0.7891116738319397,0.6400728271251194,1785285753.503581
2,3835,0.5104200839996338,0.6401108726752504,1785285753.7102816
2,3836,0.7372562289237976,0.6400595238095238,1785285753.9096146
2,3837,0.5941368341445923,0.6399488825487399,1785285754.0986676
2,3838,0.718775749206543,0.6398088793922128,1785285754.2865164
2,3839,0.5412766337394714,0.6398470839260313,1785285754.5183985
2,3840,0.5775152444839478,0.6399739583333334,1785285754.7225692
2,3841,0.6364318132400513,0.6398345153664302,1785285754.9182262
2,3842,0.4483305513858795,0.6398135033050047,1785285755.1158304
2,3843,0.6472063064575195,0.6399398868458275,1785285755.3092859
2,3844,0.641029417514801,0.6400364877589454,1785285755.5112958
2,3845,0.5706369876861572,0.6401034320639398,1785285755.704989
2,3846,0.6222630739212036,0.6401408450704226,1785285755.911938
2,3847,0.5932833552360535,0.6400609470229723,1785285756.1068175
2,3848,0.4922853708267212,0.6400105337078652,1785285756.3073037
2,3849,0.44935524463653564,0.6400479195885928,1785285756.5013475
2,3850,0.5002036094665527,0.6400560224089635,1785285756.6928196
2,3851,0.6028400659561157,0.6400058275058275,1785285756.8846047
2,3852,0.675144612789154,0.6400721601489758,1785285757.0745707
2,3853,0.7938749194145203,0.6400220827522083,1785285757.2645764
2,3854,0.46241334080696106,0.6400011606313835,1785285757.4570982
2,3855,0.7146683931350708,0.640038247566064,1785285757.6898255
2,3856,0.4791043996810913,0.640162037037037,1785285757.8759022
2,3857,0.39370855689048767,0.6401121128062875,1785285758.059637
2,3858,0.5269253849983215,0.640148891966759,1785285758.2552438
2,3859,0.4848407208919525,0.6400991240202858,1785285758.482595
2,3860,0.6139345765113831,0.6402509208103131,1785285758.6683803
2,3861,0.5051271915435791,0.6401724137931034,1785285758.8520825
2,3862,0.6284036040306091,0.6400654269972452,1785285759.0417025
2,3863,0.5430338978767395,0.6402453003209537,1785285759.318553
2,3864,0.4458642601966858,0.6402243589743589,1785285759.508319
2,3865,0.694918155670166,0.6401748971193416,1785285759.697709
2,3866,0.6175364255905151,0.6402111872146119,1785285759.9032428
2,3867,0.7671512365341187,0.6401903784769721,1785285760.300192
2,3868,0.4697946310043335,0.6402550091074681,1785285760.4920633
2,3869,0.7384935617446899,0.6403763074124602,1785285760.6798897
2,3870,0.5947966575622559,0.6403553587647594,1785285760.873492
2,3871,0.6515318751335144,0.640249433106576,1785285761.0652006
2,3872,0.6395535469055176,0.6400588768115942,1785285761.258485
2,3873,0.5484797954559326,0.6400667118950701,1785285761.4494748
2,3874,0.6286101341247559,0.6399616079494128,1785285761.6487591
2,3875,0.7766659259796143,0.6400823184483536,1785285761.8391237
2,3876,0.37735715508461,0.6401182432432433,1785285762.0689585
2,3877,0.6420530676841736,0.6401540710751237,1785285762.260082
2,3878,0.5559852123260498,0.6400213387241689,1785285762.4567409
2,3879,0.4407133460044861,0.6401973979362943,1785285762.654013
2,3880,0.7271913886070251,0.6401769713261649,1785285762.8626082
2,3881,0.7687436938285828,0.6400727069351231,1785285763.0561485
2,3882,0.4945047199726105,0.6401642091152815,1785285763.2487984
2,3883,0.5566037893295288,0.6402554663096832,1785285763.4319348
2,3884,0.8134623765945435,0.6404300356506238,1785285763.6171815
2,3885,0.6493515372276306,0.6402703604806409,1785285763.8014326
2,3886,0.5303937792778015,0.6403055555555556,1785285764.0003808
2,3887,0.6314610838890076,0.6402851753217932,1785285764.1840937
2,3888,0.5686303377151489,0.6403202570921985,1785285764.36832
2,3889,0.5462204217910767,0.6404382470119522,1785285764.5673075
2,3890,0.622585117816925,0.640473032714412,1785285764.774251
2,3891,0.5046138763427734,0.6405077262693156,1785285764.9564495
2,3892,0.7046640515327454,0.640569885361552,1785285765.1393774
2,3893,0.5769948959350586,0.6406043593130779,1785285765.327558
2,3894,0.9495801329612732,0.640693711521548,1785285765.5090475
2,3895,0.4409888684749603,0.6406730346947739,1785285765.7205443
2,3896,0.8559290170669556,0.6407620614035088,1785285765.905105
2,3897,0.5548750758171082,0.6407139728427508,1785285766.0879376
2,3898,0.5651611089706421,0.6408027121609798,1785285766.2694743
2,3899,0.6559511423110962,0.6408639143730887,1785285766.5013027
2,3900,0.6030324697494507,0.6410067626527051,1785285766.6846945
2,3901,0.7559486627578735,0.6409313725490197,1785285766.8698123
2,3902,0.538115382194519,0.6409921671018277,1785285767.0696456
2,3903,0.5217490792274475,0.6408626684050412,1785285767.2788124
2,3904,0.614767849445343,0.6409233940972222,1785285767.4630256
2,3905,0.5826011300086975,0.6409568703944517,1785285767.6473575
2,3906,0.8323964476585388,0.6407467532467532,1785285767.8530505
2,3907,0.5696985721588135,0.6408344141807177,1785285768.081588
2,3908,0.7399431467056274,0.6407869170984456,1785285768.2810445
2,3909,0.6222881078720093,0.6407934454506252,1785285768.4642053
2,3910,0.5653015971183777,0.6407730404823428,1785285768.6753247
2,3911,0.4540085792541504,0.6407795698924731,1785285768.92624
2,3912,0.531392514705658,0.6407860824742269,1785285769.1142976
2,3913,0.5819725394248962,0.6408730158730159,1785285769.3010063
2,3914,0.6884474754333496,0.6409061696658098,1785285769.4917712
2,3915,0.7389557957649231,0.6406985451433461,1785285769.6784208
2,3916,0.46851813793182373,0.6406784188034188,1785285769.8605113
2,3917,0.6935673952102661,0.640738369611609,1785285770.0470412
2,3918,0.6521950364112854,0.6408514492753623,1785285770.242388
2,3919,0.7091324329376221,0.6408312047679864,1785285770.467086
2,3920,0.5368568301200867,0.6408907312925171,1785285770.6725254
2,3921,0.6125363707542419,0.6409501061571126,1785285770.8650768
2,3922,0.7095783352851868,0.6408502968617472,1785285771.05319
2,3923,0.4922296702861786,0.6407507412113511,1785285771.2586644
2,3924,0.6055571436882019,0.640730752961083,1785285771.4425242
2,3925,0.5754518508911133,0.6407108153781158,1785285771.6286266
2,3926,0.7134778499603271,0.6408491561181434,1785285771.8267593
2,3927,0.7051603198051453,0.6409871470712178,1785285772.0656223
2,3928,0.6689721941947937,0.6411247895622896,1785285772.273177
2,3929,0.6439487338066101,0.6411832702816309,1785285772.4730725
2,3930,0.5630174279212952,0.6411891267842149,1785285772.6688247
2,3931,0.6170693039894104,0.6411425576519916,1785285772.8532197
2,3932,0.5069856643676758,0.6412793132328308,1785285773.0671747
2,3933,0.5350623726844788,0.6412850271852781,1785285773.252308
2,3934,0.7249429225921631,0.6412907268170426,1785285773.4523525
2,3935,0.644561767578125,0.6413224864413851,1785285773.634956
2,3936,0.49295952916145325,0.64140625,1785285773.8320978
2,3937,0.5418674349784851,0.6413857677902621,1785285774.018018
2,3938,0.6158950328826904,0.6414172901080631,1785285774.2057838
2,3939,0.6956740617752075,0.6413190120381901,1785285774.4321635
2,3940,0.34148481488227844,0.6415060116086235,1785285774.6348507
2,3941,0.5948813557624817,0.6415631469979296,1785285774.8180552
2,3942,0.5159755349159241,0.6415942928039702,1785285775.0206802
2,3943,0.579420804977417,0.6415995456422966,1785285775.2045147
2,3944,0.6242243051528931,0.6415274339933993,1785285775.3868034
2,3945,0.6722086668014526,0.641455500618047,1785285775.5714376
2,3946,0.6773317456245422,0.6414609053497943,1785285775.7737026
2,3947,0.5285856127738953,0.6415176736539252,1785285775.9554162
2,3948,0.8568081855773926,0.6415229885057471,1785285776.137947
2,3949,0.5302152633666992,0.6415795407954079,1785285776.32185
2,3950,0.7133482098579407,0.641533579033579,1785285776.512839
2,3951,0.5784511566162109,0.6415644171779141,1785285776.740612
2,3952,0.6493697762489319,0.6415696486928104,1785285776.9249642
2,3953,0.5011791586875916,0.6416513667890656,1785285777.1081924
2,3954,0.6889522075653076,0.6415291361043195,1785285777.3009865
2,3955,0.5624432563781738,0.6414326414326414,1785285777.484396
2,3956,0.5890994668006897,0.6415142276422764,1785285777.6668785
2,3957,0.48654618859291077,0.6414687373122209,1785285777.8599334
2,3958,0.6621589064598083,0.6415247364152473,1785285778.041454
2,3959,0.7611854076385498,0.6415299716484406,1785285778.2974472
2,3960,0.5996374487876892,0.6415351941747572,1785285778.479671
2,3961,0.5999815464019775,0.6415656565656566,1785285778.6643019
2,3962,0.47597700357437134,0.6416212671509282,1785285778.8736105
2,3963,0.6002799868583679,0.6415759774284563,1785285779.0595527
2,3964,0.41760435700416565,0.6417824074074074,1785285779.251989
2,3965,0.545022189617157,0.6418124246079614,1785285779.4347405
2,3966,0.503574550151825,0.641566265060241,1785285779.618574
2,3967,0.5019462704658508,0.6417719614921781,1785285779.8288739
2,3968,0.6057623624801636,0.6418770032051282,1785285780.0227773
2,3969,0.489969402551651,0.6419317727090836,1785285780.219444
2,3970,0.49641555547714233,0.6419864108713029,1785285780.4172518
2,3971,0.6089629530906677,0.6419910179640719,1785285780.6028914
2,3972,0.48457807302474976,0.6419706937799043,1785285780.8001974
2,3973,0.5137803554534912,0.6419504181600956,1785285780.9835246
2,3974,0.6447153687477112,0.6419550517104217,1785285781.1678123
2,3975,0.7450428605079651,0.641984505363528,1785285781.37458
2,3976,0.6242090463638306,0.6419394841269841,1785285781.5573673
2,3977,0.4560011029243469,0.6419936583432422,1785285781.739914
2,3978,0.6146481037139893,0.6420724465558195,1785285781.9325325
2,3979,0.7319777011871338,0.6420769078687228,1785285782.1556067
2,3980,0.5995794534683228,0.6421060426540285,1785285782.360508
2,3981,0.5841119289398193,0.6421104536489152,1785285782.5432284
2,3982,0.5618300437927246,0.6419917257683215,1785285782.7296054
2,3983,0.6933770179748535,0.6420208579299488,1785285782.967146
2,3984,0.6538940668106079,0.6420990566037735,1785285783.1672935
2,3985,0.5522193312644958,0.6421525323910483,1785285783.3528416
2,3986,0.4735599160194397,0.6422794117647059,1785285783.5438783
2,3987,0.7061123847961426,0.6422346259302781,1785285783.7276618
2,3988,0.7479760050773621,0.6421654929577465,1785285783.9310412
2,3989,0.6312892436981201,0.6421942164908168,1785285784.114997
2,3990,0.6513828039169312,0.6421496877439501,1785285784.3160553
2,3991,0.6766369342803955,0.6421783625730995,1785285784.4983106
2,3992,0.4522228240966797,0.6422556464174455,1785285784.6801279
2,3993,0.584428608417511,0.642284130688448,1785285784.8641796
2,3994,0.5453382730484009,0.6423368298368298,1785285785.0624473
2,3995,0.5775062441825867,0.6423166472642607,1785285785.2702866
2,3996,0.5693477988243103,0.6422238372093023,1785285785.4545457
2,3997,0.6072522401809692,0.6422522260936895,1785285785.6357257
2,3998,0.5244402885437012,0.6424255607115236,1785285785.8210766
2,3999,0.6044054627418518,0.6424295094631132,1785285786.0740778
2,4000,0.543388307094574,0.6423852237654321,1785285786.2796104
2,4001,0.6700853705406189,0.6423892100192679,1785285786.4642348
2,4002,0.5156969428062439,0.6422729022324866,1785285786.648882
2,4003,0.7810057401657104,0.6422289504036909,1785285786.854624
2,4004,0.7317426800727844,0.6421610983102919,1785285787.038108
2,4005,0.5655181407928467,0.6421892980437284,1785285787.2199938
2,4006,0.7508976459503174,0.6422892720306513,1785285787.402505
2,4007,0.6774075627326965,0.6422694221201684,1785285787.6416113
2,4008,0.5630657076835632,0.6422735091743119,1785285787.8265035
2,4009,0.6263629198074341,0.6422298587247041,1785285788.0081577
2,4010,0.7254589796066284,0.6420671243325705,1785285788.191345
2,4011,0.4838082492351532,0.6420714285714286,1785285788.4487026
2,4012,0.7571414113044739,0.6420519406392694,1785285788.631063
2,4013,0.619713544845581,0.6419849866970734,1785285788.8147087
2,4014,0.4554002285003662,0.641918185269552,1785285788.9974315
2,4015,0.7438677549362183,0.6419226393629124,1785285789.201368
2,4016,0.5730727910995483,0.6420217803030303,1785285789.3995569
2,4017,0.7362533807754517,0.6419788119561105,1785285789.5981324
2,4018,0.786223292350769,0.6420068027210885,1785285789.7824855
2,4019,0.509414553642273,0.6420111362778407,1785285789.9845443
2,4020,0.5661325454711914,0.6420390271493213,1785285790.1670349
2,4021,0.4989793300628662,0.6420668549905838,1785285790.3734396
2,4022,0.624670147895813,0.6421416478555305,1785285790.5807636
2,4023,0.515421986579895,0.6421692972566704,1785285790.764575
2,4024,0.6847819685935974,0.6422672672672672,1785285790.953283
2,4025,0.5015182495117188,0.6422712785901762,1785285791.135109
2,4026,0.5074679851531982,0.6424157303370787,1785285791.321925
2,4027,0.44958534836769104,0.6424429479985035,1785285791.5886765
2,4028,0.5525525808334351,0.6423766816143498,1785285791.7744603
2,4029,0.8263773918151855,0.6424738708473311,1785285791.9586387
2,4030,0.5464387536048889,0.6425009321401939,1785285792.1428444
2,4031,0.6103972792625427,0.6424813780260707,1785285792.348334
2,4032,0.8121902942657471,0.6424618675595238,1785285792.530825
2,4033,0.5951840877532959,0.6425353028613898,1785285792.7150679
2,4034,0.6780086755752563,0.6424693763919822,1785285792.9015803
2,4035,0.550101101398468,0.6423572487949574,1785285793.1139326
2,4036,0.4398152232170105,0.6424074074074074,1785285793.314531
2,4037,0.5998326539993286,0.6424574546799852,1785285793.4983695
2,4038,0.5471763610839844,0.6424611973392461,1785285793.683138
2,4039,0.6511936187744141,0.6424880029531193,1785285793.9062333
2,4040,0.41807180643081665,0.6426299778761062,1785285794.1017098
2,4041,0.574702262878418,0.6426565377532228,1785285794.302156
2,4042,0.6224663853645325,0.6427290286975718,1785285794.4988594
2,4043,0.5332842469215393,0.6427554208011761,1785285794.681579
2,4044,0.4968249499797821,0.6427588105726872,1785285794.8809009
2,4045,0.4921351373195648,0.6428997066373304,1785285795.0649507
2,4046,0.5531286597251892,0.6429716117216118,1785285795.2643895
2,4047,0.7258287668228149,0.642929015733626,1785285795.446606
2,4048,0.8414429426193237,0.6430692616959064,1785285795.6489022
2,4049,0.5977011322975159,0.6430951077035414,1785285795.831512
2,4050,0.7212690711021423,0.643212071480671,1785285796.0174456
2,4051,0.7479813694953918,0.6433743169398907,1785285796.2023509
2,4052,0.5713675022125244,0.6434452328966521,1785285796.3889031
2,4053,0.4519778788089752,0.6433796801163213,1785285796.572175
2,4054,0.6074473261833191,0.6433823529411765,1785285796.7589126
2,4055,0.5184939503669739,0.6434076895175915,1785285796.9627602
2,4056,0.721734881401062,0.6433423913043478,1785285797.145793
2,4057,0.4997076690196991,0.6434581976112921,1785285797.3287194
2,4058,0.8057440519332886,0.6434155820679682,1785285797.5135639
2,4059,0.7448004484176636,0.6433053448898519,1785285797.7351353
2,4060,0.5758257508277893,0.6432855339105339,1785285797.9347162
2,4061,0.7417639493942261,0.6431756756756757,1785285798.1336298
2,4062,0.7541642785072327,0.6430435565154787,1785285798.316652
2,4063,0.5044482946395874,0.6431364617044228,1785285798.5269842
2,4064,0.48974400758743286,0.6431169181034483,1785285798.7106109
2,4065,0.6255046725273132,0.6431422676713312,1785285798.8943043
2,4066,0.4657493531703949,0.6431003584229391,1785285799.0780506
2,4067,0.6315969824790955,0.6432375581811672,1785285799.314107
2,4068,0.5618562698364258,0.6432403433476395,1785285799.4985595
2,4069,0.5660756230354309,0.6433101107538407,1785285799.6829767
2,4070,0.8040205240249634,0.6431789793004996,1785285799.872903
2,4071,0.8667944669723511,0.6432263814616755,1785285800.055334
2,4072,0.7449350357055664,0.6431623931623932,1785285800.2397625
2,4073,0.6027896404266357,0.6430763073639274,1785285800.423625
2,4074,0.5263012647628784,0.6430570362473348,1785285800.6080499
2,4075,0.645444393157959,0.6430599929002485,1785285800.8239744
2,4076,0.5228242874145508,0.643040780141844,1785285801.0228286
2,4077,0.6049830317497253,0.6430437477860432,1785285801.2077794
2,4078,0.7570582628250122,0.643024593064402,1785285801.3924224
2,4079,0.4987318217754364,0.6431601272534464,1785285801.6039321
2,4080,0.6042914390563965,0.6430746822033898,1785285801.795758
2,4081,0.48749417066574097,0.6430776014109347,1785285801.9800951
2,4082,0.7256492972373962,0.6429704016913319,1785285802.1633074
2,4083,0.6227547526359558,0.6430174234424498,1785285802.3904822
2,4084,0.6165740489959717,0.6430203938115331,1785285802.573537
2,4085,0.5948199033737183,0.6430014049877063,1785285802.7546945
2,4086,0.6024948954582214,0.6430043859649123,1785285802.9370754
2,4087,0.4522755742073059,0.6431388012618297,1785285803.1724002
2,4088,0.7757816314697266,0.6431197478991597,1785285803.3590856
2,4089,0.49163877964019775,0.6432318992654774,1785285803.5504534
2,4090,0.6393740177154541,0.6433219776380154,1785285803.7357697
2,4091,0.6498125195503235,0.643411867364747,1785285803.9428923
2,4092,0.5258456468582153,0.6434579846582985,1785285804.141688
2,4093,0.43789950013160706,0.643504005572971,1785285804.3303123
2,4094,0.5680543780326843,0.6434411969380655,1785285804.5153706
2,4095,0.6795617341995239,0.6432916232186305,1785285804.7410908
2,4096,0.5537247657775879,0.6433159722222223,1785285804.9256005
2,4097,0.5900831818580627,0.6432535553243149,1785285805.1077876
2,4098,0.6797260046005249,0.6431479556479557,1785285805.311318
2,4099,0.6161860227584839,0.643107476635514,1785285805.4955122
2,4100,0.5832598805427551,0.6430022475795297,1785285805.679505
2,4101,0.7434816956520081,0.6429188255613126,1785285805.863922
2,4102,0.6245197057723999,0.6428787094547964,1785285806.049492
2,4103,0.6023184061050415,0.6428386763185109,1785285806.308782
2,4104,0.6615865230560303,0.6428632920110193,1785285806.5005808
2,4105,0.662129282951355,0.6428233574131407,1785285806.6827881
2,4106,0.5304692387580872,0.6428264604810997,1785285806.875989
2,4107,0.609215259552002,0.6427437349811191,1785285807.0611095
2,4108,0.6202124953269958,0.6427254801097394,1785285807.2463605
2,4109,0.4720602035522461,0.6428571428571429,1785285807.4287038
2,4110,0.5388233661651611,0.6430099247091033,1785285807.622123
2,4111,0.77042555809021,0.643034188034188,1785285807.8577955
2,4112,0.5217657685279846,0.6430584016393442,1785285808.0453625
2,4113,0.665297269821167,0.6428693278744456,1785285808.228676
2,4114,0.7160553336143494,0.642829754601227,1785285808.4310946
2,4115,0.5338156223297119,0.6427689819543753,1785285808.6147497
2,4116,0.9621349573135376,0.6427933673469388,1785285808.8179824
2,4117,0.5428614020347595,0.642817703024125,1785285808.9998646
2,4118,0.5339512228965759,0.6428207739307535,1785285809.1846251
2,4119,0.3596549928188324,0.6428662258392676,1785285809.3975327
2,4120,0.5518813729286194,0.6429115853658537,1785285809.582288
2,4121,0.5357595682144165,0.6429357021996616,1785285809.7657766
2,4122,0.4672217071056366,0.6430442866801893,1785285809.9480858
2,4123,0.6482193470001221,0.6430682201958797,1785285810.209824
2,4124,0.6546854376792908,0.6430499325236168,1785285810.4152172
2,4125,0.44829776883125305,0.6431159420289855,1785285810.5994475
2,4126,0.7588797211647034,0.6429082491582492,1785285810.7842622
2,4127,0.5183699727058411,0.6429952909519004,1785285811.0080185
2,4128,0.5856231451034546,0.6430401545698925,1785285811.1898763
2,4129,0.5430580973625183,0.6430849278281302,1785285811.3723664
2,4130,0.49673697352409363,0.6431505700871898,1785285811.5880666
2,4131,0.611992359161377,0.6431742043551089,1785285811.77167
2,4132,0.46108514070510864,0.643239625167336,1785285811.95429
2,4133,0.5402439832687378,0.6432213306586426,1785285812.1378145
2,4134,0.5483354926109314,0.6432865731462926,1785285812.3196132
2,4135,0.5877400040626526,0.6432891224557892,1785285812.558695
2,4136,0.5823074579238892,0.6432083333333334,1785285812.7422497
2,4137,0.6347404718399048,0.6431693306693307,1785285812.9246132
2,4138,0.5806341767311096,0.6431511976047904,1785285813.106943
2,4139,0.583465576171875,0.6432577268195414,1785285813.378054
2,4140,0.49585944414138794,0.6431772908366534,1785285813.5614126
2,4141,0.6711521744728088,0.6432006633499171,1785285813.7470226
2,4142,0.5884525775909424,0.6431204440026508,1785285813.9489815
2,4143,0.8704855442047119,0.6430817610062893,1785285814.2108333
2,4144,0.7596753835678101,0.6430224867724867,1785285814.3950298
2,4145,0.8640179634094238,0.6428807400066072,1785285814.582797
2,4146,0.44371297955513,0.6429455445544554,1785285814.7668772
2,4147,0.6871417760848999,0.6429277942631059,1785285814.9724512
2,4148,0.6290780305862427,0.6429100790513834,1785285815.1558735
2,4149,0.5561764240264893,0.6429746627179993,1785285815.3432586
2,4150,0.47281694412231445,0.6430596646942801,1785285815.5309355
2,4151,0.4823104441165924,0.6430829228243021,1785285815.806305
2,4152,0.6164333820343018,0.6430446194225722,1785285815.9942303
2,4153,0.6065517663955688,0.642944936086529,1785285816.1963074
2,4154,0.5941755771636963,0.6429887033398821,1785285816.3908627
2,4155,0.5741296410560608,0.6428892705266601,1785285816.579463
2,4156,0.7944952249526978,0.6428308823529412,1785285816.789029
2,4157,0.6121528148651123,0.6428746327130265,1785285816.979001
2,4158,0.49355006217956543,0.6428163731245923,1785285817.17989
2,4159,0.6801769733428955,0.6427785923753666,1785285817.4143033
2,4160,0.4847567081451416,0.642822265625,1785285817.6299975
2,4161,0.6728424429893494,0.6427642276422765,1785285817.8407445
2,4162,0.5935531854629517,0.6427266081871345,1785285818.0324411
2,4163,0.42298853397369385,0.6427702044790652,1785285818.2244112
2,4164,0.6279407143592834,0.6428137159533074,1785285818.4178653
2,4165,0.45626795291900635,0.6429583738257207,1785285818.6175647
2,4166,0.6739426255226135,0.6429813915857605,1785285818.8344295
2,4167,0.6514138579368591,0.6430447785321695,1785285819.0274186
2,4168,0.5078170299530029,0.6430676679586563,1785285819.232181
2,4169,0.5737168192863464,0.6430703452726686,1785285819.4243448
2,4170,0.5402510166168213,0.6430528691166989,1785285819.6215515
2,4171,0.6671620607376099,0.6430555555555556,1785285819.8495908
2,4172,0.4230092167854309,0.6430582368082368,1785285820.0608118
2,4173,0.5660144686698914,0.6431010928961749,1785285820.2501867
2,4174,0.5737544298171997,0.6429431599229287,1785285820.4440148
2,4175,0.5669389963150024,0.6429258902791145,1785285820.673141
2,4176,0.6649492979049683,0.6428886217948718,1785285820.863763
2,4177,0.7228836417198181,0.6427913864873519,1785285821.055421
2,4178,0.5061677694320679,0.6427743122200895,1785285821.2739844
2,4179,0.5469966530799866,0.6428371684244167,1785285821.5205579
2,4180,0.5011618137359619,0.6428799489144317,1785285821.7138531
2,4181,0.6361120343208313,0.6429226475279107,1785285821.9057517
2,4182,0.48070719838142395,0.6429652644996813,1785285822.0968812
2,4183,0.7189087271690369,0.642948105698822,1785285822.3625386
2,4184,0.7200771570205688,0.6428514631043257,1785285822.5584023
2,4185,0.9275531768798828,0.6429138862408643,1785285822.7446976
2,4186,0.7688961625099182,0.6429761904761905,1785285822.9469564
2,4187,0.5821402072906494,0.6431176657151919,1785285823.1377816
2,4188,0.5396003723144531,0.643120247148289,1785285823.32702
2,4189,0.48572275042533875,0.6430634694523584,1785285823.5151548
2,4190,0.5553434491157532,0.6430660974067046,1785285823.7231426
2,4191,0.3797437846660614,0.643108214849921,1785285823.9110582
2,4192,0.4558853209018707,0.6431502525252525,1785285824.1025162
2,4193,0.601962685585022,0.6431133711762851,1785285824.2852201
2,4194,0.450795978307724,0.643056868304978,1785285824.474707
2,4195,0.769445538520813,0.64311850802644,1785285824.718108
2,4196,0.5104775428771973,0.6431603773584905,1785285824.9089847
2,4197,0.5792568922042847,0.6433199811498587,1785285825.1007638
2,4198,0.6299371719360352,0.6433811989956058,1785285825.2922835
2,4199,0.9433664083480835,0.6434814989024773,1785285825.564759
2,4200,0.6442131996154785,0.6434641290726817,1785285825.7790864
2,4201,0.5540300011634827,0.6434663536776213,1785285825.9691799
2,4202,0.9051743149757385,0.6436249218261413,1785285826.1613004
2,4203,0.5351114869117737,0.6435879412683536,1785285826.3723454
2,4204,0.6396041512489319,0.6435900436953808,1785285826.5920343
2,4205,0.5286043882369995,0.6436895852821952,1785285826.7823088
2,4206,0.5815706253051758,0.6437694704049844,1785285826.9722755
2,4207,0.6061424016952515,0.643771397447868,1785285827.1871023
2,4208,0.6549570560455322,0.6438704912935324,1785285827.3813696
2,4209,0.4726717472076416,0.6437558247903076,1785285827.5735774
2,4210,0.5331417322158813,0.6437965549348231,1785285827.7660933
2,4211,0.6102753281593323,0.6437984496124031,1785285827.9582288
2,4212,0.5141628980636597,0.6438003407682775,1785285828.161316
2,4213,0.5782331228256226,0.6438022284122563,1785285828.352597
2,4214,0.5648503303527832,0.6438620902906618,1785285828.5487797
2,4215,0.5573950409889221,0.6439025332097621,1785285828.7403011
2,4216,0.48980048298835754,0.6439043209876543,1785285828.9521549
2,4217,0.7163788676261902,0.6438675609004009,1785285829.1625538
2,4218,0.7355573773384094,0.643850123228589,1785285829.3542209
2,4219,0.6269297003746033,0.6438327177593105,1785285829.5635195
2,4220,0.6496769785881042,0.6437961254612546,1785285829.765508
2,4221,0.5583829283714294,0.6438556067588326,1785285829.9587538
2,4222,0.6874793767929077,0.6438766114180479,1785285830.1501286
2,4223,0.5716652274131775,0.6438592456301748,1785285830.3949442
2,4224,0.5283628106117249,0.6439376531862745,1785285830.5855355
2,4225,0.6989316344261169,0.6439202632384451,1785285830.7787323
2,4226,0.4438058137893677,0.6439220183486238,1785285830.9894998
2,4227,0.649385929107666,0.6439428658722884,1785285831.1834981
2,4228,0.606547474861145,0.6440590659340659,1785285831.3760836
2,4229,0.681471586227417,0.6440606892345228,1785285831.572703
2,4230,0.5248157978057861,0.64411943936624,1785285831.7766633
2,4231,0.4647480249404907,0.6440258751902588,1785285831.9882047
2,4232,0.5563270449638367,0.6440465328467153,1785285832.1973593
2,4233,0.7295982837677002,0.6439342145244606,1785285832.3847888
2,4234,0.4513615369796753,0.6439169702489375,1785285832.587938
2,4235,0.7562838196754456,0.6438997573551714,1785285832.7786639
2,4236,0.704217791557312,0.6439015151515152,1785285832.9614315
2,4237,0.6837940216064453,0.6438086587950348,1785285833.159453
2,4238,0.7923479080200195,0.6438294010889292,1785285833.342025
2,4239,0.5831992626190186,0.6437745542459957,1785285833.5258832
2,4240,0.5852691531181335,0.6435499698067633,1785285833.710099
2,4241,0.4965408444404602,0.6435708898944194,1785285833.8921533
2,4242,0.5970370769500732,0.6435729355033153,1785285834.0745378
2,4243,0.5979266166687012,0.6435185185185185,1785285834.2573287
2,4244,0.6539268493652344,0.6435394103489771,1785285834.441165
2,4245,0.6850935220718384,0.6436729786594529,1785285834.6243532
2,4246,0.6270774602890015,0.6436561561561561,1785285834.8308709
2,4247,0.42619872093200684,0.6437331233123312,1785285835.0127184
2,4248,0.6877943277359009,0.6438286870503597,1785285835.1944797
2,4249,0.6355192065238953,0.6437556154537286,1785285835.3798656
2,4250,0.6371303796768188,0.6436826750448833,1785285835.5630512
2,4251,0.6391333341598511,0.6436846038863976,1785285835.779764
2,4252,0.6957612633705139,0.6436491935483871,1785285835.9609787
2,4253,0.6557327508926392,0.6435205908683975,1785285836.1457584
2,4254,0.5122701525688171,0.6434853905784138,1785285836.3275626
2,4255,0.6033387780189514,0.6434502532022639,1785285836.5596094
2,4256,0.6865891814231873,0.643359375,1785285836.7599342
2,4257,0.6197541952133179,0.6433244127267321,1785285836.9443033
2,4258,0.4066307842731476,0.6433266488413547,1785285837.1272352
2,4259,0.48043668270111084,0.6432361234787771,1785285837.364122
2,4260,0.6664119958877563,0.6431642941874258,1785285837.5491693
2,4261,0.6513869166374207,0.6431111111111111,1785285837.7329311
2,4262,0.5782911777496338,0.6429655121373594,1785285837.929768
2,4263,0.6975356340408325,0.642894114167406,1785285838.1390781
2,4264,0.657380223274231,0.6428782505910166,1785285838.3339384
2,4265,0.637957751750946,0.6428624151166223,1785285838.5178308
2,4266,0.4948105216026306,0.6429019174041298,1785285838.7343235
2,4267,0.441055566072464,0.6429597701149425,1785285838.9337656
2,4268,0.598947286605835,0.6427782685512368,1785285839.1173136
2,4269,0.4960845112800598,0.6428361282730215,1785285839.299023
2,4270,0.525577187538147,0.6429122574955908,1785285839.4884124
2,4271,0.47741007804870605,0.6429698972099853,1785285839.670126
2,4272,0.6283304691314697,0.6429357394366197,1785285839.8554304
2,4273,0.4959069490432739,0.6429382878921137,1785285840.0375464
2,4274,0.5694290399551392,0.643032366725249,1785285840.2226534
2,4275,0.5316933393478394,0.6430896985659935,1785285840.4392684
2,4276,0.5565254092216492,0.6431103801169591,1785285840.6248884
2,4277,0.5603575706481934,0.6430214723926381,1785285840.808169
2,4278,0.6111469268798828,0.6430056917688266,1785285841.0051005
2,4279,0.6099047660827637,0.6429717118693496,1785285841.2102306
2,4280,0.47325894236564636,0.6430288461538461,1785285841.3935022
2,4281,0.6087098121643066,0.6431040756914119,1785285841.5778713
2,4282,0.45218440890312195,0.6432155322862129,1785285841.7902403
2,4283,0.4767378568649292,0.6432541412380122,1785285841.9724588
2,4284,0.5722963809967041,0.643256387921022,1785285842.1556196
2,4285,0.5903791189193726,0.6432767624020888,1785285842.3553495
2,4286,0.6150130033493042,0.6432427536231884,1785285842.539767
2,4287,0.6698822379112244,0.6431545033304373,1785285842.7817137
2,4288,0.4733225703239441,0.6431387442129629,1785285842.96534
2,4289,0.566891074180603,0.6430688060132986,1785285843.1501167
2,4290,0.7308390736579895,0.6429087232813403,1785285843.3344488
2,4291,0.6884833574295044,0.6429112554112554,1785285843.517156
2,4292,0.5962241888046265,0.6429858708189158,1785285843.7008052
2,4293,0.6890520453453064,0.6429883318928262,1785285843.8847232
2,4294,0.6282088756561279,0.643062751871042,1785285844.0854921
2,4295,0.48539090156555176,0.6430831176301409,1785285844.2700446
2,4296,0.6697785258293152,0.6431034482758621,1785285844.4540377
2,4297,0.6409995555877686,0.6431596325007177,1785285844.6366909
2,4298,0.6630324125289917,0.6431081468732072,1785285844.8300045
2,4299,0.5432152152061462,0.6432000573230152,1785285845.0522418
2,4300,0.5738462209701538,0.6430770332187858,1785285845.2459204
2,4301,0.5656663179397583,0.6430793991416309,1785285845.4288385
2,4302,0.4831049144268036,0.6430102915951973,1785285845.6168795
2,4303,0.8237388730049133,0.643048414738646,1785285845.834475
2,4304,0.6328067779541016,0.643175656392694,1785285846.0174387
2,4305,0.6014754772186279,0.6432313943541489,1785285846.202743
2,4306,0.6799726486206055,0.6430555555555556,1785285846.3873029
2,4307,0.6544627547264099,0.6430223455735838,1785285846.6038442
2,4308,0.7887506484985352,0.6430247440273038,1785285846.7884307
2,4309,0.7889474630355835,0.6431692242114238,1785285846.9705896
2,4310,0.5124455094337463,0.6432069846678024,1785285847.1535532
2,4311,0.792032778263092,0.64322695035461,1785285847.3725827
2,4312,0.7044351696968079,0.6432468820861678,1785285847.5739827
2,4313,0.45876961946487427,0.6433375814216936,1785285847.7746038
2,4314,0.6658289432525635,0.6432866440294284,1785285847.9728405
2,4315,0.7176311016082764,0.6432357930449534,1785285848.1603594
2,4316,0.6862486600875854,0.6431320621468927,1785285848.3447275
2,4317,0.5121724009513855,0.6432049110922947,1785285848.5342133
2,4318,0.574658989906311,0.6432600112803158,1785285848.7155025
2,4319,0.7781555652618408,0.643174133558749,1785285848.9206321
2,4320,0.6257450580596924,0.6431939752252253,1785285849.1043007
2,4321,0.5315939784049988,0.6433016877637131,1785285849.2882733
2,4322,0.6658047437667847,0.6431984260820686,1785285849.4820306
2,4323,0.751039981842041,0.6431479921370401,1785285849.6672633
2,4324,0.543023407459259,0.6431151795735129,1785285849.852632
2,4325,0.8101649880409241,0.6430999439304738,1785285850.0361602
2,4326,0.5171275734901428,0.6431722689075631,1785285850.218816
2,4327,0.596065878868103,0.6431919955219704,1785285850.4360423
2,4328,0.6342694163322449,0.6431942114093959,1785285850.6200316
2,4329,0.5360954999923706,0.6431789606035205,1785285850.802909
2,4330,0.6944788098335266,0.6431288386376326,1785285850.9851115
2,4331,0.7474637031555176,0.6430962343096235,1785285851.2018166
2,4332,0.6482729315757751,0.6430636845039019,1785285851.3871102
2,4333,0.6522656083106995,0.6430137844611529,1785285851.5714974
2,4334,0.5048624277114868,0.6431204785754034,1785285851.7544968
2,4335,0.4748545289039612,0.64314011676397,1785285851.9569268
2,4336,0.5709741711616516,0.643125,1785285852.1402235
2,4337,0.5415251851081848,0.6431272550652234,1785285852.322068
2,4338,0.6609886288642883,0.6431988352745425,1785285852.5040872
2,4339,0.5142485499382019,0.6432183430313106,1785285852.7349517
2,4340,0.5792434215545654,0.6432551218161683,1785285852.9216192
2,4341,0.634037971496582,0.6432572614107884,1785285853.1041481
2,4342,0.6401562690734863,0.6431730237700387,1785285853.3031275
2,4343,0.590291440486908,0.6431752278376139,1785285853.5311108
2,4344,0.5642285346984863,0.6431256898454746,1785285853.7255049
2,4345,0.5670537948608398,0.6431968569065343,1785285853.9080684
2,4346,0.7397722005844116,0.6432162534435262,1785285854.1166205
2,4347,0.6390607953071594,0.6431496008808147,1785285854.301971
2,4348,0.6293243169784546,0.643031490649065,1785285854.4868648
2,4349,0.5277991890907288,0.6430681505908217,1785285854.6706557
2,4350,0.7140350937843323,0.6430017847336629,1785285854.8734634
2,4351,0.5599415302276611,0.6429869684499314,1785285855.058387
2,4352,0.5282449126243591,0.6430749725877193,1785285855.2403753
2,4353,0.6082728505134583,0.6431285949055053,1785285855.4238434
2,4354,0.5862612724304199,0.6430623973727422,1785285855.6139824
2,4355,0.6756643056869507,0.6430304894722451,1785285855.7980816
2,4356,0.7281655073165894,0.6430498633879781,1785285855.9920428
2,4357,0.48541364073753357,0.6431203931203932,1785285856.174281
2,4358,0.5890055894851685,0.6431567103109657,1785285856.3772392
2,4359,0.5642772912979126,0.6431759334968656,1785285856.5613189
2,4360,0.5138172507286072,0.6431270424836601,1785285856.7802227
2,4361,0.7255224585533142,0.6431802721088435,1785285856.9649658
2,4362,0.6240691542625427,0.6432164219684611,1785285857.1653442
2,4363,0.5278397798538208,0.6432015756587883,1785285857.3496816
2,4364,0.45071130990982056,0.6432037187839305,1785285857.54927
2,4365,0.7723211050033569,0.6431380526173041,1785285857.7344255
2,4366,0.6405835747718811,0.6430386178861789,1785285857.9242291
2,4367,0.4932970106601715,0.6430239642567018,1785285858.106792
2,4368,0.47247597575187683,0.6430093344155844,1785285858.2939644
2,4369,0.6785315275192261,0.6429947283049473,1785285858.4804566
2,4370,0.5732893943786621,0.6429463803349541,1785285858.6658518
2,4371,0.6860751509666443,0.6428812415654521,1785285858.8969176
2,4372,0.5892745852470398,0.6428499190938511,1785285859.080926
2,4373,0.6359285116195679,0.6428354890864996,1785285859.2656455
2,4374,0.516592800617218,0.6428210823909531,1785285859.4497848
2,4375,0.6585237383842468,0.6428571428571429,1785285859.663795
2,4376,0.5070211291313171,0.642825940860215,1785285859.8459888
2,4377,0.5657776594161987,0.642878726833199,1785285860.027981
2,4378,0.7178542613983154,0.6428811057434246,1785285860.2106454
2,4379,0.5385153889656067,0.642950522928399,1785285860.4353983
2,4380,0.5058313012123108,0.6429360932475884,1785285860.6202843
2,4381,0.584051787853241,0.6430722891566265,1785285860.8040938
2,4382,0.41474196314811707,0.6431413857677902,1785285860.9882686
2,4383,0.6346813440322876,0.6431435445068163,1785285861.2498279
2,4384,0.7505528330802917,0.6430956196581197,1785285861.4351559
2,4385,0.5808560848236084,0.6431311716039498,1785285861.6189547
2,4386,0.5737547874450684,0.6431333333333333,1785285861.8177688
2,4387,0.523023784160614,0.6431687982946975,1785285862.0384126
2,4388,0.5618451237678528,0.6432208466453674,1785285862.2401402
2,4389,0.5814242362976074,0.6432063048683161,1785285862.4243538
2,4390,0.632911741733551,0.6431585592769803,1785285862.6076882
2,4391,0.43386194109916687,0.6430942895086321,1785285862.8213575
2,4392,0.5839322805404663,0.6430135350318471,1785285863.007408
2,4393,0.663037896156311,0.6429329090426943,1785285863.1925087
2,4394,0.5566632747650146,0.6429517753047165,1785285863.3919394
2,4395,0.5927537083625793,0.6429044214985438,1785285863.6034284
2,4396,0.5431061387062073,0.6428736772486773,1785285863.7963657
2,4397,0.6747322082519531,0.6427438540840603,1785285863.9980178
2,4398,0.5202231407165527,0.6427628103539356,1785285864.1803284
2,4399,0.5882844924926758,0.6427157561361837,1785285864.3617647
2,4400,0.5814345479011536,0.6426852584388185,1785285864.5539296
2,4401,0.5941161513328552,0.6426548089591568,1785285864.7388327
2,4402,0.4897504448890686,0.6426408636124276,1785285864.9237459
2,4403,0.7065889835357666,0.642610497237569,1785285865.1281981
2,4404,0.6586506366729736,0.6425473186119873,1785285865.3413403
2,4405,0.3758859932422638,0.6425991594431311,1785285865.523318
2,4406,0.5630905032157898,0.6426345144356955,1785285865.714822
2,4407,0.569261908531189,0.6426370312090217,1785285865.898537
2,4408,0.6206791400909424,0.6426559224318659,1785285866.0881608
2,4409,0.5037781000137329,0.6427238805970149,1785285866.2713003
2,4410,0.5163860321044922,0.6427263212977499,1785285866.4542
2,4411,0.533633291721344,0.6427287581699347,1785285866.6603742
2,4412,0.45791327953338623,0.6427475182863114,1785285866.8569436
2,4413,0.47109857201576233,0.6428151918559123,1785285867.0397518
2,4414,0.5668944120407104,0.6427849504434011,1785285867.224906
2,4415,0.41519758105278015,0.64280362262184,1785285867.4369435
2,4416,0.5242952704429626,0.642724609375,1785285867.6324306
2,4417,0.7114020586013794,0.6427270361696591,1785285867.817662
2,4418,0.6081317663192749,0.6428432137285491,1785285868.0010712
2,4419,0.675375759601593,0.6427643543777605,1785285868.2150016
2,4420,0.5486300587654114,0.6426531671858775,1785285868.4069877
2,4421,0.6307602524757385,0.6426394293125811,1785285868.5885932
2,4422,0.39872655272483826,0.6426905132192846,1785285868.788602
2,4423,0.4048125445842743,0.6427577052577053,1785285868.9704385
2,4424,0.5026013851165771,0.6427115683229814,1785285869.1546688
2,4425,0.6297121644020081,0.642730152573054,1785285869.3369021
2,4426,0.5237181186676025,0.6427325581395349,1785285869.5338976
2,4427,0.7530108690261841,0.6427188226181255,1785285869.7179909
2,4428,0.577222466468811,0.6427373581011352,1785285869.9135177
2,4429,0.5199706554412842,0.6426108533127095,1785285870.097304
2,4430,0.5510644316673279,0.6426294435857806,1785285870.2800956
2,4431,0.6055986881256104,0.6426319176319176,1785285870.4876585
2,4432,0.45871832966804504,0.6426826131687243,1785285870.6877313
2,4433,0.5635019540786743,0.6426368542791057,1785285870.884338
2,4434,0.5212305188179016,0.6425911658962506,1785285871.0716364
2,4435,0.5212581157684326,0.6426417757249167,1785285871.252974
2,4436,0.5117028951644897,0.6426121794871795,1785285871.4514482
2,4437,0.6387706995010376,0.6425986420702025,1785285871.6452296
2,4438,0.6355259418487549,0.6426011264720942,1785285871.8416815
2,4439,0.6186773777008057,0.6426515732924022,1785285872.0252585
2,4440,0.7626672387123108,0.6425421779141104,1785285872.2279148
2,4441,0.6863763332366943,0.6425446998722861,1785285872.411297
2,4442,0.6449553966522217,0.6425153139356815,1785285872.5951443
2,4443,0.6413816213607788,0.6425497322111706,1785285872.8078146
2,4444,0.5545846819877625,0.6425522426095821,1785285873.0194461
2,4445,0.7266232967376709,0.6426184110007639,1785285873.2028987
2,4446,0.5551546216011047,0.6426367684478371,1785285873.3855224
2,4447,0.5453564524650574,0.642591533180778,1785285873.5685391
2,4448,0.48169392347335815,0.6426098831300813,1785285873.7628944
2,4449,0.915936291217804,0.6426599390708302,1785285873.947549
2,4450,0.5476418733596802,0.6426623541349569,1785285874.1341538
2,4451,0.43809422850608826,0.6426330798479087,1785285874.3172295
2,4452,0.5686656832695007,0.6427304964539007,1785285874.522411
2,4453,0.4711710810661316,0.6427803087825867,1785285874.7221026
2,4454,0.4849585294723511,0.6428458523014668,1785285874.90448
2,4455,0.365843266248703,0.6429586808188021,1785285875.1155932
2,4456,0.564916729927063,0.6429766414141415,1785285875.2982798
2,4457,0.678878664970398,0.6429157204138279,1785285875.4922264
2,4458,0.5429032444953918,0.6429179273827534,1785285875.6761372
2,4459,0.46487846970558167,0.6429201310153692,1785285875.8980281
2,4460,0.9515382647514343,0.6429223313192346,1785285876.0857396
2,4461,0.6636540293693542,0.6429088050314465,1785285876.2678823
2,4462,0.5295332670211792,0.6429895676219206,1785285876.452314
2,4463,0.4425116777420044,0.6429603114795277,1785285876.6537502
2,4464,0.6572164297103882,0.6429467871485943,1785285876.8359501
2,4465,0.5923200249671936,0.6429019312766491,1785285877.0202348
2,4466,0.6558014154434204,0.6429667919799499,1785285877.2027822
2,4467,0.6831746101379395,0.6430002504382669,1785285877.4267955
2,4468,0.6034361124038696,0.64306493993994,1785285877.6269445
2,4469,0.6378795504570007,0.6430513878469617,1785285877.8107164
2,4470,0.7167577743530273,0.6430690904547726,1785285877.9950538
2,4471,0.6403060555458069,0.6431491885143571,1785285878.1786423
2,4472,0.4397459328174591,0.6431979790419161,1785285878.3598812
2,4473,0.9626141786575317,0.6432155322862129,1785285878.5416045
2,4474,0.6528562903404236,0.6431863477827603,1785285878.7253258
2,4475,0.7835735082626343,0.6431416479960169,1785285878.9464757
2,4476,0.5612546801567078,0.6431592039800995,1785285879.129621
2,4477,0.6366690993309021,0.6431767337807607,1785285879.3122466
2,4478,0.5419960618019104,0.6431631892697467,1785285879.4963048
2,4479,0.6582432985305786,0.6431186398610077,1785285879.7133362
2,4480,0.550545334815979,0.6431051587301587,1785285879.895787
2,4481,0.550218403339386,0.6431226765799256,1785285880.0793078
2,4482,0.5848679542541504,0.6430473006438832,1785285880.2646077
2,4483,0.39829686284065247,0.6431576342489482,1785285880.485197
2,4484,0.6603453159332275,0.6431596191889218,1785285880.6674154
2,4485,0.5531080365180969,0.6431770447244872,1785285880.851101
2,4486,0.5644824504852295,0.6432098765432098,1785285881.036812
2,4487,0.5767834186553955,0.6432426597582038,1785285881.249378
2,4488,0.4552006125450134,0.6433062130177515,1785285881.4318078
2,4489,0.5122162103652954,0.6433542744518355,1785285881.6153574
2,4490,0.639021635055542,0.6433253323485968,1785285881.8003004
2,4491,0.6054072380065918,0.6433118081180812,1785285882.0140104
2,4492,0.5789545178413391,0.6432829400196657,1785285882.1954474
2,4493,0.52895587682724,0.6433308769344142,1785285882.378986
2,4494,0.8622754812240601,0.6432560137457045,1785285882.563249
2,4495,0.6995656490325928,0.6432272504292372,1785285882.800847
2,4496,0.5719727277755737,0.6432444852941176,1785285882.9874003
2,4497,0.6425361037254333,0.64321577271614,1785285883.171957
2,4498,0.48282963037490845,0.6431718061674009,1785285883.3587778
2,4499,0.508849561214447,0.6431737588652482,1785285883.56859
2,4500,0.6230955719947815,0.6431451612903226,1785285883.7530882
2,4501,0.7047666311264038,0.6432387057387058,1785285883.9380403
2,4502,0.6009156703948975,0.6431185944363104,1785285884.1218073
2,4503,0.5518752336502075,0.6431510607168983,1785285884.3760877
2,4504,0.5376841425895691,0.6431682504873294,1785285884.5580761
2,4505,0.6603087186813354,0.6430941076211346,1785285884.7420115
2,4506,0.6359488368034363,0.6431113138686131,1785285884.9376159
2,4507,0.6829027533531189,0.6431740821784585,1785285885.1774259
2,4508,0.6163099408149719,0.6432671282798834,1785285885.3604615
2,4509,0.7154569029808044,0.6432841709152707,1785285885.545039
2,4510,0.732819676399231,0.6432708636584182,1785285885.7275352
2,4511,0.4264058470726013,0.6433484848484848,1785285885.9294288
2,4512,0.663803219795227,0.6433805717054264,1785285886.1124203
2,4513,0.5299237966537476,0.6434277414669571,1785285886.295477
2,4514,0.6208909749984741,0.6433841315916787,1785285886.480263
2,4515,0.6286493539810181,0.6434312303601644,1785285886.725691
2,4516,0.5481613278388977,0.6433876811594202,1785285886.9093256
2,4517,0.4851940870285034,0.6433592807144581,1785285887.0916967
2,4518,0.6451857089996338,0.6433459961408586,1785285887.281564
2,4519,0.5449331998825073,0.6433628585201253,1785285887.4640524
2,4520,0.8389297723770142,0.6433194845857418,1785285887.6479256
2,4521,0.6684770584106445,0.6432009626955475,1785285887.8304207
2,4522,0.6093633770942688,0.6431427368927369,1785285888.0152931
2,4523,0.4498358368873596,0.6431296563326123,1785285888.2248573
2,4524,0.5653160214424133,0.643146613832853,1785285888.419451
2,4525,0.6278667449951172,0.6431485481161507,1785285888.6026886
2,4526,0.5975678563117981,0.6431354916067147,1785285888.7851317
2,4527,0.80333411693573,0.6430775221663072,1785285889.0209985
2,4528,0.3962913751602173,0.6431244013409961,1785285889.222174
2,4529,0.5802761912345886,0.6431562574778655,1785285889.4170651
2,4530,0.5363128185272217,0.6431731229076997,1785285889.6174908
2,4531,0.9412192106246948,0.6431899641577061,1785285889.80198
2,4532,0.6312085390090942,0.6431769340974212,1785285889.9922893
2,4533,0.5039975047111511,0.6432534001431639,1785285890.1768339
2,4534,0.5941951870918274,0.6432999523128279,1785285890.3590763
2,4535,0.6581897139549255,0.643197522039552,1785285890.579939
2,4536,0.5902484655380249,0.6432440476190476,1785285890.779807
2,4537,0.7085680365562439,0.64321615512729,1785285890.962788
2,4538,0.5677329301834106,0.6431585829766999,1785285891.1659718
2,4539,0.5876213312149048,0.6431010928961749,1785285891.349306
2,4540,0.653010904788971,0.643088200379867,1785285891.53373
2,4541,0.7940704822540283,0.6430753262158956,1785285891.7155735
2,4542,0.5733515024185181,0.6431365576102418,1785285891.9020817
2,4543,0.7136777639389038,0.6430496327884387,1785285892.132415
2,4544,0.5869786739349365,0.6430072206439394,1785285892.3152502
2,4545,0.5061172246932983,0.6430683700023657,1785285892.496827
2,4546,0.546069324016571,0.6430998817966903,1785285892.679544
2,4547,0.5095285773277283,0.6430722891566265,1785285892.8902173
2,4548,0.5272032618522644,0.6431480169971672,1785285893.0745804
2,4549,0.46930646896362305,0.6431794055201698,1785285893.258812
2,4550,0.7204058170318604,0.6431665487977369,1785285893.4493701
2,4551,0.6138594150543213,0.6430948174322733,1785285893.6574328
2,4552,0.9567314386367798,0.643082038606403,1785285893.8402443
2,4553,0.6712602972984314,0.6430839802399435,1785285894.040522
2,4554,0.5368919372558594,0.6431299952985425,1785285894.223998
2,4555,0.49672776460647583,0.643117218698614,1785285894.4407368
2,4556,0.5979249477386475,0.6430751173708921,1785285894.625839
2,4557,0.6267701387405396,0.6431063804832278,1785285894.808409
2,4558,0.5282780528068542,0.6431669010782934,1785285894.9928904
2,4559,0.6251738667488098,0.6432126961817756,1785285895.208622
2,4560,0.6323385834693909,0.6431999063670412,1785285895.3948343
2,4561,0.6223986148834229,0.6432894736842105,1785285895.5934505
2,4562,0.7988771796226501,0.6432766479663394,1785285895.7797844
2,4563,0.45487266778945923,0.6432492408315814,1785285895.9661524
2,4564,0.6363534331321716,0.6432072829131653,1785285896.1489518
2,4565,0.5240322947502136,0.6431945416375088,1785285896.3323019
2,4566,0.6216937303543091,0.6431526806526806,1785285896.5217547
2,4567,0.6758258938789368,0.6430963195900303,1785285896.704604
2,4568,0.4888591170310974,0.6430836824953445,1785285896.9038553
2,4569,0.773563802242279,0.6431582926261922,1785285897.0877998
2,4570,0.5896528363227844,0.6431892143189214,1785285897.2793114
2,4571,0.6357985734939575,0.6431329849012776,1785285897.4926429
2,4572,0.6344273090362549,0.6431783890436398,1785285897.693429
2,4573,0.4903213083744049,0.6431947344003711,1785285897.8769686
2,4574,0.4947986900806427,0.6431531061659712,1785285898.0804486
2,4575,0.6611049771308899,0.6431694463747973,1785285898.2654386
2,4576,0.4574217200279236,0.6431857638888889,1785285898.460941
2,4577,0.4756259024143219,0.6431153134397409,1785285898.6583028
2,4578,0.6525793075561523,0.643088303282478,1785285898.8403106
2,4579,0.4621678292751312,0.6431768306768306,1785285899.0650268
2,4580,0.7201027870178223,0.6431786703601108,1785285899.2480617
2,4581,0.478759765625,0.643194925028835,1785285899.4309688
2,4582,0.6536757349967957,0.6432111572153066,1785285899.6146271
2,4583,0.705607533454895,0.6432129693618982,1785285899.8415496
2,4584,0.5035446286201477,0.6431716160220995,1785285900.0428066
2,4585,0.5853766202926636,0.6431734529560617,1785285900.242566
2,4586,0.4223674237728119,0.6431465517241379,1785285900.4269297
2,4587,0.5727734565734863,0.6432776246266942,1785285900.608923
2,4588,0.6222862005233765,0.6432219926538109,1785285900.7961636
2,4589,0.5621781349182129,0.6432237898600597,1785285900.9910612
2,4590,0.4863045811653137,0.6432542411737735,1785285901.1873147
2,4591,0.7388813495635986,0.643327605956472,1785285901.400578
2,4592,0.6112701892852783,0.6432577838827839,1785285901.5927553
2,4593,0.5083392858505249,0.643273850377488,1785285901.7792497
2,4594,0.772546648979187,0.6433327617741198,1785285901.9702182
2,4595,0.556043803691864,0.643363034041581,1785285902.1933122
2,4596,0.5961906909942627,0.6433932648401827,1785285902.3820908
2,4597,0.5004364848136902,0.6433521560574949,1785285902.567575
2,4598,0.5620821118354797,0.6433538531691746,1785285902.7670846
2,4599,0.4927471876144409,0.6434694691273639,1785285902.9802625
2,4600,0.6469643712043762,0.6434426229508197,1785285903.1658506
2,4601,0.4664737582206726,0.6434869169510807,1785285903.3715913
2,4602,0.5363882184028625,0.643431673487949,1785285903.575906
2,4603,0.5285460352897644,0.6433907066575778,1785285903.7632902
2,4604,0.5911310911178589,0.643378178928247,1785285903.9504893
2,4605,0.7930081486701965,0.6433231223054232,1785285904.141121
2,4606,0.5769011378288269,0.6433815192743764,1785285904.3251686
2,4607,0.4533383548259735,0.6433831860412418,1785285904.5539248
2,4608,0.6635466814041138,0.6434131567028986,1785285904.7557588
2,4609,0.6349626779556274,0.6434430866711925,1785285904.9413612
2,4610,0.4977192282676697,0.6434305744007237,1785285905.135773
2,4611,0.46057558059692383,0.6434039548022599,1785285905.3450544
2,4612,0.5226912498474121,0.6434479448961157,1785285905.54855
2,4613,0.685376763343811,0.6434636650868878,1785285905.7334354
2,4614,0.47279036045074463,0.643521650879567,1785285905.9623764
2,4615,0.45746511220932007,0.6434668695064233,1785285906.151978
2,4616,0.4741637110710144,0.643552927927928,1785285906.3356526
2,4617,0.7596259713172913,0.6435263335584065,1785285906.5251276
2,4618,0.6086971759796143,0.6434716599190283,1785285906.7537107
2,4619,0.6758564710617065,0.6435153967183637,1785285906.939642
2,4620,0.4167150855064392,0.6435169586702606,1785285907.1218626
2,4621,0.6576732397079468,0.6434764309764309,1785285907.3039224
2,4622,0.5482156276702881,0.6435200762673845,1785285907.4980114
2,4623,0.62467360496521,0.6435496525442725,1785285907.7086658
2,4624,0.5739368796348572,0.6435091845878136,1785285907.8903823
2,4625,0.6541288495063782,0.6435387284531006,1785285908.072911
2,4626,0.6795513033866882,0.6436241610738255,1785285908.2706978
2,4627,0.6568465232849121,0.6435557791191594,1785285908.5014644
2,4628,0.64371258020401,0.6435712689901698,1785285908.6934354
2,4629,0.5975768566131592,0.6435867381111855,1785285908.878437
2,4630,0.5952454805374146,0.6436161311914324,1785285909.0603004
2,4631,0.43733951449394226,0.6436594202898551,1785285909.3093433
2,4632,0.6634474396705627,0.6435773172905526,1785285909.4931939
2,4633,0.7056710720062256,0.6436623246492986,1785285909.6779208
2,4634,0.4767235815525055,0.6437333110814419,1785285909.8794794
2,4635,0.6024951338768005,0.6437625083388926,1785285910.1059353
2,4636,0.6250780820846558,0.6438333333333334,1785285910.2883394
2,4637,0.5717937350273132,0.6438624250499667,1785285910.4716818
2,4638,0.403225839138031,0.6439608300044385,1785285910.6549454
2,4639,0.49395304918289185,0.643989798181415,1785285910.897638
2,4640,0.5219489932060242,0.6439910239361702,1785285911.0894384
2,4641,0.5753765106201172,0.6440337763012182,1785285911.272182
2,4642,0.7165621519088745,0.6439658034528553,1785285911.473224
2,4643,0.5462337136268616,0.6438979208139792,1785285911.6582093
2,4644,0.5999508500099182,0.6438853890362511,1785285911.8407762
2,4645,0.5273685455322266,0.6438176496576099,1785285912.0248845
2,4646,0.5341606140136719,0.6437637969094923,1785285912.2105727
2,4647,0.6838234663009644,0.6438754687844694,1785285912.4283094
2,4648,0.7863986492156982,0.6439180996472663,1785285912.6115372
2,4649,0.5779006481170654,0.6439193654990086,1785285912.8127089
2,4650,0.5931121110916138,0.6439481505944518,1785285912.9956317
2,4651,0.775936484336853,0.6439081408140814,1785285913.2262173
2,4652,0.5690555572509766,0.6438956684256816,1785285913.4115622
2,4653,0.5517733097076416,0.6439244122170952,1785285913.5949578
2,4654,0.7135878801345825,0.6439119455423803,1785285913.7821002
2,4655,0.5608454346656799,0.6438857801184991,1785285913.9933674
2,4656,0.49218928813934326,0.6439418859649123,1785285914.1757414
2,4657,0.5003771781921387,0.6439705237782161,1785285914.357828
2,4658,0.6947113871574402,0.6439717477003942,1785285914.5429235
2,4659,0.6600983738899231,0.6439456117312322,1785285914.761972
2,4660,0.7306718826293945,0.6439331802274716,1785285914.9480906
2,4661,0.562787652015686,0.6439754098360656,1785285915.1420557
2,4662,0.6009107232093811,0.6440039318479686,1785285915.3306375
2,4663,0.607638955116272,0.6440597031215892,1785285915.5475705
2,4664,0.6408286094665527,0.6440063263525305,1785285915.7340717
2,4665,0.711279034614563,0.6440211467189885,1785285915.9207551
2,4666,0.48761290311813354,0.6441040305010893,1785285916.1078484
2,4667,0.5236120223999023,0.6441595906814718,1785285916.313184
2,4668,0.5700989961624146,0.6441878807658834,1785285916.496651
2,4669,0.6991404294967651,0.6441753642096107,1785285916.681364
2,4670,0.5774901509284973,0.6441900260756193,1785285916.871596
2,4671,0.5535072088241577,0.6441232356134636,1785285917.122928
2,4672,0.749064028263092,0.6441514756944444,1785285917.315551
2,4673,0.48321962356567383,0.6441932335718933,1785285917.5028281
2,4674,0.5940816402435303,0.644167208495882,1785285917.6884053
2,4675,0.4251551628112793,0.6441818280268573,1785285917.9195523
2,4676,0.5682339668273926,0.6441693722943723,1785285918.1029398
2,4677,0.6318635940551758,0.6441974908068354,1785285918.305935
2,4678,0.5627604126930237,0.6441850410722006,1785285918.499061
2,4679,0.4799365997314453,0.6441861093108663,1785285918.702464
2,4680,0.5850215554237366,0.6440927245250432,1785285918.9100983
2,4681,0.4377119541168213,0.6440938511326861,1785285919.0976205
2,4682,0.6475861072540283,0.6440545493747305,1785285919.2882586
2,4683,0.6029409766197205,0.6440556992027581,1785285919.472974
2,4684,0.45114967226982117,0.6440299310938846,1785285919.6587894
2,4685,0.5509966611862183,0.643977297180977,1785285919.8506107
2,4686,0.6006715893745422,0.6439650537634408,1785285920.0375178
2,4687,0.8240969181060791,0.6439528261336772,1785285920.2486129
2,4688,0.5612671375274658,0.6439406142611683,1785285920.4328606
2,4689,0.669297993183136,0.6439954925949775,1785285920.6188395
2,4690,0.5393990278244019,0.6440234877734877,1785285920.8095338
2,4691,0.6412493586540222,0.6441050375133976,1785285921.0790021
2,4692,0.7707607746124268,0.6440258140531276,1785285921.3049455
2,4693,0.6012786626815796,0.6439868336544637,1785285921.516717
2,4694,0.48911795020103455,0.6439077877620881,1785285921.72236
2,4695,0.48167145252227783,0.6439223861449648,1785285921.9351811
2,4696,0.5343077182769775,0.6438969017094017,1785285922.1226585
2,4697,0.527229368686676,0.6438447576339953,1785285922.3115416
2,4698,0.5360053181648254,0.6438460307298336,1785285922.5128345
2,4699,0.5916613340377808,0.6438739603326935,1785285922.7082446
2,4700,0.5761364102363586,0.6438885336743393,1785285922.8893545
2,4701,0.6297624707221985,0.6438365282215123,1785285923.0719798
2,4702,0.44708192348480225,0.6437978927203065,1785285923.2564168
2,4703,0.4760074317455292,0.6437858966177409,1785285923.4371867
2,4704,0.633313775062561,0.6438004889455783,1785285923.6187177
3,4705,0.6337831020355225,0.625,1785285943.8411777
3,4706,0.6585819125175476,0.625,1785285944.0233717
3,4707,0.6140349507331848,0.6319444444444444,1785285944.2076395
3,4708,0.6443018913269043,0.6354166666666666,1785285944.3941865
3,4709,0.4908596873283386,0.6208333333333333,1785285944.6619573
3,4710,0.6076346039772034,0.6284722222222222,1785285944.8466039
3,4711,0.5562551617622375,0.6488095238095238,1785285945.0303075
3,4712,0.5135912895202637,0.65625,1785285945.21521
3,4713,0.9494642615318298,0.6574074074074074,1785285945.4703195
3,4714,0.5027948617935181,0.6520833333333333,1785285945.6561403
3,4715,0.6183992028236389,0.6496212121212122,1785285945.8381116
3,4716,0.5426333546638489,0.6493055555555556,1785285946.02238
3,4717,0.7384693622589111,0.6362179487179487,1785285946.360446
3,4718,0.724638819694519,0.6324404761904762,1785285946.543287
3,4719,0.615804135799408,0.6305555555555555,1785285946.7280588
3,4720,0.5142610669136047,0.6380208333333334,1785285946.9112356
3,4721,0.5213578343391418,0.6384803921568627,1785285947.119269
3,4722,0.6299306750297546,0.6365740740740741,1785285947.3019962
3,4723,0.44819778203964233,0.6370614035087719,1785285947.4846165
3,4724,0.48704078793525696,0.6385416666666667,1785285947.6719053
3,4725,0.670729398727417,0.6369047619047619,1785285947.8576186
3,4726,0.6362137198448181,0.634469696969697,1785285948.0425308
3,4727,0.5623193979263306,0.634963768115942,1785285948.224692
3,4728,0.45046305656433105,0.6345486111111112,1785285948.4109597
3,4729,0.6017753481864929,0.635,1785285948.597173
3,4730,0.40145742893218994,0.6386217948717948,1785285948.7803457
3,4731,0.6178990006446838,0.6365740740740741,1785285948.9646282
3,4732,0.6124388575553894,0.6346726190476191,1785285949.1587057
3,4733,0.6678034663200378,0.6357758620689655,1785285949.3926902
3,4734,0.5702418684959412,0.6354166666666666,1785285949.6064224
3,4735,0.4655728340148926,0.6397849462365591,1785285949.816061
3,4736,0.6457193493843079,0.6419270833333334,1785285950.0052483
3,4737,0.6067492961883545,0.6407828282828283,1785285950.2245011
3,4738,0.667863130569458,0.6427696078431373,1785285950.4268754
3,4739,0.5046583414077759,0.6458333333333334,1785285950.6406689
3,4740,0.6867027282714844,0.6440972222222222,1785285950.8547955
3,4741,0.6087270379066467,0.6452702702702703,1785285951.0600832
3,4742,0.44219154119491577,0.6458333333333334,1785285951.2461104
3,4743,0.5475491285324097,0.6458333333333334,1785285951.4305713
3,4744,0.8331485986709595,0.6463541666666667,1785285951.6231632
3,4745,0.5458813905715942,0.6478658536585366,1785285951.8199103
3,4746,0.7022531628608704,0.6478174603174603,1785285952.0017416
3,4747,0.5265271067619324,0.6477713178294574,1785285952.1884415
3,4748,0.4680038392543793,0.6482007575757576,1785285952.3706796
3,4749,0.5555406212806702,0.6467592592592593,1785285952.5675504
3,4750,0.5535328388214111,0.6471920289855072,1785285952.7503605
3,4751,0.5242919325828552,0.6480496453900709,1785285952.9348536
3,4752,0.736743688583374,0.6475694444444444,1785285953.1193447
3,4753,0.9582036733627319,0.6496598639455783,1785285953.328256
3,4754,0.6004326343536377,0.6483333333333333,1785285953.5127394
3,4755,0.7156036496162415,0.6470588235294118,1785285953.6965027
3,4756,0.6606954336166382,0.6438301282051282,1785285953.8812263
3,4757,0.49439072608947754,0.6442610062893082,1785285954.0848396
3,4758,0.5699132680892944,0.6454475308641975,1785285954.2685406
3,4759,0.6679158806800842,0.6454545454545455,1785285954.451497
3,4760,0.6422271728515625,0.6473214285714286,1785285954.6354337
3,4761,0.655738353729248,0.6476608187134503,1785285954.8182619
3,4762,0.49998921155929565,0.6483477011494253,1785285955.0007882
3,4763,0.4868263602256775,0.6497175141242938,1785285955.1822438
3,4764,0.6913583874702454,0.6493055555555556,1785285955.3774774
3,4765,0.4681326150894165,0.648224043715847,1785285955.5946178
3,4766,0.5861833095550537,0.6491935483870968,1785285955.8089974
3,4767,0.6422402262687683,0.6484788359788359,1785285956.0132558
3,4768,0.5260268449783325,0.6477864583333334,1785285956.2022915
3,4769,0.5375237464904785,0.6483974358974359,1785285956.3861277
3,4770,0.643563985824585,0.6496212121212122,1785285956.6270688
3,4771,0.5729882717132568,0.6492537313432836,1785285956.8210132
3,4772,0.5945554375648499,0.649203431372549,1785285957.0297177
3,4773,0.4617362916469574,0.6500603864734299,1785285957.2604396
3,4774,0.4801458716392517,0.6520833333333333,1785285957.505589
3,4775,0.5319566130638123,0.6508215962441315,1785285957.7032504
3,4776,0.47799861431121826,0.6510416666666666,1785285957.8920426
3,4777,0.6749079823493958,0.6501141552511416,1785285958.085122
3,4778,0.6610196232795715,0.6509009009009009,1785285958.3002036
3,4779,0.5471065044403076,0.6527777777777778,1785285958.4873314
3,4780,0.5498723983764648,0.6524122807017544,1785285958.6776774
3,4781,0.6607803106307983,0.6523268398268398,1785285958.8773134
3,4782,0.5042911767959595,0.6514423076923077,1785285959.0618174
3,4783,0.8066253662109375,0.6511075949367089,1785285959.2501662
3,4784,0.4689366817474365,0.65,1785285959.4493778
3,4785,0.4736677408218384,0.6502057613168725,1785285959.6393323
3,4786,0.5346891283988953,0.6501524390243902,1785285959.8576663
3,4787,0.6648053526878357,0.6485943775100401,1785285960.0533032
3,4788,0.7002944946289062,0.6480654761904762,1785285960.2415373
3,4789,0.5428540706634521,0.6475490196078432,1785285960.4265416
3,4790,0.6967442035675049,0.6480135658914729,1785285960.6702876
3,4791,0.6325984001159668,0.648227969348659,1785285960.8555136
3,4792,0.5358097553253174,0.6484375,1785285961.053369
3,4793,0.5034796595573425,0.6495786516853933,1785285961.2547107
3,4794,0.41514626145362854,0.649537037037037,1785285961.439558
3,4795,0.5079278945922852,0.649496336996337,1785285961.625864
3,4796,0.6501250863075256,0.6499094202898551,1785285961.8211505
3,4797,0.6282064914703369,0.6491935483870968,1785285962.0136914
3,4798,0.326847106218338,0.6502659574468085,1785285962.2260273
3,4799,0.6865206956863403,0.6510964912280702,1785285962.417498
3,4800,0.4848073124885559,0.6514756944444444,1785285962.6310182
3,4801,0.5416478514671326,0.6518470790378007,1785285962.82339
3,4802,0.6052265167236328,0.6522108843537415,1785285963.0372972
3,4803,0.6487419605255127,0.6527777777777778,1785285963.2281516
3,4804,0.7228296995162964,0.6520833333333333,1785285963.4336326
3,4805,0.7225543260574341,0.6518151815181518,1785285963.6465003
3,4806,0.5700470209121704,0.6509395424836601,1785285963.8443077
3,4807,0.6818538904190063,0.6508899676375405,1785285964.0338902
3,4808,0.598714292049408,0.6506410256410257,1785285964.2235644
3,4809,0.4863773584365845,0.6507936507936508,1785285964.4164147
3,4810,0.6051691174507141,0.6487814465408805,1785285964.6719203
3,4811,0.5890142917633057,0.6487538940809969,1785285964.8635228
3,4812,0.5775359869003296,0.6485339506172839,1785285965.0611749
3,4813,0.4784638285636902,0.6485091743119266,1785285965.2584853
3,4814,0.5367948412895203,0.6484848484848484,1785285965.482135
3,4815,0.6408901810646057,0.6486486486486487,1785285965.6723385
3,4816,0.5726459622383118,0.6488095238095238,1785285965.8764567
3,4817,0.7561317682266235,0.6491519174041298,1785285966.0703561
3,4818,0.4781520366668701,0.6487573099415205,1785285966.3188248
3,4819,0.6539980173110962,0.6481884057971015,1785285966.508987
3,4820,0.5501218438148499,0.6479885057471264,1785285966.6984327
3,4821,0.6003255844116211,0.6485042735042735,1785285967.1010206
3,4822,0.6200779676437378,0.6475988700564972,1785285967.2929332
3,4823,0.5035186409950256,0.648109243697479,1785285967.485522
3,4824,0.6644076108932495,0.6479166666666667,1785285967.6783674
3,4825,0.6087988018989563,0.6478994490358126,1785285967.8971767
3,4826,0.6166156530380249,0.6483948087431693,1785285968.08923
3,4827,0.6207234859466553,0.6488821138211383,1785285968.2868838
3,4828,0.5791481733322144,0.6491935483870968,1785285968.4804554
3,4829,0.584403395652771,0.6493333333333333,1785285968.6885397
3,4830,0.46480637788772583,0.6498015873015873,1785285968.8779519
3,4831,0.4455575942993164,0.6494422572178478,1785285969.0818532
3,4832,0.630347728729248,0.6487630208333334,1785285969.2751818
3,4833,0.5631851553916931,0.6489018087855297,1785285969.482149
3,4834,0.5665726661682129,0.6485576923076923,1785285969.672495
3,4835,0.554273784160614,0.6485368956743003,1785285969.873289
3,4836,0.6791249513626099,0.6480429292929293,1785285970.0673301
3,4837,0.4679242968559265,0.6488095238095238,1785285970.2615645
3,4838,0.443294882774353,0.6495646766169154,1785285970.4522462
3,4839,0.6404678821563721,0.6503086419753087,1785285970.6440647
3,4840,0.6709415316581726,0.6505821078431373,1785285970.8357294
3,4841,0.5824586153030396,0.6510036496350365,1785285971.0376577
3,4842,0.6110935211181641,0.6505132850241546,1785285971.2326484
3,4843,0.5728016495704651,0.6521282973621103,1785285971.4278984
3,4844,0.44617509841918945,0.6525297619047619,1785285971.6207228
3,4845,0.44454672932624817,0.6520390070921985,1785285971.8146
3,4846,0.49791133403778076,0.6521420187793427,1785285972.0285618
3,4847,0.48565495014190674,0.6518065268065268,1785285972.226576
3,4848,0.7289197444915771,0.6513310185185185,1785285972.417376
3,4849,0.5504674315452576,0.6511494252873563,1785285972.61042
3,4850,0.6664252281188965,0.6508276255707762,1785285972.823482
3,4851,0.3572882115840912,0.6515022675736961,1785285973.0277
3,4852,0.5740220546722412,0.6501970720720721,1785285973.2152588
3,4853,0.8461711406707764,0.6494686800894854,1785285973.4013977
3,4854,0.559207558631897,0.6498611111111111,1785285973.650429
3,4855,0.5808098912239075,0.6502483443708609,1785285973.837315
3,4856,0.7670924663543701,0.6499451754385965,1785285974.021419
3,4857,0.960765540599823,0.6504629629629629,1785285974.206445
3,4858,0.5229737758636475,0.6497564935064936,1785285974.4158313
3,4859,0.5446350574493408,0.6498655913978495,1785285974.6048656
3,4860,0.5212283730506897,0.6503739316239316,1785285974.7878375
3,4861,0.6434168219566345,0.6511411889596603,1785285974.9735289
3,4862,0.5190508365631104,0.6512394514767933,1785285975.1808815
3,4863,0.44372543692588806,0.6512054507337526,1785285975.3739107
3,4864,0.5994248986244202,0.6515625,1785285975.5562992
3,4865,0.49415168166160583,0.6511387163561076,1785285975.7432692
3,4866,0.6204635500907898,0.6507201646090535,1785285975.9837377
3,4867,0.6339555382728577,0.6504345603271984,1785285976.1678813
3,4868,0.5562740564346313,0.6510416666666666,1785285976.3509378
3,4869,0.9680079221725464,0.6508838383838383,1785285976.5324955
3,4870,0.44633862376213074,0.6507279116465864,1785285976.7785535
3,4871,0.4608476758003235,0.6511976047904192,1785285977.0087304
3,4872,0.49142974615097046,0.6512896825396826,1785285977.1973584
3,4873,0.5045410394668579,0.6510108481262328,1785285977.3984864
3,4874,0.6189795136451721,0.6513480392156863,1785285977.5819647
3,4875,0.5601529479026794,0.6515594541910331,1785285977.7661977
3,4876,0.5818204283714294,0.6512839147286822,1785285977.9516227
3,4877,0.8459069728851318,0.6516136801541426,1785285978.147457
3,4878,0.646822452545166,0.6513409961685823,1785285978.365714
3,4879,0.3930206596851349,0.6519047619047619,1785285978.5620594
3,4880,1.1565793752670288,0.65234375,1785285978.7731915
3,4881,0.6475774049758911,0.652542372881356,1785285978.9602284
3,4882,0.5895953178405762,0.6523876404494382,1785285979.2079248
3,4883,0.6256749033927917,0.6524674115456238,1785285979.39411
3,4884,0.5967755317687988,0.6526620370370371,1785285979.5777342
3,4885,0.8912409543991089,0.6523941068139963,1785285979.781398
3,4886,0.48527389764785767,0.6524725274725275,1785285980.014639
3,4887,0.510931670665741,0.6517531876138434,1785285980.2027771
3,4888,0.6943784356117249,0.6524003623188406,1785285980.394512
3,4889,0.6196802854537964,0.6521396396396396,1785285980.594178
3,4890,0.4807019829750061,0.6522177419354839,1785285980.7831142
3,4891,0.5034875273704529,0.6519607843137255,1785285980.9649973
3,4892,0.4887820780277252,0.6519281914893617,1785285981.1509192
3,4893,0.7098796367645264,0.6516754850088183,1785285981.3566806
3,4894,0.605435311794281,0.6517543859649123,1785285981.5411649
3,4895,0.5668254494667053,0.6516143106457243,1785285981.7369695
3,4896,0.5278482437133789,0.6508246527777778,1785285981.9214237
3,4897,0.5650558471679688,0.6505829015544041,1785285982.1236272
3,4898,0.6072514057159424,0.6508805841924399,1785285982.3069293
3,4899,0.7201827168464661,0.6507478632478633,1785285982.5115056
3,4900,0.6404567360877991,0.6501913265306123,1785285982.6962414
3,4901,0.5668892860412598,0.6505922165820643,1785285982.8909082
3,4902,0.4404580295085907,0.6503577441077442,1785285983.0735183
3,4903,0.504292368888855,0.6505443886097152,1785285983.2571144
3,4904,0.596693217754364,0.6503125,1785285983.4400249
3,4905,0.6662565469741821,0.650290215588723,1785285983.624135
3,4906,0.6224958300590515,0.6504744224422442,1785285983.8460457
3,4907,0.515041172504425,0.6506568144499179,1785285984.0316012
3,4908,0.6180257201194763,0.6503267973856209,1785285984.217101
3,4909,0.6478602290153503,0.6502032520325203,1785285984.409804
3,4910,0.5296230316162109,0.6503843042071198,1785285984.5927033
3,4911,0.6472365856170654,0.6504629629629629,1785285984.7795992
3,4912,0.5909134745597839,0.6504407051282052,1785285984.9615855
3,4913,0.5058268308639526,0.6506180223285486,1785285985.1566536
3,4914,0.668959379196167,0.6505952380952381,1785285985.337867
3,4915,0.6251247525215149,0.65086887835703,1785285985.541669
3,4916,0.6816666722297668,0.6505503144654088,1785285985.7266102
3,4917,0.6963170766830444,0.6502347417840375,1785285985.9102395
3,4918,0.5494951009750366,0.6506035825545171,1785285986.123615
3,4919,0.5054994821548462,0.650968992248062,1785285986.306264
3,4920,0.6354063749313354,0.6509452160493827,1785285986.4881322
3,4921,0.6594036817550659,0.6506336405529954,1785285986.6725338
3,4922,0.5714212656021118,0.6507071865443425,1785285986.9046974
3,4923,0.4761040210723877,0.650875190258752,1785285987.1215107
3,4924,0.6733567714691162,0.6509469696969697,1785285987.3045692
3,4925,0.8262900114059448,0.6509238310708899,1785285987.4955366
3,4926,0.5660935640335083,0.6511824324324325,1785285987.697772
3,4927,0.6359897255897522,0.6515321375186846,1785285987.8821893
3,4928,0.8049622774124146,0.6513206845238095,1785285988.0665152
3,4929,0.5836521983146667,0.6516666666666666,1785285988.2507007
3,4930,0.69003826379776,0.6517330383480826,1785285988.474839
3,4931,0.5492018461227417,0.6517988252569751,1785285988.6615477
3,4932,0.38851866126060486,0.6519554093567251,1785285988.8463192
3,4933,0.4668390452861786,0.6520196506550219,1785285989.055993
3,4934,0.5258039236068726,0.6514492753623189,1785285989.2454636
3,4935,0.6123565435409546,0.6508838383838383,1785285989.4676623
3,4936,0.6238998770713806,0.6508620689655172,1785285989.653416
3,4937,0.6163082718849182,0.6504828326180258,1785285989.8427486
3,4938,0.6256796717643738,0.6500178062678063,1785285990.0403316
3,4939,0.6573270559310913,0.65,1785285990.2235646
3,4940,0.5108093023300171,0.6498940677966102,1785285990.407556
3,4941,0.45885559916496277,0.6497890295358649,1785285990.589845
3,4942,0.6897550225257874,0.6502100840336135,1785285990.8085234
3,4943,0.6837749481201172,0.650278940027894,1785285990.9927998
3,4944,0.642103910446167,0.6503472222222222,1785285991.1763008
3,4945,0.6313206553459167,0.6505878284923928,1785285991.3787782
3,4946,0.5745528340339661,0.6505681818181818,1785285991.5680392
3,4947,0.6300932765007019,0.6505486968449932,1785285991.7998729
3,4948,0.5083515644073486,0.6504439890710383,1785285991.9837065
3,4949,0.501213014125824,0.6505952380952381,1785285992.1960473
3,4950,0.5526059865951538,0.6504911924119241,1785285992.4229004
3,4951,0.4319767653942108,0.650472334682861,1785285992.6140056
3,4952,0.5317619442939758,0.6505376344086021,1785285992.8061767
3,4953,0.6074106097221375,0.6505187416331994,1785285993.002349
3,4954,0.6613062620162964,0.6504166666666666,1785285993.1932356
3,4955,0.6338289380073547,0.6502324037184595,1785285993.455781
3,4956,0.7039223313331604,0.6501322751322751,1785285993.6445205
3,4957,0.5288020968437195,0.6500329380764164,1785285993.834831
3,4958,0.5867753624916077,0.6496883202099738,1785285994.041619
3,4959,0.5943738222122192,0.6498366013071896,1785285994.261529
3,4960,0.6895463466644287,0.6494954427083334,1785285994.45122
3,4961,0.6164357662200928,0.6490758754863813,1785285994.6602373
3,4962,0.5526220798492432,0.64906330749354,1785285994.8644602
3,4963,0.6032479405403137,0.6492117117117117,1785285995.1005447
3,4964,0.6628669500350952,0.6490384615384616,1785285995.2901688
3,4965,0.6206528544425964,0.648786717752235,1785285995.4790406
3,4966,0.6382721662521362,0.648854961832061,1785285995.6682892
3,4967,0.5191044211387634,0.6489226869455006,1785285995.9151793
3,4968,0.6083993911743164,0.6491477272727273,1785285996.1074936
3,4969,0.6601892113685608,0.6490566037735849,1785285996.2988973
3,4970,0.6544867753982544,0.6490444862155389,1785285996.4877958
3,4971,0.5176076889038086,0.648876404494382,1785285996.7265313
3,4972,0.46243390440940857,0.6490982587064676,1785285996.9309127
3,4973,0.6081861257553101,0.6490861214374225,1785285997.121431
3,4974,0.49145594239234924,0.6493827160493827,1785285997.3116438
3,4975,0.5621338486671448,0.6490621156211562,1785285997.58211
3,4976,0.5585947632789612,0.6493566176470589,1785285997.7780554
3,4977,0.5418709516525269,0.6491910866910867,1785285997.9693184
3,4978,0.7298540472984314,0.649330900243309,1785285998.1911926
3,4979,0.6311142444610596,0.6489393939393939,1785285998.38154
3,4980,0.6346690654754639,0.6487771739130435,1785285998.5760403
3,4981,0.5434643030166626,0.6487665463297232,1785285998.7650003
3,4982,0.6421724557876587,0.647931654676259,1785285998.9762566
3,4983,0.7217138409614563,0.647700119474313,1785285999.1651316
3,4984,0.49432671070098877,0.6476190476190476,1785285999.3794594
3,4985,0.49642378091812134,0.6481316725978647,1785285999.5634565
3,4986,0.5688537359237671,0.6480496453900709,1785285999.7539601
3,4987,0.5599068403244019,0.6481890459363958,1785285999.9673476
3,4988,0.6265038251876831,0.6486942488262911,1785286000.1741803
3,4989,0.5135467648506165,0.6484649122807018,1785286000.3658926
3,4990,0.5089717507362366,0.6485285547785548,1785286000.5637054
3,4991,0.5803107619285583,0.6485917537746806,1785286000.7556238
3,4992,0.6229792833328247,0.6486545138888888,1785286000.952499
3,4993,0.5141400098800659,0.6485005767012687,1785286001.140798
3,4994,0.5348196625709534,0.6489224137931034,1785286001.355029
3,4995,0.4806613028049469,0.6489117983963345,1785286001.5463417
3,4996,0.5283449292182922,0.648829908675799,1785286001.7532952
3,4997,0.5037229657173157,0.6486774744027304,1785286001.943169
3,4998,0.4374844431877136,0.6488803854875284,1785286002.1426039
3,4999,0.6741061210632324,0.648728813559322,1785286002.3310661
3,5000,0.8574148416519165,0.6483671171171171,1785286002.5291646
3,5001,0.6256750822067261,0.6483585858585859,1785286002.7207828
3,5002,0.5381520390510559,0.6483501118568232,1785286002.9108186
3,5003,0.5632160902023315,0.6486900780379041,1785286003.1302783
3,5004,0.5596320033073425,0.6486111111111111,1785286003.3422582
3,5005,0.5005266070365906,0.6486018826135105,1785286003.5347846
3,5006,0.8667197227478027,0.6485237306843267,1785286003.746403
3,5007,0.5605725049972534,0.6485836083608361,1785286003.9383128
3,5008,0.7097465395927429,0.6487801535087719,1785286004.1406105
3,5009,0.5330624580383301,0.6489071038251366,1785286004.332347
3,5010,0.5343031287193298,0.6488970588235294,1785286004.5261865
3,5011,0.5198885202407837,0.6484799131378935,1785286004.7385418
3,5012,0.627090334892273,0.6486066017316018,1785286004.9381406
3,5013,0.5715251564979553,0.6480582524271845,1785286005.1233792
3,5014,0.5291019678115845,0.6483198924731183,1785286005.306992
3,5015,0.6009060144424438,0.6485128617363344,1785286005.525662
3,5016,0.5214781761169434,0.648704594017094,1785286005.7080579
3,5017,0.5077296495437622,0.648895101171459,1785286005.8920128
3,5018,0.7489514350891113,0.6490843949044586,1785286006.0768476
3,5019,0.5590200424194336,0.6488095238095238,1785286006.310436
3,5020,0.5365824699401855,0.648800105485232,1785286006.4950495
3,5021,0.5871863961219788,0.6484621451104101,1785286006.681012
3,5022,0.6902841329574585,0.6482573375262054,1785286006.86603
3,5023,0.5840484499931335,0.6482497387669801,1785286007.090227
3,5024,0.501439094543457,0.6481119791666666,1785286007.2761624
3,5025,0.5515486001968384,0.6482995846313603,1785286007.4607553
3,5026,0.6257826089859009,0.6483566252587992,1785286007.6488478
3,5027,0.5814259052276611,0.6483488132094943,1785286007.8935444
3,5028,0.4653213620185852,0.6482767489711934,1785286008.0878615
3,5029,0.6798173785209656,0.6483974358974359,1785286008.2798388
3,5030,0.5528055429458618,0.6480061349693251,1785286008.474317
3,5031,0.47159913182258606,0.6478083588175332,1785286008.6667652
3,5032,0.5472627878189087,0.6480564024390244,1785286008.8522913
3,5033,0.6256266832351685,0.6477963525835866,1785286009.0375366
3,5034,0.6712849140167236,0.6474747474747474,1785286009.22236
3,5035,0.5880891680717468,0.6475327291037261,1785286009.4294207
3,5036,0.5546302795410156,0.6472766064257028,1785286009.6144059
3,5037,0.6512142419815063,0.6471471471471472,1785286009.8069417
3,5038,0.8109601736068726,0.6467065868263473,1785286009.98951
3,5039,0.5244939923286438,0.6463930348258706,1785286010.2003675
3,5040,0.585879921913147,0.6460813492063492,1785286010.3825874
3,5041,0.47147390246391296,0.6460187932739861,1785286010.5854216
3,5042,0.5374721884727478,0.645956607495069,1785286010.7720528
3,5043,0.7102972269058228,0.6459562438544739,1785286010.9827437
3,5044,0.5996066331863403,0.6457720588235294,1785286011.1690452
3,5045,0.5962253212928772,0.6457111436950147,1785286011.35541
3,5046,0.47081446647644043,0.6460160818713451,1785286011.5524154
3,5047,0.5006139278411865,0.6460762876579204,1785286011.7385197
3,5048,0.6328282356262207,0.646499515503876,1785286011.9218588
3,5049,0.6208348274230957,0.6463164251207729,1785286012.1112816
3,5050,0.5643129348754883,0.6457731213872833,1785286012.2966526
3,5051,0.470390260219574,0.6458333333333334,1785286012.50727
3,5052,0.6184661388397217,0.6459530651340997,1785286012.6914136
3,5053,0.8641595244407654,0.6461318051575932,1785286012.889307
3,5054,0.6419742107391357,0.6458928571428572,1785286013.0880272
3,5055,0.41117674112319946,0.6462488129154795,1785286013.2866201
3,5056,0.471674382686615,0.6464251893939394,1785286013.4805841
3,5057,0.6167284846305847,0.6465415486307837,1785286013.6706839
3,5058,0.3796800374984741,0.646304143126177,1785286013.8727317
3,5059,0.6238998174667358,0.6464788732394366,1785286014.0553641
3,5060,0.6797223687171936,0.6465941011235955,1785286014.2395096
3,5061,0.43441468477249146,0.6464169000933707,1785286014.4240596
3,5062,0.5992390513420105,0.6462406890130353,1785286014.6076736
3,5063,0.4435165822505951,0.6460074280408542,1785286014.851699
3,5064,0.6770071983337402,0.6460069444444444,1785286015.0478547
3,5065,0.5079157948493958,0.6457756232686981,1785286015.2320647
3,5066,0.4608362317085266,0.6455455801104972,1785286015.4176917
3,5067,0.6336307525634766,0.6456037649219467,1785286015.6407628
3,5068,0.5554134845733643,0.645260989010989,1785286015.8264666
3,5069,1.0351524353027344,0.6452625570776256,1785286016.0096316
3,5070,0.49908310174942017,0.6454348816029144,1785286016.1918879
3,5071,0.6972482204437256,0.6454927338782924,1785286016.4139562
3,5072,0.6769046783447266,0.6454936594202898,1785286016.598462
3,5073,0.7028429508209229,0.6456639566395664,1785286016.8044872
3,5074,0.5594900846481323,0.6452702702702703,1785286017.010038
3,5075,0.5485879778862,0.6450471698113207,1785286017.1953416
3,5076,0.3767187297344208,0.6452732974910395,1785286017.3881242
3,5077,0.5837233066558838,0.64516309204647,1785286017.5714529
3,5078,0.6803072690963745,0.6449420677361853,1785286017.7610633
3,5079,0.4222877621650696,0.6446666666666667,1785286017.9468713
3,5080,0.832602322101593,0.6449468085106383,1785286018.1382728
3,5081,0.6595824956893921,0.6450044208664898,1785286018.338624
3,5082,0.4387633204460144,0.6450066137566137,1785286018.5385513
3,5083,0.582746148109436,0.6449538258575198,1785286018.7259452
3,5084,0.6408048272132874,0.6447368421052632,1785286018.910731
3,5085,0.6745458245277405,0.644575678040245,1785286019.112981
3,5086,0.48809781670570374,0.6445789703315882,1785286019.2973228
3,5087,0.7072018384933472,0.644310269799826,1785286019.5069764
3,5088,0.6302945017814636,0.6437174479166666,1785286019.7098746
3,5089,0.42323192954063416,0.6438311688311689,1785286019.894377
3,5090,0.5972669720649719,0.6438903281519862,1785286020.078182
3,5091,0.4256734251976013,0.6439491817398794,1785286020.281747
3,5092,0.6585923433303833,0.6440614261168385,1785286020.467578
3,5093,0.5485318303108215,0.6442266495287061,1785286020.6860368
3,5094,0.5582654476165771,0.6446047008547009,1785286020.8731363
3,5095,0.4899553656578064,0.6446611253196931,1785286021.0564458
3,5096,0.47015732526779175,0.6446641156462585,1785286021.2395418
3,5097,0.5465478897094727,0.644773112807464,1785286021.4235156
3,5098,0.5408867001533508,0.6447758037225042,1785286021.6095023
3,5099,0.6627498865127563,0.6447784810126582,1785286021.8611476
3,5100,0.7909519076347351,0.6444654882154882,1785286022.0519674
3,5101,0.6997945308685303,0.6442590260285475,1785286022.2349641
3,5102,0.682712733745575,0.6439489112227805,1785286022.4201813
3,5103,0.5992230772972107,0.6441624895572264,1785286022.6510227
3,5104,0.49825963377952576,0.6442708333333333,1785286022.83492
3,5105,0.751147449016571,0.6443266832917706,1785286023.0173407
3,5106,0.6424816250801086,0.644382255389718,1785286023.2195592
3,5107,0.6351308822631836,0.6442824648469809,1785286023.404461
3,5108,0.5303513407707214,0.6443378712871287,1785286023.5908408
3,5109,0.747981607913971,0.6440843621399177,1785286023.7848096
3,5110,0.5009340047836304,0.6442426108374384,1785286023.9680412
3,5111,0.6324855089187622,0.6440929565929566,1785286024.2245517
3,5112,0.6014773845672607,0.6441482843137255,1785286024.412444
3,5113,0.5688867568969727,0.6444070904645477,1785286024.5949917
3,5114,0.5199613571166992,0.6444105691056911,1785286024.7800968
3,5115,0.7255407571792603,0.6444647201946472,1785286024.9970949
3,5116,0.6103081703186035,0.6446703074433657,1785286025.1822608
3,5117,0.5385782122612,0.6446731234866828,1785286025.3685913
3,5118,0.6055566072463989,0.6446759259259259,1785286025.5584257
3,5119,0.6014111042022705,0.6448293172690763,1785286025.820047
3,5120,0.7106671929359436,0.6448818108974359,1785286026.0103378
3,5121,0.5600834488868713,0.6445843325339728,1785286026.1955352
3,5122,0.41213199496269226,0.6446870015948963,1785286026.3921
3,5123,0.6670182943344116,0.6447891805887033,1785286026.582231
3,5124,0.5211970210075378,0.6446428571428572,1785286026.7656553
3,5125,0.5705581307411194,0.6448931116389549,1785286026.9488082
3,5126,0.6113936901092529,0.644845971563981,1785286027.1327486
3,5127,0.6562929153442383,0.6445035460992907,1785286027.3755887
3,5128,0.6422924995422363,0.6445558176100629,1785286027.5730727
3,5129,0.8514115214347839,0.6444117647058824,1785286027.7648294
3,5130,0.716709554195404,0.6444151017214398,1785286027.9619007
3,5131,0.5528125762939453,0.6445160031225605,1785286028.1526523
3,5132,0.4758944511413574,0.6443243769470405,1785286028.3383586
3,5133,0.5362585186958313,0.6438908313908314,1785286028.5226517
3,5134,0.6719154119491577,0.6437984496124031,1785286028.7068026
3,5135,0.5622692704200745,0.6440931941221965,1785286028.9328308
3,5136,0.5253499746322632,0.6438560956790124,1785286029.1228395
3,5137,0.6236108541488647,0.6438606620477291,1785286029.3333263
3,5138,0.7467821836471558,0.6438172043010753,1785286029.5263839
3,5139,0.5092822313308716,0.6440134099616859,1785286029.7602978
3,5140,0.37248462438583374,0.6441131498470948,1785286029.959738
3,5141,0.5883673429489136,0.643640350877193,1785286030.1459236
3,5142,0.550988495349884,0.6432172754946728,1785286030.3352332
3,5143,0.5992898941040039,0.6431757782839788,1785286030.5189955
3,5144,0.5540447235107422,0.6428503787878788,1785286030.705201
3,5145,0.45809152722358704,0.6428099017384732,1785286030.8936706
3,5146,0.38920003175735474,0.6429110105580694,1785286031.0770717
3,5147,0.5675879716873169,0.6429646350639578,1785286031.3373642
3,5148,0.4418351352214813,0.6430180180180181,1785286031.5210733
3,5149,0.5614447593688965,0.6429775280898876,1785286031.7112703
3,5150,0.5619919896125793,0.6433109118086696,1785286031.895996
3,5151,0.5456801056861877,0.6433165548098434,1785286032.1538248
3,5152,0.62521892786026,0.6431826636904762,1785286032.335884
3,5153,0.47082915902137756,0.6432813659985153,1785286032.5202405
3,5154,0.5088719129562378,0.6431944444444444,1785286032.7032328
3,5155,0.5615561604499817,0.6431541019955654,1785286032.9550943
3,5156,0.5535150170326233,0.643160029498525,1785286033.137904
3,5157,0.5662176012992859,0.6431659308314938,1785286033.322938
3,5158,1.0293828248977661,0.6430800293685757,1785286033.5260415
3,5159,0.5413252711296082,0.6433150183150184,1785286033.7098901
3,5160,0.6654036045074463,0.6435489766081871,1785286033.8945122
3,5161,0.7135018706321716,0.6435995623632386,1785286034.080764
3,5162,0.6334758996963501,0.6435134643377002,1785286034.269635
3,5163,0.5309492349624634,0.6434731299927379,1785286034.5242503
3,5164,0.7215090990066528,0.6437047101449276,1785286034.7067447
3,5165,0.4762897789478302,0.6434833694866233,1785286034.8912506
3,5166,0.5503202080726624,0.6433531746031746,1785286035.0749893
3,5167,0.65843665599823,0.6434935205183585,1785286035.356097
3,5168,0.6742107272148132,0.6437679597701149,1785286035.5381923
3,5169,0.7014933228492737,0.6438172043010753,1785286035.7235823
3,5170,0.7081137895584106,0.6436874105865522,1785286035.9233387
3,5171,0.6351823806762695,0.6436473947180585,1785286036.1387844
3,5172,0.47345542907714844,0.6438746438746439,1785286036.3224752
3,5173,0.7095444798469543,0.6437011371712864,1785286036.5063038
3,5174,0.43916934728622437,0.643572695035461,1785286036.7045147
3,5175,0.5455175638198853,0.6437101910828026,1785286036.9126573
3,5176,0.4132070243358612,0.6435381355932204,1785286037.0972888
3,5177,0.6969842910766602,0.6436310782241015,1785286037.2821054
3,5178,0.5814564824104309,0.6434159634317862,1785286037.4694643
3,5179,0.6372866630554199,0.6434649122807018,1785286037.683556
3,5180,0.5894057750701904,0.6432072829131653,1785286037.8770854
3,5181,0.5964940786361694,0.6430380852550663,1785286038.0854468
3,5182,0.6053462028503418,0.6432618549511855,1785286038.2753894
3,5183,0.8861393928527832,0.6430932498260264,1785286038.4963012
3,5184,0.642706573009491,0.6432725694444444,1785286038.6803024
3,5185,0.6214953064918518,0.6432778932778933,1785286038.8738153
3,5186,0.5537241101264954,0.6432399723374828,1785286039.066651
3,5187,0.5148732662200928,0.6433747412008282,1785286039.3118336
3,5188,0.677404522895813,0.6432937327823691,1785286039.5127165
3,5189,0.5034840703010559,0.6435137457044674,1785286039.7053356
3,5190,0.4404021203517914,0.6436471193415638,1785286039.8963382
3,5191,0.6649228930473328,0.6437371663244353,1785286040.1472204
3,5192,0.6301137804985046,0.6436987704918032,1785286040.346516
3,5193,0.6177706122398376,0.6437457396046353,1785286040.5397055
3,5194,0.5831164717674255,0.6438775510204081,1785286040.7297728
3,5195,0.4223071336746216,0.644305838424983,1785286040.941709
3,5196,0.4798600673675537,0.6443512872628726,1785286041.1310623
3,5197,0.8669021129608154,0.6445655848546316,1785286041.324697
3,5198,0.6595395803451538,0.6445681511470985,1785286041.518793
3,5199,0.5350885391235352,0.6447390572390572,1785286041.7107613
3,5200,0.5914178490638733,0.6448252688172043,1785286041.896155
3,5201,0.607451856136322,0.6448272971160295,1785286042.0915864
3,5202,0.49708089232444763,0.6447456492637216,1785286042.2753015
3,5203,0.6246138215065002,0.6449148296593187,1785286042.4872725
3,5204,0.5091036558151245,0.6449166666666667,1785286042.66875
3,5205,0.6769126653671265,0.6448353293413174,1785286042.8550766
3,5206,0.5698087215423584,0.6449618193891102,1785286043.043706
3,5207,0.5486958026885986,0.6449635520212061,1785286043.260306
3,5208,0.4314444959163666,0.6449652777777778,1785286043.449334
3,5209,0.4232354164123535,0.6452557755775578,1785286043.640504
3,5210,0.49533355236053467,0.6451745718050066,1785286043.832397
3,5211,0.6243876814842224,0.6452169625246549,1785286044.102786
3,5212,0.588946521282196,0.6453412073490814,1785286044.3123312
3,5213,0.4663209319114685,0.64566961362148,1785286044.4945405
3,5214,0.5231953263282776,0.6456290849673203,1785286044.6966026
3,5215,0.46603330969810486,0.6455479452054794,1785286044.8901768
3,5216,0.5723695755004883,0.6455078125,1785286045.1016264
3,5217,0.5505804419517517,0.6455084470435347,1785286045.2888196
3,5218,0.7266544103622437,0.6453874837872893,1785286045.476434
3,5219,0.5161967873573303,0.6453478964401295,1785286045.7111402
3,5220,0.4262298345565796,0.6454699612403101,1785286045.9369757
3,5221,0.4865835905075073,0.6455915538362347,1785286046.1291656
3,5222,0.6116549372673035,0.6456322393822393,1785286046.3191123
3,5223,0.4485100209712982,0.6457129094412332,1785286046.5328755
3,5224,0.5983324646949768,0.645713141025641,1785286046.7424295
3,5225,0.7711542844772339,0.645753358925144,1785286046.9306316
3,5226,0.8324050903320312,0.6459530651340997,1785286047.1341841
3,5227,0.6314204931259155,0.6461918419375399,1785286047.3509855
3,5228,0.6148452758789062,0.6462706743002544,1785286047.541365
3,5229,0.5340041518211365,0.6461111111111111,1785286047.7459254
3,5230,1.1575614213943481,0.6461105830164765,1785286047.950192
3,5231,0.6010321378707886,0.6459123972169513,1785286048.1344607
3,5232,0.5946086049079895,0.6461095328282829,1785286048.3253675
3,5233,0.5393723845481873,0.6459908632640201,1785286048.5085862
3,5234,0.5010798573493958,0.6459905660377359,1785286048.6998074
3,5235,0.5062040686607361,0.6460295040803515,1785286048.9184947
3,5236,0.6958030462265015,0.6460682957393483,1785286049.10085
3,5237,0.8106343150138855,0.6461851156973109,1785286049.284723
3,5238,0.7560738921165466,0.646145443196005,1785286049.4717517
3,5239,0.6063070297241211,0.6461059190031153,1785286049.6866932
3,5240,0.484658420085907,0.6461831467661692,1785286049.8792043
3,5241,0.4701794385910034,0.6462212911235258,1785286050.058547
3,5242,0.594584047794342,0.6462980173482032,1785286050.25251
3,5243,0.6333543658256531,0.6461811997526283,1785286050.4770708
3,5244,0.5436885356903076,0.6461033950617284,1785286050.6668043
3,5245,0.6721811890602112,0.6457948243992606,1785286050.8476298
3,5246,0.49887070059776306,0.645679581795818,1785286051.0478606
3,5247,0.6595028638839722,0.6457182320441989,1785286051.2373016
3,5248,0.5521930456161499,0.6457950367647058,1785286051.4384625
3,5249,0.4965423345565796,0.6457951070336392,1785286051.619326
3,5250,0.6773406267166138,0.6457570207570208,1785286051.8005958
3,5251,0.572467565536499,0.6458333333333334,1785286052.0031135
3,5252,0.513213038444519,0.6458333333333334,1785286052.1836045
3,5253,0.4298357665538788,0.6457953855494839,1785286052.3663461
3,5254,0.5470708012580872,0.6459090909090909,1785286052.5578084
3,5255,0.44993358850479126,0.6458333333333334,1785286052.7611787
3,5256,0.5040061473846436,0.6457578502415459,1785286052.941814
3,5257,0.5216512680053711,0.6459086799276673,1785286053.1212006
3,5258,0.5758939981460571,0.6459461492178099,1785286053.3002825
3,5259,0.5244417190551758,0.6458333333333334,1785286053.5354495
3,5260,0.5847493410110474,0.6459457434052758,1785286053.7211123
3,5261,0.521982729434967,0.6461699581089169,1785286053.9019933
3,5262,0.7189551591873169,0.6459453405017921,1785286054.0979226
3,5263,0.6868446469306946,0.6460569469290399,1785286054.313946
3,5264,0.570654034614563,0.6460565476190476,1785286054.5081205
3,5265,0.5449474453926086,0.6462046939988116,1785286054.6876519
3,5266,0.4428166151046753,0.6463523131672598,1785286054.867179
3,5267,0.6887484192848206,0.6463513913558319,1785286055.0853055
3,5268,0.5997205376625061,0.6464982269503546,1785286055.2706861
3,5269,0.6182729005813599,0.6464233038348083,1785286055.4519053
3,5270,0.7210044860839844,0.6464590694935218,1785286055.6312788
3,5271,0.6185591220855713,0.6463109935332157,1785286055.8678105
3,5272,0.6131652593612671,0.6460900821596244,1785286056.0564005
3,5273,0.5566371083259583,0.64601640304628,1785286056.243298
3,5274,0.5814999341964722,0.6460891812865497,1785286056.4334056
3,5275,0.683668851852417,0.6461617046117922,1785286056.614256
3,5276,0.5292173027992249,0.6462703962703963,1785286056.795114
3,5277,0.644428014755249,0.6463059918557301,1785286056.9755855
3,5278,0.5111680030822754,0.6461962833914053,1785286057.1544063
3,5279,0.5993720293045044,0.6460144927536232,1785286057.3810673
3,5280,0.6780247092247009,0.6458695023148148,1785286057.561851
3,5281,0.5868088006973267,0.6460860774119006,1785286057.7407563
3,5282,0.5355056524276733,0.6458693771626297,1785286057.9242322
3,5283,0.5068268775939941,0.6460492227979274,1785286058.1525307
3,5284,0.6623715758323669,0.6460847701149425,1785286058.334245
3,5285,0.5891263484954834,0.6461919104991394,1785286058.5192003
3,5286,0.5627185106277466,0.6460839060710195,1785286058.698818
3,5287,0.546349823474884,0.6460477415666095,1785286058.9248154
3,5288,0.7828025817871094,0.6457976598173516,1785286059.1279318
3,5289,0.5734019875526428,0.6457977207977208,1785286059.308688
3,5290,0.5225110054016113,0.6457266780432309,1785286059.4925647
3,5291,0.5686884522438049,0.6456913685406019,1785286059.709897
3,5292,0.5677235722541809,0.6458333333333334,1785286059.8909748
3,5293,0.6807968616485596,0.6456918505942275,1785286060.0716832
3,5294,0.5100438594818115,0.6456920903954803,1785286060.2541556
3,5295,0.5138706564903259,0.645762831359278,1785286060.4573162
3,5296,0.658531665802002,0.645727759009009,1785286060.6365008
3,5297,0.7703836560249329,0.6456225407532321,1785286060.8158424
3,5298,0.6964199542999268,0.6456930415263749,1785286060.997715
3,5299,0.5541174411773682,0.6456582633053222,1785286061.2071657
3,5300,0.6936224102973938,0.6455187360178971,1785286061.388284
3,5301,0.5568845272064209,0.6455192629815746,1785286061.5677392
3,5302,0.527827799320221,0.6455546265328874,1785286061.7484143
3,5303,0.5252701640129089,0.6455898720089037,1785286061.9522026
3,5304,0.6362652778625488,0.645625,1785286062.1438313
3,5305,0.6802043914794922,0.6456600110926234,1785286062.3227217
3,5306,0.7607215642929077,0.6455564784053156,1785286062.5044131
3,5307,0.5590852499008179,0.6454878385848535,1785286062.741215
3,5308,0.6295796632766724,0.6455573951434879,1785286062.9317725
3,5309,0.5512186884880066,0.6455578512396695,1785286063.1131139
3,5310,0.7303342819213867,0.6454551705170517,1785286063.292371
3,5311,0.6988488435745239,0.6456274025260845,1785286063.524496
3,5312,0.5273914933204651,0.6456277412280702,1785286063.716267
3,5313,0.5809664726257324,0.6453886152162014,1785286063.898897
3,5314,0.5691497325897217,0.6454234972677596,1785286064.0804274
3,5315,0.5239474177360535,0.6452877795962902,1785286064.2858737
3,5316,0.4288695156574249,0.6454248366013072,1785286064.4679513
3,5317,0.5646073818206787,0.6452215878194671,1785286064.6489973
3,5318,0.5041497349739075,0.6452225841476655,1785286064.830784
3,5319,0.6056329011917114,0.6453252032520326,1785286065.0674098
3,5320,0.5498985648155212,0.6454274891774892,1785286065.2468276
3,5321,0.5531520247459412,0.6452255537547271,1785286065.4412565
3,5322,0.594764232635498,0.645091693635383,1785286065.620425
3,5323,0.48098641633987427,0.6452611739364567,1785286065.8550198
3,5324,0.5931698083877563,0.6454637096774194,1785286066.0356178
3,5325,0.6373733878135681,0.6454978529253892,1785286066.2167752
3,5326,0.8723883628845215,0.6455318863879957,1785286066.4147284
3,5327,0.7409027814865112,0.6455658105939005,1785286066.5934353
3,5328,0.6084492206573486,0.6454326923076923,1785286066.775888
3,5329,0.5389208793640137,0.6454666666666666,1785286066.9550376
3,5330,0.6827023029327393,0.6455338125665602,1785286067.1427855
3,5331,0.5108368992805481,0.6454346092503987,1785286067.381023
3,5332,0.4750974774360657,0.6455679405520169,1785286067.5856502
3,5333,0.5354717969894409,0.6455021197668257,1785286067.7948852
3,5334,0.49276161193847656,0.6454695767195767,1785286067.9780626
3,5335,0.7081362009048462,0.6454041204437401,1785286068.2163389
3,5336,0.41211968660354614,0.6454707278481012,1785286068.399363
3,5337,0.46191295981407166,0.6455371248025277,1785286068.5794559
3,5338,0.6118915677070618,0.645669032597266,1785286068.765008
3,5339,0.5019022226333618,0.6456036745406825,1785286068.9970903
3,5340,0.5536410212516785,0.645767819706499,1785286069.1907918
3,5341,0.7473582029342651,0.6457025117739403,1785286069.3817873
3,5342,0.5503209829330444,0.6456374085684431,1785286069.5908663
3,5343,0.6800962090492249,0.6454747000521649,1785286069.8335047
3,5344,0.69566810131073,0.6455078125,1785286070.0393026
3,5345,0.43272754549980164,0.6456383255330214,1785286070.2308319
3,5346,0.5525445938110352,0.6456386292834891,1785286070.4389977
3,5347,0.47739389538764954,0.6456065318818041,1785286070.6345062
3,5348,0.7736022472381592,0.6455421842650103,1785286070.8443577
3,5349,0.7628642916679382,0.6453488372093024,1785286071.0470967
3,5350,0.6744600534439087,0.6452850877192983,1785286071.2333343
3,5351,0.6896913647651672,0.6453503348789283,1785286071.4922569
3,5352,0.557258665561676,0.6453832304526749,1785286071.7231174
3,5353,0.670839250087738,0.6455444273240883,1785286071.913934
3,5354,1.0006593465805054,0.6455448717948717,1785286072.102884
3,5355,0.49578800797462463,0.6456093189964157,1785286072.3638735
3,5356,0.5023602247238159,0.6456735685071575,1785286072.561203
3,5357,0.722586989402771,0.6458652373660031,1785286072.755911
3,5358,0.6062286496162415,0.6457377675840978,1785286072.9463053
3,5359,0.6174536347389221,0.6456424936386769,1785286073.1827264
3,5360,0.6056144833564758,0.645579268292683,1785286073.3849127
3,5361,0.5230154395103455,0.645611364789447,1785286073.578975
3,5362,0.5094128251075745,0.6455483789260384,1785286073.7723415
3,5363,0.5352071523666382,0.6454223571067274,1785286073.9883106
3,5364,0.5198089480400085,0.6452651515151515,1785286074.1800442
3,5365,0.6365649104118347,0.6452029752899647,1785286074.372056
3,5366,0.46607229113578796,0.6452353977844915,1785286074.563375
3,5367,0.4685750901699066,0.6453305681246858,1785286074.8373513
3,5368,0.5646544694900513,0.645488202811245,1785286075.0290253
3,5369,0.8133251070976257,0.6453947368421052,1785286075.221733
3,5370,0.710536003112793,0.6454892392392393,1785286075.4213855
3,5371,0.6201426386833191,0.6454585207396302,1785286075.6437333
3,5372,0.5323207974433899,0.6454902694610778,1785286075.826683
3,5373,0.6238687634468079,0.6455842052815147,1785286076.0157332
3,5374,0.5884885191917419,0.6455845771144278,1785286076.1990583
3,5375,0.5648308396339417,0.6456780923994039,1785286076.4541013
3,5376,0.405426561832428,0.6457713293650794,1785286076.6380088
3,5377,0.5594716668128967,0.6457404655770184,1785286076.8221154
3,5378,0.6113321781158447,0.6455860534124629,1785286077.0250156
3,5379,0.4840034246444702,0.6455864197530864,1785286077.2121387
3,5380,0.7618813514709473,0.645555966469428,1785286077.4054043
3,5381,0.6941130757331848,0.6456179222058099,1785286077.6016207
3,5382,0.48269495368003845,0.6455260570304818,1785286077.7921948
3,5383,0.45775318145751953,0.6458026509572902,1785286077.9977524
3,5384,0.7801641821861267,0.6457720588235294,1785286078.2104654
3,5385,0.49393707513809204,0.6458333333333334,1785286078.4027393
3,5386,0.6929428577423096,0.645680596285435,1785286078.620689
3,5387,0.9777939915657043,0.6455893118594437,1785286078.8143067
3,5388,0.5073342323303223,0.645620126705653,1785286079.016017
3,5389,0.742717981338501,0.6457116788321168,1785286079.2061388
3,5390,0.4872097373008728,0.6459851797862002,1785286079.4071708
3,5391,0.5016641616821289,0.6458333333333334,1785286079.632332
3,5392,0.506258487701416,0.6458030523255814,1785286079.8257408
3,5393,0.5257527828216553,0.6457123850991775,1785286080.018104
3,5394,0.5819723606109619,0.6455917874396135,1785286080.2123675
3,5395,0.42892491817474365,0.6456825856246985,1785286080.4192226
3,5396,0.5286601185798645,0.6455623795761078,1785286080.6120062
3,5397,0.7399715185165405,0.6455928330928331,1785286080.8014362
3,5398,0.6101968884468079,0.6454731027857828,1785286080.993007
3,5399,0.429495245218277,0.6453836930455635,1785286081.2490146
3,5400,0.6308084726333618,0.6455040708812261,1785286081.445312
3,5401,0.5256626605987549,0.6455942132950742,1785286081.6410785
3,5402,0.6790972352027893,0.6454154727793696,1785286081.8469908
3,5403,0.4513978660106659,0.6454458750596089,1785286082.038974
3,5404,0.5703415274620056,0.6455952380952381,1785286082.248405
3,5405,0.6452999711036682,0.645625297194484,1785286082.4411285
3,5406,0.6191593408584595,0.6455662393162394,1785286082.6359015
3,5407,0.6733756065368652,0.645448079658606,1785286082.828415
3,5408,0.7567074298858643,0.6454190340909091,1785286083.0195272
3,5409,0.6088561415672302,0.6453900709219859,1785286083.2133796
3,5410,0.7282212376594543,0.6455677525967894,1785286083.4066503
3,5411,0.572102427482605,0.6454207920792079,1785286083.5917115
3,5412,0.558417558670044,0.645333097928437,1785286083.778643
3,5413,0.6220976114273071,0.6454513399153737,1785286083.9626982
3,5414,0.4580845236778259,0.6455399061032864,1785286084.154801
3,5415,0.7538967132568359,0.6454817158931083,1785286084.3752854
3,5416,0.5529595017433167,0.6455407303370787,1785286084.5572877
3,5417,0.4811926484107971,0.6454534829359514,1785286084.7489393
3,5418,0.6107361912727356,0.6453664799253035,1785286084.93317
3,5419,0.5978381037712097,0.6452797202797202,1785286085.1445746
3,5420,0.5364186763763428,0.6455132681564246,1785286085.3393228
3,5421,0.7044947147369385,0.6454846582984658,1785286085.522516
3,5422,0.6753795146942139,0.6456012070566388,1785286085.7078164
3,5423,0.7711646556854248,0.6457174316179879,1785286085.8902555
3,5424,0.5330575704574585,0.6458333333333334,1785286086.0855956
3,5425,0.5331653356552124,0.6457755432269995,1785286086.2694995
3,5426,0.6533179879188538,0.6459198984302862,1785286086.454286
3,5427,0.7635617852210999,0.6458045182111573,1785286086.6798935
3,5428,0.569814920425415,0.6458045580110497,1785286086.8654099
3,5429,0.5896730422973633,0.6457183908045977,1785286087.0500243
3,5430,0.44739365577697754,0.64571854912764,1785286087.2344155
3,5431,0.6044584512710571,0.6455754241173773,1785286087.452608
3,5432,0.5897418260574341,0.64566163003663,1785286087.6350524
3,5433,0.8325183391571045,0.645661865569273,1785286087.817843
3,5434,0.516152560710907,0.6457762557077625,1785286088.0008495
3,5435,0.6116621494293213,0.6458333333333334,1785286088.2022803
3,5436,0.565213143825531,0.6457764116575592,1785286088.3851402
3,5437,0.9772659540176392,0.6458049113233287,1785286088.5661154
3,5438,0.5238490700721741,0.6458617166212534,1785286088.7598202
3,5439,0.6962867975234985,0.6457766439909297,1785286088.9932122
3,5440,0.7973618507385254,0.6456068840579711,1785286089.1913567
3,5441,0.4708750247955322,0.6456071913161465,1785286089.3808587
3,5442,0.5863886475563049,0.645579268292683,1785286089.5739925
3,5443,0.48204147815704346,0.6456923770861525,1785286089.7640567
3,5444,0.5983732342720032,0.6455518018018018,1785286089.9525275
3,5445,0.5529747009277344,0.6454397210976158,1785286090.1439896
3,5446,0.48467934131622314,0.6455525606469003,1785286090.3442245
3,5447,0.5156700015068054,0.6454127411395244,1785286090.5574183
3,5448,0.5113169550895691,0.6453573028673835,1785286090.7474878
3,5449,0.4558260440826416,0.6453299776286353,1785286090.9560645
3,5450,0.7513988018035889,0.6453585790884718,1785286091.1500096
3,5451,0.4969877004623413,0.6454428826416778,1785286091.3625953
3,5452,0.5984827280044556,0.6456662210338681,1785286091.560942
3,5453,0.5288420915603638,0.6457220738762794,1785286091.7537336
3,5454,0.7411531805992126,0.6457222222222222,1785286091.9791684
3,5455,0.5557461977005005,0.6456391478029294,1785286092.163874
3,5456,0.5359448194503784,0.6456117021276596,1785286092.352223
3,5457,0.6752192378044128,0.6455289951305887,1785286092.535283
3,5458,0.57147216796875,0.6456122900088417,1785286092.7401366
3,5459,0.7862592935562134,0.6455573951434879,1785286092.9858224
3,5460,0.5850766897201538,0.6456128747795414,1785286093.1701183
3,5461,0.603683590888977,0.6457782915015412,1785286093.3527775
3,5462,0.5919199585914612,0.6456409410729991,1785286093.5387797
3,5463,0.5787619352340698,0.6455862977602108,1785286093.7547357
3,5464,0.51396644115448,0.645531798245614,1785286093.9391115
3,5465,0.6326415538787842,0.6455321944809461,1785286094.120401
3,5466,0.5566451549530029,0.6455599300087489,1785286094.30602
3,5467,0.42166852951049805,0.645478374836173,1785286094.5078142
3,5468,0.5912663340568542,0.6453152268760908,1785286094.7064915
3,5469,0.6422668695449829,0.6453703703703704,1785286094.8892806
3,5470,0.48086124658584595,0.6453981723237598,1785286095.071321
3,5471,0.5556080341339111,0.6455345501955672,1785286095.3145368
3,5472,0.3942345082759857,0.6455349392361112,1785286095.5051978
3,5473,0.4492076635360718,0.645670784568704,1785286095.6896574
3,5474,0.578722357749939,0.6456439393939394,1785286095.871829
3,5475,0.6035378575325012,0.6455361003026373,1785286096.1067288
3,5476,0.49790650606155396,0.6456714162348878,1785286096.2923203
3,5477,0.4095221161842346,0.6458333333333334,1785286096.4842744
3,5478,0.526973307132721,0.6459140826873385,1785286096.6675906
3,5479,0.583343505859375,0.6458602150537635,1785286096.8834245
3,5480,0.6905895471572876,0.6459138745704467,1785286097.1014283
3,5481,0.6374382376670837,0.646074646074646,1785286097.2918358
3,5482,0.6091082692146301,0.6460743359040274,1785286097.4807353
3,5483,0.6285269856452942,0.6459937954642704,1785286097.6640723
3,5484,0.6674510836601257,0.6460737179487179,1785286097.8461597
3,5485,0.41757991909980774,0.6460467349551856,1785286098.029003
3,5486,0.500506579875946,0.6460464620630861,1785286098.2208393
3,5487,0.5806106925010681,0.6461260110685398,1785286098.4104712
3,5488,0.609310507774353,0.6459661989795918,1785286098.6026685
3,5489,0.5886303782463074,0.6459925690021231,1785286098.7928433
3,5490,0.5531174540519714,0.6460453774385072,1785286098.9856532
3,5491,0.4978794455528259,0.6460186361711139,1785286099.2195606
3,5492,0.5401355028152466,0.6459126480541455,1785286099.4072187
3,5493,0.6284515857696533,0.6458861427967891,1785286099.5958605
3,5494,0.5413740873336792,0.6459651898734177,1785286099.784684
3,5495,0.658470869064331,0.6458860092709651,1785286100.0480418
3,5496,0.5649433732032776,0.6459648569023569,1785286100.2412362
3,5497,0.7539429664611816,0.6460435056746532,1785286100.4318345
3,5498,0.4640313386917114,0.646095717884131,1785286100.6317635
3,5499,0.44944658875465393,0.6462264150943396,1785286100.8894305
3,5500,0.6097842454910278,0.6462259212730318,1785286101.08034
3,5501,0.7503621578216553,0.6460685905478879,1785286101.2725453
3,5502,0.5007046461105347,0.6461988304093568,1785286101.4574742
3,5503,0.5021497011184692,0.6463548185231539,1785286101.6871157
3,5504,0.6599422693252563,0.6463802083333333,1785286101.8696623
3,5505,0.47870752215385437,0.6464835622138992,1785286102.0505905
3,5506,0.5529155731201172,0.646404821280133,1785286102.2319818
3,5507,0.696476936340332,0.6463262764632628,1785286102.4538453
3,5508,0.5090380907058716,0.6464552238805971,1785286102.6360826
3,5509,0.5986883044242859,0.6464544513457557,1785286102.8213425
3,5510,0.6288775205612183,0.6466604631927213,1785286103.0030432
3,5511,0.5312061309814453,0.646581990912846,1785286103.2394233
3,5512,0.5582577586174011,0.646684199669967,1785286103.423947
3,5513,0.659611701965332,0.6467346518335394,1785286103.6057386
3,5514,0.5685364603996277,0.6466820987654321,1785286103.7875993
3,5515,0.6022557020187378,0.646706740649404,1785286104.0228276
3,5516,0.5803447365760803,0.6465773809523809,1785286104.2183619
3,5517,0.5764845609664917,0.6466020910209103,1785286104.4012694
3,5518,0.6170942783355713,0.646549959049959,1785286104.5847623
3,5519,0.8089542984962463,0.6465235173824131,1785286104.835902
3,5520,0.5519841909408569,0.6465226715686274,1785286105.0202544
3,5521,0.4998551905155182,0.6465728274173806,1785286105.204046
3,5522,0.6383339762687683,0.6465464547677262,1785286105.3886242
3,5523,0.5172156095504761,0.6465710215710215,1785286105.5934436
3,5524,0.591194748878479,0.6465447154471544,1785286105.776177
3,5525,0.6584813594818115,0.6466453511977264,1785286105.9587817
3,5526,0.7334940433502197,0.6466443633414436,1785286106.1429315
3,5527,0.6415287852287292,0.6465927501012556,1785286106.3755627
3,5528,0.6720839142799377,0.6465665453074434,1785286106.558628
3,5529,0.4901735782623291,0.6464646464646465,1785286106.7416165
3,5530,0.4667114019393921,0.6465143260694108,1785286106.9263303
3,5531,0.5586250424385071,0.6465135026199114,1785286107.189745
3,5532,0.5549878478050232,0.6466133252818036,1785286107.3721588
3,5533,0.4104751944541931,0.646738037796542,1785286107.5639684
3,5534,0.6732131242752075,0.646636546184739,1785286107.746913
3,5535,0.5904287695884705,0.6465854392298436,1785286107.9735436
3,5536,0.5862480998039246,0.6465094150641025,1785286108.1724727
3,5537,0.5446023941040039,0.6465836334533813,1785286108.3551717
3,5538,0.6998449563980103,0.6464828137490009,1785286108.5352936
3,5539,0.45229262113571167,0.6466067864271458,1785286108.739636
3,5540,0.6622035503387451,0.6466557017543859,1785286108.93396
3,5541,0.7262235879898071,0.6468040621266428,1785286109.1152222
3,5542,0.6872087717056274,0.6467531821797932,1785286109.2993298
3,5543,0.5980501770973206,0.646826579261025,1785286109.5087125
3,5544,0.5897879600524902,0.6468253968253969,1785286109.6908002
3,5545,0.4628070294857025,0.646923305588585,1785286109.8742418
3,5546,0.5358183979988098,0.6469220110847189,1785286110.0566838
3,5547,0.4528554677963257,0.6470937129300118,1785286110.2759533
3,5548,0.4973437190055847,0.6471415876777251,1785286110.4570434
3,5549,0.5087040662765503,0.6471153846153846,1785286110.6406302
3,5550,0.7001819014549255,0.6470646178092987,1785286110.821423
3,5551,0.5020198822021484,0.64711235733963,1785286111.0594347
3,5552,0.5150116682052612,0.6469634433962265,1785286111.2481866
3,5553,0.5656295418739319,0.6468639575971732,1785286111.4296725
3,5554,0.5511984825134277,0.6468872549019608,1785286111.6126075
3,5555,0.5332182049751282,0.6467636114375245,1785286111.826302
3,5556,0.6151421666145325,0.6467869718309859,1785286112.0090227
3,5557,0.4756432771682739,0.6468835482610394,1785286112.1933815
3,5558,0.6056296825408936,0.6469067135050741,1785286112.376053
3,5559,0.4280683994293213,0.646832358674464,1785286112.6020012
3,5560,0.5606582760810852,0.6469528816199377,1785286112.7857654
3,5561,0.4593578577041626,0.6470731232983274,1785286112.967756
3,5562,0.5649080276489258,0.6470959595959596,1785286113.1526773
3,5563,0.635866641998291,0.6471429957314707,1785286113.4141872
3,5564,0.6521356105804443,0.6471172480620155,1785286113.598083
3,5565,0.5608680248260498,0.64704316686024,1785286113.782672
3,5566,0.6530014276504517,0.6470175947409126,1785286113.9649768
3,5567,0.5616826415061951,0.6470162224797219,1785286114.2120528
3,5568,0.6047877669334412,0.6468942901234568,1785286114.3964906
3,5569,0.44109046459198,0.646868978805395,1785286114.5856736
3,5570,0.5182657837867737,0.647036181678214,1785286114.7686253
3,5571,0.7017987966537476,0.646962706651288,1785286114.9852347
3,5572,0.531182050704956,0.6469134024577573,1785286115.1896021
3,5573,0.49117279052734375,0.6468642117376294,1785286115.3821568
3,5574,0.7847142219543457,0.6467911877394636,1785286115.567613
3,5575,0.7552535533905029,0.6467422502870264,1785286115.7517471
3,5576,0.612975537776947,0.6467412079510704,1785286115.9360685
3,5577,0.7620038390159607,0.6469310805651012,1785286116.1192443
3,5578,0.6308503150939941,0.6469298245614035,1785286116.3140001
3,5579,0.5938032269477844,0.6469761904761905,1785286116.538186
3,5580,0.6361115574836731,0.6470224505327246,1785286116.7480164
3,5581,0.583315372467041,0.6470448498669708,1785286116.9303856
3,5582,0.5213016271591187,0.6470197418375095,1785286117.1376731
3,5583,0.44734513759613037,0.6470657944634054,1785286117.3396163
3,5584,0.6679123044013977,0.6470170454545454,1785286117.522452
3,5585,0.5584074854850769,0.6470629965947786,1785286117.7225144
3,5586,0.685265064239502,0.6470852229780801,1785286117.914808
3,5587,0.5815900564193726,0.6471073990184976,1785286118.0953405
3,5588,0.5953220725059509,0.6469881221719457,1785286118.2790635
3,5589,0.6318432092666626,0.6468926553672316,1785286118.4623857
3,5590,0.589165985584259,0.6469384875846501,1785286118.6459553
3,5591,0.43312767148017883,0.6468432919954904,1785286118.8762987
3,5592,0.48958608508110046,0.6468186936936937,1785286119.0569925
3,5593,0.5420026183128357,0.6468644544431946,1785286119.239581
3,5594,0.5454493761062622,0.6466760299625468,1785286119.4221592
3,5595,0.4833783507347107,0.6466750841750841,1785286119.6730866
3,5596,0.5256210565567017,0.6466274289985052,1785286119.8570392
3,5597,0.6004118919372559,0.6466032101530422,1785286120.0399237
3,5598,0.49735984206199646,0.646695563012677,1785286120.22058
3,5599,0.5645277500152588,0.6466247672253259,1785286120.449462
3,5600,0.5907592177391052,0.6466936383928571,1785286120.6472647
3,5601,0.6016690731048584,0.646692679301375,1785286120.8377855
3,5602,0.5976118445396423,0.6466221232368226,1785286121.0362017
3,5603,0.687492311000824,0.6465285502410085,1785286121.2193005
3,5604,0.6100643873214722,0.6464814814814814,1785286121.403161
3,5605,0.5503000617027283,0.6464576396596374,1785286121.5852494
3,5606,0.5738641023635864,0.6465724316334073,1785286121.777609
3,5607,0.8585816621780396,0.646594684385382,1785286121.9583526
3,5608,0.6801983118057251,0.6466629793510325,1785286122.141686
3,5609,0.5176231861114502,0.6466850828729281,1785286122.3232048
3,5610,0.43024009466171265,0.646638153053716,1785286122.5161567
3,5611,0.742737889289856,0.6466602352076443,1785286122.7376049
3,5612,0.6732268333435059,0.6467281571218796,1785286122.9219162
3,5613,0.6809664368629456,0.6467730106343967,1785286123.1207128
3,5614,0.47444042563438416,0.6468406593406594,1785286123.3023186
3,5615,0.5280576944351196,0.6468624222466154,1785286123.52007
3,5616,0.4117580056190491,0.6469983552631579,1785286123.7042935
3,5617,0.5688238143920898,0.6469058050383352,1785286123.8861825
3,5618,0.7176529765129089,0.6467222830051058,1785286124.0712
3,5619,0.5647579431533813,0.6467896174863388,1785286124.2721148
3,5620,0.428497314453125,0.6468568049490538,1785286124.4579384
3,5621,0.5505208373069763,0.646901126862959,1785286124.6432126
3,5622,0.6954091191291809,0.6469680464778504,1785286124.8451402
3,5623,0.5725072622299194,0.6469214726151614,1785286125.0846272
3,5624,0.7010930776596069,0.6469202898550724,1785286125.2803526
3,5625,0.5545324087142944,0.6468512486427795,1785286125.475158
3,5626,0.62446129322052,0.6468953362255966,1785286125.6703002
3,5627,0.6712969541549683,0.6468490429758036,1785286125.9201345
3,5628,0.773303747177124,0.646780303030303,1785286126.1127105
3,5629,0.5047990083694458,0.6468018018018018,1785286126.3067846
3,5630,0.5507891774177551,0.6468682505399568,1785286126.5004363
3,5631,0.6522436738014221,0.6468671341244157,1785286126.7455204
3,5632,0.46614518761634827,0.6468211206896551,1785286126.937453
3,5633,0.60167396068573,0.6468873340509509,1785286127.1316893
3,5634,0.48441648483276367,0.6469086021505376,1785286127.3261285
3,5635,0.5573158264160156,0.6469074471894021,1785286127.5441751
3,5636,0.8162500262260437,0.6468839413447782,1785286127.7386808
3,5637,0.5602715611457825,0.6468828152911754,1785286127.9475641
3,5638,0.4850544333457947,0.6469039971448965,1785286128.1505206
3,5639,0.6325118541717529,0.646969696969697,1785286128.3414657
3,5640,0.6826369762420654,0.6470129985754985,1785286128.5328376
3,5641,0.4299885928630829,0.6470339736748488,1785286128.7268577
3,5642,0.536561131477356,0.6469438521677328,1785286128.920634
3,5643,0.7472847700119019,0.646964856230032,1785286129.1585836
3,5644,0.6545962691307068,0.6469193262411348,1785286129.3529491
3,5645,0.7080667018890381,0.6468517534537725,1785286129.5822785
3,5646,0.6204110383987427,0.6469170205237085,1785286129.7878504
3,5647,0.6465006470680237,0.6468937787203959,1785286129.9712205
3,5648,0.5893757343292236,0.646870586158192,1785286130.157492
3,5649,0.45247548818588257,0.646847442680776,1785286130.338132
3,5650,0.5027439594268799,0.646912438336857,1785286130.5185437
3,5651,0.606146514415741,0.646779303062302,1785286130.7713032
3,5652,0.6261501312255859,0.6468222573839663,1785286130.9526281
3,5653,0.7132652997970581,0.646821215314366,1785286131.2896202
3,5654,0.4795262813568115,0.6468640350877193,1785286131.4727101
3,5655,0.44648537039756775,0.6469724851033999,1785286131.671765
3,5656,0.8187121748924255,0.6470807072829131,1785286131.8541546
3,5657,0.5919274687767029,0.6470793983910458,1785286132.038105
3,5658,0.6652555465698242,0.6470999301187981,1785286132.2296157
3,5659,0.46616771817207336,0.6471858638743455,1785286132.412015
3,5660,0.44976794719696045,0.6472498256624826,1785286132.599712
3,5661,0.3980286419391632,0.6471830372692442,1785286132.7924063
3,5662,0.7779514789581299,0.6472251217814892,1785286132.9769316
3,5663,0.6139917373657227,0.6472453945081682,1785286133.1597805
3,5664,0.647013247013092,0.6473307291666667,1785286133.345313
3,5665,0.6035013794898987,0.647372528616025,1785286133.5339544
3,5666,0.6956513524055481,0.6473709286209286,1785286133.735058
3,5667,0.7467573881149292,0.6473693319487712,1785286133.9199197
3,5668,0.7860429883003235,0.6473029045643154,1785286134.101886
3,5669,0.49633297324180603,0.6474093264248705,1785286134.284345
3,5670,0.6870183944702148,0.6474723947550034,1785286134.4688177
3,5671,0.7020949125289917,0.6474491554636332,1785286134.698076
3,5672,0.5806570649147034,0.6474259641873278,1785286134.8823686
3,5673,0.7621825933456421,0.6472523219814241,1785286135.0768826
3,5674,0.7780495882034302,0.6472938144329897,1785286135.2752876
3,5675,0.5864434838294983,0.6472279437006523,1785286135.5037189
3,5676,0.620843768119812,0.6472479423868313,1785286135.707004
3,5677,0.6402165293693542,0.6471394313120932,1785286135.890849
3,5678,0.6942305564880371,0.6471167008898016,1785286136.0777867
3,5679,0.7901777029037476,0.6471153846153846,1785286136.3010201
3,5680,0.8400488495826721,0.6471354166666666,1785286136.4979753
3,5681,0.5546116232872009,0.6471554077106789,1785286136.690874
3,5682,0.7063130140304565,0.6471540558963872,1785286136.8742263
3,5683,0.46435704827308655,0.6473229485869936,1785286137.1257563
3,5684,0.6971156597137451,0.6474277210884354,1785286137.310556
3,5685,0.41098514199256897,0.6476172273190621,1785286137.4918835
3,5686,0.5532312989234924,0.6477002715546504,1785286137.6927757
3,5687,1.0536961555480957,0.6476771787046457,1785286137.876359
3,5688,0.5018378496170044,0.6477176490514905,1785286138.0579488
3,5689,0.5225241184234619,0.6476945854483925,1785286138.2405033
3,5690,0.9322134256362915,0.6477560851926978,1785286138.4402146
3,5691,0.5030832886695862,0.6477119216480919,1785286138.622955
3,5692,0.5660970211029053,0.6478154520917678,1785286138.81903
3,5693,0.6701787710189819,0.6477713178294574,1785286139.0003061
3,5694,0.4858303964138031,0.647790404040404,1785286139.1891823
3,5695,0.5678198933601379,0.6479145644130508,1785286139.4186158
3,5696,0.5456291437149048,0.6479334677419355,1785286139.6155047
3,5697,0.5114776492118835,0.647826451829473,1785286139.7983394
3,5698,0.6683253049850464,0.6478244466800804,1785286139.9799924
3,5699,0.7434862852096558,0.6478643216080402,1785286140.2040088
3,5700,0.641373336315155,0.6477576974564926,1785286140.3883252
3,5701,0.9266173839569092,0.6478811434302909,1785286140.5685844
3,5702,0.5406182408332825,0.647753841015364,1785286140.7515664
3,5703,0.49597829580307007,0.6476893560226894,1785286140.9884365
3,5704,0.6692565083503723,0.647625,1785286141.1856985
3,5705,0.6281347274780273,0.6476232101232101,1785286141.366889
3,5706,0.6209477186203003,0.6475798403193613,1785286141.5619402
3,5707,0.640637993812561,0.6475365569956796,1785286141.7683775
3,5708,0.6176471710205078,0.647472609561753,1785286141.9699914
3,5709,0.48492419719696045,0.6474087893864013,1785286142.1523283
3,5710,0.7037392854690552,0.6474486414844268,1785286142.3526564
3,5711,0.53298020362854,0.6475091029460444,1785286142.5337303
3,5712,0.5787181854248047,0.6474661044973545,1785286142.7146018
3,5713,0.5753735303878784,0.6474231912784936,1785286142.8970988
3,5714,0.5743674039840698,0.6474628712871288,1785286143.1013515
3,5715,0.6135929822921753,0.6475024727992087,1785286143.3043666
3,5716,0.7503709197044373,0.6474802371541502,1785286143.5035093
3,5717,0.5767010450363159,0.6475608752879236,1785286143.6864228
3,5718,0.5980832576751709,0.6475797172912557,1785286143.870544
3,5719,0.593214213848114,0.6475164203612479,1785286144.0808458
3,5720,0.5117632746696472,0.6474942585301837,1785286144.263636
3,5721,0.7278384566307068,0.6475131104555883,1785286144.4476895
3,5722,0.596991777420044,0.6474296005239031,1785286144.6402285
3,5723,0.6592186093330383,0.6474280340202814,1785286144.8748097
3,5724,0.5386736392974854,0.6474877450980392,1785286145.0755703
3,5725,0.4810553193092346,0.6474657198824681,1785286145.2674463
3,5726,0.5661464929580688,0.6473825831702544,1785286145.4610038
3,5727,0.6154429912567139,0.6474217986314761,1785286145.6548834
3,5728,0.5527058839797974,0.6474202473958334,1785286145.8458006
3,5729,0.888475239276886,0.6474390243902439,1785286146.0394564
3,5730,0.5018540024757385,0.6474374593892138,1785286146.2305999
3,5731,0.4655953049659729,0.6474967543005518,1785286146.4499993
3,5732,0.6524689793586731,0.6474748702983139,1785286146.6407828
3,5733,0.7496044635772705,0.6474327826368643,1785286146.8316414
3,5734,0.6286405920982361,0.6474919093851133,1785286147.0284615
3,5735,0.7952108383178711,0.6474094730035564,1785286147.2555096
3,5736,0.5021323561668396,0.6474079457364341,1785286147.4470968
3,5737,0.7702194452285767,0.6473459180380768,1785286147.6386502
3,5738,0.6771669387817383,0.6472638620245004,1785286147.8280475
3,5739,0.7797117829322815,0.6472624798711756,1785286148.0413947
3,5740,0.6498320698738098,0.6471203346203346,1785286148.223066
3,5741,0.5355825424194336,0.647119093539055,1785286148.404962
3,5742,0.54647296667099,0.6470576429030186,1785286148.5918024
3,5743,0.613198459148407,0.6470364132178377,1785286148.840687
3,5744,0.5514047145843506,0.6470753205128205,1785286149.0487022
3,5745,0.533453106880188,0.6470541146333654,1785286149.2418554
3,5746,0.5094032287597656,0.6470129558541267,1785286149.4343455
3,5747,0.5719030499458313,0.6469519015659956,1785286149.664294
3,5748,0.5861589908599854,0.6469508301404853,1785286149.8885813
3,5749,0.5259631872177124,0.6469896331738437,1785286150.0795686
3,5750,0.4814698398113251,0.6470283620140217,1785286150.2856126
3,5751,0.5608514547348022,0.6470471187519898,1785286150.4948294
3,5752,0.5534034967422485,0.6470459605597965,1785286150.6855137
3,5753,0.5313001275062561,0.6470050842071814,1785286150.8773386
3,5754,0.6124521493911743,0.6469642857142858,1785286151.070451
3,5755,0.5883805155754089,0.6469235648588646,1785286151.2873383
3,5756,0.5509517192840576,0.6469819391634981,1785286151.4809852
3,5757,0.7027720212936401,0.6470797720797721,1785286151.6734571
3,5758,0.5106089115142822,0.6471378874130297,1785286151.8798692
3,5759,0.6014412641525269,0.6471366508688784,1785286152.094782
3,5760,0.5738844871520996,0.6471946022727273,1785286152.2894619
3,5761,0.6267919540405273,0.6471538946704509,1785286152.4893155
3,5762,0.6065955758094788,0.6471329552614997,1785286152.6809256
3,5763,0.5723814964294434,0.64719074598678,1785286152.9051535
3,5764,1.0723375082015991,0.6472091194968553,1785286153.1139035
3,5765,0.5977309942245483,0.6472863650644046,1785286153.3195539
3,5766,0.6063196659088135,0.6472653797865662,1785286153.5122354
3,5767,0.5238332152366638,0.6473424270931326,1785286153.700831
3,5768,0.45044559240341187,0.6474389097744361,1785286153.885253
3,5769,0.5770953893661499,0.6474178403755868,1785286154.0862923
3,5770,0.5843226909637451,0.6473381801125704,1785286154.2791839
3,5771,0.5607675909996033,0.64716104342393,1785286154.4629858
3,5772,0.5662970542907715,0.647140293383271,1785286154.6472414
3,5773,0.5774272680282593,0.647139070782663,1785286154.8297389
3,5774,0.7834947109222412,0.6470794392523365,1785286155.0292535
3,5775,0.5833389759063721,0.64713663243075,1785286155.2386127
3,5776,0.480535089969635,0.6471937189054726,1785286155.4219124
3,5777,0.5154610276222229,0.6473283628456042,1785286155.6035986
3,5778,0.6755687594413757,0.6472881750465549,1785286155.797974
3,5779,0.6488001942634583,0.6472286821705426,1785286156.0204926
3,5780,0.5805870294570923,0.647227385377943,1785286156.205077
3,5781,0.735674262046814,0.6472841225626741,1785286156.387665
3,5782,0.6036491394042969,0.6473987322201608,1785286156.5901375
3,5783,0.6323120594024658,0.6474358974358975,1785286156.7716687
3,5784,0.5058239102363586,0.6474151234567901,1785286156.9578424
3,5785,0.7116949558258057,0.647490749306198,1785286157.139686
3,5786,0.7447070479393005,0.6475277264325323,1785286157.3247552
3,5787,0.6038559675216675,0.6475069252077562,1785286157.5628734
3,5788,0.6211816072463989,0.6474861623616236,1785286157.7617948
3,5789,0.46436622738838196,0.6475230414746543,1785286157.9446049
3,5790,0.5972496867179871,0.6474639349294046,1785286158.1613348
3,5791,0.46591296792030334,0.6474432689359092,1785286158.3538814
3,5792,0.45864158868789673,0.6474417892156863,1785286158.547363
3,5793,0.7339909672737122,0.6474594429139884,1785286158.7409785
3,5794,0.6729941964149475,0.6475535168195719,1785286158.931836
3,5795,0.6641165614128113,0.6474755575924228,1785286159.1899264
3,5796,0.6468284130096436,0.6475694444444444,1785286159.3812487
3,5797,0.43073225021362305,0.6477012808783166,1785286159.5719244
3,5798,0.5606958866119385,0.6476805301645339,1785286159.7788208
3,5799,0.5294599533081055,0.6477359208523592,1785286160.005079
3,5800,0.532384991645813,0.647753193430657,1785286160.2049396
3,5801,0.7021814584732056,0.647732452142206,1785286160.3966067
3,5802,0.5677793025970459,0.6477876442015786,1785286160.5876317
3,5803,0.5618557929992676,0.6478427358204428,1785286160.8252652
3,5804,0.6074399948120117,0.6478409090909091,1785286161.016433
3,5805,0.5390390157699585,0.647914774447472,1785286161.2248056
3,5806,0.5001496076583862,0.6479885057471264,1785286161.4160063
3,5807,0.6137254238128662,0.6479298881837413,1785286161.6695473
3,5808,0.5467619895935059,0.6478902475845411,1785286161.8618972
3,5809,0.6876580715179443,0.647869532428356,1785286162.0550442
3,5810,0.6852555274963379,0.6477169981916817,1785286162.2579243
3,5811,0.6132056713104248,0.6477152965974105,1785286162.449741
3,5812,0.4345444142818451,0.6476759927797834,1785286162.6534252
3,5813,0.5085013508796692,0.6477306883077848,1785286162.8464937
3,5814,0.5113420486450195,0.647728978978979,1785286163.0512533
3,5815,0.6563539505004883,0.6476522652265226,1785286163.2446494
3,5816,0.8152118921279907,0.6476880995203836,1785286163.4486158
3,5817,0.5218067765235901,0.647667714884696,1785286163.6411617
3,5818,0.5508813261985779,0.6477595751047277,1785286163.8326898
3,5819,0.6120901703834534,0.6477204783258594,1785286164.0758214
3,5820,0.5408628582954407,0.6478121266427718,1785286164.2667637
3,5821,0.5481311678886414,0.6478663085646076,1785286164.4569602
3,5822,0.5048195719718933,0.6478458556946929,1785286164.6500015
3,5823,0.5245494246482849,0.647899910634495,1785286164.9033315
3,5824,0.670393168926239,0.6478980654761904,1785286165.095996
3,5825,0.5754685401916504,0.6478590544157002,1785286165.287324
3,5826,0.4835505187511444,0.647894385026738,1785286165.4805534
3,5827,0.5304455757141113,0.6478925497180172,1785286165.697597
3,5828,0.4494066834449768,0.6478721826809015,1785286165.8888972
3,5829,0.47095227241516113,0.6479074074074074,1785286166.0816965
3,5830,0.5742900967597961,0.6479240674955595,1785286166.2678938
3,5831,0.6235879063606262,0.6479406980183378,1785286166.4897285
3,5832,0.5756635665893555,0.647901891252955,1785286166.6912284
3,5833,0.5204379558563232,0.6478816061411279,1785286166.8755393
3,5834,0.5675736665725708,0.6478429203539823,1785286167.0915365
3,5835,0.6851937174797058,0.6477490421455939,1785286167.2885215
3,5836,0.6079747676849365,0.6478025618374559,1785286167.4778924
3,5837,0.6565831303596497,0.6478008237716976,1785286167.6628122
3,5838,0.6328193545341492,0.6477256025867137,1785286167.8456576
3,5839,0.733829915523529,0.647852422907489,1785286168.086155
3,5840,0.6069203019142151,0.6477772887323944,1785286168.2698584
3,5841,0.5815895795822144,0.6477572559366754,1785286168.4643352
3,5842,0.6403986215591431,0.6477189513766842,1785286168.6448636
3,5843,0.7231066226959229,0.6476258413813286,1785286168.8272614
3,5844,0.7179235219955444,0.6476608187134503,1785286169.01253
3,5845,0.5746362805366516,0.6476409582237803,1785286169.1964583
3,5846,0.5347095131874084,0.6476211325160537,1785286169.3848457
3,5847,0.734691321849823,0.6475648877223681,1785286169.614802
3,5848,0.5829106569290161,0.6474723193473193,1785286169.7995503
3,5849,0.6579388380050659,0.6474344978165939,1785286169.9920444
3,5850,0.8223580121994019,0.6474331006399069,1785286170.1877313
3,5851,0.4699334502220154,0.6474680325486777,1785286170.4094884
3,5852,0.6210920810699463,0.6474484610917538,1785286170.6372302
3,5853,0.6291179060935974,0.6474107919930374,1785286170.829395
3,5854,0.4448595345020294,0.647409420289855,1785286171.0271027
3,5855,0.5316092371940613,0.6473899507674485,1785286171.2191455
3,5856,0.575812578201294,0.6474247685185185,1785286171.4267554
3,5857,0.49157649278640747,0.6474775946805436,1785286171.6194146
3,5858,0.6755354404449463,0.6474581166955518,1785286171.832006
3,5859,0.7367228865623474,0.647492784992785,1785286172.02459
3,5860,0.5984562039375305,0.6474733275663207,1785286172.2258914
3,5861,0.5660158395767212,0.6475259291270528,1785286172.418332
3,5862,0.6833930015563965,0.6475064766839378,1785286172.6101089
3,5863,0.5725525617599487,0.6475769341386253,1785286172.840259
3,5864,0.5552164316177368,0.6474856321839081,1785286173.0325115
3,5865,0.518385648727417,0.6475380419178869,1785286173.2415981
3,5866,0.6049622297286987,0.6475903614457831,1785286173.4504511
3,5867,0.510210394859314,0.6475888506735454,1785286173.6426752
3,5868,0.6259772777557373,0.6475515463917526,1785286173.8361285
3,5869,0.6445054411888123,0.6474070100143061,1785286174.0300162
3,5870,0.5659995675086975,0.6474771297884505,1785286174.2220674
3,5871,0.5018819570541382,0.6475649814338761,1785286174.4534457
3,5872,0.6618630290031433,0.6475634988584474,1785286174.6378987
3,5873,0.7331343293190002,0.6475798403193613,1785286174.8225145
3,5874,0.555946409702301,0.6475605413105413,1785286175.0046108
3,5875,0.627612292766571,0.647487902077996,1785286175.2600152
3,5876,0.5137271881103516,0.6475398179749715,1785286175.4450474
3,5877,0.6645723581314087,0.6475206024438761,1785286175.6286263
3,5878,0.6028547883033752,0.6474659284497445,1785286175.8175552
3,5879,0.5072620511054993,0.6474822695035461,1785286176.0270562
3,5880,0.5873926281929016,0.6473922902494331,1785286176.2193613
3,5881,0.6221691370010376,0.6474440668365902,1785286176.4096026
3,5882,0.5751672387123108,0.6474250141482739,1785286176.5993152
3,5883,0.6151896119117737,0.6473176420695504,1785286176.8706105
3,5884,0.7433832883834839,0.647316384180791,1785286177.0601845
3,5885,0.6640087962150574,0.6473856900931414,1785286177.251957
3,5886,0.5118185877799988,0.647419627749577,1785286177.4452858
3,5887,0.6186949610710144,0.6473830656522964,1785286177.6900122
3,5888,0.4537753760814667,0.6474521396396397,1785286177.8791838
3,5889,0.5177213549613953,0.6475210970464135,1785286178.0687277
3,5890,0.5294123291969299,0.6475196739741428,1785286178.2603214
3,5891,0.6141796112060547,0.647518253299635,1785286178.478046
3,5892,0.5882476568222046,0.6475694444444444,1785286178.6669762
3,5893,0.5176210999488831,0.6476555929352397,1785286178.8590453
3,5894,0.6170012950897217,0.6477591036414566,1785286179.049464
3,5895,0.5074412822723389,0.647774979009236,1785286179.287086
3,5896,0.573143720626831,0.6477558724832215,1785286179.4962895
3,5897,0.8401147127151489,0.647684409052808,1785286179.6877832
3,5898,0.5840145349502563,0.647787548855388,1785286179.886772
3,5899,0.596889317035675,0.6477859135285914,1785286180.0692048
3,5900,0.4842638075351715,0.6477320234113713,1785286180.2519727
3,5901,0.7112727165222168,0.6477130325814536,1785286180.434751
3,5902,0.45237836241722107,0.6475897328881469,1785286180.6177516
3,5903,0.5007151961326599,0.6477272727272727,1785286180.8369584
3,5904,0.5671430826187134,0.6477430555555556,1785286181.020054
3,5905,0.560727059841156,0.6477935054121565,1785286181.201112
3,5906,0.6132625341415405,0.6478092068774265,1785286181.3820987
3,5907,0.5131495594978333,0.6478075644222776,1785286181.6365488
3,5908,0.46414676308631897,0.6479270487264673,1785286181.82069
3,5909,0.5619791746139526,0.6478734439834025,1785286182.0102975
3,5910,0.6322315335273743,0.6479926755113322,1785286182.194734
3,5911,0.575886607170105,0.6480081469207402,1785286182.376542
3,5912,0.5208321809768677,0.6479201158940397,1785286182.560184
3,5913,0.5402930974960327,0.6480045492142267,1785286182.740315
3,5914,0.606793999671936,0.6479338842975206,1785286182.9255097
3,5915,0.5754638910293579,0.6479321497385081,1785286183.1287875
3,5916,0.5634260177612305,0.6478960396039604,1785286183.3171656
3,5917,0.590438961982727,0.6480145644407804,1785286183.4998732
3,5918,0.5251268148422241,0.6479784459088413,1785286183.6891842
3,5919,0.5603206753730774,0.6480109739368999,1785286183.896558
3,5920,0.5823023915290833,0.6479406524122807,1785286184.0798383
3,5921,0.5798195600509644,0.647956039441249,1785286184.2649777
3,5922,0.6224495768547058,0.6479885057471264,1785286184.4545262
3,5923,0.5363454222679138,0.6479867377631938,1785286184.6792297
3,5924,0.7417752742767334,0.6480703551912569,1785286184.8735096
3,5925,0.6549785137176514,0.648034398034398,1785286185.0584297
3,5926,0.5228455662727356,0.6480496453900709,1785286185.242147
3,5927,0.6902998685836792,0.6480478331970564,1785286185.4604273
3,5928,0.563852071762085,0.6479779411764706,1785286185.6424925
3,5929,0.624918520450592,0.6479591836734694,1785286185.8248043
3,5930,0.47352302074432373,0.6479404567699837,1785286186.0094118
3,5931,0.645342230796814,0.6480066558000543,1785286186.2655013
3,5932,0.544318675994873,0.647953990228013,1785286186.4499865
3,5933,0.5740929245948792,0.6480200705180363,1785286186.6421597
3,5934,0.5941705703735352,0.6479844173441734,1785286186.8263795
3,5935,0.650138795375824,0.6479657460059572,1785286187.0865695
3,5936,0.5807787179946899,0.6479640151515151,1785286187.2789638
3,5937,0.8215625286102295,0.6478947012706137,1785286187.484496
3,5938,0.5669613480567932,0.6478592652620205,1785286187.696361
3,5939,0.4923636019229889,0.6479251012145749,1785286187.8819983
3,5940,0.875185489654541,0.6479065533980582,1785286188.0719483
3,5941,0.4780239462852478,0.6478711937483158,1785286188.2559686
3,5942,0.5100964307785034,0.6478358912224017,1785286188.445568
3,5943,0.5940547585487366,0.647716572504708,1785286188.7115996
3,5944,0.5428574085235596,0.6477150537634409,1785286188.9045355
3,5945,0.5740461349487305,0.6476799623959173,1785286189.095652
3,5946,0.7231256365776062,0.6476952495974235,1785286189.2871907
3,5947,0.4905129075050354,0.6476769911504425,1785286189.5304017
3,5948,0.6537601947784424,0.6477257502679529,1785286189.7284396
3,5949,0.5337864756584167,0.6477409638554217,1785286189.9362788
3,5950,0.5178162455558777,0.6475220706260032,1785286190.1491954
3,5951,0.6407026052474976,0.6475207163859931,1785286190.3433504
3,5952,0.6164237260818481,0.6475360576923077,1785286190.5366347
3,5953,0.49026474356651306,0.6475513744328797,1785286190.731154
3,5954,0.6054328083992004,0.6475666666666666,1785286190.9234922
3,5955,0.636104166507721,0.647615241140421,1785286191.1348467
3,5956,0.6281609535217285,0.6476138178913738,1785286191.326123
3,5957,0.5863498449325562,0.647595770151636,1785286191.5185874
3,5958,0.6501260995864868,0.6475279106858054,1785286191.7126777
3,5959,0.692815899848938,0.6474435590969455,1785286191.9264343
3,5960,0.5144454836845398,0.6474920382165605,1785286192.1480649
3,5961,0.5423616170883179,0.6475901617608062,1785286192.3540964
3,5962,0.5638346672058105,0.6476384472708002,1785286192.5349376
3,5963,0.5199987888336182,0.647537728355838,1785286192.7164998
3,5964,0.46573400497436523,0.6475694444444444,1785286192.9109154
3,5965,0.5206559896469116,0.6476837166270156,1785286193.1047418
3,5966,0.7068955898284912,0.6476657422081352,1785286193.2981203
3,5967,0.6650954484939575,0.647697281604645,1785286193.5226486
3,5968,0.4450284540653229,0.6477617352320675,1785286193.7360642
3,5969,0.7887287139892578,0.6477602108036891,1785286193.930408
3,5970,0.4660510718822479,0.6477586887835703,1785286194.1394482
3,5971,0.4964342713356018,0.6477900552486188,1785286194.3318686
3,5972,0.5981041789054871,0.6477556519453207,1785286194.5269682
3,5973,0.47562161087989807,0.6477705542421854,1785286194.717913
3,5974,0.6352078914642334,0.6477198162729659,1785286194.9123166
3,5975,0.47601792216300964,0.6478002884867559,1785286195.1707582
3,5976,0.5423461198806763,0.6478151205450734,1785286195.3652296
3,5977,0.5984256267547607,0.6478299293008641,1785286195.5572693
3,5978,0.43293726444244385,0.6478610675039247,1785286195.7521405
3,5979,0.6817476749420166,0.6477941176470589,1785286195.9486897
3,5980,0.7403534650802612,0.6477435997910136,1785286196.1409526
3,5981,0.4049631953239441,0.6477584181675803,1785286196.3310153
3,5982,0.5648282766342163,0.6477406103286385,1785286196.5335138
3,5983,0.6591528058052063,0.6478368517070628,1785286196.7484639
3,5984,0.6623159646987915,0.6478190104166667,1785286196.9394286
3,5985,0.49037569761276245,0.6479963570127505,1785286197.1300008
3,5986,0.6562528610229492,0.6480596723868954,1785286197.332282
3,5987,0.8163895606994629,0.648122889062094,1785286197.5861616
3,5988,0.5183242559432983,0.648088655244029,1785286197.7805572
3,5989,0.5653923749923706,0.6480869001297017,1785286197.9724295
3,5990,0.5627807378768921,0.6480851477449455,1785286198.1855965
3,5991,0.5080203413963318,0.6480672105672106,1785286198.3768532
3,5992,0.5254695415496826,0.6481140010351967,1785286198.5685322
3,5993,0.5002120137214661,0.648176881303336,1785286198.7622426
3,5994,0.5493974089622498,0.6481104651162791,1785286198.9571233
3,5995,0.547638475894928,0.6481409759876066,1785286199.1918368
3,5996,0.7070246934890747,0.648171439628483,1785286199.3977888
3,5997,0.6359813213348389,0.6481696313482856,1785286199.589658
3,5998,0.6570842862129211,0.6480390262751159,1785286199.7814794
3,5999,0.5393074750900269,0.6480373230373231,1785286199.9738276
3,6000,0.5118380188941956,0.6480034722222222,1785286200.165078
3,6001,0.6670592427253723,0.6480339244410177,1785286200.3565714
3,6002,0.6114187240600586,0.6481124807395994,1785286200.538848
3,6003,0.704221248626709,0.6480465742879138,1785286200.7727554
3,6004,0.45702460408210754,0.6481089743589744,1785286200.9640226
3,6005,0.5932886600494385,0.6481072252113759,1785286201.1525865
3,6006,0.5993213653564453,0.6481854838709677,1785286201.341932
3,6007,0.6321264505386353,0.6482156561780507,1785286201.5796375
3,6008,0.6348785161972046,0.6482617586912065,1785286201.7695305
3,6009,0.4404143989086151,0.6482598978288634,1785286201.9757433
3,6010,0.5146902203559875,0.6484016079632465,1785286202.1812105
3,6011,0.5405590534210205,0.6484155827595002,1785286202.374215
3,6012,0.5712350010871887,0.6485091743119266,1785286202.5670452
3,6013,0.6826920509338379,0.648538961038961,1785286202.7715187
3,6014,0.5813571810722351,0.6484891857506361,1785286202.9625862
3,6015,0.5564371347427368,0.6485507246376812,1785286203.1882124
3,6016,0.5554352402687073,0.6485010162601627,1785286203.3966086
3,6017,0.6264479160308838,0.6485465854277735,1785286203.5907447
3,6018,0.4826768934726715,0.6485603754439371,1785286203.7827678
3,6019,0.6206295490264893,0.6484949302915083,1785286204.0048244
3,6020,0.6194183826446533,0.6484929078014184,1785286204.1956527
3,6021,0.6356741786003113,0.648538344722855,1785286204.3880963
3,6022,0.6757293939590454,0.6486311330298432,1785286204.577113
3,6023,0.6476813554763794,0.6487553702299722,1785286204.7954514
3,6024,0.6692773103713989,0.6487215909090909,1785286204.987325
3,6025,0.5800193548202515,0.6487194044915469,1785286205.178029
3,6026,0.5391550064086914,0.6487172213817448,1785286205.373006
3,6027,0.5826507806777954,0.6487622826908541,1785286205.5900598
3,6028,0.39149901270866394,0.648838746223565,1785286205.8001769
3,6029,0.7395446300506592,0.6488207547169811,1785286205.993495
3,6030,0.6425459384918213,0.6487713675213675,1785286206.1857445
3,6031,0.5617457628250122,0.648784853051997,1785286206.3989155
3,6032,0.5522417426109314,0.6487826305220884,1785286206.5902724
3,6033,0.5632187128067017,0.6487960872836719,1785286206.7801886
3,6034,0.6637361645698547,0.6487468671679198,1785286206.9701161
3,6035,0.5010111331939697,0.6488072877535688,1785286207.2014139
3,6036,0.5141849517822266,0.6488363363363363,1785286207.3979511
3,6037,0.7681059837341309,0.6488653413353338,1785286207.600236
3,6038,0.6028157472610474,0.6488474512743628,1785286207.7925396
3,6039,0.6568167805671692,0.6488139825218477,1785286208.0169835
3,6040,0.6236706972122192,0.648749376247505,1785286208.2105198
3,6041,0.5734838843345642,0.6487160309149838,1785286208.427849
3,6042,0.4578877091407776,0.6487605879422023,1785286208.6237428
3,6043,0.6082667708396912,0.6488828727906398,1785286208.8141232
3,6044,0.48972734808921814,0.6488805970149254,1785286209.0038083
3,6045,0.5681347846984863,0.6487385036042754,1785286209.1967309
3,6046,0.5650436878204346,0.6487518628912071,1785286209.3926382
3,6047,0.7003195881843567,0.6488117398858277,1785286209.607859
3,6048,0.5433098077774048,0.6488560267857143,1785286209.813565
3,6049,0.6224164962768555,0.6488537794299876,1785286210.0042539
3,6050,0.6389365196228027,0.6489134472511144,1785286210.1942122
3,6051,0.5327094793319702,0.6489575600098986,1785286210.462631
3,6052,0.43865641951560974,0.6490479723046488,1785286210.659217
3,6053,0.7031530141830444,0.6489065974796145,1785286210.8505616
3,6054,0.6313398480415344,0.6489197530864198,1785286211.0594413
3,6055,0.6922978162765503,0.6489174685418209,1785286211.2940602
3,6056,0.5460226535797119,0.6489305966469427,1785286211.4864228
3,6057,0.6845974326133728,0.6488513180586352,1785286211.6801183
3,6058,0.5987962484359741,0.648833702609552,1785286211.8743987
3,6059,0.9357315301895142,0.6487546125461254,1785286212.1064606
3,6060,0.5749010443687439,0.6487678220255654,1785286212.3074358
3,6061,0.801383912563324,0.6487656595431098,1785286212.5005069
3,6062,0.5259474515914917,0.648763500245459,1785286212.6944091
3,6063,0.65608811378479,0.6488686534216336,1785286212.907543
3,6064,0.5441473126411438,0.6488817401960785,1785286213.1178317
3,6065,0.6490355134010315,0.6489101151114377,1785286213.320515
3,6066,0.5558639168739319,0.6489384483602545,1785286213.511379
3,6067,0.7045667171478271,0.6488444607483492,1785286213.7038887
3,6068,0.6269645094871521,0.6488575268817204,1785286213.913575
3,6069,0.7653663158416748,0.6488400488400489,1785286214.123662
3,6070,0.6215299367904663,0.6488683504148365,1785286214.3154213
3,6071,0.5941054224967957,0.6488966105827847,1785286214.507616
3,6072,0.5341755151748657,0.6489096003898636,1785286214.7009525
3,6073,0.5512629747390747,0.6489225712198685,1785286214.8990688
3,6074,0.528818666934967,0.6489203163017032,1785286215.0842018
3,6075,0.5170319676399231,0.6489332603938731,1785286215.2664263
3,6076,0.6241770386695862,0.6490676627793974,1785286215.448119
3,6077,0.5295825004577637,0.6491108278708424,1785286215.631507
3,6078,0.5532732605934143,0.6492145803008248,1785286215.829759
3,6079,0.706520676612854,0.6492121212121212,1785286216.0440392
3,6080,0.5417672395706177,0.6491945251937985,1785286216.2257636
3,6081,0.5272393226623535,0.6491769547325102,1785286216.4106805
3,6082,0.4951397776603699,0.6491594097726173,1785286216.6049974
3,6083,0.56452476978302,0.6491267826927726,1785286216.8329804
3,6084,0.5503087639808655,0.6491696859903382,1785286217.0153604
3,6085,0.5004193782806396,0.6491220130340333,1785286217.198001
3,6086,0.5167399644851685,0.6491196333815726,1785286217.3806522
3,6087,0.7194799780845642,0.6491323210412148,1785286217.631022
3,6088,0.5857453942298889,0.6492353082851637,1785286217.8156247
3,6089,0.49006524682044983,0.6492779783393502,1785286218.016449
3,6090,0.4896808862686157,0.6493205868205868,1785286218.2110572
3,6091,0.7093626856803894,0.6493330930064888,1785286218.3946195
3,6092,0.560209333896637,0.6493605907780979,1785286218.5919673
3,6093,0.5585510730743408,0.6494180465562756,1785286218.7749047
3,6094,0.610355019569397,0.6494304556354916,1785286218.971611
3,6095,0.8089919090270996,0.6493979151689432,1785286219.154703
3,6096,0.6161034107208252,0.6494552203065134,1785286219.3387637
3,6097,0.6319217681884766,0.6494974874371859,1785286219.5220773
3,6098,0.5109657049179077,0.6494799139167863,1785286219.714269
3,6099,0.5425152778625488,0.6495221027479092,1785286219.932949
3,6100,0.5268669724464417,0.6494299188156638,1785286220.1146
3,6101,0.39915087819099426,0.649382605583393,1785286220.295681
3,6102,0.821713924407959,0.6494545779685265,1785286220.4784515
3,6103,0.5057178735733032,0.6494222063378604,1785286220.7295067
3,6104,0.6952697038650513,0.6494345238095238,1785286220.9220138
3,6105,0.5907545685768127,0.6494022127052106,1785286221.1038172
3,6106,0.5050731301307678,0.6494739657631954,1785286221.2864938
3,6107,0.615332305431366,0.6494565217391305,1785286221.500363
3,6108,0.44907471537590027,0.6494836182336182,1785286221.684801
3,6109,0.7536575794219971,0.6494513641755635,1785286221.8881063
3,6110,0.6545387506484985,0.6494043385490754,1785286222.0791075
3,6111,0.5943212509155273,0.6495054489457475,1785286222.2624063
3,6112,0.3621450960636139,0.6495324337121212,1785286222.4476588
3,6113,0.7092851400375366,0.6495150224745683,1785286222.6305223
3,6114,0.4929625988006592,0.6495862884160757,1785286222.8191352
3,6115,0.5405018329620361,0.6495836286321758,1785286223.0022726
3,6116,0.5118213891983032,0.6495662181303116,1785286223.2035494
3,6117,0.5925873517990112,0.6495340882283558,1785286223.386841
3,6118,0.6744281053543091,0.6495904054691184,1785286223.5877266
3,6119,0.5549415946006775,0.6495141342756183,1785286223.771165
3,6120,0.5632525682449341,0.6495556732580038,1785286223.9539807
3,6121,0.6697845458984375,0.6495824511879558,1785286224.1369085
3,6122,0.7420209050178528,0.6496091913493183,1785286224.3313432
3,6123,0.5529153943061829,0.6496065304204839,1785286224.5537033
3,6124,0.6158990859985352,0.6496038732394366,1785286224.7551441
3,6125,0.5698277354240417,0.6496305418719212,1785286224.9389296
3,6126,0.5704431533813477,0.6496132208157525,1785286225.1227908
3,6127,0.5757520198822021,0.6495959241040056,1785286225.328595
3,6128,0.5945582985877991,0.6496371722846442,1785286225.5135245
3,6129,0.5687413215637207,0.6496929824561404,1785286225.6958344
3,6130,0.6202314496040344,0.6496756661991585,1785286225.8798883
3,6131,0.5770039558410645,0.6497313711749592,1785286226.1296701
3,6132,0.7636372447013855,0.6496265172735761,1785286226.3256958
3,6133,0.39240720868110657,0.6495801259622114,1785286226.52706
3,6134,0.6792362928390503,0.6495046620046621,1785286226.7116673
3,6135,0.6938440203666687,0.6495603307710226,1785286226.8974743
3,6136,0.8821089267730713,0.6494849860335196,1785286227.1047454
3,6137,0.6917088031768799,0.6493661316585252,1785286227.2889235
3,6138,0.5087246894836426,0.6493491399349139,1785286227.475365
3,6139,0.6827911138534546,0.6493466898954704,1785286227.660826
3,6140,0.5794119834899902,0.649416782729805,1785286227.8589928
3,6141,0.607177734375,0.6494142890280677,1785286228.0454547
3,6142,0.5764380693435669,0.6493828233657858,1785286228.2342722
3,6143,0.6262015104293823,0.6493514014361825,1785286228.4179673
3,6144,0.45655950903892517,0.6493634259259259,1785286228.6012094
3,6145,0.536301851272583,0.6493465186213278,1785286228.7855027
3,6146,0.6450671553611755,0.6493007397133611,1785286228.968704
3,6147,0.4438204765319824,0.6493272118272119,1785286229.1977062
3,6148,1.0007128715515137,0.6493680747922438,1785286229.3983502
3,6149,0.5994709134101868,0.64939446366782,1785286229.580928
3,6150,0.6205778121948242,0.6494640387275242,1785286229.7788353
3,6151,0.578177809715271,0.6495047224141903,1785286229.9609592
3,6152,0.6954394578933716,0.6495309622467772,1785286230.1450362
3,6153,0.5534188151359558,0.6496002990568208,1785286230.32617
3,6154,0.5111332535743713,0.6495545977011494,1785286230.5116496
3,6155,0.4837610423564911,0.6495807489087986,1785286230.717072
3,6156,0.6794270277023315,0.6496068640955005,1785286230.8991156
3,6157,0.5654858350753784,0.6496186051846754,1785286231.0829496
3,6158,0.5676313638687134,0.6496733149931224,1785286231.2648573
3,6159,0.595622181892395,0.6496563573883162,1785286231.4949381
3,6160,0.5284538269042969,0.6496108058608059,1785286231.6877282
3,6161,0.5935724973678589,0.6495939144360559,1785286231.87978
3,6162,0.5950205326080322,0.6496913580246914,1785286232.0914924
3,6163,0.40049058198928833,0.6496458761708933,1785286232.353085
3,6164,0.579426109790802,0.6496575342465754,1785286232.5479295
3,6165,0.5162897109985352,0.6496976956422542,1785286232.7324483
3,6166,0.7520009279251099,0.6497378020975833,1785286232.9168856
3,6167,0.6218339800834656,0.6496639325586694,1785286233.1919763
3,6168,0.5413171052932739,0.6496613160291439,1785286233.372826
3,6169,0.6728858351707458,0.6496587030716724,1785286233.570548
3,6170,0.5417236089706421,0.6496703046839473,1785286233.7540596
3,6171,0.8153930306434631,0.6496676891615542,1785286233.9395347
3,6172,0.5449329018592834,0.649608310626703,1785286234.1219227
3,6173,0.5078657865524292,0.6495915588835943,1785286234.3203883
3,6174,0.655773401260376,0.6495181405895691,1785286234.510815
3,6175,0.6434264183044434,0.6495864491275776,1785286234.7392237
3,6176,0.5195316076278687,0.649612205615942,1785286234.9459538
3,6177,0.624391496181488,0.6495247793618466,1785286235.15025
3,6178,0.5686976313591003,0.6495929443690638,1785286235.3505757
3,6179,0.5415064096450806,0.6495762711864407,1785286235.5368435
3,6180,0.6882259845733643,0.649559620596206,1785286235.7313433
3,6181,0.4856744706630707,0.6495994132250057,1785286235.9230974
3,6182,0.5977325439453125,0.6495263870094723,1785286236.1129532
3,6183,0.5512076616287231,0.649481631733153,1785286236.325983
3,6184,0.5689599514007568,0.6494791666666667,1785286236.5163102
3,6185,0.5713291764259338,0.6495329732162953,1785286236.711441
3,6186,0.6104439496994019,0.6495445344129555,1785286236.9182327
3,6187,0.8026458024978638,0.649527983816588,1785286237.1407175
3,6188,0.627024233341217,0.6495395327942498,1785286237.3552077
3,6189,0.4505418539047241,0.6495931537598204,1785286237.548145
3,6190,0.5477345585823059,0.6496186630776133,1785286237.7409666
3,6191,0.6258414387702942,0.649644138085631,1785286237.9344513
3,6192,0.5147210955619812,0.649683579749104,1785286238.1296866
3,6193,0.6491945385932922,0.6496110364898142,1785286238.3232546
3,6194,0.5496695637702942,0.649650447427293,1785286238.5330317
3,6195,0.6560477018356323,0.649661860049184,1785286238.7471902
3,6196,0.7197533845901489,0.6496732573726541,1785286238.961591
3,6197,0.559628963470459,0.6496288233980799,1785286239.1501188
3,6198,0.6377076506614685,0.649584448906738,1785286239.332043
3,6199,0.5117538571357727,0.649623745819398,1785286239.5425298
3,6200,0.6997162699699402,0.6495933600713012,1785286239.7447393
3,6201,0.5633927583694458,0.6496465152527277,1785286239.9277108
3,6202,0.5743076205253601,0.6496439697374277,1785286240.1087828
3,6203,0.6229942440986633,0.6496414276184123,1785286240.331652
3,6204,0.6393083930015564,0.6496111111111111,1785286240.5281203
3,6205,0.5255399942398071,0.6496224739062847,1785286240.7111144
3,6206,0.5592085123062134,0.6495367288060364,1785286240.899566
3,6207,0.6292037963867188,0.6495481259702817,1785286241.082733
3,6208,0.6070011854171753,0.649573359929078,1785286241.281284
3,6209,0.5835698843002319,0.6495570321151717,1785286241.4622006
3,6210,0.4400674104690552,0.6495545595396193,1785286241.647643
3,6211,0.5624948143959045,0.6496488608714887,1785286241.8564494
3,6212,0.5516613125801086,0.6496325154730327,1785286242.0469015
3,6213,0.590914249420166,0.6496161917384582,1785286242.230327
3,6214,0.6156085133552551,0.6496136865342164,1785286242.4389694
3,6215,0.6258174777030945,0.6495836090889036,1785286242.6219833
3,6216,0.6078973412513733,0.6495260141093474,1785286242.8072135
3,6217,0.6126885414123535,0.6495235734743335,1785286242.9882445
3,6218,0.635095477104187,0.6495073756054601,1785286243.177912
3,6219,0.5270786285400391,0.649518701870187,1785286243.3950036
3,6220,0.5213992595672607,0.6494887862796834,1785286243.5850213
3,6221,0.5762242674827576,0.6494589101296419,1785286243.7676206
3,6222,0.7888030409812927,0.64941534914361,1785286243.9487565
3,6223,0.5915223360061646,0.6493581303489138,1785286244.168346
3,6224,0.6122661232948303,0.6493146929824561,1785286244.3533816
3,6225,0.49718910455703735,0.6493808897655051,1785286244.5378256
3,6226,0.5635847449302673,0.6494059351730179,1785286244.7204685
3,6227,0.6061513423919678,0.649376231122784,1785286244.943005
3,6228,0.5010476112365723,0.6493739063867017,1785286245.1271544
3,6229,0.6723021268844604,0.6493989071038251,1785286245.309186
3,6230,0.5740008354187012,0.6494102228047182,1785286245.4942923
3,6231,0.4433179795742035,0.6493669504475006,1785286245.791876
3,6232,0.6138607859611511,0.6494328097731239,1785286245.9746442
3,6233,0.48181235790252686,0.6494440810987574,1785286246.1576543
3,6234,0.4470726251602173,0.6493872549019608,1785286246.3416355
3,6235,0.5348173379898071,0.6493849335946005,1785286246.589491
3,6236,0.9242910146713257,0.6492874238468234,1785286246.7768502
3,6237,0.5567049384117126,0.64925799086758,1785286246.9613888
3,6238,0.6250880360603333,0.6492557583659279,1785286247.1464722
3,6239,0.479500949382782,0.6492128121606949,1785286247.3310277
3,6240,0.5411344170570374,0.6491970486111112,1785286247.5162058
3,6241,0.4837919771671295,0.6491541964866623,1785286247.7009947
3,6242,0.5129489302635193,0.6491791287386216,1785286247.8849828
3,6243,0.6127178072929382,0.6491769547325102,1785286248.0955014
3,6244,0.4877869486808777,0.6492153679653679,1785286248.2799127
3,6245,0.8662182092666626,0.6492402119835604,1785286248.468615
3,6246,0.5115677118301392,0.6492785343709468,1785286248.667148
3,6247,0.6252654194831848,0.6493303089220134,1785286248.8498273
3,6248,0.4509044885635376,0.6493415371329879,1785286249.044033
3,6249,0.5604793429374695,0.6492988133764833,1785286249.2268105
3,6250,0.5275886058807373,0.6493504743423889,1785286249.42371
3,6251,0.5154780745506287,0.6492539323421677,1785286249.6295722
3,6252,0.6805509328842163,0.6491978897502153,1785286249.8149157
3,6253,0.5264589190483093,0.6492495158166559,1785286249.998278
3,6254,0.5204535722732544,0.6492741935483871,1785286250.1791682
3,6255,0.4943371117115021,0.6492048140984311,1785286250.4156227
3,6256,0.5865362882614136,0.6491623711340206,1785286250.5969603
3,6257,0.6381102800369263,0.6492407168920369,1785286250.7798247
3,6258,0.5214395523071289,0.6492385242385242,1785286250.9612606
3,6259,0.5706288814544678,0.6492363344051447,1785286251.1918957
3,6260,0.569115400314331,0.6492073693230506,1785286251.374398
3,6261,0.56247478723526,0.649258724041961,1785286251.574397
3,6262,0.7141916751861572,0.6492966409927258,1785286251.7668405
3,6263,0.5914406776428223,0.6493345093008339,1785286251.9483042
3,6264,0.8221136331558228,0.6493456196581197,1785286252.1522312
3,6265,0.4951370358467102,0.64930333119795,1785286252.338023
3,6266,0.6323780417442322,0.6493011096884337,1785286252.5187423
3,6267,0.9056376814842224,0.6493122200895713,1785286252.70099
3,6268,0.5398129224777222,0.6494032395566922,1785286252.8810747
3,6269,0.5256816148757935,0.6494142705005325,1785286253.0610344
3,6270,0.5018579959869385,0.6493986802894849,1785286253.243118
3,6271,0.5545836687088013,0.6494097000638163,1785286253.4229739
3,6272,0.5129160284996033,0.6494074192176871,1785286253.6044626
4,6273,0.7355445027351379,0.5,1785286273.2844388
4,6274,0.5878745913505554,0.625,1785286273.4675605
4,6275,0.5145144462585449,0.6319444444444444,1785286273.6492302
4,6276,0.7348384857177734,0.640625,1785286273.8308723
4,6277,0.49580907821655273,0.6375,1785286274.0380936
4,6278,0.5693432688713074,0.6423611111111112,1785286274.219249
4,6279,0.7110897302627563,0.6488095238095238,1785286274.405057
4,6280,0.5549491047859192,0.640625,1785286274.6032143
4,6281,0.5408328771591187,0.6435185185185185,1785286274.7879107
4,6282,0.7247140407562256,0.6375,1785286274.9715133
4,6283,0.6337045431137085,0.634469696969697,1785286275.1553
4,6284,0.6019337773323059,0.6336805555555556,1785286275.3472493
4,6285,0.5639110803604126,0.6282051282051282,1785286275.537558
4,6286,0.6405013799667358,0.6339285714285714,1785286275.7202158
4,6287,0.43309319019317627,0.6388888888888888,1785286275.9042273
4,6288,0.6600088477134705,0.6393229166666666,1785286276.097382
4,6289,0.6836696863174438,0.6348039215686274,1785286276.300461
4,6290,0.5067713856697083,0.6365740740740741,1785286276.4837594
4,6291,0.526513397693634,0.631578947368421,1785286276.6674144
4,6292,0.6157026290893555,0.6375,1785286276.853016
4,6293,0.6153941750526428,0.6359126984126984,1785286277.041558
4,6294,0.8334038853645325,0.634469696969697,1785286277.225393
4,6295,0.5565917491912842,0.6295289855072463,1785286277.4090753
4,6296,0.6987583637237549,0.6302083333333334,1785286277.6039224
4,6297,0.5843173861503601,0.6316666666666667,1785286277.7969892
4,6298,0.6443365812301636,0.6330128205128205,1785286277.97906
4,6299,0.6098712682723999,0.6311728395061729,1785286278.1631193
4,6300,0.6242885589599609,0.6309523809523809,1785286278.3678486
4,6301,0.7617189288139343,0.6357758620689655,1785286278.5604324
4,6302,0.7771179676055908,0.6319444444444444,1785286278.7473466
4,6303,0.5595495700836182,0.635752688172043,1785286278.9305675
4,6304,0.6624981164932251,0.6360677083333334,1785286279.1289835
4,6305,0.6626477241516113,0.634469696969697,1785286279.3245664
4,6306,0.6682131290435791,0.633578431372549,1785286279.505235
4,6307,0.5669395327568054,0.6339285714285714,1785286279.686847
4,6308,0.34373316168785095,0.6348379629629629,1785286279.8684013
4,6309,0.529887318611145,0.6328828828828829,1785286280.0635831
4,6310,0.6137737035751343,0.6332236842105263,1785286280.2451034
4,6311,0.5031183958053589,0.6372863247863247,1785286280.4262404
4,6312,0.6450374126434326,0.6395833333333333,1785286280.6093488
4,6313,0.45465508103370667,0.6407520325203252,1785286280.8060286
4,6314,0.47277143597602844,0.6403769841269841,1785286280.9880748
4,6315,0.4608691930770874,0.6424418604651163,1785286281.1693413
4,6316,0.5882371068000793,0.6434659090909091,1785286281.3507392
4,6317,0.3786267042160034,0.6421296296296296,1785286281.535456
4,6318,0.7956826686859131,0.6440217391304348,1785286281.7162588
4,6319,0.6349102258682251,0.6458333333333334,1785286281.8975463
4,6320,0.5611989498138428,0.6467013888888888,1785286282.084739
4,6321,0.5676796436309814,0.6471088435374149,1785286282.2771847
4,6322,0.5608193874359131,0.6454166666666666,1785286282.4693766
4,6323,0.5932835340499878,0.6462418300653595,1785286282.6527627
4,6324,0.4841122031211853,0.6466346153846154,1785286282.842112
4,6325,0.7239057421684265,0.648191823899371,1785286283.025269
4,6326,0.55946946144104,0.6477623456790124,1785286283.2376266
4,6327,0.5238294005393982,0.6458333333333334,1785286283.4199705
4,6328,0.39812198281288147,0.6480654761904762,1785286283.6011899
4,6329,0.46575626730918884,0.6487573099415205,1785286283.7862012
4,6330,0.42928647994995117,0.6469109195402298,1785286284.0350823
4,6331,0.5768554210662842,0.64795197740113,1785286284.2177846
4,6332,0.43194589018821716,0.6475694444444444,1785286284.401386
4,6333,0.6316386461257935,0.6471994535519126,1785286284.585072
4,6334,0.655511200428009,0.6461693548387096,1785286284.7951343
4,6335,0.407575786113739,0.6471560846560847,1785286284.977996
4,6336,0.6747993230819702,0.6468098958333334,1785286285.163067
4,6337,0.6724810600280762,0.6451923076923077,1785286285.366609
4,6338,0.609115481376648,0.6439393939393939,1785286285.55036
4,6339,0.5856726169586182,0.6464552238805971,1785286285.7350912
4,6340,0.6645517349243164,0.6479779411764706,1785286285.939284
4,6341,0.4120292365550995,0.6482487922705314,1785286286.124288
4,6342,0.48162034153938293,0.649702380952381,1785286286.345133
4,6343,0.6542289853096008,0.6499413145539906,1785286286.5300088
4,6344,0.5546010136604309,0.6493055555555556,1785286286.712003
4,6345,0.5189208984375,0.6495433789954338,1785286286.895596
4,6346,0.5695926547050476,0.6503378378378378,1785286287.1120012
4,6347,0.5498749613761902,0.65,1785286287.2957323
4,6348,0.5171995759010315,0.6499451754385965,1785286287.4796228
4,6349,0.5768482685089111,0.6507034632034632,1785286287.6646295
4,6350,0.5656342506408691,0.6509081196581197,1785286287.8962963
4,6351,0.5916503667831421,0.6508438818565401,1785286288.0802257
4,6352,0.5293722152709961,0.6518229166666667,1785286288.2623918
4,6353,0.5738572478294373,0.6530349794238683,1785286288.445426
4,6354,0.7634864449501038,0.6529471544715447,1785286288.6564188
4,6355,0.6631603240966797,0.6531124497991968,1785286288.8403206
4,6356,0.702597439289093,0.6525297619047619,1785286289.0227776
4,6357,0.6854188442230225,0.6531862745098039,1785286289.2072976
4,6358,0.5358638167381287,0.654796511627907,1785286289.4260244
4,6359,0.5855989456176758,0.6544540229885057,1785286289.607084
4,6360,0.5217957496643066,0.6555397727272727,1785286289.7878335
4,6361,0.5987568497657776,0.6561329588014981,1785286289.9716115
4,6362,0.7083314061164856,0.6569444444444444,1785286290.2068305
4,6363,0.5233328938484192,0.6577380952380952,1785286290.3872976
4,6364,0.5223777294158936,0.6578351449275363,1785286290.5700219
4,6365,0.4003250300884247,0.6590501792114696,1785286290.767683
4,6366,0.6207516193389893,0.6584663120567376,1785286290.9488103
4,6367,0.4754842221736908,0.6583333333333333,1785286291.1326315
4,6368,0.6928298473358154,0.6586371527777778,1785286291.3154767
4,6369,0.4870344400405884,0.6591494845360825,1785286291.5103488
4,6370,0.5218250155448914,0.6598639455782312,1785286291.6934292
4,6371,0.577993631362915,0.6593013468013468,1785286291.87526
4,6372,0.5143527388572693,0.6591666666666667,1785286292.055832
4,6373,0.44731131196022034,0.6596534653465347,1785286292.2523265
4,6374,0.48782145977020264,0.6601307189542484,1785286292.4346588
4,6375,0.532301664352417,0.6603964401294499,1785286292.6179433
4,6376,0.4344622790813446,0.6594551282051282,1785286292.7988243
4,6377,0.5386760830879211,0.6575396825396825,1785286292.9820137
4,6378,0.7758166193962097,0.6572327044025157,1785286293.244983
4,6379,0.5734416246414185,0.6557632398753894,1785286293.4255161
4,6380,0.6484137773513794,0.6552854938271605,1785286293.6082392
4,6381,0.6124768257141113,0.6546253822629969,1785286293.805522
4,6382,0.5919154286384583,0.6545454545454545,1785286293.9898908
4,6383,0.53253573179245,0.6555930930930931,1785286294.1745775
4,6384,0.6754568815231323,0.6549479166666666,1785286294.3571663
4,6385,0.5701169967651367,0.6541297935103245,1785286294.5416808
4,6386,0.6114332675933838,0.6542397660818714,1785286294.7515938
4,6387,0.5819852948188782,0.6536231884057971,1785286294.9349997
4,6388,0.5969101786613464,0.6546336206896551,1785286295.1181045
4,6389,0.6259556412696838,0.6549145299145299,1785286295.307693
4,6390,0.5306124687194824,0.655367231638418,1785286295.5209835
4,6391,0.47820618748664856,0.6563375350140056,1785286295.7024522
4,6392,0.5786424279212952,0.6565972222222223,1785286295.8871393
4,6393,0.5582538843154907,0.65650826446281,1785286296.0720215
4,6394,0.787194013595581,0.6567622950819673,1785286296.2812905
4,6395,0.7361214756965637,0.6561653116531165,1785286296.4667358
4,6396,0.5719911456108093,0.65625,1785286296.6514304
4,6397,0.5008424520492554,0.6561666666666667,1785286296.8381102
4,6398,0.5888617038726807,0.6570767195767195,1785286297.0634136
4,6399,0.5154781341552734,0.656988188976378,1785286297.2453961
4,6400,0.47616949677467346,0.6573893229166666,1785286297.4279335
4,6401,0.6460131406784058,0.6572997416020672,1785286297.61376
4,6402,0.6282289624214172,0.6567307692307692,1785286297.8408246
4,6403,0.6832149028778076,0.6574427480916031,1785286298.0234542
4,6404,0.5981709957122803,0.6571969696969697,1785286298.208086
4,6405,0.4880189895629883,0.6567982456140351,1785286298.4049785
4,6406,0.7396395802497864,0.6560945273631841,1785286298.6034608
4,6407,0.5872676968574524,0.6566358024691358,1785286298.7857113
4,6408,0.6068003177642822,0.6573223039215687,1785286298.9667597
4,6409,0.6637153625488281,0.6576946472019465,1785286299.168206
4,6410,0.551504909992218,0.6580615942028986,1785286299.352226
4,6411,0.7387553453445435,0.6578237410071942,1785286299.534801
4,6412,0.4991607666015625,0.6583333333333333,1785286299.7184606
4,6413,0.5715741515159607,0.6588356973995272,1785286299.8999827
4,6414,0.685783326625824,0.6580105633802817,1785286300.143185
4,6415,0.5708348155021667,0.6580710955710956,1785286300.324354
4,6416,0.6177698969841003,0.6581307870370371,1785286300.507394
4,6417,0.5822787284851074,0.6583333333333333,1785286300.7089937
4,6418,0.6801351308822632,0.6578196347031964,1785286300.9151683
4,6419,0.5062081217765808,0.657454648526077,1785286301.0966878
4,6420,0.6868953704833984,0.6576576576576577,1785286301.2779899
4,6421,0.7633655071258545,0.6574384787472036,1785286301.465642
4,6422,0.47818586230278015,0.6581944444444444,1785286301.6530957
4,6423,0.6495489478111267,0.6581125827814569,1785286301.8655622
4,6424,0.42094695568084717,0.6581688596491229,1785286302.0469255
4,6425,0.6769402027130127,0.6582244008714597,1785286302.2304556
4,6426,0.5507200956344604,0.658008658008658,1785286302.4131794
4,6427,0.7007853388786316,0.6581989247311828,1785286302.6434085
4,6428,0.5526001453399658,0.6589209401709402,1785286302.8259358
4,6429,0.48017969727516174,0.6596337579617835,1785286303.0157292
4,6430,0.5033402442932129,0.6599419831223629,1785286303.197068
4,6431,0.4378218650817871,0.6599842767295597,1785286303.431102
4,6432,0.5468189716339111,0.659765625,1785286303.6116436
4,6433,0.5469198226928711,0.6594202898550725,1785286303.8100169
4,6434,0.6554474830627441,0.6598508230452675,1785286303.9912076
4,6435,0.5842147469520569,0.6591257668711656,1785286304.236321
4,6436,0.6646438241004944,0.6584095528455285,1785286304.4193423
4,6437,0.6779885292053223,0.6585858585858586,1785286304.6026235
4,6438,0.5152989625930786,0.6588855421686747,1785286304.78558
4,6439,0.5237370133399963,0.6589321357285429,1785286305.0113654
4,6440,0.490420401096344,0.6593501984126984,1785286305.195319
4,6441,0.6672632098197937,0.6593934911242604,1785286305.398631
4,6442,0.5383844375610352,0.6593137254901961,1785286305.5954397
4,6443,0.4202895760536194,0.6597222222222222,1785286305.7773807
4,6444,0.6439071893692017,0.6598837209302325,1785286305.9598663
4,6445,0.6652880311012268,0.6601637764932563,1785286306.1427617
4,6446,0.6300392746925354,0.6603208812260536,1785286306.3265662
4,6447,0.4597855508327484,0.6611904761904762,1785286306.5380692
4,6448,0.6156094670295715,0.6614583333333334,1785286306.720097
4,6449,0.6631731986999512,0.6613700564971752,1785286306.90374
4,6450,0.553767204284668,0.6616338951310862,1785286307.0867035
4,6451,0.4366014301776886,0.662243947858473,1785286307.3183773
4,6452,0.5564475655555725,0.6627314814814815,1785286307.5177684
4,6453,0.6952877044677734,0.6627532228360957,1785286307.7193077
4,6454,0.5689999461174011,0.6622023809523809,1785286307.9040866
4,6455,0.4529397189617157,0.6621129326047359,1785286308.1151876
4,6456,0.5982087254524231,0.6612318840579711,1785286308.298644
4,6457,0.7124817371368408,0.6608108108108108,1785286308.4855688
4,6458,0.7466379404067993,0.6612903225806451,1785286308.6688027
4,6459,0.680665135383606,0.6603163992869875,1785286308.897045
4,6460,0.698233425617218,0.6597960992907801,1785286309.081523
4,6461,0.6502770781517029,0.6602733686067019,1785286309.2849543
4,6462,0.79188472032547,0.6597587719298246,1785286309.4700947
4,6463,0.6160542964935303,0.6595767888307156,1785286309.6792717
4,6464,0.5371209383010864,0.6593967013888888,1785286309.8622239
4,6465,0.6125538349151611,0.6591105354058722,1785286310.0445547
4,6466,0.8027404546737671,0.6591494845360825,1785286310.2255075
4,6467,0.6932072639465332,0.6590811965811966,1785286310.459871
4,6468,0.45690906047821045,0.6597576530612245,1785286310.6409225
4,6469,0.47237154841423035,0.6597927241962775,1785286310.822149
4,6470,0.449764609336853,0.6598274410774411,1785286311.0028768
4,6471,0.5489858388900757,0.6599664991624791,1785286311.2177682
4,6472,0.6919012069702148,0.6596875,1785286311.4010499
4,6473,0.5176636576652527,0.6597222222222222,1785286311.5916576
4,6474,0.5736326575279236,0.659756600660066,1785286311.7727933
4,6475,0.4982719123363495,0.6591748768472906,1785286312.0078313
4,6476,0.45649635791778564,0.6593137254901961,1785286312.202499
4,6477,0.49527111649513245,0.6590447154471545,1785286312.3842509
4,6478,0.6109514832496643,0.6591828478964401,1785286312.5844285
4,6479,0.49250924587249756,0.6587157809983897,1785286312.7689908
4,6480,0.6604971885681152,0.6583533653846154,1785286312.9673352
4,6481,0.6010274887084961,0.6587918660287081,1785286313.15027
4,6482,0.5545327067375183,0.6583333333333333,1785286313.3419561
4,6483,0.4995703101158142,0.6580766192733017,1785286313.5230649
4,6484,0.6008111238479614,0.6579205974842768,1785286313.7232778
4,6485,0.5320695042610168,0.6579616588419406,1785286313.9055598
4,6486,0.5579180717468262,0.6580023364485982,1785286314.0951524
4,6487,0.6118152141571045,0.6577519379844962,1785286314.276753
4,6488,0.5800813436508179,0.6576967592592593,1785286314.4583123
4,6489,0.6855875849723816,0.658026113671275,1785286314.6395056
4,6490,0.4592047333717346,0.6584480122324159,1785286314.8223374
4,6491,0.6107118725776672,0.6584855403348554,1785286315.0589764
4,6492,0.5449924468994141,0.6582386363636363,1785286315.2566488
4,6493,0.5287003517150879,0.6579939668174962,1785286315.4385784
4,6494,0.6304094195365906,0.6578453453453453,1785286315.6223342
4,6495,0.6659738421440125,0.6575112107623319,1785286315.831638
4,6496,0.6558720469474792,0.6575520833333334,1785286316.0304794
4,6497,0.5946472883224487,0.6576851851851852,1785286316.215037
4,6498,0.5279914736747742,0.6571718289085545,1785286316.403193
4,6499,0.562584638595581,0.6575807635829662,1785286316.6260405
4,6500,0.43176907300949097,0.6578033625730995,1785286316.808679
4,6501,0.6071327924728394,0.6574781659388647,1785286317.00402
4,6502,0.54608154296875,0.657518115942029,1785286317.1893234
4,6503,0.6046354174613953,0.6567460317460317,1785286317.4012597
4,6504,0.6111084818840027,0.6567887931034483,1785286317.584498
4,6505,0.45746633410453796,0.6568311874105865,1785286317.7684138
4,6506,0.5131685733795166,0.6566951566951567,1785286317.9508312
4,6507,0.448593407869339,0.6566489361702128,1785286318.173753
4,6508,0.5440211892127991,0.6566031073446328,1785286318.3558738
4,6509,0.6823829412460327,0.6565576652601969,1785286318.5409248
4,6510,0.5843532681465149,0.656687675070028,1785286318.724424
4,6511,0.5772308707237244,0.6568165969316597,1785286318.9276059
4,6512,0.49126338958740234,0.6572916666666667,1785286319.1122298
4,6513,0.6338262557983398,0.6573305670816044,1785286319.2974422
4,6514,0.5484098792076111,0.6567665289256198,1785286319.4817114
4,6515,0.4852878451347351,0.656721536351166,1785286319.7250316
4,6516,0.6416106820106506,0.656676912568306,1785286319.9117954
4,6517,0.569514274597168,0.6568027210884354,1785286320.093757
4,6518,0.7984790802001953,0.6568428184281843,1785286320.286762
4,6519,0.6200132966041565,0.657051282051282,1785286320.4678278
4,6520,0.5195526480674744,0.6573420698924731,1785286320.6508882
4,6521,0.5927283763885498,0.6571285140562249,1785286320.833277
4,6522,0.5512714982032776,0.6569166666666667,1785286321.016069
4,6523,0.5012151002883911,0.6572045152722443,1785286321.245002
4,6524,0.798900842666626,0.6574074074074074,1785286321.4420738
4,6525,0.5855137705802917,0.6575263504611331,1785286321.6238716
4,6526,0.7997192144393921,0.6576443569553806,1785286321.8071017
4,6527,0.6480703353881836,0.657843137254902,1785286322.0227466
4,6528,0.6074124574661255,0.657958984375,1785286322.2163541
4,6529,0.5472314357757568,0.6579118028534371,1785286322.3997495
4,6530,0.7333660125732422,0.6575419896640827,1785286322.5919356
4,6531,0.5730692744255066,0.6574967824967825,1785286322.7750993
4,6532,0.6409205198287964,0.657051282051282,1785286322.9594455
4,6533,0.40805837512016296,0.6575670498084292,1785286323.140377
4,6534,0.5513031482696533,0.6576812977099237,1785286323.3220341
4,6535,0.48014023900032043,0.6573986058301647,1785286323.5277977
4,6536,0.46659064292907715,0.6570391414141414,1785286323.7086651
4,6537,0.6176941394805908,0.6568396226415094,1785286323.8901467
4,6538,0.5167298316955566,0.6567199248120301,1785286324.0737371
4,6539,0.5329680442810059,0.6569132334581773,1785286324.2950695
4,6540,0.6415378451347351,0.6565609452736318,1785286324.4816618
4,6541,0.6117182970046997,0.6566759603469641,1785286324.6645052
4,6542,0.5749721527099609,0.6568672839506173,1785286324.8588653
4,6543,0.5240216255187988,0.6568265682656826,1785286325.0416355
4,6544,0.5563318133354187,0.6571691176470589,1785286325.2248979
4,6545,0.5967282056808472,0.6571275946275946,1785286325.4084895
4,6546,0.5873052477836609,0.6570863746958637,1785286325.5907109
4,6547,0.5179336071014404,0.6571212121212121,1785286325.8211038
4,6548,0.5783418416976929,0.6567783816425121,1785286326.0167525
4,6549,0.8413587808609009,0.6563628158844765,1785286326.2006094
4,6550,0.548809289932251,0.6561001199040767,1785286326.3850071
4,6551,0.5479347109794617,0.6562126642771804,1785286326.603422
4,6552,0.7928968667984009,0.6564732142857143,1785286326.8046925
4,6553,0.6526984572410583,0.6561387900355872,1785286326.9886773
4,6554,0.5401245951652527,0.6561761229314421,1785286327.1893997
4,6555,0.569359540939331,0.6560659599528857,1785286327.3719091
4,6556,0.5957266092300415,0.6560299295774648,1785286327.5543444
4,6557,0.5882884860038757,0.6560672514619883,1785286327.736385
4,6558,0.6423200368881226,0.6563228438228438,1785286327.9204342
4,6559,0.7031018733978271,0.656431475029036,1785286328.1541445
4,6560,0.4445134103298187,0.6567563657407407,1785286328.3722336
4,6561,0.723422110080719,0.6567185697808535,1785286328.555147
4,6562,0.6392616033554077,0.6570402298850575,1785286328.74466
4,6563,0.616413950920105,0.6565721649484536,1785286328.9282255
4,6564,0.4750349521636963,0.6568921232876712,1785286329.1218915
4,6565,0.7429314255714417,0.6570676905574516,1785286329.3057666
4,6566,0.5994133949279785,0.6571003401360545,1785286329.4951844
4,6567,0.484390527009964,0.6572033898305085,1785286329.6784725
4,6568,0.682700514793396,0.6573761261261262,1785286329.8736382
4,6569,0.6584141850471497,0.6572671156004489,1785286330.054935
4,6570,0.537269115447998,0.6571588366890381,1785286330.239213
4,6571,0.6035701036453247,0.657051282051282,1785286330.4530509
4,6572,0.5495873093605042,0.6571527777777778,1785286330.6468751
4,6573,0.5006431341171265,0.6567691029900332,1785286330.8301353
4,6574,0.5340771079063416,0.6567328918322296,1785286331.0117311
4,6575,0.6007562875747681,0.6569031903190319,1785286331.212077
4,6576,0.5760485529899597,0.6566611842105263,1785286331.4013584
4,6577,0.5980169773101807,0.6564890710382514,1785286331.5848467
4,6578,0.612422525882721,0.6565223311546841,1785286331.7678041
4,6579,0.47326549887657166,0.6564875135722041,1785286331.9837182
4,6580,0.57491534948349,0.6563176406926406,1785286332.1691542
4,6581,0.4875224530696869,0.6567556634304207,1785286332.3505826
4,6582,0.5333750247955322,0.6569220430107527,1785286332.5319967
4,6583,0.6268016695976257,0.6566854233654876,1785286332.769309
4,6584,0.5595552921295166,0.6565838675213675,1785286332.9601324
4,6585,0.5365437865257263,0.6568157614483493,1785286333.141099
4,6586,0.6082813143730164,0.6565817409766455,1785286333.3233535
4,6587,0.6101363897323608,0.6564814814814814,1785286333.538747
4,6588,0.5266932845115662,0.655920358649789,1785286333.7366238
4,6589,0.48045116662979126,0.6560856992639327,1785286333.920096
4,6590,0.5807595252990723,0.65625,1785286334.1123638
4,6591,0.8194911479949951,0.6563479623824452,1785286334.2960243
4,6592,0.4537813365459442,0.656640625,1785286334.4773242
4,6593,0.659792959690094,0.6567367601246106,1785286334.660398
4,6594,0.7075811624526978,0.6567028985507246,1785286334.8417585
4,6595,0.5611714124679565,0.6565402476780186,1785286335.073386
4,6596,0.5200110673904419,0.6568287037037037,1785286335.2762148
4,6597,0.5591602921485901,0.657051282051282,1785286335.4592812
4,6598,0.5818415880203247,0.6572085889570553,1785286335.6417062
4,6599,0.5198314785957336,0.6567278287461774,1785286335.8519998
4,6600,0.5924242734909058,0.6566946138211383,1785286336.0403461
4,6601,0.577159583568573,0.6568515704154002,1785286336.2303443
4,6602,0.528537929058075,0.6569444444444444,1785286336.4117112
4,6603,0.5999266505241394,0.6567220543806647,1785286336.6397166
4,6604,0.5919874310493469,0.6565637550200804,1785286336.826586
4,6605,0.5087640285491943,0.6568443443443444,1785286337.0098295
4,6606,0.5808684825897217,0.6569361277445109,1785286337.1946542
4,6607,0.5324928760528564,0.6566542288557214,1785286337.4433277
4,6608,0.5648594498634338,0.6566840277777778,1785286337.636082
4,6609,0.8914967775344849,0.6568991097922848,1785286337.8192568
4,6610,0.4410831332206726,0.6572978303747534,1785286338.0015748
4,6611,0.5417681932449341,0.6572025565388397,1785286338.2109597
4,6612,0.7055780291557312,0.657046568627451,1785286338.4277048
4,6613,0.6193505525588989,0.6570136852394917,1785286338.6106398
4,6614,0.5029352307319641,0.657041910331384,1785286338.7939441
4,6615,0.4848397970199585,0.6571914480077745,1785286339.010247
4,6616,0.7233889102935791,0.6571584302325582,1785286339.210986
4,6617,0.6074892282485962,0.6567632850241546,1785286339.3950193
4,6618,0.5492651462554932,0.656912331406551,1785286339.5929248
4,6619,0.5940085649490356,0.6570605187319885,1785286339.7754276
4,6620,0.6131123304367065,0.657088122605364,1785286339.9580948
4,6621,0.6157467365264893,0.6564589302769819,1785286340.1412654
4,6622,0.5996023416519165,0.6566666666666666,1785286340.338237
4,6623,0.6187989115715027,0.6569919278252612,1785286340.5188496
4,6624,0.5045691728591919,0.6568418560606061,1785286340.7012782
4,6625,0.5296458005905151,0.6566926345609065,1785286340.8827467
4,6626,0.585571825504303,0.6569562146892656,1785286341.0647407
4,6627,0.5059335231781006,0.6571009389671362,1785286341.277018
4,6628,0.4926210939884186,0.657244850187266,1785286341.4770815
4,6629,0.5420541763305664,0.6574463118580766,1785286341.6603541
4,6630,0.5201805233955383,0.657530260707635,1785286341.841539
4,6631,0.7069926261901855,0.6574396471680595,1785286342.0589952
4,6632,0.6460399627685547,0.6571180555555556,1785286342.2420878
4,6633,0.7326797246932983,0.6572599261311173,1785286342.4415412
4,6634,0.6073747873306274,0.6574585635359116,1785286342.6384013
4,6635,0.4916027784347534,0.6573117539026629,1785286342.8216903
4,6636,0.6089149713516235,0.6574519230769231,1785286343.0029018
4,6637,0.5914259552955627,0.6575342465753424,1785286343.184675
4,6638,0.6597768068313599,0.6578438069216758,1785286343.3679352
4,6639,0.47670143842697144,0.6579246139872843,1785286343.5755806
4,6640,0.4948069453239441,0.6578917572463768,1785286343.758681
4,6641,0.659635066986084,0.6579155374887082,1785286343.9415565
4,6642,0.6287888884544373,0.6582770270270271,1785286344.1233873
4,6643,0.4425421953201294,0.6585242587601078,1785286344.3451872
4,6644,0.5828450918197632,0.6583781362007168,1785286344.5299509
4,6645,0.6293307542800903,0.65812109025916,1785286344.716363
4,6646,0.6108595132827759,0.6579768270944741,1785286344.9151728
4,6647,0.53045654296875,0.6577222222222222,1785286345.0995805
4,6648,0.48462215065956116,0.6578014184397163,1785286345.2836564
4,6649,0.38937118649482727,0.6576591511936339,1785286345.467309
4,6650,0.7625603675842285,0.6577932098765432,1785286345.649036
4,6651,0.6512114405632019,0.6573218997361477,1785286345.8785884
4,6652,0.5235077142715454,0.6571820175438596,1785286346.0818794
4,6653,0.49558645486831665,0.656933508311461,1785286346.26707
4,6654,0.5762184858322144,0.6568499127399651,1785286346.44846
4,6655,0.5621100068092346,0.6565491731940818,1785286346.655887
4,6656,0.665039598941803,0.65673828125,1785286346.8387167
4,6657,0.5927690267562866,0.6567640692640693,1785286347.021462
4,6658,0.5746011734008789,0.6566817789291882,1785286347.2209713
4,6659,0.5574601888656616,0.6570305770887166,1785286347.4084191
4,6660,0.44347628951072693,0.6571628006872853,1785286347.5936315
4,6661,0.5433253645896912,0.6571872322193659,1785286347.7748299
4,6662,0.772605836391449,0.657051282051282,1785286347.9573023
4,6663,0.47383633255958557,0.6569693094629157,1785286348.205518
4,6664,0.47599169611930847,0.6569940476190477,1785286348.3894954
4,6665,0.48350822925567627,0.6568066157760815,1785286348.574262
4,6666,0.6015849113464355,0.6566201353637902,1785286348.7569842
4,6667,0.6933146715164185,0.6564345991561181,1785286349.0257592
4,6668,0.4862735867500305,0.6565130471380471,1785286349.2078888
4,6669,0.6388776898384094,0.6565386230058774,1785286349.3923104
4,6670,0.6886444091796875,0.6564593802345059,1785286349.574247
4,6671,0.6272180080413818,0.6565371762740184,1785286349.8153675
4,6672,0.43998220562934875,0.6567708333333333,1785286350.0071764
4,6673,0.5203800201416016,0.656743557772236,1785286350.1896045
4,6674,0.43267250061035156,0.6568200663349917,1785286350.3714988
4,6675,0.6039533615112305,0.6568444995864351,1785286350.5878367
4,6676,0.596121072769165,0.6565078382838284,1785286350.76966
4,6677,0.5023558139801025,0.6566872427983539,1785286350.9686677
4,6678,0.6087735295295715,0.6568144499178982,1785286351.1508079
4,6679,0.6269373297691345,0.6565315315315315,1785286351.355291
4,6680,0.5299845337867737,0.6568116830065359,1785286351.5547001
4,6681,0.44055861234664917,0.6567339038304808,1785286351.7378187
4,6682,0.667022168636322,0.656859756097561,1785286351.921067
4,6683,0.6231971979141235,0.6568329278183292,1785286352.1806457
4,6684,0.7143221497535706,0.6568062297734628,1785286352.3632717
4,6685,0.7287520170211792,0.6565778853914447,1785286352.5465426
4,6686,0.5577805042266846,0.6567028985507246,1785286352.7552624
4,6687,0.6519953012466431,0.6565763052208835,1785286352.9458778
4,6688,0.517657458782196,0.6569511217948718,1785286353.138587
4,6689,0.690855085849762,0.6569244604316546,1785286353.331151
4,6690,0.441702663898468,0.6568480861244019,1785286353.522703
4,6691,0.4174679219722748,0.6570206841686556,1785286353.7725868
4,6692,0.48456859588623047,0.6574900793650794,1785286353.953813
4,6693,0.6207647323608398,0.6571654790182107,1785286354.1520422
4,6694,0.5566926598548889,0.6572373617693523,1785286354.3346627
4,6695,0.6892700791358948,0.6571118991331757,1785286354.535694
4,6696,0.7813812494277954,0.6568396226415094,1785286354.870498
4,6697,0.5734949707984924,0.6564215686274509,1785286355.0692549
4,6698,0.6542990803718567,0.6562989045383412,1785286355.2488637
4,6699,0.5441204309463501,0.6564207650273224,1785286355.4377472
4,6700,0.6209888458251953,0.6567367601246106,1785286355.6172943
4,6701,0.5557035207748413,0.6565656565656566,1785286355.8111532
4,6702,0.5447280406951904,0.6565406976744186,1785286356.004777
4,6703,0.684190571308136,0.6567575406032483,1785286356.197153
4,6704,0.6026175618171692,0.6566840277777778,1785286356.3922637
4,6705,0.5268712043762207,0.6563702848344881,1785286356.585034
4,6706,0.6301829814910889,0.6559619815668203,1785286356.7753618
4,6707,0.6755713820457458,0.6559865900383142,1785286356.9562552
4,6708,0.6493976712226868,0.6558199541284404,1785286357.135679
4,6709,0.6492199897766113,0.6558924485125858,1785286357.3156998
4,6710,0.5936882495880127,0.6559170471841704,1785286357.4970908
4,6711,0.5561620593070984,0.6563211845102506,1785286357.6772747
4,6712,0.565802812576294,0.65625,1785286357.8717332
4,6713,0.651072084903717,0.6562736205593348,1785286358.0632756
4,6714,0.726640522480011,0.6562971342383107,1785286358.2460883
4,6715,0.5289273262023926,0.6563205417607223,1785286358.4249523
4,6716,0.6880335211753845,0.6562969219219219,1785286358.607883
4,6717,0.4814583361148834,0.6561329588014981,1785286358.7907906
4,6718,0.650313138961792,0.6561565769805681,1785286358.9722745
4,6719,0.5127620697021484,0.6560868754660701,1785286359.1537137
4,6720,0.6341590881347656,0.6558779761904762,1785286359.3323162
4,6721,0.4573628008365631,0.6559484038604306,1785286359.5230453
4,6722,0.5927579998970032,0.6560648148148148,1785286359.702299
4,6723,0.5329415798187256,0.655949741315595,1785286359.8830535
4,6724,0.5751690864562988,0.6560656342182891,1785286360.061888
4,6725,0.6005227565765381,0.6559970566593083,1785286360.2406573
4,6726,0.4881409704685211,0.6560205580029369,1785286360.430297
4,6727,0.5434783697128296,0.656043956043956,1785286360.6092968
4,6728,0.5432813763618469,0.6562043128654971,1785286360.801383
4,6729,0.5762836933135986,0.6560448577680525,1785286360.9816906
4,6730,0.5297874808311462,0.6558406113537117,1785286361.1765175
4,6731,0.5196092128753662,0.6561365286855483,1785286361.3551438
4,6732,0.6529369950294495,0.6564311594202898,1785286361.5450642
4,6733,0.560514509677887,0.6564985538684021,1785286361.723731
4,6734,0.6165444254875183,0.6565656565656566,1785286361.9131727
4,6735,0.46401551365852356,0.6566324694024478,1785286362.1253679
4,6736,0.6077621579170227,0.6564295977011494,1785286362.3059244
4,6737,0.49910587072372437,0.6564964157706094,1785286362.4865754
4,6738,0.650885283946991,0.6564288268955651,1785286362.6858943
4,6739,0.5857542157173157,0.6562276945039258,1785286362.901113
4,6740,0.7246348857879639,0.655982905982906,1785286363.0801787
4,6741,0.5456423163414001,0.6560945273631841,1785286363.2749734
4,6742,0.6669108867645264,0.6560283687943262,1785286363.4759789
4,6743,0.5244028568267822,0.6560951875442321,1785286363.6544313
4,6744,0.7349459528923035,0.6559851694915254,1785286363.8570385
4,6745,0.918694019317627,0.6560958421423537,1785286364.0378551
4,6746,0.5836985111236572,0.6561181434599156,1785286364.2257245
4,6747,0.6721566915512085,0.6561842105263158,1785286364.4650424
4,6748,0.5501331090927124,0.6561186974789915,1785286364.6546593
4,6749,0.5837427377700806,0.6561408106219427,1785286364.8335307
4,6750,0.7120958566665649,0.6561192468619247,1785286365.0138943
4,6751,0.47057127952575684,0.6562717466945024,1785286365.2395449
4,6752,0.640776515007019,0.656640625,1785286365.4253135
4,6753,0.6028499603271484,0.6564449064449065,1785286365.6057692
4,6754,0.6526397466659546,0.6563796680497925,1785286365.7878475
4,6755,0.6269051432609558,0.6564872325741891,1785286366.0151207
4,6756,0.47857865691185,0.65650826446281,1785286366.193682
4,6757,0.4809440076351166,0.6565721649484536,1785286366.3724751
4,6758,0.546459436416626,0.6567644032921811,1785286366.5552595
4,6759,0.5049525499343872,0.6568275154004107,1785286366.7569067
4,6760,0.48768675327301025,0.656676912568306,1785286366.9355643
4,6761,0.4564569890499115,0.6566973415132924,1785286367.1161575
4,6762,0.46230465173721313,0.6568027210884354,1785286367.2954307
4,6763,0.6692416667938232,0.6566955193482689,1785286367.5246315
4,6764,0.44347813725471497,0.6565464092140921,1785286367.7072785
4,6765,0.6065458059310913,0.6565669371196755,1785286367.8893018
4,6766,0.539078950881958,0.6565452091767882,1785286368.071535
4,6767,0.5976391434669495,0.6567340067340067,1785286368.2903368
4,6768,0.49997392296791077,0.6568800403225806,1785286368.4716604
4,6769,0.6025855541229248,0.6568997317236754,1785286368.6542304
4,6770,0.5281680226325989,0.6567520080321285,1785286368.853239
4,6771,0.5462843179702759,0.6567301269205077,1785286369.054169
4,6772,0.6847258806228638,0.656875,1785286369.2431808
4,6773,0.8469802737236023,0.6569777112441784,1785286369.4244602
4,6774,0.6184791922569275,0.6570385126162018,1785286369.6060207
4,6775,0.43914246559143066,0.6571404903909874,1785286369.8131604
4,6776,0.5737031698226929,0.6571180555555556,1785286369.9940457
4,6777,0.5324801206588745,0.6572194719471948,1785286370.1722019
4,6778,0.5736038684844971,0.6572793148880105,1785286370.3797905
4,6779,0.5671594142913818,0.6571334648257725,1785286370.5606318
4,6780,0.6142295002937317,0.6571932414698163,1785286370.7409139
4,6781,0.6614593863487244,0.6573346430910282,1785286370.919365
4,6782,0.5869179368019104,0.6575571895424837,1785286371.0984612
4,6783,0.49541276693344116,0.6576157860404436,1785286371.3033447
4,6784,0.5728014707565308,0.6576334635416666,1785286371.4825196
4,6785,0.6443220973014832,0.6576916829109811,1785286371.6611292
4,6786,0.6351350545883179,0.6576686121919585,1785286371.840119
4,6787,0.5847467184066772,0.6576456310679611,1785286372.0609665
4,6788,0.5860105752944946,0.6576227390180879,1785286372.2420893
4,6789,0.698196530342102,0.657680528691167,1785286372.42361
4,6790,0.5899809002876282,0.6575370012870013,1785286372.6044497
4,6791,0.5114917159080505,0.6577151573538856,1785286372.8351533
4,6792,0.695522665977478,0.6574919871794872,1785286373.0146506
4,6793,0.5784842371940613,0.6576295585412668,1785286373.193348
4,6794,0.9689134359359741,0.6576867816091954,1785286373.386222
4,6795,0.6873937845230103,0.6575446144040791,1785286373.5952177
4,6796,0.5679408311843872,0.6576017811704835,1785286373.775451
4,6797,0.5281931757926941,0.6576587301587301,1785286373.954358
4,6798,0.5765858888626099,0.6577550697084917,1785286374.1349604
4,6799,0.4949421286582947,0.6577324478178368,1785286374.3820572
4,6800,0.49786755442619324,0.6577099116161617,1785286374.5820441
4,6801,0.5412625074386597,0.6575299306868305,1785286374.7663178
4,6802,0.6794310212135315,0.6575471698113208,1785286374.9469678
4,6803,0.6453274488449097,0.6573681732580038,1785286375.1279936
4,6804,0.5400415658950806,0.6571898496240601,1785286375.3092756
4,6805,0.6437170505523682,0.6572076297686054,1785286375.4878082
4,6806,0.4933934509754181,0.6570302746566792,1785286375.668915
4,6807,0.5640886425971985,0.6568535825545171,1785286375.8849723
4,6808,0.6648805141448975,0.6566386815920398,1785286376.0663655
4,6809,0.7264590859413147,0.6564633767846059,1785286376.2470737
4,6810,0.5108565092086792,0.6565985130111525,1785286376.4269152
4,6811,0.957739531993866,0.6565398886827458,1785286376.651072
4,6812,0.5640325546264648,0.6565972222222223,1785286376.8323984
4,6813,0.5832608938217163,0.6565003080714725,1785286377.0128624
4,6814,0.5566677451133728,0.6564421894218943,1785286377.1910646
4,6815,0.623319685459137,0.6563842848373235,1785286377.4149597
4,6816,0.6858628988265991,0.6563648897058824,1785286377.6239066
4,6817,0.5071840286254883,0.6563455657492355,1785286377.814557
4,6818,0.5498365163803101,0.6560973748473748,1785286377.9934454
4,6819,0.8364956378936768,0.6560786106032906,1785286378.174136
4,6820,0.5319149494171143,0.6561359489051095,1785286378.3648229
4,6821,0.6356141567230225,0.6560033394049788,1785286378.543569
4,6822,0.4496501088142395,0.656060606060606,1785286378.7357886
4,6823,0.5784475803375244,0.6561932849364791,1785286378.915847
4,6824,0.47936755418777466,0.6561367753623188,1785286379.0948246
4,6825,0.5967022180557251,0.6561181434599156,1785286379.2737033
4,6826,0.5045346021652222,0.6562876052948255,1785286379.4550104
4,6827,0.6776623129844666,0.6561936936936937,1785286379.694416
4,6828,0.6808578968048096,0.6560626498800959,1785286379.8820605
4,6829,0.5285990834236145,0.6561564931178935,1785286380.0610957
4,6830,0.5658499002456665,0.6560259856630825,1785286380.2423773
4,6831,0.6051690578460693,0.6560450208706022,1785286380.460556
4,6832,0.5984305143356323,0.6562127976190476,1785286380.6479995
4,6833,0.5054409503936768,0.6561942959001783,1785286380.8284843
4,6834,0.6523689031600952,0.6561017200474496,1785286381.0216336
4,6835,0.5752829909324646,0.6560464772054471,1785286381.227087
4,6836,0.5807214379310608,0.6559544917257684,1785286381.4193776
4,6837,0.54929518699646,0.6559734513274337,1785286381.6013465
4,6838,0.5630772113800049,0.6560659599528857,1785286381.7975826
4,6839,0.6006282567977905,0.656084656084656,1785286381.9798331
4,6840,0.5694543719291687,0.6560299295774648,1785286382.186521
4,6841,0.48685112595558167,0.6558289396602226,1785286382.3808358
4,6842,0.5905851125717163,0.6558479532163742,1785286382.5734406
4,6843,0.6662200093269348,0.6557209573847051,1785286382.7525935
4,6844,0.5944681167602539,0.6557400932400932,1785286382.933611
4,6845,0.5929853320121765,0.6555410122164049,1785286383.1148956
4,6846,0.713671088218689,0.6555603948896632,1785286383.2934048
4,6847,0.4337875247001648,0.6555434782608696,1785286383.517046
4,6848,0.7547945380210876,0.6555266203703703,1785286383.7013466
4,6849,0.5491551160812378,0.6555098209127672,1785286383.8810256
4,6850,0.7271324992179871,0.6554209919261822,1785286384.0618706
4,6851,0.455495685338974,0.6556203223949338,1785286384.2893443
4,6852,0.6605411767959595,0.655603448275862,1785286384.4702594
4,6853,0.4750489294528961,0.6556942053930006,1785286384.650836
4,6854,0.5633279085159302,0.6558562428407789,1785286384.8451416
4,6855,0.6511827111244202,0.6558747855917667,1785286385.0266404
4,6856,0.6490528583526611,0.6557505707762558,1785286385.2080584
4,6857,0.6094843149185181,0.6557336182336182,1785286385.3891065
4,6858,0.7252708077430725,0.6557167235494881,1785286385.5685844
4,6859,0.5928532481193542,0.6557353776263487,1785286385.7734168
4,6860,0.46330854296684265,0.6559311224489796,1785286385.972617
4,6861,0.5764970779418945,0.6559139784946236,1785286386.17267
4,6862,0.494290828704834,0.6560381355932203,1785286386.3516352
4,6863,0.6511183381080627,0.6558798646362098,1785286386.5569859
4,6864,0.45756304264068604,0.6558277027027027,1785286386.7407362
4,6865,0.5986790060997009,0.65595137717819,1785286386.9195163
4,6866,0.48303261399269104,0.6557589786756454,1785286387.1007316
4,6867,0.5417921543121338,0.6557773109243697,1785286387.328494
4,6868,0.582563579082489,0.6556907158836689,1785286387.5137644
4,6869,0.6772942543029785,0.6556044109436069,1785286387.7103965
4,6870,0.5604563355445862,0.6555532329988851,1785286387.8917553
4,6871,0.4713010787963867,0.6556761268781303,1785286388.0936887
4,6872,0.656403660774231,0.6558680555555556,1785286388.2893226
4,6873,0.545062780380249,0.6559553521907932,1785286388.4678679
4,6874,0.4821382462978363,0.6558693244739756,1785286388.6627092
4,6875,0.40794891119003296,0.6559908789386402,1785286388.8437605
4,6876,0.5501047968864441,0.6560430463576159,1785286389.0243592
4,6877,0.4169873297214508,0.656095041322314,1785286389.2036648
4,6878,0.4630959928035736,0.6563531353135313,1785286389.3825495
4,6879,0.4968937039375305,0.6564044481054365,1785286389.6045396
4,6880,0.7471592426300049,0.6563870614035088,1785286389.789776
4,6881,0.686493992805481,0.6563697318007663,1785286389.9872353
4,6882,0.6113282442092896,0.6564890710382514,1785286390.1854305
4,6883,0.5071030855178833,0.6564716312056738,1785286390.364678
4,6884,0.6458057165145874,0.6564882897603486,1785286390.5546482
4,6885,0.6038720607757568,0.6563689505165851,1785286390.7355676
4,6886,0.5903688669204712,0.6564535830618893,1785286390.9144025
4,6887,0.5042831301689148,0.6564363143631436,1785286391.1527848
4,6888,0.7175969481468201,0.6564867424242424,1785286391.3331048
4,6889,0.4982125759124756,0.6565370070232307,1785286391.5122695
4,6890,0.7558519840240479,0.656519687162891,1785286391.6935883
4,6891,0.6556105017662048,0.6564351103931072,1785286391.9160028
4,6892,0.6008840799331665,0.6563508064516129,1785286392.0948982
4,6893,0.6269395351409912,0.6564009661835749,1785286392.277589
4,6894,0.618516743183136,0.656316988210075,1785286392.4639823
4,6895,0.5118864178657532,0.6563001605136437,1785286392.644974
4,6896,0.43154552578926086,0.6562833867521367,1785286392.8278074
4,6897,0.5297013521194458,0.6562666666666667,1785286393.0081732
4,6898,0.6239361763000488,0.65625,1785286393.1892586
4,6899,0.4461160898208618,0.6562666135034556,1785286393.4126368
4,6900,0.525479793548584,0.6564158704883227,1785286393.5932553
4,6901,0.5611051321029663,0.6563990461049285,1785286393.7724662
4,6902,0.5572049617767334,0.6564814814814814,1785286393.9888778
4,6903,0.5219826698303223,0.656365557316429,1785286394.1680334
4,6904,0.5176414251327515,0.6560851793248945,1785286394.3655565
4,6905,0.5927103161811829,0.655772775144813,1785286394.5526502
4,6906,0.533501148223877,0.6557570977917981,1785286394.7319715
4,6907,0.605117917060852,0.655511811023622,1785286394.935223
4,6908,0.5488030314445496,0.6553328092243187,1785286395.125566
4,6909,0.6717272996902466,0.6552851909994767,1785286395.306212
4,6910,0.5878598690032959,0.6551724137931034,1785286395.4851449
4,6911,0.579347550868988,0.6550925925925926,1785286395.66368
4,6912,0.45636191964149475,0.6551106770833334,1785286395.8442745
4,6913,0.6660856604576111,0.6550312012480499,1785286396.0251322
4,6914,0.6537625193595886,0.6548870716510904,1785286396.2227306
4,6915,0.6935776472091675,0.6548405909797823,1785286396.4397454
4,6916,0.612335741519928,0.6549560041407867,1785286396.6332622
4,6917,0.4464583098888397,0.6549741602067184,1785286396.8119965
4,6918,0.5503487586975098,0.6549922600619195,1785286396.9926744
4,6919,0.6256043314933777,0.654978104070067,1785286397.2198138
4,6920,0.45366162061691284,0.65502829218107,1785286397.415054
4,6921,0.6734298467636108,0.6550141242937854,1785286397.6125515
4,6922,0.49597835540771484,0.6551282051282051,1785286397.793455
4,6923,0.8016175031661987,0.6551779313876088,1785286397.9723048
4,6924,0.5618423819541931,0.6551635991820041,1785286398.1516385
4,6925,0.5953826904296875,0.655181214905564,1785286398.3306386
4,6926,0.608576238155365,0.6553261977573904,1785286398.5283918
4,6927,0.60133296251297,0.655470737913486,1785286398.7095265
4,6928,0.7231262922286987,0.6554242886178862,1785286398.888143
4,6929,0.5634319186210632,0.6554096905124303,1785286399.0666666
4,6930,0.45785680413246155,0.6554901215805471,1785286399.2474604
4,6931,0.49273955821990967,0.6554438543247344,1785286399.4594464
4,6932,0.5412399172782898,0.6553977272727273,1785286399.6407988
4,6933,0.5256765484809875,0.6552887039838629,1785286399.8213491
4,6934,0.49657583236694336,0.6552744209466264,1785286400.0001678
4,6935,0.5543671250343323,0.6551030668677728,1785286400.22441
4,6936,0.6230486035346985,0.6549008534136547,1785286400.409976
4,6937,0.7053495645523071,0.6550125313283208,1785286400.5890458
4,6938,0.7760485410690308,0.6551551551551551,1785286400.768412
4,6939,0.46825504302978516,0.655203648175912,1785286400.9766674
4,6940,0.6048219799995422,0.6551584331337326,1785286401.186355
4,6941,0.7000834941864014,0.6550822122571002,1785286401.3736553
4,6942,0.5077062845230103,0.6551616915422885,1785286401.5631533
4,6943,0.5262294411659241,0.6550856929955291,1785286401.7429283
4,6944,0.45173725485801697,0.6550409226190477,1785286401.926902
4,6945,0.5816048383712769,0.6549653293709757,1785286402.107803
4,6946,0.6800271272659302,0.654982690405539,1785286402.2872381
4,6947,0.6750919818878174,0.655,1785286402.5155299
4,6948,0.6779236793518066,0.6551405325443787,1785286402.6967828
4,6949,0.7285977602005005,0.6551267848350566,1785286402.875982
4,6950,0.6676061153411865,0.6552667158308751,1785286403.0620165
4,6951,0.5840960741043091,0.6553448699067256,1785286403.259419
4,6952,0.5831971764564514,0.655422794117647,1785286403.4405026
4,6953,0.6245341897010803,0.6553169358786098,1785286403.6235487
4,6954,0.5723034739494324,0.6553335777126099,1785286403.804332
4,6955,0.5405078530311584,0.6553196681307956,1785286404.0270412
4,6956,0.5003111362457275,0.6553362573099415,1785286404.2155094
4,6957,0.5580582022666931,0.6552919708029197,1785286404.4062767
4,6958,0.5631284117698669,0.6551263362487852,1785286404.586216
4,6959,0.5318902730941772,0.6549005337214944,1785286404.7669663
4,6960,0.5644815564155579,0.6548570736434108,1785286404.9460337
4,6961,0.6197819113731384,0.6546323173681664,1785286405.1264522
4,6962,0.5721079111099243,0.6546799516908213,1785286405.3073328
4,6963,0.649040699005127,0.6547575976845152,1785286405.5280752
4,6964,0.5731073021888733,0.6548350192678227,1785286405.7070107
4,6965,0.6567041277885437,0.6548220298220299,1785286405.8861015
4,6966,0.6410596966743469,0.6549291546589817,1785286406.085126
4,6967,0.6748642325401306,0.6548561151079136,1785286406.265407
4,6968,0.8102494478225708,0.6548431513409961,1785286406.4442894
4,6969,0.5044763684272766,0.6548900047824008,1785286406.6237183
4,6970,0.5823713541030884,0.654757640878701,1785286406.8050508
4,6971,0.5135980248451233,0.6546554601812112,1785286407.015115
4,6972,0.5927997827529907,0.6546428571428572,1785286407.1942444
4,6973,0.6871967315673828,0.6546005706134094,1785286407.3728812
4,6974,0.6228500604629517,0.6545287274453941,1785286407.553295
4,6975,0.5831719636917114,0.654427453769559,1785286407.7737696
4,6976,0.6047484278678894,0.6542080965909091,1785286407.9544966
4,6977,0.4689617156982422,0.6542848699763594,1785286408.1335256
4,6978,0.5226544141769409,0.6542728989612843,1785286408.3149512
4,6979,0.4842979311943054,0.6541725601131542,1785286408.5255647
4,6980,0.48625123500823975,0.6541607815442562,1785286408.7185798
4,6981,0.4791363477706909,0.6541490362012223,1785286408.8995407
4,6982,0.7510077953338623,0.6542840375586855,1785286409.0982862
4,6983,0.38948148488998413,0.6544186591654946,1785286409.2769766
4,6984,0.6170492172241211,0.65437734082397,1785286409.4729693
4,6985,0.5401121973991394,0.6542484805984105,1785286409.6518745
4,6986,0.4857424795627594,0.6541783380018674,1785286409.8317251
4,6987,0.6843326687812805,0.6541958041958041,1785286410.0327055
4,6988,0.4912463426589966,0.6541841247672253,1785286410.211942
4,6989,0.5129220485687256,0.6541434216643421,1785286410.3903787
4,6990,0.6126570701599121,0.6542479108635098,1785286410.5788705
4,6991,0.4639316201210022,0.654323133982383,1785286410.7574887
4,6992,0.7153846621513367,0.6544849537037037,1785286410.936059
4,6993,0.6822692155838013,0.6544440591770689,1785286411.1170363
4,6994,0.5800973176956177,0.6545475530932595,1785286411.2984645
4,6995,0.6618762016296387,0.6545066851083449,1785286411.5051668
4,6996,0.6760582327842712,0.6546673572744015,1785286411.691789
4,6997,0.4327118694782257,0.6546551724137931,1785286411.870642
4,6998,0.5861632227897644,0.6546717171717171,1785286412.049311
4,6999,0.5819696187973022,0.6544876203576341,1785286412.2693987
4,7000,0.5699644684791565,0.6542467948717948,1785286412.4614525
4,7001,0.7707193493843079,0.6543495656149977,1785286412.641883
4,7002,0.5188812017440796,0.6543949771689498,1785286412.8372397
4,7003,0.5403693914413452,0.6543832649338805,1785286413.0202763
4,7004,0.710892915725708,0.6542577413479053,1785286413.2166407
4,7005,0.6129225492477417,0.6542178262846748,1785286413.4066126
4,7006,0.5042635798454285,0.6542347865576749,1785286413.5940893
4,7007,0.500933051109314,0.6541950113378685,1785286413.8606567
4,7008,0.5329049825668335,0.654098731884058,1785286414.0534375
4,7009,0.5619363784790039,0.6540875169606513,1785286414.242195
4,7010,0.6068403720855713,0.6541610207768744,1785286414.428564
4,7011,0.6456062197685242,0.6540087956698241,1785286414.6766114
4,7012,0.8429273366928101,0.6541385135135135,1785286414.8825223
4,7013,0.6214752793312073,0.6540148448043185,1785286415.0759053
4,7014,0.5135082006454468,0.6540599730458221,1785286415.2667758
4,7015,0.4933891296386719,0.6539928218932256,1785286415.527824
4,7016,0.5735725164413452,0.6538698476702509,1785286415.719028
4,7017,0.5948032736778259,0.6536353467561521,1785286415.9091225
4,7018,0.7072538137435913,0.6537086684539768,1785286416.1000578
4,7019,0.5956475138664246,0.6537539045069165,1785286416.3151972
4,7020,0.5653919577598572,0.6536876114081996,1785286416.5070622
4,7021,0.48175758123397827,0.6537327547841566,1785286416.6983068
4,7022,0.5807827711105347,0.6538055555555555,1785286416.8873858
4,7023,0.5607005953788757,0.6537671992898357,1785286417.1337192
4,7024,0.5826879739761353,0.6538120567375887,1785286417.3240407
4,7025,0.5867049098014832,0.6537737937140328,1785286417.5140994
4,7026,0.6122477054595947,0.6535698496905393,1785286417.699507
4,7027,0.6070783734321594,0.6535596026490066,1785286417.9342766
4,7028,0.541523277759552,0.6536044973544973,1785286418.1286485
4,7029,0.7965717911720276,0.6536492734478203,1785286418.3196878
4,7030,0.5940430164337158,0.6536389621811786,1785286418.5256178
4,7031,0.5666640996932983,0.6536286780851999,1785286418.713546
4,7032,0.5798593759536743,0.6535087719298246,1785286418.8981085
4,7033,0.3962269425392151,0.6536355672360928,1785286419.0854347
4,7034,0.5426099896430969,0.6535979877515311,1785286419.272203
4,7035,0.4975956082344055,0.6536970292704237,1785286419.5121114
4,7036,0.5994849801063538,0.6536321989528796,1785286419.693081
4,7037,0.5676693916320801,0.6535947712418301,1785286419.8755338
4,7038,0.5918733477592468,0.6536934290687555,1785286420.0579922
4,7039,0.5225206017494202,0.6536288570186876,1785286420.2710166
4,7040,0.5895646810531616,0.65380859375,1785286420.471378
4,7041,0.5482490062713623,0.6536627654963155,1785286420.6542177
4,7042,0.80340975522995,0.6535443722943723,1785286420.8363168
4,7043,0.8054941892623901,0.6534262862083874,1785286421.0512714
4,7044,0.5290684700012207,0.6532815198618307,1785286421.2349455
4,7045,0.5590523481369019,0.6532718844329453,1785286421.428249
4,7046,0.5399369597434998,0.653369939707149,1785286421.613027
4,7047,0.67266845703125,0.6533064516129032,1785286421.827187
4,7048,0.7231726050376892,0.6532431271477663,1785286422.0175068
4,7049,0.6786446571350098,0.6532604032604032,1785286422.2057776
4,7050,0.6193124055862427,0.6531973007712082,1785286422.3972833
4,7051,0.43211930990219116,0.6532413350449294,1785286422.61981
4,7052,0.5856980085372925,0.653258547008547,1785286422.8073473
4,7053,0.7433003187179565,0.6532223644899702,1785286423.003066
4,7054,0.5336782336235046,0.6531596334185849,1785286423.1869812
4,7055,0.635030210018158,0.6529906343124734,1785286423.4143283
4,7056,0.42659690976142883,0.6528486394557823,1785286423.6076007
4,7057,0.6376157999038696,0.6529723991507431,1785286423.7994285
4,7058,0.625148355960846,0.6529633163698049,1785286423.991889
4,7059,0.6082350611686707,0.6529013130029648,1785286424.2356896
4,7060,0.549905002117157,0.653050972927242,1785286424.4270718
4,7061,0.5271177887916565,0.6530682298267849,1785286424.6190274
4,7062,0.5096360445022583,0.6531381856540084,1785286424.8123431
4,7063,0.6135497093200684,0.6533133164770333,1785286425.0250041
4,7064,0.4779805839061737,0.6533827861952862,1785286425.2178621
4,7065,0.6734589338302612,0.6533469945355191,1785286425.4093032
4,7066,0.5457577109336853,0.6534949622166247,1785286425.6019127
4,7067,0.6411174535751343,0.6535639412997903,1785286425.8360882
4,7068,0.6030780076980591,0.6536589195979899,1785286426.028388
4,7069,0.5393195748329163,0.6537536595566709,1785286426.2546048
4,7070,0.5598175525665283,0.6539003759398496,1785286426.453127
4,7071,0.6812810897827148,0.6539163537755528,1785286426.6469064
4,7072,0.6024810075759888,0.6539322916666667,1785286426.8393264
4,7073,0.5442545413970947,0.6538961714523512,1785286427.0325599
4,7074,0.666402280330658,0.6539380714879468,1785286427.2244256
4,7075,0.540827214717865,0.6537982565379825,1785286427.489447
4,7076,0.693687379360199,0.6537883499170812,1785286427.6857936
4,7077,0.5251197218894958,0.6538561076604554,1785286427.8776345
4,7078,0.7355313897132874,0.6538720016542597,1785286428.0727592
4,7079,0.7466121912002563,0.6540169351507642,1785286428.2835753
4,7080,0.5285311937332153,0.6538778877887789,1785286428.4778116
4,7081,0.5484700202941895,0.65389369592089,1785286428.6695848
4,7082,0.41853952407836914,0.6539609053497942,1785286428.8600605
4,7083,0.5034767985343933,0.6539508836826963,1785286429.1296625
4,7084,0.5272080302238464,0.6538639162561576,1785286429.321426
4,7085,0.5367503762245178,0.6539052890528906,1785286429.5264165
4,7086,0.6719082593917847,0.6539465601965602,1785286429.7188444
4,7087,0.5951976776123047,0.6540132924335378,1785286429.910974
4,7088,0.6145012378692627,0.6539266748366013,1785286430.1028295
4,7089,0.6024908423423767,0.6538657690738474,1785286430.2940907
4,7090,0.5173894166946411,0.6538050122249389,1785286430.4853225
4,7091,0.5400091409683228,0.6538461538461539,1785286430.7037022
4,7092,0.6125202775001526,0.6538109756097561,1785286430.9175363
4,7093,0.696951150894165,0.6538012586276898,1785286431.1086423
4,7094,0.6875958442687988,0.6538422546634225,1785286431.3018625
4,7095,0.5365405678749084,0.6538831510733091,1785286431.4940681
4,7096,0.5616006851196289,0.6537469660194175,1785286431.6859033
4,7097,0.645279049873352,0.6537373737373737,1785286431.886952
4,7098,0.5924752950668335,0.6538286924939467,1785286432.1101787
4,7099,0.6333061456680298,0.653869407496977,1785286432.3023696
4,7100,0.705527663230896,0.6537842190016103,1785286432.496803
4,7101,0.8415141701698303,0.6538751507840772,1785286432.7017968
4,7102,0.4455905556678772,0.6539156626506024,1785286432.9161205
4,7103,0.6609532833099365,0.6537805856397915,1785286433.1071992
4,7104,0.7360055446624756,0.6537960737179487,1785286433.3078299
4,7105,0.48264080286026,0.653686474589836,1785286433.4912577
4,7106,0.5687110424041748,0.653751998401279,1785286433.7057393
4,7107,0.6547308564186096,0.653692614770459,1785286433.8995016
4,7108,0.5643730163574219,0.6536582934609251,1785286434.097056
4,7109,0.5980433225631714,0.6536987256073278,1785286434.2848358
4,7110,0.5929407477378845,0.6537887828162291,1785286434.492888
4,7111,0.5317029356956482,0.6537544696066746,1785286434.6851208
4,7112,0.5446881055831909,0.6537450396825397,1785286434.9044943
4,7113,0.5251286625862122,0.6537356321839081,1785286435.0972126
4,7114,0.4800742268562317,0.653701504354711,1785286435.3115003
4,7115,0.6697182655334473,0.6537663107947805,1785286435.5029612
4,7116,0.47303956747055054,0.6537322274881516,1785286435.7063453
4,7117,0.5223758816719055,0.6536489151873768,1785286435.8999815
4,7118,0.6975265145301819,0.6536643026004728,1785286436.097503
4,7119,0.5405553579330444,0.6535812672176309,1785286436.2785244
4,7120,0.5548534989356995,0.6535229952830188,1785286436.471787
4,7121,0.7581785321235657,0.6535139379662348,1785286436.6552837
4,7122,0.49265187978744507,0.6535294117647059,1785286436.854946
4,7123,0.6404550075531006,0.6535448491970232,1785286437.0494833
4,7124,0.5309311747550964,0.6534135367762128,1785286437.2372873
4,7125,0.5025321841239929,0.6534046502540055,1785286437.429526
4,7126,0.6798235177993774,0.6533469945355191,1785286437.6278863
4,7127,0.6191936731338501,0.6534600389863547,1785286437.812371
4,7128,0.4450685381889343,0.6534511292834891,1785286437.9969728
4,7129,0.6180424094200134,0.6534665499805523,1785286438.1821613
4,7130,0.6203557252883911,0.6533848096348096,1785286438.370244
4,7131,0.9928651452064514,0.653279006596818,1785286438.5715504
4,7132,0.7288475632667542,0.6532461240310078,1785286438.7584898
4,7133,0.5723319053649902,0.6532133178474642,1785286438.9420464
4,7134,0.5925167798995972,0.6531322505800464,1785286439.1453664
4,7135,0.5074343085289001,0.6531720741599073,1785286439.3292313
4,7136,0.49892932176589966,0.6531394675925926,1785286439.5344102
4,7137,0.4607028663158417,0.653131021194605,1785286439.7198827
4,7138,0.5756300687789917,0.6532669361046959,1785286439.9217544
4,7139,0.5320966839790344,0.6533544790465206,1785286440.1062565
4,7140,0.5010969042778015,0.6533698156682027,1785286440.3181844
4,7141,0.46027350425720215,0.653361143076333,1785286440.5018241
4,7142,0.7180320024490356,0.6533045977011495,1785286440.6873403
4,7143,0.6074448823928833,0.6532481821660926,1785286440.8696258
4,7144,0.5848867297172546,0.6532157874617737,1785286441.0721898
4,7145,0.8363481760025024,0.6532073310423826,1785286441.2568138
4,7146,0.5312702059745789,0.6532465675057209,1785286441.4428751
4,7147,0.690399169921875,0.6531190476190476,1785286441.6546595
4,7148,0.5447992086410522,0.6531107305936074,1785286441.8501763
4,7149,0.6371926665306091,0.6530311668567085,1785286442.0339134
4,7150,0.5453149676322937,0.6529755125284739,1785286442.2367086
4,7151,0.6753199696540833,0.6528962836556693,1785286442.4192069
4,7152,0.5543792843818665,0.6528172348484849,1785286442.6207306
4,7153,0.4503607749938965,0.652903897086644,1785286442.8036592
4,7154,0.5560879707336426,0.6528486394557823,1785286442.9867911
4,7155,0.6252121329307556,0.6529586636466591,1785286443.1673443
4,7156,0.5292635560035706,0.6530684389140271,1785286443.3512676
4,7157,0.4778085947036743,0.6530838041431262,1785286443.5328398
4,7158,0.6118410229682922,0.6531461625282167,1785286443.73103
4,7159,0.6476109027862549,0.6531614054866591,1785286443.9136455
4,7160,0.516470193862915,0.6531766141141141,1785286444.0947776
4,7161,0.4769090414047241,0.6532386576677915,1785286444.2761564
4,7162,0.5071634650230408,0.6532069288389513,1785286444.469227
4,7163,0.6578602194786072,0.6531518892630004,1785286444.6518328
4,7164,0.685271143913269,0.6530969730941704,1785286444.8347094
4,7165,0.5807225704193115,0.6529955207166853,1785286445.032174
4,7166,0.6242653131484985,0.6530574198359433,1785286445.2175977
4,7167,0.4096815586090088,0.6531191806331471,1785286445.4276185
4,7168,0.7757529020309448,0.6531343005952381,1785286445.6103606
4,7169,0.5338805913925171,0.6532655146785582,1785286445.7912376
4,7170,0.507481575012207,0.6532108389012621,1785286445.9729428
4,7171,0.6015918850898743,0.6532953281423804,1785286446.170614
4,7172,0.6503946781158447,0.6532638888888889,1785286446.3536253
4,7173,0.48973655700683594,0.6532556418793932,1785286446.5342782
4,7174,0.573743462562561,0.6532474131559497,1785286446.7168648
4,7175,0.4584513306617737,0.6533084163898117,1785286446.9374008
4,7176,0.6228540539741516,0.6532310103244838,1785286447.1213624
4,7177,0.4985784590244293,0.6532688766114181,1785286447.3033693
4,7178,0.6403540372848511,0.6533526490066225,1785286447.4883683
4,7179,0.6978651285171509,0.653436236677692,1785286447.6989768
4,7180,0.6554663181304932,0.6533819750367107,1785286447.886104
4,7181,0.5886222124099731,0.6534195086175284,1785286448.0686386
4,7182,0.5927181243896484,0.6534111721611722,1785286448.2526774
4,7183,0.7486144304275513,0.6533799853640688,1785286448.4722276
4,7184,0.6718587279319763,0.6534173976608187,1785286448.6594124
4,7185,0.5090108513832092,0.6535688207374954,1785286448.842942
4,7186,0.6238710880279541,0.6536743253099927,1785286449.027957
4,7187,0.5402833223342896,0.6536657559198543,1785286449.2390196
4,7188,0.601677656173706,0.6536572052401747,1785286449.4225223
4,7189,0.6028329133987427,0.6536713922210106,1785286449.6250753
4,7190,0.6688655614852905,0.6536401597676107,1785286449.8098037
4,7191,0.6442086696624756,0.6535863257163583,1785286450.0369449
4,7192,0.6801130771636963,0.6534420289855073,1785286450.2311208
4,7193,0.6129506230354309,0.6534563879840752,1785286450.4153316
4,7194,0.5679782032966614,0.653470715835141,1785286450.5990567
4,7195,0.5954746007919312,0.6533270133622247,1785286450.8241677
4,7196,0.4733940660953522,0.6532287157287158,1785286451.0116024
4,7197,0.5692170262336731,0.6532207207207207,1785286451.1923013
4,7198,0.5833112001419067,0.6530102591792657,1785286451.3918703
4,7199,0.5868539810180664,0.653002517080187,1785286451.5757031
4,7200,0.5333649516105652,0.652972341954023,1785286451.7581067
4,7201,0.5451974272727966,0.6528973806960889,1785286451.9485734
4,7202,0.7682850360870361,0.6529793906810036,1785286452.1330087
4,7203,0.5441067814826965,0.6529493376297888,1785286452.3313787
4,7204,0.6459949016571045,0.6529193490701002,1785286452.5147648
4,7205,0.535240113735199,0.6526884601643445,1785286452.6998758
4,7206,0.4680992364883423,0.6527257316202713,1785286452.8813717
4,7207,0.6549185514450073,0.6527406417112299,1785286453.1011932
4,7208,0.6651510000228882,0.6526664886039886,1785286453.2846403
4,7209,0.5213525295257568,0.6526591960156528,1785286453.485425
4,7210,0.5574119091033936,0.6524964463397299,1785286453.6698363
4,7211,0.4850095510482788,0.6525337238196663,1785286453.877596
4,7212,0.587610125541687,0.6525265957446809,1785286454.0592842
4,7213,0.5235304832458496,0.6524530641161884,1785286454.2587786
4,7214,0.5087926387786865,0.6524460368011323,1785286454.4409385
4,7215,0.5043179988861084,0.652394839165783,1785286454.6514628
4,7216,0.7509428858757019,0.652387888418079,1785286454.8476837
4,7217,0.5784536600112915,0.6523589065255732,1785286455.0471125
4,7218,0.523550271987915,0.6524180761099366,1785286455.2403102
4,7219,0.6521719694137573,0.652411122844069,1785286455.4210064
4,7220,0.4037507176399231,0.6523822081575246,1785286455.6045108
4,7221,0.5517410039901733,0.6524631190727082,1785286455.8204346
4,7222,0.620784342288971,0.6524342105263158,1785286456.0089674
4,7223,0.5932848453521729,0.6523834560112163,1785286456.190394
4,7224,0.6633825302124023,0.6524203431372549,1785286456.3715775
4,7225,0.4085312485694885,0.6524790136411333,1785286456.554142
4,7226,0.7241880893707275,0.6524502096436059,1785286456.7350073
4,7227,0.6258442401885986,0.6523778359511344,1785286456.983626
4,7228,0.5997052788734436,0.6523274058577406,1785286457.1678526
4,7229,0.7690609097480774,0.6523859282479972,1785286457.350426
4,7230,0.5038488507270813,0.6524225817675713,1785286457.5650573
4,7231,0.5934101939201355,0.6524374348279458,1785286457.7482693
4,7232,0.5644750595092773,0.6522135416666667,1785286457.9314573
4,7233,0.49963027238845825,0.6521635449184877,1785286458.1146026
4,7234,0.5184313654899597,0.6522002772002772,1785286458.3233213
4,7235,0.6633049249649048,0.652128764278297,1785286458.507551
4,7236,0.6867160201072693,0.6522519017980636,1785286458.6921406
4,7237,0.5849801301956177,0.6522236614853195,1785286458.8782203
4,7238,0.5142380595207214,0.652281746031746,1785286459.0615892
4,7239,0.6360654234886169,0.652296621854533,1785286459.291254
4,7240,0.6054187417030334,0.6522038567493113,1785286459.4760184
4,7241,0.5026381015777588,0.6522187822497421,1785286459.6579037
4,7242,0.6275322437286377,0.6521907216494846,1785286459.8661885
4,7243,0.7395176887512207,0.6522056299347752,1785286460.0505426
4,7244,0.6377017498016357,0.6522205075445816,1785286460.23568
4,7245,0.7632697224617004,0.6522781774580336,1785286460.431363
4,7246,0.5332441329956055,0.652335728952772,1785286460.6317935
4,7247,0.5929132699966431,0.6524145299145299,1785286460.816365
4,7248,0.48686134815216064,0.6523864412568307,1785286461.000673
4,7249,0.46902862191200256,0.6523797338792221,1785286461.2021177
4,7250,0.6553183197975159,0.6523304362644854,1785286461.3885214
4,7251,0.8292624950408936,0.6523450800136193,1785286461.5706277
4,7252,0.7234314680099487,0.6524234693877551,1785286461.755019
4,7253,0.5218123197555542,0.6524592252803262,1785286461.9385846
4,7254,0.6487748026847839,0.6524949083503055,1785286462.1233335
4,7255,0.6837072372436523,0.6524669379450662,1785286462.326559
4,7256,0.46752607822418213,0.6525237127371274,1785286462.508202
4,7257,0.3954240679740906,0.6526438240270728,1785286462.689405
4,7258,0.6603146195411682,0.6525946585530764,1785286462.8723993
4,7259,0.6423864364624023,0.6525667004390409,1785286463.0980792
4,7260,0.5825974345207214,0.652580971659919,1785286463.2796338
4,7261,0.5407422780990601,0.6525320188742838,1785286463.478285
4,7262,0.6071251034736633,0.6525042087542088,1785286463.6789622
4,7263,0.5015214681625366,0.6524764547595022,1785286463.8601503
4,7264,0.663105845451355,0.6524067540322581,1785286464.045107
4,7265,0.5259297490119934,0.6524630748573347,1785286464.2495465
4,7266,0.7456399202346802,0.6526240778001341,1785286464.4310176
4,7267,0.6513612866401672,0.6525963149078727,1785286464.6117716
4,7268,0.7107515931129456,0.6525895247657296,1785286464.7932677
4,7269,0.43243205547332764,0.6526245402875293,1785286464.9754503
4,7270,0.5126541256904602,0.6525759853039412,1785286465.1582983
4,7271,0.40799829363822937,0.6526943610276944,1785286465.362339
4,7272,0.5319672226905823,0.6525833333333333,1785286465.5454996
4,7273,0.5185475945472717,0.6525974025974026,1785286465.7356386
4,7274,0.6600554585456848,0.6526530272787758,1785286465.927692
4,7275,0.5611248016357422,0.652625456962446,1785286466.1640067
4,7276,0.4917641282081604,0.6527016932270916,1785286466.3548663
4,7277,0.5010178089141846,0.6527363184079602,1785286466.5454152
4,7278,0.5632266402244568,0.6526052021206097,1785286466.7578344
4,7279,0.43061020970344543,0.6526605428666005,1785286466.987119
4,7280,0.5974928736686707,0.6526744378306878,1785286467.1978614
4,7281,0.5376516580581665,0.652585067723819,1785286467.395905
4,7282,0.5289218425750732,0.6525783828382838,1785286467.5949843
4,7283,0.5422993898391724,0.6526335311572701,1785286467.8178806
4,7284,0.5729468464851379,0.6526268115942029,1785286468.0103781
4,7285,0.6379125714302063,0.6527023692003948,1785286468.2225285
4,7286,0.5428566932678223,0.6526955950032873,1785286468.428492
4,7287,0.5347548723220825,0.6527298850574713,1785286468.619834
4,7288,0.5718056559562683,0.6527436023622047,1785286468.8117883
4,7289,0.4688322842121124,0.6528187479514913,1785286469.0047224
4,7290,0.7186917066574097,0.6527709561231172,1785286469.195544
4,7291,0.6318102478981018,0.6526414785737651,1785286469.3894916
4,7292,0.39056506752967834,0.6527165032679738,1785286469.5806441
4,7293,0.6114856600761414,0.6525873326803787,1785286469.7743905
4,7294,0.49008315801620483,0.6526214938030006,1785286469.9653032
4,7295,0.5614214539527893,0.6527166829586184,1785286470.21941
4,7296,0.759456992149353,0.652587890625,1785286470.429926
4,7297,0.4887973368167877,0.652520325203252,1785286470.6259494
4,7298,0.6681617498397827,0.6525341130604289,1785286470.826999
4,7299,0.7215421795845032,0.6523855890944499,1785286471.0212917
4,7300,0.5696616768836975,0.6522778858625162,1785286471.2145267
4,7301,0.749065637588501,0.6522918691286038,1785286471.4084005
4,7302,0.5728758573532104,0.6523462783171521,1785286471.6249285
4,7303,0.6285268664360046,0.6522995473650178,1785286471.8538096
4,7304,0.5039138197898865,0.6522327196382429,1785286472.061686
4,7305,0.7165497541427612,0.6521256857050661,1785286472.2776592
4,7306,0.3974877595901489,0.6521598968407479,1785286472.4731514
4,7307,0.592673659324646,0.652073268921095,1785286472.666483
4,7308,0.6608600616455078,0.6521476833976834,1785286472.857849
4,7309,0.5865665078163147,0.6521415943426551,1785286473.0526304
4,7310,0.5206466317176819,0.6521555876685935,1785286473.2472615
4,7311,0.5167734026908875,0.6521896053897979,1785286473.4570317
4,7312,0.4788786470890045,0.6522435897435898,1785286473.6410034
4,7313,0.4786180257797241,0.6521974063400576,1785286473.8543253
4,7314,0.5180452466011047,0.652071337172105,1785286474.0533714
4,7315,0.5902732014656067,0.6520453819111537,1785286474.2342575
4,7316,0.34107962250709534,0.6521990740740741,1785286474.4285588
4,7317,0.6644185781478882,0.6522527910685806,1785286474.619843
4,7318,0.341940701007843,0.6523661567877629,1785286474.8014894
4,7319,0.691503643989563,0.6523201209805795,1785286474.9827354
4,7320,0.47271209955215454,0.6522741730279898,1785286475.1642172
4,7321,0.5851694941520691,0.6522481728630442,1785286475.3469884
4,7322,0.5315499305725098,0.6522619047619047,1785286475.5336509
4,7323,0.5089606046676636,0.6521963209641611,1785286475.7554586
4,7324,0.5785660743713379,0.6522100760456274,1785286475.9494228
4,7325,0.6198049783706665,0.6521644507755618,1785286476.1484632
4,7326,0.49999311566352844,0.6522177419354839,1785286476.346686
4,7327,0.5156661868095398,0.6522709320695103,1785286476.5293217
4,7328,0.5108745694160461,0.6521464646464646,1785286476.72656
4,7329,0.6475182771682739,0.6521207820876695,1785286476.9066703
4,7330,0.6941809058189392,0.6520951480781348,1785286477.0882337
4,7331,0.5615805387496948,0.6521089077746302,1785286477.2934804
4,7332,0.5496357679367065,0.652004716981132,1785286477.4757202
4,7333,0.449239581823349,0.6520185359723532,1785286477.6724572
4,7334,0.5444096922874451,0.6521500313873195,1785286477.8544488
4,7335,0.6211735010147095,0.6520656945751019,1785286478.0939646
4,7336,0.5564042329788208,0.6521577380952381,1785286478.278688
4,7337,0.6437963247299194,0.652112676056338,1785286478.4634302
4,7338,0.5733310580253601,0.6521458724202627,1785286478.6470048
4,7339,0.5440908670425415,0.6521790065604499,1785286478.867314
4,7340,0.6105106472969055,0.6521340511860175,1785286479.0554125
4,7341,0.779456377029419,0.6521866230121609,1785286479.2396598
4,7342,0.6564938426017761,0.652297507788162,1785286479.4219234
4,7343,0.5073754787445068,0.6522136632430751,1785286479.6451156
4,7344,0.6811947226524353,0.6521882773631841,1785286479.8343308
4,7345,0.662061333656311,0.6522406026716372,1785286480.0173833
4,7346,0.6168744564056396,0.6521764432029795,1785286480.227859
4,7347,0.5059384107589722,0.6522093023255814,1785286480.4100668
4,7348,0.5840947031974792,0.6521259293680297,1785286480.593868
4,7349,0.6596800088882446,0.6521007428040855,1785286480.7786977
4,7350,0.6741262674331665,0.6521335807050093,1785286480.9645836
4,7351,0.5053189992904663,0.652089125733704,1785286481.1818597
4,7352,0.7671558856964111,0.6520833333333333,1785286481.364447
4,7353,0.5082544088363647,0.6520582793709528,1785286481.549524
4,7354,0.576115608215332,0.6520910351201479,1785286481.7326255
4,7355,0.44037407636642456,0.6521237303785781,1785286481.9524324
4,7356,0.5369012951850891,0.6522140221402214,1785286482.1431012
4,7357,0.5914250612258911,0.6522081413210445,1785286482.3285253
4,7358,0.4952751696109772,0.6521639042357275,1785286482.5233004
4,7359,0.7683383226394653,0.6521964121435143,1785286482.7322721
4,7360,0.42756322026252747,0.6521714154411765,1785286482.9169452
4,7361,0.749316930770874,0.6521464646464646,1785286483.0997212
4,7362,0.6656358242034912,0.6521406727828746,1785286483.2983851
4,7363,0.6116514801979065,0.6520776046440574,1785286483.5043187
4,7364,0.5481498837471008,0.6520337301587301,1785286483.6878128
4,7365,0.6781626343727112,0.6521043000914913,1785286483.886075
4,7366,0.5858815908432007,0.6521556977452773,1785286484.0692592
4,7367,0.48845213651657104,0.6521879756468798,1785286484.2732825
4,7368,0.524020254611969,0.6521821776155717,1785286484.4719636
4,7369,0.5279988050460815,0.6521573989668794,1785286484.6547973
4,7370,0.5240628719329834,0.6520757437765634,1785286484.835244
4,7371,0.48707693815231323,0.6521838034576888,1785286485.0447674
4,7372,0.5102258324623108,0.6521780303030303,1785286485.2253737
4,7373,0.48681437969207764,0.652229034211323,1785286485.406513
4,7374,0.5135937929153442,0.6522610405323654,1785286485.5896156
4,7375,0.6927463412284851,0.6522552130553038,1785286485.8161402
4,7376,0.6494629383087158,0.6523060084541062,1785286485.9976435
4,7377,0.5244696736335754,0.6523190045248869,1785286486.1810358
4,7378,0.5464027523994446,0.6522377938517179,1785286486.3651326
4,7379,0.5069565176963806,0.6521943691659139,1785286486.578568
4,7380,0.6222864389419556,0.652169825511432,1785286486.7742994
4,7381,0.5441211462020874,0.6522016831980764,1785286486.9569128
4,7382,0.6016517281532288,0.6521771771771772,1785286487.1392162
4,7383,0.7444971203804016,0.6522277227722773,1785286487.347832
4,7384,0.625843346118927,0.6522594424460432,1785286487.5317724
4,7385,0.8511127233505249,0.6521975142258161,1785286487.7150152
4,7386,0.7202735543251038,0.6521730999401556,1785286487.8974552
4,7387,0.5352516770362854,0.6522421524663677,1785286488.1245897
4,7388,0.5467546582221985,0.6522364097968937,1785286488.3218987
4,7389,0.5473754405975342,0.6522493285586393,1785286488.5064049
4,7390,0.6935480237007141,0.6522994931425165,1785286488.691098
4,7391,0.6406784057617188,0.6522937146261543,1785286488.9174364
4,7392,0.5184282660484314,0.65234375,1785286489.1147048
4,7393,0.5203559398651123,0.6523379423134107,1785286489.2959952
4,7394,0.4894755780696869,0.6522578728461081,1785286489.4793823
4,7395,0.6438047289848328,0.6522336004749184,1785286489.6920123
4,7396,0.6786045432090759,0.6522649762752076,1785286489.8934405
4,7397,0.41879767179489136,0.6522962962962963,1785286490.0750928
4,7398,0.7479943037033081,0.6522905565423327,1785286490.2588377
4,7399,0.5377436876296997,0.6522663413191363,1785286490.4712434
4,7400,0.5308390855789185,0.6522421690307328,1785286490.656644
4,7401,0.5538852214813232,0.6521626808385002,1785286490.866613
4,7402,0.5476210713386536,0.6522123893805309,1785286491.0703783
4,7403,0.5037938356399536,0.6522435897435898,1785286491.2631998
4,7404,0.558128833770752,0.6522563309776207,1785286491.475339
4,7405,0.5765135884284973,0.6523058252427184,1785286491.6672122
4,7406,0.5705292820930481,0.652336860670194,1785286491.8752866
4,7407,0.6964451670646667,0.6523127753303964,1785286492.0675433
4,7408,0.6346738338470459,0.65234375,1785286492.2667928
4,7409,0.5400673747062683,0.6522280856053944,1785286492.464434
4,7410,0.6693910956382751,0.6522590802577621,1785286492.6507344
4,7411,0.49855923652648926,0.6522900204858063,1785286492.8899012
4,7412,0.7221575975418091,0.6522843567251462,1785286493.07809
4,7413,0.5788221955299377,0.6522056675430908,1785286493.283274
4,7414,0.543593168258667,0.6522000875656743,1785286493.466763
4,7415,0.5329276919364929,0.6521580635753864,1785286493.6502724
4,7416,0.43968942761421204,0.652134324009324,1785286493.8409758
4,7417,0.516874372959137,0.6520924308588064,1785286494.0244148
4,7418,0.6348457336425781,0.6521596858638743,1785286494.2155006
4,7419,0.5088802576065063,0.6521904969485615,1785286494.4318779
4,7420,0.5639517903327942,0.6522212543554007,1785286494.629012
4,7421,0.43710216879844666,0.6522338265158109,1785286494.8125408
4,7422,0.5624335408210754,0.6522826086956521,1785286494.9932442
4,7423,0.5918682217597961,0.6523132059079062,1785286495.216014
4,7424,0.5733516216278076,0.6522894965277778,1785286495.403173
4,7425,0.44583016633987427,0.6523019658860942,1785286495.5841057
4,7426,0.4519299268722534,0.6523144136337378,1785286495.783483
4,7427,0.7018946409225464,0.6524711399711399,1785286495.9644566
4,7428,0.7125254273414612,0.6525014417531718,1785286496.1481106
4,7429,0.8035533428192139,0.6525496974935178,1785286496.3311188
4,7430,0.7473434209823608,0.6526518422567645,1785286496.51162
4,7431,0.4610077142715454,0.6526459591601955,1785286496.7480533
4,7432,0.5480859279632568,0.6525502873563218,1785286496.933241
4,7433,0.5940687656402588,0.6526162790697675,1785286497.147837
4,7434,0.4915331304073334,0.6524849397590361,1785286497.3311267
4,7435,0.8255882263183594,0.6524433935224992,1785286497.540356
4,7436,0.5056259632110596,0.6523661225658648,1785286497.7413177
4,7437,0.6365123391151428,0.6522711015736766,1785286497.9236639
4,7438,0.45390355587005615,0.6522477129788451,1785286498.105314
4,7439,0.513035774230957,0.6523136246786633,1785286498.3420906
4,7440,0.5172125101089478,0.6523259132420092,1785286498.5383549
4,7441,0.4779379665851593,0.6523381807812946,1785286498.739979
4,7442,0.5548909902572632,0.6523504273504274,1785286498.923477
4,7443,0.658076822757721,0.6524338172502135,1785286499.1068456
4,7444,0.5104392766952515,0.6524992889647326,1785286499.2895458
4,7445,0.5250773429870605,0.6525291275930662,1785286499.4743874
4,7446,0.5071794986724854,0.6525234241908007,1785286499.6563458
4,7447,0.555716335773468,0.6524468085106383,1785286499.864523
4,7448,0.6651768684387207,0.6524411848072562,1785286500.086043
4,7449,0.6877691745758057,0.6526125743415463,1785286500.267825
4,7450,0.5435304045677185,0.6526068194680249,1785286500.4642503
4,7451,0.6881911158561707,0.6525480633305061,1785286500.6488004
4,7452,0.5071236491203308,0.6525776836158192,1785286500.8313622
4,7453,0.7008641362190247,0.6525896133220435,1785286501.0154335
4,7454,0.5795714259147644,0.652654399323181,1785286501.1974156
4,7455,0.57177734375,0.6526310228233305,1785286501.4313223
4,7456,0.4503350555896759,0.6526428772522522,1785286501.612924
4,7457,0.5623319745063782,0.6526371308016877,1785286501.7972472
4,7458,0.4819691777229309,0.6526489600899381,1785286502.0027907
4,7459,0.5648045539855957,0.6526432181971357,1785286502.1858468
4,7460,0.5344606041908264,0.6526024130190797,1785286502.368227
4,7461,0.5396298766136169,0.6526492851135408,1785286502.550574
4,7462,0.6522900462150574,0.652608543417367,1785286502.7321823
4,7463,0.5423815846443176,0.6527427931710048,1785286502.933711
4,7464,0.53818279504776,0.6526845637583892,1785286503.1153429
4,7465,0.5399547815322876,0.6526962838781782,1785286503.2958832
4,7466,0.5738823413848877,0.6527254327191513,1785286503.4787414
4,7467,0.5565301179885864,0.6527196652719666,1785286503.704731
4,7468,0.43283021450042725,0.6527313266443702,1785286503.885191
4,7469,0.6630284190177917,0.6527429685324422,1785286504.0663724
4,7470,0.4075078070163727,0.6527372008903728,1785286504.2498536
4,7471,0.5484721660614014,0.6527488184598277,1785286504.4607978
4,7472,0.4413887560367584,0.6526736111111111,1785286504.6610477
4,7473,0.5219496488571167,0.6526679156258673,1785286504.8420234
4,7474,0.4236008822917938,0.6527835551858014,1785286505.0399659
4,7475,0.5948402881622314,0.6527258243280687,1785286505.2228515
4,7476,0.569908618927002,0.6526681893687708,1785286505.40548
4,7477,0.4816320836544037,0.6526970954356847,1785286505.5867221
4,7478,0.6231198310852051,0.6526914040906578,1785286505.7835267
4,7479,0.55979984998703,0.6527029826014913,1785286505.9846134
4,7480,0.6300078630447388,0.6527835264900662,1785286506.1657848
4,7481,0.5093684792518616,0.6527950096498484,1785286506.3485837
4,7482,0.4516628384590149,0.6527720385674931,1785286506.5338976
4,7483,0.5612620711326599,0.6528351224883017,1785286506.7860518
4,7484,0.5016317963600159,0.6528465346534653,1785286506.9837682
4,7485,0.44812455773353577,0.6529094531464689,1785286507.167916
4,7486,0.4715285897254944,0.6529894288852279,1785286507.3486373
4,7487,0.5379756689071655,0.6529835390946502,1785286507.575082
4,7488,0.6793895363807678,0.6531147203947368,1785286507.7763958
4,7489,0.6199582815170288,0.6531087373322377,1785286507.961366
4,7490,0.685713529586792,0.6530514504652436,1785286508.1802878
4,7491,0.6759769916534424,0.6530626196335795,1785286508.362272
4,7492,0.5481038093566895,0.6530908469945356,1785286508.5661566
4,7493,0.5063779950141907,0.6530849030849031,1785286508.7681434
4,7494,0.6537950038909912,0.6530448717948718,1785286508.9564583
4,7495,0.5538150072097778,0.6530560098119379,1785286509.1389942
4,7496,0.5424295663833618,0.6531011710239651,1785286509.3442113
4,7497,0.5642274022102356,0.6530952380952381,1785286509.5285685
4,7498,0.6141372919082642,0.6529533713974986,1785286509.7134273
4,7499,0.45016714930534363,0.652862673186634,1785286509.923249
4,7500,0.8051099181175232,0.6527721226927253,1785286510.1192183
4,7501,0.6080352067947388,0.6527156224572823,1785286510.3009179
4,7502,0.5376409292221069,0.6527439024390244,1785286510.48384
4,7503,0.5048403143882751,0.652772136474411,1785286510.7096388
4,7504,0.4811643064022064,0.6527495941558441,1785286510.911321
4,7505,0.4858219027519226,0.6526257096512571,1785286511.0951886
4,7506,0.5953860282897949,0.6525695569962182,1785286511.277714
4,7507,0.639336109161377,0.6525472334682861,1785286511.4989204
4,7508,0.7219119071960449,0.6524912351672061,1785286511.6856394
4,7509,0.5931686758995056,0.6524184855834007,1785286511.870358
4,7510,0.4873605966567993,0.6524636510500808,1785286512.054535
4,7511,0.5978529453277588,0.6524414850686037,1785286512.2877057
4,7512,0.4478133022785187,0.6523353494623656,1785286512.486167
4,7513,0.4273527264595032,0.6523301101262423,1785286512.6891422
4,7514,0.5524608492851257,0.6522913311862587,1785286512.8738046
4,7515,0.4941841959953308,0.6522526146419951,1785286513.055345
4,7516,0.6017225384712219,0.6522139603429796,1785286513.2356327
4,7517,0.4756469428539276,0.6521921017402945,1785286513.4184957
4,7518,0.5507854223251343,0.6521869983948636,1785286513.6062586
4,7519,0.6714311242103577,0.6520816626570436,1785286513.8162937
4,7520,0.5435417890548706,0.6520432692307693,1785286514.0164175
4,7521,0.6370389461517334,0.6521383773685615,1785286514.1991417
4,7522,0.5568633079528809,0.652,1785286514.3952837
4,7523,0.409988135099411,0.6520616839861444,1785286514.576436
4,7524,0.5409443378448486,0.6520567092651757,1785286514.759333
4,7525,0.624449610710144,0.6520683692471402,1785286514.9406536
4,7526,0.5410866737365723,0.6520633971291866,1785286515.1269107
4,7527,0.722789466381073,0.6520584329349269,1785286515.3335211
4,7528,0.5670599341392517,0.6519373673036093,1785286515.532885
4,7529,0.5534564256668091,0.6518993635640413,1785286515.7147334
4,7530,0.3581007421016693,0.6519607843137255,1785286515.8981352
4,7531,0.6019161939620972,0.6519559173947578,1785286516.1078582
4,7532,0.5609855651855469,0.6519675925925926,1785286516.3074968
4,7533,0.5984085202217102,0.6519792492730637,1785286516.4911292
4,7534,0.5434340834617615,0.6520734284204965,1785286516.6723678
4,7535,0.628972589969635,0.6519365267880707,1785286516.903418
4,7536,0.6840723752975464,0.6519481803797469,1785286517.0869348
4,7537,0.5632311105728149,0.6519598155467721,1785286517.267953
4,7538,0.4676496982574463,0.6520372564507636,1785286517.4546392
4,7539,0.5016207098960876,0.652048802946593,1785286517.6352077
4,7540,0.5448856949806213,0.652060331230284,1785286517.8316445
4,7541,0.6167932748794556,0.6520390070921985,1785286518.013867
4,7542,0.5044149160385132,0.6520505249343832,1785286518.219087
4,7543,0.485759973526001,0.6519636768948335,1785286518.4042068
4,7544,0.44332748651504517,0.6520079926624738,1785286518.602651
4,7545,0.574958086013794,0.6520522388059702,1785286518.8061156
4,7546,0.7465245127677917,0.6521618262689691,1785286519.0109665
4,7547,0.5653572082519531,0.6522222222222223,1785286519.194584
4,7548,0.5869327187538147,0.6522661964472309,1785286519.3867533
4,7549,0.5498025417327881,0.6522774732445836,1785286519.5695584
4,7550,0.6571530699729919,0.6522398278560251,1785286519.764339
4,7551,0.6897533535957336,0.6522022413343758,1785286519.972398
4,7552,0.5587422847747803,0.6521647135416667,1785286520.169439
4,7553,0.6137280464172363,0.6522410876919074,1785286520.3691638
4,7554,0.550762414932251,0.6522848413936557,1785286520.5660148
4,7555,0.6034865379333496,0.6523122889062094,1785286520.7482436
4,7556,0.4588024616241455,0.6523721443406023,1785286520.955501
4,7557,0.6371921300888062,0.6523994811932555,1785286521.14905
4,7558,0.49417755007743835,0.6522647744945568,1785286521.3331969
4,7559,0.6742719411849976,0.6520493395493395,1785286521.5171158
4,7560,0.48785150051116943,0.6521253881987578,1785286521.706653
4,7561,0.6632522344589233,0.6521689940522368,1785286521.8947253
4,7562,0.5151612758636475,0.6520994832041344,1785286522.1047125
4,7563,0.7377966046333313,0.6520139426800929,1785286522.2887776
4,7564,0.510666012763977,0.6519930340557275,1785286522.485432
4,7565,0.736582338809967,0.651988270172725,1785286522.6834953
4,7566,0.5811176300048828,0.6519352138073158,1785286522.8691623
4,7567,0.3943554162979126,0.651930501930502,1785286523.050361
4,7568,0.5553022623062134,0.6520061728395061,1785286523.2317417
4,7569,0.6833621859550476,0.6520014135183757,1785286523.4149568
4,7570,0.5398504137992859,0.6518843091936313,1785286523.6334088
4,7571,0.602039635181427,0.6519438029253272,1785286523.8156145
4,7572,0.5522258281707764,0.6518910256410256,1785286523.998174
4,7573,0.5209766030311584,0.6517742761977966,1785286524.1816502
4,7574,0.5361713171005249,0.6518017153097798,1785286524.377751
4,7575,0.5253652334213257,0.6517971348170888,1785286524.5798337
4,7576,0.5090452432632446,0.651840490797546,1785286524.7617528
4,7577,0.5655339360237122,0.6518997445721584,1785286524.9439745
4,7578,0.648125171661377,0.6519429555895865,1785286525.1292007
4,7579,0.5256432890892029,0.651954220862025,1785286525.3508275
4,7580,0.6649841666221619,0.6518699031600408,1785286525.5335455
4,7581,0.6270410418510437,0.6518175451998981,1785286525.7174373
4,7582,0.599290132522583,0.6518606870229008,1785286525.9143097
4,7583,0.6378128528594971,0.6518401983218917,1785286526.1185596
4,7584,0.582513689994812,0.6518514989837398,1785286526.3269668
4,7585,0.6795710325241089,0.6518151815181518,1785286526.51019
4,7586,0.5671082735061646,0.6518264840182648,1785286526.6924465
4,7587,0.5421714782714844,0.651948669201521,1785286526.908534
4,7588,0.6901227235794067,0.6519281914893617,1785286527.1160226
4,7589,0.5735184550285339,0.651923563654771,1785286527.2983992
4,7590,0.6160231232643127,0.6518557157309054,1785286527.4793518
4,7591,0.5690339803695679,0.6518669446550417,1785286527.7010171
4,7592,0.5487600564956665,0.6519097222222222,1785286527.882919
4,7593,0.5074584484100342,0.6519366641433257,1785286528.065293
4,7594,0.5876436233520508,0.6519320474029249,1785286528.2599642
4,7595,0.4123955965042114,0.6519746787603931,1785286528.4892297
4,7596,0.6031732559204102,0.6519700402819738,1785286528.6713245
4,7597,0.7437005043029785,0.6519339622641509,1785286528.8555236
4,7598,0.49528300762176514,0.651992207139266,1785286529.0429168
4,7599,0.6100209951400757,0.6520660638030645,1785286529.2615988
4,7600,0.6783836483955383,0.6521084337349398,1785286529.4561565
4,7601,0.6948271989822388,0.6521507399046902,1785286529.640568
4,7602,0.680099606513977,0.6521773182957393,1785286529.8235083
4,7603,0.8423049449920654,0.6522351615326822,1785286530.0297084
4,7604,0.7302482724189758,0.6522147147147147,1785286530.2129598
4,7605,0.546447217464447,0.6522724431107777,1785286530.3955727
4,7606,0.5393673181533813,0.6522676161919041,1785286530.5894296
4,7607,0.5616925358772278,0.6522315855181023,1785286530.772
4,7608,0.620019793510437,0.6522112025948104,1785286530.9544413
4,7609,0.5244052410125732,0.6522220144602343,1785286531.1367548
4,7610,0.5624187588691711,0.6522483806676632,1785286531.318849
4,7611,0.5542354583740234,0.6523213841175006,1785286531.552316
4,7612,0.6898015737533569,0.652285447761194,1785286531.7378066
4,7613,0.5421617031097412,0.6522961720109371,1785286531.9383047
4,7614,0.5922462344169617,0.6523534525583706,1785286532.1397977
4,7615,0.5068730115890503,0.6523641102010425,1785286532.324126
4,7616,0.7292237281799316,0.6522662450396826,1785286532.5148916
4,7617,0.4452337324619293,0.6522924411400248,1785286532.6966136
4,7618,0.5352864861488342,0.6522412085190689,1785286532.8807065
4,7619,0.5838238000869751,0.6522519178421183,1785286533.083064
4,7620,0.6174737215042114,0.6522007912957468,1785286533.265436
4,7621,0.537952184677124,0.652196071163825,1785286533.4485025
4,7622,0.6406183242797852,0.6521759259259259,1785286533.6297529
4,7623,0.5547029972076416,0.652232913890945,1785286533.8946652
4,7624,0.6568247079849243,0.6521819526627219,1785286534.075519
4,7625,0.5479648113250732,0.6521464646464646,1785286534.2583654
4,7626,0.6092938184738159,0.6520648695224027,1785286534.4425824
4,7627,0.5624771118164062,0.652029520295203,1785286534.6586504
4,7628,0.6164665818214417,0.6520710422812193,1785286534.8394134
4,7629,0.4980667531490326,0.6520510930975191,1785286535.0226846
4,7630,0.49043938517570496,0.6521232204221895,1785286535.218144
4,7631,0.4674855172634125,0.6521492519009076,1785286535.4660504
4,7632,0.5926687121391296,0.6521752450980393,1785286535.6491947
4,7633,0.5214091539382935,0.6521246632378154,1785286535.8327434
4,7634,0.726345419883728,0.6521200440528634,1785286536.0143442
4,7635,0.6369653344154358,0.6521460014673515,1785286536.2399802
4,7636,0.5844951868057251,0.6520497311827957,1785286536.4215958
4,7637,0.6015405058860779,0.6519078144078144,1785286536.6050522
4,7638,0.5605281591415405,0.6519338701805759,1785286536.7878153
4,7639,0.4886804521083832,0.6519446476469154,1785286537.0213234
4,7640,0.5390521883964539,0.6519554093567251,1785286537.202965
4,7641,0.5448117256164551,0.6519661553445337,1785286537.3996377
4,7642,0.5469776391983032,0.6519464720194648,1785286537.581949
4,7643,0.6708792448043823,0.6519876002917578,1785286537.8117673
4,7644,0.41167160868644714,0.6520286686103013,1785286538.0101953
4,7645,0.5212545990943909,0.6520089827628065,1785286538.1949708
4,7646,0.7145271301269531,0.6519590004852014,1785286538.382533
4,7647,0.6227141618728638,0.6519242424242424,1785286538.5829208
4,7648,0.6651549935340881,0.6519955184108527,1785286538.7645173
4,7649,0.487215518951416,0.651975913822319,1785286538.9813669
4,7650,0.6647268533706665,0.6520319303338171,1785286539.1637409
4,7651,0.358589768409729,0.6520878656030941,1785286539.3462508
4,7652,0.4971235990524292,0.6520229468599034,1785286539.528855
4,7653,0.41832464933395386,0.6520486362539223,1785286539.7116604
4,7654,0.5891014337539673,0.6519687650747709,1785286539.9285827
4,7655,0.6634262800216675,0.6520095203663533,1785286540.1128552
4,7656,0.4907439351081848,0.6519900048169557,1785286540.2969682
4,7657,0.49624642729759216,0.6520156438026474,1785286540.4816492
4,7658,0.6397581696510315,0.651996151996152,1785286540.7046561
4,7659,0.6580446362495422,0.6519917087238645,1785286540.8879213
4,7660,0.5083083510398865,0.6520323006724303,1785286541.080592
4,7661,0.6209251284599304,0.6520578353731702,1785286541.262414
4,7662,0.5332862734794617,0.652068345323741,1785286541.4517071
4,7663,0.40270352363586426,0.6520938173975557,1785286541.6791415
4,7664,0.7048276662826538,0.652134219348659,1785286541.8744519
4,7665,0.5499237775802612,0.6520698731754008,1785286542.0563123
4,7666,0.47737589478492737,0.6520504543280727,1785286542.2553325
4,7667,0.5625231266021729,0.6520310633213859,1785286542.4410465
4,7668,0.4828738570213318,0.651996776504298,1785286542.6244745
4,7669,0.42829573154449463,0.651932712956335,1785286542.8190923
4,7670,0.5971792340278625,0.6519283500238436,1785286543.016803
4,7671,0.9161902666091919,0.6519537765070288,1785286543.1996999
4,7672,0.5289852619171143,0.6519791666666667,1785286543.3836231
4,7673,0.6040542125701904,0.6519896502498216,1785286543.5653348
4,7674,0.5346313714981079,0.6519852591535901,1785286543.746924
4,7675,0.5283758640289307,0.6520699691138038,1785286543.953297
4,7676,0.534656286239624,0.6520655270655271,1785286544.1533382
4,7677,0.5478246212005615,0.6520759193357059,1785286544.3389268
4,7678,0.6909928917884827,0.6521159317211949,1785286544.519386
4,7679,0.600299060344696,0.6520966595593461,1785286544.744594
4,7680,0.6686075925827026,0.6521070075757576,1785286544.9254441
4,7681,0.6145247220993042,0.6521173409037142,1785286545.1085937
4,7682,0.6630539894104004,0.6521424349881797,1785286545.2908602
4,7683,0.6134726405143738,0.6521674935034255,1785286545.4936674
4,7684,0.5848441123962402,0.6521334985835694,1785286545.675544
4,7685,0.5736362934112549,0.6521732719981128,1785286545.8583388
4,7686,0.47649669647216797,0.6521687883074022,1785286546.0393946
4,7687,0.8070235252380371,0.6521495877502944,1785286546.2506194
4,7688,0.6922903060913086,0.6520568502824858,1785286546.4314928
4,7689,0.6840195655822754,0.6520083509762409,1785286546.6142895
4,7690,0.5132773518562317,0.6519452280206864,1785286546.7948885
4,7691,0.538995623588562,0.6519702842377261,1785286547.016112
4,7692,0.5432229042053223,0.6519366197183099,1785286547.2128148
4,7693,0.6031637787818909,0.6519030025803425,1785286547.3950884
4,7694,0.5636368989944458,0.6519280356305672,1785286547.5779908
4,7695,0.6200394034385681,0.6519091122042633,1785286547.7933664
4,7696,0.46816927194595337,0.6519633661048689,1785286547.9758306
4,7697,0.5183160305023193,0.652061403508772,1785286548.159863
4,7698,0.6025519967079163,0.6519693782141187,1785286548.3447778
4,7699,0.5800222754478455,0.6519358794674142,1785286548.5581777
4,7700,0.5104717016220093,0.6519316059757236,1785286548.7489684
4,7701,0.7130689024925232,0.6519127595054817,1785286548.932569
4,7702,0.5970115661621094,0.6519085081585082,1785286549.1167512
4,7703,0.7384970784187317,0.6518605870020965,1785286549.335948
4,7704,0.5744675993919373,0.6518127327746741,1785286549.5185416
4,7705,0.5875542759895325,0.651750407071412,1785286549.7033184
4,7706,0.5793572068214417,0.6517753370525337,1785286549.8863554
4,7707,0.601319432258606,0.6517131242740999,1785286550.1122174
4,7708,0.575636625289917,0.6517235376044568,1785286550.298108
4,7709,0.4225972890853882,0.6517339364416609,1785286550.4830582
4,7710,0.4990597367286682,0.6517877839592026,1785286550.663569
4,7711,0.5240142941474915,0.6517691684039842,1785286550.8888338
4,7712,0.5432672500610352,0.6516493055555556,1785286551.09033
4,7713,0.6029487252235413,0.651645269488781,1785286551.2738361
4,7714,0.5308288335800171,0.6517423717059639,1785286551.4735048
4,7715,0.6000562906265259,0.6517671517671517,1785286551.657193
4,7716,0.5246241092681885,0.6517630424746076,1785286551.842901
4,7717,0.5387657284736633,0.6517877739331026,1785286552.0247116
4,7718,0.45380717515945435,0.6517260258183495,1785286552.2205904
4,7719,0.5256747007369995,0.6517363510711818,1785286552.4471788
4,7720,0.6106338500976562,0.6517322744014733,1785286552.634259
4,7721,0.5518358945846558,0.6517425810904072,1785286552.8180711
4,7722,0.6517201662063599,0.6517385057471264,1785286552.9992254
4,7723,0.692018985748291,0.6516626464507237,1785286553.2152672
4,7724,0.5086746215820312,0.6515868916437099,1785286553.4081721
4,7725,0.5873816013336182,0.6516259463179629,1785286553.5885658
4,7726,0.6481813788414001,0.651636290692343,1785286553.7720337
4,7727,0.3853670358657837,0.6517038946162658,1785286554.0203617
4,7728,0.5018149614334106,0.6517570970695971,1785286554.2033408
4,7729,0.5644879341125488,0.6517101349805536,1785286554.3860402
4,7730,0.6187573671340942,0.6517203932327389,1785286554.5778675
4,7731,0.5939417481422424,0.651773474982865,1785286554.7609394
4,7732,0.6806833744049072,0.6517123287671233,1785286554.9445982
4,7733,0.5306031703948975,0.6517510837326033,1785286555.1251512
4,7734,0.7297229766845703,0.6517897856817145,1785286555.3276517
4,7735,0.5713993310928345,0.6517999544315334,1785286555.5410547
4,7736,0.5383632183074951,0.6517389571948998,1785286555.733996
4,7737,0.6504378318786621,0.6517064846416383,1785286555.917073
4,7738,0.6198686361312866,0.6517593224192815,1785286556.105959
4,7739,0.5008023977279663,0.6517836855260168,1785286556.3079534
4,7740,0.6060948371887207,0.6518080154405086,1785286556.5052984
4,7741,0.6044725775718689,0.6518323122305423,1785286556.6866496
4,7742,0.610557496547699,0.6518140589569161,1785286556.8687742
4,7743,0.6786860227584839,0.6518099932019035,1785286557.0964644
4,7744,0.6238282918930054,0.6517776268115942,1785286557.2817497
4,7745,0.5813255906105042,0.6517594478388776,1785286557.463079
4,7746,0.5302205681800842,0.6517554274084125,1785286557.6628232
4,7747,0.5248064398765564,0.6517372881355932,1785286557.8460257
4,7748,0.6248416304588318,0.6518038617886179,1785286558.0292485
4,7749,0.6647805571556091,0.6517292936131799,1785286558.2139318
4,7750,0.5476282238960266,0.651739400090212,1785286558.398588
4,7751,0.61368727684021,0.6517354068064007,1785286558.6272902
4,7752,0.7167236804962158,0.651731418918919,1785286558.815258
4,7753,0.7135128378868103,0.6517696376322305,1785286559.0124364
4,7754,0.4807521104812622,0.6518078047683311,1785286559.2115154
4,7755,0.6376767754554749,0.6518318723308608,1785286559.3961356
4,7756,0.7352608442306519,0.6518699460916442,1785286559.6163695
4,7757,0.518722653388977,0.6518097643097643,1785286559.8042452
4,7758,0.6194517016410828,0.6518478017048004,1785286560.0074625
4,7759,0.5902235507965088,0.6518717776283345,1785286560.1941855
4,7760,0.5550902485847473,0.6517417114695341,1785286560.4041836
4,7761,0.6417438387870789,0.6517517349451534,1785286560.58928
4,7762,0.46880754828453064,0.6517058165548099,1785286560.7780983
4,7763,0.530567467212677,0.6517437961099933,1785286560.9654098
4,7764,0.5021347403526306,0.6517537980339589,1785286561.1613352
4,7765,0.5980749130249023,0.651721924536727,1785286561.3437037
4,7766,0.4761170744895935,0.6517179830432842,1785286561.541117
4,7767,0.5106543898582458,0.6517001114827202,1785286561.7254283
4,7768,0.5328748226165771,0.6517658199643493,1785286561.935171
4,7769,0.7244738340377808,0.6517618570474282,1785286562.1220548
4,7770,0.6629635095596313,0.6517578994214508,1785286562.3065913
4,7771,0.7827982902526855,0.6518095396931287,1785286562.5415936
4,7772,0.7326343655586243,0.6518888888888889,1785286562.7256014
4,7773,0.48881691694259644,0.6518570952698202,1785286562.9095964
4,7774,0.4030776023864746,0.6518808255659121,1785286563.0928762
4,7775,0.6492462754249573,0.6518490796185407,1785286563.329968
4,7776,0.5359499454498291,0.6518866356382979,1785286563.5131161
4,7777,0.5577688813209534,0.651813399778516,1785286563.6955476
4,7778,0.49904754757881165,0.6518232625055335,1785286563.8792229
4,7779,0.5254223346710205,0.6517778146427782,1785286564.0961647
4,7780,0.7177007794380188,0.6517738726790451,1785286564.2791908
4,7781,0.5878753662109375,0.6518113540976364,1785286564.4889145
4,7782,0.6657246947288513,0.6517935982339956,1785286564.6807861
4,7783,0.6178551316261292,0.6518034414295168,1785286564.863044
4,7784,0.6724779605865479,0.6517994929453262,1785286565.0453072
4,7785,0.5686320066452026,0.6518093192333113,1785286565.2421494
4,7786,0.6325361728668213,0.651832892998679,1785286565.4230087
4,7787,0.5062301158905029,0.6518701870187019,1785286565.6631591
4,7788,0.5295679569244385,0.6518387203166227,1785286565.8499582
4,7789,0.38871294260025024,0.6518896945726214,1785286566.0327377
4,7790,0.556390643119812,0.6519543258673693,1785286566.2414005
4,7791,0.4587010145187378,0.6519777265745008,1785286566.4399276
4,7792,0.5135109424591064,0.6520285087719299,1785286566.6209476
4,7793,0.5387937426567078,0.6520244356782818,1785286566.823927
4,7794,0.4462153911590576,0.652034056066579,1785286567.013653
4,7795,0.5644319653511047,0.6520026263952725,1785286567.1951327
4,7796,0.7157058715820312,0.6520395888013998,1785286567.3773322
4,7797,0.6339470744132996,0.6520901639344262,1785286567.5753942
4,7798,0.5710254907608032,0.6520860637833115,1785286567.7586534
4,7799,0.5048404335975647,0.6520683256930802,1785286567.9614077
4,7800,0.5003486275672913,0.6521051483420593,1785286568.1617942
4,7801,0.5174800157546997,0.6521010464355788,1785286568.3449779
4,7802,0.4008043706417084,0.6521786492374728,1785286568.5274541
4,7803,0.49196818470954895,0.6522153276725452,1785286568.7495148
4,7804,0.5299944877624512,0.6522111618798956,1785286568.9317622
4,7805,0.5835624933242798,0.6521662317895195,1785286569.1420417
4,7806,0.8113473653793335,0.6521756844850065,1785286569.3243775
4,7807,0.5734131932258606,0.6522529858849077,1785286569.532326
4,7808,0.6577371954917908,0.6522352430555556,1785286569.7310655
4,7809,0.45896512269973755,0.6522446324007808,1785286569.913743
4,7810,0.5626863837242126,0.6522811009969658,1785286570.1113684
4,7811,0.6338829398155212,0.6523445960580464,1785286570.295169
4,7812,0.6020870804786682,0.6523674242424242,1785286570.4777813
4,7813,0.8795000910758972,0.6524172615184944,1785286570.6605494
4,7814,0.5249479413032532,0.6523994811932555,1785286570.844584
4,7815,0.5016961097717285,0.6523682220782027,1785286571.1067946
4,7816,0.5391604900360107,0.65229652417962,1785286571.2980874
4,7817,0.8011019825935364,0.6522653721682848,1785286571.4809768
4,7818,0.5428333282470703,0.6522207848210435,1785286571.6628187
4,7819,0.6793325543403625,0.6522166558931265,1785286571.8853707
4,7820,0.725005030632019,0.6522259905254091,1785286572.0821824
4,7821,0.729267954826355,0.6522353131052292,1785286572.2648482
4,7822,0.614745020866394,0.6521908602150538,1785286572.4640255
4,7823,0.570008397102356,0.6522001934235977,1785286572.646287
4,7824,0.6809314489364624,0.652209514604811,1785286572.8277152
4,7825,0.4623950719833374,0.6522456535737282,1785286573.0103958
4,7826,0.6420273780822754,0.6522549335049335,1785286573.195689
4,7827,0.7897417545318604,0.652304394426581,1785286573.4310756
4,7828,0.5263884663581848,0.6524341259640103,1785286573.6148076
4,7829,0.6117905378341675,0.6523763648041104,1785286573.8131874
4,7830,0.7917352318763733,0.6523053059477963,1785286573.996502
4,7831,0.5087378025054932,0.6523679709215309,1785286574.207113
4,7832,0.470098614692688,0.652457264957265,1785286574.3881328
4,7833,0.7126752734184265,0.6524663677130045,1785286574.5720365
4,7834,0.42344367504119873,0.6525554844216817,1785286574.7611446
4,7835,0.5819392204284668,0.6525778417573044,1785286574.9424496
4,7836,0.5430799126625061,0.6525735294117647,1785286575.1328325
4,7837,0.4539324641227722,0.6525958466453674,1785286575.3150446
4,7838,0.4636421203613281,0.6526048318433376,1785286575.495094
4,7839,0.5834855437278748,0.6526669857477132,1785286575.674956
4,7840,0.5358820557594299,0.6526892006802721,1785286575.8551178
