epoch,step,batch_loss,running_acc,timestamp
0,1,0.8371825218200684,0.25,1785295541.350815
0,2,1.1471623182296753,0.34375,1785295541.4312687
0,3,0.8765922784805298,0.3125,1785295541.5086367
0,4,0.7399559020996094,0.3125,1785295541.5863645
0,5,0.665890634059906,0.3625,1785295541.6632962
0,6,0.7717658877372742,0.3541666666666667,1785295541.7407072
0,7,0.6219542622566223,0.35714285714285715,1785295541.8181007
0,8,0.6917402744293213,0.3515625,1785295541.8952904
0,9,0.6066936254501343,0.3472222222222222,1785295541.9724574
0,10,0.9238464832305908,0.35625,1785295542.0498855
0,11,0.7058882713317871,0.36363636363636365,1785295542.127543
0,12,0.6106138825416565,0.359375,1785295542.2099273
0,13,0.7533010840415955,0.375,1785295542.2887094
0,14,0.5189304947853088,0.38392857142857145,1785295542.3711338
0,15,0.8269676566123962,0.38333333333333336,1785295542.4476898
0,16,0.6079468727111816,0.3828125,1785295542.5282142
0,17,0.7098309397697449,0.3786764705882353,1785295542.6050122
0,18,0.8945347666740417,0.3854166666666667,1785295542.682273
0,19,0.6507535576820374,0.3881578947368421,1785295542.7630506
0,20,0.8458849787712097,0.38125,1785295542.844784
0,21,0.6434622406959534,0.3898809523809524,1785295542.9222548
0,22,0.6291471719741821,0.38636363636363635,1785295542.999735
0,23,0.6964585781097412,0.39402173913043476,1785295543.0818229
0,24,0.7340242862701416,0.390625,1785295543.1632638
0,25,1.1896021366119385,0.39,1785295543.2401626
0,26,0.6775819659233093,0.38461538461538464,1785295543.319854
0,27,0.6495591998100281,0.38657407407407407,1785295543.3985257
0,28,0.8810074329376221,0.3861607142857143,1785295543.4754536
0,29,1.008558988571167,0.38362068965517243,1785295543.5571418
0,30,0.6784418821334839,0.38333333333333336,1785295543.6342192
0,31,0.7822481989860535,0.3790322580645161,1785295543.7126734
0,32,0.9002083539962769,0.375,1785295543.7895846
0,33,0.5579318404197693,0.3787878787878788,1785295543.8717518
0,34,0.9639580249786377,0.3860294117647059,1785295543.9489102
0,35,0.5128883123397827,0.3892857142857143,1785295544.027835
0,36,1.006554126739502,0.390625,1785295544.1095061
0,37,0.5925372838973999,0.3918918918918919,1785295544.1901834
0,38,0.6812655329704285,0.39473684210526316,1785295544.2719338
0,39,0.8078795671463013,0.40064102564102566,1785295544.3491468
0,40,0.6166442036628723,0.403125,1785295544.4264643
0,41,0.4538562297821045,0.4054878048780488,1785295544.5066967
0,42,0.508227527141571,0.40773809523809523,1785295544.5867853
0,43,0.8611165881156921,0.40988372093023256,1785295544.667725
0,44,0.812897264957428,0.41051136363636365,1785295544.7453883
0,45,0.5533143281936646,0.4111111111111111,1785295544.8273003
0,46,0.675379753112793,0.4076086956521739,1785295544.9051754
0,47,0.7617162466049194,0.4109042553191489,1785295544.9864354
0,48,0.8828892111778259,0.41015625,1785295545.0685184
0,49,0.8465172648429871,0.40688775510204084,1785295545.1464226
0,50,0.5498355627059937,0.4075,1785295545.2267652
0,51,0.8426083922386169,0.4068627450980392,1785295545.306678
0,52,1.2192457914352417,0.4074519230769231,1785295545.3896043
0,53,0.7721188068389893,0.4068396226415094,1785295545.4738593
0,54,0.7895650267601013,0.4097222222222222,1785295545.5522711
0,55,0.8890302181243896,0.4113636363636364,1785295545.6300402
0,56,0.7245170474052429,0.41183035714285715,1785295545.707806
0,57,0.9336730241775513,0.40899122807017546,1785295545.7855341
0,58,0.7515066266059875,0.4084051724137931,1785295545.8626497
0,59,0.8859883546829224,0.4110169491525424,1785295545.9442782
0,60,0.7901895642280579,0.41041666666666665,1785295546.0226123
0,61,0.6178385615348816,0.4098360655737705,1785295546.1031601
0,62,0.6775282025337219,0.4092741935483871,1785295546.1815238
0,63,0.6287115812301636,0.4087301587301587,1785295546.259881
0,64,0.9237585067749023,0.4091796875,1785295546.337314
0,65,0.44752344489097595,0.4096153846153846,1785295546.4160194
0,66,0.8274437189102173,0.4071969696969697,1785295546.4933636
0,67,0.9149674773216248,0.4048507462686567,1785295546.5743425
0,68,0.6394625902175903,0.40441176470588236,1785295546.6512835
0,69,0.7428341507911682,0.4057971014492754,1785295546.7289972
0,70,0.7807394862174988,0.4035714285714286,1785295546.8084273
0,71,0.8253791332244873,0.4022887323943662,1785295546.891303
0,72,0.7757180333137512,0.4010416666666667,1785295546.9720461
0,73,0.6057077646255493,0.4023972602739726,1785295547.051133
0,74,0.823699414730072,0.4028716216216216,1785295547.1329815
0,75,0.7541995048522949,0.4025,1785295547.210295
0,76,0.9464113116264343,0.40213815789473684,1785295547.2922778
0,77,0.9463487267494202,0.4034090909090909,1785295547.370306
0,78,0.8819012641906738,0.4030448717948718,1785295547.447685
0,79,0.7821944952011108,0.40427215189873417,1785295547.529079
0,80,0.8598655462265015,0.4046875,1785295547.6107037
0,81,0.5468840599060059,0.408179012345679,1785295547.6905673
0,82,0.7207435369491577,0.40777439024390244,1785295547.7723002
0,83,0.6681952476501465,0.40963855421686746,1785295547.8511598
0,84,0.6501682996749878,0.4114583333333333,1785295547.9326236
0,85,0.5926938056945801,0.4147058823529412,1785295548.0107875
0,86,0.5758824944496155,0.41424418604651164,1785295548.0885084
0,87,0.7076272368431091,0.4130747126436782,1785295548.169818
0,88,0.6765395402908325,0.4133522727272727,1785295548.2470691
0,89,0.7551635503768921,0.4143258426966292,1785295548.3273237
0,90,0.5989972352981567,0.4131944444444444,1785295548.4081426
0,91,0.6938343048095703,0.41483516483516486,1785295548.486461
0,92,0.7159921526908875,0.41372282608695654,1785295548.5644042
0,93,0.7653870582580566,0.41196236559139787,1785295548.6434534
0,94,0.9698365330696106,0.4115691489361702,1785295548.7228458
0,95,0.6193910241127014,0.4118421052631579,1785295548.8052335
0,96,0.7077170610427856,0.4134114583333333,1785295548.883288
0,97,0.5928708910942078,0.41494845360824745,1785295548.9610028
0,98,0.8195680975914001,0.41709183673469385,1785295549.038677
0,99,0.4084649384021759,0.4172979797979798,1785295549.121112
0,100,0.7896770238876343,0.415625,1785295549.1978462
0,101,0.8276440501213074,0.4152227722772277,1785295549.2769024
0,102,0.5798779726028442,0.4166666666666667,1785295549.3569891
0,103,0.9995197653770447,0.41808252427184467,1785295549.437869
0,104,0.7424378395080566,0.4176682692307692,1785295549.5196521
0,105,0.62921541929245,0.41845238095238096,1785295549.6012018
0,106,0.8436514139175415,0.4186320754716981,1785295549.6786995
0,107,0.8005347847938538,0.41880841121495327,1785295549.7561564
0,108,0.9385068416595459,0.41898148148148145,1785295549.8371913
0,109,1.2004207372665405,0.41857798165137616,1785295549.9191506
0,110,0.6737792491912842,0.4193181818181818,1785295550.0001335
0,111,0.673663854598999,0.42004504504504503,1785295550.0776346
0,112,1.3451817035675049,0.41964285714285715,1785295550.1568584
0,113,0.7398551106452942,0.42035398230088494,1785295550.2348506
0,114,0.9241641163825989,0.41885964912280704,1785295550.315654
0,115,0.7727481722831726,0.41793478260869565,1785295550.3927777
0,116,0.6566866040229797,0.4202586206896552,1785295550.4686527
0,117,0.6469990611076355,0.4204059829059829,1785295550.547558
0,118,0.679765522480011,0.4210805084745763,1785295550.624897
0,119,0.8210502862930298,0.4227941176470588,1785295550.7056801
0,120,0.7500343918800354,0.421875,1785295550.7835464
0,121,0.7123788595199585,0.4240702479338843,1785295550.8664305
0,122,0.6851713061332703,0.42110655737704916,1785295550.9485962
0,123,0.7607260346412659,0.421239837398374,1785295551.0259259
0,124,1.092806100845337,0.42086693548387094,1785295551.108656
0,125,0.6382192373275757,0.422,1785295551.1858191
0,126,0.9194766879081726,0.4226190476190476,1785295551.2639976
0,127,0.5869996547698975,0.4242125984251969,1785295551.3449152
0,128,0.8608704805374146,0.4248046875,1785295551.4256475
0,129,0.8830308318138123,0.4258720930232558,1785295551.5026317
0,130,0.7635825872421265,0.4269230769230769,1785295551.5842469
0,131,0.7830702066421509,0.4279580152671756,1785295551.6633792
0,132,0.6012153625488281,0.42803030303030304,1785295551.7461817
0,133,0.8434033393859863,0.4281015037593985,1785295551.826949
0,134,0.5935822129249573,0.4291044776119403,1785295551.9041631
0,135,0.7743638157844543,0.4310185185185185,1785295551.9819906
0,136,0.7945104241371155,0.43152573529411764,1785295552.061418
0,137,0.6709424257278442,0.4311131386861314,1785295552.143671
0,138,0.8549379110336304,0.42980072463768115,1785295552.2213814
0,139,0.8804820775985718,0.431205035971223,1785295552.3053143
0,140,0.7532964944839478,0.43125,1785295552.3888202
0,141,0.7636162638664246,0.43129432624113473,1785295552.46678
0,142,0.7870601415634155,0.43133802816901406,1785295552.5445926
0,143,1.0771915912628174,0.4318181818181818,1785295552.6243322
0,144,0.6742029190063477,0.4318576388888889,1785295552.7069333
0,145,0.6808653473854065,0.4331896551724138,1785295552.7913504
0,146,0.7007281184196472,0.4323630136986301,1785295552.8694882
0,147,0.5288153886795044,0.43239795918367346,1785295552.9509985
0,148,0.8293166756629944,0.43327702702702703,1785295553.0312057
0,149,0.6536217927932739,0.4341442953020134,1785295553.1119678
0,150,0.7588344216346741,0.435,1785295553.1899805
0,151,0.6869025230407715,0.43501655629139074,1785295553.2676485
0,152,0.7095252871513367,0.4362664473684211,1785295553.349132
0,153,0.621790885925293,0.43586601307189543,1785295553.4331675
0,154,0.5663083791732788,0.43587662337662336,1785295553.5146832
0,155,0.9067111015319824,0.43709677419354837,1785295553.5922754
0,156,0.619427502155304,0.43830128205128205,1785295553.6712804
0,157,0.7334617376327515,0.43789808917197454,1785295553.7521503
0,158,0.48813629150390625,0.43908227848101267,1785295553.8333423
0,159,0.6627776622772217,0.43985849056603776,1785295553.9107618
0,160,0.45382678508758545,0.43984375,1785295553.9914718
0,161,0.6237339377403259,0.4386645962732919,1785295554.0743022
0,162,0.8311229944229126,0.4398148148148148,1785295554.1529744
0,163,0.7328696250915527,0.4398006134969325,1785295554.2304947
0,164,0.9832437634468079,0.4401676829268293,1785295554.3084054
0,165,0.6738308668136597,0.4401515151515151,1785295554.3937628
0,166,0.8887829780578613,0.4401355421686747,1785295554.473686
0,167,0.6357032060623169,0.4412425149700599,1785295554.5588858
0,168,0.8237227201461792,0.4415922619047619,1785295554.640876
0,169,0.6414944529533386,0.4430473372781065,1785295554.7203343
0,170,0.5680909156799316,0.44448529411764703,1785295554.8040977
0,171,0.6088724136352539,0.44371345029239767,1785295554.8837366
0,172,0.5458784103393555,0.44476744186046513,1785295554.968051
0,173,0.7653598189353943,0.44472543352601157,1785295555.0481443
0,174,0.9682772159576416,0.44504310344827586,1785295555.132405
0,175,0.6529330611228943,0.44535714285714284,1785295555.219355
0,176,0.8073981404304504,0.44566761363636365,1785295555.3007631
0,177,0.5963025093078613,0.4463276836158192,1785295555.383084
0,178,0.6364825963973999,0.44592696629213485,1785295555.462879
0,179,0.46705862879753113,0.4465782122905028,1785295555.5405164
0,180,0.6967799663543701,0.4465277777777778,1785295555.6185935
0,181,0.951249897480011,0.44578729281767954,1785295555.6985104
0,182,0.5879065990447998,0.44677197802197804,1785295555.779231
0,183,0.6523058414459229,0.44672131147540983,1785295555.8585932
0,184,0.7049524784088135,0.44735054347826086,1785295555.9362583
0,185,0.6118645071983337,0.44763513513513514,1785295556.0178256
0,186,0.7169171571731567,0.4479166666666667,1785295556.0952594
0,187,0.3771805465221405,0.4485294117647059,1785295556.172069
0,188,0.6986111402511597,0.4484707446808511,1785295556.2499871
0,189,0.6598497033119202,0.44775132275132273,1785295556.3297231
0,190,0.46790969371795654,0.4486842105263158,1785295556.408298
0,191,0.8959779143333435,0.44960732984293195,1785295556.4851918
0,192,0.6414936780929565,0.4508463541666667,1785295556.5624337
0,193,0.6510800719261169,0.45110103626943004,1785295556.6442754
0,194,0.650713324546814,0.4519974226804124,1785295556.7249994
0,195,0.49633654952049255,0.4528846153846154,1785295556.8035805
0,196,0.5382716655731201,0.4528061224489796,1785295556.8810818
0,197,0.6305184364318848,0.45241116751269034,1785295556.9635618
0,198,1.3126617670059204,0.45265151515151514,1785295557.0454178
0,199,0.8017687201499939,0.4528894472361809,1785295557.1226957
0,200,0.676585853099823,0.4534375,1785295557.204858
0,201,0.6606863737106323,0.45366915422885573,1785295557.2868857
0,202,0.641663670539856,0.4542079207920792,1785295557.363984
0,203,0.40569764375686646,0.4544334975369458,1785295557.4457042
0,204,0.7217891216278076,0.45526960784313725,1785295557.5268705
0,205,0.7525169253349304,0.4551829268292683,1785295557.6071577
0,206,0.5747371912002563,0.4550970873786408,1785295557.6843514
0,207,0.6216462850570679,0.4553140096618358,1785295557.7632282
0,208,0.8690711855888367,0.4558293269230769,1785295557.8407624
0,209,0.7017056345939636,0.45514354066985646,1785295557.9218976
0,210,0.5391928553581238,0.45535714285714285,1785295558.003566
0,211,0.7215937376022339,0.4549763033175355,1785295558.0814006
0,212,0.5105168223381042,0.455188679245283,1785295558.1631312
0,213,0.6399902105331421,0.45481220657276994,1785295558.2400918
0,214,0.5987706780433655,0.4558995327102804,1785295558.3214388
0,215,0.5675332546234131,0.4569767441860465,1785295558.4034066
0,216,0.5233316421508789,0.45804398148148145,1785295558.4814308
0,217,0.5609162449836731,0.45852534562211983,1785295558.5635345
0,218,0.7212094068527222,0.4584288990825688,1785295558.641516
0,219,0.699526846408844,0.4586187214611872,1785295558.7253952
0,220,0.5864000916481018,0.4588068181818182,1785295558.8060434
0,221,0.5315523743629456,0.459841628959276,1785295558.8835158
0,222,0.5622933506965637,0.4594594594594595,1785295558.9617622
0,223,0.5501739382743835,0.45964125560538116,1785295559.044266
0,224,0.6709980368614197,0.4595424107142857,1785295559.1212623
0,225,0.5857135653495789,0.46,1785295559.1983476
0,226,0.6913451552391052,0.4596238938053097,1785295559.275742
0,227,0.8064197897911072,0.4595264317180617,1785295559.3539634
0,228,0.8928580284118652,0.4602521929824561,1785295559.4313033
0,229,0.5708743929862976,0.46042576419213976,1785295559.5114212
0,230,0.9699341058731079,0.46168478260869567,1785295559.58772
0,231,0.9805452823638916,0.46185064935064934,1785295559.6657403
0,232,0.6057892441749573,0.4614762931034483,1785295559.743566
0,233,0.45064038038253784,0.4624463519313305,1785295559.82394
0,234,0.8700480461120605,0.46287393162393164,1785295559.9012454
0,235,0.5908549427986145,0.46356382978723404,1785295559.983225
0,236,0.6543573141098022,0.4639830508474576,1785295560.0615008
0,237,0.7291623950004578,0.4641350210970464,1785295560.1387024
0,238,0.6576218605041504,0.4634978991596639,1785295560.21706
0,239,0.6555069088935852,0.4639121338912134,1785295560.2986245
0,240,0.6543715000152588,0.46484375,1785295560.3759685
0,241,0.5597585439682007,0.4662863070539419,1785295560.4533877
0,242,0.7609891891479492,0.46616735537190085,1785295560.535394
0,243,0.5780381560325623,0.466820987654321,1785295560.6128955
0,244,0.5560316443443298,0.46695696721311475,1785295560.691142
0,245,0.5549229979515076,0.46683673469387754,1785295560.7705305
0,246,0.610912024974823,0.46671747967479676,1785295560.852791
0,247,0.7375540137290955,0.46710526315789475,1785295560.9302466
0,248,0.5814244151115417,0.4682459677419355,1785295561.0117228
0,249,0.6833716630935669,0.4683734939759036,1785295561.0884876
0,250,1.0684504508972168,0.46875,1785295561.1709728
0,251,0.9447405338287354,0.4688745019920319,1785295561.2510397
0,252,0.8471642732620239,0.46899801587301587,1785295561.3284068
0,253,0.5175066590309143,0.46961462450592883,1785295561.4091465
0,254,0.5957111716270447,0.4699803149606299,1785295561.4862745
0,255,0.563119113445282,0.47009803921568627,1785295561.564249
0,256,0.6968387961387634,0.470458984375,1785295561.647483
0,257,0.706694483757019,0.4708171206225681,1785295561.7244356
0,258,0.7078554034233093,0.47165697674418605,1785295561.802451
0,259,0.481608122587204,0.472007722007722,1785295561.8799698
0,260,0.636931300163269,0.47259615384615383,1785295561.9568534
0,261,0.5563459396362305,0.4734195402298851,1785295562.037444
0,262,0.6135155558586121,0.47447519083969464,1785295562.1147716
0,263,0.5396933555603027,0.47504752851711024,1785295562.1971147
0,264,0.3947276771068573,0.47514204545454547,1785295562.2741883
0,265,0.6688246130943298,0.47617924528301886,1785295562.3515234
0,266,0.7121407389640808,0.47650375939849626,1785295562.4284692
0,267,0.7677335143089294,0.47635767790262173,1785295562.5121481
0,268,0.6770667433738708,0.4766791044776119,1785295562.591747
0,269,0.48079630732536316,0.47769516728624534,1785295562.6696336
0,270,0.6594734787940979,0.47824074074074074,1785295562.7465715
0,271,0.5170559883117676,0.47878228782287824,1785295562.828911
0,272,0.7191276550292969,0.4788602941176471,1785295562.9116385
0,273,0.825881838798523,0.4793956043956044,1785295562.9894612
0,274,0.8718398809432983,0.47924270072992703,1785295563.0710533
0,275,0.8191012740135193,0.47909090909090907,1785295563.1486628
0,276,0.9923025369644165,0.4796195652173913,1785295563.2281492
0,277,0.8821386098861694,0.4808212996389892,1785295563.3080835
0,278,0.5642287731170654,0.4802158273381295,1785295563.3858128
0,279,0.8726773262023926,0.4807347670250896,1785295563.4631214
0,280,1.1264523267745972,0.48125,1785295563.5410318
0,281,0.6601914167404175,0.4817615658362989,1785295563.6190066
0,282,0.7678520083427429,0.48182624113475175,1785295563.6964977
0,283,0.4486905038356781,0.4825530035335689,1785295563.7786913
0,284,0.5479890704154968,0.4819542253521127,1785295563.8569007
0,285,0.988437294960022,0.48223684210526313,1785295563.9361687
0,286,1.0409523248672485,0.4820804195804196,1785295564.0143027
0,287,1.3079273700714111,0.48236062717770034,1785295564.096318
0,288,1.1167314052581787,0.4819878472222222,1785295564.1744304
0,289,0.7964479327201843,0.4820501730103806,1785295564.2544787
0,290,0.5742555856704712,0.4831896551724138,1785295564.3316576
0,291,0.7809615135192871,0.4834621993127148,1785295564.408951
0,292,0.6209858655929565,0.4833047945205479,1785295564.48644
0,293,0.8567488193511963,0.48442832764505117,1785295564.5629666
0,294,0.7641735672950745,0.4846938775510204,1785295564.6406257
0,295,0.580949604511261,0.48495762711864404,1785295564.722424
0,296,0.6376842260360718,0.48543074324324326,1785295564.8042736
0,297,0.8437597751617432,0.4863215488215488,1785295564.8849533
0,298,0.5431912541389465,0.4863674496644295,1785295564.9680085
0,299,0.806859016418457,0.48641304347826086,1785295565.0456648
0,300,0.6550884246826172,0.48625,1785295565.1281178
0,301,0.5822150707244873,0.48650332225913623,1785295565.2054584
0,302,0.6044859290122986,0.4869619205298013,1785295565.2873662
0,303,0.7176373600959778,0.48721122112211224,1785295565.3667965
0,304,0.5118798017501831,0.4868421052631579,1785295565.4440334
0,305,0.5418099761009216,0.4875,1785295565.5223649
0,306,0.5954183340072632,0.48713235294117646,1785295565.6001174
0,307,0.6201165914535522,0.4879885993485342,1785295565.678087
0,308,0.6499664783477783,0.48843344155844154,1785295565.756254
0,309,0.7198857069015503,0.48887540453074435,1785295565.8335328
0,310,0.47906363010406494,0.48951612903225805,1785295565.9104745
0,311,0.6057213544845581,0.4903536977491961,1785295565.9880931
0,312,0.7099785208702087,0.4907852564102564,1785295566.0664124
0,313,0.76340651512146,0.490814696485623,1785295566.1485403
0,314,1.1192512512207031,0.491640127388535,1785295566.2270045
0,315,0.7263797521591187,0.49206349206349204,1785295566.3047473
0,316,0.5953373908996582,0.49268196202531644,1785295566.3822854
0,317,0.5061070322990417,0.493493690851735,1785295566.4642053
0,318,0.5079169869422913,0.4939072327044025,1785295566.5453546
0,319,0.747900664806366,0.49353448275862066,1785295566.6237037
0,320,0.44809654355049133,0.4939453125,1785295566.702359
0,321,0.8086715340614319,0.49396417445482865,1785295566.783888
0,322,0.6428279876708984,0.49417701863354035,1785295567.555167
0,323,0.5512548685073853,0.49438854489164086,1785295567.632289
0,324,0.5142636895179749,0.4947916666666667,1785295567.7096844
0,325,0.7888047695159912,0.4957692307692308,1785295567.7892058
0,326,0.5528402328491211,0.4963573619631902,1785295567.866404
0,327,0.6329711079597473,0.4959862385321101,1785295567.9436123
0,328,0.6683807373046875,0.4958079268292683,1785295568.0237107
0,329,0.706107497215271,0.4958206686930091,1785295568.1011443
0,330,0.5809530019760132,0.4960227272727273,1785295568.1784973
0,331,0.8963414430618286,0.49584592145015105,1785295568.2614377
0,332,0.6477545499801636,0.4964231927710843,1785295568.3391988
0,333,0.5999131202697754,0.49605855855855857,1785295568.4184797
0,334,0.6039601564407349,0.4962574850299401,1785295568.4961808
0,335,0.6804909706115723,0.4962686567164179,1785295568.574811
0,336,0.5417070984840393,0.49646577380952384,1785295568.6571407
0,337,0.5994505882263184,0.4968471810089021,1785295568.7373161
0,338,1.3357422351837158,0.49722633136094674,1785295568.8152885
0,339,0.6590754985809326,0.49723451327433627,1785295568.8933606
0,340,0.615741491317749,0.49761029411764707,1785295568.972513
0,341,0.718998908996582,0.4976173020527859,1785295569.0504303
0,342,0.4738575220108032,0.49744152046783624,1785295569.1307456
0,343,1.134766936302185,0.4978134110787172,1785295569.2151356
0,344,0.6128589510917664,0.49781976744186046,1785295569.301947
0,345,0.7581359148025513,0.4980072463768116,1785295569.3795047
0,346,0.6487469673156738,0.4981936416184971,1785295569.4571779
0,347,0.7042710185050964,0.49747838616714696,1785295569.5385888
0,348,0.7510508298873901,0.49820402298850575,1785295569.6187618
0,349,0.6344047784805298,0.49892550143266473,1785295569.6960278
0,350,0.8778268694877625,0.49857142857142855,1785295569.7742925
0,351,0.6883158087730408,0.4985754985754986,1785295569.8523417
0,352,0.6172003746032715,0.4982244318181818,1785295569.9298902
0,353,0.6106285452842712,0.49876062322946174,1785295570.0076182
0,354,0.4990288317203522,0.4989406779661017,1785295570.0849237
0,355,0.5053664445877075,0.4992957746478873,1785295570.1659238
0,356,0.6781128644943237,0.49912219101123595,1785295570.2469668
0,357,0.6649817824363708,0.49824929971988796,1785295570.3288245
0,358,0.6659597158432007,0.49825418994413406,1785295570.4058642
0,359,0.5851777791976929,0.49895543175487467,1785295570.4818795
0,360,0.9890710115432739,0.49930555555555556,1785295570.5595233
0,361,1.2475043535232544,0.4998268698060942,1785295570.6400247
0,362,0.774345338344574,0.5005179558011049,1785295570.7180421
0,363,0.7246546149253845,0.5001721763085399,1785295570.8006725
0,364,0.5889350175857544,0.4996565934065934,1785295570.8782375
0,365,0.6604217290878296,0.49965753424657533,1785295570.9571812
0,366,0.5732210874557495,0.5,1785295571.0343204
0,367,0.6337500214576721,0.5008514986376021,1785295571.112815
0,368,0.6580876111984253,0.501358695652174,1785295571.1912346
0,369,0.6539881229400635,0.5015243902439024,1785295571.2688217
0,370,0.6608869433403015,0.5018581081081082,1785295571.3468542
0,371,0.5608635544776917,0.5018530997304582,1785295571.4253192
0,372,0.9989694356918335,0.5015120967741935,1785295571.5027664
0,373,0.9352580904960632,0.5020107238605898,1785295571.585416
0,374,0.7212045192718506,0.5020053475935828,1785295571.6632986
0,375,0.8984236121177673,0.5025,1785295571.7456717
0,376,0.7270209789276123,0.5026595744680851,1785295571.822941
0,377,0.6571547985076904,0.5026525198938993,1785295571.9051318
0,378,0.9069716930389404,0.5034722222222222,1785295571.9880855
0,379,0.5529438257217407,0.5034630606860159,1785295572.0677507
0,380,0.6220967769622803,0.5032894736842105,1785295572.1502225
0,381,0.6691336035728455,0.5034448818897638,1785295572.22997
0,382,0.5304073691368103,0.5044175392670157,1785295572.3140204
0,383,0.6366689205169678,0.5052219321148825,1785295572.3915775
0,384,1.2708284854888916,0.5056966145833334,1785295572.4716282
0,385,0.6752567291259766,0.5055194805194805,1785295572.5536957
0,386,0.5760340690612793,0.5058290155440415,1785295572.6367164
0,387,0.7210223078727722,0.5059754521963824,1785295572.7175405
0,388,0.9753255844116211,0.5057989690721649,1785295572.7966714
0,389,0.7613180875778198,0.5059447300771208,1785295572.8792195
0,390,0.4184624254703522,0.5067307692307692,1785295572.9570553
0,391,0.6687929034233093,0.5073529411764706,1785295573.0352197
0,392,0.7069055438041687,0.5074936224489796,1785295573.1124055
0,393,0.4901530146598816,0.5081106870229007,1785295573.1922038
0,394,0.7693840265274048,0.508248730964467,1785295573.2700045
0,395,0.699772834777832,0.5079113924050633,1785295573.3487031
0,396,0.9941490292549133,0.5080492424242424,1785295573.4274879
0,397,0.6082364916801453,0.5077141057934509,1785295573.505194
0,398,0.6582013368606567,0.5078517587939698,1785295573.5837746
0,399,0.49991583824157715,0.5081453634085213,1785295573.6622128
0,400,0.5568102598190308,0.5084375,1785295573.740078
0,401,0.6583871245384216,0.5082605985037406,1785295573.8174636
0,402,0.6121249198913574,0.507929104477612,1785295573.895344
0,403,0.9721271991729736,0.5082196029776674,1785295573.973754
0,404,0.5920459032058716,0.5081992574257426,1785295574.0515537
0,405,0.8504225611686707,0.5087962962962963,1785295574.1335301
0,406,0.9456139802932739,0.5087746305418719,1785295574.2112494
0,407,0.8603384494781494,0.5089066339066339,1785295574.294087
0,408,0.554993748664856,0.5094975490196079,1785295574.376641
0,409,0.5246281623840332,0.5100855745721271,1785295574.4540231
0,410,0.5119889974594116,0.5102134146341464,1785295574.534069
0,411,0.6321853995323181,0.510492700729927,1785295574.61227
0,412,0.7049860954284668,0.5109223300970874,1785295574.6955013
0,413,0.5929479598999023,0.511047215496368,1785295574.7766824
0,414,0.5593416094779968,0.5107185990338164,1785295574.8542316
0,415,0.6160205602645874,0.5102409638554217,1785295574.9316008
0,416,0.6758702993392944,0.5103665865384616,1785295575.0101316
0,417,1.0199137926101685,0.5100419664268585,1785295575.092031
0,418,0.7297911643981934,0.510017942583732,1785295575.172083
0,419,0.6717239022254944,0.5101431980906921,1785295575.249445
0,420,0.6024529933929443,0.5104166666666666,1785295575.327155
0,421,0.6577817797660828,0.5103919239904988,1785295575.408588
0,422,0.6770401000976562,0.5106635071090048,1785295575.485772
0,423,0.59504234790802,0.5109338061465721,1785295575.5633094
0,424,0.5252063274383545,0.5109080188679245,1785295575.641033
0,425,0.645275890827179,0.5110294117647058,1785295575.7227268
0,426,1.0137133598327637,0.5110035211267606,1785295575.8082924
0,427,1.446951150894165,0.5111241217798594,1785295575.8866665
0,428,0.8742145299911499,0.5110981308411215,1785295575.9673843
0,429,0.6688232421875,0.5110722610722611,1785295576.046876
0,430,0.6065315008163452,0.5110465116279069,1785295576.1253703
0,431,0.7545022964477539,0.5114559164733179,1785295576.2050276
0,432,0.6401323676109314,0.51171875,1785295576.2830307
0,433,0.679742157459259,0.5119803695150116,1785295576.3648617
0,434,0.5497008562088013,0.512528801843318,1785295576.4457548
0,435,0.9376375675201416,0.5130747126436782,1785295576.5235214
0,436,0.7236799597740173,0.5130447247706422,1785295576.6010458
0,437,0.5660707354545593,0.5133009153318078,1785295576.6829906
0,438,0.7655696272850037,0.5138413242009132,1785295576.766413
0,439,0.7465620636940002,0.5136674259681093,1785295576.8479877
0,440,0.5467197895050049,0.5139204545454545,1785295576.9277358
0,441,0.7278977632522583,0.5138888888888888,1785295577.0100696
0,442,0.7185440063476562,0.5139988687782805,1785295577.0889637
0,443,0.6324131488800049,0.5141083521444695,1785295577.1695223
0,444,0.569492757320404,0.5142173423423423,1785295577.2471266
0,445,0.5635859966278076,0.5143258426966292,1785295577.326983
0,446,0.6134617328643799,0.5144338565022422,1785295577.40439
0,447,0.7621246576309204,0.5144015659955258,1785295577.484286
0,448,0.5178257822990417,0.5149274553571429,1785295577.5625587
0,449,0.6856749057769775,0.5155902004454342,1785295577.6393294
0,450,0.4945855736732483,0.5161111111111111,1785295577.7171454
0,451,0.4388137459754944,0.5163525498891353,1785295577.7950642
0,452,0.6712110042572021,0.5165929203539823,1785295577.8720772
0,453,0.5883129835128784,0.5169701986754967,1785295577.952413
0,454,0.7030738592147827,0.5170704845814978,1785295578.0297027
0,455,0.8976634740829468,0.5171703296703297,1785295578.1121655
0,456,0.705689013004303,0.5169956140350878,1785295578.1903198
0,457,0.7780706286430359,0.5172319474835886,1785295578.2689252
0,458,0.8160948753356934,0.517467248908297,1785295578.3521397
0,459,0.6743459701538086,0.5177015250544662,1785295578.4298556
0,460,0.8541115522384644,0.5175271739130435,1785295578.507655
0,461,0.6102391481399536,0.517353579175705,1785295578.587807
0,462,0.7193762063980103,0.5174512987012987,1785295578.6652753
0,463,0.6247234344482422,0.5176835853131749,1785295578.7482793
0,464,0.6712265610694885,0.517645474137931,1785295578.8292184
0,465,1.0571898221969604,0.5177419354838709,1785295578.9066956
0,466,0.5319453477859497,0.5182403433476395,1785295578.9840264
0,467,0.911583662033081,0.5187366167023555,1785295579.0624073
0,468,0.7587598562240601,0.5186965811965812,1785295579.1413112
0,469,0.8037856817245483,0.5190565031982942,1785295579.2225268
0,470,0.8469278216362,0.519281914893617,1785295579.3026953
0,471,0.7898764610290527,0.5192409766454352,1785295579.380279
0,472,0.5752527713775635,0.5194650423728814,1785295579.4575765
0,473,0.5416273474693298,0.5196881606765328,1785295579.5399354
0,474,0.7424320578575134,0.5197784810126582,1785295579.6172936
0,475,0.5447680354118347,0.5198684210526315,1785295579.6944418
0,476,0.4295668601989746,0.5200892857142857,1785295579.7761343
0,477,0.7422939538955688,0.5203092243186582,1785295579.853834
0,478,0.5289069414138794,0.5207897489539749,1785295579.9319544
0,479,0.5262343883514404,0.521268267223382,1785295580.0093153
0,480,0.6269481182098389,0.5212239583333333,1785295580.0877395
0,481,0.3618673086166382,0.5215696465696466,1785295580.1650863
0,482,0.671994149684906,0.5215248962655602,1785295580.2428286
0,483,0.784742534160614,0.5216097308488613,1785295580.3256743
0,484,0.5157333016395569,0.521823347107438,1785295580.403408
0,485,0.6308722496032715,0.5221649484536083,1785295580.4828408
0,486,0.6374602913856506,0.522119341563786,1785295580.5610144
0,487,0.8992345929145813,0.5219455852156057,1785295580.6432035
0,488,0.7208754420280457,0.5224129098360656,1785295580.7263503
0,489,0.5183864831924438,0.5228783231083844,1785295580.8033006
0,490,0.6129703521728516,0.5233418367346939,1785295580.881011
0,491,0.6474084258079529,0.5239307535641547,1785295580.9592552
0,492,0.8778976798057556,0.5235010162601627,1785295581.0375874
0,493,0.481290340423584,0.5238336713995944,1785295581.1193817
0,494,0.5046806931495667,0.5240384615384616,1785295581.1971385
0,495,0.8221250176429749,0.5238636363636363,1785295581.280157
0,496,0.916386604309082,0.5240675403225806,1785295581.3581119
0,497,0.7179367542266846,0.5242706237424547,1785295581.4368548
0,498,0.6729471683502197,0.5245983935742972,1785295581.5135796
0,499,0.742277979850769,0.5250501002004008,1785295581.5958507
0,500,0.5572125315666199,0.525125,1785295581.6739776
0,501,0.540512204170227,0.5251996007984032,1785295581.7527027
0,502,0.8941511511802673,0.5252739043824701,1785295581.8363307
0,503,0.7073698043823242,0.525844930417495,1785295581.9136436
0,504,0.5967464447021484,0.5257936507936508,1785295581.9921403
0,505,0.7529341578483582,0.5258663366336633,1785295582.0702846
0,506,0.5271323323249817,0.5259387351778656,1785295582.148368
0,507,0.7311371564865112,0.5260108481262328,1785295582.2308676
0,508,0.645948588848114,0.5260826771653543,1785295582.3087258
0,509,0.7755861878395081,0.5260314341846758,1785295582.3868132
0,510,0.5229038000106812,0.5264705882352941,1785295582.4685814
0,511,0.5911246538162231,0.526541095890411,1785295582.5456612
0,512,0.7027090787887573,0.5264892578125,1785295582.628357
0,513,0.595712423324585,0.526803118908382,1785295582.7052424
0,514,0.549083411693573,0.5269941634241245,1785295582.7825482
0,515,0.7398543953895569,0.5268203883495146,1785295582.8638644
0,516,0.5568327307701111,0.5271317829457365,1785295582.9409738
0,517,0.5597078800201416,0.5275628626692457,1785295583.0223334
0,518,0.3856276571750641,0.5278716216216216,1785295583.0996192
0,519,0.5527164340019226,0.528179190751445,1785295583.1816862
0,520,0.6330465078353882,0.5283653846153846,1785295583.2587278
0,521,0.40724751353263855,0.5285508637236085,1785295583.339885
0,522,0.7336352467536926,0.5283764367816092,1785295583.4188004
0,523,1.3084077835083008,0.5280831739961759,1785295583.4964068
0,524,0.6671094298362732,0.5283874045801527,1785295583.5735052
0,525,0.67113196849823,0.528452380952381,1785295583.6520789
0,526,0.9812684059143066,0.5286359315589354,1785295583.7343302
0,527,0.9175531268119812,0.5288187855787476,1785295583.8179207
0,528,0.45324110984802246,0.5292376893939394,1785295583.9011972
0,529,1.0333609580993652,0.5295368620037807,1785295583.9792242
0,530,0.8892724514007568,0.530188679245283,1785295584.059118
0,531,0.883894681930542,0.5301318267419962,1785295584.1414807
0,532,0.5145329833030701,0.5301926691729323,1785295584.2229385
0,533,0.752703070640564,0.5304878048780488,1785295584.3007202
0,534,0.4687959849834442,0.5305477528089888,1785295584.3784008
0,535,0.9584835767745972,0.5308411214953271,1785295584.4601502
0,536,0.5158162117004395,0.5310167910447762,1785295584.5395627
0,537,0.6193982362747192,0.5313081936685289,1785295584.6183944
0,538,0.5814687013626099,0.53125,1785295584.6972091
0,539,0.9609721302986145,0.5311920222634509,1785295584.7786086
0,540,0.649174690246582,0.53125,1785295584.8592591
0,541,0.8867523670196533,0.5311922365988909,1785295584.9418075
0,542,0.753991961479187,0.5314806273062731,1785295585.0244133
0,543,0.6889041066169739,0.5316528545119705,1785295585.1017075
0,544,0.6330805420875549,0.5319393382352942,1785295585.180195
0,545,0.7656185626983643,0.5321100917431193,1785295585.2619858
0,546,0.6070244312286377,0.5321657509157509,1785295585.3399706
0,547,0.6152101755142212,0.5322212065813529,1785295585.4207468
0,548,0.5007197260856628,0.5326186131386861,1785295585.4988036
0,549,0.5814083814620972,0.5330145719489982,1785295585.5790467
0,550,0.6316242218017578,0.5334090909090909,1785295585.6587572
0,551,0.9134846329689026,0.5340290381125227,1785295585.7352266
0,552,0.8662656545639038,0.5344202898550725,1785295585.8180244
0,553,0.49781548976898193,0.5343580470162749,1785295585.8955061
0,554,0.6483993530273438,0.5345216606498195,1785295585.9771025
0,555,0.6806126832962036,0.5343468468468469,1785295586.058389
0,556,0.7415879964828491,0.5343974820143885,1785295586.1393929
0,557,0.7312220335006714,0.5343357271095153,1785295586.2163599
0,558,0.887395977973938,0.5343862007168458,1785295586.2987688
0,559,0.7398568391799927,0.5347719141323792,1785295586.3775914
0,560,0.5970191955566406,0.5350446428571428,1785295586.4550369
0,561,0.5897690653800964,0.5353163992869875,1785295586.5335221
0,562,1.112813949584961,0.5352535587188612,1785295586.6112306
0,563,0.5593653917312622,0.5354129662522202,1785295586.6888974
0,564,0.5215482115745544,0.5357934397163121,1785295586.7662706
0,565,0.5599520206451416,0.5360619469026549,1785295586.8487258
0,566,0.9216700792312622,0.5363295053003534,1785295586.9292
0,567,0.6019436717033386,0.5363756613756614,1785295587.0067444
0,568,0.8312854766845703,0.5363116197183099,1785295587.0902324
0,569,0.7138998508453369,0.5363576449912126,1785295587.168267
0,570,0.5847489237785339,0.5361842105263158,1785295587.2507415
0,571,0.8220371603965759,0.5364492119089317,1785295587.332947
0,572,0.5079055428504944,0.5368225524475524,1785295587.411261
0,573,0.6611887216567993,0.5367582897033158,1785295587.492679
0,574,0.6095330715179443,0.5372386759581882,1785295587.5695972
0,575,0.6272825002670288,0.5375,1785295587.6487684
0,576,0.8144073486328125,0.5377604166666666,1785295587.7291727
0,577,0.47436732053756714,0.5380199306759099,1785295587.8103073
0,578,0.866849422454834,0.5382785467128027,1785295587.8911273
0,579,0.9103235006332397,0.5383203799654577,1785295587.9694753
0,580,0.5909717679023743,0.5385775862068966,1785295588.0478437
0,581,0.5465931296348572,0.5389414802065404,1785295588.1303508
0,582,0.6667294502258301,0.5387671821305842,1785295588.21011
0,583,0.7626433372497559,0.5388078902229846,1785295588.2901127
0,584,0.6016675233840942,0.5389554794520548,1785295588.36733
0,585,0.6545978784561157,0.5388888888888889,1785295588.4498036
0,586,0.5505669116973877,0.538929180887372,1785295588.527256
0,587,0.5342519283294678,0.5391822827938672,1785295588.6046042
0,588,0.5330789089202881,0.5394345238095238,1785295588.6825385
0,589,0.6821949481964111,0.5392614601018676,1785295588.7608762
0,590,0.7140064239501953,0.5395127118644067,1785295588.8392456
0,591,0.7737675905227661,0.5395516074450084,1785295588.9214811
0,592,0.6499412059783936,0.5396959459459459,1785295588.9985657
0,593,0.9671403765678406,0.5399451939291737,1785295589.0773976
0,594,0.6377341747283936,0.5395622895622896,1785295589.1552541
0,595,0.5248931646347046,0.540126050420168,1785295589.2366827
0,596,0.5276349782943726,0.540268456375839,1785295589.3170931
0,597,0.7122677564620972,0.5403056951423786,1785295589.3952127
0,598,0.4142588675022125,0.5407608695652174,1785295589.476679
0,599,0.5577055811882019,0.5410058430717863,1785295589.5542865
0,600,0.6966979503631592,0.5413541666666667,1785295589.6343045
0,601,0.5006214380264282,0.5415973377703827,1785295589.711553
0,602,0.8033682107925415,0.5419435215946844,1785295589.7912517
0,603,0.6276878118515015,0.5419776119402985,1785295589.8724716
0,604,0.6841014623641968,0.5425289735099338,1785295589.9498112
0,605,0.5617809295654297,0.5426652892561984,1785295590.0322287
0,606,0.807460367679596,0.5425948844884488,1785295590.1103296
0,607,0.7336490154266357,0.542833607907743,1785295590.1907604
0,608,0.5404648780822754,0.5427631578947368,1785295590.2687426
0,609,0.4935957193374634,0.5431034482758621,1785295590.3515353
0,610,0.5208495259284973,0.5430327868852459,1785295590.428791
0,611,0.6374642252922058,0.5431669394435352,1785295590.5062788
0,612,0.551912784576416,0.5431985294117647,1785295590.5838563
0,613,0.4023941457271576,0.5435358890701468,1785295590.664901
0,614,0.9341277480125427,0.5435667752442996,1785295590.743644
0,615,0.8894104957580566,0.5440040650406504,1785295590.8263197
0,616,0.6228703260421753,0.5439326298701299,1785295590.9040015
0,617,0.6170357465744019,0.5442666126418152,1785295590.9811716
0,618,0.5077774524688721,0.5444983818770227,1785295591.0632648
0,619,0.5508081912994385,0.5447294022617124,1785295591.1401737
0,620,0.8084017038345337,0.5449596774193548,1785295591.2172015
0,621,0.712412416934967,0.5450885668276972,1785295591.2997608
0,622,0.48614728450775146,0.5451165594855305,1785295591.3771098
0,623,0.6610528230667114,0.5452447833065811,1785295591.4553175
0,624,0.6180027723312378,0.5453725961538461,1785295591.533198
0,625,0.4691165089607239,0.5455,1785295591.614403
0,626,0.6903882026672363,0.5456269968051118,1785295591.6917791
0,627,0.5907623171806335,0.5457535885167464,1785295591.771374
0,628,0.5237131118774414,0.5459792993630573,1785295591.8491588
0,629,0.5366272330284119,0.5460055643879174,1785295591.9328465
0,630,0.6033751964569092,0.5464285714285714,1785295592.0144482
0,631,0.564090371131897,0.5466521394611727,1785295592.0921183
0,632,0.495625376701355,0.5469738924050633,1785295592.1696153
0,633,0.7857269644737244,0.5470971563981043,1785295592.2460434
0,634,0.6221505403518677,0.5472200315457413,1785295592.3239996
0,635,0.6166561841964722,0.5475393700787402,1785295592.402447
0,636,0.568713903427124,0.547562893081761,1785295592.4797857
0,637,0.49433332681655884,0.5476844583987441,1785295592.5590305
0,638,0.69789057970047,0.5477076802507836,1785295592.6421947
0,639,0.8795332908630371,0.547633020344288,1785295592.720161
0,640,0.7671015858650208,0.54775390625,1785295592.798014
0,641,0.796085774898529,0.5479719188767551,1785295592.8800862
0,642,0.46514829993247986,0.5480919003115264,1785295592.9625006
0,643,0.5339153409004211,0.5483087091757387,1785295593.0412679
0,644,0.5896484851837158,0.5483307453416149,1785295593.1205926
0,645,0.5685091614723206,0.548546511627907,1785295593.1984546
0,646,0.7911887764930725,0.5485681114551083,1785295593.2799587
0,647,0.7758826613426208,0.5485896445131375,1785295593.362175
0,648,0.5665872097015381,0.5486111111111112,1785295593.440168
0,649,0.5552566051483154,0.5486325115562404,1785295593.5226948
0,650,0.6743279099464417,0.5486538461538462,1785295593.6013625
0,651,0.5883297920227051,0.5488671274961597,1785295593.6788747
0,652,0.586773157119751,0.5487921779141104,1785295593.7562542
0,653,1.2091995477676392,0.5491003062787136,1785295593.833663
0,654,0.46138814091682434,0.549598623853211,1785295593.9097178
0,655,0.6067632436752319,0.5499045801526717,1785295593.9885745
0,656,0.6716621518135071,0.5501143292682927,1785295594.066367
0,657,0.5908461809158325,0.5502283105022832,1785295594.1465628
0,658,0.5859934091567993,0.550531914893617,1785295594.2243824
0,659,0.38322484493255615,0.5509294385432474,1785295594.3053517
0,660,0.3870994746685028,0.5513257575757575,1785295594.3826485
0,661,0.7894622087478638,0.5512481089258698,1785295594.4653425
0,662,0.9468451738357544,0.5513595166163142,1785295594.5433626
0,663,0.8375946283340454,0.5512820512820513,1785295594.6259832
0,664,0.9110534191131592,0.5513930722891566,1785295594.7084515
0,665,1.359101414680481,0.5515977443609023,1785295594.7863245
0,666,0.5244770050048828,0.5518956456456456,1785295594.8643463
0,667,0.9886094331741333,0.5518178410794603,1785295594.946669
0,668,0.8835446834564209,0.5516467065868264,1785295595.0289326
0,669,0.8464456796646118,0.5519431988041853,1785295595.1067083
0,670,0.5912261605262756,0.551865671641791,1785295595.1839948
0,671,0.4524680972099304,0.5522540983606558,1785295595.2660344
0,672,0.7670804858207703,0.5523623511904762,1785295595.3445606
0,673,0.8594246506690979,0.5522845468053492,1785295595.4267836
0,674,0.6550796031951904,0.5526706231454006,1785295595.5087976
0,675,0.804792046546936,0.552962962962963,1785295595.5869534
0,676,0.5566187500953674,0.5529770710059172,1785295595.66437
0,677,0.8308990001678467,0.5528988183161004,1785295595.7418654
0,678,0.6241320967674255,0.5530973451327433,1785295595.8198698
0,679,0.572845458984375,0.553479381443299,1785295595.8978996
0,680,0.5110376477241516,0.5536764705882353,1785295595.9754643
0,681,0.5102137327194214,0.5537812041116006,1785295596.0522819
0,682,0.5998150110244751,0.5541605571847508,1785295596.1340222
0,683,0.6320764422416687,0.5542642752562226,1785295596.2157593
0,684,0.6034705638885498,0.5543676900584795,1785295596.2979105
0,685,0.5402825474739075,0.5543795620437956,1785295596.3791766
0,686,0.6633205413818359,0.5543913994169096,1785295596.4615245
0,687,0.6743091940879822,0.5545851528384279,1785295596.5384753
0,688,0.5564599633216858,0.5545058139534884,1785295596.6205297
0,689,0.7867064476013184,0.5546988388969522,1785295596.6987586
0,690,0.5570574998855591,0.554981884057971,1785295596.7763124
0,691,0.8440093994140625,0.5550832127351665,1785295596.8538232
0,692,0.822748601436615,0.5551842485549133,1785295596.9316006
0,693,0.8339272737503052,0.5551948051948052,1785295597.0091171
0,694,0.6656702160835266,0.5554755043227666,1785295597.086249
0,695,0.7787027955055237,0.5553956834532374,1785295597.1678643
0,696,0.8367021083831787,0.555316091954023,1785295597.2486856
0,697,0.701041579246521,0.5552367288378766,1785295597.32622
0,698,0.5690807104110718,0.555426217765043,1785295597.4035382
0,699,0.7793902158737183,0.5556151645207439,1785295597.4813569
0,700,0.680273711681366,0.5558035714285714,1785295597.558902
0,701,0.7385079860687256,0.5560805991440799,1785295597.641618
0,702,0.6129640340805054,0.5560007122507122,1785295597.7189705
0,703,0.9833699464797974,0.5560099573257468,1785295597.8002622
0,704,0.509792685508728,0.5560191761363636,1785295597.8775156
0,705,0.49271875619888306,0.5562943262411347,1785295597.9567072
0,706,0.5708242058753967,0.5563916430594901,1785295598.0399508
0,707,0.6609063744544983,0.556488684582744,1785295598.1172826
0,708,0.5195654630661011,0.5566737288135594,1785295598.198858
0,709,0.5277739763259888,0.5567700987306065,1785295598.2789047
0,710,0.5385181903839111,0.5571302816901409,1785295598.3605576
0,711,0.6167483925819397,0.5572257383966245,1785295598.4383245
0,712,0.743280291557312,0.5571453651685393,1785295598.5211735
0,713,0.6230829954147339,0.5574158485273493,1785295598.5995343
0,714,0.486885666847229,0.5575980392156863,1785295598.676642
0,715,0.7484163641929626,0.5576923076923077,1785295598.758872
0,716,0.7552832961082458,0.557786312849162,1785295598.8382926
0,717,0.5090718269348145,0.5579672245467224,1785295598.9187016
0,718,1.1185386180877686,0.5581476323119777,1785295599.0001888
0,719,0.508520245552063,0.558240611961057,1785295599.0813663
0,720,0.6001678109169006,0.5583333333333333,1785295599.1603043
0,721,0.6753991842269897,0.5584257975034674,1785295599.2418013
0,722,0.6644808053970337,0.558691135734072,1785295599.3201787
0,723,0.717312753200531,0.5587828492392808,1785295599.4030664
0,724,0.6065302491188049,0.5590469613259669,1785295599.4851637
0,725,0.7029727697372437,0.5591379310344827,1785295599.563429
0,726,0.4985124170780182,0.559228650137741,1785295599.6422687
0,727,0.8805565237998962,0.5592331499312242,1785295599.7201474
0,728,0.6284306645393372,0.5589800824175825,1785295599.7978153
0,729,0.6270065903663635,0.559156378600823,1785295599.8809433
0,730,0.5952770709991455,0.5594178082191781,1785295599.958431
0,731,0.6862798929214478,0.5596785225718194,1785295600.0395138
0,732,0.5090169310569763,0.5596823770491803,1785295600.1164896
0,733,0.6056371927261353,0.5600272851296043,1785295600.1971827
0,734,0.7482373714447021,0.5600306539509536,1785295600.2759988
0,735,0.727846086025238,0.5602891156462585,1785295600.3544185
0,736,1.0340282917022705,0.5604619565217391,1785295600.432304
0,737,0.5706591010093689,0.5605495251017639,1785295600.514546
0,738,0.5175482630729675,0.5605521680216802,1785295600.592335
0,739,1.1469402313232422,0.5608085250338295,1785295600.675798
0,740,0.49150350689888,0.5612331081081081,1785295600.7586281
0,741,0.6962293386459351,0.5614035087719298,1785295600.8361027
0,742,0.7096894979476929,0.561489218328841,1785295600.9144244
0,743,0.6989557147026062,0.5618270524899058,1785295600.9922104
0,744,0.5901670455932617,0.5619959677419355,1785295601.0704618
0,745,0.6123950481414795,0.5620805369127517,1785295601.1528344
0,746,0.6892794966697693,0.5620810991957105,1785295601.2353103
0,747,0.5288394689559937,0.5625,1785295601.3159292
0,748,0.5984117388725281,0.5627506684491979,1785295601.3972228
0,749,0.4796419143676758,0.5626668891855807,1785295601.4798956
0,750,0.4035109877586365,0.563,1785295601.5620677
0,751,0.6252033710479736,0.563332223701731,1785295601.6448493
0,752,0.5707458257675171,0.5636635638297872,1785295601.7245877
0,753,0.43531349301338196,0.5637450199203188,1785295601.806645
0,754,0.8369659185409546,0.5637433687002652,1785295601.884895
0,755,0.8131592273712158,0.5634933774834437,1785295601.9645448
0,756,0.49895191192626953,0.5636574074074074,1785295602.0420513
0,757,0.6280909180641174,0.5639035667107001,1785295602.1249886
0,758,0.8834176063537598,0.5641490765171504,1785295602.2034633
0,759,0.6772962808609009,0.5643939393939394,1785295602.2831929
0,760,0.5275189280509949,0.5644736842105263,1785295602.3617537
0,761,0.4704568386077881,0.5647174770039421,1785295602.4393933
0,762,0.7373512387275696,0.5647965879265092,1785295602.5176747
0,763,0.40806326270103455,0.5649574049803407,1785295602.5955458
0,764,0.6608587503433228,0.5651178010471204,1785295602.674421
0,765,0.8826273679733276,0.5651960784313725,1785295602.7570522
0,766,0.4619980752468109,0.5654373368146214,1785295602.8350568
0,767,0.480058491230011,0.5652705345501956,1785295602.9173307
0,768,0.6360366344451904,0.5653483072916666,1785295602.9943428
0,769,0.5251622200012207,0.5653446033810143,1785295603.0766797
0,770,0.5417377948760986,0.5655032467532467,1785295603.1564393
0,771,0.7362021803855896,0.5654182879377432,1785295603.2365277
0,772,0.4558787941932678,0.5655764248704663,1785295603.3170388
0,773,0.5928709506988525,0.565653298835705,1785295603.3991497
0,774,0.570783257484436,0.5655684754521964,1785295603.4830225
0,775,0.7782853841781616,0.5656451612903226,1785295603.5652623
0,776,0.6915415525436401,0.5658827319587629,1785295603.6486669
0,777,1.1487369537353516,0.5660392535392536,1785295603.7260506
0,778,0.23684470355510712,0.5665167095115681,1785295603.8090982
0,779,0.7430877089500427,0.566591784338896,1785295603.8919518
0,780,0.461340069770813,0.5665865384615385,1785295603.9744017
0,781,0.7998057007789612,0.5666613316261203,1785295604.0539277
0,782,0.573006808757782,0.5667359335038363,1785295604.13301
0,783,0.8951314687728882,0.5669699872286079,1785295604.2191284
0,784,0.6304510235786438,0.5671237244897959,1785295604.3059769
0,785,0.6514644622802734,0.5668789808917197,1785295604.3866117
0,786,0.5774432420730591,0.567191475826972,1785295604.4692616
0,787,0.8839441537857056,0.5671060991105463,1785295604.5474923
0,788,0.725235641002655,0.5673381979695431,1785295604.6255522
0,789,0.7796227931976318,0.5674112801013942,1785295604.7112892
0,790,0.48818206787109375,0.5673259493670886,1785295604.7921405
0,791,0.8813568353652954,0.5671618204804045,1785295604.8721673
0,792,0.5543188452720642,0.5671559343434344,1785295604.9529333
0,793,0.7131555080413818,0.5673076923076923,1785295605.033501
0,794,0.6748905181884766,0.5673803526448362,1785295605.1112015
0,795,0.6152629852294922,0.567374213836478,1785295605.1900365
0,796,0.6010532975196838,0.567446608040201,1785295605.2674057
0,797,0.49638593196868896,0.5674404015056461,1785295605.352648
0,798,0.44023236632347107,0.5677474937343359,1785295605.4349222
0,799,1.145322561264038,0.5679755944931164,1785295605.5123148
0,800,0.5419391989707947,0.568046875,1785295605.591663
0,801,1.4907335042953491,0.5681179775280899,1785295605.6698282
0,802,0.833195686340332,0.568033042394015,1785295605.7485201
0,803,0.4397815465927124,0.5681039850560399,1785295605.8298657
0,804,0.7584478855133057,0.5681747512437811,1785295605.909375
0,805,0.7040475010871887,0.5684006211180124,1785295605.9859915
0,806,0.7436695098876953,0.5684708436724566,1785295606.0631495
0,807,0.6375855803489685,0.5684634448574969,1785295606.142374
0,808,1.0642962455749512,0.5687654702970297,1785295606.2193694
0,809,0.7028835415840149,0.568912237330037,1785295606.3002467
0,810,0.7101379632949829,0.5690586419753086,1785295606.3787792
0,811,0.8484933376312256,0.5691276202219482,1785295606.4596465
0,812,0.5927844643592834,0.5692733990147784,1785295606.5394113
0,813,0.807536244392395,0.5693419434194342,1785295606.6208274
0,814,0.4230569005012512,0.5695638820638821,1785295606.6978655
0,815,0.5387119054794312,0.5696319018404908,1785295606.7803748
0,816,0.4603925943374634,0.5697763480392157,1785295606.862661
0,817,0.8537508845329285,0.5700734394124847,1785295606.9405472
0,818,0.6311449408531189,0.5702169926650367,1785295607.0254438
0,819,0.4853478968143463,0.5703601953601953,1785295607.111528
0,820,0.520963191986084,0.5704268292682927,1785295607.1963325
0,821,0.6307664513587952,0.5704171741778319,1785295607.2734964
0,822,0.7472599148750305,0.5704835766423357,1785295607.3514812
0,823,0.9390223622322083,0.5703979343863913,1785295607.4297028
0,824,0.6039173007011414,0.5705400485436893,1785295607.5083392
0,825,0.8909080028533936,0.5704545454545454,1785295607.5900428
0,826,0.6942537426948547,0.5705205811138014,1785295607.6684625
0,827,0.9153538346290588,0.5705864570737605,1785295607.752094
0,828,0.5552056431770325,0.5706521739130435,1785295607.8299904
0,829,0.7240540981292725,0.5702653799758746,1785295607.909621
0,830,0.6033957004547119,0.5704819277108434,1785295607.988529
0,831,0.5461958646774292,0.5706979542719615,1785295608.0670607
0,832,0.7320864796638489,0.5708383413461539,1785295608.148292
0,833,0.5561068654060364,0.5709783913565426,1785295608.2291603
0,834,0.7119004130363464,0.5712679856115108,1785295608.3090346
0,835,0.8532500267028809,0.5714071856287425,1785295608.392511
0,836,0.5906115770339966,0.5713965311004785,1785295608.4704192
0,837,0.5756937861442566,0.5715352449223416,1785295608.5520673
0,838,0.6865847706794739,0.5715244630071599,1785295608.6301386
0,839,0.6306329965591431,0.5714392133492253,1785295608.7100253
0,840,0.7723185420036316,0.5714285714285714,1785295608.7883706
0,841,0.7840734720230103,0.571269322235434,1785295608.870518
0,842,0.8085306286811829,0.5715558194774347,1785295608.9482174
0,843,0.6109587550163269,0.5715450771055753,1785295609.029738
0,844,0.5949085354804993,0.5716824644549763,1785295609.1072721
0,845,0.5147424340248108,0.5717455621301775,1785295609.1849735
0,846,0.5238271355628967,0.5719562647754137,1785295609.2622626
0,847,0.552104651927948,0.5717975206611571,1785295609.345868
0,848,0.7359743714332581,0.5720813679245284,1785295609.4252357
0,849,0.5928771495819092,0.5722173144876325,1785295609.50335
0,850,0.5999116897583008,0.5722058823529412,1785295609.5809715
0,851,0.3629971146583557,0.5724882491186839,1785295609.6581588
0,852,0.7418166399002075,0.5724765258215962,1785295609.7358422
0,853,0.6576253175735474,0.5722450175849941,1785295609.8141625
0,854,0.7576702833175659,0.5722336065573771,1785295609.8930418
0,855,0.8150063753128052,0.5724415204678363,1785295609.9762065
0,856,0.6658269166946411,0.5725759345794392,1785295610.057926
0,857,0.6123710870742798,0.572637106184364,1785295610.1375308
0,858,0.6194641590118408,0.5726981351981352,1785295610.215483
0,859,1.0012152194976807,0.5727590221187427,1785295610.2979949
0,860,0.5205079317092896,0.5730377906976745,1785295610.3758194
0,861,0.4451180100440979,0.573170731707317,1785295610.4564283
0,862,0.7139986157417297,0.5731583526682135,1785295610.5388052
0,863,0.7437442541122437,0.5733632676709154,1785295610.616317
0,864,0.6118298172950745,0.5733506944444444,1785295610.6939187
0,865,0.7275959849357605,0.5734826589595375,1785295610.7763228
0,866,0.6184046268463135,0.5736143187066974,1785295610.853873
0,867,1.0020617246627808,0.5735294117647058,1785295610.9315836
0,868,1.4108883142471313,0.5735887096774194,1785295611.0093284
0,869,0.6177217960357666,0.5738636363636364,1785295611.090775
0,870,0.39108195900917053,0.574066091954023,1785295611.1683428
0,871,0.7657411694526672,0.5739810562571757,1785295611.2495077
0,872,1.1495249271392822,0.5739678899082569,1785295611.333236
0,873,0.6386222243309021,0.5740979381443299,1785295611.4163637
0,874,0.7069396376609802,0.5742276887871853,1785295611.4943008
0,875,0.8103154897689819,0.5742142857142857,1785295611.5722072
0,876,0.6341346502304077,0.5742722602739726,1785295611.6563442
0,877,0.6608399152755737,0.5742588369441277,1785295611.7409835
0,878,0.6691903471946716,0.5743878132118451,1785295611.8220649
0,879,0.5757947564125061,0.5744453924914675,1785295611.905812
0,880,0.6044963598251343,0.5745738636363636,1785295611.9850938
0,881,0.6907271146774292,0.5747020431328036,1785295612.0683007
0,882,0.7853280305862427,0.5747590702947846,1785295612.1473966
0,883,0.5197566151618958,0.5748867497168743,1785295612.2252324
0,884,0.5227879881858826,0.5750848416289592,1785295612.3034658
0,885,0.6482829451560974,0.575,1785295612.3841987
0,886,0.5341743230819702,0.5751975169300225,1785295612.4621809
0,887,0.7591362595558167,0.5753241262683202,1785295612.5456574
0,888,0.6877715587615967,0.5755912162162162,1785295612.6240573
0,889,0.7779342532157898,0.5755764904386952,1785295612.7059548
0,890,0.5836540460586548,0.5754915730337079,1785295612.783168
0,891,0.7998747229576111,0.5755471380471381,1785295612.8633983
0,892,0.5815554261207581,0.5757427130044843,1785295612.9550848
0,893,0.3571808338165283,0.575937849944009,1785295613.0440106
0,894,0.6641703248023987,0.5759927293064877,1785295613.1317017
0,895,0.6411253809928894,0.5760474860335195,1785295613.2095447
0,896,0.4807327687740326,0.5763113839285714,1785295613.2945325
0,897,0.5553371906280518,0.5765746934225195,1785295613.3743842
0,898,0.6834750175476074,0.5765590200445434,1785295613.453265
0,899,0.5101978778839111,0.576821468298109,1785295613.5319886
0,900,0.7266616821289062,0.5769444444444445,1785295613.6190486
0,901,0.6783587336540222,0.5768590455049944,1785295613.6990995
0,902,0.6872342824935913,0.5768431263858093,1785295613.779305
0,903,0.6858817338943481,0.5769656699889258,1785295613.8612576
0,904,0.7706319689750671,0.5771570796460177,1785295613.9401424
0,905,0.5762708783149719,0.5773480662983426,1785295614.0190678
0,906,0.6404275298118591,0.5773316777041942,1785295614.0966709
0,907,0.6443619728088379,0.5771775082690187,1785295614.1778173
0,908,0.6432415843009949,0.5771613436123348,1785295614.2624912
0,909,0.48465946316719055,0.5774202420242024,1785295614.3475027
0,910,0.7237498164176941,0.5775412087912087,1785295614.4327946
0,911,0.8616056442260742,0.5775246981339188,1785295614.519263
0,912,0.697447657585144,0.5775767543859649,1785295614.6089115
0,913,0.5766900777816772,0.5778340635268346,1785295614.697054
0,914,1.3484106063842773,0.5781591903719913,1785295614.779308
0,915,0.6379455924034119,0.5781420765027322,1785295614.8616922
0,916,0.5031272172927856,0.5782614628820961,1785295614.9459033
0,917,0.6920967102050781,0.5784487459105779,1785295615.0293276
0,918,0.5136261582374573,0.5784994553376906,1785295615.115228
0,919,0.6027233004570007,0.5788900979325353,1785295615.2030642
0,920,1.2408100366592407,0.5789402173913043,1785295615.2866027
0,921,0.5848523378372192,0.5790580890336591,1785295615.3704195
0,922,0.7602188587188721,0.579107917570499,1785295615.4588144
0,923,0.6093088388442993,0.579022210184182,1785295615.546462
0,924,0.5032061338424683,0.5788014069264069,1785295615.6303494
0,925,0.5655526518821716,0.5787162162162162,1785295615.710692
0,926,0.9013047218322754,0.5786312095032398,1785295615.792523
0,927,1.0836597681045532,0.5786812297734628,1785295615.8717468
0,928,0.5872570276260376,0.5787984913793104,1785295615.950441
0,929,0.5703107118606567,0.5789155005382132,1785295616.0304878
0,930,0.9508108496665955,0.5789650537634409,1785295616.1143231
0,931,0.5543199777603149,0.5789473684210527,1785295616.1979089
0,932,0.5523468852043152,0.5791309012875536,1785295616.2792196
0,933,0.7449612617492676,0.5792470525187567,1785295616.3600588
0,934,0.8853071928024292,0.5790952890792291,1785295616.4417894
0,935,0.8954843282699585,0.5792112299465241,1785295616.5293531
0,936,0.6514121294021606,0.5792601495726496,1785295616.6159527
0,937,0.6099449396133423,0.5791088580576307,1785295616.6977446
0,938,0.7584779262542725,0.5790911513859275,1785295616.782816
0,939,0.6711559295654297,0.5789403620873269,1785295616.8662663
0,940,0.5911929607391357,0.5790558510638298,1785295616.9548001
0,941,0.5670351982116699,0.5791046758767269,1785295617.0365746
0,942,0.5805202722549438,0.579286093418259,1785295617.1191325
0,943,0.8312017321586609,0.5794671261930011,1785295617.1989946
0,944,0.478685587644577,0.5794491525423728,1785295617.278956
0,945,0.6689561605453491,0.5794973544973545,1785295617.3596494
0,946,0.5780421495437622,0.5795454545454546,1785295617.4397218
0,947,0.5376143455505371,0.5796594508975713,1785295617.5214365
0,948,0.615386962890625,0.5795754219409283,1785295617.6025214
0,949,0.47229379415512085,0.5798208640674394,1785295617.682691
0,950,0.672903299331665,0.58,1785295617.764375
0,951,0.8565918803215027,0.5800473186119873,1785295617.851684
0,952,0.576004683971405,0.5801601890756303,1785295617.9352355
0,953,1.040153980255127,0.5802728226652676,1785295618.0155258
0,954,0.9913337230682373,0.5802541928721174,1785295618.09588
0,955,0.5725528597831726,0.5804973821989529,1785295618.1779878
0,956,0.6114785075187683,0.5805439330543933,1785295618.2640076
0,957,1.2215603590011597,0.5806556948798328,1785295618.3463125
0,958,0.674522876739502,0.5808324634655533,1785295618.4326148
0,959,0.6451543569564819,0.5810088633993743,1785295618.518134
0,960,0.5930027365684509,0.5811197916666667,1785295618.6050448
0,961,0.7342545986175537,0.581165452653486,1785295618.6826363
0,962,0.5984155535697937,0.5812110187110187,1785295618.760534
0,963,0.6893817782402039,0.5815160955347871,1785295618.837756
0,964,0.6143286228179932,0.5817557053941909,1785295618.9145606
0,965,0.41865429282188416,0.581800518134715,1785295618.9956741
0,966,0.6270855665206909,0.5819099378881988,1785295619.0743983
0,967,0.5321510434150696,0.5817605997931747,1785295619.1590571
0,968,0.6237572431564331,0.5819989669421488,1785295619.237052
0,969,0.6226345896720886,0.5820433436532507,1785295619.3178694
0,970,0.5281089544296265,0.5820876288659794,1785295619.4016562
0,971,0.6004668474197388,0.5821961894953656,1785295619.4816144
0,972,0.7310245633125305,0.5822402263374485,1785295619.5593526
0,973,0.5072644352912903,0.5822199383350463,1785295619.6376548
0,974,0.5400969386100769,0.5821996919917864,1785295619.7158926
0,975,0.9014286994934082,0.5823076923076923,1785295619.796363
0,976,0.7433876991271973,0.5824154713114754,1785295619.8788428
0,977,0.5338073372840881,0.5825230296827022,1785295619.9576511
0,978,0.6835124492645264,0.5825025562372188,1785295620.0378172
0,979,0.5544255971908569,0.5826736465781409,1785295620.1211455
0,980,0.6248323917388916,0.582780612244898,1785295620.2016704
0,981,0.5922563672065735,0.5828873598369011,1785295620.2878542
0,982,1.1541016101837158,0.5829302443991853,1785295620.3673682
0,983,0.568541944026947,0.5830366225839267,1785295620.4502697
0,984,0.8673124313354492,0.5831427845528455,1785295620.5309527
0,985,0.6517167091369629,0.5830583756345178,1785295620.6141975
0,986,0.5254871845245361,0.5830375253549696,1785295620.6923156
0,987,0.7617557048797607,0.5832066869300911,1785295620.7745428
0,988,0.6014768481254578,0.5833122469635628,1785295620.8522868
0,989,0.5646144151687622,0.5833543983822043,1785295620.9303355
0,990,0.3598445653915405,0.583459595959596,1785295621.0084624
0,991,0.5948845148086548,0.5833753784056509,1785295621.087377
0,992,0.8406479358673096,0.5834803427419355,1785295621.1646247
0,993,0.5521343946456909,0.5836480362537765,1785295621.242802
0,994,0.672178328037262,0.5836267605633803,1785295621.320905
0,995,0.671606183052063,0.5839195979899497,1785295621.3993309
0,996,0.8433935642242432,0.5837725903614458,1785295621.477419
0,997,0.5582010746002197,0.5837512537612839,1785295621.556187
0,998,0.5406594276428223,0.5836047094188377,1785295621.6364105
0,999,0.6320986747741699,0.583521021021021,1785295621.7213643
0,1000,0.6502302885055542,0.5835625,1785295621.808052
0,1001,0.6202839612960815,0.5837912087912088,1785295621.885458
0,1002,0.5257425308227539,0.5838947105788423,1785295621.9631932
0,1003,0.5574750304222107,0.5839980059820539,1785295622.0427475
0,1004,0.5288795828819275,0.5838520916334662,1785295622.1232367
0,1005,0.5375767946243286,0.5839552238805971,1785295622.2049847
0,1006,0.775762677192688,0.5839960238568589,1785295622.282939
0,1007,0.5052430033683777,0.5840367428003972,1785295622.3606975
0,1008,0.49825772643089294,0.5841393849206349,1785295622.4393485
0,1009,0.523054838180542,0.5842418235877106,1785295622.5170178
0,1010,0.5597686171531677,0.5842821782178218,1785295622.5953188
0,1011,0.37710580229759216,0.5844460929772503,1785295622.677378
0,1012,0.6284216046333313,0.5845479249011858,1785295622.7555547
0,1013,0.7373006939888,0.5845878578479763,1785295622.833284
0,1014,0.7032086849212646,0.5845044378698225,1785295622.9116597
0,1015,0.7309591770172119,0.5846674876847291,1785295622.9921708
0,1016,0.5545706748962402,0.5845841535433071,1785295623.0701668
0,1017,0.36766281723976135,0.584869714847591,1785295623.1518052
0,1018,0.9823163747787476,0.5849091355599214,1785295623.2293725
0,1019,0.7233021855354309,0.5848258096172718,1785295623.3122683
0,1020,1.1149414777755737,0.5846813725490196,1785295623.3901246
0,1021,0.5440140962600708,0.584720861900098,1785295623.4673092
0,1022,0.44976720213890076,0.5849437377690803,1785295623.5445633
0,1023,0.507002055644989,0.5849828934506354,1785295623.626652
0,1024,0.4853938817977905,0.58514404296875,1785295623.7055748
0,1025,0.46088799834251404,0.5853048780487805,1785295623.7839653
0,1026,0.6484676599502563,0.585343567251462,1785295623.8620374
0,1027,0.5492728352546692,0.5855038948393378,1785295623.940032
0,1028,0.836979329586029,0.585420719844358,1785295624.0175421
0,1029,0.8847853541374207,0.5853984450923226,1785295624.0973196
0,1030,0.6143782734870911,0.5854975728155339,1785295624.1752698
0,1031,0.7761028409004211,0.5855965082444229,1785295624.2578773
0,1032,0.6673619747161865,0.5856952519379846,1785295624.337476
0,1033,0.4636864960193634,0.5857938044530494,1785295624.4158628
0,1034,0.6350522637367249,0.585892166344294,1785295624.4954586
0,1035,0.7816685438156128,0.5856884057971015,1785295624.5777905
0,1036,0.50534588098526,0.5858470077220077,1785295624.654913
0,1037,0.6638773083686829,0.5859450337512054,1785295624.7325215
0,1038,0.633201003074646,0.5861030828516378,1785295624.8101501
0,1039,0.8513445854187012,0.5861405197305101,1785295624.8878856
0,1040,0.637033224105835,0.5860576923076923,1785295624.965232
0,1041,0.6177600026130676,0.5860951008645533,1785295625.047732
0,1042,0.7288138270378113,0.5861324376199616,1785295625.1257586
0,1043,0.6864007115364075,0.5863494726749761,1785295625.2037673
0,1044,0.7690554857254028,0.5864463601532567,1785295625.2816079
0,1045,0.7779120206832886,0.5864234449760766,1785295625.359249
0,1046,0.9152148962020874,0.5864005736137667,1785295625.4367473
0,1047,0.5988172888755798,0.5864374403056352,1785295625.520561
0,1048,0.7864485383033752,0.5865338740458015,1785295625.598455
0,1049,0.4453187882900238,0.5865705433746425,1785295625.679044
0,1050,0.5140383243560791,0.5867261904761905,1785295625.7598307
0,1051,0.7180103063583374,0.5867626070409134,1785295625.8444636
0,1052,0.9900059700012207,0.5869177756653993,1785295625.923604
0,1053,0.7421894073486328,0.5869539411206078,1785295626.008121
0,1054,0.403546005487442,0.5871679316888045,1785295626.0928822
0,1055,0.7099944353103638,0.5871445497630332,1785295626.1789203
0,1056,0.5863475203514099,0.5873579545454546,1785295626.2590084
0,1057,0.5152040123939514,0.5873344370860927,1785295626.3413744
0,1058,0.42678511142730713,0.587547258979206,1785295626.4239254
0,1059,1.2102656364440918,0.5876416430594901,1785295626.5127382
0,1060,0.769507884979248,0.5878537735849056,1785295626.595938
0,1061,0.6522911787033081,0.5879476908576814,1785295626.6729434
0,1062,0.5495668053627014,0.5878648775894538,1785295626.7507203
0,1063,0.7625328898429871,0.587958607714017,1785295626.83173
0,1064,0.6807465553283691,0.5879934210526315,1785295626.912123
0,1065,0.5876742601394653,0.5880868544600939,1785295626.9942975
0,1066,0.5844964385032654,0.5879455909943715,1785295627.0774102
0,1067,0.656879186630249,0.587863167760075,1785295627.1553514
0,1068,0.702523410320282,0.5879564606741573,1785295627.234043
0,1069,0.8142426013946533,0.5881080449017774,1785295627.3173985
0,1070,0.5908752679824829,0.5880841121495327,1785295627.4012468
0,1071,0.9229414463043213,0.5880602240896359,1785295627.484439
0,1072,0.6872445344924927,0.5879780783582089,1785295627.5631998
0,1073,0.5184168815612793,0.5879543336439889,1785295627.643979
0,1074,0.6497167944908142,0.5879888268156425,1785295627.7234566
0,1075,0.6275289058685303,0.5880232558139535,1785295627.806228
0,1076,0.655209481716156,0.5880576208178439,1785295627.884663
0,1077,0.5637162923812866,0.5881499535747446,1785295627.972651
0,1078,0.726054310798645,0.588126159554731,1785295628.0566087
0,1079,0.5420913100242615,0.5882761816496757,1785295628.145529
0,1080,0.5202860832214355,0.5883680555555556,1785295628.2295861
0,1081,0.4802079498767853,0.5884597594819612,1785295628.3110924
0,1082,0.7159436345100403,0.5888401109057301,1785295628.3907204
0,1083,0.5981719493865967,0.5889312096029548,1785295628.4705129
0,1084,0.660059928894043,0.5888491697416974,1785295628.550488
0,1085,0.49226874113082886,0.5888248847926267,1785295628.6374106
0,1086,0.7515242695808411,0.5889157458563536,1785295628.7212174
0,1087,0.5964149236679077,0.5888339466421343,1785295628.803217
0,1088,0.5740997791290283,0.5890969669117647,1785295628.8817146
0,1089,0.8388383984565735,0.5893021120293848,1785295628.961919
0,1090,0.8671842217445374,0.5893348623853211,1785295629.0421898
0,1091,0.48526179790496826,0.5894248395967002,1785295629.1252267
0,1092,0.8241391181945801,0.5895718864468864,1785295629.20497
0,1093,0.6592422723770142,0.5894899359560841,1785295629.2873285
0,1094,0.8474243879318237,0.5896937842778793,1785295629.3715942
0,1095,0.8704635500907898,0.5898972602739726,1785295629.4518147
0,1096,0.5534389019012451,0.5899863138686131,1785295629.5382936
0,1097,1.069852352142334,0.589961257976299,1785295629.6227548
0,1098,0.48046839237213135,0.5899931693989071,1785295629.701163
0,1099,0.7892308831214905,0.589968152866242,1785295629.7849073
0,1100,0.6226035356521606,0.5900568181818182,1785295629.8685012
0,1101,0.3806988596916199,0.5901453224341507,1785295629.947748
0,1102,0.49495017528533936,0.590233666061706,1785295630.0298166
0,1103,0.7648794651031494,0.5902085222121487,1785295630.114808
0,1104,0.6753110289573669,0.5901268115942029,1785295630.1966636
0,1105,0.8586711287498474,0.5902714932126697,1785295630.2790222
0,1106,0.492265522480011,0.590246383363472,1785295630.361869
0,1107,0.6363837122917175,0.5902777777777778,1785295630.4421372
0,1108,0.7846310138702393,0.5902527075812274,1785295630.5266082
0,1109,0.7548885345458984,0.5902840396753832,1785295630.605464
0,1110,0.5589726567268372,0.5902027027027027,1785295630.689386
0,1111,0.6212743520736694,0.5902340234023402,1785295630.768818
0,1112,0.71192467212677,0.5902090827338129,1785295630.8483448
0,1113,0.7140856981277466,0.5902964959568733,1785295630.929004
0,1114,0.500000536441803,0.5902154398563735,1785295631.0132277
0,1115,0.5893582105636597,0.5903026905829596,1785295631.096247
0,1116,0.48789772391319275,0.5905017921146953,1785295631.1760476
0,1117,0.6897456645965576,0.590588630259624,1785295631.260303
0,1118,0.3909876048564911,0.5907312164579607,1785295631.3394907
0,1119,0.6222198009490967,0.5907059874888293,1785295631.4187586
0,1120,0.8188439011573792,0.5905133928571429,1785295631.498291
0,1121,0.6335890293121338,0.5905441570026762,1785295631.579235
0,1122,0.49563154578208923,0.5904634581105169,1785295631.658176
0,1123,0.6125089526176453,0.5904942119323241,1785295631.7379246
0,1124,0.5883944034576416,0.5905249110320284,1785295631.817442
0,1125,0.7971211671829224,0.5905,1785295631.9007304
0,1126,0.6781039237976074,0.5905306394316163,1785295631.9825335
0,1127,0.6280389428138733,0.5906166814551908,1785295632.06187
0,1128,0.44410938024520874,0.5906471631205674,1785295632.1415677
0,1129,0.6319096088409424,0.5906222320637733,1785295632.2209883
0,1130,0.5802903175354004,0.5906526548672566,1785295632.30548
0,1131,0.7006444931030273,0.590683023872679,1785295632.3887367
0,1132,0.7739826440811157,0.5906029151943463,1785295632.4739869
0,1133,0.8805103898048401,0.5905229479258606,1785295632.5539563
0,1134,0.7113301157951355,0.5906084656084656,1785295632.6386187
0,1135,0.8417658805847168,0.5906938325991189,1785295632.7189345
0,1136,0.5367106199264526,0.5907240316901409,1785295632.798273
0,1137,0.44642695784568787,0.5904793315743184,1785295632.8775334
0,1138,0.7804426550865173,0.5905096660808435,1785295632.9625304
0,1139,0.5527808666229248,0.590649692712906,1785295633.0464747
0,1140,0.5971373915672302,0.590734649122807,1785295633.1282978
0,1141,0.4553808569908142,0.5908194566170026,1785295633.211977
0,1142,0.635816752910614,0.59090411558669,1785295633.2976851
0,1143,0.7208846807479858,0.5908792650918635,1785295633.376582
0,1144,0.8319318294525146,0.5906905594405595,1785295633.4605436
0,1145,0.7038302421569824,0.5907205240174672,1785295633.543926
0,1146,0.846740186214447,0.5905322862129145,1785295633.6235597
0,1147,0.6093476414680481,0.5906168265039233,1785295633.7038746
0,1148,1.1189041137695312,0.5908645470383276,1785295633.7812815
0,1149,0.8190475106239319,0.5909486510008704,1785295633.8647382
0,1150,0.7198626399040222,0.5910869565217391,1785295633.949281
0,1151,0.619042694568634,0.5911707211120765,1785295634.028247
0,1152,0.4538812041282654,0.59130859375,1785295634.1117918
0,1153,0.4920428991317749,0.5912294015611448,1785295634.195085
0,1154,0.6463025212287903,0.5913128249566725,1785295634.274393
0,1155,0.7338197231292725,0.5914502164502164,1785295634.3574803
0,1156,1.0663394927978516,0.5914251730103807,1785295634.4379356
0,1157,0.5223492383956909,0.5914541918755402,1785295634.5172672
0,1158,0.5276027917861938,0.5916450777202072,1785295634.59695
0,1159,0.6021100878715515,0.5914042277825712,1785295634.6763349
0,1160,0.5230506062507629,0.5915409482758621,1785295634.7554724
0,1161,0.42923253774642944,0.5915697674418605,1785295634.8397372
0,1162,0.5440483689308167,0.5917598967297762,1785295634.9232328
0,1163,0.642296552658081,0.5916809974204643,1785295635.0027804
0,1164,0.4869697391986847,0.591602233676976,1785295635.08324
0,1165,0.8027603626251221,0.5917381974248928,1785295635.1669502
0,1166,0.6674718260765076,0.5917131217838765,1785295635.250705
0,1167,0.6346064805984497,0.5917952013710368,1785295635.3296375
0,1168,0.6786223649978638,0.5919306506849316,1785295635.4131615
0,1169,0.7375057339668274,0.591852010265184,1785295635.4933243
0,1170,0.621758759021759,0.5917200854700855,1785295635.572514
0,1171,0.33902591466903687,0.5919086251067464,1785295635.6557863
0,1172,0.9714369773864746,0.5918835324232082,1785295635.738731
0,1173,0.7884401679039001,0.5921248934356351,1785295635.8184087
0,1174,0.48118677735328674,0.5921528960817717,1785295635.8994331
0,1175,0.8837727904319763,0.5921276595744681,1785295635.980956
0,1176,0.5432156324386597,0.592155612244898,1785295636.0621705
0,1177,0.5520638227462769,0.5922366185216652,1785295636.1453047
0,1178,0.7868568301200867,0.5924235993208828,1785295636.230269
0,1179,0.5339826941490173,0.5925042408821035,1785295636.3089132
0,1180,0.607090413570404,0.5926377118644067,1785295636.3900483
0,1181,0.6388977766036987,0.5925592718035563,1785295636.4687424
0,1182,0.6290990710258484,0.592480964467005,1785295636.5475955
0,1183,0.6573870778083801,0.5926141166525782,1785295636.6276836
0,1184,0.8845304250717163,0.5926942567567568,1785295636.708128
0,1185,0.7946476936340332,0.592668776371308,1785295636.7877831
0,1186,1.1945569515228271,0.59285413153457,1785295636.8702152
0,1187,0.6916767358779907,0.5929338668913227,1785295636.94972
0,1188,0.578223466873169,0.5929082491582491,1785295637.0326982
0,1189,0.4894799590110779,0.593040370058873,1785295637.1165223
0,1190,0.8842174410820007,0.5930147058823529,1785295637.1991959
0,1191,0.6259636878967285,0.5929890848026869,1785295637.2797554
0,1192,0.3640086054801941,0.5931732382550335,1785295637.3613617
0,1193,0.43586745858192444,0.5934094719195306,1785295637.4412317
0,1194,0.6719258427619934,0.5934359296482412,1785295637.5202875
0,1195,0.5863514542579651,0.5934623430962344,1785295637.6029322
0,1196,0.4478880763053894,0.5935932274247492,1785295637.6865122
0,1197,0.4723815321922302,0.5937761069340016,1785295637.7700126
0,1198,0.42173463106155396,0.5939586811352254,1785295637.8489566
0,1199,0.4574384391307831,0.5939845704753962,1785295637.927286
0,1200,0.6490681171417236,0.5941666666666666,1785295638.0091488
0,1201,0.8350574374198914,0.5941923397169026,1785295638.092119
0,1202,0.777349054813385,0.5942179700499168,1785295638.1747625
0,1203,0.7275660634040833,0.5942955112219451,1785295638.2526665
0,1204,0.6857864260673523,0.5943729235880398,1785295638.33161
0,1205,0.7268389463424683,0.5944502074688797,1785295638.414951
0,1206,0.76948481798172,0.5944237147595357,1785295638.4998813
0,1207,0.4459400475025177,0.5944490472245236,1785295638.5791962
0,1208,0.49419406056404114,0.5944743377483444,1785295638.65838
0,1209,0.5638375878334045,0.5944478908188585,1785295638.7389429
0,1210,0.5584746599197388,0.5945247933884298,1785295638.8184288
0,1211,0.5046547055244446,0.5944467382328654,1785295638.9023798
0,1212,0.8100643157958984,0.5945235148514851,1785295638.9857633
0,1213,0.9818785190582275,0.5945486397361912,1785295639.0650003
0,1214,0.9455358982086182,0.5942648270181219,1785295639.1504927
0,1215,0.5024508237838745,0.5943930041152263,1785295639.229216
0,1216,0.4866124987602234,0.5945209703947368,1785295639.3101425
0,1217,0.8458480834960938,0.5944433032046015,1785295639.3951542
0,1218,0.37993910908699036,0.5946736453201971,1785295639.4773962
0,1219,0.8342010378837585,0.5946985233798195,1785295639.5609574
0,1220,0.9004109501838684,0.5947233606557377,1785295639.6403668
0,1221,0.579503059387207,0.5948505323505323,1785295639.7188797
0,1222,0.5802805423736572,0.5948240589198036,1785295639.7984273
0,1223,1.1508677005767822,0.5947465249386754,1785295639.8802264
0,1224,0.5968077182769775,0.5947712418300654,1785295639.96368
0,1225,0.892188549041748,0.5948469387755102,1785295640.0431886
0,1226,0.6023292541503906,0.5949734910277324,1785295640.122675
0,1227,0.6408089995384216,0.59489608801956,1785295640.2071517
0,1228,0.7098854780197144,0.5949206026058632,1785295640.2906291
0,1229,0.9777892827987671,0.5949450772986168,1785295640.3696263
0,1230,0.4428999722003937,0.5951727642276423,1785295640.4515703
0,1231,0.5915741324424744,0.5950954508529651,1785295640.5307674
0,1232,0.6021566390991211,0.595119724025974,1785295640.6104145
0,1233,0.4508611559867859,0.5951946472019465,1785295640.6893125
0,1234,0.654487133026123,0.5951175040518638,1785295640.770519
0,1235,0.38428735733032227,0.5952935222672064,1785295640.8515537
0,1236,0.6407325267791748,0.5953681229773463,1785295640.9365838
0,1237,0.7150341868400574,0.5954426030719483,1785295641.0159607
0,1238,0.5329263210296631,0.5956179321486268,1785295641.0960855
0,1239,0.5614793300628662,0.595591202582728,1785295641.1793377
0,1240,1.076500415802002,0.5957661290322581,1785295641.2648344
0,1241,0.5303985476493835,0.5958400483481063,1785295641.3445418
0,1242,0.44298672676086426,0.59591384863124,1785295641.422797
0,1243,0.6323552131652832,0.5959372485921158,1785295641.503343
0,1244,1.0090839862823486,0.5959103697749196,1785295641.5829935
0,1245,0.6641724109649658,0.5957831325301205,1785295641.6626563
0,1246,0.6397906541824341,0.5959069020866774,1785295641.7420735
0,1247,0.7632938623428345,0.5958801122694467,1785295641.8258884
0,1248,0.6114752888679504,0.5959034455128205,1785295641.9101987
0,1249,0.576870858669281,0.5960768614891914,1785295641.9902265
0,1250,0.6348973512649536,0.5962,1785295642.0691757
0,1251,0.4755743145942688,0.5961730615507594,1785295642.150974
0,1252,0.5429853796958923,0.5961461661341853,1785295642.2310393
0,1253,0.5590249300003052,0.5962190742218675,1785295642.3146698
0,1254,0.6578463912010193,0.5962918660287081,1785295642.39391
0,1255,0.48130103945732117,0.5961155378486056,1785295642.4777982
0,1256,0.5423668026924133,0.5960390127388535,1785295642.5571263
0,1257,0.7353494763374329,0.5960123309466985,1785295642.6400464
0,1258,0.8118797540664673,0.5959856915739269,1785295642.721154
0,1259,0.5538420677185059,0.5959590945194599,1785295642.8024497
0,1260,0.9863340258598328,0.5960813492063493,1785295642.8805494
0,1261,0.5397627949714661,0.5961538461538461,1785295642.9594414
0,1262,0.28006255626678467,0.5962757527733756,1785295643.0433905
0,1263,0.7618339657783508,0.5961995249406176,1785295643.126295
0,1264,0.6266291737556458,0.5961728639240507,1785295643.2096763
0,1265,0.5108841061592102,0.5962944664031621,1785295643.2908077
0,1266,0.819807767868042,0.5963171406003159,1785295643.370941
0,1267,0.5879811644554138,0.5962411207576953,1785295643.4505851
0,1268,0.46217310428619385,0.59636238170347,1785295643.5296528
0,1269,1.0214269161224365,0.5964342001576044,1785295643.6142697
0,1270,0.6955651640892029,0.5966535433070866,1785295643.697584
0,1271,0.7225019931793213,0.5965774980330448,1785295643.7764728
0,1272,0.3855264186859131,0.5966981132075472,1785295643.856818
0,1273,0.48510777950286865,0.5967694422623724,1785295643.940714
0,1274,0.4768367111682892,0.5969387755102041,1785295644.0217516
0,1275,1.0081061124801636,0.5970098039215687,1785295644.1007662
0,1276,0.7586085796356201,0.5972276645768025,1785295644.1788044
0,1277,0.6645613312721252,0.5971515270164448,1785295644.262481
0,1278,0.41538867354393005,0.5972222222222222,1785295644.3414176
0,1279,0.5929332971572876,0.5971950742767788,1785295644.423813
0,1280,0.7125061750411987,0.597216796875,1785295644.506861
0,1281,0.636667788028717,0.5969457455113193,1785295644.5944796
0,1282,0.7331700325012207,0.5971138845553822,1785295644.6806955
0,1283,0.6522684097290039,0.5971356196414653,1785295644.7632332
0,1284,0.46751922369003296,0.5971086448598131,1785295644.8456533
0,1285,0.9141682386398315,0.5972762645914397,1785295644.9308386
0,1286,1.0421838760375977,0.5972492223950233,1785295645.0150716
0,1287,0.6317650675773621,0.5970765345765345,1785295645.0994024
0,1288,0.49156543612480164,0.5971467391304348,1785295645.1777318
0,1289,0.7540696859359741,0.5971683475562451,1785295645.2565289
0,1290,0.7053268551826477,0.5970930232558139,1785295645.3351095
0,1291,1.0832029581069946,0.5971630518977536,1785295645.4179213
0,1292,0.5981570482254028,0.5971845975232198,1785295645.4982142
0,1293,0.5580037236213684,0.5973027842227379,1785295645.5773494
0,1294,0.813582718372345,0.5972275888717156,1785295645.657683
0,1295,0.5542093515396118,0.5971042471042471,1785295645.7380345
0,1296,0.5145425796508789,0.5971257716049383,1785295645.8170233
0,1297,0.6955513954162598,0.5971954510408636,1785295645.8960168
0,1298,0.6916331648826599,0.5970724191063174,1785295645.9754803
0,1299,0.7138428092002869,0.5969976905311778,1785295646.0602582
0,1300,0.5506973266601562,0.5970192307692308,1785295646.1425712
0,1301,0.6874126195907593,0.5971368178324366,1785295646.2224658
0,1302,0.5117555260658264,0.5972062211981567,1785295646.3072233
0,1303,0.598744809627533,0.5972755180353031,1785295646.386569
0,1304,0.7176720499992371,0.5974405674846626,1785295646.470264
0,1305,1.046496033668518,0.5975095785440613,1785295646.549917
0,1306,0.4138891100883484,0.5975306278713629,1785295646.633374
0,1307,0.7194697260856628,0.5974560061208876,1785295646.7132926
0,1308,0.5930837988853455,0.597572629969419,1785295646.7924247
0,1309,0.61380934715271,0.5976413292589763,1785295646.8728976
0,1310,0.6537958383560181,0.5976145038167939,1785295646.9518113
0,1311,0.5047162771224976,0.5976830663615561,1785295647.0323312
0,1312,0.9019239544868469,0.5975609756097561,1785295647.1125894
0,1313,0.5464794039726257,0.5974390708301599,1785295647.19674
0,1314,0.7675331234931946,0.5975076103500762,1785295647.2802546
0,1315,0.7236190438270569,0.5973859315589354,1785295647.3597062
0,1316,0.9863029718399048,0.5975493920972644,1785295647.4452052
0,1317,0.6144227385520935,0.5975227790432802,1785295647.5262308
0,1318,0.4569791257381439,0.597543626707132,1785295647.6063554
0,1319,0.7720549702644348,0.5976592115238817,1785295647.6921818
0,1320,0.4869564473628998,0.5977272727272728,1785295647.7743945
0,1321,1.0718940496444702,0.5979371688115064,1785295647.8543718
0,1322,0.5155274868011475,0.5978158093797277,1785295647.9343622
0,1323,0.6062310934066772,0.5979780801209372,1785295648.0206792
0,1324,0.8263990879058838,0.5979512839879154,1785295648.1015368
0,1325,0.5879033803939819,0.5979716981132075,1785295648.1834106
0,1326,0.8374640345573425,0.5979920814479638,1785295648.2643437
0,1327,0.5456703901290894,0.5979182366239638,1785295648.3453152
0,1328,0.616300106048584,0.5978445030120482,1785295648.4262242
0,1329,0.5728920102119446,0.5980060195635817,1785295648.5127928
0,1330,0.6248537302017212,0.5980263157894737,1785295648.596944
0,1331,0.681483268737793,0.5982344102178813,1785295648.6780555
0,1332,0.358245849609375,0.5983952702702703,1785295648.7608447
0,1333,0.7818069458007812,0.5983683420855214,1785295648.8465984
0,1334,0.5332551598548889,0.5984820089955023,1785295648.926853
0,1335,0.5535265207290649,0.5985486891385767,1785295649.0122578
0,1336,0.6374061107635498,0.5985684880239521,1785295649.0966005
0,1337,0.7541793584823608,0.5986350037397158,1785295649.1780043
0,1338,0.6971328854560852,0.5987014200298953,1785295649.2630582
0,1339,0.613679051399231,0.5987210604929052,1785295649.3430362
0,1340,1.093162178993225,0.5987873134328359,1785295649.4280908
0,1341,0.9375790357589722,0.5987136465324385,1785295649.509488
0,1342,0.37727540731430054,0.5988263785394933,1785295649.590077
0,1343,0.6584450602531433,0.5988924050632911,1785295649.6724865
0,1344,0.6920560002326965,0.5989118303571429,1785295649.7573767
0,1345,0.6624995470046997,0.5988847583643123,1785295649.8397915
0,1346,0.6421162486076355,0.5989970282317979,1785295649.924271
0,1347,0.7466456890106201,0.5991555308092057,1785295650.0050309
0,1348,0.6981105208396912,0.5992210682492581,1785295650.091041
0,1349,0.7745835781097412,0.599193847294292,1785295650.1721537
0,1350,0.8580150008201599,0.599212962962963,1785295650.252064
0,1351,0.7087340950965881,0.5990470022205774,1785295650.335833
0,1352,0.9226647019386292,0.599112426035503,1785295650.416168
0,1353,0.5437740683555603,0.599270140428677,1785295650.4980166
0,1354,0.5126757025718689,0.5992429837518464,1785295650.5780602
0,1355,0.5536150932312012,0.5992158671586716,1785295650.6583424
0,1356,0.66029953956604,0.5991426991150443,1785295650.7413733
0,1357,0.6915120482444763,0.5991156963890936,1785295650.8223794
0,1358,0.6567698121070862,0.5991347569955817,1785295650.90243
0,1359,0.739593505859375,0.5990158204562178,1785295650.983171
0,1360,0.7783054113388062,0.5990808823529412,1785295651.0642383
0,1361,0.5964592695236206,0.5990540044085232,1785295651.1489031
0,1362,0.8715026378631592,0.5990271659324523,1785295651.229853
0,1363,0.8936470746994019,0.5991379310344828,1785295651.3154225
0,1364,0.8068621158599854,0.5991568914956011,1785295651.3960974
0,1365,0.7827332019805908,0.5992673992673992,1785295651.4797835
0,1366,0.6683484315872192,0.5991489751098097,1785295651.5646331
0,1367,0.3973516821861267,0.5992593269934162,1785295651.6466918
0,1368,0.46168839931488037,0.5993695175438597,1785295651.727944
0,1369,0.755327582359314,0.5994338933528123,1785295651.8112633
0,1370,0.4922749996185303,0.5995894160583941,1785295651.8917897
0,1371,0.7026243209838867,0.5995623632385121,1785295651.9726107
0,1372,0.8668036460876465,0.5996264577259475,1785295652.0527916
0,1373,0.838534414768219,0.5996449380917699,1785295652.1387904
0,1374,0.7971629500389099,0.5995724163027657,1785295652.2188478
0,1375,0.6491418480873108,0.5995909090909091,1785295652.2997158
0,1376,1.070841908454895,0.5995185319767442,1785295652.3853984
0,1377,0.5917894840240479,0.5995370370370371,1785295652.4656403
0,1378,0.591517984867096,0.599600870827286,1785295652.5489783
0,1379,0.6259142160415649,0.5995286439448876,1785295652.6293085
0,1380,0.6379367709159851,0.5995471014492754,1785295652.7139106
0,1381,0.6309503316879272,0.5996107892831282,1785295652.7946677
0,1382,0.6090536117553711,0.5995839363241678,1785295652.875654
0,1383,0.5459456443786621,0.5996023138105567,1785295652.9562185
0,1384,0.707075834274292,0.5995303468208093,1785295653.0394547
0,1385,0.690899133682251,0.5995036101083032,1785295653.1257946
0,1386,0.7002655863761902,0.599476911976912,1785295653.2083137
0,1387,0.4943642020225525,0.5996304974765682,1785295653.2914987
0,1388,0.819624125957489,0.5996938040345822,1785295653.3755732
0,1389,0.610431969165802,0.599667026637869,1785295653.4566343
0,1390,0.615580677986145,0.5997751798561151,1785295653.5408263
0,1391,0.4738667905330658,0.5998382458662832,1785295653.6240363
0,1392,0.4601469337940216,0.5999012212643678,1785295653.7041183
0,1393,0.6055912971496582,0.5997846374730796,1785295653.7884178
0,1394,0.40270552039146423,0.5998923959827833,1785295653.8735833
0,1395,0.6277449131011963,0.599910394265233,1785295653.9534006
0,1396,0.8802660703659058,0.5999731375358166,1785295654.0340986
0,1397,0.3940299451351166,0.6001700071581961,1785295654.1180568
0,1398,0.5544927716255188,0.6001877682403434,1785295654.2020903
0,1399,0.6211116313934326,0.6002055039313795,1785295654.2844293
0,1400,0.5442851185798645,0.6001339285714286,1785295654.3698192
0,1401,0.7205860614776611,0.6002408993576017,1785295654.4559884
0,1402,0.595897912979126,0.6002585592011412,1785295654.5376825
0,1403,0.7494610548019409,0.6004098360655737,1785295654.623008
0,1404,0.5692425966262817,0.6004273504273504,1785295654.704191
0,1405,0.8745131492614746,0.6002669039145907,1785295654.7901978
0,1406,0.6982871890068054,0.6002844950213371,1785295654.8732774
0,1407,0.5599324703216553,0.6003909026297086,1785295654.952896
0,1408,0.5823415517807007,0.6004527698863636,1785295655.0377645
0,1409,0.9930964708328247,0.6004701916252662,1785295655.1233897
0,1410,0.8098981976509094,0.600354609929078,1785295655.2047017
0,1411,0.6856123208999634,0.60037207654146,1785295655.2883153
0,1412,0.566070556640625,0.6003452549575071,1785295655.3684096
0,1413,0.6152598857879639,0.6002300070771408,1785295655.450347
0,1414,0.6783709526062012,0.6002033239038189,1785295655.5301695
0,1415,0.5573746562004089,0.6002208480565371,1785295655.6139686
0,1416,0.5537674427032471,0.6002824858757062,1785295655.6940558
0,1417,0.8645423054695129,0.6002558221594919,1785295655.7757914
0,1418,0.4778652489185333,0.6003173483779972,1785295655.8558006
0,1419,0.8832966685295105,0.6002026074700493,1785295655.937563
0,1420,0.8929403424263,0.600044014084507,1785295656.022446
0,1421,0.7640151381492615,0.6000175932441942,1785295656.102501
0,1422,0.5633369088172913,0.6000791139240507,1785295656.1873918
0,1423,0.558781087398529,0.600228390723823,1785295656.2702873
0,1424,0.5999243259429932,0.6001580056179775,1785295656.3512943
0,1425,0.5706171989440918,0.6002631578947368,1785295656.4314287
0,1426,0.4831046462059021,0.6004119915848527,1785295656.5152166
0,1427,0.7195930480957031,0.6005606166783461,1785295656.594761
0,1428,0.7279161810874939,0.6004901960784313,1785295656.6760557
0,1429,0.7222049236297607,0.600463610916725,1785295656.7609262
0,1430,1.0391515493392944,0.6005681818181818,1785295656.8435318
0,1431,0.7137769460678101,0.6005852550663872,1785295656.9240272
0,1432,0.4156213402748108,0.6006459497206704,1785295657.0093863
0,1433,0.5653350353240967,0.6006629448709002,1785295657.092813
0,1434,0.7325601577758789,0.6005491631799164,1785295657.1737103
0,1435,0.5586037039756775,0.600479094076655,1785295657.254283
0,1436,0.42849481105804443,0.600583217270195,1785295657.337146
0,1437,0.6497501134872437,0.6006437021572721,1785295657.4185762
0,1438,0.6524784564971924,0.6006171766342142,1785295657.4995008
0,1439,0.6585294604301453,0.6006775538568451,1785295657.5796268
0,1440,0.6108288764953613,0.6006944444444444,1785295657.6603343
0,1441,0.6286014914512634,0.6006245662734212,1785295657.7425807
0,1442,0.6438629627227783,0.6006848127600555,1785295657.8231986
0,1443,0.4286862313747406,0.6007882882882883,1785295657.9031236
0,1444,0.45366793870925903,0.600891620498615,1785295657.9841146
0,1445,0.39917290210723877,0.6009083044982699,1785295658.070237
0,1446,0.6919631958007812,0.6008817427385892,1785295658.150887
0,1447,0.6297505497932434,0.6005960608154803,1785295658.23472
0,1448,0.6435433626174927,0.6005697513812155,1785295658.3147733
0,1449,0.6940038204193115,0.6005866114561766,1785295658.3979452
0,1450,0.5252245664596558,0.6005603448275862,1785295658.4784107
0,1451,0.47764208912849426,0.6007064093728464,1785295658.5624254
0,1452,0.6866267323493958,0.6006370523415978,1785295658.647859
0,1453,0.5377498865127563,0.600739848589126,1785295658.728256
0,1454,0.658048152923584,0.6007135488308115,1785295658.8133435
0,1455,0.5528174042701721,0.6009020618556701,1785295658.8960047
0,1456,0.5916050672531128,0.6009186126373627,1785295658.9822874
0,1457,0.6523322463035583,0.6010209334248455,1785295659.063144
0,1458,0.598739504814148,0.6010802469135802,1785295659.148661
0,1459,0.6991711854934692,0.6011394790952708,1785295659.2297802
0,1460,0.6111550331115723,0.6011986301369863,1785295659.3136194
0,1461,0.6321113705635071,0.6013004791238877,1785295659.3945148
0,1462,0.6777909994125366,0.6012739398084815,1785295659.478348
0,1463,0.7937743663787842,0.6012901572112098,1785295659.5641525
0,1464,0.566728949546814,0.6013063524590164,1785295659.6488013
0,1465,0.6817508935928345,0.6013651877133106,1785295659.7298734
0,1466,0.6986262202262878,0.6014239427012278,1785295659.8125386
0,1467,1.0214349031448364,0.6013974096796183,1785295659.895576
0,1468,0.6545785665512085,0.6013709128065395,1785295659.9765692
0,1469,0.5114314556121826,0.6013444520081688,1785295660.0570865
0,1470,0.6771792769432068,0.6014030612244898,1785295660.1407712
0,1471,0.8117691278457642,0.6012066621346023,1785295660.225491
0,1472,0.7687349915504456,0.6013502038043478,1785295660.3065398
0,1473,0.5504963397979736,0.6013238289205702,1785295660.3872414
0,1474,0.4536634087562561,0.6014670963364993,1785295660.4677207
0,1475,0.588706374168396,0.6015254237288136,1785295660.5506167
0,1476,0.2616484761238098,0.6016683604336044,1785295660.629856
0,1477,0.7662510871887207,0.6016841570751523,1785295660.7107997
0,1478,0.5878159999847412,0.6016153585926928,1785295660.7909179
0,1479,0.5685863494873047,0.6016734279918864,1785295660.874281
0,1480,0.6309512257575989,0.6016469594594595,1785295660.9589329
0,1481,0.5928141474723816,0.6017893315327482,1785295661.0413275
0,1482,1.0240284204483032,0.6017206477732794,1785295661.1260319
0,1483,0.7301859259605408,0.6016099123398516,1785295661.2064185
0,1484,0.5571479201316833,0.6016256738544474,1785295661.2912576
0,1485,0.45223987102508545,0.6017676767676767,1785295661.3763611
0,1486,0.4983074963092804,0.601657133243607,1785295661.4599388
0,1487,0.8723726868629456,0.6017568930733019,1785295661.544317
0,1488,0.5384216904640198,0.6019825268817204,1785295661.6247196
0,1489,0.6197720766067505,0.6020819341840161,1785295661.70552
0,1490,0.7055971026420593,0.6021812080536912,1785295661.7900486
0,1491,0.6336072683334351,0.602280348759222,1785295661.8696806
0,1492,0.4194159209728241,0.6022955764075067,1785295661.950411
0,1493,0.5562059283256531,0.6023526456798393,1785295662.0351424
0,1494,0.6117641925811768,0.6024096385542169,1785295662.1176658
0,1495,0.7346872687339783,0.6025083612040134,1785295662.1985805
0,1496,0.5947033762931824,0.6025651737967914,1785295662.27903
0,1497,0.5162494778633118,0.6025801603206413,1785295662.363938
0,1498,0.5895673036575317,0.6027202937249666,1785295662.4460714
0,1499,0.5433240532875061,0.6027768512341561,1785295662.5268703
0,1500,0.5005877614021301,0.6027916666666666,1785295662.6114311
0,1501,0.7827342748641968,0.6028064623584277,1785295662.6923308
0,1502,0.8750299215316772,0.6027796271637816,1785295662.7725255
0,1503,0.7441480755805969,0.6028775781769794,1785295662.8550274
0,1504,0.8078697323799133,0.6028091755319149,1785295662.9401455
0,1505,0.8074849247932434,0.6028654485049834,1785295663.0205762
0,1506,0.7787624597549438,0.6029631474103586,1785295663.1051044
0,1507,0.46740981936454773,0.6031436629064366,1785295663.1852002
0,1508,0.5742721557617188,0.603199602122016,1785295663.2686002
0,1509,0.4516160488128662,0.6032968853545394,1785295663.3507013
0,1510,0.6967939734458923,0.6033112582781457,1785295663.4381459
0,1511,0.4471316933631897,0.6034083388484447,1785295663.5240574
0,1512,1.3908685445785522,0.603546626984127,1785295663.605112
0,1513,0.8648710250854492,0.6035608063450099,1785295663.685569
0,1514,0.5592361688613892,0.6035336856010568,1785295663.7703211
0,1515,0.6801577806472778,0.6035478547854786,1785295663.8509932
0,1516,0.7502809762954712,0.6036856860158312,1785295663.9312727
0,1517,0.6601883172988892,0.6037409360580093,1785295664.011435
0,1518,0.5238538384437561,0.6037961133069829,1785295664.0930285
0,1519,0.6213364005088806,0.6038923633969717,1785295664.174633
0,1520,0.6434476971626282,0.6039473684210527,1785295664.2614956
0,1521,0.6032682657241821,0.6040844838921762,1785295664.3424919
0,1522,0.7523165941238403,0.6040160972404731,1785295664.423955
0,1523,0.3725667893886566,0.6040709126723572,1785295664.5084965
0,1524,0.599659264087677,0.6040846456692913,1785295664.5935102
0,1525,0.762947678565979,0.6041803278688525,1785295664.6737185
0,1526,0.9250677227973938,0.6040711009174312,1785295664.754144
0,1527,0.49290356040000916,0.6040848068107401,1785295664.8384838
0,1528,0.6076771020889282,0.6040575916230366,1785295664.9232795
0,1529,0.5841734409332275,0.604153041203401,1785295665.0036237
0,1530,0.6032155156135559,0.6041666666666666,1785295665.0864131
0,1531,0.5667346715927124,0.6041802743305029,1785295665.1673427
0,1532,0.9729824662208557,0.60427545691906,1785295665.2479024
0,1533,0.517500102519989,0.6043297455968689,1785295665.328144
0,1534,0.5864008665084839,0.6044654498044328,1785295665.407948
0,1535,0.7855705618858337,0.6044788273615636,1785295665.4888682
0,1536,0.9964942932128906,0.6045735677083334,1785295665.5702631
0,1537,0.8122448921203613,0.6047495120364346,1785295665.6516647
0,1538,0.5456299185752869,0.6046814044213265,1785295665.7331266
0,1539,0.5458981990814209,0.6046946068875894,1785295665.813573
0,1540,0.47129738330841064,0.6049107142857143,1785295665.89378
0,1541,0.5433300733566284,0.6050048669695003,1785295665.9730003
0,1542,0.6659133434295654,0.6049367704280155,1785295666.0535069
0,1543,0.6764506101608276,0.6050307841866494,1785295666.1377842
0,1544,0.45752912759780884,0.6051246761658031,1785295666.222752
0,1545,0.5004529356956482,0.6052184466019418,1785295666.3027422
0,1546,0.6218618750572205,0.6051503880983182,1785295666.3842146
0,1547,0.48803314566612244,0.6052036199095022,1785295666.4649305
0,1548,1.2407478094100952,0.6051760335917312,1785295666.551584
0,1549,0.698235809803009,0.6051888315041962,1785295666.632307
0,1550,0.5527953505516052,0.6052016129032258,1785295666.7127464
0,1551,0.962164044380188,0.6052143778207608,1785295666.7953846
0,1552,0.6276299953460693,0.6053076675257731,1785295666.8752503
0,1553,0.5695445537567139,0.6053203477141017,1785295666.9572434
0,1554,0.7778306603431702,0.6053330115830116,1785295667.0397239
0,1555,1.204282522201538,0.6053456591639872,1785295667.1204116
0,1556,0.9534072875976562,0.6052779562982005,1785295667.2006943
0,1557,0.9850237965583801,0.6051701991008349,1785295667.282292
0,1558,0.5347893238067627,0.6052230423620025,1785295667.3625827
0,1559,0.7217916250228882,0.6053159076330982,1785295667.4437478
0,1560,0.5673553347587585,0.6054086538461538,1785295667.5293987
0,1561,0.6630455255508423,0.6053811659192825,1785295667.610191
0,1562,0.527134895324707,0.6053137003841229,1785295667.6910315
0,1563,0.7698853015899658,0.6053662827895073,1785295667.7779562
0,1564,0.6082580089569092,0.6054187979539642,1785295667.8624082
0,1565,0.5166435241699219,0.6054313099041534,1785295667.9433045
0,1566,0.573659360408783,0.6055236270753512,1785295668.0289445
0,1567,0.7540762424468994,0.6055360561582642,1785295668.1086721
0,1568,0.6602888703346252,0.6055484693877551,1785295668.189093
0,1569,0.7201188802719116,0.6055608667941363,1785295668.2714005
0,1570,0.6709973216056824,0.6054936305732485,1785295668.3513312
0,1571,0.8581723570823669,0.6055458306810948,1785295668.4352605
0,1572,0.4823168218135834,0.6055184478371501,1785295668.5157478
0,1573,0.7832326292991638,0.6056102987921169,1785295668.6025884
0,1574,0.5825325846672058,0.6056623252858958,1785295668.687301
0,1575,0.5955830812454224,0.6057936507936508,1785295668.7681224
0,1576,0.5610923171043396,0.6058454949238579,1785295668.8491814
0,1577,0.4464627206325531,0.605936905516804,1785295668.9305549
0,1578,0.7272688746452332,0.6059093789607097,1785295669.0106373
0,1579,0.6376283764839172,0.6059214692843572,1785295669.0955386
0,1580,0.6024854183197021,0.6059731012658228,1785295669.1778367
0,1581,0.5028274059295654,0.6060641998734978,1785295669.2577121
0,1582,0.6174702048301697,0.6059576485461441,1785295669.341229
0,1583,0.5146080255508423,0.6060486418193304,1785295669.4267042
0,1584,0.6516504287719727,0.6060606060606061,1785295669.5086927
0,1585,0.4654938578605652,0.6061119873817035,1785295669.595054
0,1586,0.582076370716095,0.6061633039092056,1785295669.6799831
0,1587,0.6353318691253662,0.6062145557655955,1785295669.7600913
0,1588,0.5856112241744995,0.6062263853904282,1785295669.8443105
0,1589,0.5207836627960205,0.6062775330396476,1785295669.9298956
0,1590,0.6945322155952454,0.6063286163522013,1785295670.0100353
0,1591,0.7091913819313049,0.606418918918919,1785295670.091168
0,1592,0.47931545972824097,0.606509108040201,1785295670.1758103
0,1593,0.9996397495269775,0.6064030131826742,1785295670.2564967
0,1594,0.6779640316963196,0.60633626097867,1785295670.3392565
0,1595,0.9045588374137878,0.6064263322884013,1785295670.4192777
0,1596,0.5660662651062012,0.606437969924812,1785295670.500904
0,1597,0.5833311676979065,0.6066061365059486,1785295670.5856152
0,1598,0.5710386037826538,0.6066176470588235,1785295670.6665723
0,1599,0.6081366539001465,0.6066291432145091,1785295670.7515395
0,1600,0.9545069932937622,0.606640625,1785295670.8358877
0,1601,0.45094621181488037,0.6068082448469706,1785295670.9198673
0,1602,0.44878023862838745,0.6069366416978776,1785295671.0000498
0,1603,0.5668387413024902,0.6071038677479725,1785295671.079616
0,1604,0.6096376180648804,0.6072319201995012,1785295671.1597414
0,1605,0.5565650463104248,0.6072819314641744,1785295671.2424366
0,1606,0.6176203489303589,0.6072929638854296,1785295671.32746
0,1607,0.487050861120224,0.607303982576229,1785295671.410602
0,1608,0.500185489654541,0.607314987562189,1785295671.491057
0,1609,0.44834578037261963,0.6074813548788067,1785295671.5750659
0,1610,0.5919451713562012,0.6074922360248447,1785295671.657565
0,1611,0.6296371221542358,0.6074643078833023,1785295671.738117
0,1612,0.496226966381073,0.607552729528536,1785295671.8188446
0,1613,0.4174882173538208,0.6077185368877868,1785295671.90249
0,1614,0.4532278776168823,0.6078066914498141,1785295671.983385
0,1615,0.8942504525184631,0.6078173374613003,1785295672.0659068
0,1616,0.4247385263442993,0.6078279702970297,1785295672.1491535
0,1617,0.46754375100135803,0.6078385899814471,1785295672.229337
0,1618,0.5593271255493164,0.60788782447466,1785295672.3143685
0,1619,0.6599154472351074,0.6078597899938234,1785295672.3953784
0,1620,1.178072452545166,0.6079475308641975,1785295672.4791822
0,1621,0.6122816801071167,0.6078809376927823,1785295672.5636365
0,1622,0.6269991397857666,0.6078529593094945,1785295672.6455464
0,1623,0.5454512238502502,0.6078250154035736,1785295672.726649
0,1624,0.4343309700489044,0.6078740763546798,1785295672.807482
0,1625,0.4771648943424225,0.6079615384615384,1785295672.8908565
0,1626,0.7876043319702148,0.6078182656826568,1785295672.9775414
0,1627,0.5851125717163086,0.6077904118008605,1785295673.0583186
0,1628,0.6698817610740662,0.6078393734643734,1785295673.1430542
0,1629,0.604567289352417,0.6077348066298343,1785295673.223329
0,1630,1.4620840549468994,0.6077070552147239,1785295673.3053484
0,1631,0.38308727741241455,0.6077942979767014,1785295673.3855221
0,1632,0.7405639290809631,0.6077665441176471,1785295673.471338
0,1633,0.5340113639831543,0.6078153704837722,1785295673.5513768
0,1634,0.5642549991607666,0.6079023867809058,1785295673.6345637
0,1635,0.8162931203842163,0.6079128440366972,1785295673.7196474
0,1636,0.5062071084976196,0.6079614914425427,1785295673.8011885
0,1637,0.760648787021637,0.6080482590103848,1785295673.8837175
0,1638,0.5479263663291931,0.6081730769230769,1785295673.9638822
0,1639,0.5255523324012756,0.6081833435021354,1785295674.0467286
0,1640,0.7712109684944153,0.6081935975609756,1785295674.128548
0,1641,0.4005880355834961,0.6081657525898843,1785295674.2143364
0,1642,0.5324453115463257,0.6080618148599269,1785295674.299373
0,1643,0.5942054986953735,0.6079960438222763,1785295674.3829083
0,1644,0.9564173221588135,0.6080824209245742,1785295674.465755
0,1645,0.712245523929596,0.6080547112462006,1785295674.54823
0,1646,0.9621650576591492,0.608027035236938,1785295674.6325572
0,1647,0.9044011235237122,0.6080752884031573,1785295674.7129073
0,1648,0.8194688558578491,0.6079717839805825,1785295674.7990594
0,1649,0.6239557862281799,0.6080579138872043,1785295674.8868914
0,1650,0.716273307800293,0.6081060606060606,1785295674.9691737
0,1651,0.6717778444290161,0.6081162931556632,1785295675.0517259
0,1652,0.7798261642456055,0.6081265133171913,1785295675.1349838
0,1653,0.8608600497245789,0.6082123411978222,1785295675.220042
0,1654,0.4454796612262726,0.6082224909310762,1785295675.300375
0,1655,0.43346720933914185,0.6083081570996979,1785295675.3855073
0,1656,0.55631422996521,0.6083559782608695,1785295675.4695356
0,1657,1.0308126211166382,0.6084037417018708,1785295675.5500205
0,1658,1.0520694255828857,0.6083760554885405,1785295675.6337593
0,1659,0.747411847114563,0.6082730560578662,1785295675.7159688
0,1660,0.8145036697387695,0.6082454819277109,1785295675.801671
0,1661,0.9332921504974365,0.608180313064419,1785295675.8829103
0,1662,1.319836974143982,0.6081152226233454,1785295675.9664998
0,1663,0.581554114818573,0.6080877931449188,1785295676.0481865
0,1664,0.57905113697052,0.6081355168269231,1785295676.134448
0,1665,0.3495151698589325,0.6082207207207208,1785295676.219354
0,1666,0.8512892127037048,0.6082683073229291,1785295676.3005137
0,1667,0.5259780883789062,0.6083908218356329,1785295676.382668
0,1668,0.5185152888298035,0.6084382494004796,1785295676.4675593
0,1669,0.590065598487854,0.6083732774116237,1785295676.5484524
0,1670,0.4551784098148346,0.6083832335329341,1785295676.6301
0,1671,0.7453890442848206,0.6083183722321963,1785295676.7125032
0,1672,0.5648459196090698,0.6083283492822966,1785295676.7926154
0,1673,0.8216037154197693,0.6083009563658099,1785295676.8738306
0,1674,0.4398460388183594,0.6083482676224612,1785295676.9552317
0,1675,0.7236918210983276,0.6084328358208955,1785295677.0362954
0,1676,0.8930111527442932,0.6084427207637232,1785295677.1208081
0,1677,0.5913816094398499,0.6083780560524746,1785295677.2027695
0,1678,0.35599616169929504,0.6085369487485102,1785295677.2842832
0,1679,0.9175514578819275,0.6087328767123288,1785295677.368508
0,1680,0.42677971720695496,0.6088541666666667,1785295677.454268
0,1681,0.6333039999008179,0.6089753123140987,1785295677.5347424
0,1682,0.5556102991104126,0.6089476813317479,1785295677.619599
0,1683,0.6786845922470093,0.6091057635175282,1785295677.6996343
0,1684,0.48328471183776855,0.609040973871734,1785295677.779266
0,1685,0.6315277814865112,0.6089391691394659,1785295677.858598
0,1686,0.7062886953353882,0.6090228351126927,1785295677.9400752
0,1687,0.5946319699287415,0.6091064018968583,1785295678.0247362
0,1688,0.7830026745796204,0.609115817535545,1785295678.106121
0,1689,0.8688411712646484,0.6090882178804026,1785295678.1857772
0,1690,0.6453328132629395,0.6091346153846153,1785295678.2664409
0,1691,0.5192517042160034,0.6092179183914843,1785295678.3510664
0,1692,0.5519512295722961,0.6092641843971631,1785295678.436076
0,1693,0.46064475178718567,0.6093842291789723,1785295678.5161152
0,1694,0.5840546488761902,0.6093934474616293,1785295678.5999682
0,1695,0.49928224086761475,0.6094395280235988,1785295678.6809046
0,1696,0.5866931080818176,0.6094855542452831,1785295678.7668293
0,1697,0.7600964307785034,0.6094946965232764,1785295678.8476324
0,1698,0.8663573265075684,0.6095774440518257,1785295678.9284327
0,1699,0.7236976027488708,0.609660094173043,1785295679.0092025
0,1700,0.808625340461731,0.6096323529411765,1785295679.0925987
0,1701,0.5204399824142456,0.6095679012345679,1785295679.173771
0,1702,0.5798099637031555,0.6096136897767332,1785295679.2543888
0,1703,0.5958061218261719,0.6096227246036406,1785295679.3406882
0,1704,0.6772100329399109,0.6096317488262911,1785295679.4211016
0,1705,0.33139580488204956,0.6097873900293255,1785295679.5016057
0,1706,0.6398095488548279,0.6097230363423212,1785295679.586723
0,1707,0.5557628870010376,0.609731985940246,1785295679.6765425
0,1708,0.6425377130508423,0.609557962529274,1785295679.7698395
0,1709,0.6685873866081238,0.6094938560561732,1785295679.8575747
0,1710,0.6314929723739624,0.6095760233918128,1785295679.9412954
0,1711,0.6596789360046387,0.6096946230274694,1785295680.028087
0,1712,0.8359394669532776,0.6096670560747663,1785295680.1140738
0,1713,0.5424817800521851,0.6095665499124343,1785295680.2019567
0,1714,0.5488021969795227,0.6095755542590432,1785295680.2905102
0,1715,0.861778974533081,0.6095845481049562,1785295680.3752418
0,1716,0.539239227771759,0.6096299533799534,1785295680.459394
0,1717,0.6149404644966125,0.6096389050669773,1785295680.5393922
0,1718,0.5413220524787903,0.6096478463329453,1785295680.6226785
0,1719,0.7575187683105469,0.6096204188481675,1785295680.7028196
0,1720,0.6942101716995239,0.6097383720930233,1785295680.7837517
0,1721,0.6672770380973816,0.6097109238814643,1785295680.8649852
0,1722,0.5466692447662354,0.6097560975609756,1785295680.9460928
0,1723,0.6045843362808228,0.609728670922809,1785295681.0317247
0,1724,0.5770694017410278,0.6097737819025522,1785295681.1115365
0,1725,0.6970540285110474,0.6098188405797101,1785295681.1912675
0,1726,0.6782822608947754,0.6098638470451911,1785295681.271037
0,1727,0.7294496893882751,0.6098364215402432,1785295681.3507109
0,1728,0.6408103704452515,0.6098451967592593,1785295681.4306765
0,1729,0.49984705448150635,0.6098539618276461,1785295681.514306
0,1730,0.49304771423339844,0.6098627167630057,1785295681.5938764
0,1731,0.5982889533042908,0.6097992489890237,1785295681.6734653
0,1732,0.4688538908958435,0.6098441108545035,1785295681.753193
0,1733,0.49654537439346313,0.6098167916907098,1785295681.8338568
0,1734,0.8278000950813293,0.6098255478662054,1785295681.9138672
0,1735,0.5907305479049683,0.6098703170028819,1785295681.993802
0,1736,0.621289849281311,0.609915034562212,1785295682.073986
0,1737,0.5630218982696533,0.6099237190558434,1785295682.1568222
0,1738,1.126835584640503,0.6099683544303798,1785295682.242556
0,1739,0.5911558866500854,0.6100129384703853,1785295682.3228736
0,1740,0.5896664261817932,0.6100574712643678,1785295682.4018552
0,1741,0.46678847074508667,0.6100660539919587,1785295682.4865625
0,1742,0.49269193410873413,0.610038748564868,1785295682.5677137
0,1743,0.7058290243148804,0.6099756167527252,1785295682.6535764
0,1744,1.0794161558151245,0.6100200688073395,1785295682.7362218
0,1745,0.6896650195121765,0.6100286532951289,1785295682.8159413
0,1746,0.8563202619552612,0.6100372279495991,1785295682.896717
0,1747,0.5892038941383362,0.6100815684029766,1785295682.977199
0,1748,0.6206350922584534,0.6101616132723112,1785295683.0611641
0,1749,0.48338451981544495,0.6100986277873071,1785295683.1440454
0,1750,0.6371394395828247,0.6102142857142857,1785295683.2232275
0,1751,0.5026577115058899,0.6101870359794404,1785295683.3021348
0,1752,0.550601065158844,0.6102668378995434,1785295683.3819363
0,1753,0.5341284871101379,0.6103108956075299,1785295683.4622939
0,1754,0.800938069820404,0.6103192702394526,1785295683.5423265
0,1755,0.6166379451751709,0.6101851851851852,1785295683.6228983
0,1756,0.538956344127655,0.6100868451025057,1785295683.7022908
0,1757,0.38805514574050903,0.6102376209447923,1785295683.786766
0,1758,1.337199091911316,0.6101749146757679,1785295683.870406
0,1759,0.7681728601455688,0.6102188743604321,1785295683.9544365
0,1760,0.7503427863121033,0.61015625,1785295684.03842
0,1761,0.5059723854064941,0.6100582055650199,1785295684.1182177
0,1762,0.5152823328971863,0.610066685584563,1785295684.2016935
0,1763,0.5250183939933777,0.6101106069200227,1785295684.2813315
0,1764,0.579912543296814,0.6101899092970522,1785295684.3643599
0,1765,0.7408925890922546,0.6101274787535411,1785295684.4499176
0,1766,0.35134702920913696,0.6102774631936579,1785295684.5330622
0,1767,0.626640260219574,0.6102150537634409,1785295684.6174695
0,1768,0.5908976197242737,0.6101880656108597,1785295684.7000277
0,1769,0.5830126404762268,0.6101611079706049,1785295684.780661
0,1770,0.6645153164863586,0.6101694915254238,1785295684.8624709
0,1771,0.5421858429908752,0.6101425748164878,1785295684.9464502
0,1772,0.6359459161758423,0.6101509593679458,1785295685.0298665
0,1773,0.5345346927642822,0.6102650874224478,1785295685.1133845
0,1774,0.6650404334068298,0.6102381623449831,1785295685.2010937
0,1775,0.5287781953811646,0.6102816901408451,1785295685.2803066
0,1776,0.5526682138442993,0.6103603603603603,1785295685.3644974
0,1777,1.1017842292785645,0.6104741136747327,1785295685.446538
0,1778,0.5563806891441345,0.6104822834645669,1785295685.5333214
0,1779,0.5253875255584717,0.6105607082630692,1785295685.6153827
0,1780,0.737959623336792,0.6105337078651686,1785295685.701792
0,1781,0.5373853445053101,0.610471645143178,1785295685.7864287
0,1782,0.6721035242080688,0.6104096520763187,1785295685.8653023
0,1783,0.55120450258255,0.6103827818283791,1785295685.94411
0,1784,0.5767422914505005,0.6103909753363229,1785295686.0258634
0,1785,0.4489046335220337,0.6104691876750701,1785295686.1106033
0,1786,0.9521971344947815,0.6104773236282195,1785295686.1936748
0,1787,0.37495946884155273,0.6106253497481813,1785295686.2760556
0,1788,0.5985376834869385,0.6106333892617449,1785295686.355828
0,1789,0.714758574962616,0.6105016769144773,1785295686.440062
0,1790,0.5029327869415283,0.6105097765363129,1785295686.5257509
0,1791,0.43764737248420715,0.6106225572305974,1785295686.6041508
0,1792,0.6352814435958862,0.6106305803571429,1785295686.6849763
0,1793,0.6775223016738892,0.6107431678750698,1785295686.7657325
0,1794,0.8103060126304626,0.6108207915273133,1785295686.8490112
0,1795,0.8224465250968933,0.610759052924791,1785295686.9328864
0,1796,0.8396449685096741,0.6108365812917594,1785295687.0257213
0,1797,0.630525529384613,0.6108096828046744,1785295687.1100519
0,1798,0.6263546347618103,0.6107132925472748,1785295687.192661
0,1799,0.5020592212677002,0.6107212340188994,1785295687.2755885
0,1800,0.697434663772583,0.6107291666666667,1785295687.3625686
0,1801,0.6078484058380127,0.6107370905052748,1785295687.4419591
0,1802,0.4975612461566925,0.6107796892341842,1785295687.520065
0,1803,0.5111975073814392,0.6108569051580699,1785295687.6009054
0,1804,0.4486287832260132,0.6108647450110865,1785295687.6780493
0,1805,0.7422860264778137,0.6109764542936288,1785295687.757068
0,1806,0.5718408823013306,0.6110534330011074,1785295687.8357072
0,1807,0.6251943707466125,0.6110265633646929,1785295687.9180393
0,1808,0.49250176548957825,0.6110342920353983,1785295687.9998085
0,1809,0.6659836769104004,0.611180210060807,1785295688.0801728
0,1810,1.1545490026474,0.6111187845303867,1785295688.1654956
0,1811,0.4869738221168518,0.6111609607951408,1785295688.2438269
0,1812,0.743325412273407,0.6111685982339956,1785295688.322988
0,1813,0.5024198293685913,0.6111762272476559,1785295688.4021604
0,1814,0.7701020240783691,0.6112183020948181,1785295688.4845114
0,1815,0.29035183787345886,0.6113636363636363,1785295688.5643241
0,1816,0.5674683451652527,0.6113711453744494,1785295688.641547
0,1817,0.8772509694099426,0.6115162355531095,1785295688.7238662
0,1818,0.5435481667518616,0.6115924092409241,1785295688.8062906
0,1819,0.6547451019287109,0.6116341396371633,1785295688.8890722
0,1820,0.7437359690666199,0.6116071428571429,1785295688.9728115
0,1821,0.4679580330848694,0.6116488193300385,1785295689.0530252
0,1822,0.668705403804779,0.6116561470911087,1785295689.1335733
0,1823,0.8469768166542053,0.6116634668129457,1785295689.2169945
0,1824,0.8821269273757935,0.6116707785087719,1785295689.3017793
0,1825,0.9678695201873779,0.6116095890410959,1785295689.3792226
0,1826,0.9163787364959717,0.6116169222343921,1785295689.462114
0,1827,0.6352935433387756,0.6116242474001095,1785295689.5398755
0,1828,0.8220087289810181,0.6116657549234136,1785295689.624662
0,1829,0.6493959426879883,0.6117413887370148,1785295689.7056186
0,1830,0.6860295534133911,0.6117144808743169,1785295689.7938948
0,1831,0.5153794288635254,0.6117900054614964,1785295689.8836932
0,1832,0.9717917442321777,0.6117972161572053,1785295689.9704885
0,1833,0.6764248609542847,0.6117362247681397,1785295690.054372
0,1834,0.6628707647323608,0.6118116139585605,1785295690.1379478
0,1835,0.8074566125869751,0.6118528610354224,1785295690.216559
0,1836,0.5207347869873047,0.6118600217864923,1785295690.2987473
0,1837,0.8176317811012268,0.6119011976047904,1785295690.378688
0,1838,0.7741963267326355,0.6118403155603918,1785295690.456148
0,1839,0.9150149822235107,0.611847471451876,1785295690.5362566
0,1840,0.7130662202835083,0.6118546195652174,1785295690.6138625
0,1841,0.8773112297058105,0.6118278109722977,1785295690.6956534
0,1842,0.529366135597229,0.6119028230184582,1785295690.7776027
0,1843,0.5075727701187134,0.6119438415626696,1785295690.854878
0,1844,0.5713791847229004,0.6118831344902386,1785295690.9326549
0,1845,0.7669799327850342,0.6118563685636856,1785295691.0118172
0,1846,0.564828634262085,0.6118296316359697,1785295691.0888731
0,1847,0.6724674105644226,0.611735246345425,1785295691.1664398
0,1848,0.6346384286880493,0.6117424242424242,1785295691.2459052
0,1849,0.8649395108222961,0.611749594375338,1785295691.327782
0,1850,0.5320645570755005,0.6116891891891892,1785295691.4093661
0,1851,0.5748260617256165,0.6116288492706645,1785295691.4876053
0,1852,0.6933558583259583,0.6115685745140389,1785295691.5718014
0,1853,0.7559630870819092,0.6115420939017809,1785295691.6526718
0,1854,1.033720850944519,0.6115156418554477,1785295691.7335532
0,1855,0.6634025573730469,0.6115902964959569,1785295691.815097
0,1856,0.5360814929008484,0.6116311961206896,1785295691.8972716
0,1857,0.6326492428779602,0.6116720516962844,1785295691.9765344
0,1858,0.6813422441482544,0.6116455866523143,1785295692.0551696
0,1859,0.8374134302139282,0.6116863905325444,1785295692.1406882
0,1860,0.7854472994804382,0.6116935483870968,1785295692.2204947
0,1861,0.7478087544441223,0.6116671144545943,1785295692.298844
0,1862,0.744989275932312,0.611640708915145,1785295692.376409
0,1863,0.5845286846160889,0.611748523886205,1785295692.454505
0,1864,0.6580747365951538,0.6117221030042919,1785295692.5337622
0,1865,0.488100528717041,0.6117292225201072,1785295692.619267
0,1866,0.48639562726020813,0.6118033226152197,1785295692.7035391
0,1867,0.518866240978241,0.6119108194965185,1785295692.7829156
0,1868,0.667179524898529,0.6120182012847966,1785295692.8675756
0,1869,0.6432151198387146,0.6119582664526485,1785295692.947719
0,1870,0.44738709926605225,0.6121323529411765,1785295693.0300982
0,1871,0.6158226728439331,0.6122060395510422,1785295693.109618
0,1872,0.8413569927215576,0.6121794871794872,1785295693.1893702
0,1873,0.8571116328239441,0.6121529631607048,1785295693.2717948
0,1874,0.5084981918334961,0.6121264674493063,1785295693.3598726
0,1875,0.6187214255332947,0.6122333333333333,1785295693.4403408
0,1876,0.5917940139770508,0.6122401385927505,1785295693.522967
0,1877,0.5755745768547058,0.6121470431539691,1785295693.6055682
0,1878,0.5716206431388855,0.6122870074547391,1785295693.6904202
0,1879,0.6452349424362183,0.6121939861628526,1785295693.7758942
0,1880,0.7336012125015259,0.6121675531914894,1785295693.857399
0,1881,0.5861431360244751,0.61217437533227,1785295693.9351885
0,1882,0.5265688300132751,0.6121811902231669,1785295694.0124452
0,1883,0.5123986601829529,0.6121879978757302,1785295694.094135
0,1884,0.9916559457778931,0.6122943205944799,1785295694.171842
0,1885,0.532963216304779,0.6123342175066313,1785295694.249682
0,1886,0.7454307675361633,0.6122746553552492,1785295694.3275864
0,1887,0.7734353542327881,0.6123145204027557,1785295694.40852
0,1888,0.6421307325363159,0.6123212394067796,1785295694.4860454
0,1889,0.5623471736907959,0.6123610375860243,1785295694.5676978
0,1890,1.0121675729751587,0.6124669312169312,1785295694.6498415
0,1891,0.5749208927154541,0.6124405076679006,1785295694.7323902
0,1892,0.9602816104888916,0.6124801797040169,1785295694.8140426
0,1893,0.5057094097137451,0.6125198098256736,1785295694.8916936
0,1894,0.7157795429229736,0.6124604012671595,1785295694.9731088
0,1895,0.633182942867279,0.6125,1785295695.0535483
0,1896,0.47262924909591675,0.6125065928270043,1785295695.1329923
0,1897,0.6299727559089661,0.6124472851871375,1785295695.2141635
0,1898,0.5393712520599365,0.6124209694415174,1785295695.29623
0,1899,0.709011435508728,0.6124934175882043,1785295695.3771675
0,1900,0.9262940883636475,0.6124671052631578,1785295695.4599712
0,1901,0.7288591861724854,0.612506575486586,1785295695.5373573
0,1902,0.6052447557449341,0.6125788643533123,1785295695.6151805
0,1903,0.675558865070343,0.6125853914871255,1785295695.6969159
0,1904,0.9058688879013062,0.6126575630252101,1785295695.7741807
0,1905,0.662086546421051,0.6126968503937008,1785295695.8524914
0,1906,0.5626751184463501,0.6127033053515215,1785295695.9302568
0,1907,0.5145160555839539,0.6126769795490299,1785295696.0082767
0,1908,0.6649613976478577,0.6125851677148847,1785295696.086422
0,1909,0.6700034737586975,0.6124607124148769,1785295696.1645944
0,1910,0.5684263110160828,0.612467277486911,1785295696.2462373
0,1911,0.5502190589904785,0.6125392464678179,1785295696.3285322
0,1912,0.6185741424560547,0.6125130753138075,1785295696.4112396
0,1913,0.6179363131523132,0.6125196027182436,1785295696.4916961
0,1914,0.6550642848014832,0.6125261233019854,1785295696.5712514
0,1915,0.5519180297851562,0.612597911227154,1785295696.6529937
0,1916,0.5070129632949829,0.6126043841336117,1785295696.7337708
0,1917,0.6709140539169312,0.6125456442357851,1785295696.8115427
0,1918,0.7096205353736877,0.6125195516162669,1785295696.8892345
0,1919,0.5490249991416931,0.612558624283481,1785295696.9721012
0,1920,0.47951024770736694,0.6125651041666667,1785295697.0493255
0,1921,0.7442525029182434,0.6127017178552837,1785295697.1304536
0,1922,0.507760226726532,0.6128381893860562,1785295697.2079556
0,1923,0.6467830538749695,0.6128120124804992,1785295697.2864387
0,1924,0.5870586037635803,0.6127858627858628,1785295697.363752
0,1925,0.6288478374481201,0.6126623376623377,1785295697.4457285
0,1926,0.7141761183738708,0.612701194184839,1785295697.524302
0,1927,0.41070935130119324,0.6128048780487805,1785295697.6045756
0,1928,0.8317772150039673,0.612778786307054,1785295697.6820946
0,1929,0.598364531993866,0.6127527216174183,1785295697.764066
0,1930,0.5515109300613403,0.6128562176165803,1785295697.841928
0,1931,0.6791688203811646,0.6128625064733298,1785295697.9224284
0,1932,0.5126569271087646,0.6128687888198758,1785295698.0003202
0,1933,0.48014479875564575,0.6128750646663218,1785295698.0783398
0,1934,0.5738693475723267,0.6128167011375388,1785295698.1592975
0,1935,0.6909142732620239,0.6128229974160206,1785295698.2403505
0,1936,0.8466364145278931,0.6128938533057852,1785295698.3176928
0,1937,0.6334400773048401,0.6129001032524523,1785295698.3989668
0,1938,0.662300169467926,0.6129063467492261,1785295698.4777856
0,1939,0.7796047925949097,0.6128481175863847,1785295698.5556602
0,1940,0.660312294960022,0.6128865979381444,1785295698.633931
0,1941,0.8917233347892761,0.6128606388459557,1785295698.715951
0,1942,0.5841056704521179,0.6128668898043255,1785295698.7943966
0,1943,0.7763291597366333,0.6128731343283582,1785295698.8735955
0,1944,0.5576790571212769,0.6129115226337448,1785295698.9506736
0,1945,1.1832996606826782,0.6129498714652957,1785295699.0329106
0,1946,0.795796275138855,0.612891829393628,1785295699.1159263
0,1947,0.6407693028450012,0.6128980482794042,1785295699.1935394
0,1948,0.9501955509185791,0.6129042607802875,1785295699.2715254
0,1949,0.8075791001319885,0.6130066700872242,1785295699.3532763
0,1950,0.691866934299469,0.6130128205128205,1785295699.4354997
0,1951,0.7972205877304077,0.6131150691952845,1785295699.5140555
0,1952,0.570307195186615,0.6131211577868853,1785295699.5950968
0,1953,1.3733441829681396,0.6131592421915003,1785295699.6769266
0,1954,0.6602425575256348,0.6132292732855681,1785295699.7589946
0,1955,0.8790870904922485,0.6131713554987213,1785295699.8372416
0,1956,0.4022655189037323,0.6131774028629857,1785295699.9150774
0,1957,0.6818516850471497,0.6132153806847215,1785295699.9968343
0,1958,0.6946277618408203,0.6132533197139939,1785295700.074447
0,1959,0.5490147471427917,0.6132912200102093,1785295700.1575751
0,1960,0.6564638018608093,0.6133290816326531,1785295700.2353776
0,1961,1.0793737173080444,0.6133987761346252,1785295700.3146167
0,1962,0.6003994345664978,0.6134683995922529,1785295700.3920994
0,1963,0.996898889541626,0.6134424350483954,1785295700.4705303
0,1964,0.521216094493866,0.6134483197556008,1785295700.5483558
0,1965,0.6225425601005554,0.6133587786259542,1785295700.6312623
0,1966,0.7240676879882812,0.6132693285859614,1785295700.7094626
0,1967,0.581257700920105,0.6132435180477885,1785295700.7909327
0,1968,0.5808826684951782,0.6132494918699187,1785295700.871048
0,1969,0.7251993417739868,0.6132554596241747,1785295700.949188
0,1970,0.6651442646980286,0.613261421319797,1785295701.0272858
0,1971,0.4774230420589447,0.6132673769660071,1785295701.1057465
0,1972,0.6436114311218262,0.6133050202839757,1785295701.185433
0,1973,0.5472592115402222,0.6132792701469842,1785295701.2673273
0,1974,0.4855062961578369,0.6132852077001013,1785295701.3446946
0,1975,0.6836209893226624,0.6132278481012658,1785295701.4250562
0,1976,0.8606973886489868,0.6132654352226721,1785295701.5034122
0,1977,0.6073430776596069,0.6131765300961052,1785295701.5832245
0,1978,0.807995617389679,0.6131509100101112,1785295701.6609502
0,1979,0.5010234117507935,0.6131568974229409,1785295701.740291
0,1980,0.6623108386993408,0.6131628787878788,1785295701.8188317
0,1981,0.57323157787323,0.6132319535588087,1785295701.8973143
0,1982,0.5237164497375488,0.6132063572149344,1785295701.9796019
0,1983,0.5233814120292664,0.6133068582955119,1785295702.0573988
0,1984,0.46016383171081543,0.613312752016129,1785295702.135257
0,1985,0.6044963002204895,0.613287153652393,1785295702.21579
0,1986,0.5480501055717468,0.6133245216515609,1785295702.2937586
0,1987,0.7127751111984253,0.6132674886763966,1785295702.371908
0,1988,0.5349736213684082,0.6132419517102615,1785295702.450524
0,1989,0.6157400012016296,0.6132164404223228,1785295702.528794
0,1990,0.7076528072357178,0.6131595477386935,1785295702.606601
0,1991,0.8249581456184387,0.6131341034655952,1785295702.6844447
0,1992,0.6482035517692566,0.6132341867469879,1785295702.762314
0,1993,0.7194318771362305,0.6132087305569494,1785295702.8423867
0,1994,0.598358154296875,0.6131519558676028,1785295702.920193
0,1995,0.5758864283561707,0.6132832080200501,1785295702.9982657
0,1996,0.529202938079834,0.6132890781563126,1785295703.0764055
0,1997,0.5467286109924316,0.6133262393590385,1785295703.1587133
0,1998,0.5902218818664551,0.6133633633633634,1785295703.2369604
0,1999,0.6492493152618408,0.6134004502251126,1785295703.3185792
0,2000,0.8431223630905151,0.61340625,1785295703.396721
0,2001,0.8126020431518555,0.6133495752123937,1785295703.4755838
0,2002,0.6954798102378845,0.613292957042957,1785295703.5538538
0,2003,0.9163169264793396,0.6131739890164752,1785295703.6362205
0,2004,0.7193588614463806,0.6130551397205589,1785295703.713957
0,2005,0.5649340748786926,0.6130922693266833,1785295703.7912395
0,2006,0.5565727949142456,0.6130982053838484,1785295703.8690786
0,2007,0.688962459564209,0.6130729945191828,1785295703.9512827
0,2008,0.6579015851020813,0.6131100597609562,1785295704.0288904
0,2009,0.6292904615402222,0.6131470881035341,1785295704.1060345
0,2010,0.7052508592605591,0.6132151741293532,1785295704.1836038
0,2011,0.8026049137115479,0.6132210343112879,1785295704.2652304
0,2012,0.44861918687820435,0.6133511431411531,1785295704.341672
0,2013,0.6305312514305115,0.6133879781420765,1785295704.4237072
0,2014,0.6245726346969604,0.6133937437934459,1785295704.5019615
0,2015,0.6331719756126404,0.6133684863523573,1785295704.5840297
0,2016,0.9108922481536865,0.613343253968254,1785295704.6623132
0,2017,0.7614634037017822,0.6132870599900843,1785295704.740857
0,2018,0.5521018505096436,0.61326189296333,1785295704.8188643
0,2019,0.5709757804870605,0.6132367508667658,1785295704.896875
0,2020,0.4925375282764435,0.6133972772277227,1785295704.9738183
0,2021,0.6673126220703125,0.6133411677387431,1785295705.051698
0,2022,0.7280058860778809,0.61337784371909,1785295705.128767
0,2023,0.6772342324256897,0.6133835887296095,1785295705.2066762
0,2024,0.6697407960891724,0.6133893280632411,1785295705.2876148
0,2025,0.6846922636032104,0.6134567901234568,1785295705.3652139
0,2026,0.608171284198761,0.6135858835143139,1785295705.4445379
0,2027,0.5606651902198792,0.6136531820424272,1785295705.5246644
0,2028,0.6138283014297485,0.6135663214990138,1785295705.6027837
0,2029,0.659050703048706,0.613510349926072,1785295705.6817062
0,2030,0.495143860578537,0.6135160098522168,1785295705.7590475
0,2031,0.7805910706520081,0.6135216642048252,1785295705.841051
0,2032,0.6376748085021973,0.613527312992126,1785295705.9188004
0,2033,0.7645752429962158,0.6135022134776192,1785295705.9964688
0,2034,0.5740025043487549,0.6135385939036382,1785295706.077006
0,2035,1.40749192237854,0.6135442260442261,1785295706.1552126
0,2036,0.6273123621940613,0.6136419449901768,1785295706.2329159
0,2037,0.5072710514068604,0.613678203240059,1785295706.3169103
0,2038,0.5319061875343323,0.613653091265947,1785295706.3988154
0,2039,1.1689649820327759,0.613719960765081,1785295706.4813836
0,2040,0.7868939638137817,0.6138174019607843,1785295706.5593913
0,2041,0.7704017758369446,0.6137616364527193,1785295706.6418462
0,2042,0.760919451713562,0.6138283545543585,1785295706.7202103
0,2043,0.8931162357330322,0.6137114537444934,1785295706.8019373
0,2044,0.7340649366378784,0.613747553816047,1785295706.8845673
0,2045,0.7721573114395142,0.6137530562347189,1785295706.9640424
0,2046,0.6285607814788818,0.6137280058651027,1785295707.0414796
0,2047,0.7448739409446716,0.6137945774303859,1785295707.122166
0,2048,0.4792143702507019,0.61383056640625,1785295707.200286
0,2049,0.7509170174598694,0.6138970229380185,1785295707.2800965
0,2050,0.6076071262359619,0.6138719512195122,1785295707.3624814
0,2051,0.7320200204849243,0.6139078498293515,1785295707.4413767
0,2052,0.5658159852027893,0.6139437134502924,1785295707.5204034
0,2053,0.43433046340942383,0.6140099853872382,1785295707.6028566
0,2054,0.4887129068374634,0.6141370496592016,1785295707.6844144
0,2055,0.6073453426361084,0.6141727493917275,1785295707.7657807
0,2056,0.7056819796562195,0.6141172178988327,1785295707.8463054
0,2057,0.6498572826385498,0.6142136606708799,1785295707.9233937
0,2058,0.5636765956878662,0.6142796404275996,1785295708.0008268
0,2059,0.6507059931755066,0.6143152015541525,1785295708.0800793
0,2060,0.47413045167922974,0.6143810679611651,1785295708.1622837
0,2061,0.6299487352371216,0.6143862202814168,1785295708.2396278
0,2062,0.644247829914093,0.6144519883608147,1785295708.3192096
0,2063,0.5460875034332275,0.6144873969946679,1785295708.3963048
0,2064,0.6559046506881714,0.6145530523255814,1785295708.4742336
0,2065,0.6408175230026245,0.614497578692494,1785295708.5564816
0,2066,0.8344287872314453,0.6145631655372701,1785295708.6389103
0,2067,0.6785485148429871,0.6145682148040639,1785295708.7164948
0,2068,0.41691216826438904,0.6146337040618955,1785295708.7944443
0,2069,1.0143826007843018,0.6146085065248913,1785295708.872413
0,2070,0.4840877652168274,0.6146437198067632,1785295708.9499295
0,2071,0.44123315811157227,0.6146788990825688,1785295709.032519
0,2072,0.5430302023887634,0.6147442084942085,1785295709.1097162
0,2073,0.5655845999717712,0.6147793053545586,1785295709.1880178
0,2074,0.6897693276405334,0.6147540983606558,1785295709.2655962
0,2075,0.8121233582496643,0.614789156626506,1785295709.3477561
0,2076,0.5908456444740295,0.6147940751445087,1785295709.425603
0,2077,1.557631492614746,0.6148290804044295,1785295709.5033693
0,2078,0.644636332988739,0.6148038979788258,1785295709.5814013
0,2079,1.5032248497009277,0.61489898989899,1785295709.662235
0,2080,0.6239191293716431,0.6149338942307693,1785295709.7404525
0,2081,0.7040902972221375,0.6149387313791447,1785295709.8229392
0,2082,0.7472362518310547,0.6149135446685879,1785295709.9049673
0,2083,0.5214936137199402,0.6149183869419107,1785295709.9827664
0,2084,0.695448637008667,0.6149832053742802,1785295710.0605507
0,2085,0.6141332983970642,0.6150179856115108,1785295710.1433702
0,2086,0.8216857314109802,0.6151126558005753,1785295710.221322
0,2087,0.631633460521698,0.6151473406804024,1785295710.2986796
0,2088,0.8384990692138672,0.6151819923371648,1785295710.376095
0,2089,0.5282645225524902,0.6151866921972236,1785295710.4587061
0,2090,0.49255216121673584,0.6152811004784688,1785295710.5395103
0,2091,0.6754943132400513,0.615225968436155,1785295710.6198225
0,2092,0.6232030391693115,0.6152605162523901,1785295710.6980293
0,2093,0.5690745711326599,0.6152054467271859,1785295710.7755349
0,2094,0.4624040722846985,0.6152101241642789,1785295710.852674
0,2095,0.7234318256378174,0.6151849642004773,1785295710.9349606
0,2096,0.6282243132591248,0.6151300095419847,1785295711.0124667
0,2097,0.7492513060569763,0.6151347162613257,1785295711.0905008
0,2098,0.6693075895309448,0.6151692087702574,1785295711.1698444
0,2099,0.5303677320480347,0.6152334444973797,1785295711.2524247
0,2100,0.6148395538330078,0.6151785714285715,1785295711.3343534
0,2101,1.056042194366455,0.615242741551642,1785295711.4123
0,2102,0.4107852876186371,0.6153068506184586,1785295711.490223
0,2103,0.3860546052455902,0.6154006181645268,1785295711.5724628
0,2104,0.5553297400474548,0.615405180608365,1785295711.6511765
0,2105,0.7875942587852478,0.6153206650831354,1785295711.729098
0,2106,0.6538236141204834,0.6153252611585945,1785295711.8065996
0,2107,0.9055602550506592,0.6154188419553868,1785295711.8840032
0,2108,0.8283350467681885,0.615453036053131,1785295711.9620383
0,2109,0.6906454563140869,0.6155168326220958,1785295712.040405
0,2110,0.6782747507095337,0.6156101895734597,1785295712.1187315
0,2111,0.4676537811756134,0.6156146376125059,1785295712.19586
0,2112,0.5675067901611328,0.6156486742424242,1785295712.273739
0,2113,0.44213756918907166,0.61580099384761,1785295712.350438
0,2114,0.5206180810928345,0.6158349101229896,1785295712.4275112
0,2115,0.4750956892967224,0.6158983451536643,1785295712.5054991
0,2116,0.39886316657066345,0.6159617202268431,1785295712.5825455
0,2117,0.5545691847801208,0.6160545583372697,1785295712.6646626
0,2118,0.7102948427200317,0.6161177998111426,1785295712.7450917
0,2119,0.5013468265533447,0.6162104766399245,1785295712.8269744
0,2120,0.6415067911148071,0.6161851415094339,1785295712.9101634
0,2121,1.1136740446090698,0.6162776991984913,1785295712.9882765
0,2122,0.7328163385391235,0.6162818096135722,1785295713.07035
0,2123,0.621742844581604,0.6163742345737164,1785295713.151031
0,2124,0.4332377314567566,0.616466572504708,1785295713.22861
0,2125,0.7196295857429504,0.6165588235294117,1785295713.3064451
0,2126,0.8930707573890686,0.6165039981185324,1785295713.384761
0,2127,0.5663157105445862,0.6165373765867419,1785295713.4621112
0,2128,0.9695892930030823,0.6165119830827067,1785295713.5403938
0,2129,0.7753068208694458,0.6165159699389384,1785295713.621569
0,2130,0.8376907110214233,0.6164612676056338,1785295713.6994407
0,2131,0.7143957614898682,0.616523932426091,1785295713.7773545
0,2132,0.4977622628211975,0.6166451688555347,1785295713.8551834
0,2133,0.4295991063117981,0.6167662916080637,1785295713.935187
0,2134,0.5908661484718323,0.6167408622305529,1785295714.0127335
0,2135,0.7632402777671814,0.6167447306791569,1785295714.0946572
0,2136,0.8732974529266357,0.6166315543071161,1785295714.1722996
0,2137,0.6740330457687378,0.6166062236780534,1785295714.2492785
0,2138,0.5033219456672668,0.6166686155285314,1785295714.326553
0,2139,0.8016202449798584,0.61661407199626,1785295714.407912
0,2140,0.5585686564445496,0.6167348130841122,1785295714.488707
0,2141,0.5195540189743042,0.6167970574497899,1785295714.5662873
0,2142,0.6244329214096069,0.6168300653594772,1785295714.6458561
0,2143,0.6705460548400879,0.6168047130191321,1785295714.7253592
0,2144,0.5774517059326172,0.6168959888059702,1785295714.8071115
0,2145,0.6853997707366943,0.6169871794871795,1785295714.8891017
0,2146,0.9834301471710205,0.6170782851817335,1785295714.9687302
0,2147,0.644341230392456,0.617111085235212,1785295715.0459542
0,2148,0.6361684799194336,0.6171729515828678,1785295715.1235988
0,2149,0.5188131332397461,0.6171765937645416,1785295715.2055597
0,2150,0.5282817482948303,0.6172674418604651,1785295715.2829769
0,2151,0.6658279895782471,0.6173000929800093,1785295715.3615766
0,2152,0.6792539358139038,0.6173907992565055,1785295715.438883
0,2153,0.7676016092300415,0.6174233627496516,1785295715.5206075
0,2154,0.6810286641120911,0.6174268802228412,1785295715.6010375
0,2155,0.5708766579627991,0.6174013921113689,1785295715.6792026
0,2156,0.6208375692367554,0.6174339053803339,1785295715.7591295
0,2157,0.6411187648773193,0.6174953639313862,1785295715.8378086
0,2158,0.7398163676261902,0.6176436515291936,1785295715.9157372
0,2159,0.6443349719047546,0.6176760074108384,1785295715.9974704
0,2160,0.48081061244010925,0.6177372685185185,1785295716.0754638
0,2161,0.6180352568626404,0.6177117075428042,1785295716.1526506
0,2162,0.8632107973098755,0.6176572617946346,1785295716.230312
0,2163,0.7713506817817688,0.617660656495608,1785295716.31304
0,2164,0.5020713806152344,0.6177506931608133,1785295716.3905551
0,2165,0.5552611351013184,0.6177540415704388,1785295716.469222
0,2166,0.7894089221954346,0.617786241920591,1785295716.5467072
0,2167,0.5370852947235107,0.6177895708352561,1785295716.6247914
0,2168,0.5595167875289917,0.6178793819188192,1785295716.701963
0,2169,0.6406731605529785,0.6178826648224989,1785295716.7805068
0,2170,0.5364523530006409,0.6178859447004609,1785295716.8582766
0,2171,0.8007658123970032,0.6178892215568862,1785295716.9393666
0,2172,0.6213948130607605,0.6178637200736649,1785295717.0185761
0,2173,0.5158059597015381,0.6178670041417396,1785295717.0962322
0,2174,0.9051647186279297,0.6177840386384544,1785295717.174631
0,2175,0.8136755228042603,0.617816091954023,1785295717.2540288
0,2176,0.8476898670196533,0.6178193933823529,1785295717.3322423
0,2177,0.5696768760681152,0.6178226917776757,1785295717.4097092
0,2178,0.584315299987793,0.617912075298439,1785295717.4867513
0,2179,0.5253177881240845,0.6179153281321708,1785295717.5638309
0,2180,0.8002044558525085,0.6178899082568807,1785295717.6473737
0,2181,0.804174542427063,0.6178931682714351,1785295717.7259877
0,2182,0.539011538028717,0.6178964252978918,1785295717.8038793
0,2183,0.7872223258018494,0.6179569399908383,1785295717.8879216
0,2184,0.8761323690414429,0.6180173992673993,1785295717.9663713
0,2185,0.6609439253807068,0.6180491990846682,1785295718.0445704
0,2186,0.427615761756897,0.6180809698078683,1785295718.1224582
0,2187,0.517191469669342,0.6180555555555556,1785295718.2053714
0,2188,0.38547182083129883,0.6181158592321755,1785295718.2837543
0,2189,0.7400305271148682,0.6180047967108269,1785295718.362134
0,2190,0.6243728399276733,0.6179223744292237,1785295718.4407668
0,2191,0.6991156339645386,0.6178400273847559,1785295718.5220022
0,2192,0.7571960687637329,0.6178432937956204,1785295718.6016395
0,2193,0.5972670316696167,0.617875056999544,1785295718.683732
0,2194,0.7915128469467163,0.6178498176845943,1785295718.765927
0,2195,0.529869794845581,0.6177961275626423,1785295718.8527374
0,2196,0.8146473169326782,0.6177994080145719,1785295718.934429
0,2197,0.8878374695777893,0.6179449248975876,1785295719.015035
0,2198,0.5869396924972534,0.6179196997270245,1785295719.0955274
0,2199,0.44295749068260193,0.6179797635288767,1785295719.173974
0,2200,0.6775525212287903,0.6180681818181818,1785295719.2561817
0,2201,0.9400774240493774,0.618042935029532,1785295719.3363984
0,2202,0.6881489753723145,0.6180744777475022,1785295719.4185038
0,2203,0.5863829255104065,0.6179925102133454,1785295719.4978895
0,2204,0.570452094078064,0.6179956896551724,1785295719.5772848
0,2205,0.7167158126831055,0.6180555555555556,1785295719.655618
0,2206,0.5445188879966736,0.6180870353581143,1785295719.7367368
0,2207,0.7731204032897949,0.6180052106932488,1785295719.8164861
0,2208,0.7347072958946228,0.6179517663043478,1785295719.89888
0,2209,0.5282464027404785,0.6179832503395202,1785295719.9765282
0,2210,0.5901845097541809,0.6180429864253394,1785295720.0579095
0,2211,0.44071006774902344,0.6181026684758028,1785295720.1362557
0,2212,0.6815459728240967,0.6181057866184448,1785295720.216997
0,2213,0.8062065839767456,0.6181936285585179,1785295720.2992482
0,2214,0.4834425449371338,0.6181967028003613,1785295720.376699
0,2215,0.682744026184082,0.6182279909706546,1785295720.4557145
0,2216,0.8197238445281982,0.6182028429602888,1785295720.540713
0,2217,0.701266348361969,0.618234100135318,1785295720.6243267
0,2218,0.5314677953720093,0.6182089720468891,1785295720.710685
0,2219,0.7688847780227661,0.6182401982875169,1785295720.7916176
0,2220,0.6719570755958557,0.6182995495495496,1785295720.8779478
0,2221,1.3174647092819214,0.6183869878433138,1785295720.9611366
0,2222,0.8774225115776062,0.618418091809181,1785295721.042522
0,2223,0.6807212829589844,0.6183929374718848,1785295721.1235085
0,2224,0.41879385709762573,0.6184521133093526,1785295721.208861
0,2225,0.665518045425415,0.6184831460674157,1785295721.2893887
0,2226,0.6053503155708313,0.6184579964061097,1785295721.3719583
0,2227,0.623099684715271,0.6184889986528963,1785295721.455931
0,2228,0.5846084356307983,0.6185480251346499,1785295721.540453
0,2229,0.6532548666000366,0.6184387617765814,1785295721.620719
0,2230,0.5491004586219788,0.6185257847533633,1785295721.7013915
0,2231,0.5322447419166565,0.6186127297176154,1785295721.7825186
0,2232,0.46171361207962036,0.6186435931899642,1785295721.8663683
0,2233,0.6317988038063049,0.6186744290192566,1785295721.948113
0,2234,0.5230380296707153,0.6187052372426142,1785295722.031942
0,2235,0.5345349907875061,0.6187080536912751,1785295722.1163464
0,2236,0.5850325226783752,0.6187108676207513,1785295722.1968517
0,2237,0.7661553621292114,0.6186578006258382,1785295722.2774413
0,2238,0.6058493256568909,0.6186606344950849,1785295722.3590784
0,2239,0.500238835811615,0.6186634658329612,1785295722.440259
0,2240,0.6071490049362183,0.6186941964285714,1785295722.5220037
0,2241,0.8257991075515747,0.6186691209281571,1785295722.6070278
0,2242,0.4828420579433441,0.6187555753791257,1785295722.6905088
0,2243,0.6110027432441711,0.6188140882746321,1785295722.7706056
0,2244,0.5762215852737427,0.618844696969697,1785295722.8559213
0,2245,0.47272422909736633,0.6189309576837416,1785295722.9360156
0,2246,0.9561845064163208,0.6189058325912734,1785295723.0223296
0,2247,0.6774406433105469,0.6189085447263017,1785295723.1041083
0,2248,0.6492646932601929,0.6189112544483986,1785295723.1844382
0,2249,0.7415797114372253,0.6189417518897288,1785295723.2682931
0,2250,0.45958736538887024,0.619,1785295723.3530204
0,2251,0.9676417112350464,0.6190581963571746,1785295723.4343393
0,2252,0.9017606973648071,0.6191440941385435,1785295723.5174904
0,2253,0.4548330008983612,0.6191744340878829,1785295723.601504
0,2254,0.5453507900238037,0.6192602040816326,1785295723.684251
0,2255,0.7108756303787231,0.6193458980044346,1785295723.7657785
0,2256,0.46829676628112793,0.6192929964539007,1785295723.8509042
0,2257,0.7998453974723816,0.6193785999113868,1785295723.9338558
0,2258,0.4375545084476471,0.6194641275465014,1785295724.0195339
0,2259,0.47123098373413086,0.6196049136786188,1785295724.0989666
0,2260,0.4857194423675537,0.619662610619469,1785295724.1794631
0,2261,0.7090626955032349,0.6196926138876603,1785295724.2640498
0,2262,0.6451528668403625,0.619777851458886,1785295724.350017
0,2263,0.8245530128479004,0.6198630136986302,1785295724.4304059
0,2264,0.524937629699707,0.6198652826855123,1785295724.5109746
0,2265,0.38756057620048523,0.6199779249448124,1785295724.5915751
0,2266,0.8288081288337708,0.6200353045013239,1785295724.6740413
0,2267,0.504494845867157,0.6201202029113365,1785295724.7584522
0,2268,0.6127294301986694,0.6201774691358025,1785295724.8386912
0,2269,0.6570061445236206,0.6201520493609519,1785295724.92316
0,2270,0.7919451594352722,0.6200440528634361,1785295725.0046806
0,2271,0.8384042978286743,0.619936151475121,1785295725.0862954
0,2272,0.8931745290756226,0.619965889084507,1785295725.1706188
0,2273,0.7460368275642395,0.6199681038275406,1785295725.2584286
0,2274,0.5891770124435425,0.6199978012313104,1785295725.3389943
0,2275,0.4639049172401428,0.6201098901098901,1785295725.4195843
0,2276,0.3784240484237671,0.6202218804920914,1785295725.5044594
0,2277,0.9221634268760681,0.6202514273166447,1785295725.5905144
0,2278,0.7992892265319824,0.620308384547849,1785295725.6717012
0,2279,0.7835520505905151,0.6203652917946467,1785295725.7543263
0,2280,0.5473216772079468,0.6204495614035088,1785295725.8407166
0,2281,0.4362896978855133,0.6205337571240684,1785295725.9211447
0,2282,0.6893969774246216,0.620590490797546,1785295726.0025156
0,2283,0.5442001223564148,0.6205924222514235,1785295726.08282
0,2284,0.6894876956939697,0.6205943520140105,1785295726.1641512
0,2285,0.6779643893241882,0.6206236323851203,1785295726.245037
0,2286,0.9433030486106873,0.6206255468066492,1785295726.32952
0,2287,0.6772971153259277,0.6207094446873633,1785295726.411284
0,2288,0.4923849105834961,0.6207386363636364,1785295726.4924376
0,2289,0.6370856761932373,0.6207678025338575,1785295726.5729918
0,2290,0.7809318900108337,0.6207423580786027,1785295726.654113
0,2291,0.5318993926048279,0.6207987778262767,1785295726.7396307
0,2292,0.6028481721878052,0.6207733420593369,1785295726.8238888
0,2293,0.44140928983688354,0.6208024422154383,1785295726.905181
0,2294,0.9176473617553711,0.620777027027027,1785295726.9910057
0,2295,0.5259652137756348,0.6207516339869281,1785295727.0722136
0,2296,0.8204448223114014,0.6208079268292683,1785295727.1530435
0,2297,1.0977129936218262,0.620891380060949,1785295727.2340355
0,2298,0.4600672423839569,0.6209747606614447,1785295727.3144069
0,2299,0.6695476174354553,0.6209765115267507,1785295727.3971558
0,2300,0.4262332022190094,0.6210326086956521,1785295727.4812694
0,2301,0.469227135181427,0.6210343328987397,1785295727.5657134
0,2302,0.5889362096786499,0.6210360556038228,1785295727.6486745
0,2303,0.5170262455940247,0.6210106382978723,1785295727.7290807
0,2304,0.8368958234786987,0.6210666232638888,1785295727.8090196
0,2305,0.6519869565963745,0.6210683297180043,1785295727.8902144
0,2306,0.4603345990180969,0.6210971379011275,1785295727.9701464
0,2307,0.8684853911399841,0.6210717381881231,1785295728.055387
0,2308,0.7091088891029358,0.6211275996533796,1785295728.138575
0,2309,0.7123166918754578,0.621102208748376,1785295728.2205658
0,2310,0.6975862383842468,0.6210768398268398,1785295728.3010864
0,2311,0.5637787580490112,0.621186715707486,1785295728.3845458
0,2312,0.6167800426483154,0.6211883650519031,1785295728.4669864
0,2313,0.6672771573066711,0.6212170341547774,1785295728.5487814
0,2314,1.0807064771652222,0.6213267070008643,1785295728.6292577
0,2315,0.42280033230781555,0.6213552915766739,1785295728.7143111
0,2316,0.5274759531021118,0.6213568652849741,1785295728.8012168
0,2317,0.6066631078720093,0.6213314630988347,1785295728.8821292
0,2318,0.4291148781776428,0.6213330457290768,1785295728.9658535
0,2319,0.5463182330131531,0.6213346269943941,1785295729.0472424
0,2320,1.027328372001648,0.6213092672413794,1785295729.127797
0,2321,0.6144492626190186,0.6212839293408013,1785295729.2088423
0,2322,0.678046703338623,0.6212316968130922,1785295729.2937663
0,2323,0.3587333559989929,0.6213409384416703,1785295729.3747802
0,2324,0.6609992980957031,0.6212887263339071,1785295729.455811
0,2325,0.5824517011642456,0.621263440860215,1785295729.5357342
0,2326,0.5337153673171997,0.6213187876182287,1785295729.6211307
0,2327,0.5575181245803833,0.6213740868070478,1785295729.703655
0,2328,0.5539633631706238,0.6214830326460481,1785295729.789413
0,2329,0.5612910389900208,0.6215113782739373,1785295729.8707416
0,2330,0.7976308465003967,0.621486051502146,1785295729.9557378
0,2331,1.0323717594146729,0.6214607464607464,1785295730.036445
0,2332,0.7666676044464111,0.6214890651801029,1785295730.1180425
0,2333,0.7785073518753052,0.6215173596228033,1785295730.202551
0,2334,0.43883901834487915,0.6215724078834619,1785295730.287361
0,2335,0.6168849468231201,0.621654175588865,1785295730.367422
0,2336,0.6998019218444824,0.6216823630136986,1785295730.4522889
0,2337,0.7767224907875061,0.621790757381258,1785295730.5333302
0,2338,0.719864547252655,0.6218188622754491,1785295730.6144125
0,2339,0.6326212882995605,0.6217935014963659,1785295730.6957855
0,2340,0.6734803915023804,0.6218482905982906,1785295730.7821288
0,2341,0.6116687059402466,0.6218496369073045,1785295730.863672
0,2342,0.6274229288101196,0.6219310418445773,1785295730.9490511
0,2343,0.6561046242713928,0.6219323516858728,1785295731.0301323
0,2344,0.487775593996048,0.6220403156996587,1785295731.114417
0,2345,0.7931982278823853,0.6219882729211087,1785295731.199009
0,2346,0.729623019695282,0.621962915601023,1785295731.279575
0,2347,0.6090835332870483,0.6220440988495952,1785295731.3605917
0,2348,0.8812155723571777,0.6221252129471891,1785295731.4416127
0,2349,0.8157798051834106,0.6220466155810983,1785295731.5275166
0,2350,0.5228722095489502,0.6221010638297872,1785295731.6124482
0,2351,0.6639260053634644,0.6220757124627818,1785295731.6929126
0,2352,0.7181435823440552,0.6220769557823129,1785295731.7743776
0,2353,0.40887051820755005,0.6221578835529111,1785295731.8626416
0,2354,0.9778680205345154,0.6221856414613424,1785295731.9446437
0,2355,0.7822052240371704,0.62223991507431,1785295732.0289748
0,2356,0.541893720626831,0.6222676146010186,1785295732.108966
0,2357,0.9186614155769348,0.6223483241408571,1785295732.1928709
0,2358,0.9451227188110352,0.6223494486853266,1785295732.2744992
0,2359,0.7526071667671204,0.6223770665536245,1785295732.3579319
0,2360,0.5744169354438782,0.6223781779661017,1785295732.438537
0,2361,0.47920724749565125,0.6223792884371029,1785295732.5222654
0,2362,0.519336462020874,0.6224068585944115,1785295732.6027749
0,2363,0.5232754945755005,0.6223815065594583,1785295732.6837864
0,2364,0.6572936177253723,0.6223032994923858,1785295732.7651765
0,2365,0.6926978826522827,0.622330866807611,1785295732.8503366
0,2366,0.5022140145301819,0.6223848267117498,1785295732.9355235
0,2367,0.5625776052474976,0.6223595268272074,1785295733.0174685
0,2368,0.5190386772155762,0.6223606418918919,1785295733.1034787
0,2369,0.6013689041137695,0.6223881384550444,1785295733.1882899
0,2370,0.48092398047447205,0.6224683544303797,1785295733.2735984
0,2371,0.6608192324638367,0.6224430619991564,1785295733.3539906
0,2372,0.8451083898544312,0.6224704890387859,1785295733.4361758
0,2373,0.6427671909332275,0.6224715549936789,1785295733.5203214
0,2374,0.6163294911384583,0.6225252737994945,1785295733.6006012
0,2375,0.7302741408348083,0.622578947368421,1785295733.6860695
0,2376,0.42380011081695557,0.6226325757575758,1785295733.7698677
0,2377,0.579701840877533,0.6226072780816155,1785295733.849838
0,2378,0.6471253037452698,0.6226082842724979,1785295733.9361815
0,2379,0.7430636882781982,0.6226355611601513,1785295734.0211184
0,2380,0.7987470626831055,0.622610294117647,1785295734.1038713
0,2381,0.6324021816253662,0.6226112977740446,1785295734.1854098
0,2382,0.5875797271728516,0.6226910159529807,1785295734.266312
0,2383,0.6339758634567261,0.622691984892992,1785295734.351725
0,2384,0.6023592352867126,0.6228240352348994,1785295734.434987
0,2385,0.7895469665527344,0.622772536687631,1785295734.515893
0,2386,0.6696502566337585,0.6227210813076278,1785295734.597739
0,2387,0.6198388338088989,0.6227482195224131,1785295734.6799748
0,2388,0.5531653761863708,0.6227229899497487,1785295734.7612844
0,2389,0.7058359384536743,0.6227239430724152,1785295734.8468485
0,2390,0.470583975315094,0.6228294979079498,1785295734.9354975
0,2391,0.9238100051879883,0.6227781263069845,1785295735.0184472
0,2392,0.6193245649337769,0.6227267976588629,1785295735.0989327
0,2393,0.7573732137680054,0.6227799832845801,1785295735.1809611
0,2394,0.6856390833854675,0.622780910609858,1785295735.261663
0,2395,0.5541110038757324,0.6228079331941545,1785295735.3391697
0,2396,0.4507618844509125,0.6228610183639399,1785295735.4166298
0,2397,0.625954270362854,0.6228097622027534,1785295735.498514
0,2398,0.6680896282196045,0.6228628023352794,1785295735.5802634
0,2399,0.5471392869949341,0.6229157982492706,1785295735.6615589
0,2400,0.5613976120948792,0.62296875,1785295735.7434657
0,2401,0.38808223605155945,0.6230476884631404,1785295735.829062
0,2402,0.6097163558006287,0.6231005412156536,1785295735.9149253
0,2403,0.5142496228218079,0.6231793591344154,1785295735.9964197
0,2404,0.5566026568412781,0.6232581114808652,1785295736.0751002
0,2405,0.676421046257019,0.6232588357588358,1785295736.1535275
0,2406,0.588899552822113,0.623285536159601,1785295736.2358236
0,2407,0.5482968688011169,0.6233381803074366,1785295736.3146706
0,2408,0.8002594709396362,0.6233129152823921,1785295736.393616
0,2409,0.6159632205963135,0.623365504358655,1785295736.471056
0,2410,0.8213174343109131,0.6233402489626556,1785295736.548704
0,2411,0.696031928062439,0.6233409373703858,1785295736.631579
0,2412,0.44023844599723816,0.6233675373134329,1785295736.7146077
0,2413,0.7299427390098572,0.623394115209283,1785295736.7939444
0,2414,0.5578881502151489,0.6233947804473903,1785295736.8754365
0,2415,0.35970020294189453,0.6234213250517598,1785295736.952595
0,2416,0.39548569917678833,0.6234995860927153,1785295737.0346298
0,2417,0.7841012477874756,0.6233709143566405,1785295737.1155741
0,2418,0.5181596875190735,0.6234491315136477,1785295737.1966805
0,2419,0.724638819694519,0.6233980983877635,1785295737.277816
0,2420,0.643572986125946,0.6233987603305785,1785295737.358176
0,2421,0.4044366180896759,0.623451053283767,1785295737.4399393
0,2422,0.4847947955131531,0.6234516928158547,1785295737.5183256
0,2423,0.505248486995697,0.6235039207593892,1785295737.5961404
0,2424,0.5104689002037048,0.6234787541254125,1785295737.673782
0,2425,0.4654434025287628,0.6235051546391752,1785295737.7524893
0,2426,0.5957781672477722,0.6235572959604286,1785295737.8307462
0,2427,0.6567139625549316,0.6235578903996704,1785295737.9180317
0,2428,0.5265034437179565,0.6236357084019769,1785295738.004873
0,2429,0.8218365907669067,0.6235848085631948,1785295738.0861356
0,2430,0.5748470425605774,0.6236111111111111,1785295738.1666186
0,2431,0.3148576319217682,0.6237402303578774,1785295738.2471385
0,2432,0.8875110745429993,0.6237407483552632,1785295738.3255768
0,2433,0.506653904914856,0.6237155774763666,1785295738.40288
0,2434,0.5487753748893738,0.6238188167625308,1785295738.4808545
0,2435,0.6501674652099609,0.6237936344969199,1785295738.5626822
0,2436,0.5755032896995544,0.6237941297208539,1785295738.6404948
0,2437,0.7309654951095581,0.6237689782519491,1785295738.718944
0,2438,0.5094781517982483,0.6237694831829368,1785295738.796678
0,2439,0.5989733934402466,0.6237956129561295,1785295738.8757856
0,2440,0.42905500531196594,0.6238217213114754,1785295738.9585412
0,2441,0.5538105964660645,0.623847808275297,1785295739.0381367
0,2442,0.6509019136428833,0.6238226863226863,1785295739.116515
0,2443,0.562137246131897,0.6238743348342202,1785295739.1936812
0,2444,0.5546151995658875,0.6239003682487725,1785295739.2744496
0,2445,0.36565446853637695,0.6239519427402863,1785295739.3548021
0,2446,0.49563801288604736,0.6239779231398201,1785295739.4374826
0,2447,0.47899162769317627,0.6240038823048631,1785295739.5188303
0,2448,0.42301517724990845,0.6240298202614379,1785295739.6032345
0,2449,0.5765917301177979,0.6241067782768477,1785295739.682875
0,2450,0.6133825182914734,0.6242091836734693,1785295739.762818
0,2451,0.8278461694717407,0.6242860057119543,1785295739.8435712
0,2452,0.5032545328140259,0.6242353181076672,1785295739.9229875
0,2453,0.6743019223213196,0.6242101508357114,1785295740.0071518
0,2454,0.8014876842498779,0.6242104726976365,1785295740.0898395
0,2455,0.618261456489563,0.6241853360488798,1785295740.1702578
0,2456,0.7067769765853882,0.6241347719869706,1785295740.2512968
0,2457,1.0163427591323853,0.6241605616605617,1785295740.332081
0,2458,0.680847704410553,0.6241354759967453,1785295740.4105783
0,2459,0.9251682162284851,0.6241358275721838,1785295740.4914572
0,2460,0.6129921078681946,0.6242123983739838,1785295740.571541
0,2461,0.8848225474357605,0.6242635107679805,1785295740.653588
0,2462,0.49437054991722107,0.6243145816409423,1785295740.7327905
0,2463,0.5486794710159302,0.6242641088103938,1785295740.810617
0,2464,0.6592891812324524,0.6242897727272727,1785295740.8913739
0,2465,0.6231801509857178,0.6243661257606491,1785295740.9714453
0,2466,0.6376214623451233,0.6243410381184104,1785295741.0487514
0,2467,0.44185352325439453,0.6244426428860965,1785295741.1294699
0,2468,0.7914170622825623,0.6244681928687196,1785295741.211774
0,2469,0.8166753053665161,0.6243924665856622,1785295741.2895658
0,2470,0.7616013288497925,0.6243674089068826,1785295741.3669505
0,2471,0.44560807943344116,0.6244688385269122,1785295741.4441242
0,2472,0.8403193950653076,0.6244943365695793,1785295741.526808
0,2473,0.8380054831504822,0.6245198139911039,1785295741.6108515
0,2474,0.987114429473877,0.6245200080840744,1785295741.690987
0,2475,0.5728972554206848,0.6245454545454545,1785295741.7702017
0,2476,0.6368725299835205,0.6245456381260097,1785295741.8491879
0,2477,0.6261696219444275,0.6245710536939847,1785295741.9283094
0,2478,0.6491665840148926,0.624546004842615,1785295742.006919
0,2479,0.9375296235084534,0.6245713997579669,1785295742.0897136
0,2480,0.45956534147262573,0.6246471774193548,1785295742.1726437
0,2481,0.850048303604126,0.6246725110842403,1785295742.2520666
0,2482,0.7369886636734009,0.6246726430298146,1785295742.3332422
0,2483,0.4046476185321808,0.6247482883608538,1785295742.4105437
0,2484,0.387888640165329,0.6248741948470209,1785295742.4884048
0,2485,0.5197189450263977,0.624874245472837,1785295742.5705256
0,2486,0.8182067275047302,0.6249497184231697,1785295742.648922
0,2487,0.5696338415145874,0.6249246079613993,1785295742.7303076
0,2488,0.9976795315742493,0.625,1785295742.8080199
0,2489,0.5102060437202454,0.625,1785295742.8863401
0,2490,0.7493388652801514,0.625,1785295742.9640384
0,2491,0.5707123279571533,0.6249749096748294,1785295743.04573
0,2492,0.8655527830123901,0.6249247592295345,1785295743.1243496
0,2493,0.553062915802002,0.6249498596068993,1785295743.204865
0,2494,0.5663996338844299,0.6250250601443464,1785295743.2822204
0,2495,0.45336049795150757,0.6250751503006012,1785295743.3648217
0,2496,0.7269301414489746,0.6251252003205128,1785295743.4425983
0,2497,0.5723339915275574,0.625200240288346,1785295743.520376
0,2498,0.4768558442592621,0.6252752201761409,1785295743.5982223
0,2499,0.5253692269325256,0.625250100040016,1785295743.6801605
0,2500,0.5967690348625183,0.625225,1785295743.7630172
0,2501,0.6406769156455994,0.6251999200319872,1785295743.8411987
0,2502,0.8642956018447876,0.6252248201438849,1785295743.9235697
0,2503,0.5629771947860718,0.6251997602876548,1785295744.0025725
0,2504,0.5568147897720337,0.6251747204472844,1785295744.0875995
0,2505,0.5181964635848999,0.6251996007984032,1785295744.1675324
0,2506,0.7792094945907593,0.6251995211492418,1785295744.250503
0,2507,0.6780548095703125,0.6251745113681692,1785295744.3304515
0,2508,0.4304236173629761,0.6252242822966507,1785295744.4149837
0,2509,0.5844401121139526,0.6252241929055401,1785295744.496302
0,2510,0.4559745192527771,0.6253237051792828,1785295744.57979
0,2511,0.7545701861381531,0.6252986857825568,1785295744.6619096
0,2512,0.6804013848304749,0.6253483280254777,1785295744.7411435
0,2513,0.6066519021987915,0.6253233187425388,1785295744.8246999
0,2514,0.37480175495147705,0.6253729116945107,1785295744.9086401
0,2515,0.8265767097473145,0.6253230616302187,1785295744.987348
0,2516,0.4959932863712311,0.6252980922098569,1785295745.0653255
0,2517,0.7271907329559326,0.6252979737783075,1785295745.1503828
0,2518,0.7271880507469177,0.625347498014297,1785295745.229257
0,2519,0.6498125791549683,0.6254217943628424,1785295745.3135295
0,2520,1.1444848775863647,0.6253968253968254,1785295745.3917608
0,2521,0.768231987953186,0.625446251487505,1785295745.474088
0,2522,0.3543665409088135,0.6254956383822363,1785295745.5527318
0,2523,0.5605987310409546,0.6255449861276259,1785295745.6358774
0,2524,0.5079122185707092,0.6256190570522979,1785295745.7174265
0,2525,0.6254315376281738,0.6256188118811881,1785295745.7945073
0,2526,0.5354175567626953,0.6255938242280285,1785295745.871778
0,2527,0.5055584907531738,0.6256925207756233,1785295745.9549003
0,2528,0.6446564793586731,0.6256675237341772,1785295746.032703
0,2529,0.5499064922332764,0.625691973111902,1785295746.1108487
0,2530,0.5096739530563354,0.6256916996047431,1785295746.1885974
0,2531,0.4831632375717163,0.6256667325167918,1785295746.2718415
0,2532,0.49061667919158936,0.6257158372827805,1785295746.3488407
0,2533,0.6605603098869324,0.6257895775759968,1785295746.429906
0,2534,0.5320596694946289,0.6258385951065509,1785295746.5103302
0,2535,0.723278284072876,0.6258382642998027,1785295746.5943015
0,2536,0.4154420793056488,0.6259365141955836,1785295746.6722686
0,2537,0.5042903423309326,0.6259854158454868,1785295746.7501183
0,2538,0.7928351163864136,0.6260342789598109,1785295746.8284311
0,2539,0.6349310874938965,0.6260831035840883,1785295746.9118497
0,2540,0.5138408541679382,0.6260826771653544,1785295746.9942248
0,2541,0.7546640038490295,0.6260330578512396,1785295747.0722055
0,2542,0.6208199262619019,0.626008064516129,1785295747.1494575
0,2543,0.7214601635932922,0.6259585135666536,1785295747.232186
0,2544,0.8166049122810364,0.6259581367924528,1785295747.310397
0,2545,0.5733758807182312,0.6259332023575639,1785295747.3893118
0,2546,0.4495272636413574,0.6259819324430479,1785295747.4692006
0,2547,0.475619375705719,0.6260060855908912,1785295747.5544007
0,2548,0.669049084186554,0.6259075745682888,1785295747.6389203
0,2549,0.7146638035774231,0.6259072185170655,1785295747.7192068
0,2550,0.6790426969528198,0.6258578431372549,1785295747.8016634
0,2551,0.8116579651832581,0.6259310074480596,1785295747.8812258
0,2552,0.5438235998153687,0.6260041144200627,1785295747.9610434
0,2553,0.8585100173950195,0.6260037211124168,1785295748.0449603
0,2554,0.6353574395179749,0.6259788566953798,1785295748.1245255
0,2555,0.6086702942848206,0.625954011741683,1785295748.2030306
0,2556,0.6005296111106873,0.6260025430359938,1785295748.2819817
0,2557,0.8189063668251038,0.626051036370747,1785295748.3636203
0,2558,0.6180616617202759,0.6260994917904613,1785295748.441459
0,2559,0.4998863935470581,0.626099062133646,1785295748.5205858
0,2560,0.42144864797592163,0.6261962890625,1785295748.597721
0,2561,0.772036075592041,0.6261714174150722,1785295748.6781194
0,2562,0.5307403802871704,0.6262197501951601,1785295748.7603672
0,2563,0.9169731140136719,0.6262192742879438,1785295748.8380575
0,2564,0.721889078617096,0.6261944227769111,1785295748.9191008
0,2565,0.5862351059913635,0.6262183235867447,1785295749.0026343
0,2566,0.691839337348938,0.6261934918160561,1785295749.0851326
0,2567,0.7466440200805664,0.6262173743669653,1785295749.1624093
0,2568,0.5050622224807739,0.6262169003115264,1785295749.2406125
0,2569,0.40665432810783386,0.6262894122226548,1785295749.3208869
0,2570,0.6443493366241455,0.6262402723735409,1785295749.3987553
0,2571,0.5271990299224854,0.6263613380007779,1785295749.4798448
0,2572,0.5173299312591553,0.6263608087091758,1785295749.560769
0,2573,0.7095844745635986,0.6263602798289933,1785295749.6386762
0,2574,0.5681425929069519,0.6264083139083139,1785295749.7166238
0,2575,0.3116491734981537,0.626504854368932,1785295749.7938786
0,2576,0.862766444683075,0.6266013198757764,1785295749.8711464
0,2577,0.6597501039505005,0.6266249514939852,1785295749.9488213
0,2578,0.7832921743392944,0.6266728083785881,1785295750.0265977
0,2579,0.586771547794342,0.6266721597518418,1785295750.1044676
0,2580,0.5171085000038147,0.626671511627907,1785295750.1820457
0,2581,0.7069169282913208,0.6267435102673382,1785295750.2644403
0,2582,0.5485919713973999,0.6267186289697909,1785295750.345849
0,2583,0.5627418756484985,0.6267421602787456,1785295750.4228816
0,2584,0.5756655931472778,0.6267898606811145,1785295750.504293
0,2585,0.7322021722793579,0.6266682785299806,1785295750.5818503
0,2586,0.3683259189128876,0.6266918020108275,1785295750.6636732
0,2587,0.765313982963562,0.6267394665635871,1785295750.7441874
0,2588,0.45041728019714355,0.6268112442040186,1785295750.8268726
0,2589,0.7382545471191406,0.6268588258014678,1785295750.905897
0,2590,0.8055517673492432,0.6268822393822394,1785295750.9886413
0,2591,0.6348556280136108,0.6269056348900038,1785295751.0667682
0,2592,0.7820080518722534,0.626904899691358,1785295751.1492703
0,2593,0.5969322323799133,0.6269041650597763,1785295751.2304773
0,2594,0.6719666123390198,0.6268793369313801,1785295751.3113036
0,2595,0.6476375460624695,0.626830443159923,1785295751.3884494
0,2596,0.688073992729187,0.6267575115562404,1785295751.4725509
0,2597,0.490680992603302,0.6268290335001925,1785295751.5518234
0,2598,0.6091700792312622,0.6268042725173211,1785295751.6357641
0,2599,0.6275546550750732,0.6268757214313198,1785295751.7149737
0,2600,0.45767998695373535,0.6269230769230769,1785295751.7981389
0,2601,0.850679337978363,0.6268742791234141,1785295751.8776155
0,2602,0.49407124519348145,0.6269696387394312,1785295751.9571235
0,2603,0.6316730976104736,0.6269928928159816,1785295752.0396469
0,2604,0.567467212677002,0.6269441244239631,1785295752.1188498
0,2605,0.561835765838623,0.6269673704414588,1785295752.1972313
0,2606,0.6947211623191833,0.6269426323867997,1785295752.2780223
0,2607,0.5322026014328003,0.6268699654775605,1785295752.3557203
0,2608,0.6413322687149048,0.6269411426380368,1785295752.4333
0,2609,1.0726591348648071,0.6269164430816405,1785295752.516025
0,2610,0.6990777254104614,0.6268917624521073,1785295752.5933447
0,2611,0.6741447448730469,0.6268671007276906,1785295752.674272
0,2612,0.9627007842063904,0.6269142419601837,1785295752.7518644
0,2613,0.7024062871932983,0.6268417527745886,1785295752.8317432
0,2614,0.6973892450332642,0.6268649579188983,1785295752.9094703
0,2615,0.9122915863990784,0.6268881453154875,1785295752.9892044
0,2616,0.546295166015625,0.6269113149847095,1785295753.0677695
0,2617,1.02666175365448,0.6269105846388995,1785295753.1459315
0,2618,0.7978038787841797,0.6268859816653934,1785295753.2249982
0,2619,0.46416884660720825,0.6269091256204659,1785295753.30949
0,2620,0.41500335931777954,0.626956106870229,1785295753.3888066
0,2621,0.7155357003211975,0.6269792064097672,1785295753.468897
0,2622,0.5965682864189148,0.626906941266209,1785295753.548946
0,2623,0.8435412645339966,0.6269062142584827,1785295753.629264
0,2624,0.9141206741333008,0.6269054878048781,1785295753.71489
0,2625,0.75767982006073,0.6268809523809524,1785295753.7947965
0,2626,0.5257902145385742,0.6269754379284083,1785295753.8742611
0,2627,0.6260718703269958,0.62699847735059,1785295753.953725
0,2628,0.5001115202903748,0.627021499238965,1785295754.0348697
0,2629,0.731477677822113,0.6270207303157094,1785295754.1126235
0,2630,0.5914508700370789,0.626972433460076,1785295754.190192
0,2631,0.802741289138794,0.6269479285442797,1785295754.2713668
0,2632,0.5746338367462158,0.6270184270516718,1785295754.3490398
0,2633,0.822466254234314,0.626993923281428,1785295754.4291222
0,2634,0.871990442276001,0.6270168944570995,1785295754.512111
0,2635,0.7869949340820312,0.6269686907020873,1785295754.592898
0,2636,0.5426430702209473,0.6269205235204856,1785295754.6754198
0,2637,0.5069525241851807,0.6268960940462647,1785295754.7536113
0,2638,0.4390791356563568,0.626942759666414,1785295754.8338575
0,2639,0.7151991724967957,0.6270130731337628,1785295754.9155452
0,2640,0.6081840395927429,0.6270833333333333,1785295754.9953103
0,2641,0.6133294105529785,0.6271535403256342,1785295755.073306
0,2642,0.627119779586792,0.6272000378501136,1785295755.1559198
0,2643,0.6367654204368591,0.6272228528187666,1785295755.2350667
0,2644,0.6835920810699463,0.6271983736762481,1785295755.3174253
0,2645,0.4324348568916321,0.6272448015122873,1785295755.3978586
0,2646,0.6346684098243713,0.6272439531368103,1785295755.4791694
0,2647,0.8346174359321594,0.6273139403097847,1785295755.5580647
0,2648,0.9067158699035645,0.6273602719033232,1785295755.6368446
0,2649,0.5163725018501282,0.6274301623254058,1785295755.71515
0,2650,0.6633400321006775,0.6274292452830189,1785295755.7940784
0,2651,1.145055890083313,0.6274754809505847,1785295755.8773618
0,2652,0.9290763139724731,0.6274745475113123,1785295755.9624088
0,2653,0.9082649946212769,0.6275442894836034,1785295756.0415661
0,2654,0.41596007347106934,0.6275433308214017,1785295756.1221845
0,2655,0.7064196467399597,0.6275188323917138,1785295756.2009795
0,2656,0.37125980854034424,0.6275884789156626,1785295756.2788305
0,2657,0.8117701411247253,0.627587504704554,1785295756.3567452
0,2658,0.5051772594451904,0.6276570729872084,1785295756.4345276
0,2659,0.6865167617797852,0.6277030838661151,1785295756.5164356
0,2660,0.7672113180160522,0.6277020676691729,1785295756.5940022
0,2661,1.0806832313537598,0.627771514468245,1785295756.6732616
0,2662,0.6750729084014893,0.6278174305033809,1785295756.7511783
0,2663,0.8486626744270325,0.6278163725122042,1785295756.8325613
0,2664,0.46963295340538025,0.6278153153153153,1785295756.9143198
0,2665,0.5584554672241211,0.6278846153846154,1785295756.9964278
0,2666,0.4545631408691406,0.6279773068267067,1785295757.0742607
0,2667,0.9507002234458923,0.6279996250468691,1785295757.1561053
0,2668,0.5091246962547302,0.6280453523238381,1785295757.234213
0,2669,0.5890622735023499,0.6280442113150992,1785295757.314707
0,2670,0.5477725863456726,0.6281132958801499,1785295757.393028
0,2671,0.7459807395935059,0.6280887308124298,1785295757.4707634
0,2672,0.6046119332313538,0.6281109655688623,1785295757.5485091
0,2673,0.49839285016059875,0.6280864197530864,1785295757.630375
0,2674,0.6370401978492737,0.6281320119670905,1785295758.1312695
0,2675,0.7205888032913208,0.6281308411214953,1785295758.2089202
0,2676,0.6110507249832153,0.6280596038863976,1785295758.2857897
0,2677,0.5805857181549072,0.6281285020545386,1785295758.3639429
0,2678,0.8505573272705078,0.6281506721433906,1785295758.441843
0,2679,0.5481425523757935,0.628242814483016,1785295758.5191393
0,2680,0.5760207176208496,0.6282649253731343,1785295758.5963335
0,2681,0.6649841070175171,0.6283103319656844,1785295758.673308
0,2682,0.5103143453598022,0.6283324011931395,1785295758.7525847
0,2683,0.5529439449310303,0.628331159150205,1785295758.8322291
0,2684,0.5869774222373962,0.6283532041728763,1785295758.9118962
0,2685,0.6036266684532166,0.6283519553072626,1785295758.9963408
0,2686,0.6612967252731323,0.6283041697691735,1785295759.0799267
0,2687,0.5534267425537109,0.6283029400818757,1785295759.1571548
0,2688,0.659761905670166,0.6283017113095238,1785295759.235123
0,2689,0.553601086139679,0.6283237262923019,1785295759.3124402
0,2690,0.5574241876602173,0.6283457249070632,1785295759.3911674
0,2691,0.6729744076728821,0.6283909327387588,1785295759.4740174
0,2692,0.7610781192779541,0.6284128900445766,1785295759.5557663
0,2693,0.6663905382156372,0.628434831043446,1785295759.6335626
0,2694,0.4447077512741089,0.6285495545657016,1785295759.7108564
0,2695,0.45511293411254883,0.6286178107606679,1785295759.7894573
0,2696,0.5131180882453918,0.6286396513353115,1785295759.8673441
0,2697,0.5573751330375671,0.6286383018168336,1785295759.9484265
0,2698,0.4671146273612976,0.6287064492216456,1785295760.0258431
0,2699,0.5548099279403687,0.6286587625046314,1785295760.1063912
0,2700,0.592978298664093,0.6287268518518518,1785295760.1901028
0,2701,0.43594199419021606,0.6287486116253239,1785295760.267861
0,2702,0.8373885750770569,0.6287240932642487,1785295760.3457568
0,2703,0.7793664932250977,0.6287458379578247,1785295760.4229198
0,2704,0.6466740369796753,0.628698224852071,1785295760.5009117
0,2705,0.4239562749862671,0.6287430683918669,1785295760.584122
0,2706,0.6012425422668457,0.6288109756097561,1785295760.6619084
0,2707,0.574117124080658,0.6289019209456963,1785295760.7418845
0,2708,0.5717032551765442,0.6289004800590842,1785295760.8247294
0,2709,0.6669865250587463,0.628968253968254,1785295760.9028833
0,2710,0.5661189556121826,0.628989852398524,1785295760.9875062
0,2711,0.7595739364624023,0.6290575433419402,1785295761.0675669
0,2712,0.7159016728401184,0.6290099557522124,1785295761.1512146
0,2713,0.7552037835121155,0.629100626612606,1785295761.2296097
0,2714,0.8952328562736511,0.6291451731761238,1785295761.3069856
0,2715,0.43573856353759766,0.6291436464088398,1785295761.3899512
0,2716,0.5499817132949829,0.6291651325478645,1785295761.469255
0,2717,0.6056857109069824,0.6291405962458594,1785295761.5489016
0,2718,0.8006129860877991,0.6290930831493745,1785295761.6308653
0,2719,0.5926002264022827,0.6291145641780066,1785295761.714162
0,2720,0.8522416949272156,0.6291360294117647,1785295761.801514
0,2721,0.6077761650085449,0.6291574788680632,1785295761.888589
0,2722,0.5866024494171143,0.6292018736223365,1785295761.9787567
0,2723,0.6698410511016846,0.6291085200146896,1785295762.058946
0,2724,0.4461476802825928,0.6291529001468429,1785295762.1359482
0,2725,0.9679476022720337,0.629105504587156,1785295762.2156694
0,2726,0.5454387664794922,0.6291727806309612,1785295762.2977278
0,2727,0.5899398326873779,0.6292170883755042,1785295762.3754714
0,2728,0.7952346801757812,0.6292384530791789,1785295762.4538794
0,2729,0.5988255739212036,0.6293056064492488,1785295762.5351822
0,2730,0.48187869787216187,0.6293498168498168,1785295762.617635
0,2731,0.712280809879303,0.6293024533138045,1785295762.701407
0,2732,0.6150701642036438,0.629300878477306,1785295762.784009
0,2733,0.43339985609054565,0.6292993047932675,1785295762.8660836
0,2734,0.4967094659805298,0.6293891733723482,1785295762.9501076
0,2735,0.4880144000053406,0.6294332723948811,1785295763.0322025
0,2736,0.4581480026245117,0.6294544956140351,1785295763.1113865
0,2737,0.5710748434066772,0.6294757033248082,1785295763.1887655
0,2738,0.6057795286178589,0.6294512417823228,1785295763.2665641
0,2739,0.6081117391586304,0.6294496166484118,1785295763.3524237
0,2740,0.6772432923316956,0.6294479927007299,1785295763.4405284
0,2741,0.6439703106880188,0.629423568040861,1785295763.520724
0,2742,0.8256994485855103,0.6294447483588621,1785295763.6057858
0,2743,0.9410501718521118,0.6294203426904849,1785295763.6887708
0,2744,0.584164023399353,0.6294415087463557,1785295763.7717822
0,2745,0.6763553619384766,0.6294398907103825,1785295763.850692
0,2746,0.5278090834617615,0.6294837946103423,1785295763.9320133
0,2747,0.42579877376556396,0.6295276665453222,1785295764.0141783
0,2748,0.6834468841552734,0.6295715065502183,1785295764.0933955
0,2749,0.6142048239707947,0.6295698435794834,1785295764.1729732
0,2750,0.5642421841621399,0.6295909090909091,1785295764.2509854
0,2751,1.0223065614700317,0.6295892402762632,1785295764.3351574
0,2752,0.8563432097434998,0.6295648619186046,1785295764.4178693
0,2753,0.7193694114685059,0.629563203777697,1785295764.4951293
0,2754,0.46343865990638733,0.6295388525780683,1785295764.5753248
0,2755,0.6585843563079834,0.6295372050816697,1785295764.6573536
0,2756,0.5406942963600159,0.629558236574746,1785295764.7395134
0,2757,0.578166127204895,0.6296472615161407,1785295764.816712
0,2758,0.5538721084594727,0.6296455765047135,1785295764.9005263
0,2759,0.6182131767272949,0.6297118521203334,1785295764.979653
0,2760,0.5329196453094482,0.6297780797101449,1785295765.0596387
0,2761,0.5856243371963501,0.6297989858746831,1785295765.1420147
0,2762,0.5670275688171387,0.6297972483707458,1785295765.2201273
0,2763,0.38375285267829895,0.629885993485342,1785295765.3026996
0,2764,0.8111249804496765,0.6298616136034733,1785295765.3832638
0,2765,0.6814903020858765,0.6298372513562387,1785295765.4664974
0,2766,0.3892561197280884,0.629812906724512,1785295765.544429
0,2767,0.5909991264343262,0.6298789302493676,1785295765.626864
0,2768,0.3754950761795044,0.6299223265895953,1785295765.708946
0,2769,0.42268913984298706,0.6299882629107981,1785295765.7924228
0,2770,1.1464616060256958,0.6300315884476534,1785295765.8726084
0,2771,0.6352511644363403,0.6300072176109708,1785295765.953711
0,2772,0.666196882724762,0.6299603174603174,1785295766.035722
0,2773,0.8915096521377563,0.6300261449693473,1785295766.1218874
0,2774,0.5257221460342407,0.6300243330930065,1785295766.2076507
0,2775,0.5118545889854431,0.630045045045045,1785295766.2903376
0,2776,0.43621963262557983,0.6299981988472623,1785295766.3772664
0,2777,0.6445242166519165,0.6299963989917177,1785295766.4596398
0,2778,0.5450589656829834,0.6299271058315334,1785295766.5455422
0,2779,0.594484269618988,0.6299253328535445,1785295766.6270003
0,2780,0.7152144908905029,0.6299235611510792,1785295766.7120273
0,2781,0.5603573322296143,0.6298768428622797,1785295766.7943501
0,2782,0.847753643989563,0.6298975557153127,1785295766.8768516
0,2783,0.4921395778656006,0.629895795903701,1785295766.9596667
0,2784,0.5537819862365723,0.6299389367816092,1785295767.040334
0,2785,0.5195035934448242,0.6299147217235188,1785295767.123408
0,2786,0.6262215375900269,0.6299129576453697,1785295767.207203
0,2787,0.5894709229469299,0.6299111948331539,1785295767.2918475
0,2788,0.6805704236030579,0.6299094332855093,1785295767.3762674
0,2789,0.6650221943855286,0.6299076730010756,1785295767.4598818
0,2790,0.5279610753059387,0.6298835125448029,1785295767.542889
0,2791,0.6168307065963745,0.6298593694016481,1785295767.6318722
0,2792,0.41794905066490173,0.6299023997134671,1785295767.7133327
0,2793,0.7324147820472717,0.6299006444683136,1785295767.792563
0,2794,0.5941938161849976,0.6299212598425197,1785295767.8743901
0,2795,0.5586996674537659,0.6298747763864043,1785295767.9524817
0,2796,0.5232528448104858,0.6298730329041488,1785295768.0307522
0,2797,0.6630997061729431,0.6298712906685735,1785295768.1139395
0,2798,0.46485745906829834,0.6298918870621872,1785295768.1915638
0,2799,0.7747560739517212,0.629890139335477,1785295768.2692835
0,2800,0.5307667255401611,0.6299107142857143,1785295768.3514767
0,2801,0.47596895694732666,0.6298643341663691,1785295768.4312117
0,2802,0.896120548248291,0.6298179871520343,1785295768.513706
0,2803,0.8754340410232544,0.6298162682839814,1785295768.5918434
0,2804,0.7746196985244751,0.6298145506419401,1785295768.6736605
0,2805,0.7792298197746277,0.6297682709447415,1785295768.7541258
0,2806,0.934867262840271,0.6298111190306486,1785295768.8393357
0,2807,0.7896417379379272,0.6298539365871036,1785295768.92404
0,2808,0.5734360218048096,0.6298299501424501,1785295769.0056121
0,2809,0.9940942525863647,0.6298059807760769,1785295769.0835376
0,2810,0.6039481163024902,0.6298487544483986,1785295769.164698
0,2811,0.6548947691917419,0.6298470295268588,1785295769.2429776
0,2812,0.4554661214351654,0.6299119843527738,1785295769.3220894
0,2813,0.43248623609542847,0.6299324564521863,1785295769.402121
0,2814,0.38552147150039673,0.6300195451314854,1785295769.4842565
0,2815,1.1644192934036255,0.6299733570159858,1785295769.5678685
0,2816,0.5740021467208862,0.6299715909090909,1785295769.6521513
0,2817,0.6494855284690857,0.6300141995030174,1785295769.7306316
0,2818,0.8331747055053711,0.6300567778566359,1785295769.814583
0,2819,0.7631698846817017,0.6300771550195104,1785295769.894162
0,2820,0.5715502500534058,0.6301196808510638,1785295769.974546
0,2821,0.4258659780025482,0.6301621765331443,1785295770.0665588
0,2822,0.6842967867851257,0.6301381998582566,1785295770.1586027
0,2823,1.2333883047103882,0.6301585193057031,1785295770.2445593
0,2824,0.46960943937301636,0.6301788243626062,1785295770.3289797
0,2825,0.8289554715156555,0.6301769911504425,1785295770.4084811
0,2826,0.7116549611091614,0.6302193913658882,1785295770.4861047
0,2827,0.6300828456878662,0.6302175451008136,1785295770.5690162
0,2828,0.6691405177116394,0.630259900990099,1785295770.6519892
0,2829,0.5924586057662964,0.6302138564863909,1785295770.7324202
0,2830,0.812275767326355,0.6301678445229681,1785295770.8105202
0,2831,0.5586428046226501,0.630188096079124,1785295770.8881326
0,2832,0.8428179621696472,0.6302083333333334,1785295770.9667485
0,2833,0.6822074055671692,0.6302506177197318,1785295771.0466728
0,2834,0.6115013957023621,0.6302928722653494,1785295771.129111
0,2835,0.6503583192825317,0.6302689594356261,1785295771.2116742
0,2836,0.6690763235092163,0.6302671015514809,1785295771.2957168
0,2837,0.6548748016357422,0.6302652449770885,1785295771.3775687
0,2838,0.5049110651016235,0.6302854122621564,1785295771.459417
0,2839,0.5554275512695312,0.630371609721733,1785295771.5400074
0,2840,0.714886486530304,0.6304137323943662,1785295771.6258924
0,2841,0.5121359825134277,0.6303678282294967,1785295771.7077029
0,2842,0.531699001789093,0.6303219563687544,1785295771.7902586
0,2843,0.3933901786804199,0.6303640520576855,1785295771.8710964
0,2844,0.49520307779312134,0.6303841420534458,1785295771.9577034
0,2845,0.7336151003837585,0.6304042179261863,1785295772.0394309
0,2846,0.6381697058677673,0.6304242796907941,1785295772.1233184
0,2847,0.6939423680305481,0.6304223744292238,1785295772.2050462
0,2848,0.5064735412597656,0.630420470505618,1785295772.2909865
0,2849,0.6860046982765198,0.6304624429624429,1785295772.372577
0,2850,0.43333175778388977,0.6305263157894737,1785295772.454695
0,2851,0.8901469707489014,0.6304586110136794,1785295772.541019
0,2852,0.6416738629341125,0.6304566970546984,1785295772.6227243
0,2853,0.7253843545913696,0.6304328776726253,1785295772.7060807
0,2854,0.9594946503639221,0.6304090749824808,1785295772.7876108
0,2855,0.9718707203865051,0.630407180385289,1785295772.873328
0,2856,0.5541701912879944,0.6304928221288515,1785295772.959369
0,2857,1.001118540763855,0.6305127756387819,1785295773.042224
0,2858,0.6180803775787354,0.6305327151854444,1785295773.1246533
0,2859,0.48969775438308716,0.6305745015739769,1785295773.21004
0,2860,0.525771975517273,0.6305944055944056,1785295773.2917047
0,2861,0.5855234861373901,0.630614295700804,1785295773.3765304
0,2862,0.688401460647583,0.6305904961565338,1785295773.4628232
0,2863,0.8282097578048706,0.6305667132378624,1785295773.5451767
0,2864,0.7370465993881226,0.6306084148044693,1785295773.631031
0,2865,0.4487331509590149,0.6306500872600349,1785295773.7127113
0,2866,0.5603952407836914,0.6306917306350314,1785295773.7988834
0,2867,0.6130626797676086,0.6307333449598884,1785295773.8811827
0,2868,0.705335795879364,0.6307531380753139,1785295773.9665136
0,2869,0.41769295930862427,0.6307729173928198,1785295774.0524023
0,2870,0.5268145799636841,0.630770905923345,1785295774.1351159
0,2871,0.7678275108337402,0.6307688958551028,1785295774.2165694
0,2872,0.5677236914634705,0.6307668871866295,1785295774.302952
0,2873,0.898596465587616,0.6307648799164636,1785295774.3889859
0,2874,0.8309856057167053,0.6307846207376478,1785295774.4726877
0,2875,0.846415638923645,0.6307608695652174,1785295774.5551448
0,2876,0.4218972325325012,0.6308675243393602,1785295774.6406972
0,2877,0.5949478149414062,0.6309523809523809,1785295774.722168
0,2878,0.5892984867095947,0.6309503127171647,1785295774.8056526
0,2879,0.582316517829895,0.6309916637721431,1785295774.8838353
0,2880,0.5159057378768921,0.6309678819444444,1785295774.9616847
0,2881,0.5394490957260132,0.6309875043387713,1785295775.0392692
0,2882,0.6870872974395752,0.6309854267869535,1785295775.1171267
0,2883,0.6000916957855225,0.6309616718695803,1785295775.1996264
0,2884,0.6251639127731323,0.6309812760055479,1785295775.2834523
0,2885,0.7035235166549683,0.6309792027729636,1785295775.3678486
0,2886,0.5430871248245239,0.6310420997920998,1785295775.451014
0,2887,0.6624290347099304,0.6310400069276065,1785295775.532937
0,2888,0.7231494188308716,0.6310379155124654,1785295775.6158326
0,2889,0.6802799105644226,0.6310574593284873,1785295775.6972568
0,2890,0.5827867984771729,0.631098615916955,1785295775.7826886
0,2891,0.6316625475883484,0.6311181252161882,1785295775.8648968
0,2892,0.5257424116134644,0.6311160096818811,1785295775.9510808
0,2893,0.5726719498634338,0.6311138956100933,1785295776.0329494
0,2894,0.5211008787155151,0.6311333794056669,1785295776.1165457
0,2895,0.9270167350769043,0.6311528497409327,1785295776.1980875
0,2896,0.7839876413345337,0.6311507251381215,1785295776.2827566
0,2897,0.5872861742973328,0.6311270279599586,1785295776.3645878
0,2898,0.5528091192245483,0.631146480331263,1785295776.449273
0,2899,0.7315542697906494,0.6310796826491893,1785295776.5322223
0,2900,0.5204774141311646,0.6310991379310344,1785295776.6188726
0,2901,0.5653272867202759,0.6311401240951396,1785295776.7006757
0,2902,0.6088648438453674,0.6310303239145417,1785295776.786599
0,2903,0.7306704521179199,0.6310713055459869,1785295776.868227
0,2904,0.6996477246284485,0.6310261707988981,1785295776.9483538
0,2905,0.5071315169334412,0.6310240963855421,1785295777.030386
0,2906,0.5289849638938904,0.6310650378527185,1785295777.1172075
0,2907,0.49818500876426697,0.6311059511523908,1785295777.199935
0,2908,0.8859646320343018,0.6311468363136176,1785295777.284231
0,2909,0.6233604550361633,0.6311447232726023,1785295777.3703673
0,2910,0.6917393803596497,0.6312070446735395,1785295777.4579635
0,2911,0.7875567674636841,0.6312907935417382,1785295777.5409422
0,2912,0.4811825156211853,0.6313744848901099,1785295777.6213615
0,2913,0.8802959322929382,0.6312650188808788,1785295777.7024558
0,2914,0.7285488843917847,0.631305765271105,1785295777.781964
0,2915,0.6028014421463013,0.631303602058319,1785295777.8653235
0,2916,0.5766675472259521,0.6313228737997256,1785295777.952834
0,2917,0.33560991287231445,0.6314064106959205,1785295778.035335
0,2918,0.5249223113059998,0.6314470527758739,1785295778.1205993
0,2919,0.5983302593231201,0.6314234326824255,1785295778.2016451
0,2920,0.6408754587173462,0.6314212328767124,1785295778.280202
0,2921,0.7374445796012878,0.6313976377952756,1785295778.365684
0,2922,0.5803650617599487,0.6314168377823408,1785295778.4530652
0,2923,0.5914704203605652,0.6314146424905919,1785295778.5304263
0,2924,0.4205748736858368,0.6314551983584131,1785295778.6075506
0,2925,0.7394548058509827,0.6314316239316239,1785295778.6895936
0,2926,0.42653951048851013,0.6314935064935064,1785295778.7671754
0,2927,0.7916833162307739,0.6314912880081995,1785295778.8453717
0,2928,0.4827274680137634,0.6315744535519126,1785295778.9226904
0,2929,0.546958863735199,0.6316148856264937,1785295779.0003397
0,2930,0.6036735773086548,0.6316126279863481,1785295779.0780418
0,2931,0.7795907258987427,0.6316530194472876,1785295779.1555843
0,2932,0.5618610978126526,0.6316507503410641,1785295779.2328548
0,2933,0.672347903251648,0.6316697920218206,1785295779.31514
0,2934,0.7371727228164673,0.6316462167689162,1785295779.397909
0,2935,0.7218735814094543,0.631686541737649,1785295779.4810224
0,2936,0.6470773220062256,0.6317481267029973,1785295779.558514
0,2937,0.60561603307724,0.6317883895131086,1785295779.638288
0,2938,0.5585398077964783,0.6317860789652825,1785295779.7190866
0,2939,0.4813242256641388,0.6318263014630827,1785295779.799899
0,2940,0.6810743808746338,0.6318027210884354,1785295779.8775666
0,2941,1.3718104362487793,0.631821659299558,1785295779.9595654
0,2942,0.5012633800506592,0.6318405846363019,1785295780.0379574
0,2943,0.5211635828018188,0.6318807339449541,1785295780.121148
0,2944,0.6354337334632874,0.6319633152173914,1785295780.199311
0,2945,1.093024730682373,0.6319397283531409,1785295780.282706
0,2946,0.9373145699501038,0.6319161575016972,1785295780.3657525
0,2947,1.0003304481506348,0.631956226671191,1785295780.4431436
0,2948,0.3444485068321228,0.6320174694708277,1785295780.5208662
0,2949,0.6911762952804565,0.6319727026110546,1785295780.6029506
0,2950,0.631110668182373,0.6319067796610169,1785295780.68098
0,2951,0.5767555832862854,0.631925618434429,1785295780.7625263
0,2952,0.8416787385940552,0.6319021002710027,1785295780.8402004
0,2953,0.45444604754447937,0.6319209278699628,1785295780.920481
0,2954,0.5851285457611084,0.6319185849695328,1785295780.9992433
0,2955,0.6141760349273682,0.6318950930626057,1785295781.077601
0,2956,0.7191169857978821,0.6318927604871448,1785295781.1566167
0,2957,0.5712760090827942,0.6318270206290159,1785295781.2391014
0,2958,0.790604829788208,0.6318247126436781,1785295781.3213835
0,2959,0.6455017924308777,0.6318012842176411,1785295781.403438
0,2960,0.7628616094589233,0.6318201013513514,1785295781.4820914
0,2961,0.8138430714607239,0.631838905775076,1785295781.5599167
0,2962,0.6807414293289185,0.6318365968939905,1785295781.637831
0,2963,0.750700831413269,0.6318764765440432,1785295781.716687
0,2964,0.5269197225570679,0.6318952429149798,1785295781.7950761
0,2965,0.5553840398788452,0.6319139966273187,1785295781.8735268
0,2966,0.528725802898407,0.6319748819959542,1785295781.950944
0,2967,0.7821448445320129,0.6319725311762723,1785295782.0341613
0,2968,0.5793599486351013,0.6319701819407008,1785295782.1134436
0,2969,0.6701186895370483,0.6319678342876389,1785295782.1919456
0,2970,0.43206971883773804,0.6320075757575757,1785295782.2743776
0,2971,0.8013316988945007,0.6320262537866038,1785295782.3520381
0,2972,0.5971048474311829,0.6320238896366084,1785295782.434283
0,2973,0.7302746176719666,0.6320845946855028,1785295782.511572
0,2974,0.5374634265899658,0.6321242434431742,1785295782.5892184
0,2975,0.4351139962673187,0.6321218487394958,1785295782.6690958
0,2976,0.6352648138999939,0.6320984543010753,1785295782.7465072
0,2977,0.8022720813751221,0.6321170641585488,1785295782.8296962
0,2978,0.7331481575965881,0.6321356615177972,1785295782.9084504
0,2979,0.6620125770568848,0.6321962067807989,1785295782.9915683
0,2980,0.9222285747528076,0.6321098993288591,1785295783.0691543
0,2981,0.3568108081817627,0.632170412613217,1785295783.1522784
0,2982,0.641393780708313,0.6321470489604293,1785295783.2305713
0,2983,0.8193711638450623,0.6321446530338586,1785295783.3084285
0,2984,0.5680039525032043,0.6321841487935657,1785295783.385646
0,2985,0.474824458360672,0.6321608040201006,1785295783.468521
0,2986,0.45311880111694336,0.6322421299397187,1785295783.5473304
0,2987,0.7378304600715637,0.6322397053900234,1785295783.6337118
0,2988,0.645751953125,0.6322163654618473,1785295783.7143428
0,2989,0.96345454454422,0.6322348611575778,1785295783.7963312
0,2990,0.37679141759872437,0.6322951505016723,1785295783.8776078
0,2991,0.6068812012672424,0.6322091273821464,1785295783.9583242
0,2992,0.7869287729263306,0.6321231617647058,1785295784.0444539
0,2993,0.6510586738586426,0.6321207818242566,1785295784.1294804
0,2994,0.7598231434822083,0.6321601536406145,1785295784.2150178
0,2995,0.5982972383499146,0.6321160267111853,1785295784.2948015
0,2996,0.7429741024971008,0.6321136515353805,1785295784.3734329
0,2997,0.5696710348129272,0.6321321321321322,1785295784.4520895
0,2998,0.5717102885246277,0.6321297531687792,1785295784.5323267
0,2999,0.6323889493942261,0.6321273757919307,1785295784.6106539
0,3000,0.5558081269264221,0.6321875,1785295784.690434
0,3001,0.6417774558067322,0.6321642785738087,1785295784.769038
0,3002,0.4070991277694702,0.6322243504330446,1785295784.8466783
0,3003,0.4530720114707947,0.6322635697635698,1785295784.9283993
0,3004,0.5062974691390991,0.6322403462050599,1785295785.0055766
0,3005,0.9478192925453186,0.6322379367720465,1785295785.0877504
0,3006,0.6191651821136475,0.6322771124417831,1785295785.1654084
0,3007,0.8439763784408569,0.6322539075490522,1785295785.243461
0,3008,0.8878946900367737,0.6322307180851063,1785295785.323609
0,3009,0.2614501118659973,0.632332170156198,1785295785.40519
0,3010,0.5138329863548279,0.6323920265780731,1785295785.482468
0,3011,0.6812669634819031,0.6323480571238791,1785295785.5613763
0,3012,0.5595086216926575,0.6323456175298805,1785295785.6394796
0,3013,0.6928271651268005,0.632426153335546,1785295785.721194
0,3014,0.622900128364563,0.6324651625746516,1785295785.7985263
0,3015,0.7041366100311279,0.6324004975124378,1785295785.8763914
0,3016,0.5520667433738708,0.632335875331565,1785295785.9544857
0,3017,0.5737339854240417,0.6322712959893935,1785295786.0346675
0,3018,0.8143806457519531,0.6322274685222001,1785295786.1126823
0,3019,0.7335959672927856,0.6322250745279894,1785295786.191022
0,3020,0.4985017776489258,0.6322847682119205,1785295786.2725546
0,3021,0.4740438163280487,0.6323237338629593,1785295786.357503
0,3022,0.5181614756584167,0.6323213103904699,1785295786.4445732
0,3023,0.6289325952529907,0.632256864042342,1785295786.5287952
0,3024,0.46517810225486755,0.6322544642857143,1785295786.6115263
0,3025,0.6610972285270691,0.6322520661157025,1785295786.6946414
0,3026,0.4882742166519165,0.6321877065432915,1785295786.7811964
0,3027,0.7529042959213257,0.632185332011893,1785295786.8657677
0,3028,0.5302771329879761,0.6322035997357992,1785295786.9490988
0,3029,0.7382497787475586,0.6321805876526907,1785295787.0301652
0,3030,0.5876892805099487,0.632157590759076,1785295787.110578
0,3031,0.6223269701004028,0.6321552292972616,1785295787.1962812
0,3032,0.8130753636360168,0.6322353232189973,1785295787.279237
0,3033,0.6340628266334534,0.63223293768546,1785295787.3613906
0,3034,0.852361798286438,0.6322717534607778,1785295787.4456677
0,3035,0.7185933589935303,0.6322693574958814,1785295787.5259223
0,3036,0.5584161281585693,0.6323493083003953,1785295787.60891
0,3037,0.7354874014854431,0.6324292064537372,1785295787.689473
0,3038,0.6681228876113892,0.6324267610269915,1785295787.7771676
0,3039,0.6000188589096069,0.6324037512339585,1785295787.858462
0,3040,0.4654970169067383,0.632421875,1785295787.9447708
0,3041,0.9126529097557068,0.6324194343965801,1785295788.0260818
0,3042,0.4519064426422119,0.6324786324786325,1785295788.10667
0,3043,0.48309430480003357,0.6324967137693066,1785295788.1923006
0,3044,0.46160271763801575,0.6325353153745072,1785295788.2740638
0,3045,0.6260422468185425,0.6325738916256157,1785295788.355885
0,3046,0.4061688780784607,0.632653479973736,1785295788.4410536
0,3047,0.530837893486023,0.6326714801444043,1785295788.5244944
0,3048,0.6199332475662231,0.632689468503937,1785295788.6104288
0,3049,0.5503560304641724,0.6327279435880616,1785295788.692492
0,3050,0.5479526519775391,0.6328073770491803,1785295788.7746556
0,3051,0.6940880417823792,0.6328048180924287,1785295788.8590264
0,3052,0.4640556573867798,0.6328636959370905,1785295788.9393096
0,3053,0.49571001529693604,0.6328815918768425,1785295789.0207565
0,3054,0.8219285011291504,0.6327766863130321,1785295789.1063209
0,3055,0.6571979522705078,0.6327945990180033,1785295789.1889262
0,3056,0.6368043422698975,0.6328738547120419,1785295789.2715142
0,3057,0.5170146226882935,0.6329121687929342,1785295789.3541682
0,3058,0.6705999374389648,0.6329504578155657,1785295789.4364185
0,3059,0.6369073390960693,0.6329274272638117,1785295789.522603
0,3060,0.4162043631076813,0.6330065359477124,1785295789.6043189
0,3061,0.6267063021659851,0.6330447566154851,1785295789.685623
0,3062,0.50999915599823,0.6331237753102548,1785295789.769995
0,3063,0.8955355882644653,0.6331007182500816,1785295789.8518243
0,3064,0.5772562026977539,0.6330368798955613,1785295789.936911
0,3065,0.5796496272087097,0.6330750407830342,1785295790.0171306
0,3066,0.4789257049560547,0.6330724070450098,1785295790.1012516
0,3067,0.6008368134498596,0.6330493968046952,1785295790.1827455
0,3068,0.9023090600967407,0.633087516297262,1785295790.2652304
0,3069,0.8006805181503296,0.6331052460084718,1785295790.3476923
0,3070,0.600359320640564,0.63314332247557,1785295790.4282172
0,3071,0.7050026655197144,0.6332017258222078,1785295790.5112505
0,3072,0.7386400699615479,0.6331990559895834,1785295790.597881
0,3073,0.36937302350997925,0.6332777416205663,1785295790.680902
0,3074,0.4698411822319031,0.6333563760572544,1785295790.763424
0,3075,0.7845165133476257,0.6333739837398374,1785295790.8497925
0,3076,0.9575044512748718,0.6333509427828349,1785295790.9356756
0,3077,0.7076247334480286,0.6333888527786805,1785295791.0162485
0,3078,0.5339329242706299,0.6334267381416504,1785295791.096746
0,3079,0.5470214486122131,0.6334443000974342,1785295791.177846
0,3080,0.787172257900238,0.6334618506493507,1785295791.2613204
0,3081,0.6856775283813477,0.6335199610516066,1785295791.3421438
0,3082,0.8160531520843506,0.6335171966255678,1785295791.4229362
0,3083,0.9158222079277039,0.6334941615309764,1785295791.504547
0,3084,0.6931191086769104,0.6335116731517509,1785295791.5850062
0,3085,0.722074031829834,0.6335089141004863,1785295791.6659768
0,3086,0.5552451014518738,0.633546662346079,1785295791.748517
0,3087,0.6158331632614136,0.6335236475542598,1785295791.8298025
0,3088,0.43740445375442505,0.6335816062176166,1785295791.910024
0,3089,0.4194433391094208,0.6335990611848494,1785295791.9929175
0,3090,0.4181947708129883,0.6336367313915857,1785295792.0784247
0,3091,0.81699138879776,0.6336541572306696,1785295792.1596723
0,3092,0.589857280254364,0.6336513583441138,1785295792.2403116
0,3093,0.7722210884094238,0.633709182023925,1785295792.3213484
0,3094,0.5446555614471436,0.6337669683257918,1785295792.407395
0,3095,0.7135076522827148,0.6337843295638126,1785295792.4885013
0,3096,0.9381224513053894,0.633781492248062,1785295792.5690835
0,3097,0.8025425672531128,0.6337786567646109,1785295792.6499202
0,3098,0.8180955648422241,0.6338565203357005,1785295792.733001
0,3099,0.7452394962310791,0.6338334946757018,1785295792.8180504
0,3100,0.39977583289146423,0.6339314516129032,1785295792.8984737
0,3101,0.4053327441215515,0.6339487262173492,1785295792.9789755
0,3102,0.5112234950065613,0.6339861379754996,1785295793.0592172
0,3103,0.7156622409820557,0.6339228166290687,1785295793.1437607
0,3104,1.0129899978637695,0.6339199420103093,1785295793.2288256
0,3105,0.5758206844329834,0.6339170692431562,1785295793.3094213
0,3106,0.5554941892623901,0.6339343206696716,1785295793.3905628
0,3107,0.6940867304801941,0.6338912133891214,1785295793.4693785
0,3108,0.5295807719230652,0.6339084620334621,1785295793.5509155
0,3109,0.5531828999519348,0.6339256995818591,1785295793.630392
0,3110,0.5784453749656677,0.6339831189710611,1785295793.7077677
0,3111,0.5112860202789307,0.6340405014464803,1785295793.7913632
0,3112,0.5790242552757263,0.6339974293059126,1785295793.8696384
0,3113,0.5433613657951355,0.6340346932219724,1785295793.9475222
0,3114,0.4090554714202881,0.6340920038535646,1785295794.0252974
0,3115,0.701728105545044,0.6341091492776886,1785295794.1077065
0,3116,0.6025243401527405,0.6341062259306803,1785295794.1921868
0,3117,0.44793564081192017,0.6341233557908245,1785295794.270125
0,3118,0.6283388137817383,0.6341003848620911,1785295794.3486385
0,3119,0.6530123353004456,0.6341575825585123,1785295794.428828
0,3120,0.7996522188186646,0.6341546474358974,1785295794.5071929
0,3121,0.7141746282577515,0.6341517141941685,1785295794.588988
0,3122,0.7123055458068848,0.6341287636130686,1785295794.6668556
0,3123,0.5369714498519897,0.6341458533461415,1785295794.7485075
0,3124,0.559974193572998,0.6341429257362355,1785295794.8306992
0,3125,0.9825348854064941,0.63416,1785295794.9084547
0,3126,0.608701229095459,0.6342170505438259,1785295794.9885132
0,3127,0.7024901509284973,0.6342340901822834,1785295795.0697615
0,3128,0.7125928997993469,0.6342511189258312,1785295795.1523986
0,3129,0.6769112944602966,0.6342281879194631,1785295795.230369
0,3130,0.8517346978187561,0.6342452076677316,1785295795.3121936
0,3131,0.5508101582527161,0.6342422548706483,1785295795.3894556
0,3132,0.5823598504066467,0.6342393039591315,1785295795.4667652
0,3133,0.5848441123962402,0.6341565592084264,1785295795.5490444
0,3134,0.6826032996177673,0.6341735800893427,1785295795.6326835
0,3135,0.7555647492408752,0.6341507177033493,1785295795.7106824
0,3136,0.5330394506454468,0.6340880102040817,1785295795.7923794
0,3137,0.3675367534160614,0.6341448836467963,1785295795.8747692
0,3138,0.5627264976501465,0.634181803696622,1785295795.9526577
0,3139,0.5974419116973877,0.6341788786237655,1785295796.0319057
0,3140,0.7088290452957153,0.6341361464968153,1785295796.1138945
0,3141,0.4415433406829834,0.6342128303088188,1785295796.1959898
0,3142,0.6520083546638489,0.6342297899427116,1785295796.2756805
0,3143,0.3054848313331604,0.634326280623608,1785295796.35499
0,3144,0.6342083811759949,0.634343193384224,1785295796.436023
0,3145,0.6541613936424255,0.6343203497615262,1785295796.5169923
0,3146,0.8835744857788086,0.6343173871582962,1785295796.5995028
0,3147,0.5263881087303162,0.6343144264378774,1785295796.6835685
0,3148,0.30707892775535583,0.6343908831003812,1785295796.764718
0,3149,0.9307388663291931,0.6343879009209272,1785295796.8423655
0,3150,0.48998212814331055,0.634484126984127,1785295796.9207067
0,3151,0.6096656918525696,0.6345009520787052,1785295796.9985023
0,3152,0.7381510734558105,0.6344979378172588,1785295797.0785823
0,3153,0.35794657468795776,0.6345543926419284,1785295797.1557758
0,3154,0.5696190595626831,0.6345711794546608,1785295797.2376118
0,3155,0.6005593538284302,0.6345879556259905,1785295797.3199203
0,3156,0.6103082895278931,0.6345651140684411,1785295797.3989415
0,3157,0.7281497120857239,0.6345422869813113,1785295797.4766498
0,3158,0.5228090882301331,0.6346184293856871,1785295797.5538023
0,3159,0.6740589737892151,0.6345955998733777,1785295797.631589
0,3160,0.5426144599914551,0.6346716772151899,1785295797.7111614
0,3161,0.8962892293930054,0.6346686175260994,1785295797.7919319
0,3162,1.0987493991851807,0.6346062618595826,1785295797.869369
0,3163,0.6050012707710266,0.6345637053430287,1785295797.9513814
0,3164,0.45709463953971863,0.6345606826801518,1785295798.0329409
0,3165,0.5389147996902466,0.6346563981042654,1785295798.1104069
0,3166,0.8981793522834778,0.6347125710675932,1785295798.1930408
0,3167,0.7868555784225464,0.6347292390274708,1785295798.2712035
0,3168,0.6368475556373596,0.6347853535353535,1785295798.3490353
0,3169,0.6878533363342285,0.6348019880088356,1785295798.42879
0,3170,0.6646365523338318,0.6348580441640379,1785295798.5117195
0,3171,0.5106531977653503,0.6348549353516241,1785295798.5889106
0,3172,0.7340867519378662,0.6347927175283733,1785295798.666846
0,3173,0.5322904586791992,0.6348290261582099,1785295798.745976
0,3174,0.5383309125900269,0.6347865469439193,1785295798.8275843
0,3175,0.6690906286239624,0.6347834645669291,1785295798.9059687
0,3176,0.6073681116104126,0.6347607052896725,1785295798.9835072
0,3177,0.6336138248443604,0.6347773056342462,1785295799.0664766
0,3178,0.6583822965621948,0.6347348961611076,1785295799.1483169
0,3179,0.5673319101333618,0.6347121736395093,1785295799.225519
0,3180,0.6733490824699402,0.6347287735849056,1785295799.302784
0,3181,0.3676174283027649,0.6348043068217541,1785295799.3841023
0,3182,0.4311845302581787,0.6348208673790069,1785295799.464147
0,3183,0.7275078892707825,0.6348570530945649,1785295799.5436015
0,3184,0.5816569328308105,0.6348735866834171,1785295799.6208208
0,3185,0.7426908016204834,0.6348901098901099,1785295799.7011456
0,3186,0.4712746739387512,0.634945856873823,1785295799.77862
0,3187,1.0142518281936646,0.6349427361154691,1785295799.8566978
0,3188,0.6048593521118164,0.6349984316185696,1785295799.9339385
0,3189,0.6998822093009949,0.634956099090624,1785295800.015948
0,3190,0.4816477596759796,0.6349725705329153,1785295800.093149
0,3191,0.886088490486145,0.6349890316515199,1785295800.1710873
0,3192,0.7460789680480957,0.6350642230576441,1785295800.2492611
0,3193,0.6460193395614624,0.6350806451612904,1785295800.3306031
0,3194,0.5143596529960632,0.635038353162179,1785295800.4122188
0,3195,0.5439897179603577,0.635093896713615,1785295800.4936495
0,3196,0.6875593066215515,0.6350516270337923,1785295800.5736315
0,3197,0.4804683327674866,0.6350484829527682,1785295800.6524508
0,3198,0.6893219947814941,0.63510397123202,1785295800.7327173
0,3199,0.9775973558425903,0.6351203501094091,1785295800.8153327
0,3200,0.5609617233276367,0.63515625,1785295800.8970673
0,3201,0.7712790966033936,0.6351530771633864,1785295800.9745977
0,3202,0.8467913269996643,0.6351694253591506,1785295801.0554967
0,3203,0.6907023787498474,0.6352247892600686,1785295801.136873
0,3204,0.7917686700820923,0.6352411048689138,1785295801.2174733
0,3205,0.4495140016078949,0.6352964118564742,1785295801.2993386
0,3206,0.412861168384552,0.6353321896444167,1785295801.3809042
0,3207,0.5519301295280457,0.6353289678827565,1785295801.4579391
0,3208,0.6449263095855713,0.6353062655860349,1785295801.53521
0,3209,0.47121530771255493,0.6352835774384543,1785295801.617115
0,3210,0.6099218130111694,0.6352803738317757,1785295801.6947207
0,3211,0.6939937472343445,0.6353161009031454,1785295801.7756293
0,3212,0.6723641753196716,0.6353323474470735,1785295801.85721
0,3213,0.539273202419281,0.6353874883286648,1785295801.9344807
0,3214,0.5991275310516357,0.6354037025513379,1785295802.0166986
0,3215,0.4591628611087799,0.6354199066874028,1785295802.0942407
0,3216,0.7131454944610596,0.6354361007462687,1785295802.1766717
0,3217,0.7973848581314087,0.6353940006216973,1785295802.2578964
0,3218,0.6649571061134338,0.6354101926662523,1785295802.335482
0,3219,0.5334983468055725,0.6354263746505125,1785295802.4164577
0,3220,0.5185074806213379,0.6354231366459627,1785295802.494328
0,3221,0.5203133821487427,0.6354781123874573,1785295802.5764408
0,3222,0.7896954417228699,0.6354360645561763,1785295802.6573894
0,3223,0.7350136637687683,0.6354716103009619,1785295802.734918
0,3224,0.7705869078636169,0.6355071339950372,1785295802.81267
0,3225,0.6327985525131226,0.6355232558139535,1785295802.896608
0,3226,1.0161795616149902,0.6355006199628023,1785295802.979553
0,3227,0.6592172980308533,0.6355748373101953,1785295803.0570846
0,3228,0.6207347512245178,0.6355521995043371,1785295803.135647
0,3229,0.3896999955177307,0.6356263549086405,1785295803.2151198
0,3230,0.46575024724006653,0.6356811145510836,1785295803.292955
0,3231,0.8787873983383179,0.6357164964407305,1785295803.3767586
0,3232,0.5651596784591675,0.6357325185643564,1785295803.458942
0,3233,0.634375810623169,0.6356518713269409,1785295803.541797
0,3234,0.5950803160667419,0.6355905998763142,1785295803.6219966
0,3235,0.4861565828323364,0.6356259659969088,1785295803.6994245
0,3236,0.7344674468040466,0.6355647404202719,1785295803.7795565
0,3237,0.6678993701934814,0.6356000926784059,1785295803.8572414
0,3238,0.7519159317016602,0.6355968190240889,1785295803.9375603
0,3239,0.5919839143753052,0.6356321395492436,1785295804.016536
0,3240,0.8645905256271362,0.6356288580246914,1785295804.0945923
0,3241,0.7903075218200684,0.6356062943535946,1785295804.176859
0,3242,0.4782165586948395,0.6356608574953733,1785295804.2542684
0,3243,0.8275880813598633,0.6356382978723404,1785295804.3321354
0,3244,0.8257349729537964,0.6356350184956844,1785295804.4106364
0,3245,0.6877973079681396,0.635593220338983,1785295804.4885788
0,3246,0.8813507556915283,0.6355899568699939,1785295804.5674431
0,3247,0.6685546040534973,0.6355866954111488,1785295804.6484332
0,3248,0.6057534217834473,0.6356026785714286,1785295804.731082
0,3249,0.5110572576522827,0.6356186518928901,1785295804.8082638
0,3250,0.6169881820678711,0.6355192307692308,1785295804.8880692
0,3251,0.7615389227867126,0.6354775453706552,1785295804.9656727
0,3252,0.6760373115539551,0.6354358856088561,1785295805.0468955
0,3253,0.7954631447792053,0.6353942514601906,1785295805.1290097
0,3254,0.3188217282295227,0.6354486785494776,1785295805.2082095
0,3255,0.5892317295074463,0.6354646697388633,1785295805.2890806
0,3256,0.6513793468475342,0.6354422604422605,1785295805.3707685
0,3257,0.8938637375831604,0.6354582437826221,1785295805.4489684
0,3258,0.5421900749206543,0.6354550337630448,1785295805.5264406
0,3259,0.3877677321434021,0.635490181037128,1785295805.6055048
0,3260,0.7070572972297668,0.6354677914110429,1785295805.6873293
0,3261,0.48902928829193115,0.635541245016866,1785295805.7634087
0,3262,0.6110025644302368,0.6355188534641324,1785295805.8507893
0,3263,0.25363773107528687,0.6355922463990193,1785295805.9333785
0,3264,0.3305463492870331,0.6356464460784313,1785295806.0170453
0,3265,0.4701542854309082,0.6357197549770292,1785295806.0957649
0,3266,0.6469008326530457,0.6357356093080221,1785295806.1777785
0,3267,0.7938674688339233,0.6356940618304254,1785295806.2560992
0,3268,0.5609791278839111,0.6356907894736842,1785295806.3336744
0,3269,0.8112929463386536,0.6356684001223616,1785295806.4160922
0,3270,0.6683868169784546,0.6357033639143731,1785295806.4969227
0,3271,0.5149976015090942,0.6357383063283399,1785295806.574629
0,3272,0.8892621994018555,0.6357350244498777,1785295806.6570153
0,3273,0.6336707472801208,0.6357699358386801,1785295806.7384276
0,3274,0.5612253546714783,0.635766646304215,1785295806.8165634
0,3275,0.6173030138015747,0.6357824427480916,1785295806.898107
0,3276,0.6972634792327881,0.6357791514041514,1785295806.9757943
0,3277,0.8044082522392273,0.6357949343912115,1785295807.0546503
0,3278,0.8983873128890991,0.635829774252593,1785295807.1327777
0,3279,0.5510419607162476,0.6358074107959744,1785295807.2151504
0,3280,0.3692157566547394,0.6358612804878049,1785295807.296759
0,3281,0.5786733627319336,0.6359151173422737,1785295807.3740523
0,3282,0.7794339656829834,0.6359689213893968,1785295807.457161
0,3283,0.5049248933792114,0.6359846177276881,1785295807.5348177
0,3284,0.8309624791145325,0.6360193361753959,1785295807.616813
0,3285,0.6469652056694031,0.6360159817351598,1785295807.6986527
0,3286,0.5284225940704346,0.6359745891661595,1785295807.7763097
0,3287,0.6637510657310486,0.635971250380286,1785295807.8540199
0,3288,0.5714011192321777,0.6359869221411192,1785295807.9324613
0,3289,0.5762937068939209,0.6359645788993615,1785295808.011588
0,3290,0.48336026072502136,0.6359992401215806,1785295808.0888247
0,3291,0.6637767553329468,0.6360338802795503,1785295808.1697032
0,3292,0.6811405420303345,0.6360874848116647,1785295808.246791
0,3293,0.43547287583351135,0.636122077133313,1785295808.3239524
0,3294,0.6528873443603516,0.6361566484517304,1785295808.406867
0,3295,0.6552871465682983,0.6361722306525038,1785295808.487013
0,3296,0.6976220607757568,0.636206765776699,1785295808.5686977
0,3297,0.6780756711959839,0.6362602365787079,1785295808.652647
0,3298,0.645706295967102,0.6361810187992722,1785295808.7353532
0,3299,0.653197705745697,0.6361586844498333,1785295808.8133748
0,3300,0.6897096037864685,0.6362310606060606,1785295808.8911593
0,3301,0.5429201126098633,0.6362655255983035,1785295808.9690511
0,3302,0.5011067986488342,0.6362999697153241,1785295809.0513175
0,3303,1.033300518989563,0.6363343929760823,1785295809.1297836
0,3304,0.5200512409210205,0.6363687953995157,1785295809.2103655
0,3305,1.03712797164917,0.6364220877458396,1785295809.2886474
0,3306,0.6695894598960876,0.6364375378100423,1785295809.3708036
0,3307,0.46121275424957275,0.6364529785303901,1785295809.4502895
0,3308,0.6858679056167603,0.6364495163240629,1785295809.5277991
0,3309,0.529727578163147,0.6365027198549411,1785295809.6054409
0,3310,0.7003481388092041,0.6365181268882175,1785295809.6827776
0,3311,0.5447646379470825,0.6364768951978255,1785295809.765188
0,3312,0.6483368277549744,0.6364168176328503,1785295809.846163
0,3313,0.7131733298301697,0.6363945064895865,1785295809.9236784
0,3314,0.7015678882598877,0.6363910681955341,1785295810.001552
0,3315,0.65477454662323,0.6363310708898944,1785295810.0841534
0,3316,0.5302696228027344,0.6363653498190591,1785295810.1631584
0,3317,0.7894954681396484,0.6363430810973771,1785295810.2444494
0,3318,0.665374755859375,0.6363584990958409,1785295810.3266783
0,3319,0.6250396966934204,0.63639273877674,1785295810.405283
0,3320,0.5648432970046997,0.6363704819277108,1785295810.4879127
0,3321,0.6475524306297302,0.6363670581150256,1785295810.569228
0,3322,0.6294968128204346,0.6363636363636364,1785295810.6467154
0,3323,0.7243168950080872,0.6363226000601866,1785295810.7244363
0,3324,1.1317503452301025,0.6363191937424789,1785295810.8024118
0,3325,0.4346148669719696,0.6363909774436091,1785295810.8832536
0,3326,0.562865674495697,0.6364251352976549,1785295810.9659626
0,3327,0.641548216342926,0.6364404869251578,1785295811.043649
0,3328,0.7576040029525757,0.636474609375,1785295811.1247234
0,3329,0.683316707611084,0.6364899369179934,1785295811.2047577
0,3330,0.6323049664497375,0.6364864864864865,1785295811.28584
0,3331,0.5864342451095581,0.6365205643950765,1785295811.3685482
0,3332,0.854138970375061,0.6365171068427371,1785295811.4458704
0,3333,1.2432105541229248,0.6365136513651365,1785295811.5234206
0,3334,0.5979601144790649,0.6365664367126574,1785295811.6057515
0,3335,0.41333386301994324,0.6366004497751124,1785295811.6827216
0,3336,0.5952625870704651,0.6365969724220624,1785295811.7644308
0,3337,0.4855653941631317,0.6366122265507941,1785295811.8418276
0,3338,0.7534869909286499,0.6366461953265429,1785295811.922244
0,3339,0.5602710247039795,0.6366052710392333,1785295812.0001016
0,3340,0.5021605491638184,0.6366392215568862,1785295812.077906
0,3341,0.5898342728614807,0.6366357378030529,1785295812.1550398
0,3342,0.7837180495262146,0.6365948533812088,1785295812.2328458
0,3343,0.980502188205719,0.6366100807657792,1785295812.3107119
0,3344,0.7805503010749817,0.6365879186602871,1785295812.393635
0,3345,0.5097609758377075,0.6365844544095666,1785295812.470986
0,3346,0.5923581719398499,0.6365623132098027,1785295812.5486083
0,3347,0.43157756328582764,0.6366148789961159,1785295812.62846
0,3348,0.5974614024162292,0.6366300776583035,1785295812.7060862
0,3349,0.6364498138427734,0.6367012541057032,1785295812.7825012
0,3350,0.7497934699058533,0.6366791044776119,1785295812.863779
0,3351,0.6245167851448059,0.6367315726648761,1785295812.9444337
0,3352,0.5293446779251099,0.6367094272076372,1785295813.0218754
0,3353,0.7915371656417847,0.6367432150313153,1785295813.0996685
0,3354,0.7395366430282593,0.6367210793082886,1785295813.1769564
0,3355,0.7453255653381348,0.6366803278688524,1785295813.2591622
0,3356,0.500252902507782,0.6367327175208581,1785295813.3366418
0,3357,0.8807777762413025,0.6367850759606791,1785295813.4184413
0,3358,0.6237078905105591,0.6368001786777844,1785295813.4999468
0,3359,0.5418732166290283,0.6368338791306937,1785295813.577402
0,3360,0.8365278244018555,0.6368117559523809,1785295813.6552143
0,3361,0.48809942603111267,0.6368640285629277,1785295813.736582
0,3362,0.47796568274497986,0.6368790898274836,1785295813.8157685
0,3363,0.6018366813659668,0.6368755575379126,1785295813.8981395
0,3364,0.6331579685211182,0.6369277645659929,1785295813.9797091
0,3365,1.0365605354309082,0.6369799405646359,1785295814.0572207
0,3366,0.4640376567840576,0.6370320855614974,1785295814.1354744
0,3367,0.44477033615112305,0.6370841995841996,1785295814.2184198
0,3368,0.5095717310905457,0.6370991686460807,1785295814.2996392
0,3369,0.5828627943992615,0.6371326803205699,1785295814.3769267
0,3370,0.9052916765213013,0.6371661721068249,1785295814.4601617
0,3371,0.5638875961303711,0.6371625630376743,1785295814.538161
0,3372,0.5759621858596802,0.6371589561091341,1785295814.6189165
0,3373,0.6169519424438477,0.6371368218203379,1785295814.7007673
0,3374,0.6071790456771851,0.6371517486662714,1785295814.7779517
0,3375,0.6231957674026489,0.6372037037037037,1785295814.8548315
0,3376,0.7092649936676025,0.6372000888625592,1785295814.932513
0,3377,0.593640923500061,0.6372334912644358,1785295815.0108364
0,3378,0.5329840183258057,0.6372483718176436,1785295815.0931642
0,3379,0.6953346729278564,0.6372447469665582,1785295815.17568
0,3380,0.4811714291572571,0.6372596153846154,1785295815.2574804
0,3381,0.5569330453872681,0.6372744750073943,1785295815.3345895
0,3382,0.44242575764656067,0.6373078060319338,1785295815.4141445
0,3383,0.7507369518280029,0.6373226426248891,1785295815.4960225
0,3384,0.5268552303314209,0.6373559397163121,1785295815.5740516
0,3385,0.898396372795105,0.6374076809453472,1785295815.6515133
0,3386,0.657967209815979,0.6373855581807443,1785295815.7338595
0,3387,0.6605615019798279,0.6373819013876587,1785295815.8115535
0,3388,0.47409310936927795,0.637396694214876,1785295815.8951967
0,3389,0.9877517223358154,0.6374114783121865,1785295815.9727764
0,3390,0.6220510601997375,0.6373709439528024,1785295816.0502415
0,3391,0.686917245388031,0.6373857269242111,1785295816.1316135
0,3392,0.4898719787597656,0.6373820754716981,1785295816.2088668
0,3393,0.5492134094238281,0.6373784261715296,1785295816.2906964
0,3394,0.6118434071540833,0.6373747790218032,1785295816.3744023
0,3395,0.6097098588943481,0.6373711340206185,1785295816.4552176
0,3396,0.9651007652282715,0.6374042991755006,1785295816.5321047
0,3397,0.7306772470474243,0.6374190462172505,1785295816.6098373
0,3398,0.639857828617096,0.6374153914067098,1785295816.688434
0,3399,0.6659784317016602,0.6373749632244778,1785295816.7666817
0,3400,0.6650971174240112,0.6374080882352942,1785295816.844678
0,3401,0.46155181527137756,0.6374044398706263,1785295816.927891
0,3402,0.7773087024688721,0.6374926513815403,1785295817.0052636
0,3403,0.672031044960022,0.6375257126065237,1785295817.0836864
0,3404,0.6589627861976624,0.6375220329024677,1785295817.1628952
0,3405,0.4799211025238037,0.6375367107195301,1785295817.241776
0,3406,0.4896450340747833,0.6375330299471521,1785295817.3227556
0,3407,0.560242772102356,0.6375476959201644,1785295817.4051917
0,3408,0.5816036462783813,0.637562353286385,1785295817.4843383
0,3409,0.5542682409286499,0.6375770020533881,1785295817.562201
0,3410,0.5898215770721436,0.637591642228739,1785295817.6409307
0,3411,0.6843900084495544,0.6375696276751686,1785295817.7225215
0,3412,0.41891875863075256,0.6376025791324736,1785295817.8054051
0,3413,0.5315473079681396,0.6376538236155874,1785295817.883494
0,3414,0.7119057774543762,0.6376501171646163,1785295817.9624155
0,3415,0.4624900817871094,0.6376830161054172,1785295818.0442827
0,3416,0.7731424570083618,0.6376793032786885,1785295818.1274726
0,3417,0.6767279505729675,0.6376755926251098,1785295818.2046921
0,3418,0.6760643720626831,0.6376718841427735,1785295818.284647
0,3419,0.46766138076782227,0.6376864580286633,1785295818.3666923
0,3420,0.6368207931518555,0.6377010233918129,1785295818.4447167
0,3421,0.6251712441444397,0.6377886582870506,1785295818.5223992
0,3422,0.4743472933769226,0.6378397136177674,1785295818.599873
0,3423,0.6638885736465454,0.637890739117733,1785295818.6850278
0,3424,0.8384852409362793,0.6379417348130841,1785295818.7721553
0,3425,0.7226688861846924,0.6379379562043795,1785295818.853752
0,3426,0.5843144059181213,0.637952422650321,1785295818.934725
0,3427,0.616221010684967,0.638003355704698,1785295819.0178263
0,3428,0.5886424779891968,0.6380360268378062,1785295819.0956373
0,3429,0.8094233274459839,0.63805045202683,1785295819.1738942
0,3430,0.4441847801208496,0.6380830903790088,1785295819.2539077
0,3431,0.7397686243057251,0.6381157097056251,1785295819.3383374
0,3432,0.635197103023529,0.6381483100233101,1785295819.422204
0,3433,0.6848180294036865,0.6381444800466065,1785295819.500294
0,3434,0.5467098951339722,0.6381770529994176,1785295819.5786207
0,3435,0.6676796674728394,0.6381550218340611,1785295819.6614308
0,3436,0.47996392846107483,0.6381511932479628,1785295819.7410972
0,3437,0.6434658765792847,0.6381655513529241,1785295819.8184078
0,3438,0.7731205224990845,0.6381799011052938,1785295819.9019172
0,3439,0.4413149058818817,0.6381760686246002,1785295819.9793978
0,3440,0.5171871781349182,0.6382085755813953,1785295820.0613453
0,3441,0.5214552879333496,0.6382410636442895,1785295820.138621
0,3442,0.5604321956634521,0.6382553747821035,1785295820.2205684
0,3443,0.3569351136684418,0.6383241359279698,1785295820.3048482
0,3444,0.7860586643218994,0.6383747096399536,1785295820.3864422
0,3445,0.40081146359443665,0.6384252539912917,1785295820.4677866
0,3446,0.5313652753829956,0.6384213580963436,1785295820.5465994
0,3447,0.6516501903533936,0.6384174644618509,1785295820.6285634
0,3448,0.44111815094947815,0.6383773201856149,1785295820.712129
0,3449,0.6601158380508423,0.638391562771818,1785295820.7898476
0,3450,0.7965726256370544,0.6383514492753624,1785295820.8682287
0,3451,0.675615668296814,0.6383475804114749,1785295820.9461236
0,3452,0.6153265833854675,0.6383256083429896,1785295821.0247066
0,3453,0.8316407203674316,0.6383579496090356,1785295821.1068552
0,3454,0.5492245554924011,0.638390272148234,1785295821.1847148
0,3455,0.559765636920929,0.638404486251809,1785295821.2675877
0,3456,0.6395456194877625,0.6384729456018519,1785295821.3491998
0,3457,0.6276278495788574,0.6384690483077813,1785295821.4325185
0,3458,0.4390363395214081,0.6384651532677849,1785295821.5104573
0,3459,0.8037253022193909,0.6384431916738942,1785295821.5933237
0,3460,0.5667970180511475,0.6384031791907514,1785295821.6766784
0,3461,0.49694281816482544,0.6384173649234325,1785295821.7549143
0,3462,0.46696972846984863,0.638413489312536,1785295821.836319
0,3463,0.6487311124801636,0.6384457118105689,1785295821.916655
0,3464,0.673839807510376,0.6384598729792148,1785295821.9989808
0,3465,0.5041555166244507,0.6384559884559885,1785295822.0759985
0,3466,0.6396790742874146,0.6384340738603578,1785295822.1590052
0,3467,0.5006358623504639,0.6383761176809922,1785295822.240899
0,3468,0.44935011863708496,0.6384083044982699,1785295822.3184643
0,3469,0.7641270160675049,0.6384044393196887,1785295822.4015253
0,3470,1.0301729440689087,0.6384546109510086,1785295822.4826527
0,3471,0.4663984179496765,0.6384687409968309,1785295822.564578
0,3472,0.553214967250824,0.6384828629032258,1785295822.6445825
0,3473,0.6957556009292603,0.6385329686150303,1785295822.7218294
0,3474,0.703044056892395,0.6385470639032815,1785295822.8000364
0,3475,0.6982706785202026,0.638615107913669,1785295822.8811269
0,3476,0.6112227439880371,0.6386291714614499,1785295822.9583745
0,3477,0.8231199979782104,0.6386252516537245,1785295823.0359461
0,3478,0.6810344457626343,0.6386393041978148,1785295823.1138368
0,3479,0.5487563014030457,0.6386533486634091,1785295823.1958199
0,3480,0.6417050361633301,0.6387212643678161,1785295823.2785764
0,3481,0.5148865580558777,0.6387352772191899,1785295823.3566964
0,3482,0.44389379024505615,0.6387672314761631,1785295823.4408178
0,3483,0.6980624198913574,0.6388171116853287,1785295823.522675
0,3484,0.6889437437057495,0.6388131458094145,1785295823.6011617
0,3485,0.5165534615516663,0.6387733142037303,1785295823.681165
0,3486,0.7090879678726196,0.6387155765920827,1785295823.7631593
0,3487,0.9665659070014954,0.6387295669630054,1785295823.8443978
0,3488,0.464680552482605,0.6387435493119266,1785295823.9296482
0,3489,0.6609801054000854,0.6387216967612497,1785295824.0102258
0,3490,1.071422815322876,0.6386819484240688,1785295824.0923214
0,3491,0.4684651494026184,0.6387496419364079,1785295824.1696136
0,3492,0.4991574287414551,0.6387636025200458,1785295824.2477696
0,3493,0.5433875918388367,0.6387417692527912,1785295824.3257484
0,3494,0.6996093392372131,0.6387736119061248,1785295824.4039795
0,3495,0.5862213969230652,0.6387696709585121,1785295824.4811769
0,3496,0.7080941200256348,0.6387478546910755,1785295824.5591319
0,3497,0.529486894607544,0.6387439233628824,1785295824.6397188
0,3498,0.562944769859314,0.6387935963407662,1785295824.7213979
0,3499,0.47139930725097656,0.6387896541869106,1785295824.7987163
0,3500,0.9838733673095703,0.6388035714285715,1785295824.8794982
0,3501,1.3313875198364258,0.6388531848043416,1785295824.9590008
0,3502,0.7192930579185486,0.6387778412335808,1785295825.0390122
0,3503,1.0238323211669922,0.6387739080787896,1785295825.1207645
0,3504,0.5287142992019653,0.6388234874429224,1785295825.202098
0,3505,0.4800446927547455,0.6388017118402283,1785295825.2793438
0,3506,0.6609322428703308,0.6388512549914432,1785295825.3596332
0,3507,0.7729121446609497,0.6388473053892215,1785295825.4388666
0,3508,0.6734680533409119,0.6388789908779932,1785295825.5216837
0,3509,0.8122100830078125,0.6388928469649473,1785295825.5995443
0,3510,0.6465555429458618,0.6389066951566952,1785295825.6779017
0,3511,0.8180794715881348,0.6388849330675022,1785295825.7577398
0,3512,0.7587850689888,0.6388987756264237,1785295825.8361871
0,3513,0.4732108414173126,0.6389304013663536,1785295825.9188592
0,3514,0.42984575033187866,0.6389797951052931,1785295826.0012639
0,3515,0.8183609247207642,0.6389935988620199,1785295826.079258
0,3516,0.7047362923622131,0.6390251706484642,1785295826.1578941
0,3517,0.7487515807151794,0.6390034119988627,1785295826.2400258
0,3518,0.6815563440322876,0.6389461341671404,1785295826.3179622
0,3519,0.641335129737854,0.6388888888888888,1785295826.400434
0,3520,0.5556839108467102,0.6388849431818182,1785295826.4814773
0,3521,0.5358151793479919,0.6388277477989207,1785295826.5597317
0,3522,0.737110435962677,0.6388060760931289,1785295826.6378021
0,3523,0.611682653427124,0.6388553789384047,1785295826.7208977
0,3524,0.6216402053833008,0.6388337116912599,1785295826.7990437
0,3525,0.567276656627655,0.6387765957446808,1785295826.8819814
0,3526,0.7009188532829285,0.6387549631310266,1785295826.963249
0,3527,0.5958732962608337,0.6387687836688404,1785295827.045421
0,3528,0.6050784587860107,0.6388003117913832,1785295827.1275558
0,3529,0.7902874946594238,0.6388141116463587,1785295827.205345
0,3530,0.7988629937171936,0.6388101983002833,1785295827.2869039
0,3531,0.5278152227401733,0.6388416879071085,1785295827.3644304
0,3532,0.6969310641288757,0.6388554643261608,1785295827.4466612
0,3533,0.6398332118988037,0.6388338522502123,1785295827.525167
0,3534,0.46923619508743286,0.6388299377475948,1785295827.6068807
0,3535,0.5216902494430542,0.6388083451202263,1785295827.6851726
0,3536,0.6264786720275879,0.6388044400452488,1785295827.7661464
0,3537,0.45079347491264343,0.6388182075204976,1785295827.8471491
0,3538,0.5278270840644836,0.6388496325607688,1785295827.929946
0,3539,0.4198066294193268,0.6388987001977959,1785295828.0077481
0,3540,0.5259777903556824,0.6388771186440678,1785295828.0877275
0,3541,0.8953680992126465,0.6388908500423609,1785295828.1698487
0,3542,0.6735631823539734,0.6389045736871823,1785295828.249287
0,3543,0.4998001456260681,0.6389359300028224,1785295828.3265033
0,3544,0.4827861189842224,0.6389319977426636,1785295828.4086747
0,3545,0.6633642911911011,0.6388399153737658,1785295828.4858317
0,3546,0.3320962190628052,0.6388888888888888,1785295828.567696
0,3547,0.6819892525672913,0.6388497321680293,1785295828.6496763
0,3548,0.581240713596344,0.6388458286358512,1785295828.727393
0,3549,0.676045835018158,0.6388419273034658,1785295828.8063343
0,3550,0.5547425746917725,0.6388028169014085,1785295828.8877218
0,3551,0.5943527221679688,0.6388165305547733,1785295828.9702325
0,3552,0.42760980129241943,0.6388478322072072,1785295829.0473874
0,3553,0.49267926812171936,0.6387911623979735,1785295829.1263144
0,3554,0.648603081703186,0.6388400393922341,1785295829.2040489
0,3555,0.802222728729248,0.6388361462728551,1785295829.2822368
0,3556,0.9471444487571716,0.6388498312710911,1785295829.3616188
0,3557,0.4953354299068451,0.6388283666010683,1785295829.442535
0,3558,0.8717828989028931,0.6388244800449691,1785295829.5205233
0,3559,0.5462362170219421,0.6388205956729418,1785295829.6021583
0,3560,0.6836907863616943,0.6388167134831461,1785295829.6799524
0,3561,0.38211628794670105,0.6388830384723392,1785295829.75847
0,3562,0.5503842234611511,0.6388966872543514,1785295829.836052
0,3563,1.195690393447876,0.6389103283749649,1785295829.9185479
0,3564,0.7232363224029541,0.6389064253647587,1785295829.9963963
0,3565,0.6745943427085876,0.6388323983169706,1785295830.0796914
0,3566,0.5778117179870605,0.6388285193494111,1785295830.161653
0,3567,0.5234528183937073,0.6388246425567704,1785295830.239341
0,3568,0.4390875995159149,0.6388032511210763,1785295830.3165247
0,3569,0.9470075368881226,0.638799383580835,1785295830.3981404
0,3570,0.7137821912765503,0.638813025210084,1785295830.4758792
0,3571,0.4918086528778076,0.6388091570988519,1785295830.5536783
0,3572,0.5564228892326355,0.6388052911534154,1785295830.6348581
0,3573,0.3044956922531128,0.6388888888888888,1785295830.7170284
0,3574,0.7207552194595337,0.6388850027979854,1785295830.7946877
0,3575,0.8334245681762695,0.6389335664335665,1785295830.8755465
0,3576,0.49990081787109375,0.6389296700223713,1785295830.9537299
0,3577,0.6392239332199097,0.6389083030472463,1785295831.0326827
0,3578,0.7056334018707275,0.6388869480156512,1785295831.110817
0,3579,0.5992175936698914,0.6389179938530316,1785295831.192141
0,3580,0.6898264288902283,0.6389490223463687,1785295831.2736728
0,3581,0.4826361835002899,0.6389800335101927,1785295831.3510664
0,3582,0.6868827939033508,0.6389935790061418,1785295831.431431
0,3583,0.5203081369400024,0.6390420039073402,1785295831.511491
0,3584,0.5773190259933472,0.6389857700892857,1785295831.5917544
0,3585,0.643269419670105,0.6389818688981869,1785295831.6690211
0,3586,0.7770346403121948,0.639047685443391,1785295831.7518268
0,3587,0.5653867721557617,0.6390611931976582,1785295831.8296373
0,3588,0.5317522287368774,0.6390746934225195,1785295831.9115722
0,3589,0.7149126529693604,0.6390881861242687,1785295831.989408
0,3590,0.6496192216873169,0.6390842618384401,1785295832.073627
0,3591,0.4083847999572754,0.63911514898357,1785295832.1556861
0,3592,0.5638905167579651,0.6390938195991092,1785295832.238827
0,3593,0.4920920133590698,0.6390551071527971,1785295832.3237057
0,3594,0.27908995747566223,0.6391033667223149,1785295832.4061873
0,3595,0.6673516631126404,0.6391168289290682,1785295832.4838278
0,3596,0.613455593585968,0.6390607619577308,1785295832.5657825
0,3597,0.6857885718345642,0.6390568529329997,1785295832.6495671
0,3598,0.7532646656036377,0.639035575319622,1785295832.7338886
0,3599,0.6221249103546143,0.639049041400389,1785295832.814656
0,3600,0.44369691610336304,0.6390798611111111,1785295832.8975444
0,3601,0.8092032670974731,0.639093307414607,1785295832.9799144
0,3602,0.5200483202934265,0.6390893947806774,1785295833.0628068
0,3603,0.8262343406677246,0.6390507910074937,1785295833.141137
0,3604,0.6845594048500061,0.6390122086570478,1785295833.2218874
0,3605,0.5748072266578674,0.6390256588072122,1785295833.303862
0,3606,0.5095893144607544,0.6390737659456461,1785295833.3811097
0,3607,0.6123224496841431,0.6391045189908511,1785295833.4585671
0,3608,0.497394323348999,0.6391525776053215,1785295833.5397654
0,3609,0.5347403287887573,0.6391659739540039,1785295833.6167436
0,3610,0.4464644193649292,0.6391793628808864,1785295833.6939921
0,3611,0.6630837917327881,0.6391754361672667,1785295833.7715774
0,3612,0.5079660415649414,0.6391542081949059,1785295833.849112
0,3613,0.6931352019309998,0.6391848879047882,1785295833.9268575
0,3614,0.6850211024284363,0.6391636690647482,1785295834.0047395
0,3615,0.5106800198554993,0.6391943291839557,1785295834.087184
0,3616,0.5319157838821411,0.6391558351769911,1785295834.1693614
0,3617,0.5733548402786255,0.639151921481891,1785295834.249046
0,3618,0.6327179074287415,0.6391652846876728,1785295834.3264616
0,3619,0.6547844409942627,0.6391268306161924,1785295834.4039419
0,3620,0.8191483616828918,0.6391229281767956,1785295834.4816196
0,3621,0.728516697883606,0.6391708091687379,1785295834.5643728
0,3622,0.6687403917312622,0.639149641082275,1785295834.642245
0,3623,0.6008339524269104,0.6391802373723433,1785295834.7233617
0,3624,0.4434044063091278,0.6392280629139073,1785295834.8010123
0,3625,0.5883041024208069,0.6392413793103449,1785295834.8786123
0,3626,0.6098694205284119,0.6392546883618312,1785295834.9563682
0,3627,0.38132819533348083,0.6392852219465123,1785295835.033834
0,3628,0.536525547504425,0.6392812844542448,1785295835.1114905
0,3629,0.4592756927013397,0.6392773491319923,1785295835.1885812
0,3630,0.7905585765838623,0.6393078512396694,1785295835.2697113
0,3631,0.5849059820175171,0.6392866978793721,1785295835.3511994
0,3632,0.6513948440551758,0.6392827643171806,1785295835.4340854
0,3633,0.6689289212226868,0.6392444260941371,1785295835.5117073
0,3634,0.6337997913360596,0.6391889102916896,1785295835.5894876
0,3635,0.7548609972000122,0.6392022008253095,1785295835.668829
0,3636,0.4805793762207031,0.6391811056105611,1785295835.7499151
0,3637,0.7236554622650146,0.6391772064888644,1785295835.835129
0,3638,0.6059058308601379,0.639190489279824,1785295835.9159327
0,3639,0.506468653678894,0.6392552899148117,1785295836.0006464
0,3640,0.5858436822891235,0.6392513736263736,1785295836.078631
0,3641,0.8065218329429626,0.6392646251029936,1785295836.1559625
0,3642,0.5120077133178711,0.6392435475013729,1785295836.2336347
0,3643,0.5187900066375732,0.6392053252813615,1785295836.3152046
0,3644,0.5013774037361145,0.6392014270032931,1785295836.3950431
0,3645,0.5804704427719116,0.6391803840877915,1785295836.4727564
0,3646,0.8055962920188904,0.6391422106417992,1785295836.5503452
0,3647,0.5507091879844666,0.6391211955031533,1785295836.6276016
0,3648,0.5742515921592712,0.6391173245614035,1785295836.7047865
0,3649,0.5440145134925842,0.6391477117018362,1785295836.7863338
0,3650,0.8916653990745544,0.6391095890410959,1785295836.8688438
0,3651,0.49035248160362244,0.6391228430566968,1785295836.9465714
0,3652,0.5882070064544678,0.6391703176341731,1785295837.027991
0,3653,0.6660427451133728,0.6392348754448398,1785295837.1056533
0,3654,0.6216838955879211,0.6391967706622879,1785295837.1832652
0,3655,0.512911319732666,0.6392270861833106,1785295837.2656684
0,3656,0.6237210631370544,0.6392231947483589,1785295837.3435545
0,3657,0.36645206809043884,0.6392876674870112,1785295837.4207864
0,3658,0.7106513977050781,0.6392666757791142,1785295837.5018446
0,3659,0.5998566150665283,0.6392456955452309,1785295837.5800066
0,3660,0.7015460729598999,0.6392418032786885,1785295837.6584182
0,3661,0.5919650793075562,0.6392549849767823,1785295837.7384422
0,3662,0.6898478865623474,0.6392340251228836,1785295837.8188987
0,3663,0.8562699556350708,0.6392301392301393,1785295837.8999696
0,3664,0.5645675659179688,0.6392091975982532,1785295837.9811883
0,3665,0.6571375727653503,0.6392394270122783,1785295838.0581396
0,3666,0.4725490212440491,0.6392866884888162,1785295838.1398718
0,3667,0.6892786026000977,0.6393339241887102,1785295838.2227576
0,3668,0.49336951971054077,0.6393300163576882,1785295838.3000631
0,3669,0.47451457381248474,0.6393601798855274,1785295838.3802538
0,3670,0.841543972492218,0.6393903269754768,1785295838.4618094
0,3671,0.7010726928710938,0.6394034323072733,1785295838.5414042
0,3672,0.6138074398040771,0.6394165305010894,1785295838.622553
0,3673,0.6754436492919922,0.6394126054995917,1785295838.703254
0,3674,0.6593113541603088,0.6394086826347305,1785295838.7811263
0,3675,0.5363656282424927,0.6394047619047619,1785295838.8610256
0,3676,0.6723381876945496,0.6394008433079434,1785295838.9387844
0,3677,0.5193540453910828,0.6394139243948871,1785295839.0170543
0,3678,0.6544656753540039,0.6394439912996194,1785295839.09471
0,3679,0.46918433904647827,0.6394740418592009,1785295839.177285
0,3680,0.8029041290283203,0.6394361413043478,1785295839.259969
0,3681,0.6466802954673767,0.6394491985873404,1785295839.3378034
0,3682,0.3393343687057495,0.6395131721890277,1785295839.41522
0,3683,0.8783082962036133,0.639543171327722,1785295839.4980373
0,3684,0.5536934733390808,0.6395901194353963,1785295839.5753257
0,3685,0.8809229731559753,0.6396200814111261,1785295839.6536093
0,3686,0.5310945510864258,0.639599158979924,1785295839.7311566
0,3687,0.993527352809906,0.6396291022511527,1785295839.8132176
0,3688,0.6034923195838928,0.6395912418655098,1785295839.896312
0,3689,0.889773964881897,0.6395872865275142,1785295839.974637
0,3690,0.5955895185470581,0.6395833333333333,1785295840.0526302
0,3691,0.9073578119277954,0.6395455161202926,1785295840.1342764
0,3692,0.751774787902832,0.6395923618634887,1785295840.2110782
0,3693,0.6080955266952515,0.6395714865962632,1785295840.2907903
0,3694,0.8992688655853271,0.639584461288576,1785295840.374697
0,3695,0.42896950244903564,0.6395805142083897,1785295840.451961
0,3696,0.6563796401023865,0.6396272997835498,1785295840.5297656
0,3697,0.8655127882957458,0.6396064376521504,1785295840.6115844
0,3698,0.5313864350318909,0.6396193888588426,1785295840.6910594
0,3699,0.9596471786499023,0.6396323330629899,1785295840.7677941
0,3700,0.5147173404693604,0.6396621621621622,1785295840.8457122
0,3701,0.5338369607925415,0.6396413131586057,1785295840.927818
0,3702,0.7476895451545715,0.6396204754186926,1785295841.00579
0,3703,0.8039079308509827,0.6396165271401566,1785295841.0844462
0,3704,0.8189310431480408,0.6396125809935205,1785295841.1623406
0,3705,0.5372138023376465,0.6396423751686909,1785295841.2441766
0,3706,0.6661330461502075,0.6396721532649757,1785295841.3242528
0,3707,0.6446322202682495,0.6397019152953871,1785295841.4024458
0,3708,1.0144115686416626,0.6397316612729234,1785295841.482929
0,3709,0.6942026019096375,0.6396602857913184,1785295841.5666964
0,3710,0.719300389289856,0.6396731805929919,1785295841.6516116
0,3711,0.8148318529129028,0.6396860684451631,1785295841.729516
0,3712,0.39430850744247437,0.6396821120689655,1785295841.8076303
0,3713,0.5477809906005859,0.6397118233234581,1785295841.885813
0,3714,0.515649676322937,0.6396910339256866,1785295841.96318
0,3715,0.6589004993438721,0.6396870794078062,1785295842.041935
0,3716,0.5072187185287476,0.6397167653390743,1785295842.1189542
0,3717,0.7015575170516968,0.639729620661824,1785295842.2018776
0,3718,0.7512009143829346,0.6397256589564282,1785295842.2845557
0,3719,0.5855838656425476,0.6397721161602581,1785295842.3618467
0,3720,0.6241897940635681,0.6397681451612903,1785295842.440387
0,3721,0.593207836151123,0.639780972856759,1785295842.5177643
0,3722,0.35738807916641235,0.6398105857066093,1785295842.5955386
0,3723,0.6146233677864075,0.6398233951114692,1785295842.6736543
0,3724,0.5232549905776978,0.6398361976369495,1785295842.7514474
0,3725,0.5978161692619324,0.6398825503355705,1785295842.8291473
0,3726,0.7971515655517578,0.639861782071927,1785295842.9107113
0,3727,0.632606029510498,0.6398074859136035,1785295842.9885135
0,3728,0.9319664239883423,0.6398538090128756,1785295843.0709348
0,3729,0.401947557926178,0.6399001072673639,1785295843.152514
0,3730,0.6063289642333984,0.6399631367292226,1785295843.231517
0,3731,0.5960127115249634,0.6400093808630394,1785295843.3106358
0,3732,0.7592653036117554,0.6400221061093248,1785295843.3926105
0,3733,0.7618861198425293,0.640001339405304,1785295843.4699788
0,3734,0.6975179314613342,0.6399973219068024,1785295843.551861
0,3735,0.6942354440689087,0.6399765729585006,1785295843.6288085
0,3736,0.5984104871749878,0.639955835117773,1785295843.7060926
0,3737,0.559262216091156,0.63995183302114,1785295843.7833636
0,3738,0.7610582709312439,0.6399143927233815,1785295843.861296
0,3739,0.5314759016036987,0.6398936881519123,1785295843.9399636
0,3740,0.8285962343215942,0.6398729946524064,1785295844.0177052
0,3741,0.5279287099838257,0.6399024325046779,1785295844.0951915
0,3742,0.5201039910316467,0.6398817477284875,1785295844.1755135
0,3743,0.5103237628936768,0.6399111675126904,1785295844.2578166
0,3744,0.5388739705085754,0.6398737980769231,1785295844.3387694
0,3745,0.6916367411613464,0.6398531375166889,1785295844.4167545
0,3746,0.5556026697158813,0.6398324879871863,1785295844.4941158
0,3747,0.4772742688655853,0.6398285294902589,1785295844.576569
0,3748,0.7629730701446533,0.6398412486659552,1785295844.656273
0,3749,0.6646870374679565,0.6398206188316885,1785295844.7333188
0,3750,0.7028088569641113,0.6398333333333334,1785295844.8114324
0,3751,0.4089796543121338,0.6398460410557185,1785295844.8931336
0,3752,0.320965975522995,0.6398920575692963,1785295844.9707825
0,3753,0.3117196261882782,0.6399047428723688,1785295845.051265
0,3754,0.7520564794540405,0.639917421417155,1785295845.129206
0,3755,0.7986441850662231,0.6398801597869508,1785295845.2072895
0,3756,0.6549490690231323,0.6398928381256656,1785295845.285139
0,3757,0.6568244695663452,0.6399055097151983,1785295845.362818
0,3758,0.704558253288269,0.6399514369345396,1785295845.4403453
0,3759,0.6833561062812805,0.6399640861931365,1785295845.5182736
0,3760,0.5389071702957153,0.639876994680851,1785295845.5983913
0,3761,0.5170994997024536,0.6398398032438182,1785295845.675601
0,3762,0.8585231900215149,0.6398358585858586,1785295845.7538507
0,3763,0.6855112910270691,0.6398485251129418,1785295845.8357031
0,3764,0.7299937605857849,0.6398279755579172,1785295845.9135966
0,3765,0.6431436538696289,0.6398240371845949,1785295845.9923177
0,3766,0.4941574037075043,0.6398035050451407,1785295846.0706692
0,3767,0.7857864499092102,0.6397995752588267,1785295846.1529067
0,3768,0.8651260137557983,0.6398288216560509,1785295846.2347
0,3769,0.6134018898010254,0.639808304590077,1785295846.3159587
0,3770,0.5822354555130005,0.6397380636604775,1785295846.3936162
0,3771,0.7063078880310059,0.6397507292495359,1785295846.4755733
0,3772,1.0453805923461914,0.6397468186638389,1785295846.555913
0,3773,0.6951658129692078,0.6397429101510734,1785295846.6334658
0,3774,0.7958404421806335,0.6397390037095919,1785295846.7114217
0,3775,0.9439224004745483,0.6397847682119205,1785295846.7895436
0,3776,0.5885802507400513,0.6398139565677966,1785295846.8666015
0,3777,0.7199547290802002,0.639810034418851,1785295846.9459395
0,3778,0.6062654852867126,0.6398226574907359,1785295847.0286736
0,3779,0.5787777900695801,0.6398518126488489,1785295847.1079812
0,3780,0.7503976225852966,0.6398148148148148,1785295847.1897883
0,3781,0.7809435129165649,0.6398108965882042,1785295847.268694
0,3782,0.5729169249534607,0.639806980433633,1785295847.346564
0,3783,0.6012183427810669,0.6398195876288659,1785295847.4286234
0,3784,0.5200299024581909,0.6398321881606766,1785295847.50568
0,3785,0.5090891122817993,0.6398282694848084,1785295847.5854008
0,3786,0.6371791362762451,0.6398738774432118,1785295847.6630056
0,3787,0.6307960748672485,0.6398369421705836,1785295847.7445624
0,3788,0.6980993151664734,0.639849524815206,1785295847.8223403
0,3789,0.7991766929626465,0.639878595935603,1785295847.9038825
0,3790,0.5703541040420532,0.6399076517150396,1785295847.9819055
0,3791,0.8323475122451782,0.6399037193352677,1785295848.0629473
0,3792,1.0412670373916626,0.639932753164557,1785295848.1398182
0,3793,0.6142634749412537,0.6399123385183232,1785295848.2187202
0,3794,0.6805360317230225,0.639891934633632,1785295848.2969873
0,3795,0.4913487434387207,0.6399538866930171,1785295848.3773756
0,3796,0.5747381448745728,0.6399664120126449,1785295848.4549172
0,3797,1.0115127563476562,0.6399953910982354,1785295848.5355537
0,3798,0.767881453037262,0.639942074776198,1785295848.614295
0,3799,0.5848977565765381,0.6399216899183996,1785295848.6952965
0,3800,0.770035982131958,0.6399342105263158,1785295848.773232
0,3801,0.5681217908859253,0.6399138384635622,1785295848.8547542
0,3802,0.6619545221328735,0.6399099158337717,1785295848.9333272
0,3803,0.5136299729347229,0.6399059952668945,1785295849.0150297
0,3804,0.477056622505188,0.6399185068349106,1785295849.0976982
0,3805,0.5852136015892029,0.6399145860709593,1785295849.1781487
0,3806,1.0481654405593872,0.6399599316868103,1785295849.2567263
0,3807,0.39668339490890503,0.640021670606777,1785295849.3389506
0,3808,0.5513385534286499,0.6400013130252101,1785295849.4187942
0,3809,0.7149876356124878,0.6400137831451824,1785295849.4963005
0,3810,0.6529866456985474,0.6399770341207349,1785295849.578148
0,3811,0.5137864947319031,0.640038703752296,1785295849.6579604
0,3812,0.7673343420028687,0.6400511542497377,1785295849.7364466
0,3813,0.7126610279083252,0.6400472069236821,1785295849.8189504
0,3814,0.8084830045700073,0.6400596486628212,1785295849.9022927
0,3815,0.6229957342147827,0.6401212319790301,1785295849.980355
0,3816,0.5077204704284668,0.6401664046121593,1785295850.0624304
0,3817,0.7531180381774902,0.6402115535761069,1785295850.1439934
0,3818,0.41220611333847046,0.6402403090623363,1785295850.222323
0,3819,0.6861226558685303,0.6402363184079602,1785295850.300639
0,3820,0.5131982564926147,0.640232329842932,1785295850.3777597
0,3821,0.7327083349227905,0.6402283433656111,1785295850.458126
0,3822,0.6894807815551758,0.6402570643642073,1785295850.535545
0,3823,0.5763128995895386,0.6402367250850117,1785295850.6128736
0,3824,0.6188273429870605,0.6402327405857741,1785295850.6909366
0,3825,0.8282471895217896,0.6402450980392157,1785295850.7740965
0,3826,0.5119580030441284,0.6402737846314689,1785295850.8518944
0,3827,0.610676646232605,0.6403024562320355,1785295850.9303124
0,3828,0.7473207712173462,0.640282131661442,1785295851.008672
0,3829,0.6133285760879517,0.6402781405066597,1785295851.0867658
0,3830,0.8861582279205322,0.6402741514360313,1785295851.1653016
0,3831,0.36601191759109497,0.6403354215609501,1785295851.2426217
0,3832,0.5721032619476318,0.6403151096033403,1785295851.3201516
0,3833,0.7296183705329895,0.6402785024784764,1785295851.3985722
0,3834,0.7028228044509888,0.6402745174752217,1785295851.4793057
0,3835,0.645111620426178,0.6402379400260756,1785295851.558801
0,3836,0.7111144065856934,0.6402502606882169,1785295851.6418784
0,3837,0.7359740734100342,0.6402462861610634,1785295851.7195158
0,3838,0.6981967091560364,0.6402260291818656,1785295851.797712
0,3839,0.536651611328125,0.6403034644438655,1785295851.880885
0,3840,0.453249454498291,0.640283203125,1785295851.958616
0,3841,0.4707435667514801,0.6402954959645926,1785295852.0371733
0,3842,0.42881280183792114,0.6403240499739719,1785295852.1145446
0,3843,0.7328727841377258,0.6403037991152746,1785295852.197938
0,3844,0.5267670154571533,0.6403160770031218,1785295852.2796886
0,3845,0.6621657609939575,0.6403446033810143,1785295852.358912
0,3846,0.6114943623542786,0.640356864274571,1785295852.4404547
0,3847,0.510917603969574,0.6403691187938654,1785295852.5183523
0,3848,0.5638920068740845,0.6403326403326404,1785295852.599945
0,3849,0.47402581572532654,0.6403286567939724,1785295852.681346
0,3850,0.6771788001060486,0.6403409090909091,1785295852.760553
0,3851,0.4746498465538025,0.6403693845754349,1785295852.8376377
0,3852,0.7708895802497864,0.6403329439252337,1785295852.9204133
0,3853,0.6479513645172119,0.640345185569686,1785295852.9975955
0,3854,0.6667678952217102,0.640373637778931,1785295853.0761476
0,3855,0.4658971130847931,0.6403858625162127,1785295853.1573827
0,3856,0.572257936000824,0.6404467064315352,1785295853.2394385
0,3857,0.777624249458313,0.64044270158154,1785295853.3174925
0,3858,0.6854090690612793,0.640454898911353,1785295853.399983
0,3859,0.5310676693916321,0.6404670899196683,1785295853.4794858
0,3860,0.6119765043258667,0.6404630829015544,1785295853.557195
0,3861,0.47548553347587585,0.6404428904428905,1785295853.6399207
0,3862,0.641301155090332,0.6404227084412222,1785295853.717385
0,3863,0.6391472816467285,0.6404348951592027,1785295853.7950048
0,3864,0.611944317817688,0.640430900621118,1785295853.8728619
0,3865,0.49283742904663086,0.6405077619663648,1785295853.9533741
0,3866,0.6938830614089966,0.6405199172271081,1785295854.0316877
0,3867,0.5606423020362854,0.6405320662011895,1785295854.1134362
0,3868,0.3541361093521118,0.640560367114788,1785295854.1946235
0,3869,0.560728907585144,0.6405240372189196,1785295854.2719758
0,3870,0.5909289121627808,0.6405200258397933,1785295854.354533
0,3871,0.5018283724784851,0.6405805993283389,1785295854.4322915
0,3872,0.5783485174179077,0.6405765754132231,1785295854.5131912
0,3873,0.6181453466415405,0.6405725535760393,1785295854.591867
0,3874,0.638068675994873,0.6405846670108415,1785295854.6729536
0,3875,0.5371425747871399,0.6405967741935484,1785295854.755364
0,3876,0.6679509878158569,0.6405766253869969,1785295854.8380735
0,3877,0.9393151998519897,0.6406370905339179,1785295854.9156466
0,3878,0.6523587703704834,0.6406652913873131,1785295854.9934075
0,3879,0.6113147735595703,0.6406773653003351,1785295855.0733974
0,3880,0.5946104526519775,0.6406894329896907,1785295855.1549459
0,3881,0.6452720165252686,0.6407014944601906,1785295855.2371132
0,3882,1.034188151359558,0.6406652498712004,1785295855.314772
0,3883,0.7325838804244995,0.6406612155549832,1785295855.3935094
0,3884,0.5054136514663696,0.6406571833161689,1785295855.4708407
0,3885,0.6193525195121765,0.6406370656370657,1785295855.5525284
0,3886,0.7325657606124878,0.6406973751930005,1785295855.6330562
0,3887,0.6701920032501221,0.6407254952405455,1785295855.7104182
0,3888,0.4795832931995392,0.6407536008230452,1785295855.7878225
0,3889,0.6912904977798462,0.640717408074055,1785295855.8704305
0,3890,0.7339885234832764,0.6407294344473008,1785295855.9482365
0,3891,0.6406534314155579,0.6407093292212799,1785295856.0288315
0,3892,0.6688548922538757,0.6407052929085303,1785295856.1114662
0,3893,0.6101956367492676,0.6406691497559722,1785295856.1887207
0,3894,0.7880147695541382,0.6406972265023112,1785295856.266503
0,3895,0.6280244588851929,0.6407252888318357,1785295856.3475528
0,3896,0.5783822536468506,0.640737294661191,1785295856.425437
0,3897,0.5157315731048584,0.6407813702848345,1785295856.5056098
0,3898,0.6557573676109314,0.6408254232939969,1785295856.583888
0,3899,0.6142940521240234,0.6408534239548602,1785295856.6636207
0,3900,0.8402879238128662,0.6408012820512821,1785295856.7421188
0,3901,0.6592944264411926,0.6408132530120482,1785295856.8219938
0,3902,0.5997695326805115,0.6408092004100461,1785295856.9008899
0,3903,0.8502370119094849,0.6408371765308737,1785295856.9786005
0,3904,0.6879556775093079,0.6408331198770492,1785295857.0561206
0,3905,0.713160514831543,0.6408770806658131,1785295857.1386504
0,3906,0.3631128668785095,0.6409530209933436,1785295857.2158265
0,3907,0.7560670971870422,0.6409489378039417,1785295857.2941856
0,3908,0.6287354230880737,0.6409448567041965,1785295857.3720183
0,3909,0.7306033968925476,0.6409407776925045,1785295857.4503036
0,3910,0.5546938180923462,0.640920716112532,1785295857.5286474
0,3911,0.62447589635849,0.640932625926873,1785295857.6119626
0,3912,0.5907599329948425,0.640896600204499,1785295857.6895297
0,3913,0.5279681086540222,0.6409404548939432,1785295857.7671068
0,3914,0.7127822041511536,0.6410002554931017,1785295857.843919
0,3915,0.5137665271759033,0.6410280970625798,1785295857.921109
0,3916,0.6719725131988525,0.6410718845760981,1785295857.9979653
0,3917,0.6972127556800842,0.6410358692877202,1785295858.0766876
0,3918,0.5594524145126343,0.6410477284328739,1785295858.1544373
0,3919,0.7165843844413757,0.6410595815258995,1785295858.237229
0,3920,0.5582516193389893,0.6410873724489796,1785295858.3189123
0,3921,0.8433374166488647,0.6411310890079062,1785295858.3967457
0,3922,0.6872386336326599,0.6411110402855685,1785295858.477851
0,3923,0.5478484630584717,0.6411228651542187,1785295858.5557935
0,3924,0.7883700132369995,0.64111875637105,1785295858.6334908
0,3925,0.6569535136222839,0.6411305732484076,1785295858.7157283
0,3926,1.0706509351730347,0.6411264645950077,1785295858.7974749
0,3927,0.8677289485931396,0.6411223580341228,1785295858.8754187
0,3928,0.7748115062713623,0.6410864307535642,1785295858.9574678
0,3929,0.8890234231948853,0.6411141511835072,1785295859.0341225
0,3930,0.6106703877449036,0.6411736641221374,1785295859.1145236
0,3931,1.3554799556732178,0.6411695497328924,1785295859.1979582
0,3932,0.5711679458618164,0.6411495422177009,1785295859.2752907
0,3933,0.6373758316040039,0.6410977625222476,1785295859.3586853
0,3934,0.5504269003868103,0.6410618962887646,1785295859.435989
0,3935,0.6036107540130615,0.6410578144853876,1785295859.5188997
0,3936,0.7194118499755859,0.6409743394308943,1785295859.6013591
0,3937,0.5445433259010315,0.6409544069088138,1785295859.679414
0,3938,0.7109221816062927,0.6409820975114271,1785295859.7631185
0,3939,0.46354901790618896,0.6410097740543285,1785295859.840748
0,3940,0.6313912272453308,0.6410215736040609,1785295859.9186428
0,3941,0.6848002076148987,0.6409699314894697,1785295859.9972057
0,3942,0.6939144730567932,0.6409183155758498,1785295860.0749636
0,3943,0.6216011047363281,0.640945980218108,1785295860.1546354
0,3944,0.6295509338378906,0.6409577839756593,1785295860.231728
0,3945,0.5976114273071289,0.6409537389100127,1785295860.3137667
0,3946,0.6374342441558838,0.6409813735428281,1785295860.391517
0,3947,0.5264056921005249,0.6409614897390423,1785295860.4722626
0,3948,0.6223446726799011,0.6409574468085106,1785295860.5493412
0,3949,0.5428842306137085,0.6409534059255507,1785295860.6294084
0,3950,0.6335586309432983,0.6409177215189873,1785295860.7114491
0,3951,0.72105872631073,0.6409136927360162,1785295860.793272
0,3952,0.5212985277175903,0.6409254807692307,1785295860.8715346
0,3953,0.4961943030357361,0.6409846951682266,1785295860.9486299
0,3954,1.0258787870407104,0.6410280728376327,1785295861.0268245
0,3955,0.4631757140159607,0.6410714285714286,1785295861.1042795
0,3956,0.6525560021400452,0.6410831648129424,1785295861.1821046
0,3957,0.5823528170585632,0.6410948951225676,1785295861.2615728
0,3958,0.5957724452018738,0.6410750378979283,1785295861.3429525
0,3959,0.48185592889785767,0.6410867643344279,1785295861.4207356
0,3960,0.7799395322799683,0.6410984848484849,1785295861.5035257
0,3961,0.5628246665000916,0.6411417571320374,1785295861.580683
0,3962,0.48565009236335754,0.6411219081272085,1785295861.6618629
0,3963,0.9188076257705688,0.6411493817814787,1785295861.7398021
0,3964,0.7097965478897095,0.6411610746720484,1785295861.8221958
0,3965,0.473696768283844,0.6411727616645649,1785295861.9045339
0,3966,0.5814828872680664,0.6411686838124054,1785295861.9857025
0,3967,0.8287819027900696,0.6411646080161331,1785295862.0677736
0,3968,0.4777657687664032,0.641144783266129,1785295862.1492708
0,3969,0.7196544408798218,0.6411407155454775,1785295862.2267702
0,3970,0.8132011890411377,0.6411366498740554,1785295862.3089228
0,3971,0.5307457447052002,0.6411483253588517,1785295862.386977
0,3972,0.5685943365097046,0.6411442598187311,1785295862.4644954
0,3973,0.5613110065460205,0.6411873898817014,1785295862.5414932
0,3974,0.6652799844741821,0.6411990437845999,1785295862.619044
0,3975,0.42426538467407227,0.6411949685534591,1785295862.696789
0,3976,0.5746188163757324,0.6412066146881288,1785295862.7743547
0,3977,0.5181238651275635,0.641233970329394,1785295862.8526669
0,3978,0.50041264295578,0.6412613122171946,1785295862.930579
0,3979,0.5917174220085144,0.6413043478260869,1785295863.0085514
0,3980,0.6172723174095154,0.6413316582914573,1785295863.0894103
0,3981,0.7130568027496338,0.6413432554634514,1785295863.168782
0,3982,0.7528926134109497,0.6413705424409845,1785295863.2507052
0,3983,0.7563109397888184,0.6413821240271153,1785295863.3284256
0,3984,0.6020553708076477,0.6414407630522089,1785295863.4056358
0,3985,0.8244991898536682,0.6414836888331242,1785295863.4883583
0,3986,0.5264710187911987,0.6414952333166082,1785295863.5654845
0,3987,0.5320003032684326,0.641475420115375,1785295863.6472697
0,3988,0.364485502243042,0.6415183049147443,1785295863.7245784
0,3989,0.5495753288269043,0.641498495863625,1785295863.8026483
0,3990,0.5775399208068848,0.6414786967418546,1785295863.882297
0,3991,0.5229225754737854,0.6415372087196192,1785295863.9616492
0,3992,0.6737515926361084,0.6415174098196392,1785295864.0424159
0,3993,0.4803844690322876,0.6415289256198347,1785295864.1223521
0,3994,0.8341735601425171,0.6415560841261893,1785295864.2003937
0,3995,0.8582401275634766,0.6415675844806008,1785295864.2798326
0,3996,0.63605135679245,0.6415477977977978,1785295864.3574488
0,3997,0.7402936220169067,0.6415436577433075,1785295864.4398658
0,3998,0.7040418386459351,0.6415551525762881,1785295864.5214636
0,3999,0.5190070271492004,0.6415978994748687,1785295864.6008635
0,4000,0.37138885259628296,0.641609375,1785295864.6787863
0,4001,0.7651379108428955,0.6415739815046239,1785295864.7616856
0,4002,0.6439774632453918,0.6415854572713643,1785295864.839915
0,4003,0.8339240550994873,0.6416281538845866,1785295864.9166133
0,4004,0.6343501210212708,0.641624000999001,1785295864.9940553
0,4005,0.6273836493492126,0.6416354556803995,1785295865.0760453
0,4006,0.6028106808662415,0.6415844982526211,1785295865.1569278
0,4007,0.510459303855896,0.6415647616670827,1785295865.2390327
0,4008,0.7801129817962646,0.6415294411177644,1785295865.3212812
0,4009,0.8337384462356567,0.6415253180344226,1785295865.398797
0,4010,0.6773476600646973,0.6415211970074813,1785295865.4766748
0,4011,0.7318655252456665,0.6415014958863127,1785295865.5545363
0,4012,0.5247107148170471,0.6414973828514456,1785295865.6320632
0,4013,0.6652089357376099,0.6414932718664341,1785295865.7133625
0,4014,0.6268191337585449,0.6415203039362232,1785295865.791002
0,4015,0.6612730622291565,0.6415161892901619,1785295865.871409
0,4016,0.47706589102745056,0.641605453187251,1785295865.9520168
0,4017,0.7717676162719727,0.6416168782673637,1785295866.0346217
0,4018,0.58455491065979,0.6416438526630164,1785295866.1173446
0,4019,0.8264213800430298,0.6416397113709879,1785295866.1946886
0,4020,0.6997984647750854,0.6416666666666667,1785295866.2772992
0,4021,1.0173430442810059,0.641662521760756,1785295866.3555458
0,4022,0.5235239267349243,0.6416583789159622,1785295866.43667
0,4023,0.5863953828811646,0.641623166790952,1785295866.5192232
0,4024,0.6092520356178284,0.641587972166998,1785295866.6026206
0,4025,0.7221299409866333,0.6415993788819876,1785295866.6823597
0,4026,0.5791606903076172,0.6415797317436661,1785295866.7646463
0,4027,0.7790272831916809,0.6415600943630494,1785295866.8474696
0,4028,0.6271405816078186,0.6415714995034757,1785295866.9280362
0,4029,0.7594175934791565,0.641536361379995,1785295867.0059958
0,4030,0.9605671167373657,0.641470223325062,1785295867.083487
0,4031,0.5470408201217651,0.641481642272389,1785295867.1654804
0,4032,0.7636958360671997,0.6414775545634921,1785295867.2430272
0,4033,0.6304997801780701,0.6414579717332011,1785295867.3249955
0,4034,0.8239297866821289,0.6414229053049083,1785295867.402926
0,4035,0.48391127586364746,0.6414807930607187,1785295867.4822664
0,4036,0.5454608798027039,0.6414612239841427,1785295867.5598352
0,4037,0.6335234045982361,0.6415190735694822,1785295867.6436894
0,4038,1.0150189399719238,0.6415459385834572,1785295867.726762
0,4039,0.40805497765541077,0.6415882644218867,1785295867.808097
0,4040,0.537527859210968,0.641615099009901,1785295867.8889277
0,4041,0.5168589353561401,0.6416264538480574,1785295867.9702315
0,4042,0.7438600063323975,0.6416378030677882,1785295868.0511115
0,4043,0.6323869824409485,0.6416182290378432,1785295868.1299095
0,4044,0.7324799299240112,0.6415986646884273,1785295868.2115185
0,4045,0.5209134817123413,0.6416254635352286,1785295868.2893
0,4046,0.716266393661499,0.6415904597132971,1785295868.367347
0,4047,0.5290647745132446,0.6416172473437114,1785295868.4500916
0,4048,0.6235542893409729,0.6416440217391305,1785295868.5336258
0,4049,0.63575279712677,0.6415936033588541,1785295868.610687
0,4050,0.6686117053031921,0.6415895061728395,1785295868.6885664
0,4051,0.6257311105728149,0.6416008392989385,1785295868.7715867
0,4052,0.5663449764251709,0.6416275913129319,1785295868.8544576
0,4053,0.7315481901168823,0.6416389094497903,1785295868.9328465
0,4054,0.5876593589782715,0.6415731376418352,1785295869.0158198
0,4055,0.7776679396629333,0.641630702836005,1785295869.095239
0,4056,0.770754337310791,0.6416111932938856,1785295869.177773
0,4057,0.9877718687057495,0.6416379097855558,1785295869.25547
0,4058,0.5727964043617249,0.6416646131099064,1785295869.3333726
0,4059,0.6139364242553711,0.6416759053954176,1785295869.4115336
0,4060,0.5272511839866638,0.6416564039408867,1785295869.4930909
0,4061,0.6430718898773193,0.6416830829844866,1785295869.5824428
0,4062,0.5626934170722961,0.6416789758739537,1785295869.6707861
0,4063,0.7619284987449646,0.6416748707851342,1785295869.7544117
0,4064,0.7995304465293884,0.6416707677165354,1785295869.8378499
0,4065,0.5393151640892029,0.6416820418204182,1785295869.9242914
0,4066,0.6092742681503296,0.6416779390063945,1785295870.011004
0,4067,0.6833491921424866,0.6416123678387018,1785295870.0939252
0,4068,0.5086220502853394,0.6416082841691249,1785295870.176072
0,4069,0.7216048836708069,0.6416810027033669,1785295870.26116
0,4070,0.8010329604148865,0.6416769041769042,1785295870.34355
0,4071,0.36897987127304077,0.6417495701301892,1785295870.4315991
0,4072,0.5194265246391296,0.6416840618860511,1785295870.516481
0,4073,0.7477982044219971,0.6416492757181439,1785295870.5968573
0,4074,0.6358636021614075,0.6416451890034365,1785295870.674546
0,4075,0.5210638046264648,0.6416257668711657,1785295870.7557373
0,4076,0.7306716442108154,0.6415756869479883,1785295870.8366146
0,4077,0.5184443593025208,0.641602281089036,1785295870.9187653
0,4078,0.6985657811164856,0.6415828837665523,1785295870.9970953
0,4079,0.494998961687088,0.6415634959548909,1785295871.078837
0,4080,0.5723183751106262,0.6415747549019608,1785295871.1576643
0,4081,0.6915172934532166,0.6415860083312913,1785295871.24158
0,4082,0.5481090545654297,0.6415360117589417,1785295871.3191013
0,4083,0.7498130798339844,0.641516654420769,1785295871.4009774
0,4084,0.5774959325790405,0.641497306562194,1785295871.4790077
0,4085,0.7706453800201416,0.6415085679314565,1785295871.564392
0,4086,0.466495156288147,0.6415045276554087,1785295871.6443741
0,4087,0.3246278166770935,0.6415463665280157,1785295871.724723
0,4088,0.528160572052002,0.6415881849315068,1785295871.8088245
0,4089,0.6817939877510071,0.6415841281486916,1785295871.8875806
0,4090,0.6337233185768127,0.641549511002445,1785295871.9693122
0,4091,0.7574036717414856,0.6415454656563188,1785295872.04993
0,4092,0.7194626927375793,0.6415414222873901,1785295872.1347136
0,4093,0.7375417947769165,0.6415526508673345,1785295872.219055
0,4094,0.7423502206802368,0.6415180752320468,1785295872.3021996
0,4095,0.42652660608291626,0.6415445665445666,1785295872.3896792
0,4096,0.5276839137077332,0.6415557861328125,1785295872.472091
0,4097,0.8329617381095886,0.6415670002440811,1785295872.5565438
0,4098,0.5641062259674072,0.6415629575402635,1785295872.6377025
0,4099,0.4651155173778534,0.6415741644303489,1785295872.7223194
0,4100,0.5768818259239197,0.6415396341463414,1785295872.8040054
0,4101,0.6532738208770752,0.6415051207022677,1785295872.8861144
0,4102,0.6479490399360657,0.6414858605558265,1785295872.9675415
0,4103,0.571038007736206,0.6414361442846698,1785295873.0541065
0,4104,0.8809608221054077,0.641416910331384,1785295873.1384258
0,4105,1.0151102542877197,0.6413976857490865,1785295873.2200317
0,4106,0.8001335859298706,0.6413784705309303,1785295873.301571
0,4107,0.8049843311309814,0.6413897005113222,1785295873.387809
0,4108,0.6062527298927307,0.6414161392405063,1785295873.4731593
0,4109,0.603769063949585,0.641396933560477,1785295873.5552394
0,4110,0.559631884098053,0.6414233576642335,1785295873.6391575
0,4111,0.5487834215164185,0.6414801751398687,1785295873.7200341
0,4112,0.5163937211036682,0.6414761673151751,1785295873.8072813
0,4113,0.5093768239021301,0.6414721614393387,1785295873.8879228
0,4114,0.8938507437705994,0.6414681575109382,1785295873.969163
0,4115,0.6194526553153992,0.6415249088699878,1785295874.0525258
0,4116,0.5690814852714539,0.6415208940719145,1785295874.1357656
0,4117,0.6015552282333374,0.6415472431382074,1785295874.2206926
0,4118,0.533527672290802,0.6415584021369597,1785295874.3020172
0,4119,0.6078287959098816,0.6415695557174071,1785295874.383974
0,4120,0.6101647019386292,0.6415655339805825,1785295874.4639885
0,4121,0.5337173938751221,0.6415463479737927,1785295874.5470176
0,4122,0.5498092770576477,0.6415423338185346,1785295874.629702
0,4123,1.1407556533813477,0.641553480475382,1785295874.7119384
0,4124,0.6591619849205017,0.6415949321047527,1785295874.7941394
0,4125,0.7345879673957825,0.6416060606060606,1785295874.8758495
0,4126,0.6130368113517761,0.6416323315559864,1785295874.9580793
0,4127,0.6227344870567322,0.6416434456021323,1785295875.0392544
0,4128,0.8319635391235352,0.6416696947674418,1785295875.1221344
0,4129,1.0604808330535889,0.6416353838701865,1785295875.205408
0,4130,0.8371023535728455,0.6416162227602905,1785295875.287516
0,4131,0.40395456552505493,0.6416273299443234,1785295875.3738096
0,4132,0.8778432011604309,0.6416535575992256,1785295875.458493
0,4133,0.6249226331710815,0.6416797725623035,1785295875.5405085
0,4134,0.6933882236480713,0.6416757377842284,1785295875.6243236
0,4135,0.796984076499939,0.6416414752116082,1785295875.7096953
0,4136,0.8191328048706055,0.6416676740812379,1785295875.7921348
0,4137,0.5477923154830933,0.6417089678510999,1785295875.8773363
0,4138,0.7560553550720215,0.6417200338327694,1785295875.961514
0,4139,0.5418374538421631,0.6417310944672626,1785295876.0457296
0,4140,0.6376452445983887,0.6417421497584541,1785295876.1261156
0,4141,0.478305459022522,0.6417531997102149,1785295876.2110639
0,4142,0.6314758062362671,0.6418095123128923,1785295876.2916725
0,4143,0.8103035688400269,0.6417451122375091,1785295876.3787034
0,4144,0.6341462135314941,0.6416807432432432,1785295876.4659638
0,4145,0.8147691488265991,0.6416465621230398,1785295876.5466344
0,4146,0.6211792230606079,0.6416123974915581,1785295876.6321082
0,4147,0.5316903591156006,0.6416083916083916,1785295876.712231
0,4148,0.7340549826622009,0.641604387656702,1785295876.79482
0,4149,0.5488530993461609,0.6416305133767173,1785295876.8758898
0,4150,0.5836276412010193,0.6416265060240964,1785295876.9583547
0,4151,0.7546231746673584,0.6416375572151289,1785295877.0385752
0,4152,0.587677001953125,0.6416636560693642,1785295877.124149
0,4153,0.565780758857727,0.6415994461834819,1785295877.2097278
0,4154,0.5809231996536255,0.6415954501685123,1785295877.2946053
0,4155,0.8231398463249207,0.6416365824308062,1785295877.3744266
0,4156,0.5992417335510254,0.6416325794032723,1785295877.4617894
0,4157,0.8895606994628906,0.6416285783016599,1785295877.5424495
0,4158,0.6768708229064941,0.6416245791245792,1785295877.6235557
0,4159,0.5766803622245789,0.641620581870642,1785295877.7059672
0,4160,0.9109413027763367,0.6415865384615385,1785295877.786604
0,4161,0.7765948176383972,0.6415825522710887,1785295877.8672898
0,4162,0.5621613264083862,0.6415485343584815,1785295877.9475372
0,4163,0.5974171161651611,0.6415745856353591,1785295878.032533
0,4164,0.6325672268867493,0.6415706051873199,1785295878.1160498
0,4165,0.6628553867340088,0.6415516206482593,1785295878.2003639
0,4166,0.47670960426330566,0.6415776524243879,1785295878.2846558
0,4167,0.5600755214691162,0.6415736741060715,1785295878.36462
0,4168,0.6561380624771118,0.6416146833013435,1785295878.445888
0,4169,0.3204317092895508,0.6416706644279203,1785295878.5300632
0,4170,0.7967352867126465,0.641636690647482,1785295878.6149993
0,4171,0.4250299632549286,0.6416027331575161,1785295878.696309
0,4172,0.912770688533783,0.6415987535953979,1785295878.7783608
0,4173,0.5992671251296997,0.6416097531751738,1785295878.858167
0,4174,0.5098381042480469,0.6416357211308098,1785295878.940652
0,4175,0.5187658667564392,0.6416616766467066,1785295879.0227935
0,4176,0.5164167881011963,0.6416876197318008,1785295879.103078
0,4177,0.6385890245437622,0.641668661718937,1785295879.1882548
0,4178,0.7280389666557312,0.6416347534705601,1785295879.269017
0,4179,0.6265496015548706,0.6416606843742522,1785295879.3517585
0,4180,0.6405055522918701,0.6417015550239235,1785295879.4332602
0,4181,0.47639304399490356,0.6416826118153551,1785295879.51491
0,4182,0.765859067440033,0.6417234576757532,1785295879.5968614
0,4183,0.8335998058319092,0.6416895768587139,1785295879.6781368
0,4184,0.566575288772583,0.6416706500956023,1785295879.7644439
0,4185,0.5578961372375488,0.6416517323775388,1785295879.845875
0,4186,0.7198860049247742,0.6416178929765887,1785295879.9320154
0,4187,0.7380391359329224,0.6415691425841892,1785295880.01573
0,4188,0.7907426357269287,0.6415801098376314,1785295880.0974224
0,4189,0.8963051438331604,0.6415463117689186,1785295880.179432
0,4190,0.5958309769630432,0.6415721957040573,1785295880.265092
0,4191,0.6285622119903564,0.6415384156525888,1785295880.3517022
0,4192,0.4800108075141907,0.6415941078244275,1785295880.4322665
0,4193,0.7156384587287903,0.6415752444550441,1785295880.5143015
0,4194,0.5617889761924744,0.6415861945636624,1785295880.5971677
0,4195,0.6918090581893921,0.6416418355184744,1785295880.6824548
0,4196,0.498529851436615,0.6416676596758818,1785295880.7647045
0,4197,0.4512542188167572,0.6416636883488206,1785295880.8463042
0,4198,0.6595925092697144,0.6416448308718438,1785295880.92743
0,4199,0.686255693435669,0.6416706358656823,1785295881.0094905
0,4200,0.47354134917259216,0.6417113095238095,1785295881.0918508
0,4201,0.5504263639450073,0.6417370864079981,1785295881.176312
0,4202,0.7804504632949829,0.6417479771537363,1785295881.2572317
0,4203,0.6583318114280701,0.6417588627171068,1785295881.3434641
0,4204,0.6705801486968994,0.6417846098953378,1785295881.4259255
0,4205,0.48016902804374695,0.6418103448275863,1785295881.510868
0,4206,0.4365326762199402,0.6418509272467903,1785295881.5933726
0,4207,0.5041036009788513,0.6418914903731875,1785295881.675558
0,4208,0.7370606064796448,0.6419023288973384,1785295881.7558155
0,4209,0.7930015325546265,0.6419428605369446,1785295881.8362663
0,4210,0.7193665504455566,0.6419685273159145,1785295881.9141245
0,4211,0.561150074005127,0.6419941819045357,1785295881.9958718
0,4212,0.795220136642456,0.6419753086419753,1785295882.0743155
0,4213,0.563182532787323,0.6419712793733682,1785295882.1574001
0,4214,0.6267430782318115,0.641952420503085,1785295882.236351
0,4215,0.5414739847183228,0.6419780545670225,1785295882.3185368
0,4216,0.44847261905670166,0.642033325426945,1785295882.3958378
0,4217,0.6261867880821228,0.6419848233341238,1785295882.4773312
0,4218,0.7829076647758484,0.6419363442389758,1785295882.5590663
0,4219,0.9034283757209778,0.6419767717468594,1785295882.6438758
0,4220,0.7205511331558228,0.6420171800947867,1785295882.7250917
0,4221,0.6360015869140625,0.6420575692963753,1785295882.810466
0,4222,0.5778458118438721,0.6420683325438181,1785295882.8952994
0,4223,0.471122682094574,0.6420938905991002,1785295882.9796975
0,4224,0.5619694590568542,0.6420750473484849,1785295883.060216
0,4225,0.6371864080429077,0.642085798816568,1785295883.1443553
0,4226,0.7223098278045654,0.6420669663984856,1785295883.2284985
0,4227,0.590106725692749,0.6420777146912704,1785295883.30938
0,4228,0.8962191343307495,0.642118022705771,1785295883.3901002
0,4229,0.4361875057220459,0.6421730905651454,1785295883.4703674
0,4230,0.768986165523529,0.6421985815602836,1785295883.5508597
0,4231,0.9684187769889832,0.6422092885842591,1785295883.6364975
0,4232,0.46090948581695557,0.6422790642722117,1785295883.7187085
0,4233,1.1207760572433472,0.6422749822820695,1785295883.8066735
0,4234,0.7269555926322937,0.6423004251299008,1785295883.8888075
0,4235,0.5353541970252991,0.6422963400236128,1785295883.9693167
0,4236,0.7578124403953552,0.6422922568460812,1785295884.0477529
0,4237,0.59446781873703,0.6422734245928723,1785295884.1257987
0,4238,0.5190922617912292,0.6422546012269938,1785295884.2036548
0,4239,0.5648698806762695,0.6422800188723755,1785295884.2826705
0,4240,0.7321411967277527,0.6422317216981132,1785295884.3611546
0,4241,0.6094335913658142,0.6422571327517095,1785295884.4395561
0,4242,0.6404197812080383,0.6422972654408298,1785295884.518084
0,4243,0.649683952331543,0.6423521093565874,1785295884.6002898
0,4244,0.6142740249633789,0.6423922007540056,1785295884.6829488
0,4245,0.7385463714599609,0.6424028268551236,1785295884.761906
0,4246,0.8230870962142944,0.6424134479510127,1785295884.8449824
0,4247,0.7538217306137085,0.6424240640452084,1785295884.9316602
0,4248,0.5067181587219238,0.6424641007532956,1785295885.0167565
0,4249,0.5801395177841187,0.6424599905860202,1785295885.0979638
0,4250,0.4849786162376404,0.6424852941176471,1785295885.1791651
0,4251,0.6497616171836853,0.6424811808986121,1785295885.2664435
0,4252,0.6941545009613037,0.6425064675446849,1785295885.3480222
0,4253,0.7943804264068604,0.6425317422995532,1785295885.4336782
0,4254,0.7271338701248169,0.6425276210625294,1785295885.5163798
0,4255,0.8704599738121033,0.6425235017626322,1785295885.5986714
0,4256,0.7226219177246094,0.6425193843984962,1785295885.6807535
0,4257,0.5990952849388123,0.6425446323702138,1785295885.767004
0,4258,0.7554599642753601,0.6425845467355566,1785295885.853419
0,4259,0.5252522826194763,0.6425950927447758,1785295885.934879
0,4260,0.78182452917099,0.6426496478873239,1785295886.0166283
0,4261,0.5819110870361328,0.642630837831495,1785295886.102721
0,4262,0.6450092196464539,0.642641365556077,1785295886.1878507
0,4263,0.6457083821296692,0.6426665493783721,1785295886.2675393
0,4264,0.8028514385223389,0.6426330909943715,1785295886.3521106
0,4265,0.6235622763633728,0.642672919109027,1785295886.431228
0,4266,0.6081563234329224,0.642654125644632,1785295886.5120578
0,4267,0.525745153427124,0.6426939301617061,1785295886.595195
0,4268,0.5650486946105957,0.6427044283036552,1785295886.674998
0,4269,0.64328533411026,0.6427149215272898,1785295886.7552476
0,4270,0.6506134271621704,0.6426814988290398,1785295886.8349664
0,4271,0.7073303461074829,0.6427212596581596,1785295886.9163113
0,4272,0.4379844069480896,0.6427756320224719,1785295886.9959097
0,4273,0.6813756227493286,0.6428007254856073,1785295887.076982
0,4274,0.5696812868118286,0.6427965605989705,1785295887.1636763
0,4275,0.5407544374465942,0.6427923976608187,1785295887.2459776
0,4276,0.5805994868278503,0.6428174695977549,1785295887.3308108
0,4277,0.7375127077102661,0.642842529810615,1785295887.4117532
0,4278,0.6632223129272461,0.6428237494156148,1785295887.4941075
0,4279,0.6389709711074829,0.6427757653657397,1785295887.575868
0,4280,0.7341630458831787,0.6428154205607477,1785295887.6570337
0,4281,0.46982431411743164,0.6428696566222845,1785295887.7427824
0,4282,0.8872291445732117,0.6428508874357777,1785295887.828621
0,4283,0.6486208438873291,0.6428613121643708,1785295887.910034
0,4284,0.5424917936325073,0.6429154995331466,1785295887.9909847
0,4285,0.6854422092437744,0.6429404900816803,1785295888.0758138
0,4286,0.5570887327194214,0.6429946336910872,1785295888.16162
0,4287,0.4720827639102936,0.6430195941217635,1785295888.2436428
0,4288,0.6207418441772461,0.6430445429104478,1785295888.33027
0,4289,0.5376383662223816,0.6430986243879693,1785295888.4116597
0,4290,0.4495803415775299,0.6431235431235431,1785295888.491897
0,4291,0.49902212619781494,0.6431193195059427,1785295888.569459
0,4292,0.5277879238128662,0.643129659832246,1785295888.6472056
0,4293,0.6280213594436646,0.6431545539249942,1785295888.7286303
0,4294,0.49211907386779785,0.6431794364229158,1785295888.8058553
0,4295,0.4931323230266571,0.6432043073341094,1785295888.886834
0,4296,0.47594666481018066,0.6432146182495344,1785295888.9652343
0,4297,0.6517122983932495,0.6432394693972538,1785295889.0426774
0,4298,0.691349446773529,0.6432061423918102,1785295889.1211922
0,4299,0.5127422213554382,0.6432309839497558,1785295889.1994567
0,4300,0.6713902354240417,0.6432267441860465,1785295889.2788997
0,4301,0.7320687770843506,0.6432515694024645,1785295889.3595414
0,4302,0.6366969347000122,0.6432473268247327,1785295889.4402945
0,4303,0.5334902405738831,0.6432576109690913,1785295889.5206199
0,4304,0.4337325096130371,0.6432969330855018,1785295889.6028073
0,4305,0.6205624341964722,0.6432926829268293,1785295889.6835322
0,4306,0.7361536622047424,0.6432884347422202,1785295889.7644594
0,4307,0.565004289150238,0.6432841885302996,1785295889.846171
0,4308,0.6377520561218262,0.6432509285051068,1785295889.926995
0,4309,0.4001098573207855,0.6433047110698538,1785295890.0116405
0,4310,0.7393842339515686,0.6433149651972158,1785295890.092521
0,4311,0.5336135029792786,0.6433687079563907,1785295890.173425
0,4312,1.0224255323410034,0.6433789424860853,1785295890.2591496
0,4313,0.6010850667953491,0.6434181544168792,1785295890.339401
0,4314,0.630997896194458,0.6434138850254983,1785295890.4239204
0,4315,0.7474561929702759,0.6433951332560834,1785295890.5052564
0,4316,0.47693711519241333,0.6434198331788693,1785295890.5853455
0,4317,0.8465762138366699,0.643458999305073,1785295890.667167
0,4318,0.5174455046653748,0.6434981472904122,1785295890.748914
0,4319,0.8721415400505066,0.6435083352627923,1785295890.8298185
0,4320,0.7116488814353943,0.6435329861111111,1785295890.9090781
0,4321,0.6600318551063538,0.6435431613052535,1785295890.9903207
0,4322,0.5744491815567017,0.6435967144840352,1785295891.0690506
0,4323,0.5966892838478088,0.6435924126763821,1785295891.1471484
0,4324,0.3763875365257263,0.6436459296947271,1785295891.2252564
0,4325,0.6078271865844727,0.643684971098266,1785295891.3033605
0,4326,0.4453905522823334,0.6437239944521498,1785295891.381079
0,4327,0.6920630931854248,0.6437485555812341,1785295891.4595852
0,4328,0.6509824991226196,0.6437009011090573,1785295891.5384555
0,4329,0.6452982425689697,0.6437398937398937,1785295891.6194901
0,4330,0.7968920469284058,0.6437933025404157,1785295891.7004788
0,4331,0.6825414896011353,0.643817824982683,1785295891.7835739
0,4332,0.5084956288337708,0.6438134810710988,1785295891.864087
0,4333,0.6759539246559143,0.6437802907915994,1785295891.9459321
0,4334,0.4283803403377533,0.6438336409783111,1785295892.0272555
0,4335,0.7007801532745361,0.6438292964244521,1785295892.108608
0,4336,0.48210465908050537,0.6438681964944649,1785295892.1887643
0,4337,0.5578248500823975,0.6438782568595803,1785295892.2720149
0,4338,0.6157191395759583,0.6438883125864454,1785295892.356919
0,4339,0.5857498645782471,0.6438839594376584,1785295892.4379737
0,4340,0.6900556683540344,0.6438940092165899,1785295892.5193324
0,4341,0.5519890785217285,0.6439328495738309,1785295892.6056736
0,4342,0.5695119500160217,0.6439428834638415,1785295892.6865335
0,4343,0.6510193347930908,0.6439529127331338,1785295892.767794
0,4344,0.4982824921607971,0.6439917127071824,1785295892.8489926
0,4345,0.6319032907485962,0.6439441887226698,1785295892.9356177
0,4346,0.463344931602478,0.6439685918085596,1785295893.014331
0,4347,0.7099231481552124,0.6439498504715896,1785295893.0966775
0,4348,0.5749725103378296,0.6439598666053358,1785295893.1773179
0,4349,0.43690025806427,0.6439986203724994,1785295893.2623146
0,4350,0.6055132150650024,0.6439942528735633,1785295893.3428528
0,4351,0.6920232176780701,0.6440042518961159,1785295893.4273214
0,4352,0.6275877952575684,0.6439855238970589,1785295893.5073125
0,4353,0.6136349439620972,0.6440385940730531,1785295893.5897973
0,4354,0.44129687547683716,0.644077285254938,1785295893.6727657
0,4355,0.7264843583106995,0.6440442020665901,1785295893.7539022
0,4356,0.723431408405304,0.6440111340679523,1785295893.8327606
0,4357,0.509539008140564,0.644021115446408,1785295893.9150305
0,4358,0.5762776136398315,0.6440024093620927,1785295893.9972353
0,4359,0.49383413791656494,0.6439980500114705,1785295894.0801225
0,4360,0.5248299837112427,0.6439793577981652,1785295894.1621654
0,4361,0.4330984652042389,0.6440180004586105,1785295894.2441342
0,4362,0.5659692287445068,0.6440279688216415,1785295894.325174
0,4363,0.9303619265556335,0.6440665826266331,1785295894.404414
0,4364,0.4755496382713318,0.6440908570119157,1785295894.4838226
0,4365,0.8882888555526733,0.6441008018327606,1785295894.5657487
0,4366,0.6660284996032715,0.6441393724232707,1785295894.6477628
0,4367,0.6461648941040039,0.6441349896954431,1785295894.731251
0,4368,0.9416071176528931,0.6441306089743589,1785295894.8119538
0,4369,0.8127952814102173,0.6441691462577249,1785295894.8940983
0,4370,0.6514420509338379,0.6442076659038901,1785295894.9719594
0,4371,0.5101392269134521,0.6442175703500344,1785295895.0521572
0,4372,0.5363803505897522,0.6442417657822507,1785295895.1362147
0,4373,0.5308610796928406,0.6442659501486394,1785295895.2215753
0,4374,0.7829529643058777,0.6443044124371284,1785295895.3013382
0,4375,0.8628056049346924,0.6443,1785295895.3820007
0,4376,0.9313215017318726,0.6442813071297989,1785295895.4638188
0,4377,0.6599247455596924,0.6442911811743203,1785295895.5418425
0,4378,0.6997958421707153,0.6442582229328461,1785295895.6194673
0,4379,0.6955912113189697,0.6442966430691939,1785295895.7005632
0,4380,0.8036441802978516,0.6443493150684931,1785295895.7783701
0,4381,0.6054141521453857,0.6443734307235791,1785295895.858757
0,4382,0.6651710867881775,0.6443975353719763,1785295895.9399796
0,4383,0.5795019865036011,0.6444216290212184,1785295896.0227041
0,4384,0.8160457611083984,0.6444599680656934,1785295896.1034868
0,4385,0.5870107412338257,0.6444412770809578,1785295896.183948
0,4386,0.5009452700614929,0.6444653442772458,1785295896.2629676
0,4387,0.5098684430122375,0.6444466605881012,1785295896.3431373
0,4388,0.6338032484054565,0.6444707155879672,1785295896.4206245
0,4389,0.5157553553581238,0.6445232399179768,1785295896.4983642
0,4390,0.6181885600090027,0.6445615034168565,1785295896.5764334
0,4391,0.7863121628761292,0.644571282168071,1785295896.6590486
0,4392,0.7393741011619568,0.6445810564663024,1785295896.7418482
0,4393,0.5085817575454712,0.6445481447757796,1785295896.8204458
0,4394,0.5677993297576904,0.6445436959490214,1785295896.901799
0,4395,0.6830816268920898,0.6445108077360637,1785295896.9795904
0,4396,0.6149954199790955,0.6445348043676069,1785295897.0613968
0,4397,0.42928460240364075,0.6446156470320673,1785295897.1375585
0,4398,0.617135226726532,0.6446253979081401,1785295897.2177331
0,4399,0.6868860721588135,0.6446351443509889,1785295897.2954473
0,4400,0.790830135345459,0.6446022727272728,1785295897.3732705
0,4401,0.6298398971557617,0.6446262213133379,1785295897.4574342
0,4402,0.6996059417724609,0.6446643571104044,1785295897.5356185
0,4403,0.37911731004714966,0.6447024755848285,1785295897.61281
0,4404,0.821509599685669,0.6446696185286104,1785295897.6907468
0,4405,0.7871055603027344,0.6446509648127128,1785295897.7687285
0,4406,0.7253485321998596,0.644703245574217,1785295897.8479555
0,4407,0.8119962215423584,0.6447129566598593,1785295897.925619
0,4408,0.6468935012817383,0.644722663339383,1785295898.007009
0,4409,0.5782560706138611,0.64477489226582,1785295898.0888078
0,4410,0.688861072063446,0.6447845804988662,1785295898.168961
0,4411,0.48303279280662537,0.6447942643391521,1785295898.2507207
0,4412,0.6574472188949585,0.6448039437896645,1785295898.3304644
0,4413,0.7989521622657776,0.644827781554498,1785295898.4138198
0,4414,0.7332309484481812,0.6448091300407793,1785295898.4967892
0,4415,0.5276211500167847,0.6447904869762174,1785295898.574639
0,4416,0.6143686175346375,0.6448284646739131,1785295898.6571589
0,4417,0.5917180776596069,0.6448522752999774,1785295898.735335
0,4418,0.6006682515144348,0.6448619284744228,1785295898.8136668
0,4419,0.6585453152656555,0.6448857207513012,1785295898.8960729
0,4420,0.6849474310874939,0.6449095022624435,1785295898.9745853
0,4421,0.5813425779342651,0.6449615471612757,1785295899.0522618
0,4422,0.6786742210388184,0.6449428991406604,1785295899.1306295
0,4423,0.48555922508239746,0.6449807822744743,1785295899.212454
0,4424,0.7945687174797058,0.6449903933092225,1785295899.2960548
0,4425,0.6504162549972534,0.6450141242937854,1785295899.373613
0,4426,0.7770253419876099,0.6450519656574786,1785295899.4518523
0,4427,0.708881139755249,0.6450756720126497,1785295899.5308692
0,4428,0.5406495332717896,0.645141711833785,1785295899.6094108
0,4429,0.887726902961731,0.6452077218333709,1785295899.6904786
0,4430,0.496354877948761,0.6452313769751693,1785295899.768781
0,4431,0.48125889897346497,0.6452691266079892,1785295899.8463228
0,4432,0.8306102156639099,0.645278655234657,1785295899.92453
0,4433,0.4425359070301056,0.6453304759756373,1785295900.0081108
0,4434,0.5129715204238892,0.6453540820929183,1785295900.0861773
0,4435,0.6732327938079834,0.6453354002254792,1785295900.1643145
0,4436,0.5298296809196472,0.6453308160504959,1785295900.2422252
0,4437,0.5676019191741943,0.6453262339418526,1785295900.3198504
0,4438,0.9892556667327881,0.6453216538981523,1785295900.3980448
0,4439,0.6440645456314087,0.6453029961703086,1785295900.4789808
0,4440,0.3990539014339447,0.6453547297297297,1785295900.556796
0,4441,0.39445948600769043,0.6453782931772123,1785295900.6338742
0,4442,0.7614218592643738,0.6454159162539397,1785295900.7124267
0,4443,0.5872645378112793,0.64543945532298,1785295900.7901855
0,4444,0.523224413394928,0.6454629837983799,1785295900.8678298
0,4445,0.594514787197113,0.645486501687289,1785295900.9466944
0,4446,0.43375658988952637,0.6455100089968511,1785295901.0254269
0,4447,0.5577015280723572,0.6454772880593659,1785295901.102699
0,4448,0.8218998312950134,0.6454867356115108,1785295901.1818154
0,4449,0.8079910278320312,0.645524275118004,1785295901.2645247
0,4450,0.6148259043693542,0.6455477528089888,1785295901.346805
0,4451,0.4477503299713135,0.6455571781622107,1785295901.4252863
0,4452,0.7206102013587952,0.6455946765498652,1785295901.5087507
0,4453,0.7955820560455322,0.6455760161688749,1785295901.5886297
0,4454,0.48023051023483276,0.6456134934889987,1785295901.6655967
0,4455,0.4001504182815552,0.6456509539842873,1785295901.7445905
0,4456,0.333061158657074,0.6457024236983842,1785295901.8219247
0,4457,0.4914553463459015,0.6457398474310074,1785295901.9035935
0,4458,0.5064171552658081,0.6457492148945716,1785295901.9815662
0,4459,0.8872394561767578,0.6457725947521866,1785295902.0597696
0,4460,0.6136040091514587,0.6457539237668162,1785295902.1375866
0,4461,0.5057560205459595,0.6457913023985653,1785295902.2192671
0,4462,0.45623546838760376,0.6458146571044374,1785295902.2982047
0,4463,0.6946080923080444,0.6458099932780641,1785295902.3790615
0,4464,0.7714665532112122,0.645819332437276,1785295902.4579062
0,4465,0.5123848915100098,0.6458146696528555,1785295902.5399222
0,4466,0.8728199005126953,0.6458379982086878,1785295902.622088
0,4467,0.7002580761909485,0.6458473248265055,1785295902.6998901
0,4468,0.4924694895744324,0.645884623992838,1785295902.778938
0,4469,0.5774258375167847,0.6459358916983665,1785295902.859416
0,4470,0.6813771724700928,0.6459591722595078,1785295902.9396431
0,4471,0.6829164624214172,0.6459684634309998,1785295903.0175283
0,4472,0.4078236222267151,0.6460057021466905,1785295903.1000435
0,4473,0.663852334022522,0.6460010060362174,1785295903.1776493
0,4474,0.7021950483322144,0.6460102816271792,1785295903.2551525
0,4475,0.732162594795227,0.6459916201117318,1785295903.3366563
0,4476,0.653578519821167,0.6459869302949062,1785295903.4149277
0,4477,0.7288213968276978,0.6459822425731516,1785295903.4925456
0,4478,0.6304776668548584,0.6460054711924966,1785295903.5718434
0,4479,0.34765294194221497,0.6460426434471981,1785295903.649835
0,4480,0.5209724307060242,0.6460658482142857,1785295903.7271638
0,4481,0.45669540762901306,0.6461169381834412,1785295903.8045802
0,4482,1.1141388416290283,0.6461819500223115,1785295903.882104
0,4483,0.5453811883926392,0.6461911666294892,1785295903.9625993
0,4484,0.7677825689315796,0.6462003791257805,1785295904.0451746
0,4485,0.5121652483940125,0.6462374581939799,1785295904.1240053
0,4486,0.4524589776992798,0.646260588497548,1785295904.2061017
0,4487,0.7365226149559021,0.6462558502340093,1785295904.2842107
0,4488,0.6452959179878235,0.6462511140819964,1785295904.3622575
0,4489,0.8536473512649536,0.6462603029627979,1785295904.4440567
0,4490,0.5869663953781128,0.6462834075723831,1785295904.522221
0,4491,0.5855991840362549,0.6462786684480071,1785295904.5997055
0,4492,0.5564315319061279,0.646260017809439,1785295904.677773
0,4493,0.5484219193458557,0.6462413754729579,1785295904.7566001
0,4494,0.5507721900939941,0.6462783711615487,1785295904.834536
0,4495,0.5910694599151611,0.646273637374861,1785295904.9124877
0,4496,0.571108877658844,0.6462689056939501,1785295904.9916704
0,4497,0.9189630150794983,0.6462224816544363,1785295905.0722165
0,4498,0.6914066076278687,0.6461760782570031,1785295905.1556032
0,4499,0.49482524394989014,0.6462130473438542,1785295905.233766
0,4500,0.5620557069778442,0.6462222222222223,1785295905.3173058
0,4501,0.715606689453125,0.6462175072206177,1785295905.3959231
0,4502,1.0957828760147095,0.6462405597512216,1785295905.477621
0,4503,0.5899786353111267,0.6462497224072841,1785295905.554969
0,4504,0.5299417972564697,0.6462727575488455,1785295905.6332278
0,4505,0.751305103302002,0.6462541620421753,1785295905.7159433
0,4506,0.6053279042243958,0.6462633155792277,1785295905.7938557
0,4507,0.7458397150039673,0.6462585977368538,1785295905.8754065
0,4508,0.5448591113090515,0.6462816104702751,1785295905.9579532
0,4509,0.6573445200920105,0.646290751829674,1785295906.035728
0,4510,0.722029447555542,0.6462583148558758,1785295906.1149192
0,4511,0.8770674467086792,0.6462536023054755,1785295906.1973763
0,4512,0.6305068135261536,0.6462765957446809,1785295906.2745833
0,4513,0.6566325426101685,0.6462718812319964,1785295906.3573024
0,4514,0.8300501704216003,0.6462810146211786,1785295906.4367335
0,4515,0.5874385237693787,0.6462901439645625,1785295906.5188484
0,4516,0.7485495209693909,0.646257750221435,1785295906.6018052
0,4517,0.8468058705329895,0.6462530440557892,1785295906.679631
0,4518,0.7362971305847168,0.6462621735281098,1785295906.7585728
0,4519,0.8626080751419067,0.6463127904403629,1785295906.8408663
0,4520,0.4566689133644104,0.6463495575221239,1785295906.923535
0,4521,0.29002177715301514,0.6464139570891396,1785295907.0015593
0,4522,0.5538790822029114,0.6464230429013711,1785295907.0791452
0,4523,0.683963418006897,0.6463906699093522,1785295907.156432
0,4524,0.5988218188285828,0.6463859416445623,1785295907.2343197
0,4525,0.560926079750061,0.6463674033149172,1785295907.3121755
0,4526,0.7235510945320129,0.6463350640742377,1785295907.3899662
0,4527,0.5503484606742859,0.6463579633311244,1785295907.4716523
0,4528,0.4417394995689392,0.6464360644876325,1785295907.5477965
0,4529,0.5305500030517578,0.6464451313755796,1785295907.6306434
0,4530,0.6704244613647461,0.6464403973509933,1785295907.7087688
0,4531,0.8053708076477051,0.6464218715515339,1785295907.7891903
0,4532,0.6445654034614563,0.6464309355692851,1785295907.8668802
0,4533,0.7332391738891602,0.6464399955879109,1785295907.9453256
0,4534,0.4427618980407715,0.6464766210851345,1785295908.0224981
0,4535,0.7689539194107056,0.6464443219404631,1785295908.1003046
0,4536,0.503984808921814,0.646439594356261,1785295908.1776328
0,4537,0.7302374243736267,0.6464486444787304,1785295908.2612069
0,4538,0.4520454704761505,0.6464714631996474,1785295908.3426125
0,4539,0.6013303995132446,0.6464942718660498,1785295908.4252834
0,4540,0.7035364508628845,0.6464895374449339,1785295908.5031612
0,4541,0.5632411241531372,0.6465123320854438,1785295908.5836558
0,4542,0.5794942378997803,0.6465075957727873,1785295908.665587
0,4543,0.5059264302253723,0.6465028615452344,1785295908.748608
0,4544,0.680404543876648,0.6465393926056338,1785295908.8299043
0,4545,0.7490872740745544,0.646548404840484,1785295908.9108512
0,4546,0.7866224646568298,0.6465711614606248,1785295908.990725
0,4547,0.6468302607536316,0.6466213987244337,1785295909.0681171
0,4548,0.5013167858123779,0.6466166446789797,1785295909.1454732
0,4549,0.4058302640914917,0.6466668498571114,1785295909.2236836
0,4550,0.39564186334609985,0.6466895604395604,1785295909.301552
0,4551,0.4339824914932251,0.646753460777851,1785295909.3817065
0,4552,0.5195069313049316,0.6467349516695958,1785295909.4623156
0,4553,0.4535941183567047,0.6467301779046782,1785295909.5412772
0,4554,0.6356731653213501,0.6467254062362758,1785295909.6187742
0,4555,0.7119454145431519,0.6466931942919868,1785295909.6964862
0,4556,0.6818940043449402,0.6466747146619842,1785295909.7745042
0,4557,0.6936945915222168,0.6466836734693877,1785295909.8519578
0,4558,0.8194441795349121,0.6466652040368582,1785295909.9298499
0,4559,0.30990615487098694,0.6467289975871902,1785295910.0068226
0,4560,0.511070191860199,0.6467516447368421,1785295910.084608
0,4561,0.5202796459197998,0.6468153913615435,1785295910.1661892
0,4562,0.5810792446136475,0.6468517097764138,1785295910.2438548
0,4563,0.7762349247932434,0.6468469208853824,1785295910.327186
0,4564,0.578885018825531,0.646828439964943,1785295910.4107587
0,4565,0.6421473026275635,0.6468236582694414,1785295910.487944
0,4566,0.3553064465522766,0.6468736311870346,1785295910.5670824
0,4567,0.7271983623504639,0.6468551565579155,1785295910.647971
0,4568,0.5078575015068054,0.6468093257443083,1785295910.72863
0,4569,0.31042757630348206,0.6468729481286933,1785295910.808881
0,4570,0.6923195719718933,0.6468681619256017,1785295910.8909118
0,4571,0.7902966141700745,0.6468633778166704,1785295910.9689407
0,4572,0.7811805605888367,0.6468996062992126,1785295911.0488582
0,4573,0.5642884373664856,0.6468538158757927,1785295911.1271605
0,4574,0.47090625762939453,0.6468490380411018,1785295911.204188
0,4575,0.6240110993385315,0.6468715846994536,1785295911.285159
0,4576,1.0032113790512085,0.6469077797202797,1785295911.3619711
0,4577,0.6696767807006836,0.6469303036923749,1785295911.440317
0,4578,0.5215368866920471,0.6469118610747051,1785295911.5179536
0,4579,0.6041792631149292,0.6469480235859358,1785295911.5977778
0,4580,0.4402521252632141,0.6469705240174672,1785295911.6753767
0,4581,0.969742476940155,0.6469793713163065,1785295911.7570653
0,4582,0.6331171989440918,0.6469472937581842,1785295911.8346114
0,4583,0.5572514533996582,0.646956142264892,1785295911.9146752
0,4584,0.5515697002410889,0.6469786212914486,1785295911.9918816
0,4585,0.648556113243103,0.6470147219193021,1785295912.0732682
0,4586,0.7218864560127258,0.647037178368949,1785295912.1539133
0,4587,0.7453595399856567,0.6470187486374537,1785295912.2315874
0,4588,0.5495641827583313,0.6470275719267655,1785295912.309924
0,4589,0.7339393496513367,0.647036391370669,1785295912.392858
0,4590,0.5045034885406494,0.6470588235294118,1785295912.4704437
0,4591,0.4828267991542816,0.6470676323241124,1785295912.5523875
0,4592,0.32586470246315,0.6471036585365854,1785295912.630242
0,4593,0.7042500972747803,0.6470988460701067,1785295912.71321
0,4594,0.6581637859344482,0.6471348498040923,1785295912.7920103
0,4595,0.6512413620948792,0.6471300326441785,1785295912.8732758
0,4596,0.518947958946228,0.647138816362054,1785295912.9515193
0,4597,0.6856552362442017,0.6471475962584294,1785295913.0293977
0,4598,0.5467381477355957,0.6471699652022619,1785295913.1068058
0,4599,0.5743719339370728,0.6471651445966514,1785295913.1841779
0,4600,0.5469958782196045,0.6471739130434783,1785295913.2619433
0,4601,0.5837134122848511,0.6471826776787655,1785295913.3404334
0,4602,0.6258450150489807,0.6471914385049978,1785295913.4186666
0,4603,0.7597951889038086,0.6471866174234195,1785295913.4961433
0,4604,0.6412868499755859,0.6471817984361424,1785295913.5736704
0,4605,0.5803074240684509,0.6471634093376765,1785295913.654309
0,4606,0.3185485303401947,0.6472128745115068,1785295913.7373207
0,4607,0.5755341053009033,0.6471809203386152,1785295913.8147728
0,4608,0.6066589951515198,0.647216796875,1785295913.8923204
0,4609,0.5497850179672241,0.6472255369928401,1785295913.974179
0,4610,0.8279610872268677,0.64720715835141,1785295914.0568933
0,4611,0.5930601358413696,0.6472294513120798,1785295914.1356552
0,4612,0.5925171971321106,0.6472381830008673,1785295914.2187154
0,4613,0.7012087106704712,0.647246910903967,1785295914.2957492
0,4614,0.5553717613220215,0.647282726484612,1785295914.3762453
0,4615,0.943412721157074,0.6473049837486458,1785295914.4558132
0,4616,0.5866719484329224,0.6473001516464472,1785295914.533223
0,4617,0.5624924302101135,0.6472953216374269,1785295914.6145709
0,4618,0.6042947769165039,0.6473040277176266,1785295914.6919389
0,4619,0.6164646744728088,0.6472856678934834,1785295914.7750216
0,4620,0.46501225233078003,0.6473079004329004,1785295914.855334
0,4621,0.547896683216095,0.6473301233499242,1785295914.9367478
0,4622,0.5428565144538879,0.6473117697966249,1785295915.0182734
0,4623,0.7875815629959106,0.6473204629028769,1785295915.0960717
0,4624,0.6445772647857666,0.6473426686851211,1785295915.178977
0,4625,0.5222897529602051,0.6473243243243243,1785295915.2606735
0,4626,1.141296148300171,0.6473870514483355,1785295915.3388026
0,4627,0.5092520713806152,0.647395720769397,1785295915.4157004
0,4628,0.6072514653205872,0.6474043863439931,1785295915.4928982
0,4629,0.71232008934021,0.647399546338302,1785295915.5760493
0,4630,0.6908682584762573,0.6473812095032397,1785295915.6541936
0,4631,0.573724627494812,0.6473898725977111,1785295915.7344449
0,4632,0.6731679439544678,0.6473715457685665,1785295915.8132393
0,4633,0.5150923132896423,0.6473802072091518,1785295915.890736
0,4634,0.690062940120697,0.6474158394475615,1785295915.9738195
0,4635,0.5985040068626404,0.6473975188781014,1785295916.055448
0,4636,0.41816943883895874,0.6474331320103538,1785295916.1327484
0,4637,0.5199935436248779,0.6474148156135432,1785295916.2136045
0,4638,0.5451847314834595,0.6474504096593359,1785295916.2909255
0,4639,0.6701413989067078,0.6474590428971762,1785295916.3725219
0,4640,0.8278772234916687,0.6474811422413793,1785295916.4506352
0,4641,0.5558767318725586,0.647489765136824,1785295916.528706
0,4642,0.4731334149837494,0.6475118483412322,1785295916.6115286
0,4643,0.5108780860900879,0.6475204609088951,1785295916.6905248
0,4644,0.415242075920105,0.6475425279931094,1785295916.768319
0,4645,0.8434885740280151,0.647578040904198,1785295916.846577
0,4646,0.7478853464126587,0.6476000860955661,1785295916.9246092
0,4647,0.7171298861503601,0.6476086722616742,1785295917.007937
0,4648,0.574643075466156,0.6476038080895009,1785295917.0899212
0,4649,0.6073986291885376,0.647612389761239,1785295917.1676908
0,4650,0.6036720871925354,0.6476209677419354,1785295917.2504976
0,4651,0.5950031876564026,0.6476429800043001,1785295917.332524
0,4652,0.6833635568618774,0.6476381126397248,1785295917.411887
0,4653,0.5321337580680847,0.6476332473672899,1785295917.4905684
0,4654,0.6297435164451599,0.6476283841856467,1785295917.5685544
0,4655,0.7789498567581177,0.6475563909774437,1785295917.6513922
0,4656,0.3800413906574249,0.6475649699312714,1785295917.7296953
0,4657,0.5209401845932007,0.647573545200773,1785295917.809919
0,4658,0.6767094135284424,0.6475955345641906,1785295917.8911314
0,4659,0.44682881236076355,0.6475772698003863,1785295917.9700866
0,4660,0.4294990301132202,0.6475992489270386,1785295918.050926
0,4661,0.7619184255599976,0.6476212186226131,1785295918.1291153
0,4662,0.6538916230201721,0.6476029601029601,1785295918.2127867
0,4663,0.6912416219711304,0.6475981128029166,1785295918.2944312
0,4664,0.6048420667648315,0.6475798670668954,1785295918.3722348
0,4665,0.8560230135917664,0.6475482315112541,1785295918.4551306
0,4666,0.4167202413082123,0.6475701885983712,1785295918.5363295
0,4667,0.6597267985343933,0.6475921362759803,1785295918.6137295
0,4668,0.6183955073356628,0.6475872964867181,1785295918.6945822
0,4669,0.4893478453159332,0.6476092310987364,1785295918.7762654
0,4670,0.6434171199798584,0.647644539614561,1785295918.8546138
0,4671,0.6818466782569885,0.6476664525797474,1785295918.9346871
0,4672,0.6818280220031738,0.6476883561643836,1785295919.0127187
0,4673,0.6172271370887756,0.6477102503744918,1785295919.0907817
0,4674,0.41665494441986084,0.6477588789045785,1785295919.1694453
0,4675,0.6928941011428833,0.6477673796791444,1785295919.2477908
0,4676,0.4948917031288147,0.647775876817793,1785295919.3266115
0,4677,0.5990376472473145,0.647771007055805,1785295919.4066942
0,4678,0.5092523097991943,0.6477794997862334,1785295919.4891546
0,4679,0.8071024417877197,0.6478147039965805,1785295919.5718546
0,4680,0.5088047385215759,0.6478098290598291,1785295919.6514916
0,4681,0.5701674818992615,0.6477916043580432,1785295919.7298052
0,4682,0.5105544924736023,0.6477600384451089,1785295919.8103316
0,4683,0.6191918849945068,0.647781870595772,1785295919.892954
0,4684,0.9264954924583435,0.6477636635354398,1785295919.9742084
0,4685,0.7520557045936584,0.6477588046958378,1785295920.0522308
0,4686,0.5530948638916016,0.6477539479300043,1785295920.133646
0,4687,1.2396976947784424,0.6477890975037337,1785295920.2159116
0,4688,0.6182469725608826,0.6477442406143344,1785295920.293805
0,4689,0.9051049947738647,0.64776604819791,1785295920.3731842
0,4690,0.6183291077613831,0.6477878464818764,1785295920.4517636
0,4691,0.6123668551445007,0.6477696653165637,1785295920.529889
0,4692,0.7429747581481934,0.6478314151747656,1785295920.606237
0,4693,0.7445887327194214,0.6478265501811208,1785295920.6847203
0,4694,0.6191588640213013,0.6478350021303793,1785295920.762812
0,4695,0.7026905417442322,0.6478434504792332,1785295920.8446703
0,4696,1.0311179161071777,0.6478918228279387,1785295920.9216049
0,4697,0.9753109216690063,0.6479002554822227,1785295921.003934
0,4698,0.79634690284729,0.6478953810131971,1785295921.087396
0,4699,0.6984707117080688,0.6479171100234092,1785295921.1646008
0,4700,0.6304788589477539,0.6479122340425532,1785295921.241099
0,4701,0.44693827629089355,0.64797383535418,1785295921.3161857
0,4702,0.5149101614952087,0.6479955338153977,1785295921.3927004
0,4703,0.4842470586299896,0.6480039336593664,1785295921.4689767
0,4704,0.448100209236145,0.6480389030612245,1785295921.5457954
0,4705,0.6923863887786865,0.6480472901168969,1785295921.6224294
1,4706,1.1817196607589722,0.75,1785295943.3671644
1,4707,0.6139552593231201,0.6875,1785295943.449629
1,4708,0.5719282627105713,0.6458333333333334,1785295943.538162
1,4709,0.44080600142478943,0.65625,1785295943.620281
1,4710,0.8012124300003052,0.6375,1785295943.7030253
1,4711,0.5542799830436707,0.6666666666666666,1785295943.7849357
1,4712,0.5853220820426941,0.6517857142857143,1785295943.8678207
1,4713,0.7535907030105591,0.6484375,1785295943.9478629
1,4714,0.5862143039703369,0.6388888888888888,1785295944.0254438
1,4715,0.7492969036102295,0.63125,1785295944.1047938
1,4716,0.5599353909492493,0.6363636363636364,1785295944.183948
1,4717,0.6350210309028625,0.640625,1785295944.2635696
1,4718,0.5940273404121399,0.6442307692307693,1785295944.3415532
1,4719,0.667718231678009,0.65625,1785295944.423524
1,4720,0.6828163266181946,0.6583333333333333,1785295944.5099394
1,4721,0.7651143670082092,0.65234375,1785295944.595334
1,4722,0.623889684677124,0.6507352941176471,1785295944.675345
1,4723,0.6916942000389099,0.6527777777777778,1785295944.75431
1,4724,0.5503513813018799,0.6513157894736842,1785295944.8341215
1,4725,0.707074761390686,0.646875,1785295944.9129744
1,4726,0.8001897931098938,0.6488095238095238,1785295944.9910598
1,4727,0.5236057639122009,0.6505681818181818,1785295945.0721204
1,4728,0.5064826011657715,0.654891304347826,1785295945.1536512
1,4729,0.7855589389801025,0.6484375,1785295945.236068
1,4730,0.4394527077674866,0.65,1785295945.3156276
1,4731,0.5492025017738342,0.6514423076923077,1785295945.3977094
1,4732,0.8282576203346252,0.6458333333333334,1785295945.476149
1,4733,0.6808733940124512,0.6450892857142857,1785295945.5577252
1,4734,0.5331244468688965,0.6508620689655172,1785295945.637127
1,4735,1.0106887817382812,0.6520833333333333,1785295945.7206275
1,4736,0.5887868404388428,0.655241935483871,1785295945.7984154
1,4737,0.656868577003479,0.66015625,1785295945.88139
1,4738,0.639872670173645,0.6553030303030303,1785295945.9589472
1,4739,0.9764856696128845,0.6544117647058824,1785295946.03692
1,4740,0.5868481397628784,0.6553571428571429,1785295946.1144643
1,4741,0.4193688631057739,0.6527777777777778,1785295946.192936
1,4742,0.5511161088943481,0.6554054054054054,1785295946.2734983
1,4743,0.4377842843532562,0.6595394736842105,1785295946.3514085
1,4744,0.6965802907943726,0.6650641025641025,1785295946.4345248
1,4745,0.5957502126693726,0.6625,1785295946.515998
1,4746,0.7279582023620605,0.6615853658536586,1785295946.596
1,4747,0.6130081415176392,0.6622023809523809,1785295946.6755369
1,4748,0.5606780052185059,0.6671511627906976,1785295946.7541234
1,4749,0.6577604413032532,0.6704545454545454,1785295946.842861
1,4750,0.7665188312530518,0.6694444444444444,1785295946.9288225
1,4751,0.6839125752449036,0.6684782608695652,1785295947.0144126
1,4752,0.5072166919708252,0.6702127659574468,1785295947.1023378
1,4753,0.5956505537033081,0.6653645833333334,1785295947.1829515
1,4754,0.8364617824554443,0.6683673469387755,1785295947.263297
1,4755,0.7197657823562622,0.67,1785295947.3456538
1,4756,0.6151571273803711,0.6678921568627451,1785295947.424287
1,4757,0.611812949180603,0.6658653846153846,1785295947.50236
1,4758,0.6383832097053528,0.6662735849056604,1785295947.5855243
1,4759,0.49250081181526184,0.6666666666666666,1785295947.6729684
1,4760,0.5915626883506775,0.6693181818181818,1785295947.754514
1,4761,0.63277268409729,0.6662946428571429,1785295947.8355677
1,4762,0.5764555931091309,0.6633771929824561,1785295947.9131176
1,4763,0.9409884810447693,0.6594827586206896,1785295947.9918418
1,4764,0.48590680956840515,0.659957627118644,1785295948.0713618
1,4765,0.5906515121459961,0.659375,1785295948.1492
1,4766,0.319227933883667,0.6629098360655737,1785295948.2266517
1,4767,0.4827136695384979,0.6633064516129032,1785295948.3042946
1,4768,0.6857130527496338,0.6597222222222222,1785295948.3857415
1,4769,0.6452199816703796,0.6611328125,1785295948.4676592
1,4770,0.8244658708572388,0.6615384615384615,1785295948.5455055
1,4771,0.5073068737983704,0.6600378787878788,1785295948.629396
1,4772,0.4866771101951599,0.6567164179104478,1785295948.7075582
1,4773,0.5278464555740356,0.6553308823529411,1785295948.7868524
1,4774,0.618121325969696,0.654891304347826,1785295948.8655055
1,4775,0.5864951610565186,0.65625,1785295948.9431975
1,4776,0.7264549732208252,0.6549295774647887,1785295949.0209837
1,4777,0.848829984664917,0.6579861111111112,1785295949.098318
1,4778,0.4705221652984619,0.6592465753424658,1785295949.175611
1,4779,0.5716452598571777,0.6587837837837838,1785295949.2533252
1,4780,0.5474953651428223,0.6591666666666667,1785295949.3310664
1,4781,0.4568689465522766,0.6595394736842105,1785295949.4090261
1,4782,0.4067135453224182,0.6607142857142857,1785295949.4890115
1,4783,0.5708392262458801,0.6610576923076923,1785295949.567251
1,4784,0.5940622091293335,0.6606012658227848,1785295949.645128
1,4785,0.6538501381874084,0.6609375,1785295949.7228277
1,4786,0.5803443193435669,0.6597222222222222,1785295949.801376
1,4787,0.6594710350036621,0.6570121951219512,1785295949.8823292
1,4788,0.7165135741233826,0.6588855421686747,1785295949.9628463
1,4789,0.5472090244293213,0.6592261904761905,1785295950.0448756
1,4790,0.5030858516693115,0.6617647058823529,1785295950.1241944
1,4791,0.6087723970413208,0.6598837209302325,1785295950.20693
1,4792,0.5941269993782043,0.6602011494252874,1785295950.2871695
1,4793,0.5706902742385864,0.6590909090909091,1785295950.368829
1,4794,0.6410508751869202,0.6594101123595506,1785295950.4466138
1,4795,0.556715190410614,0.6597222222222222,1785295950.5281768
1,4796,0.5462592244148254,0.6607142857142857,1785295950.6111739
1,4797,0.46195244789123535,0.6623641304347826,1785295950.695187
1,4798,0.5320499539375305,0.6639784946236559,1785295950.7731698
1,4799,0.6340314149856567,0.6655585106382979,1785295950.8505428
1,4800,0.5175063610076904,0.6677631578947368,1785295950.9325035
1,4801,0.8302085995674133,0.6673177083333334,1785295951.0154333
1,4802,0.9972364902496338,0.6681701030927835,1785295951.0935068
1,4803,0.8819315433502197,0.6677295918367347,1785295951.1726627
1,4804,0.6651990413665771,0.6666666666666666,1785295951.252059
1,4805,0.4338257312774658,0.666875,1785295951.3294976
1,4806,0.7659809589385986,0.6646039603960396,1785295951.4105623
1,4807,0.5462647676467896,0.6654411764705882,1785295951.4888394
1,4808,0.6548304557800293,0.6650485436893204,1785295951.5667818
1,4809,0.5710024237632751,0.6646634615384616,1785295951.6448855
1,4810,0.7151435613632202,0.6642857142857143,1785295951.7233183
1,4811,0.8149624466896057,0.6645047169811321,1785295951.801867
1,4812,0.7425098419189453,0.6641355140186916,1785295951.8856506
1,4813,0.7239497900009155,0.6637731481481481,1785295951.9636326
1,4814,0.6036072969436646,0.6634174311926605,1785295952.04712
1,4815,0.4095984101295471,0.6625,1785295952.131001
1,4816,0.9535419940948486,0.6621621621621622,1785295952.2136016
1,4817,0.8555618524551392,0.6635044642857143,1785295952.2903268
1,4818,0.4985058903694153,0.6642699115044248,1785295952.3675358
1,4819,0.6194116473197937,0.6650219298245614,1785295952.445201
1,4820,0.6442174315452576,0.6652173913043479,1785295952.5234413
1,4821,0.6550991535186768,0.6648706896551724,1785295952.601332
1,4822,0.5370121002197266,0.6661324786324786,1785295952.6793146
1,4823,0.6289113759994507,0.666843220338983,1785295952.7584398
1,4824,0.7101314663887024,0.667016806722689,1785295952.8375976
1,4825,0.5396530032157898,0.6671875,1785295952.9205184
1,4826,0.8381044268608093,0.6658057851239669,1785295952.9995275
1,4827,0.5731895565986633,0.6664959016393442,1785295953.0799334
1,4828,0.7217298150062561,0.6686991869918699,1785295953.1594534
1,4829,0.47661012411117554,0.6698588709677419,1785295953.2367065
1,4830,0.5933846235275269,0.67,1785295953.3199303
1,4831,0.5473458766937256,0.6701388888888888,1785295953.3980844
1,4832,0.6837972402572632,0.672244094488189,1785295953.4795866
1,4833,0.6528746485710144,0.671875,1785295953.5628798
1,4834,0.7363466024398804,0.6719961240310077,1785295953.6409636
1,4835,0.7993269562721252,0.6701923076923076,1785295953.7187722
1,4836,0.7136132121086121,0.670324427480916,1785295953.79665
1,4837,0.7643201947212219,0.6704545454545454,1785295953.8750746
1,4838,0.6540961861610413,0.6701127819548872,1785295953.954966
1,4839,0.706816554069519,0.6707089552238806,1785295954.0360222
1,4840,0.5532132983207703,0.6722222222222223,1785295954.1139052
1,4841,0.5888527035713196,0.6727941176470589,1785295954.1954277
1,4842,0.745010256767273,0.6738138686131386,1785295954.2787802
1,4843,0.6547204256057739,0.6734601449275363,1785295954.360104
1,4844,0.5771195292472839,0.6731115107913669,1785295954.437835
1,4845,0.7771292924880981,0.6732142857142858,1785295954.5157373
1,4846,0.6580776572227478,0.6733156028368794,1785295954.594025
1,4847,0.46843409538269043,0.6734154929577465,1785295954.671325
1,4848,0.6235561370849609,0.6730769230769231,1785295954.7543852
1,4849,0.4409734606742859,0.6731770833333334,1785295954.833702
1,4850,0.846066415309906,0.6732758620689655,1785295954.912642
1,4851,0.4550916254520416,0.6733732876712328,1785295954.9907296
1,4852,0.7293643951416016,0.6717687074829932,1785295955.0697594
1,4853,0.6050698757171631,0.6727195945945946,1785295955.1471527
1,4854,0.45871394872665405,0.673238255033557,1785295955.228654
1,4855,0.7740963697433472,0.67375,1785295955.3063805
1,4856,0.7381484508514404,0.6742549668874173,1785295955.3836517
1,4857,0.543246865272522,0.6739309210526315,1785295955.4611003
1,4858,0.4881405830383301,0.6736111111111112,1785295955.5439403
1,4859,0.3344291150569916,0.6749188311688312,1785295955.6218083
1,4860,0.9356039762496948,0.6754032258064516,1785295955.6994846
1,4861,0.9653509855270386,0.6750801282051282,1785295955.7819748
1,4862,0.6296413540840149,0.6763535031847133,1785295955.8603377
1,4863,0.5717223286628723,0.6760284810126582,1785295955.9435787
1,4864,0.6725561618804932,0.6761006289308176,1785295956.0265596
1,4865,0.5730260610580444,0.67578125,1785295956.1094925
1,4866,0.7035737037658691,0.6746894409937888,1785295956.1874948
1,4867,0.4376435875892639,0.6743827160493827,1785295956.2664685
1,4868,0.7310454249382019,0.674079754601227,1785295956.3434215
1,4869,0.7287183403968811,0.6753048780487805,1785295956.4202402
1,4870,0.569900631904602,0.675,1785295956.502639
1,4871,0.7239248752593994,0.6765813253012049,1785295956.58295
1,4872,0.6401157975196838,0.6762724550898204,1785295956.6609478
1,4873,0.41899746656417847,0.6774553571428571,1785295956.743552
1,4874,0.5438360571861267,0.6771449704142012,1785295956.8210475
1,4875,0.7132854461669922,0.6768382352941177,1785295956.8990257
1,4876,0.6563379764556885,0.6769005847953217,1785295956.9770324
1,4877,0.8500144481658936,0.6762354651162791,1785295957.0553262
1,4878,0.7147572040557861,0.6763005780346821,1785295957.1368098
1,4879,0.7290239334106445,0.6752873563218391,1785295957.2156544
1,4880,0.8179130554199219,0.675,1785295957.296208
1,4881,0.6754971742630005,0.6747159090909091,1785295957.3789365
1,4882,0.644167959690094,0.6758474576271186,1785295957.4570556
1,4883,0.6252990961074829,0.6752106741573034,1785295957.5368948
1,4884,0.5601489543914795,0.6752793296089385,1785295957.616361
1,4885,0.4990527629852295,0.6756944444444445,1785295957.6987803
1,4886,1.2433562278747559,0.6750690607734806,1785295957.7764444
1,4887,0.6089115142822266,0.6747939560439561,1785295957.8580706
1,4888,0.4870575964450836,0.6752049180327869,1785295957.935855
1,4889,0.5461989641189575,0.6745923913043478,1785295958.0175352
1,4890,0.5834901332855225,0.675,1785295958.095764
1,4891,0.597342848777771,0.6754032258064516,1785295958.1734505
1,4892,0.8029311895370483,0.6747994652406417,1785295958.2562075
1,4893,0.400238573551178,0.6758643617021277,1785295958.339053
1,4894,0.6149219870567322,0.6765873015873016,1785295958.4174356
1,4895,0.49542129039764404,0.6766447368421052,1785295958.497549
1,4896,0.5040139555931091,0.6757198952879581,1785295958.5806336
1,4897,0.9139764308929443,0.6751302083333334,1785295958.663601
1,4898,0.5411373972892761,0.6748704663212435,1785295958.7415402
1,4899,0.529118001461029,0.6762242268041238,1785295958.8240435
1,4900,0.4648166000843048,0.6772435897435898,1785295958.9048107
1,4901,0.9012517929077148,0.6769770408163265,1785295958.9828525
1,4902,0.7605276107788086,0.6773477157360406,1785295959.065911
1,4903,0.5421574115753174,0.6767676767676768,1785295959.1457129
1,4904,0.5354588031768799,0.6771356783919598,1785295959.2228098
1,4905,0.6910780668258667,0.6775,1785295959.302765
1,4906,0.4639936089515686,0.6772388059701493,1785295959.380202
1,4907,0.5542758107185364,0.676980198019802,1785295959.4610023
1,4908,0.48251524567604065,0.6776477832512315,1785295959.5388424
1,4909,0.7678412199020386,0.6780024509803921,1785295959.6211886
1,4910,0.6849755048751831,0.6783536585365854,1785295959.6988175
1,4911,0.9321361780166626,0.6783980582524272,1785295959.7821138
1,4912,0.8313058614730835,0.6790458937198067,1785295959.8598158
1,4913,0.6202542781829834,0.6793870192307693,1785295959.9405987
1,4914,0.5436380505561829,0.6800239234449761,1785295960.0176105
1,4915,0.40574708580970764,0.6803571428571429,1785295960.0990407
1,4916,0.6810471415519714,0.6797985781990521,1785295960.1773586
1,4917,0.47884899377822876,0.6795400943396226,1785295960.2553704
1,4918,0.6002504825592041,0.6789906103286385,1785295960.3358543
1,4919,0.7066681385040283,0.6790303738317757,1785295960.413527
1,4920,0.6386384963989258,0.6790697674418604,1785295960.4958658
1,4921,0.6978025436401367,0.6793981481481481,1785295960.5727081
1,4922,0.8412200212478638,0.6794354838709677,1785295960.6503558
1,4923,0.5685914158821106,0.6797591743119266,1785295960.7276745
1,4924,0.6909363269805908,0.6797945205479452,1785295960.8056853
1,4925,0.3699337840080261,0.6803977272727273,1785295960.8829832
1,4926,0.6950846910476685,0.6790158371040724,1785295960.9656703
1,4927,0.8156048059463501,0.6798986486486487,1785295961.0440297
1,4928,0.6335393190383911,0.6790919282511211,1785295961.1241083
1,4929,0.5125507116317749,0.6788504464285714,1785295961.2038689
1,4930,0.9530253410339355,0.6797222222222222,1785295961.287026
1,4931,0.33482638001441956,0.6808628318584071,1785295961.3680139
1,4932,0.6041565537452698,0.6814427312775331,1785295961.446104
1,4933,0.45358026027679443,0.6814692982456141,1785295961.5278168
1,4934,0.6233323812484741,0.6809497816593887,1785295961.6070423
1,4935,0.7104638814926147,0.6809782608695653,1785295961.6891756
1,4936,0.6850982904434204,0.6812770562770563,1785295961.7670548
1,4937,0.6195275187492371,0.6818426724137931,1785295961.8464348
1,4938,0.4849946200847626,0.6826716738197425,1785295961.924279
1,4939,0.4665428102016449,0.6832264957264957,1785295962.0024607
1,4940,0.5533966422080994,0.6827127659574468,1785295962.085172
1,4941,0.4796571433544159,0.6822033898305084,1785295962.1632302
1,4942,0.5759488344192505,0.682753164556962,1785295962.244883
1,4943,0.7966567873954773,0.6825105042016807,1785295962.325414
1,4944,1.086807131767273,0.6830543933054394,1785295962.4042745
1,4945,0.529971718788147,0.68359375,1785295962.4815521
1,4946,0.6956413984298706,0.6838692946058091,1785295962.5639951
1,4947,0.495730459690094,0.6836260330578512,1785295962.6441903
1,4948,0.6588079929351807,0.6828703703703703,1785295962.7218804
1,4949,0.2997363805770874,0.6834016393442623,1785295962.8031366
1,4950,0.6488823890686035,0.6839285714285714,1785295962.8827138
1,4951,0.5720582604408264,0.6839430894308943,1785295962.9650486
1,4952,0.8709924817085266,0.6839574898785425,1785295963.0461085
1,4953,0.8821812868118286,0.6832157258064516,1785295963.1244397
1,4954,0.7170911431312561,0.6829819277108434,1785295963.2031558
1,4955,0.7732445001602173,0.68225,1785295963.282173
1,4956,0.639080286026001,0.6827689243027888,1785295963.359533
1,4957,0.6320144534111023,0.6820436507936508,1785295963.4390867
1,4958,0.5861140489578247,0.6823122529644269,1785295963.5214286
1,4959,0.6204899549484253,0.6820866141732284,1785295963.6019707
1,4960,0.6020033955574036,0.6818627450980392,1785295963.679258
1,4961,0.5864996314048767,0.68212890625,1785295963.757412
1,4962,0.4761754870414734,0.6823929961089494,1785295963.83462
1,4963,0.6149970293045044,0.6816860465116279,1785295963.9132774
1,4964,0.7860208749771118,0.6812258687258688,1785295963.9947414
1,4965,0.5276609063148499,0.6810096153846154,1785295964.0746553
1,4966,0.5513120889663696,0.6817528735632183,1785295964.1522424
1,4967,0.6786038875579834,0.6815362595419847,1785295964.2292805
1,4968,0.48314082622528076,0.6815589353612167,1785295964.309466
1,4969,0.5288947224617004,0.6822916666666666,1785295964.3876
1,4970,0.6595717668533325,0.6820754716981132,1785295964.4664795
1,4971,0.541364848613739,0.681390977443609,1785295964.543746
1,4972,1.0303694009780884,0.6811797752808989,1785295964.6226754
1,4973,0.7531894445419312,0.6816697761194029,1785295964.7011707
1,4974,0.8830133676528931,0.6816914498141264,1785295964.7790186
1,4975,0.5109670162200928,0.68125,1785295964.8607297
1,4976,0.5776217579841614,0.6796586715867159,1785295964.9413066
1,4977,0.5436196327209473,0.6796875,1785295965.0239685
1,4978,0.6974682807922363,0.679945054945055,1785295965.1019475
1,4979,0.7690053582191467,0.6790602189781022,1785295965.1844263
1,4980,0.44873422384262085,0.6788636363636363,1785295965.261864
1,4981,0.5141664147377014,0.6784420289855072,1785295965.3398836
1,4982,0.7714353799819946,0.6789259927797834,1785295965.4200401
1,4983,0.43779000639915466,0.6796312949640287,1785295965.5013263
1,4984,0.6696970462799072,0.6805555555555556,1785295965.578478
1,4985,0.6509047746658325,0.6801339285714286,1785295965.6601062
1,4986,0.673252522945404,0.6794928825622776,1785295965.7383294
1,4987,0.7085058689117432,0.6795212765957447,1785295965.8210464
1,4988,0.4402318596839905,0.6799911660777385,1785295965.8987803
1,4989,0.5207973718643188,0.6800176056338029,1785295965.9798799
1,4990,0.8448829650878906,0.6800438596491228,1785295966.0578444
1,4991,0.43991783261299133,0.680506993006993,1785295966.1356728
1,4992,0.6823894381523132,0.6805313588850174,1785295966.2177534
1,4993,0.5387968420982361,0.6801215277777778,1785295966.295162
1,4994,0.6207786798477173,0.6805795847750865,1785295966.377126
1,4995,1.2267508506774902,0.680603448275862,1785295966.4564998
1,4996,0.91872638463974,0.6799828178694158,1785295966.5384862
1,4997,0.5560443997383118,0.6795804794520548,1785295966.6167932
1,4998,0.537335216999054,0.6800341296928327,1785295966.6947553
1,4999,0.5700444579124451,0.6800595238095238,1785295966.7728822
1,5000,0.576420783996582,0.6800847457627118,1785295966.8510473
1,5001,0.528666079044342,0.6796875,1785295966.929901
1,5002,0.4153810441493988,0.6797138047138047,1785295967.0120072
1,5003,0.7765693664550781,0.6797399328859061,1785295967.0959811
1,5004,0.7616442441940308,0.6797658862876255,1785295967.1735272
1,5005,0.6543136239051819,0.68,1785295967.2514825
1,5006,0.6070568561553955,0.6802325581395349,1785295967.3332083
1,5007,0.689299464225769,0.6806705298013245,1785295967.4149652
1,5008,0.6677379608154297,0.6804867986798679,1785295967.4924033
1,5009,0.5451072454452515,0.6803042763157895,1785295967.569841
1,5010,0.6266816854476929,0.6799180327868852,1785295967.6503732
1,5011,0.7438454627990723,0.6795343137254902,1785295967.7289827
1,5012,0.6562786102294922,0.6791530944625407,1785295967.8103955
1,5013,0.5535210371017456,0.6793831168831169,1785295967.8928668
1,5014,0.6288921236991882,0.6794093851132686,1785295967.9703147
1,5015,0.6222205758094788,0.6794354838709677,1785295968.050546
1,5016,0.6276521682739258,0.6784565916398714,1785295968.1284094
1,5017,0.5868032574653625,0.6778846153846154,1785295968.2064328
1,5018,0.6607563495635986,0.6775159744408946,1785295968.2889247
1,5019,0.4904462695121765,0.677547770700637,1785295968.3688104
1,5020,0.6577847599983215,0.676984126984127,1785295968.447188
1,5021,0.5636060833930969,0.6772151898734177,1785295968.5250857
1,5022,0.8693728446960449,0.6768533123028391,1785295968.6039186
1,5023,0.7531136274337769,0.6761006289308176,1785295968.6827056
1,5024,0.6572418808937073,0.6753526645768025,1785295968.761819
1,5025,0.8023871183395386,0.675390625,1785295968.8398874
1,5026,0.6165791749954224,0.6750389408099688,1785295968.9222312
1,5027,0.6827456951141357,0.6750776397515528,1785295969.00013
1,5028,0.7101852893829346,0.6753095975232198,1785295969.0784616
1,5029,0.5824504494667053,0.6751543209876543,1785295969.1574967
1,5030,0.5374847054481506,0.6751923076923076,1785295969.2379699
1,5031,0.6085317134857178,0.6752300613496932,1785295969.3158486
1,5032,0.4233495593070984,0.6752675840978594,1785295969.3944166
1,5033,0.6551164984703064,0.6745426829268293,1785295969.472778
1,5034,0.3160433769226074,0.6749620060790273,1785295969.5517387
1,5035,0.6444222927093506,0.6746212121212121,1785295969.6295779
1,5036,0.7506113648414612,0.6744712990936556,1785295969.707822
1,5037,0.5889114737510681,0.6748870481927711,1785295969.785979
1,5038,0.7468939423561096,0.6745495495495496,1785295969.8694685
1,5039,0.506252646446228,0.6745883233532934,1785295969.9505877
1,5040,0.4733598828315735,0.6746268656716418,1785295970.0317485
1,5041,0.8819043636322021,0.6741071428571429,1785295970.1108618
1,5042,0.48523733019828796,0.6743323442136498,1785295970.192279
1,5043,0.5307320356369019,0.6740014792899408,1785295970.2704847
1,5044,0.5190465450286865,0.6747787610619469,1785295970.3483737
1,5045,1.0125261545181274,0.6740808823529412,1785295970.4267077
1,5046,0.751370370388031,0.6741202346041055,1785295970.509128
1,5047,0.6051047444343567,0.6732456140350878,1785295970.5871844
1,5048,0.5097088813781738,0.6736516034985423,1785295970.6662517
1,5049,0.5240412354469299,0.6729651162790697,1785295970.7441974
1,5050,0.4706365168094635,0.6735507246376812,1785295970.8262599
1,5051,0.6335388422012329,0.6732297687861272,1785295970.9084444
1,5052,0.5069684982299805,0.6732708933717579,1785295970.9857187
1,5053,0.7324374914169312,0.6736709770114943,1785295971.067073
1,5054,0.5444721579551697,0.6738896848137536,1785295971.1451614
1,5055,0.5774965286254883,0.6735714285714286,1785295971.2248976
1,5056,0.5367600321769714,0.6730769230769231,1785295971.3057768
1,5057,0.5212361216545105,0.6731178977272727,1785295971.3838542
1,5058,0.5705281496047974,0.6733356940509915,1785295971.4629438
1,5059,0.27327626943588257,0.6735522598870056,1785295971.5411465
1,5060,0.5818555355072021,0.6735915492957747,1785295971.6212285
1,5061,0.6439323425292969,0.6734550561797753,1785295971.7000964
1,5062,0.8152609467506409,0.6729691876750701,1785295971.777773
1,5063,0.6846329569816589,0.672486033519553,1785295971.8555148
1,5064,0.49076923727989197,0.6723537604456824,1785295971.9324918
1,5065,0.5418397188186646,0.6727430555555556,1785295972.009791
1,5066,0.5961822867393494,0.6724376731301939,1785295972.0876908
1,5067,0.603861927986145,0.6723066298342542,1785295972.1656628
1,5068,0.47685378789901733,0.6723484848484849,1785295972.2437842
1,5069,0.6548386812210083,0.6725618131868132,1785295972.3215694
1,5070,0.5074915289878845,0.6726027397260274,1785295972.399938
1,5071,0.5472608804702759,0.6726434426229508,1785295972.4776866
1,5072,0.6417627334594727,0.6730245231607629,1785295972.5591905
1,5073,0.8641207218170166,0.6728940217391305,1785295972.6374416
1,5074,0.6832588315010071,0.6727642276422764,1785295972.7166097
1,5075,0.6084896922111511,0.6731418918918919,1785295972.7945633
1,5076,0.9119447469711304,0.673012129380054,1785295972.8763368
1,5077,0.6018469333648682,0.6732190860215054,1785295972.9592123
1,5078,0.4865144193172455,0.6734249329758714,1785295973.037527
1,5079,0.4926765561103821,0.6739639037433155,1785295973.117566
1,5080,0.5533614754676819,0.674,1785295973.1953948
1,5081,0.397343248128891,0.6743683510638298,1785295973.274571
1,5082,0.9620159864425659,0.6749005305039788,1785295973.3568156
1,5083,0.561474084854126,0.6749338624338624,1785295973.4345214
1,5084,0.668868899345398,0.6751319261213721,1785295973.5124526
1,5085,0.7100937366485596,0.6745065789473684,1785295973.5904913
1,5086,0.6589169502258301,0.6745406824146981,1785295973.6698842
1,5087,0.6654669046401978,0.6747382198952879,1785295973.7524018
1,5088,0.7086982727050781,0.6737924281984334,1785295973.8335264
1,5089,0.5856739282608032,0.6735026041666666,1785295973.915791
1,5090,0.49324846267700195,0.6732142857142858,1785295973.993313
1,5091,0.7046048641204834,0.6729274611398963,1785295974.076226
1,5092,0.7563126087188721,0.6731266149870802,1785295974.1534255
1,5093,0.6244003772735596,0.6728414948453608,1785295974.2334366
1,5094,0.3723762035369873,0.6732005141388174,1785295974.3135808
1,5095,0.6910110116004944,0.6727564102564103,1785295974.396366
1,5096,0.6047260761260986,0.6727941176470589,1785295974.4762995
1,5097,0.633454442024231,0.6725127551020408,1785295974.5542157
1,5098,0.6423695087432861,0.6720737913486005,1785295974.6343865
1,5099,0.5570920705795288,0.6725888324873096,1785295974.711588
1,5100,0.6120171546936035,0.671993670886076,1785295974.7946146
1,5101,0.7777949571609497,0.6723484848484849,1785295974.8722014
1,5102,0.7271142601966858,0.6723866498740554,1785295974.9540455
1,5103,0.576252818107605,0.6722675879396985,1785295975.0317044
1,5104,0.6388421654701233,0.6724624060150376,1785295975.1135273
1,5105,0.9114768505096436,0.67234375,1785295975.1912344
1,5106,0.460245817899704,0.6728491271820449,1785295975.268634
1,5107,0.6749925017356873,0.6731965174129353,1785295975.3462725
1,5108,0.9003760814666748,0.6738523573200993,1785295975.4257853
1,5109,0.6783970594406128,0.6740408415841584,1785295975.5035338
1,5110,0.5776953101158142,0.6734567901234568,1785295975.5817451
1,5111,0.5028188228607178,0.6739532019704434,1785295975.6660552
1,5112,0.5425170063972473,0.6741400491400491,1785295975.7498457
1,5113,0.5407003164291382,0.6743259803921569,1785295975.8320975
1,5114,0.8520611524581909,0.6745110024449877,1785295975.9132087
1,5115,0.6949135661125183,0.6742378048780487,1785295975.9909508
1,5116,0.7819517850875854,0.6739659367396593,1785295976.0687847
1,5117,0.45199644565582275,0.6741504854368932,1785295976.145916
1,5118,0.3294409513473511,0.6744854721549637,1785295976.2243783
1,5119,0.7895718216896057,0.674969806763285,1785295976.3014467
1,5120,0.7861384153366089,0.6746987951807228,1785295976.38037
1,5121,0.5691692233085632,0.6750300480769231,1785295976.4576907
1,5122,0.6547349691390991,0.6753597122302158,1785295976.536492
1,5123,0.40263864398002625,0.6753887559808612,1785295976.6143382
1,5124,0.6217781901359558,0.6751193317422435,1785295976.694811
1,5125,0.6077818870544434,0.6751488095238095,1785295976.7779593
1,5126,0.823287844657898,0.6751781472684085,1785295976.8556924
1,5127,0.5926827192306519,0.6753554502369669,1785295976.933208
1,5128,0.571392297744751,0.6750886524822695,1785295977.0118873
1,5129,0.6281945705413818,0.6749705188679245,1785295977.099173
1,5130,0.4994695782661438,0.675,1785295977.1813488
1,5131,0.9968277215957642,0.6745892018779343,1785295977.2669127
1,5132,0.6898556351661682,0.6744730679156908,1785295977.3477278
1,5133,0.5171892046928406,0.6745035046728972,1785295977.4273734
1,5134,0.8325345516204834,0.6746794871794872,1785295977.5065866
1,5135,0.5040029287338257,0.6744186046511628,1785295977.5838287
1,5136,0.5624308586120605,0.6747389791183295,1785295977.6615732
1,5137,0.49353885650634766,0.6752025462962963,1785295977.739106
1,5138,0.7532140612602234,0.6750866050808314,1785295977.8215158
1,5139,0.6696313619613647,0.674971198156682,1785295977.8987987
1,5140,0.5860124230384827,0.6745689655172413,1785295977.9768882
1,5141,0.46477487683296204,0.6747419724770642,1785295978.054269
1,5142,0.4816613495349884,0.674771167048055,1785295978.1357431
1,5143,0.49210163950920105,0.6748002283105022,1785295978.2175314
1,5144,0.6251356601715088,0.6751138952164009,1785295978.2994156
1,5145,0.7883560657501221,0.6748579545454545,1785295978.381909
1,5146,0.8866869211196899,0.6744614512471655,1785295978.4593847
1,5147,0.5379741787910461,0.6747737556561086,1785295978.5372145
1,5148,0.38909026980400085,0.6752257336343115,1785295978.616496
1,5149,0.4237811267375946,0.6752533783783784,1785295978.694564
1,5150,0.7515628337860107,0.6752808988764045,1785295978.781165
1,5151,0.5913271307945251,0.6750280269058296,1785295978.8647757
1,5152,0.6266186833381653,0.6749161073825504,1785295978.9477558
1,5153,0.6865608096122742,0.6745256696428571,1785295979.0303922
1,5154,0.9651503562927246,0.6746937639198218,1785295979.1108887
1,5155,0.573194146156311,0.6743055555555556,1785295979.18886
1,5156,0.34855157136917114,0.6746119733924612,1785295979.2663941
1,5157,0.5870404243469238,0.6743639380530974,1785295979.3438342
1,5158,0.8337793946266174,0.6742549668874173,1785295979.424185
1,5159,0.8846673965454102,0.674284140969163,1785295979.506664
1,5160,0.6532031893730164,0.6745879120879121,1785295979.5836282
1,5161,0.689067006111145,0.6743421052631579,1785295979.6657152
1,5162,0.7549695372581482,0.6745076586433261,1785295979.7477777
1,5163,0.9010205268859863,0.6745360262008734,1785295979.8359191
1,5164,0.7153162360191345,0.6745642701525054,1785295979.9232213
1,5165,0.518738865852356,0.675,1785295980.0051835
1,5166,0.5889684557914734,0.6748915401301518,1785295980.0855484
1,5167,0.5368667840957642,0.6749188311688312,1785295980.1654644
1,5168,0.9088521003723145,0.6749460043196545,1785295980.2434876
1,5169,0.5731734037399292,0.6753771551724138,1785295980.3210163
1,5170,0.5815200209617615,0.6756720430107527,1785295980.398926
1,5171,0.7828571796417236,0.6756974248927039,1785295980.4792151
1,5172,0.6435708999633789,0.6758565310492506,1785295980.556669
1,5173,0.657396674156189,0.6761485042735043,1785295980.6342635
1,5174,0.6110439300537109,0.6764392324093816,1785295980.7150419
1,5175,0.6800069808959961,0.6761968085106383,1785295980.7977877
1,5176,0.49967697262763977,0.6763535031847133,1785295980.875997
1,5177,0.5714125633239746,0.6763771186440678,1785295980.957797
1,5178,0.7220550775527954,0.6765327695560254,1785295981.044945
1,5179,0.9798398017883301,0.676292194092827,1785295981.1295118
1,5180,0.7031015753746033,0.6765789473684211,1785295981.210878
1,5181,0.6940032243728638,0.676733193277311,1785295981.2927692
1,5182,0.844353973865509,0.6764937106918238,1785295981.374578
1,5183,0.5442018508911133,0.6765167364016736,1785295981.4558566
1,5184,0.4966389536857605,0.6766701461377871,1785295981.5376601
1,5185,0.5437813401222229,0.6764322916666666,1785295981.6238732
1,5186,0.46058541536331177,0.6763253638253638,1785295981.7046883
1,5187,0.6165527105331421,0.6760892116182573,1785295981.7857897
1,5188,0.719645619392395,0.6759834368530021,1785295981.8704715
1,5189,0.698036789894104,0.6757489669421488,1785295981.9549143
1,5190,0.5608857274055481,0.6756443298969073,1785295982.0357323
1,5191,0.6687432527542114,0.6752829218106996,1785295982.1188936
1,5192,0.4464980363845825,0.6754363449691991,1785295982.2040732
1,5193,0.5457921624183655,0.6757172131147541,1785295982.2852864
1,5194,0.5508521199226379,0.6757413087934561,1785295982.3695223
1,5195,0.6300952434539795,0.6760204081632653,1785295982.4526465
1,5196,0.4999309182167053,0.6759164969450102,1785295982.5336123
1,5197,0.749525249004364,0.6756859756097561,1785295982.614933
1,5198,0.7137300372123718,0.6755831643002028,1785295982.7011354
1,5199,0.6153823137283325,0.6757338056680162,1785295982.7864716
1,5200,0.5395767092704773,0.6755050505050505,1785295982.868727
1,5201,0.7875858545303345,0.6752772177419355,1785295982.9506662
1,5202,0.6227895021438599,0.6753018108651911,1785295983.038144
1,5203,0.4249173104763031,0.6753263052208835,1785295983.117903
1,5204,0.5168987512588501,0.6754759519038076,1785295983.1978574
1,5205,0.4492715001106262,0.6755,1785295983.282761
1,5206,0.6119441390037537,0.6755239520958084,1785295983.362787
1,5207,0.8150065541267395,0.6752988047808764,1785295983.4479775
1,5208,0.7345212697982788,0.6751988071570576,1785295983.5288305
1,5209,0.4250733256340027,0.6753472222222222,1785295983.613055
1,5210,0.5723936557769775,0.6754950495049505,1785295983.695263
1,5211,0.4551623463630676,0.6756422924901185,1785295983.7789333
1,5212,0.7645020484924316,0.6752958579881657,1785295983.860483
1,5213,0.5718468427658081,0.6750738188976378,1785295983.9446352
1,5214,0.43854469060897827,0.675221021611002,1785295984.0251698
1,5215,0.5566016435623169,0.6754901960784314,1785295984.1053529
1,5216,0.4806339740753174,0.675880626223092,1785295984.190541
1,5217,0.823890745639801,0.676025390625,1785295984.2781687
1,5218,0.35817185044288635,0.6764132553606238,1785295984.358236
1,5219,0.6186227202415466,0.6765564202334631,1785295984.4394822
1,5220,0.8418599963188171,0.6764563106796116,1785295984.5252655
1,5221,0.6406419277191162,0.6765988372093024,1785295984.6064327
1,5222,0.6043991446495056,0.6764990328820116,1785295984.6923141
1,5223,0.5149226188659668,0.6766409266409267,1785295984.7758796
1,5224,0.7498320937156677,0.6767822736030829,1785295984.856317
1,5225,0.50723797082901,0.6766826923076923,1785295984.9369285
1,5226,0.7772805690765381,0.6768234165067178,1785295985.0212789
1,5227,0.6712104678153992,0.6767241379310345,1785295985.1022148
1,5228,0.7123703956604004,0.6765057361376673,1785295985.1832325
1,5229,0.8851445913314819,0.6764074427480916,1785295985.2666228
1,5230,0.6092326641082764,0.6761904761904762,1785295985.3517928
1,5231,0.5465906858444214,0.6762119771863118,1785295985.4358144
1,5232,0.4603743553161621,0.6763519924098672,1785295985.516193
1,5233,0.41251420974731445,0.6766098484848485,1785295985.5994613
1,5234,0.6379523873329163,0.6763941398865785,1785295985.6844199
1,5235,0.5854859948158264,0.6761792452830189,1785295985.767267
1,5236,0.5013477802276611,0.6763182674199624,1785295985.8477879
1,5237,0.46746623516082764,0.6766917293233082,1785295985.9334707
1,5238,0.4775463044643402,0.676829268292683,1785295986.0184572
1,5239,0.7041208148002625,0.6770833333333334,1785295986.0991337
1,5240,0.45636287331581116,0.6771028037383178,1785295986.1793637
1,5241,0.4845021963119507,0.6770055970149254,1785295986.2598336
1,5242,0.4803335666656494,0.6773743016759777,1785295986.3403265
1,5243,0.7372179627418518,0.6775092936802974,1785295986.4200613
1,5244,0.6254169940948486,0.6776437847866419,1785295986.5047941
1,5245,0.5625784397125244,0.6775462962962963,1785295986.5901968
1,5246,0.7394271492958069,0.6775646950092421,1785295986.6702673
1,5247,0.7372015118598938,0.6776983394833949,1785295986.7522979
1,5248,0.5555354356765747,0.6777163904235728,1785295986.834685
1,5249,0.7322365641593933,0.6776194852941176,1785295986.920437
1,5250,0.687224805355072,0.6775229357798165,1785295987.0018454
1,5251,0.5124220252037048,0.6771978021978022,1785295987.083464
1,5252,0.5334896445274353,0.6771023765996343,1785295987.168198
1,5253,0.6275750398635864,0.6771213503649635,1785295987.249005
1,5254,0.43701690435409546,0.6770264116575592,1785295987.3287225
1,5255,0.5595276355743408,0.6771590909090909,1785295987.4135094
1,5256,0.5693724155426025,0.6770644283121597,1785295987.4984913
1,5257,0.5242840051651001,0.6773097826086957,1785295987.582159
1,5258,0.7659932971000671,0.6772151898734177,1785295987.6640944
1,5259,0.48955684900283813,0.6770081227436823,1785295987.745408
1,5260,0.68611079454422,0.6771396396396396,1785295987.8312778
1,5261,0.632811427116394,0.67693345323741,1785295987.9172478
1,5262,0.7068747282028198,0.6768402154398564,1785295987.998615
1,5263,0.8631117939949036,0.6766353046594982,1785295988.07917
1,5264,0.5271095037460327,0.6762075134168157,1785295988.166927
1,5265,0.38579484820365906,0.6764508928571429,1785295988.2500045
1,5266,0.6878938674926758,0.6764705882352942,1785295988.3283057
1,5267,0.7181334495544434,0.6763790035587188,1785295988.4061828
1,5268,0.5496669411659241,0.6761767317939609,1785295988.4850821
1,5269,0.6880763173103333,0.6759751773049646,1785295988.5626245
1,5270,0.5559518337249756,0.6761061946902654,1785295988.6404235
1,5271,0.6265926361083984,0.6759054770318021,1785295988.717626
1,5272,0.6659346222877502,0.6754850088183422,1785295988.797177
1,5273,0.7838141322135925,0.6757262323943662,1785295988.8746593
1,5274,0.6205877661705017,0.6756370826010545,1785295988.95296
1,5275,0.6878440380096436,0.6754385964912281,1785295989.031538
1,5276,0.6361357569694519,0.6751313485113836,1785295989.1145937
1,5277,0.6771895289421082,0.6748251748251748,1785295989.197201
1,5278,0.8922430872917175,0.674956369982548,1785295989.276623
1,5279,0.6978884935379028,0.6748693379790941,1785295989.363518
1,5280,0.7960318922996521,0.6753260869565217,1785295989.4474611
1,5281,0.7419789433479309,0.6754557291666666,1785295989.5341709
1,5282,0.6616158485412598,0.6755849220103987,1785295989.6145744
1,5283,0.4753468930721283,0.6757136678200693,1785295989.6934426
1,5284,0.6157676577568054,0.6758419689119171,1785295989.77651
1,5285,0.801683247089386,0.6757543103448276,1785295989.8551383
1,5286,0.6531542539596558,0.6757745266781411,1785295989.9327478
1,5287,0.5866950750350952,0.6757946735395189,1785295990.012
1,5288,0.6918829083442688,0.6758147512864494,1785295990.0899708
1,5289,0.5337173938751221,0.6759417808219178,1785295990.1684172
1,5290,0.46193358302116394,0.6759615384615385,1785295990.245436
1,5291,0.6995816230773926,0.6756612627986348,1785295990.3275096
1,5292,0.6918535232543945,0.6750425894378195,1785295990.4055288
1,5293,0.6079667806625366,0.6749574829931972,1785295990.4882703
1,5294,0.4069598913192749,0.6752971137521222,1785295990.5685184
1,5295,0.751228928565979,0.6755296610169491,1785295990.6489942
1,5296,0.5009758472442627,0.6753384094754653,1785295990.7289956
1,5297,0.5724300146102905,0.6751478040540541,1785295990.8116865
1,5298,0.6786158084869385,0.6752740303541316,1785295990.8889527
1,5299,0.5150959491729736,0.6753998316498316,1785295990.9671593
1,5300,0.5964959859848022,0.6755252100840337,1785295991.0476964
1,5301,0.5956226587295532,0.6753355704697986,1785295991.1302907
1,5302,0.6390209197998047,0.6753559463986599,1785295991.2102807
1,5303,0.4336627125740051,0.6755852842809364,1785295991.2891312
1,5304,0.5522325038909912,0.6755008347245409,1785295991.368661
1,5305,0.5044815540313721,0.6755208333333333,1785295991.4462621
1,5306,0.7677823305130005,0.675436772046589,1785295991.5266979
1,5307,0.5537327527999878,0.6755606312292359,1785295991.604395
1,5308,0.49264097213745117,0.675787728026534,1785295991.686017
1,5309,0.4844796061515808,0.6759105960264901,1785295991.764071
1,5310,0.603295087814331,0.6758264462809918,1785295991.8453143
1,5311,0.6454501748085022,0.6757425742574258,1785295991.9276884
1,5312,0.5321381688117981,0.6754530477759473,1785295992.0099356
1,5313,0.603999137878418,0.6752672697368421,1785295992.0871413
1,5314,0.4825282096862793,0.6752873563218391,1785295992.1687477
1,5315,0.6495946645736694,0.6748975409836065,1785295992.2480254
1,5316,0.5091547966003418,0.674815875613748,1785295992.3253767
1,5317,0.8026309609413147,0.6745302287581699,1785295992.4043577
1,5318,0.47393855452537537,0.6745513866231647,1785295992.4863894
1,5319,0.6699199676513672,0.6746742671009772,1785295992.5681248
1,5320,0.6878044605255127,0.6745934959349593,1785295992.6522365
1,5321,0.5117091536521912,0.674512987012987,1785295992.735912
1,5322,0.5414368510246277,0.6746353322528363,1785295992.8143153
1,5323,0.5197752118110657,0.6747572815533981,1785295992.8998692
1,5324,0.8216250538825989,0.6746768982229402,1785295992.98288
1,5325,0.4661845564842224,0.675,1785295993.0606797
1,5326,0.5931127071380615,0.6751207729468599,1785295993.1424956
1,5327,0.5300915837287903,0.6749397106109325,1785295993.220726
1,5328,0.5082507729530334,0.6749598715890851,1785295993.3010364
1,5329,0.6987000703811646,0.6747796474358975,1785295993.3805733
1,5330,0.6728296279907227,0.6747,1785295993.459545
1,5331,0.5410153865814209,0.6748202875399361,1785295993.5365891
1,5332,0.799723744392395,0.6751395534290271,1785295993.6191475
1,5333,0.5035884380340576,0.6752587579617835,1785295993.7025447
1,5334,0.33239561319351196,0.675476947535771,1785295993.7821643
1,5335,0.5240925550460815,0.6753968253968254,1785295993.8658779
1,5336,0.6576123833656311,0.6753169572107766,1785295993.945484
1,5337,0.6035796403884888,0.6753362341772152,1785295994.026085
1,5338,0.557552695274353,0.6751579778830964,1785295994.1102042
1,5339,0.9617296457290649,0.6751774447949527,1785295994.1903749
1,5340,0.7190234065055847,0.675,1785295994.2700112
1,5341,0.686010479927063,0.6750196540880503,1785295994.3553684
1,5342,0.5857192277908325,0.6751373626373627,1785295994.434267
1,5343,0.8538992404937744,0.6750587774294671,1785295994.5178323
1,5344,0.6643918752670288,0.6749804381846636,1785295994.601781
1,5345,0.8511800765991211,0.6751953125,1785295994.6850784
1,5346,0.7361842393875122,0.6749219968798752,1785295994.7639673
1,5347,0.7473357915878296,0.6753309968847352,1785295994.840847
1,5348,0.6540440917015076,0.6753499222395023,1785295994.919859
1,5349,0.6099573373794556,0.6750776397515528,1785295994.9974315
1,5350,0.6492446660995483,0.6751937984496124,1785295995.0802395
1,5351,0.7226904034614563,0.6753095975232198,1785295995.1585963
1,5352,0.3218015432357788,0.6756182380216383,1785295995.23712
1,5353,0.8653093576431274,0.6754436728395061,1785295995.3161552
1,5354,0.5246224403381348,0.6755585516178737,1785295995.39427
1,5355,0.7035183310508728,0.6755769230769231,1785295995.4714625
1,5356,0.8522219657897949,0.6753072196620584,1785295995.5561368
1,5357,0.5892974734306335,0.6755176380368099,1785295995.638985
1,5358,0.5059918761253357,0.6757274119448698,1785295995.7224813
1,5359,0.7905300259590149,0.6759365443425076,1785295995.8089669
1,5360,0.6025489568710327,0.6757633587786259,1785295995.8902798
1,5361,0.5860612392425537,0.6758765243902439,1785295995.9692156
1,5362,0.591640830039978,0.6757990867579908,1785295996.0477922
1,5363,0.6525501012802124,0.6759118541033434,1785295996.1261702
1,5364,0.7832452058792114,0.6759294385432474,1785295996.2074292
1,5365,0.8173030614852905,0.6758522727272728,1785295996.2903557
1,5366,0.8367350101470947,0.6760590015128594,1785295996.3709893
1,5367,0.7675436735153198,0.6761706948640483,1785295996.451494
1,5368,0.44299545884132385,0.6762820512820513,1785295996.5334387
1,5369,0.6236433386802673,0.6763930722891566,1785295996.6176589
1,5370,0.4502831995487213,0.6765977443609023,1785295996.6953313
1,5371,0.7700708508491516,0.6767079579579579,1785295996.7769473
1,5372,1.021551251411438,0.6765367316341829,1785295996.8546774
1,5373,0.5259145498275757,0.6763660179640718,1785295996.9376915
1,5374,0.6582666635513306,0.6763826606875935,1785295997.0213327
1,5375,0.8760208487510681,0.6763992537313432,1785295997.099403
1,5376,0.4258580803871155,0.6765089418777943,1785295997.177787
1,5377,0.8862820863723755,0.6764322916666666,1785295997.260354
1,5378,0.6173250079154968,0.6766344725111442,1785295997.3375716
1,5379,0.5421178340911865,0.6768360534124629,1785295997.41486
1,5380,0.7130066156387329,0.6769444444444445,1785295997.4926178
1,5381,0.45991891622543335,0.6768676035502958,1785295997.5706315
1,5382,0.9105981588363647,0.6769756277695717,1785295997.648895
1,5383,0.533115565776825,0.6769911504424779,1785295997.7290332
1,5384,0.6015622615814209,0.677098674521355,1785295997.811777
1,5385,0.41380611062049866,0.6773897058823529,1785295997.8938978
1,5386,0.8056515455245972,0.6773127753303965,1785295997.9717789
1,5387,0.7164521217346191,0.6773277126099707,1785295998.0501897
1,5388,0.5574272871017456,0.6771595900439239,1785295998.13253
1,5389,0.6723209619522095,0.6771747076023392,1785295998.21234
1,5390,0.9665687680244446,0.677007299270073,1785295998.2903478
1,5391,0.7349910736083984,0.6768403790087464,1785295998.3731093
1,5392,0.737708330154419,0.6769468704512372,1785295998.450838
1,5393,0.48998159170150757,0.6770530523255814,1785295998.5306892
1,5394,0.5732332468032837,0.676977503628447,1785295998.6107988
1,5395,0.4900212287902832,0.6770833333333334,1785295998.688659
1,5396,0.7568389177322388,0.6770984081041969,1785295998.7683015
1,5397,0.596354067325592,0.6772037572254336,1785295998.8462908
1,5398,0.45762327313423157,0.6773088023088023,1785295998.9234586
1,5399,0.586775004863739,0.6772334293948127,1785295999.0010548
1,5400,0.9364743232727051,0.677068345323741,1785295999.0832567
1,5401,0.501753568649292,0.6771731321839081,1785295999.1660929
1,5402,0.5926658511161804,0.6772776183644189,1785295999.243731
1,5403,0.6670072078704834,0.6772922636103151,1785295999.3255465
1,5404,0.6754539012908936,0.6772174535050072,1785295999.40341
1,5405,0.6123625040054321,0.6770535714285715,1785295999.4814758
1,5406,0.7498838901519775,0.6769793152639088,1785295999.5615196
1,5407,0.6923680305480957,0.676994301994302,1785295999.6392481
1,5408,0.5440713167190552,0.6770092460881935,1785295999.7164118
1,5409,0.47899937629699707,0.6769353693181818,1785295999.7939012
1,5410,0.48361194133758545,0.6771276595744681,1785295999.8759363
1,5411,0.5853835344314575,0.6770538243626062,1785295999.9578545
1,5412,0.6956062316894531,0.6770685997171145,1785296000.0350907
1,5413,0.4411202669143677,0.677348163841808,1785296000.1114326
1,5414,0.564014196395874,0.6770098730606487,1785296000.189002
1,5415,0.4822608232498169,0.677024647887324,1785296000.2660706
1,5416,0.6022648811340332,0.6766877637130801,1785296000.343787
1,5417,0.34822186827659607,0.6769662921348315,1785296000.4227278
1,5418,0.4156004786491394,0.6772440392706872,1785296000.500987
1,5419,0.8206225633621216,0.6769957983193278,1785296000.5790362
1,5420,0.568285346031189,0.6770104895104895,1785296000.6567066
1,5421,0.7301934361457825,0.6766759776536313,1785296000.735096
1,5422,0.4848968982696533,0.6766910739191074,1785296000.8154414
1,5423,0.41576632857322693,0.6767931754874652,1785296000.8939795
1,5424,1.1236240863800049,0.6769819193324061,1785296000.9719725
1,5425,1.0059995651245117,0.6770833333333334,1785296001.0501096
1,5426,0.7312038540840149,0.6768377253814147,1785296001.1280906
1,5427,0.39980313181877136,0.6769390581717452,1785296001.205561
1,5428,0.6004238128662109,0.6767807745504841,1785296001.285725
1,5429,0.529850959777832,0.6767092541436464,1785296001.3629026
1,5430,0.5152624249458313,0.6766379310344828,1785296001.4405038
1,5431,0.541309118270874,0.6765668044077136,1785296001.5203078
1,5432,0.5705782771110535,0.6764958734525447,1785296001.602261
1,5433,0.692175030708313,0.6762534340659341,1785296001.6845663
1,5434,0.4510936439037323,0.6765260631001372,1785296001.7618182
1,5435,0.3806855082511902,0.6766267123287671,1785296001.8392878
1,5436,0.5361703038215637,0.676641586867305,1785296001.9175968
1,5437,0.6885786056518555,0.6763148907103825,1785296001.9954433
1,5438,0.7655982971191406,0.6759890859481582,1785296002.0732691
1,5439,0.5964818596839905,0.6758344686648501,1785296002.1518388
1,5440,0.6106753349304199,0.6759353741496599,1785296002.2329183
1,5441,0.4677375257015228,0.6759510869565217,1785296002.3161654
1,5442,0.8671616911888123,0.6758819538670285,1785296002.3957834
1,5443,0.5863439440727234,0.6759823848238482,1785296002.4757917
1,5444,0.736964762210846,0.6761671177266576,1785296002.556595
1,5445,0.5540124773979187,0.6760135135135135,1785296002.6363416
1,5446,0.4855971932411194,0.6761133603238867,1785296002.713895
1,5447,0.49407124519348145,0.676044474393531,1785296002.7912288
1,5448,0.538752019405365,0.6760598923283984,1785296002.8686152
1,5449,0.5932193994522095,0.6759912634408602,1785296002.9465652
1,5450,0.6428332328796387,0.6759228187919463,1785296003.028949
1,5451,0.5441708564758301,0.6758545576407506,1785296003.1095893
1,5452,0.6237074136734009,0.6759538152610441,1785296003.1877196
1,5453,0.5626540184020996,0.6759692513368984,1785296003.2665682
1,5454,0.7983176708221436,0.6758177570093458,1785296003.3453126
1,5455,0.8712902665138245,0.6759166666666667,1785296003.423702
1,5456,0.6380370855331421,0.6758488681757656,1785296003.5018783
1,5457,0.5609096884727478,0.6759474734042553,1785296003.5796795
1,5458,0.5903197526931763,0.6761288180610889,1785296003.6624877
1,5459,0.3550522029399872,0.6763925729442971,1785296003.7405553
1,5460,0.48356106877326965,0.6764900662251656,1785296003.821481
1,5461,0.6378204822540283,0.6763392857142857,1785296003.8994207
1,5462,0.7660151720046997,0.6762714663143989,1785296003.9820185
1,5463,0.733135998249054,0.6763687335092349,1785296004.0601904
1,5464,0.4973151385784149,0.676465744400527,1785296004.1379843
1,5465,0.7505298256874084,0.6763980263157895,1785296004.215668
1,5466,0.4270981252193451,0.6765768725361366,1785296004.2930427
1,5467,0.788756251335144,0.6765912073490814,1785296004.371441
1,5468,0.8064876794815063,0.6761959370904325,1785296004.4501173
1,5469,0.48102936148643494,0.6764561518324608,1785296004.5278027
1,5470,0.535872220993042,0.6763071895424837,1785296004.6103761
1,5471,0.6209011077880859,0.6765665796344648,1785296004.688487
1,5472,0.5602608919143677,0.6765808344198174,1785296004.7704244
1,5473,0.8585284352302551,0.6766764322916666,1785296004.8505864
1,5474,0.6546930074691772,0.6766905071521456,1785296004.9295425
1,5475,0.49260494112968445,0.6766233766233766,1785296005.0071316
1,5476,0.7371176481246948,0.6765564202334631,1785296005.0905602
1,5477,0.5811729431152344,0.6768134715025906,1785296005.1695669
1,5478,0.7437247633934021,0.6768272962483829,1785296005.2516015
1,5479,0.5939065217971802,0.676921834625323,1785296005.329719
1,5480,1.2333996295928955,0.6768548387096774,1785296005.407976
1,5481,0.5470036268234253,0.6770296391752577,1785296005.4891794
1,5482,0.824730634689331,0.6768018018018018,1785296005.567564
1,5483,0.4448390305042267,0.6770565552699229,1785296005.645431
1,5484,0.5383021831512451,0.6770699614890886,1785296005.7261708
1,5485,0.5134831070899963,0.6770833333333334,1785296005.8085833
1,5486,0.48486006259918213,0.6771766965428937,1785296005.886304
1,5487,0.823297381401062,0.6771898976982097,1785296005.9681203
1,5488,0.5308638215065002,0.6772828863346104,1785296006.0458243
1,5489,0.4927070140838623,0.6772959183673469,1785296006.128209
1,5490,0.6228441596031189,0.6773089171974522,1785296006.2108414
1,5491,0.7762724757194519,0.6772423664122137,1785296006.2889419
1,5492,0.6675779819488525,0.6773348157560356,1785296006.3709953
1,5493,0.5971032381057739,0.6774270304568528,1785296006.450805
1,5494,0.6139732003211975,0.6772813688212928,1785296006.5288
1,5495,0.8328453302383423,0.6772943037974684,1785296006.6066782
1,5496,0.6690258979797363,0.6771491782553729,1785296006.6865282
1,5497,0.5850816369056702,0.6773200757575758,1785296006.7643807
1,5498,0.5959460139274597,0.6773329129886507,1785296006.842812
1,5499,0.7603497505187988,0.677345717884131,1785296006.9234722
1,5500,0.5372271537780762,0.677437106918239,1785296007.0048842
1,5501,0.4300500452518463,0.6776853015075377,1785296007.085934
1,5502,0.7150448560714722,0.6775407779171895,1785296007.168802
1,5503,0.5315007567405701,0.6777882205513784,1785296007.250345
1,5504,0.644923985004425,0.6776439299123905,1785296007.3289864
1,5505,0.46458396315574646,0.67765625,1785296007.4060163
1,5506,0.5352387428283691,0.6777465667915106,1785296007.4882715
1,5507,0.6166210174560547,0.6776028678304239,1785296007.5704432
1,5508,0.8043060302734375,0.6776930261519303,1785296007.652492
1,5509,0.6413285136222839,0.6773942786069652,1785296007.7346706
1,5510,0.5010679960250854,0.6775621118012423,1785296007.814102
1,5511,0.6346076726913452,0.6771867245657568,1785296007.8919644
1,5512,0.48816755414009094,0.6771995043370508,1785296007.9728546
1,5513,0.5633888244628906,0.677134900990099,1785296008.0542116
1,5514,0.5679569244384766,0.677070457354759,1785296008.131953
1,5515,0.5401843786239624,0.6770061728395061,1785296008.212654
1,5516,0.6024546027183533,0.6770961775585697,1785296008.2950726
1,5517,0.5582448840141296,0.6770320197044335,1785296008.374868
1,5518,0.6926221251487732,0.6770448954489545,1785296008.4520729
1,5519,0.7565891146659851,0.6772113022113022,1785296008.5301635
1,5520,0.7188524007797241,0.6773006134969325,1785296008.6078298
1,5521,0.6923279762268066,0.6770067401960784,1785296008.685813
1,5522,0.6718366146087646,0.6770195838433293,1785296008.7645757
1,5523,0.47627007961273193,0.6768795843520783,1785296008.84245
1,5524,0.7603588104248047,0.6768162393162394,1785296008.9202704
1,5525,0.4186895787715912,0.676905487804878,1785296009.001177
1,5526,0.6333498954772949,0.6769945188794153,1785296009.0787423
1,5527,0.665419340133667,0.677007299270073,1785296009.1601295
1,5528,0.5456317067146301,0.6770200486026732,1785296009.237689
1,5529,0.8779981136322021,0.6771086165048543,1785296009.3206072
1,5530,0.6367256045341492,0.6771212121212121,1785296009.4008265
1,5531,0.8013738393783569,0.676906779661017,1785296009.4816973
1,5532,0.5465011596679688,0.6768440145102781,1785296009.565202
1,5533,0.5925915241241455,0.6770078502415459,1785296009.6429017
1,5534,0.6099847555160522,0.6771712907117008,1785296009.722245
1,5535,0.7864058613777161,0.6774096385542169,1785296009.7991028
1,5536,0.642156720161438,0.6773465703971119,1785296009.8807828
1,5537,0.4836445152759552,0.6772085336538461,1785296009.9587696
1,5538,0.7059915065765381,0.6772208883553421,1785296010.0365317
1,5539,0.6505802869796753,0.6772332134292566,1785296010.114339
1,5540,0.5640408396720886,0.6773952095808383,1785296010.1962364
1,5541,0.6196396350860596,0.6772577751196173,1785296010.27756
1,5542,0.4734940230846405,0.6772700119474313,1785296010.3547137
1,5543,0.8057682514190674,0.6772076372315036,1785296010.432788
1,5544,0.6381828188896179,0.6768474374255066,1785296010.5147562
1,5545,1.1673580408096313,0.6767113095238095,1785296010.5982466
1,5546,0.7192697525024414,0.6766498216409037,1785296010.676061
1,5547,0.5286948680877686,0.6765142517814727,1785296010.7555983
1,5548,0.5446617603302002,0.6765272835112692,1785296010.8340137
1,5549,0.47686582803726196,0.6766883886255924,1785296010.9160035
1,5550,0.81248939037323,0.6767751479289941,1785296010.9935806
1,5551,0.7033259868621826,0.6767139479905437,1785296011.0715184
1,5552,0.5828933119773865,0.6765791027154664,1785296011.1530192
1,5553,0.5955156683921814,0.6765919811320755,1785296011.2307768
1,5554,0.6913424730300903,0.6763839811542992,1785296011.3127306
1,5555,0.6492376327514648,0.67625,1785296011.3907418
1,5556,0.6923491954803467,0.676189776733255,1785296011.4724765
1,5557,0.8956077098846436,0.676056338028169,1785296011.5503
1,5558,0.46306732296943665,0.676069753810082,1785296011.6321766
1,5559,0.7501444816589355,0.6760831381733021,1785296011.7139935
1,5560,0.48516783118247986,0.6762426900584795,1785296011.7951381
1,5561,0.6315311789512634,0.6762558411214953,1785296011.8787513
1,5562,0.5875793695449829,0.6761231038506418,1785296011.956055
1,5563,0.6044345498085022,0.6762820512820513,1785296012.0350666
1,5564,0.6645359396934509,0.6763678696158324,1785296012.1185381
1,5565,0.68125319480896,0.6764534883720931,1785296012.2009504
1,5566,0.523181140422821,0.6765389082462253,1785296012.2785864
1,5567,0.9389511346817017,0.6764791183294664,1785296012.3594058
1,5568,0.6151548624038696,0.6765643105446119,1785296012.4408607
1,5569,0.5998944044113159,0.6765046296296297,1785296012.5241098
1,5570,0.4633440673351288,0.6766618497109826,1785296012.6002855
1,5571,0.7836430072784424,0.6765300230946882,1785296012.6780243
1,5572,0.6168996691703796,0.6763264129181085,1785296012.760809
1,5573,0.8826131820678711,0.6762672811059908,1785296012.8415394
1,5574,0.4877808690071106,0.6764240506329114,1785296012.9188528
1,5575,0.6306911706924438,0.6763649425287356,1785296013.0016341
1,5576,0.5456416606903076,0.676377726750861,1785296013.0828183
1,5577,0.6695024967193604,0.6762471330275229,1785296013.16516
1,5578,0.6852269172668457,0.6761168384879725,1785296013.2445722
1,5579,0.5589057803153992,0.6762728832951945,1785296013.3222055
1,5580,0.6069658994674683,0.6761428571428572,1785296013.4047508
1,5581,0.5154095888137817,0.6761558219178082,1785296013.4820187
1,5582,0.708175539970398,0.676240022805017,1785296013.561637
1,5583,0.6910740733146667,0.67625284738041,1785296013.6394696
1,5584,0.6817123889923096,0.6764789533560864,1785296013.719791
1,5585,0.8414595127105713,0.6762784090909091,1785296013.8026297
1,5586,0.7778620719909668,0.6765749148694665,1785296013.879206
1,5587,0.5387707352638245,0.6766581632653061,1785296013.9566982
1,5588,0.5978483557701111,0.6765996602491506,1785296014.0371287
1,5589,0.48013001680374146,0.6766826923076923,1785296014.1144896
1,5590,0.5501819849014282,0.6765536723163842,1785296014.191828
1,5591,0.5705276131629944,0.676354401805869,1785296014.269785
1,5592,0.47479233145713806,0.6763669673055243,1785296014.3514013
1,5593,0.7689062356948853,0.6762387387387387,1785296014.4289649
1,5594,0.6046768426895142,0.6761811023622047,1785296014.5079124
1,5595,0.6015089750289917,0.6763342696629213,1785296014.5853493
1,5596,1.0009626150131226,0.6763468013468014,1785296014.66721
1,5597,0.664426326751709,0.6764994394618834,1785296014.7495399
1,5598,0.5856724381446838,0.676511758118701,1785296014.8270535
1,5599,0.5193195343017578,0.676663870246085,1785296014.9089758
1,5600,0.5366579294204712,0.6768156424581006,1785296014.9910822
1,5601,0.7051007747650146,0.6766880580357143,1785296015.0684574
1,5602,0.6087819337844849,0.6767001114827201,1785296015.1494877
1,5603,0.5393884778022766,0.6766425389755011,1785296015.2267175
1,5604,0.30366116762161255,0.676793659621802,1785296015.3064203
1,5605,0.9776592254638672,0.6766666666666666,1785296015.389929
1,5606,0.6765646934509277,0.6764012208657048,1785296015.4675553
1,5607,0.5754539966583252,0.6764828159645233,1785296015.5471675
1,5608,0.5692079663276672,0.6765642303433002,1785296015.6273053
1,5609,0.6146019101142883,0.6763689159292036,1785296015.7087476
1,5610,0.7419632077217102,0.6761740331491712,1785296015.7867904
1,5611,0.7319658398628235,0.6761865342163356,1785296015.8689058
1,5612,0.6396023631095886,0.6763368246968027,1785296015.9509664
1,5613,0.524359941482544,0.6764179515418502,1785296016.0280356
1,5614,0.8112879395484924,0.6764301430143014,1785296016.1099432
1,5615,0.6822747588157654,0.6763049450549451,1785296016.187828
1,5616,0.6567658185958862,0.6761800219538968,1785296016.2699594
1,5617,0.5346794128417969,0.6761239035087719,1785296016.347828
1,5618,0.6274096369743347,0.6759309967141293,1785296016.430271
1,5619,0.5804414749145508,0.6758068927789934,1785296016.5105054
1,5620,0.5322259664535522,0.6757513661202186,1785296016.5900366
1,5621,0.6092517375946045,0.675832423580786,1785296016.6676877
1,5622,0.6509283781051636,0.6759133042529989,1785296016.7471523
1,5623,0.5460724830627441,0.676062091503268,1785296016.8243911
1,5624,0.6804196238517761,0.6761425462459195,1785296016.9024687
1,5625,0.793416440486908,0.6762228260869565,1785296016.9804971
1,5626,0.5683291554450989,0.676099348534202,1785296017.0577095
1,5627,0.5929567217826843,0.6757727765726681,1785296017.135357
1,5628,0.5143321752548218,0.6757854821235103,1785296017.2129152
1,5629,0.5608263611793518,0.6757305194805194,1785296017.290401
1,5630,0.48595020174980164,0.6758108108108108,1785296017.367749
1,5631,0.5181940793991089,0.67582343412527,1785296017.4451473
1,5632,0.6433265209197998,0.675903451995685,1785296017.5225997
1,5633,0.5164047479629517,0.6759159482758621,1785296017.600043
1,5634,0.305808424949646,0.6759956942949408,1785296017.6799664
1,5635,0.5215073227882385,0.6759408602150537,1785296017.76156
1,5636,0.8655849099159241,0.675953276047261,1785296017.839096
1,5637,0.6287383437156677,0.6760997854077253,1785296017.9216263
1,5638,0.6550735831260681,0.6760450160771704,1785296017.99901
1,5639,0.8308874368667603,0.6759903640256959,1785296018.0766873
1,5640,0.7348095178604126,0.6760026737967915,1785296018.154316
1,5641,0.4833398461341858,0.6762820512820513,1785296018.233422
1,5642,0.6789517402648926,0.6762273212379936,1785296018.311668
1,5643,0.6343192458152771,0.6759728144989339,1785296018.390415
1,5644,0.7253811955451965,0.6760516506922257,1785296018.471971
1,5645,0.3393033742904663,0.6763297872340426,1785296018.5539663
1,5646,0.5310700535774231,0.6764080765143464,1785296018.6313531
1,5647,0.39209356904029846,0.6765525477707006,1785296018.7109873
1,5648,0.8145527839660645,0.6766304347826086,1785296018.7909398
1,5649,0.7399293780326843,0.6767743644067796,1785296018.8717818
1,5650,0.4631161391735077,0.6771164021164021,1785296018.9522574
1,5651,0.6959960460662842,0.6772595137420718,1785296019.029716
1,5652,0.44776761531829834,0.6773363252375924,1785296019.1086144
1,5653,0.5503867864608765,0.6773470464135021,1785296019.1858747
1,5654,0.49380186200141907,0.6775553213909379,1785296019.263037
1,5655,0.560899555683136,0.6775657894736842,1785296019.3406806
1,5656,0.5023653507232666,0.6775762355415352,1785296019.423411
1,5657,0.7360916137695312,0.6776523109243697,1785296019.506725
1,5658,0.734474241733551,0.6775314795383001,1785296019.5850368
1,5659,0.7419734597206116,0.6777384696016772,1785296019.6633775
1,5660,0.6334407329559326,0.6778141361256544,1785296019.741286
1,5661,0.5852091908454895,0.6776281380753139,1785296019.8194091
1,5662,0.33915871381759644,0.6778343782654127,1785296019.9010699
1,5663,0.6305640935897827,0.6778444676409185,1785296019.9839647
1,5664,0.5436183214187622,0.6777893639207507,1785296020.0613172
1,5665,0.542506754398346,0.6777994791666667,1785296020.1435156
1,5666,0.6818456053733826,0.6777445369406868,1785296020.2254722
1,5667,0.5683712959289551,0.6778196465696466,1785296020.3075356
1,5668,0.637326717376709,0.677634994807892,1785296020.3853216
1,5669,0.6544584631919861,0.6773858921161826,1785296020.4685214
1,5670,0.668265700340271,0.6773963730569948,1785296020.5461824
1,5671,0.4933428466320038,0.6772127329192547,1785296020.6302524
1,5672,0.6005337238311768,0.6772233712512926,1785296020.7120492
1,5673,0.4425995349884033,0.6774276859504132,1785296020.7908258
1,5674,0.4960418939590454,0.677438080495356,1785296020.8678236
1,5675,0.5718076229095459,0.6775128865979382,1785296020.94525
1,5676,0.42624354362487793,0.6778450051493305,1785296021.0215213
1,5677,0.718258798122406,0.6776620370370371,1785296021.1002543
1,5678,0.6711487770080566,0.6777363823227133,1785296021.1780798
1,5679,0.8049368262290955,0.6778747433264887,1785296021.258035
1,5680,0.4598371386528015,0.6778846153846154,1785296021.335372
1,5681,0.463148295879364,0.6780225409836066,1785296021.4132478
1,5682,0.4351652264595032,0.6783520982599796,1785296021.4898136
1,5683,0.7833340167999268,0.6783614519427403,1785296021.5676942
1,5684,0.8293009400367737,0.6783707865168539,1785296021.6497412
1,5685,0.7410159111022949,0.6782525510204082,1785296021.73162
1,5686,0.6600691676139832,0.6783893985728848,1785296021.8089845
1,5687,0.34416162967681885,0.6786532586558045,1785296021.8863559
1,5688,0.7666996121406555,0.6786622583926755,1785296021.967272
1,5689,0.5835021734237671,0.678734756097561,1785296022.0484052
1,5690,0.7909858226776123,0.678743654822335,1785296022.1260695
1,5691,0.5526613593101501,0.6788793103448276,1785296022.2080457
1,5692,0.39593058824539185,0.6790146909827761,1785296022.2873187
1,5693,0.5201123952865601,0.6790865384615384,1785296022.368783
1,5694,0.5748407244682312,0.6790950455005056,1785296022.450871
1,5695,0.6450293064117432,0.6791035353535354,1785296022.5327604
1,5696,0.4183560609817505,0.6793012108980827,1785296022.6098688
1,5697,0.5248993039131165,0.6793094758064516,1785296022.6873627
1,5698,0.6534990072250366,0.6794436052366566,1785296022.7639158
1,5699,0.5555057525634766,0.6793259557344065,1785296022.8452766
1,5700,0.49482595920562744,0.6793341708542714,1785296022.927412
1,5701,0.6690005660057068,0.6794051204819277,1785296023.0089066
1,5702,0.6144113540649414,0.6792878635907723,1785296023.0866659
1,5703,0.6937318444252014,0.6791708416833667,1785296023.164294
1,5704,0.5582477450370789,0.6791791791791791,1785296023.2468953
1,5705,0.5265949368476868,0.6793125,1785296023.3245285
1,5706,0.7861579656600952,0.6792582417582418,1785296023.4024136
1,5707,0.6174119710922241,0.6792040918163673,1785296023.4795635
1,5708,0.7687797546386719,0.6792123629112662,1785296023.5620732
1,5709,0.8258836269378662,0.6790961155378487,1785296023.6423867
1,5710,0.4644677937030792,0.679228855721393,1785296023.7196867
1,5711,0.6417365074157715,0.6791128230616302,1785296023.8015656
1,5712,0.7430570721626282,0.6791832174776564,1785296023.879734
1,5713,0.3801671862602234,0.6794394841269841,1785296023.9584537
1,5714,0.6915202736854553,0.6793235877106045,1785296024.0413823
1,5715,0.5821791887283325,0.6793935643564356,1785296024.1237166
1,5716,0.6146846413612366,0.6792779426310583,1785296024.2015777
1,5717,0.6556959748268127,0.6792860671936759,1785296024.2788634
1,5718,0.6218746900558472,0.6791707798617966,1785296024.3568025
1,5719,0.4915007948875427,0.6792406311637081,1785296024.4344084
1,5720,0.581132173538208,0.6792487684729064,1785296024.5147922
1,5721,0.4318619966506958,0.679318405511811,1785296024.5959523
1,5722,0.9771661162376404,0.6793264503441495,1785296024.6736114
1,5723,0.4942440986633301,0.6793958742632613,1785296024.7545707
1,5724,0.6908277273178101,0.6795264965652601,1785296024.8325076
1,5725,0.5523558855056763,0.6795955882352941,1785296024.917268
1,5726,0.5433440208435059,0.6796645445641528,1785296024.9988902
1,5727,0.6810463666915894,0.6796110567514677,1785296025.0803869
1,5728,0.6009105443954468,0.6797409579667644,1785296025.158305
1,5729,0.6112394332885742,0.67974853515625,1785296025.2399228
1,5730,0.7596474885940552,0.6797560975609757,1785296025.3207514
1,5731,0.9260178804397583,0.6798245614035088,1785296025.4006422
1,5732,0.6829423308372498,0.6796494644595911,1785296025.4800024
1,5733,0.5425093173980713,0.6796571011673151,1785296025.5666788
1,5734,0.5533994436264038,0.6795432458697764,1785296025.6471074
1,5735,0.8038588762283325,0.6796723300970874,1785296025.7275445
1,5736,0.624757707118988,0.6797405431619786,1785296025.8055289
1,5737,0.586523711681366,0.6798086240310077,1785296025.8836105
1,5738,0.7226697206497192,0.6799975798644724,1785296025.9642744
1,5739,0.45165523886680603,0.680004835589942,1785296026.0422757
1,5740,0.5752735733985901,0.6801932367149759,1785296026.1200783
1,5741,0.6648918986320496,0.6803209459459459,1785296026.1985586
1,5742,0.5461262464523315,0.6802073288331726,1785296026.280112
1,5743,0.743445873260498,0.6802745664739884,1785296026.361648
1,5744,0.6061199307441711,0.6804018286814244,1785296026.4390643
1,5745,0.4517030715942383,0.6803485576923077,1785296026.516907
1,5746,0.8015024065971375,0.6803554274735831,1785296026.5989156
1,5747,0.5840246677398682,0.6802423224568138,1785296026.676732
1,5748,0.5331535339355469,0.6803092042186002,1785296026.7563994
1,5749,0.9907854795455933,0.680316091954023,1785296026.838507
1,5750,0.40829476714134216,0.6803827751196172,1785296026.9155912
1,5751,0.5832552909851074,0.6803895793499044,1785296026.9953656
1,5752,0.5786318778991699,0.6803366762177651,1785296027.074584
1,5753,0.5968034267425537,0.6804031488549618,1785296027.1523747
1,5754,0.6765381097793579,0.6805290753098189,1785296027.232424
1,5755,0.6408893465995789,0.6807142857142857,1785296027.3151312
1,5756,0.7334414720535278,0.6808396764985728,1785296027.396369
1,5757,0.6993039846420288,0.6809648288973384,1785296027.474527
1,5758,0.5961025953292847,0.68085232668566,1785296027.5571604
1,5759,0.6546781659126282,0.6809179316888045,1785296027.6347764
1,5760,0.48883259296417236,0.681042654028436,1785296027.7122269
1,5761,0.43351227045059204,0.6811671401515151,1785296027.790485
1,5762,1.187225341796875,0.681232261116367,1785296027.8719034
1,5763,0.3544536232948303,0.6814154064272212,1785296027.95072
1,5764,0.5430208444595337,0.6815391879131256,1785296028.0294602
1,5765,0.5474517345428467,0.6816627358490566,1785296028.1119561
1,5766,0.46624958515167236,0.6817860508953817,1785296028.1895568
1,5767,0.45084118843078613,0.6817914312617702,1785296028.2708278
1,5768,0.5295753479003906,0.6819143932267169,1785296028.3487563
1,5769,0.7849528193473816,0.6819783834586466,1785296028.4266748
1,5770,0.7222857475280762,0.6821009389671362,1785296028.5065382
1,5771,0.9506126046180725,0.6821060037523452,1785296028.588561
1,5772,0.9111676812171936,0.6821110590440488,1785296028.6684809
1,5773,0.5588807463645935,0.6821161048689138,1785296028.7498875
1,5774,0.7115334272384644,0.6820042095416277,1785296028.8282664
1,5775,0.3626900315284729,0.6821261682242991,1785296028.9053936
1,5776,0.7252660989761353,0.6820728291316527,1785296028.983523
1,5777,0.4289325475692749,0.6821944962686567,1785296029.0654635
1,5778,0.7642874121665955,0.6820829450139795,1785296029.1436858
1,5779,0.6251824498176575,0.6821461824953445,1785296029.2217464
1,5780,0.4019320607185364,0.6823255813953488,1785296029.2993429
1,5781,0.8893934488296509,0.6822723048327137,1785296029.380639
1,5782,0.5339436531066895,0.6824512534818942,1785296029.4580595
1,5783,0.7093373537063599,0.682571892393321,1785296029.5392153
1,5784,0.604187548160553,0.6826343836886005,1785296029.6206396
1,5785,0.5308403968811035,0.6825810185185185,1785296029.7024086
1,5786,0.9021492600440979,0.6823543015726179,1785296029.7803347
1,5787,0.5059735774993896,0.682474584103512,1785296029.8589888
1,5788,0.7265499830245972,0.6825369344413665,1785296029.939817
1,5789,0.7113474011421204,0.6823685424354243,1785296030.022238
1,5790,0.5290171504020691,0.682315668202765,1785296030.100597
1,5791,0.5421357750892639,0.6823779926335175,1785296030.1786573
1,5792,0.6195172071456909,0.6822102115915364,1785296030.2568827
1,5793,0.9057025909423828,0.6822150735294118,1785296030.335585
1,5794,0.7140568494796753,0.682105142332415,1785296030.4177043
1,5795,0.5823025107383728,0.6822247706422019,1785296030.500206
1,5796,0.6401331424713135,0.6822296058661779,1785296030.5778012
1,5797,0.8126673102378845,0.6820627289377289,1785296030.6557324
1,5798,0.4383396804332733,0.6821820677035682,1785296030.7332394
1,5799,0.3654424846172333,0.6824154478976234,1785296030.810741
1,5800,0.7952148914337158,0.6824200913242009,1785296030.8905299
1,5801,0.6596912145614624,0.6824817518248175,1785296030.9682517
1,5802,0.5313251614570618,0.6824293527803099,1785296031.0487053
1,5803,0.5852458477020264,0.6823201275045537,1785296031.1301959
1,5804,0.9663921594619751,0.6822679708826206,1785296031.2081442
1,5805,0.5959843397140503,0.6822159090909091,1785296031.2913358
1,5806,0.7695904970169067,0.6822207084468664,1785296031.3736765
1,5807,0.5006219148635864,0.6823389292196007,1785296031.455547
1,5808,0.6901764869689941,0.6824002719854941,1785296031.532846
1,5809,0.646974503993988,0.6824048913043478,1785296032.1273093
1,5810,0.8858225345611572,0.682579185520362,1785296032.2076378
1,5811,0.5083606243133545,0.6826401446654611,1785296032.284548
1,5812,1.1158089637756348,0.6827574525745257,1785296032.3663666
1,5813,0.6271412372589111,0.6827617328519856,1785296032.4436526
1,5814,0.4560658931732178,0.6828223624887286,1785296032.52077
1,5815,0.3064994513988495,0.6830518018018018,1785296032.5980232
1,5816,0.7393618226051331,0.6832245724572458,1785296032.6802683
1,5817,0.6343631148338318,0.6832284172661871,1785296032.7603166
1,5818,0.43297290802001953,0.6832322551662174,1785296032.8373659
1,5819,0.6246164441108704,0.6832921903052065,1785296032.917627
1,5820,0.2801969647407532,0.683408071748879,1785296032.9985564
1,5821,1.030773639678955,0.6834677419354839,1785296033.076847
1,5822,0.6598865985870361,0.6835273052820053,1785296033.1559381
1,5823,0.5595802664756775,0.6834749552772809,1785296033.2330828
1,5824,0.6924533247947693,0.6834226988382485,1785296033.3107512
1,5825,0.8146272897720337,0.6834821428571428,1785296033.3884974
1,5826,0.6347286105155945,0.6835414808206958,1785296033.4666674
1,5827,0.5658979415893555,0.6834336007130125,1785296033.5442688
1,5828,0.621793270111084,0.6833815672306323,1785296033.6267195
1,5829,0.5753780007362366,0.6831628113879004,1785296033.7045898
1,5830,0.9165002107620239,0.683,1785296033.7831342
1,5831,0.5566967129707336,0.6831150088809946,1785296033.8608835
1,5832,0.5492358207702637,0.6832298136645962,1785296033.9381552
1,5833,0.4437807500362396,0.6832890070921985,1785296034.015481
1,5834,0.6073484420776367,0.683071302037201,1785296034.0968988
1,5835,0.817931056022644,0.6831305309734513,1785296034.17515
1,5836,0.6136444807052612,0.6829133510167993,1785296034.2523007
1,5837,0.6831876635551453,0.6828069787985865,1785296034.3296027
1,5838,0.6005573272705078,0.6827559576345984,1785296034.4108346
1,5839,0.6515404582023621,0.6827050264550265,1785296034.4885952
1,5840,0.4161376953125,0.682874449339207,1785296034.5658703
1,5841,0.4871104955673218,0.6829335387323944,1785296034.6436012
1,5842,0.6816222071647644,0.6829925241864556,1785296034.7210126
1,5843,0.39156198501586914,0.6831063268892794,1785296034.798997
1,5844,0.4699579179286957,0.68321992976295,1785296034.8765488
1,5845,0.5214923620223999,0.6830592105263158,1785296034.9594693
1,5846,0.75131756067276,0.6831726555652936,1785296035.0368483
1,5847,0.7821633815765381,0.6831764448336253,1785296035.1186645
1,5848,0.6526409387588501,0.6830708661417323,1785296035.2014947
1,5849,0.8531705141067505,0.682965472027972,1785296035.285873
1,5850,0.7550338506698608,0.6831331877729258,1785296035.363677
1,5851,0.5093180537223816,0.6830824607329843,1785296035.441859
1,5852,0.5609585046768188,0.683140802092415,1785296035.5223427
1,5853,0.5111897587776184,0.6830357142857143,1785296035.6043415
1,5854,0.8731874823570251,0.6831483899042646,1785296035.6824737
1,5855,0.9085371494293213,0.6830978260869566,1785296035.765086
1,5856,0.6624695658683777,0.6830473501303215,1785296035.8449595
1,5857,0.9301549792289734,0.6830512152777778,1785296035.9224439
1,5858,0.571668267250061,0.6831092801387685,1785296036.0002573
1,5859,0.2667168378829956,0.6832755632582322,1785296036.083956
1,5860,0.5713960528373718,0.6833333333333333,1785296036.161907
1,5861,0.7658115029335022,0.683336937716263,1785296036.239651
1,5862,0.6490841507911682,0.6832324978392394,1785296036.3213959
1,5863,0.4902850091457367,0.6833441278065631,1785296036.4010015
1,5864,0.5921970009803772,0.6833477135461605,1785296036.4787672
1,5865,0.49448707699775696,0.6834051724137931,1785296036.5561867
1,5866,0.739791214466095,0.6834086993970715,1785296036.633911
1,5867,0.5889507532119751,0.6834122203098106,1785296036.7115622
1,5868,1.1083842515945435,0.6834157351676698,1785296036.7941656
1,5869,0.5375197529792786,0.6833118556701031,1785296036.8775759
1,5870,0.5527883768081665,0.6834227467811159,1785296036.955075
1,5871,0.7082381248474121,0.683372641509434,1785296037.0323658
1,5872,0.45166194438934326,0.6835904027420737,1785296037.1141963
1,5873,0.8240183591842651,0.6837007705479452,1785296037.1910243
1,5874,0.7278220653533936,0.6838109495295124,1785296037.2743626
1,5875,0.6035985946655273,0.683707264957265,1785296037.351807
1,5876,0.8873431086540222,0.6836571306575576,1785296037.4309373
1,5877,0.8220276236534119,0.6835537542662116,1785296037.512383
1,5878,0.5882055759429932,0.6833972719522592,1785296037.5906122
1,5879,0.797670841217041,0.683241056218058,1785296037.6685092
1,5880,0.6158662438392639,0.6831382978723404,1785296037.7458637
1,5881,0.8025027513504028,0.6831951530612245,1785296037.8266804
1,5882,0.7899420857429504,0.6831988105352591,1785296037.9032981
1,5883,0.7626193761825562,0.6833085738539898,1785296037.983036
1,5884,0.43919599056243896,0.6834181509754029,1785296038.0605068
1,5885,0.6809134483337402,0.6834745762711865,1785296038.142101
1,5886,0.5737603306770325,0.6834250635055038,1785296038.2244148
1,5887,0.42908307909965515,0.6835342639593909,1785296038.3066447
1,5888,0.4959516227245331,0.683590448013525,1785296038.3841383
1,5889,0.6638762354850769,0.6835409628378378,1785296038.46138
1,5890,0.8079841732978821,0.6834915611814346,1785296038.5391712
1,5891,0.6349329948425293,0.6833895446880269,1785296038.616221
1,5892,0.44094711542129517,0.6834983150800337,1785296038.6937406
1,5893,0.7988763451576233,0.6834490740740741,1785296038.771725
1,5894,0.8308206796646118,0.6833473507148865,1785296038.8494482
1,5895,0.6232001781463623,0.6834033613445378,1785296038.9271827
1,5896,0.9135046005249023,0.6834068010075567,1785296039.0076396
1,5897,0.5990031361579895,0.6833578020134228,1785296039.0854146
1,5898,0.8322285413742065,0.6833088851634534,1785296039.167694
1,5899,0.5216114521026611,0.6834170854271356,1785296039.2449162
1,5900,0.590536892414093,0.6834728033472803,1785296039.3263922
1,5901,0.8115307688713074,0.6834239130434783,1785296039.4039426
1,5902,0.6471768617630005,0.6834795321637427,1785296039.4818964
1,5903,0.762793779373169,0.6834307178631052,1785296039.564674
1,5904,0.6058349609375,0.6834862385321101,1785296039.6471887
1,5905,0.5276658535003662,0.6835416666666667,1785296039.7243354
1,5906,0.6072055101394653,0.6834929225645295,1785296039.8068216
1,5907,0.572661280632019,0.6834442595673876,1785296039.8842764
1,5908,0.6850515007972717,0.6833437240232751,1785296039.961816
1,5909,0.6333275437355042,0.6832952657807309,1785296040.0398092
1,5910,0.7348785996437073,0.683298755186722,1785296040.1222541
1,5911,0.749566376209259,0.6832504145936982,1785296040.2067404
1,5912,0.6254500150680542,0.6830985915492958,1785296040.2844145
1,5913,0.6090101003646851,0.6828952814569537,1785296040.3668883
1,5914,0.5896579027175903,0.6828473945409429,1785296040.4446006
1,5915,0.7919644117355347,0.6828512396694215,1785296040.525887
1,5916,0.4328744411468506,0.6829066886870355,1785296040.60312
1,5917,0.7734162211418152,0.6829620462046204,1785296040.6809633
1,5918,0.6117839217185974,0.6828627370156637,1785296040.7579165
1,5919,0.5440200567245483,0.682918039538715,1785296040.840067
1,5920,0.5440875291824341,0.6830761316872428,1785296040.9173527
1,5921,0.652304470539093,0.6830797697368421,1785296040.9986145
1,5922,0.6555107235908508,0.6830834018077239,1785296041.0797002
1,5923,1.338334560394287,0.6832409688013136,1785296041.1566186
1,5924,0.6210325956344604,0.6832957342083675,1785296041.234598
1,5925,0.4247288405895233,0.6832991803278688,1785296041.3127072
1,5926,0.7098550796508789,0.6833026208026208,1785296041.3908374
1,5927,0.5166088342666626,0.6832549099836334,1785296041.4684293
1,5928,0.6423608064651489,0.6831561733442355,1785296041.5494452
1,5929,0.5305556058883667,0.6830575980392157,1785296041.627741
1,5930,0.615295946598053,0.6830612244897959,1785296041.709495
1,5931,0.46617817878723145,0.6830138662316476,1785296041.7868023
1,5932,0.5228737592697144,0.6829665851670742,1785296041.8640761
1,5933,0.5184636116027832,0.6829193811074918,1785296041.9459996
1,5934,0.5192568302154541,0.6828722538649309,1785296042.0232596
1,5935,0.6126715540885925,0.6828252032520326,1785296042.1014287
1,5936,0.5202834010124207,0.6828797725426482,1785296042.1831365
1,5937,0.3555600345134735,0.6829849837662337,1785296042.2632284
1,5938,0.6277992129325867,0.6829886455798865,1785296042.3425276
1,5939,0.47701483964920044,0.6830935980551054,1785296042.4202762
1,5940,0.7381616234779358,0.6829959514170041,1785296042.4983654
1,5941,0.6813893914222717,0.6827973300970874,1785296042.5761547
1,5942,0.668314516544342,0.682750606305578,1785296042.6587336
1,5943,0.3615424335002899,0.6829058966074314,1785296042.7388625
1,5944,0.682560920715332,0.6828591606133979,1785296042.8166707
1,5945,0.5968565940856934,0.6828629032258065,1785296042.894401
1,5946,0.6950750350952148,0.6827659145850121,1785296042.9733648
1,5947,0.5623517036437988,0.6826187600644122,1785296043.0519178
1,5948,0.8861375451087952,0.6826226870474658,1785296043.1301436
1,5949,0.8227066993713379,0.6826768488745981,1785296043.2077692
1,5950,0.6111588478088379,0.6825301204819277,1785296043.2896776
1,5951,0.5820478200912476,0.6823836276083467,1785296043.3676994
1,5952,0.7721327543258667,0.6821872493985566,1785296043.4493003
1,5953,0.5601996779441833,0.6821915064102564,1785296043.5308769
1,5954,0.5290510654449463,0.6821957566052842,1785296043.6079872
1,5955,0.6364604234695435,0.6821,1785296043.688876
1,5956,0.5610330104827881,0.6820043964828137,1785296043.7660127
1,5957,0.5072552561759949,0.6820587060702875,1785296043.843406
1,5958,0.7331010103225708,0.6821628092577813,1785296043.9214106
1,5959,0.6666056513786316,0.6821670653907496,1785296044.004662
1,5960,0.5748828053474426,0.6822211155378486,1785296044.0819545
1,5961,0.5913102626800537,0.6821755573248408,1785296044.1627045
1,5962,0.6938985586166382,0.6821300715990454,1785296044.244063
1,5963,0.6923766136169434,0.6820846581875993,1785296044.3221576
1,5964,0.9735337495803833,0.6822875297855441,1785296044.4006553
1,5965,0.46101853251457214,0.6824900793650793,1785296044.4769883
1,5966,0.6754686236381531,0.6824444885011896,1785296044.5546932
1,5967,0.7402756214141846,0.6822503961965135,1785296044.6325054
1,5968,0.48393696546554565,0.6823535233570863,1785296044.7151468
1,5969,0.6831785440444946,0.6824564873417721,1785296044.7981558
1,5970,0.6265677213668823,0.6824604743083004,1785296044.875656
1,5971,0.8568832874298096,0.6823657187993681,1785296044.953272
1,5972,0.5607462525367737,0.6823204419889503,1785296045.0319376
1,5973,0.6972659826278687,0.6821766561514195,1785296045.1095777
1,5974,0.7128739953041077,0.682033096926714,1785296045.1875806
1,5975,0.535350501537323,0.6820866141732284,1785296045.2679107
1,5976,0.5526995062828064,0.6820908733280882,1785296045.3458633
1,5977,0.4957138001918793,0.6821933962264151,1785296045.423204
1,5978,0.7906947731971741,0.6821975648075412,1785296045.505978
1,5979,0.9153794050216675,0.6822507849293563,1785296045.5839355
1,5980,0.5691379904747009,0.6822549019607843,1785296045.6653976
1,5981,0.6300912499427795,0.6822100313479624,1785296045.7426531
1,5982,0.5788930058479309,0.6823610023492561,1785296045.8219798
1,5983,0.5348631739616394,0.6824139280125195,1785296045.9003162
1,5984,0.5737974047660828,0.6823201720093823,1785296045.9774408
1,5985,0.5136626958847046,0.682421875,1785296046.054477
1,5986,0.600114643573761,0.6824258391881343,1785296046.132096
1,5987,0.5233401656150818,0.6824297971918877,1785296046.209346
1,5988,0.6498554944992065,0.6825311769290725,1785296046.286666
1,5989,0.6793112754821777,0.6825350467289719,1785296046.366793
1,5990,0.7583657503128052,0.6825389105058366,1785296046.4453344
1,5991,0.42340534925460815,0.682591368584759,1785296046.5271122
1,5992,0.7844099998474121,0.68254662004662,1785296046.6048021
1,5993,0.6237887144088745,0.6823563664596274,1785296046.6863208
1,5994,0.6494239568710327,0.6822148952676493,1785296046.7650175
1,5995,0.6148396134376526,0.6821705426356589,1785296046.8451474
1,5996,0.4602596163749695,0.6822714949651433,1785296046.922814
1,5997,0.7837333679199219,0.6823239164086687,1785296047.0058413
1,5998,0.5259584188461304,0.68223124516628,1785296047.0884855
1,5999,0.6723834872245789,0.6821387171561051,1785296047.1732767
1,6000,0.7481493353843689,0.6823841698841698,1785296047.2564416
1,6001,0.8526806831359863,0.6823881172839507,1785296047.337103
1,6002,0.6397059559822083,0.6823438704703161,1785296047.4145694
1,6003,0.9175007939338684,0.682347842835131,1785296047.4924312
1,6004,0.37190064787864685,0.6824961508852964,1785296047.569961
1,6005,0.6149501204490662,0.6825,1785296047.6477902
1,6006,0.6528179049491882,0.6823597232897771,1785296047.7294664
1,6007,0.5982440710067749,0.6824116743471582,1785296047.8071382
1,6008,0.4071771502494812,0.6825594781273984,1785296047.886115
1,6009,0.8948622941970825,0.682707055214724,1785296047.9641385
1,6010,0.7271044254302979,0.6828544061302682,1785296048.0478282
1,6011,0.6243073344230652,0.6830015313935681,1785296048.1299434
1,6012,0.6382067203521729,0.6830049732211171,1785296048.2116065
1,6013,0.7178332209587097,0.6830561926605505,1785296048.2891815
1,6014,0.6638852953910828,0.6829163483575248,1785296048.3681297
1,6015,0.45556771755218506,0.6831583969465649,1785296048.4446743
1,6016,0.6076244115829468,0.683257055682685,1785296048.5277734
1,6017,0.610933780670166,0.6832602896341463,1785296048.6052334
1,6018,0.6661420464515686,0.6831683168316832,1785296048.6826527
1,6019,0.7828527688980103,0.6831240487062404,1785296048.7650437
1,6020,0.44872960448265076,0.683032319391635,1785296048.8426337
1,6021,0.6517289876937866,0.6831306990881459,1785296048.9224627
1,6022,0.5296069979667664,0.6830865603644647,1785296048.9998994
1,6023,0.5804311633110046,0.6830424886191199,1785296049.0773196
1,6024,0.6271761059761047,0.6830458680818802,1785296049.1554983
1,6025,0.7734370231628418,0.6830018939393939,1785296049.237272
1,6026,0.7986596822738647,0.6829106737320212,1785296049.3203654
1,6027,0.5151333808898926,0.6829614220877458,1785296049.4016254
1,6028,0.49811986088752747,0.6828703703703703,1785296049.478771
1,6029,0.8241346478462219,0.6827794561933535,1785296049.5567281
1,6030,0.5614431500434875,0.6829245283018868,1785296049.6348205
1,6031,0.585464596748352,0.6829279788838613,1785296049.7136517
1,6032,0.46022164821624756,0.6828843255463452,1785296049.7950423
1,6033,0.6510816812515259,0.6829348644578314,1785296049.8746138
1,6034,0.624814510345459,0.6829382994732882,1785296049.9526348
1,6035,0.5740832686424255,0.6830357142857143,1785296050.0329547
1,6036,0.7242696285247803,0.6829921111945906,1785296050.1110406
1,6037,0.5723041892051697,0.6830893393393394,1785296050.190706
1,6038,0.4776681363582611,0.6830457614403601,1785296050.268484
1,6039,0.6086240410804749,0.6830022488755623,1785296050.3457522
1,6040,0.5045783519744873,0.6829588014981274,1785296050.4275248
1,6041,0.6145549416542053,0.6828218562874252,1785296050.5082986
1,6042,0.4734068512916565,0.6829188481675392,1785296050.5853584
1,6043,0.9924490451812744,0.6829689835575485,1785296050.6673102
1,6044,0.7387484908103943,0.6830190440627334,1785296050.7451499
1,6045,0.5212255120277405,0.6829757462686568,1785296050.823057
1,6046,0.7577903270721436,0.6829325130499627,1785296050.9014978
1,6047,0.7613656520843506,0.6829359165424739,1785296050.9842367
1,6048,0.5503929257392883,0.682939314966493,1785296051.0618753
1,6049,0.535302460193634,0.6829427083333334,1785296051.139337
1,6050,0.5777499675750732,0.682899628252788,1785296051.2204006
1,6051,0.3874339461326599,0.6829494799405647,1785296051.2976274
1,6052,0.5097160935401917,0.682952858203415,1785296051.3781548
1,6053,0.6635900735855103,0.682956231454006,1785296051.4613245
1,6054,0.6031439900398254,0.6829595997034841,1785296051.538952
1,6055,0.6031284332275391,0.682962962962963,1785296051.6194415
1,6056,0.5403046607971191,0.682920059215396,1785296051.7005692
1,6057,0.44284310936927795,0.6830159023668639,1785296051.7812333
1,6058,0.5047032833099365,0.6829730229120473,1785296051.8590114
1,6059,0.46287089586257935,0.6830225258493353,1785296051.9407089
1,6060,0.7758651971817017,0.6828874538745388,1785296052.0186067
1,6061,0.523341953754425,0.6830291297935103,1785296052.0994022
1,6062,0.8265038728713989,0.6830324244657332,1785296052.1766253
1,6063,0.7118276953697205,0.6829436671575847,1785296052.2584562
1,6064,0.5000946521759033,0.6829470198675497,1785296052.336067
1,6065,0.7913397550582886,0.6828584558823529,1785296052.4190972
1,6066,0.5742615461349487,0.6829537105069802,1785296052.4956713
1,6067,0.7290579080581665,0.6829570484581498,1785296052.5765367
1,6068,0.47972092032432556,0.6830062362435804,1785296052.652615
1,6069,0.6273514032363892,0.6830095307917888,1785296052.7304595
1,6070,0.5688284635543823,0.6830586080586081,1785296052.8122535
1,6071,0.7330833673477173,0.6830161054172768,1785296052.8961277
1,6072,0.8807367086410522,0.682927944403804,1785296052.9745357
1,6073,0.5205087661743164,0.6829312865497076,1785296053.0519998
1,6074,0.6239816546440125,0.6829346238130022,1785296053.133204
1,6075,0.97926926612854,0.6829379562043796,1785296053.211622
1,6076,0.5357042551040649,0.6830324580598104,1785296053.2944858
1,6077,0.5118277072906494,0.6829446064139941,1785296053.3718312
1,6078,0.6778402328491211,0.682993445010925,1785296053.454585
1,6079,0.5528271198272705,0.6829967248908297,1785296053.535708
1,6080,0.48505014181137085,0.6830909090909091,1785296053.6133487
1,6081,0.5332775115966797,0.6830486918604651,1785296053.6908364
1,6082,0.7744665741920471,0.683051924473493,1785296053.769035
1,6083,0.6424821615219116,0.6831005079825835,1785296053.8467164
1,6084,0.6423353552818298,0.6829677302393038,1785296053.9238262
1,6085,0.6961033940315247,0.6829257246376812,1785296054.0018554
1,6086,0.8441379070281982,0.682929036929761,1785296054.0822845
1,6087,0.4632547199726105,0.6829775687409552,1785296054.163767
1,6088,0.7962713837623596,0.6830712219812003,1785296054.2415924
1,6089,0.5945169925689697,0.6830292630057804,1785296054.3194547
1,6090,0.9954609274864197,0.6831678700361011,1785296054.4015703
1,6091,0.6803781390190125,0.6832611832611832,1785296054.483262
1,6092,0.5766541957855225,0.6833093006488825,1785296054.5613585
1,6093,0.6916258335113525,0.6834023775216138,1785296054.6425936
1,6094,0.4145379066467285,0.6833603311735061,1785296054.7223496
1,6095,0.8323742151260376,0.683318345323741,1785296054.800413
1,6096,0.6119050979614258,0.6832764198418404,1785296054.8791556
1,6097,0.4869053065776825,0.6832345545977011,1785296054.9592772
1,6098,1.006653904914856,0.6833273510409189,1785296055.0374637
1,6099,0.7861988544464111,0.6833751793400287,1785296055.1155396
1,6100,0.44476574659347534,0.6834677419354839,1785296055.1968663
1,6101,0.8159654140472412,0.6835154011461319,1785296055.276283
1,6102,0.5046007633209229,0.6836077308518254,1785296055.3544044
1,6103,0.6807594299316406,0.6834763948497854,1785296055.4366002
1,6104,0.5910455584526062,0.6835239456754825,1785296055.5144043
1,6105,0.6168630719184875,0.6833482142857142,1785296055.5964494
1,6106,0.6977744102478027,0.6833957887223412,1785296055.6743042
1,6107,0.6145368218421936,0.6833541369472182,1785296055.7519643
1,6108,0.599315881729126,0.6834016393442623,1785296055.830339
1,6109,0.5708879232406616,0.6832710113960114,1785296055.9122555
1,6110,0.5888155698776245,0.6833629893238434,1785296055.989748
1,6111,0.639778733253479,0.6833659317211949,1785296056.0679903
1,6112,0.6380264163017273,0.6833244491826581,1785296056.15076
1,6113,0.9693646430969238,0.6833274147727273,1785296056.2323983
1,6114,0.5355574488639832,0.6834190915542938,1785296056.3106966
1,6115,0.6929503679275513,0.6834219858156029,1785296056.3913593
1,6116,0.8542953133583069,0.683380581148122,1785296056.469562
1,6117,0.7469934225082397,0.6833834985835694,1785296056.5520859
1,6118,0.5269550085067749,0.6834748761500354,1785296056.6332457
1,6119,0.6165376305580139,0.6833451202263083,1785296056.7154963
1,6120,0.7014038562774658,0.6832155477031802,1785296056.7966914
1,6121,0.5277206301689148,0.6831744350282486,1785296056.876775
1,6122,0.7083618640899658,0.6831333803810868,1785296056.9556806
1,6123,0.5961276292800903,0.6830923836389281,1785296057.0365753
1,6124,0.5949565768241882,0.683007399577167,1785296057.1157348
1,6125,0.8156105279922485,0.6828345070422536,1785296057.1936915
1,6126,0.5230374932289124,0.6827938071780436,1785296057.273291
1,6127,0.7764807939529419,0.6827092123769339,1785296057.35138
1,6128,0.9973663091659546,0.6825808151791989,1785296057.4297392
1,6129,0.7237157225608826,0.682715941011236,1785296057.5131688
1,6130,0.5969126224517822,0.6826754385964913,1785296057.5913851
1,6131,0.54435795545578,0.6827664796633941,1785296057.669027
1,6132,0.6380010843276978,0.6826384022424667,1785296057.7509933
1,6133,0.6636812090873718,0.6827731092436975,1785296057.8279216
1,6134,0.49141210317611694,0.6827764170748776,1785296057.9053967
1,6135,0.5313246846199036,0.6828234265734265,1785296057.983634
1,6136,0.6828503608703613,0.6828266946191475,1785296058.0635169
1,6137,0.7919479608535767,0.682786312849162,1785296058.1444824
1,6138,0.768065869808197,0.6828768318213538,1785296058.2215705
1,6139,0.9124862551689148,0.6828364714086471,1785296058.304445
1,6140,0.6508210301399231,0.6825783972125435,1785296058.38511
1,6141,0.5155326724052429,0.682625348189415,1785296058.467865
1,6142,0.7619298696517944,0.6826722338204593,1785296058.5457146
1,6143,0.611180305480957,0.6827190542420027,1785296058.6232698
1,6144,0.6787716150283813,0.6828961084086171,1785296058.7058532
1,6145,0.7566882371902466,0.6828125,1785296058.7885954
1,6146,0.5813822746276855,0.6825555170020818,1785296058.8663013
1,6147,0.5501779317855835,0.6826456310679612,1785296058.9469717
1,6148,0.5613654851913452,0.6826056826056826,1785296059.0277288
1,6149,0.728174090385437,0.6826956371191135,1785296059.1097121
1,6150,0.5856102108955383,0.6826989619377163,1785296059.1876514
1,6151,0.5439175963401794,0.6827887275242047,1785296059.2652361
1,6152,0.46951231360435486,0.6828783690393918,1785296059.3427715
1,6153,0.4786736071109772,0.6829678867403315,1785296059.4206479
1,6154,0.4622190594673157,0.6829278812974465,1785296059.5044475
1,6155,0.8767537474632263,0.6828879310344828,1785296059.5822654
1,6156,0.5315749645233154,0.6828480358373535,1785296059.6654887
1,6157,0.47966521978378296,0.6828942837465565,1785296059.746943
1,6158,0.5145593881607056,0.6829834824501032,1785296059.824297
1,6159,0.5409889221191406,0.6830295735900963,1785296059.9055376
1,6160,0.656519889831543,0.6831185567010309,1785296059.9854815
1,6161,0.7884182929992676,0.6830786401098901,1785296060.0671308
1,6162,0.6824945211410522,0.6831245710363761,1785296060.1457748
1,6163,0.5776411294937134,0.6829989711934157,1785296060.2238564
1,6164,0.5142556428909302,0.6829592186429061,1785296060.305475
1,6165,0.6135534048080444,0.6830051369863014,1785296060.3832617
1,6166,0.7455121278762817,0.6830082135523614,1785296060.4613793
1,6167,0.5835354924201965,0.6830540355677155,1785296060.5393848
1,6168,0.522124171257019,0.683057074504443,1785296060.6167927
1,6169,0.5866623520851135,0.6830174180327869,1785296060.6941776
1,6170,0.461628258228302,0.6831058020477816,1785296060.7777028
1,6171,0.6167619824409485,0.6832366984993179,1785296060.8552833
1,6172,0.8388316035270691,0.6833674164962509,1785296060.9346352
1,6173,0.5376734733581543,0.6833702316076294,1785296061.017632
1,6174,0.5565841197967529,0.6834581347855684,1785296061.0954797
1,6175,0.5864813327789307,0.6833333333333333,1785296061.1731074
1,6176,0.7664065361022949,0.6832936777702243,1785296061.2509885
1,6177,0.46529170870780945,0.6833389945652174,1785296061.3283374
1,6178,0.6072320342063904,0.6834266802443992,1785296061.4096828
1,6179,0.7806543111801147,0.6833870420624152,1785296061.4920998
1,6180,0.5603492259979248,0.6834322033898305,1785296061.5701184
1,6181,0.5692102909088135,0.6834773035230353,1785296061.6474342
1,6182,0.8279386162757874,0.6835646580907244,1785296061.727696
1,6183,0.5023813843727112,0.6836518944519621,1785296061.805211
1,6184,0.4987839460372925,0.6836967545638946,1785296061.8846996
1,6185,0.5918464660644531,0.6836993243243243,1785296061.9629104
1,6186,0.5510108470916748,0.6837018906144497,1785296062.0412939
1,6187,0.7965584397315979,0.6836622807017544,1785296062.1191525
1,6188,0.38144195079803467,0.6837491571139582,1785296062.2001371
1,6189,0.5044577717781067,0.6837938005390836,1785296062.2803352
1,6190,0.6686346530914307,0.6836279461279461,1785296062.357566
1,6191,0.352868914604187,0.6837987886944819,1785296062.4398353
1,6192,1.0078866481781006,0.683843308675185,1785296062.5218437
1,6193,0.6331779956817627,0.6838457661290323,1785296062.5995047
1,6194,0.6052603125572205,0.6838482202820685,1785296062.6774838
1,6195,0.7786870002746582,0.6839765100671141,1785296062.755411
1,6196,0.49837198853492737,0.6839369550637157,1785296062.8372786
1,6197,0.5859910845756531,0.6838974530831099,1785296062.9187584
1,6198,0.8380234837532043,0.683983590087073,1785296062.9965153
1,6199,0.5121830105781555,0.6839859437751004,1785296063.0733356
1,6200,0.5245026350021362,0.6840301003344481,1785296063.153449
1,6201,0.5110028982162476,0.6841577540106952,1785296063.2347715
1,6202,0.7428858280181885,0.6841182364729459,1785296063.3125205
1,6203,0.6696950793266296,0.6839118825100133,1785296063.3922148
1,6204,0.8839506506919861,0.6837891927951968,1785296063.4700184
1,6205,0.6425304412841797,0.6837916666666667,1785296063.5479527
1,6206,0.4105391204357147,0.6838774150566289,1785296063.6255765
1,6207,0.49066057801246643,0.6838798268974701,1785296063.7028923
1,6208,0.7830438613891602,0.6837159015302728,1785296063.7801886
1,6209,0.6836562752723694,0.6835521941489362,1785296063.8618753
1,6210,0.42446276545524597,0.6835963455149502,1785296063.9398715
1,6211,0.6275547742843628,0.6835159362549801,1785296064.0175214
1,6212,0.48945266008377075,0.68364299933643,1785296064.0985656
1,6213,0.6653114557266235,0.6835626657824934,1785296064.17974
1,6214,0.6963614225387573,0.6834824387011266,1785296064.2575066
1,6215,0.5415406227111816,0.6835264900662251,1785296064.3382876
1,6216,0.5149202942848206,0.6834877564526803,1785296064.415663
1,6217,0.9490500688552856,0.68349041005291,1785296064.4984863
1,6218,0.9003039598464966,0.683575677461996,1785296064.5763764
1,6219,0.5002574920654297,0.6835782694848085,1785296064.6552029
1,6220,0.5004233717918396,0.6836221122112212,1785296064.7354178
1,6221,0.5653804540634155,0.6837071240105541,1785296064.8170862
1,6222,0.7909085154533386,0.6835860250494397,1785296064.895098
1,6223,0.6420935988426208,0.6834239130434783,1785296064.9761686
1,6224,0.5090119242668152,0.6834265964450297,1785296065.0536308
1,6225,0.5309841632843018,0.6834703947368421,1785296065.134121
1,6226,0.6325249671936035,0.6834319526627219,1785296065.2118464
1,6227,0.606116533279419,0.6835167542706965,1785296065.2927752
1,6228,0.7236512303352356,0.6833962573867367,1785296065.3706827
1,6229,0.49645060300827026,0.683480971128609,1785296065.449823
1,6230,0.5874195098876953,0.6834016393442623,1785296065.530453
1,6231,0.44942110776901245,0.6834862385321101,1785296065.6087027
1,6232,0.766081690788269,0.683488867059594,1785296065.6908746
1,6233,0.38991761207580566,0.6836960078534031,1785296065.7680998
1,6234,0.8404884934425354,0.6836576193590582,1785296065.8460703
1,6235,0.5752975940704346,0.6837009803921569,1785296065.9233897
1,6236,0.5824883580207825,0.6836626387981711,1785296066.0055687
1,6237,0.6770902276039124,0.6837467362924282,1785296066.0882645
1,6238,0.6397494077682495,0.683749184605349,1785296066.1686933
1,6239,0.7089452743530273,0.683710886571056,1785296066.2465022
1,6240,0.6940441727638245,0.6837947882736156,1785296066.3286645
1,6241,0.6173568964004517,0.6838785807291666,1785296066.4105945
1,6242,0.6634163856506348,0.6839216005204944,1785296066.4917696
1,6243,0.6553486585617065,0.6838020156046815,1785296066.5743992
1,6244,0.889958381652832,0.6837231968810916,1785296066.652913
1,6245,0.7384951114654541,0.683685064935065,1785296066.7352223
1,6246,0.32336732745170593,0.683768656716418,1785296066.8132806
1,6247,0.5415422916412354,0.6838116083009079,1785296066.8938727
1,6248,0.8840982913970947,0.6837734931950745,1785296066.9724526
1,6249,0.4658210873603821,0.6838163860103627,1785296067.0499341
1,6250,0.5077406764030457,0.6839401294498382,1785296067.1317313
1,6251,0.48997506499290466,0.6839828589909444,1785296067.2128012
1,6252,0.48158830404281616,0.6840255332902392,1785296067.2904484
1,6253,0.7701141238212585,0.6839874031007752,1785296067.3722975
1,6254,0.4408583641052246,0.6840703679793415,1785296067.4527507
1,6255,0.43102550506591797,0.6841532258064517,1785296067.5348554
1,6256,0.828792929649353,0.6840344938749194,1785296067.6128876
1,6257,0.5884426832199097,0.6839159149484536,1785296067.6953137
1,6258,0.6677907109260559,0.6838779781068899,1785296067.7730784
1,6259,0.8893925547599792,0.6838803088803089,1785296067.8536594
1,6260,0.5753858089447021,0.6839228295819936,1785296067.935495
1,6261,0.5365886688232422,0.68396529562982,1785296068.012775
1,6262,0.765896201133728,0.683927424534361,1785296068.0906503
1,6263,0.5630577206611633,0.6840099486521181,1785296068.168235
1,6264,0.5426297187805176,0.684012187299551,1785296068.2483516
1,6265,0.5404642224311829,0.6840945512820513,1785296068.329392
1,6266,0.4698556065559387,0.6842168481742473,1785296068.407058
1,6267,0.7307467460632324,0.6842189500640204,1785296068.4852228
1,6268,0.6279077529907227,0.6842210492642354,1785296068.5684025
1,6269,0.7717716693878174,0.6841032608695652,1785296068.6462693
1,6270,0.7712796926498413,0.6841453674121406,1785296068.728666
1,6271,0.6304762959480286,0.6841075989782887,1785296068.8061564
1,6272,0.6035833954811096,0.684029993618379,1785296068.8840196
1,6273,0.576292872428894,0.6839126275510204,1785296068.962883
1,6274,0.5297057032585144,0.683914913957935,1785296069.0417466
1,6275,0.5382996201515198,0.6839570063694268,1785296069.1188223
1,6276,0.5882291197776794,0.683879694462126,1785296069.200581
1,6277,0.4775148332118988,0.6839217557251909,1785296069.277564
1,6278,0.6388508677482605,0.6839637635092181,1785296069.3553035
1,6279,0.6025609970092773,0.6838865946632783,1785296069.436893
1,6280,0.609787106513977,0.6837698412698413,1785296069.515408
1,6281,0.24985520541667938,0.6838515228426396,1785296069.5958142
1,6282,0.5679166316986084,0.6839727330374128,1785296069.6728716
1,6283,0.7668413519859314,0.6840145754119138,1785296069.750912
1,6284,0.6150097846984863,0.6838980367321089,1785296069.8328204
1,6285,0.6309748291969299,0.6838607594936709,1785296069.91561
1,6286,0.48071742057800293,0.6839421252371917,1785296069.9926653
1,6287,0.6028590798377991,0.6839838811630847,1785296070.0744617
1,6288,0.524821400642395,0.6839466203411244,1785296070.1560466
1,6289,0.6410812139511108,0.6837910353535354,1785296070.2359686
1,6290,0.5746474266052246,0.6837933753943217,1785296070.316683
1,6291,0.6005238890647888,0.6837168978562421,1785296070.3951705
1,6292,0.5532989501953125,0.683719281663516,1785296070.473207
1,6293,0.5030199289321899,0.6838003778337531,1785296070.55047
1,6294,0.5434800982475281,0.6838420390182505,1785296070.6276996
1,6295,0.6070859432220459,0.6839229559748428,1785296070.7092156
1,6296,0.7194461226463318,0.6838073538654934,1785296070.7917674
1,6297,0.631158173084259,0.683848932160804,1785296070.8705564
1,6298,0.5498990416526794,0.6839296924042687,1785296070.947579
1,6299,0.4827699065208435,0.6840103513174404,1785296071.0249302
1,6300,0.5114954710006714,0.684051724137931,1785296071.1063719
1,6301,0.6964341998100281,0.6840147243107769,1785296071.188443
1,6302,0.5860245227813721,0.683977770820288,1785296071.2664702
1,6303,0.6045047640800476,0.6839799749687109,1785296071.347176
1,6304,0.5736372470855713,0.6839821763602252,1785296071.4245276
1,6305,0.7461445331573486,0.683984375,1785296071.5060468
1,6306,0.5460242033004761,0.6840256089943785,1785296071.5832078
1,6307,0.5801741480827332,0.6840667915106118,1785296071.6632564
1,6308,0.5705150961875916,0.6841079226450405,1785296071.7407043
1,6309,0.47413212060928345,0.6841490024937655,1785296071.818158
1,6310,0.778386652469635,0.6841121495327103,1785296071.899874
1,6311,0.6292169094085693,0.6841142590286425,1785296071.9815288
1,6312,0.6284781694412231,0.6841941505911636,1785296072.0589054
1,6313,0.6704695820808411,0.6842350746268657,1785296072.1414206
1,6314,0.9123935699462891,0.6842371037911746,1785296072.2236166
1,6315,0.5508919358253479,0.6842003105590062,1785296072.3055742
1,6316,0.643669605255127,0.6841635630043451,1785296072.38326
1,6317,0.5190544128417969,0.6841268610421837,1785296072.4654777
1,6318,0.541044294834137,0.6841676999380037,1785296072.5456553
1,6319,0.48812124133110046,0.6840923172242875,1785296072.6228116
1,6320,0.5798995494842529,0.684094427244582,1785296072.701949
1,6321,0.6247139573097229,0.6840191831683168,1785296072.7804937
1,6322,0.6120390892028809,0.6841372912801484,1785296072.8602576
1,6323,0.35040053725242615,0.6842552533992583,1785296072.9378688
1,6324,0.5670386552810669,0.6841800494132181,1785296073.0183527
1,6325,0.4504142105579376,0.6842206790123457,1785296073.1009896
1,6326,0.5871343612670898,0.6842227020357804,1785296073.1804078
1,6327,0.4223463237285614,0.6842632552404438,1785296073.262308
1,6328,0.6315436363220215,0.6843037584719655,1785296073.3403146
1,6329,0.6393895149230957,0.6841517857142857,1785296073.4228268
1,6330,0.6625322103500366,0.684076923076923,1785296073.5034378
1,6331,0.6306503415107727,0.6840790282902829,1785296073.5859792
1,6332,0.7360445857048035,0.6840811309157959,1785296073.663431
1,6333,0.5278235673904419,0.6841216216216216,1785296073.7446547
1,6334,0.7818053960800171,0.6840469613259669,1785296073.826373
1,6335,0.7066709995269775,0.6840490797546013,1785296073.903988
1,6336,0.6025432348251343,0.6839362354383813,1785296073.9811912
1,6337,0.516045093536377,0.6839767156862745,1785296074.0587363
1,6338,0.46449533104896545,0.6840171463563993,1785296074.1361737
1,6339,0.7587843537330627,0.6840575275397797,1785296074.2137954
1,6340,0.6681827902793884,0.6840978593272171,1785296074.2930348
1,6341,0.8120394945144653,0.6840617359413202,1785296074.3755586
1,6342,0.4368574619293213,0.6841020158827122,1785296074.4571838
1,6343,0.8083516955375671,0.6842185592185592,1785296074.5340245
1,6344,0.6060913801193237,0.6842968273337401,1785296074.6147873
1,6345,0.4888213574886322,0.6844131097560976,1785296074.692384
1,6346,0.7577283382415771,0.6844149908592322,1785296074.774776
1,6347,0.5774266123771667,0.6844168696711328,1785296074.852128
1,6348,0.6329174637794495,0.684380706025563,1785296074.930082
1,6349,0.507869303226471,0.6843826034063261,1785296075.007598
1,6350,0.5529485940933228,0.6843085106382979,1785296075.0851188
1,6351,0.6417056918144226,0.6843104495747266,1785296075.163013
1,6352,0.649803638458252,0.6841985428051002,1785296075.2407105
1,6353,0.6313698291778564,0.6841246966019418,1785296075.322491
1,6354,0.8054358959197998,0.6840130382049727,1785296075.400415
1,6355,0.5170179605484009,0.6841287878787878,1785296075.4818873
1,6356,0.5565465688705444,0.6840929739551787,1785296075.5594163
1,6357,0.48611825704574585,0.6841707021791767,1785296075.6414855
1,6358,0.8749868869781494,0.6843239564428312,1785296075.7236621
1,6359,0.4767704904079437,0.684325876662636,1785296075.801927
1,6360,0.4607083201408386,0.6843277945619335,1785296075.880637
1,6361,0.5173634886741638,0.6843297101449275,1785296075.960466
1,6362,0.5252844095230103,0.6842561858780929,1785296076.038432
1,6363,0.9186636805534363,0.6842581423401689,1785296076.1205676
1,6364,0.5172881484031677,0.6843354430379747,1785296076.1977448
1,6365,0.543685257434845,0.6842996987951807,1785296076.278986
1,6366,0.5421942472457886,0.6842263696568333,1785296076.3567233
1,6367,0.6846596002578735,0.684190734055355,1785296076.4379635
1,6368,0.9017440676689148,0.6842678893565844,1785296076.5152695
1,6369,0.5713351368904114,0.6842698317307693,1785296076.597682
1,6370,0.437032550573349,0.6843468468468469,1785296076.674731
1,6371,0.7497233152389526,0.6842737094837935,1785296076.7566247
1,6372,0.4905920624732971,0.6843131373725255,1785296076.8366392
1,6373,0.5053930282592773,0.6843525179856115,1785296076.9186695
1,6374,0.5028892755508423,0.6843169562612342,1785296076.9958868
1,6375,0.4608519673347473,0.6843188622754491,1785296077.0772521
1,6376,0.6659814119338989,0.6843207660083782,1785296077.160184
1,6377,0.5963566899299622,0.6842852870813397,1785296077.2418919
1,6378,0.7796440124511719,0.6842124925283921,1785296077.320689
1,6379,0.6042079329490662,0.6842144563918757,1785296077.398186
1,6380,0.6776106357574463,0.6842910447761194,1785296077.4782832
1,6381,0.515052318572998,0.6842556682577565,1785296077.555852
1,6382,0.7910109758377075,0.684257602862254,1785296077.6335971
1,6383,0.7526394128799438,0.6843340286054828,1785296077.7118053
1,6384,0.8136184811592102,0.684261465157832,1785296077.7936435
1,6385,0.5418829321861267,0.6843377976190477,1785296077.8711178
1,6386,0.47347402572631836,0.6841909577632361,1785296077.9506972
1,6387,0.5796225666999817,0.6842672413793104,1785296078.033152
1,6388,0.5209733247756958,0.6842691622103387,1785296078.116517
1,6389,0.859283983707428,0.6841968527315915,1785296078.1945815
1,6390,0.47841766476631165,0.6841988130563799,1785296078.2752004
1,6391,0.8072241544723511,0.6842378410438908,1785296078.3529034
1,6392,0.5716859102249146,0.6842768227623,1785296078.4354477
1,6393,0.5789031386375427,0.6841306279620853,1785296078.517431
1,6394,0.5651464462280273,0.6840956187092955,1785296078.5982232
1,6395,0.5907146334648132,0.6840976331360947,1785296078.677198
1,6396,1.2257872819900513,0.6841735659373152,1785296078.7594059
1,6397,0.5327480435371399,0.6842124704491725,1785296078.8378441
1,6398,0.6430065631866455,0.684288245717661,1785296078.9181778
1,6399,0.6186013221740723,0.6844377213695395,1785296079.0036187
1,6400,0.5549182295799255,0.6845132743362832,1785296079.0843468
1,6401,0.8833582401275635,0.6845150353773585,1785296079.1661937
1,6402,0.7579134106636047,0.6843694755450795,1785296079.246551
1,6403,0.7464001774787903,0.6842608951707891,1785296079.327225
1,6404,0.5583090782165527,0.6841892289582107,1785296079.4087903
1,6405,0.7081596255302429,0.6841544117647059,1785296079.494067
1,6406,0.30495232343673706,0.6841931216931217,1785296079.5751932
1,6407,0.6259040236473083,0.6841583431257344,1785296079.6604517
1,6408,0.4364086389541626,0.6842337052260716,1785296079.740821
1,6409,0.4908312261104584,0.6841989436619719,1785296079.8234546
1,6410,0.9486433863639832,0.6842008797653959,1785296079.9041903
1,6411,0.8172819018363953,0.6841295427901524,1785296079.9862027
1,6412,0.42803236842155457,0.6842047451669596,1785296080.0704207
1,6413,0.5372084379196167,0.6841700819672131,1785296080.1506407
1,6414,0.5586210489273071,0.6841354593329433,1785296080.2317276
1,6415,0.4795144200325012,0.6843201754385965,1785296080.3152633
1,6416,0.6569800972938538,0.684395090590298,1785296080.3985758
1,6417,0.7169052362442017,0.6843969042056075,1785296080.4765882
1,6418,0.8473566174507141,0.6844352014010507,1785296080.5595818
1,6419,0.45786139369010925,0.6844734539089848,1785296080.641959
1,6420,0.47493377327919006,0.6844752186588922,1785296080.7253902
1,6421,0.6304663419723511,0.6844769813519813,1785296080.8033428
1,6422,0.7424592971801758,0.6845515433896331,1785296080.8814101
1,6423,0.8001301884651184,0.6844441210710128,1785296080.9615166
1,6424,0.6068880558013916,0.6844095404304829,1785296081.042235
1,6425,0.6303411722183228,0.684375,1785296081.120642
1,6426,0.3982597589492798,0.684485764090645,1785296081.2041833
1,6427,0.7862021327018738,0.6845601045296167,1785296081.2887478
1,6428,0.580657422542572,0.6845980847359258,1785296081.368857
1,6429,0.6063220500946045,0.6844910092807425,1785296081.4522061
1,6430,0.6354772448539734,0.6845289855072464,1785296081.532929
1,6431,0.48142313957214355,0.6845669177288528,1785296081.6141102
1,6432,0.9627006649971008,0.6845324261725536,1785296081.6968915
1,6433,0.4830785393714905,0.6845703125,1785296081.779629
1,6434,0.43327850103378296,0.6847165991902834,1785296081.8605711
1,6435,0.6584089398384094,0.6847904624277457,1785296081.9412193
1,6436,0.5745354294776917,0.6847559214326978,1785296082.0267074
1,6437,0.7167931795120239,0.6847935912240185,1785296082.1073139
1,6438,0.6257919073104858,0.6846869590305829,1785296082.187444
1,6439,0.7068964242935181,0.6845083621683967,1785296082.2726917
1,6440,0.5513890981674194,0.6844740634005764,1785296082.3534284
1,6441,0.9090010523796082,0.6844758064516129,1785296082.43524
1,6442,0.9692466855049133,0.6843696027633851,1785296082.5192215
1,6443,0.6294439435005188,0.6843354430379747,1785296082.6046727
1,6444,0.8510043621063232,0.684409143185739,1785296082.6825957
1,6445,0.4457111954689026,0.6845186781609195,1785296082.7631395
1,6446,0.4015973210334778,0.6845203905801264,1785296082.8422155
1,6447,0.4957588315010071,0.6845938576349024,1785296082.9235566
1,6448,0.6066442728042603,0.6845596672403901,1785296083.000945
1,6449,0.8435525894165039,0.6845255160550459,1785296083.0835779
1,6450,0.7025840282440186,0.6845630372492837,1785296083.1637673
1,6451,0.6313891410827637,0.6845647193585338,1785296083.2418122
1,6452,0.612248420715332,0.6845306239267316,1785296083.3193986
1,6453,0.5870240926742554,0.6844965675057209,1785296083.3974247
1,6454,0.8266591429710388,0.6843910806174958,1785296083.4826636
1,6455,0.5206968784332275,0.6843928571428571,1785296083.5639088
1,6456,0.35784482955932617,0.6845017133066819,1785296083.6443841
1,6457,0.6490417718887329,0.684539098173516,1785296083.7287064
1,6458,0.5736041069030762,0.6844338277239019,1785296083.8091137
1,6459,0.6018787026405334,0.6844712086659065,1785296083.8935072
1,6460,0.5441358089447021,0.6844729344729344,1785296083.9742718
1,6461,0.5389139652252197,0.6845814350797267,1785296084.0556846
1,6462,0.6462369561195374,0.6845119521912351,1785296084.1374054
1,6463,0.6854339838027954,0.6844781001137656,1785296084.224632
1,6464,0.7428755760192871,0.6845508811824901,1785296084.3055856
1,6465,0.5728850960731506,0.6845525568181818,1785296084.3900194
1,6466,0.6541610360145569,0.6845542305508234,1785296084.4720843
1,6467,0.6312652230262756,0.6845913734392736,1785296084.5546968
1,6468,0.5618290901184082,0.6844866704480999,1785296084.6364994
1,6469,0.47012782096862793,0.6845592403628118,1785296084.7210972
1,6470,0.699174165725708,0.6844900849858357,1785296084.8036056
1,6471,0.45496582984924316,0.6845625707814269,1785296084.8847203
1,6472,0.6745792627334595,0.6845642331635541,1785296084.963117
1,6473,0.5360066890716553,0.6846012443438914,1785296085.0409646
1,6474,0.5029193162918091,0.6846382136800452,1785296085.1183958
1,6475,0.6766399145126343,0.6847104519774011,1785296085.1968164
1,6476,0.5191815495491028,0.6847826086956522,1785296085.2735195
1,6477,0.616496741771698,0.6846783295711061,1785296085.351026
1,6478,0.5918494462966919,0.6845741680767061,1785296085.4342184
1,6479,0.6205319166183472,0.6846110484780158,1785296085.5121844
1,6480,0.9006083607673645,0.684612676056338,1785296085.5904846
1,6481,0.6907487511634827,0.6846143018018018,1785296085.6723506
1,6482,0.5634535551071167,0.6846510973550929,1785296085.75296
1,6483,0.5256613492965698,0.6845823959505062,1785296085.8388634
1,6484,0.3817506432533264,0.684584035975267,1785296085.9244769
1,6485,0.5350518226623535,0.6845505617977528,1785296086.0083764
1,6486,0.5451967120170593,0.6846574957888827,1785296086.0886428
1,6487,0.7456533908843994,0.6845538720538721,1785296086.174268
1,6488,0.7748971581459045,0.6845905776780706,1785296086.2549045
1,6489,0.5161267518997192,0.6846272421524664,1785296086.3387077
1,6490,0.5473878383636475,0.684593837535014,1785296086.4186358
1,6491,0.5743908286094666,0.6845254759238522,1785296086.5043268
1,6492,0.7898562550544739,0.6846320649132625,1785296086.5852625
1,6493,0.5241774916648865,0.6845987136465325,1785296086.6706524
1,6494,0.9348841905593872,0.6845653996646172,1785296086.751103
1,6495,0.9167951345443726,0.684532122905028,1785296086.8342686
1,6496,0.5640970468521118,0.684429089893914,1785296086.9187613
1,6497,0.4561159908771515,0.6845005580357143,1785296086.9988344
1,6498,0.593457818031311,0.6845022308979364,1785296087.0841517
1,6499,0.6654489636421204,0.6844342251950948,1785296087.1652386
1,6500,0.7741777896881104,0.6844011142061281,1785296087.2459216
1,6501,0.5382523536682129,0.684472438752784,1785296087.3266542
1,6502,0.6449691653251648,0.6844393433500279,1785296087.4035842
1,6503,0.475822389125824,0.6843715239154616,1785296087.485338
1,6504,0.4181506037712097,0.6843037798777099,1785296087.5628538
1,6505,0.8683318495750427,0.6842013888888889,1785296087.6407769
1,6506,0.5337894558906555,0.6842379233759023,1785296087.718455
1,6507,0.48151740431785583,0.6842050499445061,1785296087.7990925
1,6508,0.5488988161087036,0.6841722129783694,1785296087.8794525
1,6509,0.5988945960998535,0.6840354767184036,1785296087.964476
1,6510,0.4397168457508087,0.684106648199446,1785296088.0453334
1,6511,0.7193243503570557,0.6840047065337763,1785296088.1256557
1,6512,0.5882532596588135,0.683833702268954,1785296088.2074583
1,6513,0.6326162815093994,0.6838011615044248,1785296088.2880526
1,6514,0.5073579549789429,0.6837341072415699,1785296088.3686774
1,6515,0.7062609195709229,0.6838052486187846,1785296088.451772
1,6516,0.5391319990158081,0.683876311430149,1785296088.532594
1,6517,0.5411314368247986,0.6839128035320088,1785296088.617135
1,6518,0.6941742897033691,0.6838803088803089,1785296088.6978652
1,6519,0.5747569799423218,0.6837789415656009,1785296088.7825766
1,6520,0.580096960067749,0.6837465564738292,1785296088.8629994
1,6521,0.6245937347412109,0.6836797907488987,1785296088.9441605
1,6522,1.0619062185287476,0.6837162905888827,1785296089.0251412
1,6523,0.42949098348617554,0.6837527502750275,1785296089.1105363
1,6524,0.47523772716522217,0.6838235294117647,1785296089.1912518
1,6525,0.5113637447357178,0.6838255494505494,1785296089.2726092
1,6526,0.7165415287017822,0.6838275672707304,1785296089.3532112
1,6527,0.7111793756484985,0.6836923710208562,1785296089.4359586
1,6528,0.5572148561477661,0.6836601755348327,1785296089.5136306
1,6529,0.790728747844696,0.68359375,1785296089.5921068
1,6530,0.6991457343101501,0.6835616438356165,1785296089.6731715
1,6531,0.7055650353431702,0.6834953450164294,1785296089.751461
1,6532,0.6750593185424805,0.683531746031746,1785296089.8331082
1,6533,0.6009981036186218,0.6836022975929978,1785296089.91544
1,6534,0.6721580028533936,0.6835702569710225,1785296089.9965916
1,6535,0.5602737069129944,0.6836748633879781,1785296090.0742164
1,6536,0.40622425079345703,0.6837793555434188,1785296090.153522
1,6537,0.5169786810874939,0.6837813864628821,1785296090.233596
1,6538,0.5984180569648743,0.6836811238406983,1785296090.317365
1,6539,0.6841604113578796,0.6836491275899673,1785296090.4028354
1,6540,0.6953398585319519,0.6837193460490463,1785296090.4842048
1,6541,0.5703881978988647,0.6836533224400871,1785296090.5644872
1,6542,0.5805214643478394,0.6835193249863909,1785296090.6473327
1,6543,0.7702597379684448,0.6834534820457019,1785296090.7281578
1,6544,0.41909360885620117,0.6835576400217509,1785296090.8132613
1,6545,0.6876379251480103,0.6835597826086957,1785296090.8930657
1,6546,0.6089068651199341,0.6835619228680065,1785296090.974368
1,6547,0.9294025301933289,0.6835301302931596,1785296091.0597687
1,6548,0.527588963508606,0.6834983722192078,1785296091.1402173
1,6549,0.9495494365692139,0.6834666485900217,1785296091.2249758
1,6550,0.5667144060134888,0.6833672086720867,1785296091.3051012
1,6551,0.731731653213501,0.6833355904658721,1785296091.3856316
1,6552,0.6560121178627014,0.6834055224688684,1785296091.4667404
1,6553,0.7114035487174988,0.6833739177489178,1785296091.551924
1,6554,0.8444240093231201,0.6834099513250406,1785296091.6325333
1,6555,0.9697468280792236,0.6833783783783783,1785296091.7135081
1,6556,0.5851154327392578,0.6833806050783361,1785296091.7957199
1,6557,0.5985518097877502,0.6832815874730022,1785296091.8774986
1,6558,0.6224664449691772,0.6832501349163519,1785296091.9551616
1,6559,0.608806848526001,0.6831850053937433,1785296092.0365798
1,6560,0.6781163215637207,0.6831536388140161,1785296092.1175575
1,6561,0.5042081475257874,0.6831559806034483,1785296092.1990788
1,6562,0.5662581324577332,0.68322563274098,1785296092.2766204
1,6563,0.6404300928115845,0.6831270182992465,1785296092.3545632
1,6564,0.6657471656799316,0.6831293706293706,1785296092.4368541
1,6565,0.538667619228363,0.6830309139784946,1785296092.517011
1,6566,0.5575488209724426,0.6829661472326706,1785296092.5989654
1,6567,0.6857420802116394,0.68296858216971,1785296092.6835663
1,6568,0.6373122930526733,0.6829039184111648,1785296092.764568
1,6569,0.5522168874740601,0.6828393240343348,1785296092.845549
1,6570,0.5149561762809753,0.6828418230563003,1785296092.9260864
1,6571,0.3639245629310608,0.6828778135048231,1785296093.0064874
1,6572,0.6103334426879883,0.6828468130690948,1785296093.0890136
1,6573,0.49794986844062805,0.6828827623126338,1785296093.1691382
1,6574,1.0498250722885132,0.6830189941144997,1785296093.249539
1,6575,0.36889025568962097,0.6830882352941177,1785296093.3299646
1,6576,0.5264052152633667,0.6830571886691609,1785296093.4144354
1,6577,0.8372763395309448,0.6829927884615384,1785296093.4973292
1,6578,0.6699948906898499,0.6829618259476775,1785296093.5781999
1,6579,0.818548321723938,0.6829308964781217,1785296093.6590927
1,6580,0.48076045513153076,0.6829333333333333,1785296093.7447703
1,6581,0.6722396016120911,0.6829690831556503,1785296093.825373
1,6582,0.6195166110992432,0.6829381992541289,1785296093.9048688
1,6583,0.46282362937927246,0.6830071884984026,1785296093.9872754
1,6584,0.5858609676361084,0.6828765300691857,1785296094.0688112
1,6585,0.9407826066017151,0.682845744680851,1785296094.1514843
1,6586,0.48398348689079285,0.6829479000531632,1785296094.227622
1,6587,0.5737782716751099,0.68288390010627,1785296094.3053203
1,6588,0.5492441058158875,0.6828531598513011,1785296094.3872619
1,6589,0.4189325273036957,0.6829883227176221,1785296094.4689925
1,6590,0.6606763005256653,0.6830238726790451,1785296094.5467336
1,6591,0.7987503409385681,0.6830262460233298,1785296094.62895
1,6592,0.5929861068725586,0.6829623741388448,1785296094.713904
1,6593,0.5828351974487305,0.6829316737288136,1785296094.7949934
1,6594,0.7121343016624451,0.682867919534145,1785296094.8804724
1,6595,0.5657817125320435,0.6827380952380953,1785296094.9610124
1,6596,0.6150474548339844,0.6827736647276573,1785296095.0410397
1,6597,0.6362120509147644,0.6827431289640592,1785296095.1213002
1,6598,0.7169663906097412,0.6826796090861067,1785296095.2064621
1,6599,0.49964439868927,0.6827481520591341,1785296095.286374
1,6600,0.7526208162307739,0.6828496042216359,1785296095.3660347
1,6601,0.5265131592750549,0.6828190928270043,1785296095.4459057
1,6602,0.7120041847229004,0.6828874538745388,1785296095.5300603
1,6603,0.6191565990447998,0.682791095890411,1785296095.6103919
1,6604,0.794876754283905,0.6828593996840442,1785296095.6943777
1,6605,0.4617416262626648,0.6828618421052631,1785296095.778485
1,6606,0.7473025321960449,0.6827656496580747,1785296095.8590584
1,6607,0.413666695356369,0.6828667192429022,1785296095.9395816
1,6608,0.5693840384483337,0.6829019968470835,1785296096.019484
1,6609,0.5758833289146423,0.6829044117647058,1785296096.1005757
1,6610,0.7357572913169861,0.6828412073490814,1785296096.1817966
1,6611,0.889208972454071,0.6828764428121721,1785296096.26369
1,6612,0.6855082511901855,0.6829444153120083,1785296096.3420277
1,6613,0.47113537788391113,0.6830123165618449,1785296096.421908
1,6614,0.5481095314025879,0.6830146673651126,1785296096.5062344
1,6615,0.48288747668266296,0.6830170157068063,1785296096.5848322
1,6616,0.5901883244514465,0.6829539508110937,1785296096.6677105
1,6617,0.6027165055274963,0.6828909518828452,1785296096.7450118
1,6618,0.4981384873390198,0.6829260324098275,1785296096.8224568
1,6619,0.9276341199874878,0.6829937304075235,1785296096.9017131
1,6620,0.5723898410797119,0.6829960835509138,1785296096.9821322
1,6621,0.9046748876571655,0.6830310542797495,1785296097.0632842
1,6622,0.6408854722976685,0.6831311945748565,1785296097.143249
1,6623,0.7702789306640625,0.683133472367049,1785296097.2235801
1,6624,0.6586166620254517,0.6831031787389266,1785296097.309377
1,6625,0.8159679174423218,0.6830729166666667,1785296097.393419
1,6626,0.5658900737762451,0.6830101509630401,1785296097.4736729
1,6627,0.5229287147521973,0.6830124869927159,1785296097.5545754
1,6628,0.8424623012542725,0.6830798231929277,1785296097.6355464
1,6629,0.33850422501564026,0.6831470893970893,1785296097.7158191
1,6630,0.5021641254425049,0.6832142857142857,1785296097.796388
1,6631,0.5970189571380615,0.6831840602284528,1785296097.8814847
1,6632,0.480818510055542,0.6832511676180592,1785296097.9610538
1,6633,0.6119599342346191,0.6832209543568465,1785296098.0424213
1,6634,0.6281042695045471,0.6831907724209435,1785296098.1233013
1,6635,0.7610243558883667,0.6832253886010363,1785296098.2089865
1,6636,0.6494925618171692,0.6832276022786121,1785296098.289641
1,6637,0.47673138976097107,0.683294513457557,1785296098.3688893
1,6638,0.7389040589332581,0.6833290222452147,1785296098.4509304
1,6639,0.48988988995552063,0.6834281282316442,1785296098.528848
1,6640,0.38258564472198486,0.6834948320413436,1785296098.6059394
1,6641,0.6979258060455322,0.6835614669421488,1785296098.6835105
1,6642,0.5248754620552063,0.6834667010841508,1785296098.7659783
1,6643,0.5531360507011414,0.68343653250774,1785296098.8429859
1,6644,0.6716312766075134,0.6834063950489944,1785296098.9229708
1,6645,0.8898575901985168,0.6834729381443299,1785296099.0007455
1,6646,0.7373250722885132,0.6834106130860381,1785296099.0815318
1,6647,0.4683644473552704,0.683380535530381,1785296099.1648028
1,6648,0.8550072312355042,0.6834791559444159,1785296099.2444575
1,6649,0.7015408873558044,0.6835133744855967,1785296099.324439
1,6650,0.5665316581726074,0.6834832904884319,1785296099.4091134
1,6651,0.6922876238822937,0.683485354573484,1785296099.4895644
1,6652,0.4564429521560669,0.6835516178736518,1785296099.5695746
1,6653,0.9271485805511475,0.6835536447638604,1785296099.6546285
1,6654,0.4824983775615692,0.68358773730118,1785296099.7348232
1,6655,0.6662729978561401,0.6836858974358975,1785296099.815469
1,6656,0.8871878981590271,0.6835917478216299,1785296099.8976007
1,6657,0.7675473093986511,0.6836898053278688,1785296099.9819953
1,6658,0.8873521089553833,0.6836597542242704,1785296100.0638087
1,6659,0.613114595413208,0.6835977482088025,1785296100.1441133
1,6660,0.4535335302352905,0.6836317135549872,1785296100.2242525
1,6661,0.405534952878952,0.6837615030674846,1785296100.307216
1,6662,0.7193841934204102,0.6837634133878385,1785296100.3874593
1,6663,0.617001473903656,0.6837334014300307,1785296100.4683454
1,6664,0.6719503998756409,0.6837034201123022,1785296100.5487654
1,6665,0.5416566729545593,0.6836415816326531,1785296100.633239
1,6666,0.6721930503845215,0.6836754207037226,1785296100.7107108
1,6667,0.5348919630050659,0.6837092252803262,1785296100.790544
1,6668,0.43724068999290466,0.6837429954151808,1785296100.8684309
1,6669,0.6720157861709595,0.6837449083503055,1785296100.9463365
1,6670,0.7955693006515503,0.6837786259541985,1785296101.0246515
1,6671,0.4557494521141052,0.6838123092573754,1785296101.1044521
1,6672,0.6844161152839661,0.683877732587697,1785296101.1859782
1,6673,0.9300538897514343,0.6838478150406504,1785296101.2683082
1,6674,0.36616116762161255,0.6839766378872524,1785296101.345473
1,6675,0.6319183707237244,0.684010152284264,1785296101.4249265
1,6676,0.4599417448043823,0.6840436326737697,1785296101.5096152
1,6677,0.45373204350471497,0.6841721602434077,1785296101.5933907
1,6678,0.5714981555938721,0.6840788139888495,1785296101.6735241
1,6679,0.6854392290115356,0.6839855623100304,1785296101.7565417
1,6680,0.6429025530815125,0.6840189873417721,1785296101.8368368
1,6681,0.5941435098648071,0.6839891194331984,1785296101.9174554
1,6682,0.45762231945991516,0.6839908952959028,1785296102.0024
1,6683,0.5695511102676392,0.684087462082912,1785296102.0888233
1,6684,0.6224993467330933,0.6841523496715513,1785296102.169499
1,6685,0.6746974587440491,0.6841224747474748,1785296102.255483
1,6686,0.6419098973274231,0.6841241797072186,1785296102.3387096
1,6687,0.9014303088188171,0.6841258829465187,1785296102.4198449
1,6688,0.6475160717964172,0.6841275844679778,1785296102.504555
1,6689,0.7874165177345276,0.6840977822580645,1785296102.5862627
1,6690,0.5597699880599976,0.684036523929471,1785296102.6673563
1,6691,0.5723819732666016,0.6841012084592145,1785296102.7506459
1,6692,0.5776073932647705,0.6841343734272773,1785296102.83071
1,6693,0.9443235397338867,0.6841360663983903,1785296102.9134476
1,6694,0.8447633981704712,0.684106334841629,1785296102.991129
1,6695,0.35720381140708923,0.6842336683417085,1785296103.068542
1,6696,0.4757075309753418,0.6842980914113511,1785296103.1477296
1,6697,0.6001297235488892,0.6842369477911646,1785296103.2254379
1,6698,0.41991621255874634,0.6843013045659809,1785296103.30735
1,6699,0.7206296920776367,0.6842715646940822,1785296103.385146
1,6700,0.674042284488678,0.6842731829573935,1785296103.4650578
1,6701,0.7408297061920166,0.6842747995991983,1785296103.5429032
1,6702,0.7530717253684998,0.6842138207310966,1785296103.622793
1,6703,0.5331385135650635,0.6841841841841841,1785296103.707749
1,6704,0.8655698895454407,0.6841858429214608,1785296103.788321
1,6705,0.4605700969696045,0.68421875,1785296103.8689795
1,6706,0.29622793197631836,0.6843453273363318,1785296103.949452
1,6707,0.4388706088066101,0.6843781218781219,1785296104.033864
1,6708,0.5202662944793701,0.6843484772840739,1785296104.1148982
1,6709,0.7467032074928284,0.6843812375249501,1785296104.1948364
1,6710,0.5271297693252563,0.6844139650872818,1785296104.276095
1,6711,0.7694291472434998,0.6844155034895314,1785296104.357331
1,6712,0.5440983176231384,0.6845104633781763,1785296104.4396222
1,6713,0.38325434923171997,0.684574203187251,1785296104.520236
1,6714,0.7219250202178955,0.6846067695370831,1785296104.604035
1,6715,0.6159647703170776,0.6847325870646767,1785296104.6895556
1,6716,0.5742561221122742,0.6848272003978121,1785296104.7704535
1,6717,0.7903302311897278,0.6848285288270378,1785296104.8536792
1,6718,0.5589657425880432,0.6848609041231992,1785296104.9348738
1,6719,0.8070787787437439,0.6849242800397219,1785296105.0203667
1,6720,0.5702779293060303,0.6849255583126551,1785296105.100432
1,6721,0.742717444896698,0.6849578373015873,1785296105.1794038
1,6722,0.3237459063529968,0.6850520575111552,1785296105.2595487
1,6723,0.5938398838043213,0.684929385530228,1785296105.3375795
1,6724,0.6648737788200378,0.6848377909856365,1785296105.414635
1,6725,0.5997456312179565,0.6847772277227723,1785296105.4982543
1,6726,0.5129995346069336,0.6848713508164275,1785296105.5802634
1,6727,0.5893117189407349,0.6848108308605341,1785296105.6625137
1,6728,0.7383630275726318,0.6847812654473554,1785296105.7403848
1,6729,0.6671274900436401,0.6848752470355731,1785296105.8207552
1,6730,0.7913928031921387,0.6849382716049383,1785296105.8991694
1,6731,0.6839429140090942,0.6850629318854886,1785296105.9853702
1,6732,0.6121230125427246,0.6850333004440059,1785296106.0680957
1,6733,0.5998753309249878,0.6850653353057199,1785296106.1490655
1,6734,0.6113301515579224,0.685066535239034,1785296106.2337744
1,6735,0.7356346249580383,0.6851293103448276,1785296106.3160243
1,6736,0.7386584877967834,0.6850997045790251,1785296106.3979633
1,6737,0.7277384400367737,0.6850701279527559,1785296106.4809225
1,6738,0.5363997220993042,0.6850713231677324,1785296106.5631824
1,6739,0.9186177253723145,0.685072517207473,1785296106.6491692
1,6740,0.4525142312049866,0.6851351351351351,1785296106.7302713
1,6741,0.7409274578094482,0.6851976915520629,1785296106.8158085
1,6742,0.5589405298233032,0.6851681394207167,1785296106.8979185
1,6743,0.5605549216270447,0.6852306182531894,1785296106.982603
1,6744,0.3723575174808502,0.6853236880823933,1785296107.0644178
1,6745,0.4319780468940735,0.6854779411764705,1785296107.1493926
1,6746,0.6041845083236694,0.6854483096521313,1785296107.2306106
1,6747,0.8067550659179688,0.6855105288932419,1785296107.313087
1,6748,0.5062513947486877,0.6855420949583945,1785296107.3939338
1,6749,0.5208637118339539,0.6855430528375733,1785296107.471874
1,6750,0.7881932258605957,0.6855440097799511,1785296107.5530198
1,6751,0.7625695466995239,0.6856060606060606,1785296107.6360571
1,6752,0.5662654638290405,0.6856680508060576,1785296107.7135954
1,6753,0.660614550113678,0.68572998046875,1785296107.7932854
1,6754,0.46759894490242004,0.6857308443142996,1785296107.8706555
1,6755,0.5066670775413513,0.6857621951219512,1785296107.9512894
1,6756,0.678173303604126,0.6856411506582155,1785296108.0293343
1,6757,0.5338351130485535,0.6855506822612085,1785296108.1106813
1,6758,0.6683982610702515,0.6855820750121773,1785296108.1906269
1,6759,0.5270992517471313,0.6856438656280428,1785296108.2713208
1,6760,0.44188475608825684,0.6857360097323602,1785296108.3549867
1,6761,0.8945783972740173,0.6857368677042801,1785296108.4389303
1,6762,0.6162322759628296,0.6857377248420029,1785296108.5189955
1,6763,0.8363451957702637,0.6857689504373178,1785296108.6011617
1,6764,0.6497371792793274,0.6857394366197183,1785296108.6820135
1,6765,0.8186615109443665,0.6857402912621359,1785296108.7633166
1,6766,0.6225626468658447,0.6856804949053857,1785296108.8439965
1,6767,0.6146945953369141,0.6856813773035888,1785296108.9264727
1,6768,0.6472334265708923,0.6857125545322346,1785296109.0071785
1,6769,0.7354882955551147,0.6857437015503876,1785296109.0926287
1,6770,0.4698701798915863,0.6856840193704601,1785296109.1735327
1,6771,0.6677899360656738,0.6856546466602129,1785296109.2545872
1,6772,0.46515318751335144,0.6856555394291244,1785296109.3348958
1,6773,0.608130931854248,0.6857168762088974,1785296109.4151106
1,6774,0.5451310276985168,0.6856573223779604,1785296109.4965203
1,6775,0.5715175867080688,0.6856884057971014,1785296109.5765283
1,6776,0.5237181186676025,0.6857798165137615,1785296109.6550891
1,6777,0.3836279809474945,0.685840974903475,1785296109.7325423
1,6778,0.5380560159683228,0.685751326579836,1785296109.8144076
1,6779,0.5213523507118225,0.6858124397299904,1785296109.893061
1,6780,0.720539391040802,0.6857831325301205,1785296109.9718583
1,6781,0.573696494102478,0.6857839595375722,1785296110.0496962
1,6782,0.5900068283081055,0.6858148772267694,1785296110.1273558
1,6783,0.6767187118530273,0.6859059191530318,1785296110.2054546
1,6784,0.5343301296234131,0.6859367484367485,1785296110.2827432
1,6785,0.8495386242866516,0.6859975961538461,1785296110.3607109
1,6786,0.6463377475738525,0.685968284478616,1785296110.4410243
1,6787,0.5152047872543335,0.6859089817483189,1785296110.5257335
1,6788,0.6624154448509216,0.6859397503600576,1785296110.6108444
1,6789,0.6595509052276611,0.6860304702495201,1785296110.69596
1,6790,0.40956369042396545,0.6860911270983213,1785296110.7762523
1,6791,0.499497652053833,0.6860318791946308,1785296110.8565428
1,6792,0.5375627279281616,0.686032582654528,1785296110.9392624
1,6793,0.38567036390304565,0.6860931513409961,1785296111.024021
1,6794,0.6073040962219238,0.6861536620392532,1785296111.1053321
1,6795,0.8937068581581116,0.6861244019138756,1785296111.1905308
1,6796,0.5400580167770386,0.6861848397895743,1785296111.2713645
1,6797,0.6021082401275635,0.68621534416826,1785296111.3568387
1,6798,0.3881742060184479,0.6863055422838031,1785296111.4369469
1,6799,0.5859342217445374,0.6862464183381088,1785296111.5219293
1,6800,0.4509337842464447,0.6863066825775657,1785296111.6072035
1,6801,0.7018995881080627,0.6862774332061069,1785296111.687689
1,6802,0.5594053268432617,0.6862482117310443,1785296111.768298
1,6803,0.5977140069007874,0.6862488083889419,1785296111.848496
1,6804,0.6965692043304443,0.686249404478323,1785296111.9266171
1,6805,0.6165217161178589,0.68625,1785296112.005195
1,6806,0.4203003942966461,0.6863100904331271,1785296112.0824556
1,6807,0.6569932699203491,0.6862809229305423,1785296112.1629767
1,6808,0.42773401737213135,0.6864300998573466,1785296112.241486
1,6809,0.6148110628128052,0.6864009030418251,1785296112.3224912
1,6810,0.5420638918876648,0.6864904988123516,1785296112.4026418
1,6811,0.6171393394470215,0.6864909781576448,1785296112.4804728
1,6812,0.6062502861022949,0.6865211200759374,1785296112.5584147
1,6813,0.5189607739448547,0.6865808823529411,1785296112.6407676
1,6814,0.6058009266853333,0.6866405879563774,1785296112.7213368
1,6815,0.5762459635734558,0.6866409952606635,1785296112.8042312
1,6816,0.6477779150009155,0.6866117953576504,1785296112.885521
1,6817,0.512745201587677,0.6866122159090909,1785296112.96562
1,6818,0.6923694610595703,0.6866717936583058,1785296113.0476215
1,6819,0.40884852409362793,0.6866721854304636,1785296113.1334171
1,6820,0.590193510055542,0.6866725768321513,1785296113.21377
1,6821,0.6304235458374023,0.6866138941398866,1785296113.2995632
1,6822,0.7262883186340332,0.6866143127066604,1785296113.3799953
1,6823,0.4569418132305145,0.6866442398489141,1785296113.4600325
1,6824,0.7186135649681091,0.6867331288343558,1785296113.5393085
1,6825,0.7077109217643738,0.6867924528301886,1785296113.6197546
1,6826,0.5658118724822998,0.6867633191890617,1785296113.705055
1,6827,0.9762911796569824,0.6867342130065975,1785296113.789554
1,6828,0.7342188358306885,0.686734573716439,1785296113.8699608
1,6829,0.5376982688903809,0.686734934086629,1785296113.9534247
1,6830,0.5363775491714478,0.6867941176470588,1785296114.034639
1,6831,0.5592594742774963,0.6868238476011289,1785296114.1197405
1,6832,0.6051962375640869,0.6868241654913023,1785296114.201621
1,6833,0.5381650328636169,0.686765742481203,1785296114.2833214
1,6834,0.7868191599845886,0.6868248003757633,1785296114.3611302
1,6835,0.8260674476623535,0.6867957746478873,1785296114.4401145
1,6836,0.5247907042503357,0.6867374472078837,1785296114.5222168
1,6837,0.7729157209396362,0.6866791744840526,1785296114.6046722
1,6838,0.5393210649490356,0.6866795593061416,1785296114.6820886
1,6839,0.9241617918014526,0.6866213683223993,1785296114.7645226
1,6840,0.672095537185669,0.6866217798594848,1785296114.8423421
1,6841,0.8011625409126282,0.6866514513108615,1785296114.9220688
1,6842,0.7153723239898682,0.6866226017781937,1785296115.003925
1,6843,0.7378640174865723,0.6865645463049579,1785296115.0862474
1,6844,0.6953344345092773,0.6865065451145395,1785296115.1682518
1,6845,0.5697348713874817,0.6864778037383178,1785296115.2493029
1,6846,0.736932098865509,0.6865366651097617,1785296115.3311286
1,6847,0.7126258611679077,0.6864495798319328,1785296115.4136863
1,6848,0.46599942445755005,0.6864500699953336,1785296115.4964285
1,6849,0.5225666761398315,0.6864214085820896,1785296115.579344
1,6850,0.7453888058662415,0.6864801864801865,1785296115.660223
1,6851,0.5202504396438599,0.6865097856477167,1785296115.740922
1,6852,0.5369340181350708,0.6865102468560782,1785296115.8231552
1,6853,0.605855405330658,0.6865107076350093,1785296115.9055896
1,6854,0.5835803747177124,0.686540251279665,1785296115.9912322
1,6855,0.7062283754348755,0.6865406976744186,1785296116.0758328
1,6856,0.5877287983894348,0.6864830311483031,1785296116.1596584
1,6857,0.5852732062339783,0.6864835037174721,1785296116.2420232
1,6858,0.40830957889556885,0.68651300510915,1785296116.323134
1,6859,0.5176084637641907,0.6865714948932219,1785296116.4062662
1,6860,0.6714013814926147,0.6864849187935035,1785296116.484064
1,6861,0.5714813470840454,0.6865143784786641,1785296116.5668428
1,6862,0.469281405210495,0.686572786277237,1785296116.6440668
1,6863,0.521041989326477,0.6865732159406858,1785296116.7218602
1,6864,0.6913819313049316,0.6866025937934229,1785296116.805159
1,6865,0.5950490236282349,0.6865740740740741,1785296116.88738
1,6866,0.586988091468811,0.6865166589541879,1785296116.965507
1,6867,0.46720749139785767,0.6866616558741906,1785296117.046015
1,6868,0.6052792072296143,0.6867198335644937,1785296117.1321418
1,6869,0.56923508644104,0.6866624306839186,1785296117.2173111
1,6870,0.8745459318161011,0.6867205542725173,1785296117.2983022
1,6871,0.5956287980079651,0.6866632040627886,1785296117.3839498
1,6872,0.6031481027603149,0.6865770650669127,1785296117.4657378
1,6873,0.5221478939056396,0.6865486623616236,1785296117.546892
1,6874,0.4486020803451538,0.6865779160903642,1785296117.6289542
1,6875,0.347117155790329,0.6866071428571429,1785296117.7111242
1,6876,0.795767068862915,0.6866363426992169,1785296117.7935088
1,6877,0.4862924814224243,0.6866655156537753,1785296117.876616
1,6878,0.6436585783958435,0.6866946617579384,1785296117.9574351
1,6879,0.9666143655776978,0.6867237810487581,1785296118.038221
1,6880,0.668086588382721,0.6866954022988506,1785296118.123471
1,6881,0.49782323837280273,0.6867244944852942,1785296118.2090464
1,6882,0.5880554914474487,0.6866961414790996,1785296118.290806
1,6883,0.4692751169204712,0.6866965105601469,1785296118.3727446
1,6884,0.5411339998245239,0.6866395135383203,1785296118.4567542
1,6885,0.5692225694656372,0.6866112385321101,1785296118.5388784
1,6886,0.6126526594161987,0.6866689591930307,1785296118.6199632
1,6887,0.6690741181373596,0.6866979835013749,1785296118.698715
1,6888,0.5265766978263855,0.6866697205680257,1785296118.7774885
1,6889,0.9305901527404785,0.6866701007326007,1785296118.859834
1,6890,0.6320327520370483,0.6866704805491991,1785296118.9372203
1,6891,0.6126082539558411,0.68669945105215,1785296119.0153928
1,6892,0.717303991317749,0.6867569730224051,1785296119.0946825
1,6893,0.7206321358680725,0.6867858775137111,1785296119.1732392
1,6894,0.8986109495162964,0.686729100045683,1785296119.2509098
1,6895,0.5690196752548218,0.6866723744292238,1785296119.3315513
1,6896,0.651096522808075,0.6866442263806481,1785296119.4109225
1,6897,0.5074546933174133,0.6866446167883211,1785296119.4964828
1,6898,0.5383093953132629,0.6866165070679434,1785296119.5785637
1,6899,1.0873143672943115,0.6867308568824065,1785296119.662292
1,6900,0.6354449987411499,0.6867027334851936,1785296119.7432475
1,6901,0.7659974098205566,0.6866177140255009,1785296119.8236392
1,6902,0.6738250851631165,0.6866181156121984,1785296119.9091618
1,6903,0.6645503640174866,0.6866753867151957,1785296119.9943454
1,6904,0.6429863572120667,0.6867041837198726,1785296120.074843
1,6905,0.6997371315956116,0.6867045454545454,1785296120.159023
1,6906,0.4716227650642395,0.686704906860518,1785296120.2393832
1,6907,0.4910493493080139,0.6866768846503178,1785296120.320038
1,6908,0.32092997431755066,0.6867056286881525,1785296120.4006114
1,6909,0.5883827805519104,0.6865642014519057,1785296120.484968
1,6910,0.4600768983364105,0.686592970521542,1785296120.5653696
1,6911,0.6345252394676208,0.68659338168631,1785296120.6459646
1,6912,0.6229188442230225,0.68656547349343,1785296120.726853
1,6913,0.5325904488563538,0.6866225090579711,1785296120.8124127
1,6914,0.5921376347541809,0.6866511996378452,1785296120.8929725
1,6915,0.5907437205314636,0.6866798642533937,1785296120.9708192
1,6916,0.41830334067344666,0.6867367706919946,1785296121.0489476
1,6917,0.5845075249671936,0.6867088607594937,1785296121.1266136
1,6918,0.703389585018158,0.6866527338454587,1785296121.208916
1,6919,0.4250662922859192,0.6867660343270099,1785296121.2859602
1,6920,0.8431122899055481,0.6867663656884876,1785296121.3682282
1,6921,0.4787343442440033,0.6867949007220217,1785296121.4463947
1,6922,0.5261257886886597,0.686851601262968,1785296121.5240817
1,6923,0.6099398136138916,0.6868237150586114,1785296121.60231
1,6924,1.0550196170806885,0.6868521856692203,1785296121.6839242
1,6925,0.44234752655029297,0.6868243243243243,1785296121.7650688
1,6926,0.6546183824539185,0.6867964880684376,1785296121.850812
1,6927,0.7867019772529602,0.6867405490549054,1785296121.9322274
1,6928,0.47936543822288513,0.6867408906882592,1785296122.0170999
1,6929,0.8149755001068115,0.6867412320143885,1785296122.0984335
1,6930,0.647333025932312,0.6867134831460674,1785296122.1782422
1,6931,0.3480823040008545,0.6868261455525606,1785296122.2583485
1,6932,0.7297092080116272,0.6869387067804221,1785296122.3408277
1,6933,0.7800577878952026,0.6870231149012568,1785296122.4255323
1,6934,0.5088239908218384,0.6869672498878421,1785296122.5067415
1,6935,0.8555384874343872,0.6869955156950672,1785296122.5874162
1,6936,0.7951624393463135,0.686967727476468,1785296122.6681852
1,6937,0.5766268968582153,0.6868839605734767,1785296122.748878
1,6938,0.9438433051109314,0.6869682042095835,1785296122.8345068
1,6939,0.5578261017799377,0.6869404655326768,1785296122.9152088
1,6940,0.4932749569416046,0.6869686800894854,1785296122.9956443
1,6941,0.5404802560806274,0.6869968694096601,1785296123.0764718
1,6942,0.49546635150909424,0.687080911935628,1785296123.1588542
1,6943,0.6291269063949585,0.6871369526362824,1785296123.2375088
1,6944,0.4672236442565918,0.6871371147833855,1785296123.3155544
1,6945,0.8007855415344238,0.687109375,1785296123.396529
1,6946,0.6989085078239441,0.6870816599732262,1785296123.4757028
1,6947,0.43421313166618347,0.6871654772524531,1785296123.5554059
1,6948,0.5552322864532471,0.6872213553276861,1785296123.6337326
1,6949,0.601524829864502,0.6872493315508021,1785296123.7167323
1,6950,0.6922893524169922,0.6872772828507795,1785296123.7972958
1,6951,0.4874545931816101,0.6872495547640249,1785296123.8767333
1,6952,0.8693706393241882,0.6873331108144193,1785296123.9574304
1,6953,0.7746499180793762,0.6871941725978647,1785296124.0429835
1,6954,0.807161271572113,0.6871387283236994,1785296124.1244519
1,6955,0.5664248466491699,0.6870833333333334,1785296124.209942
1,6956,0.5709271430969238,0.687027987561084,1785296124.2900984
1,6957,0.4404105544090271,0.6870281971580817,1785296124.3721776
1,6958,0.42985546588897705,0.6870838881491345,1785296124.4544568
1,6959,0.7568181157112122,0.687111801242236,1785296124.535552
1,6960,0.7514621615409851,0.687139689578714,1785296124.6205552
1,6961,0.7571098804473877,0.6870844414893617,1785296124.701512
1,6962,0.6642932295799255,0.6870846256092158,1785296124.7825315
1,6963,0.675508439540863,0.6870571302037201,1785296124.8686268
1,6964,0.5067046284675598,0.6869743249225321,1785296124.9487278
1,6965,0.7337646484375,0.6869192477876106,1785296125.0312974
1,6966,0.5446979403495789,0.6869195046439629,1785296125.1118946
1,6967,0.6428370475769043,0.686947391688771,1785296125.1978562
1,6968,0.5263112187385559,0.6870028722934158,1785296125.2805786
1,6969,0.6559211611747742,0.687085909893993,1785296125.3615265
1,6970,0.5609773397445679,0.6871412803532009,1785296125.4389555
1,6971,0.8484854102134705,0.6871966019417476,1785296125.5193622
1,6972,0.5419831275939941,0.6871140273489192,1785296125.5968246
1,6973,0.6246904730796814,0.6871417548500882,1785296125.6751385
1,6974,0.6941675543785095,0.687224548259145,1785296125.7545264
1,6975,0.6636167764663696,0.6871696035242291,1785296125.836918
1,6976,0.5962287783622742,0.6871422280933509,1785296125.9153013
1,6977,0.8597348928451538,0.6871148767605634,1785296125.9977558
1,6978,0.6708718538284302,0.6870875494940607,1785296126.076225
1,6979,0.7055211663246155,0.6871152154793315,1785296126.1548746
1,6980,0.5755314230918884,0.6870879120879121,1785296126.2398293
1,6981,0.8772381544113159,0.6870880931458699,1785296126.3255258
1,6982,0.4788237512111664,0.6870882740447958,1785296126.4058096
1,6983,0.6964399814605713,0.6870610184372257,1785296126.4881725
1,6984,0.7760931849479675,0.6869515138218517,1785296126.5696833
1,6985,0.8373830318450928,0.6870065789473684,1785296126.6543434
1,6986,0.9264556765556335,0.6870615957913196,1785296126.7356353
1,6987,0.5269427299499512,0.6870617879053462,1785296126.815626
1,6988,0.44791024923324585,0.687116732369689,1785296126.8957324
1,6989,0.7613629102706909,0.6871716287215411,1785296126.9803052
1,6990,0.8753818273544312,0.687035010940919,1785296127.0607588
1,6991,0.4724676012992859,0.6869805336832896,1785296127.1463838
1,6992,0.7858896255493164,0.6870354175776126,1785296127.2269645
1,6993,0.8124430179595947,0.6870629370629371,1785296127.3077543
1,6994,0.4480249583721161,0.6870904325032765,1785296127.38824
1,6995,0.749699056148529,0.6870633187772925,1785296127.4737186
1,6996,0.7716112732887268,0.6871453513749455,1785296127.5546505
1,6997,0.658204972743988,0.6872000436300174,1785296127.6396568
1,6998,0.5041362047195435,0.6871456607064981,1785296127.717281
1,6999,0.6706794500350952,0.6871730601569311,1785296127.7971425
1,7000,0.8105960488319397,0.6871459694989107,1785296127.8778322
1,7001,0.5685705542564392,0.6870644599303136,1785296127.9555838
1,7002,0.5975176095962524,0.6870374401393121,1785296128.0346234
1,7003,0.6909148097038269,0.6870648389904265,1785296128.1182196
1,7004,0.5798870325088501,0.6870650282731623,1785296128.2009246
1,7005,0.49202489852905273,0.6870380434782609,1785296128.2786102
1,7006,0.6168016195297241,0.6870110821382008,1785296128.3586664
1,7007,0.7657960057258606,0.6870384448305821,1785296128.4428966
1,7008,0.6622031331062317,0.6870386452453322,1785296128.526933
1,7009,0.643477201461792,0.6870659722222222,1785296128.6075773
1,7010,0.5647222399711609,0.6870119305856833,1785296128.689196
1,7011,0.7902530431747437,0.687012142237641,1785296128.774047
1,7012,0.6024131178855896,0.6869852622453403,1785296128.858161
1,7013,0.549651026725769,0.6869584055459272,1785296128.9420512
1,7014,0.5714046955108643,0.6868503681247293,1785296129.0295167
1,7015,0.49790650606155396,0.6868235930735931,1785296129.110581
1,7016,0.6381239891052246,0.6867968411942882,1785296129.1910112
1,7017,0.5818504095077515,0.6867701124567474,1785296129.2753618
1,7018,0.5159181952476501,0.6867434068309555,1785296129.3587232
1,7019,0.6949455738067627,0.6866627052722558,1785296129.4396303
1,7020,0.5487281680107117,0.6866630669546436,1785296129.5245695
1,7021,0.6942777633666992,0.6866634283246977,1785296129.6058302
1,7022,0.5660597681999207,0.6866907639188606,1785296129.6909459
1,7023,0.4876197874546051,0.686664150129422,1785296129.7761912
1,7024,0.5771304965019226,0.6866106080206986,1785296129.8572633
1,7025,0.5419327616691589,0.6865571120689655,1785296129.9387794
1,7026,0.39472708106040955,0.686638302455838,1785296130.0166302
1,7027,0.6024515628814697,0.6866386735572783,1785296130.0983663
1,7028,0.5383720397949219,0.6865852346104175,1785296130.1809516
1,7029,0.9506255984306335,0.6865049483648882,1785296130.2641804
1,7030,0.8389151096343994,0.6865322580645161,1785296130.3420832
1,7031,0.4227931499481201,0.6865864144453998,1785296130.4228792
1,7032,0.5457643866539001,0.686613665663945,1785296130.5016012
1,7033,0.556254506111145,0.686560352233677,1785296130.579715
1,7034,0.5831942558288574,0.6865875912408759,1785296130.6645942
1,7035,0.9023383855819702,0.6866416309012876,1785296130.7456012
1,7036,0.4723684787750244,0.6866419991419992,1785296130.825909
1,7037,0.4990997016429901,0.6866691680960549,1785296130.906326
1,7038,0.5268518924713135,0.6866695242177454,1785296130.9869206
1,7039,0.5853291749954224,0.6866698800342759,1785296131.067318
1,7040,0.6859020590782166,0.6866702355460386,1785296131.150385
1,7041,0.7197391390800476,0.6865635702054794,1785296131.2366054
1,7042,0.8594766855239868,0.6865104835258878,1785296131.3177958
1,7043,0.4206186532974243,0.6865109067579127,1785296131.400527
1,7044,0.49418124556541443,0.6865113296280462,1785296131.4811041
1,7045,0.7034913301467896,0.6864049145299145,1785296131.5670831
1,7046,0.5466837286949158,0.6863519863306279,1785296131.6483743
1,7047,0.7149167060852051,0.6862724167378309,1785296131.7351794
1,7048,0.7285906672477722,0.686166239863423,1785296131.8167825
1,7049,0.8535100221633911,0.6861668088737202,1785296131.900531
1,7050,0.549480140209198,0.6861940298507463,1785296131.9866247
1,7051,0.6055609583854675,0.686141304347826,1785296132.072395
1,7052,0.7218443155288696,0.6861418832552194,1785296132.1531942
1,7053,0.5786370635032654,0.686142461669506,1785296132.2343981
1,7054,0.5304986238479614,0.6860898254576415,1785296132.3132927
1,7055,0.5929825305938721,0.6860372340425532,1785296132.3917348
1,7056,0.637101411819458,0.6859846873670778,1785296132.4745667
1,7057,0.5862036347389221,0.6859321853741497,1785296132.5574446
1,7058,0.42526090145111084,0.6859594135146622,1785296132.635489
1,7059,0.48790740966796875,0.6859335174171622,1785296132.7159278
1,7060,0.6164429187774658,0.6859341825902335,1785296132.7966032
1,7061,0.8871223330497742,0.6858817911714771,1785296132.8752928
1,7062,0.6823992133140564,0.6859089944845143,1785296132.95833
1,7063,0.5504987239837646,0.6857771416454622,1785296133.0414503
1,7064,0.46078237891197205,0.6858573548113608,1785296133.1367807
1,7065,0.8741666078567505,0.6858315677966101,1785296133.2231135
1,7066,0.5436957478523254,0.6858322744599746,1785296133.3092177
1,7067,0.48917728662490845,0.6858329805249789,1785296133.3930638
1,7068,0.6727207899093628,0.6858072365636902,1785296133.4765038
1,7069,0.712487518787384,0.6857815143824028,1785296133.559536
1,7070,0.7082029581069946,0.6857822410147991,1785296133.6419363
1,7071,0.4410916268825531,0.6858093829247676,1785296133.7275927
1,7072,0.5738600492477417,0.6857836924376849,1785296133.8095329
1,7073,0.7307746410369873,0.685863597972973,1785296133.8925338
1,7074,0.655494749546051,0.6859170536091178,1785296133.9787948
1,7075,0.46290960907936096,0.6859440928270042,1785296134.0666168
1,7076,0.654187023639679,0.6859447490510333,1785296134.1484153
1,7077,0.42991548776626587,0.6859981028667791,1785296134.2329264
1,7078,1.1571234464645386,0.6859987357774968,1785296134.3158345
1,7079,0.6158267259597778,0.6859467144060657,1785296134.3982081
1,7080,0.710246205329895,0.685921052631579,1785296134.4809265
1,7081,0.7495267987251282,0.6858954124579124,1785296134.5647595
1,7082,0.8227589130401611,0.6858960875052588,1785296134.6443167
1,7083,0.93143630027771,0.685844196804037,1785296134.7269447
1,7084,0.8334589004516602,0.6858186212694409,1785296134.8083074
1,7085,0.4806460738182068,0.6858193277310924,1785296134.8898792
1,7086,0.6784746050834656,0.6858987820243595,1785296134.969516
1,7087,0.43248578906059265,0.6858994542401343,1785296135.0553067
1,7088,0.5658824443817139,0.6858738984473353,1785296135.1380687
1,7089,0.44930702447891235,0.6859007969798657,1785296135.2191222
1,7090,0.4615733027458191,0.6859276729559748,1785296135.2996197
1,7091,0.8003232479095459,0.6859021374685667,1785296135.382358
1,7092,0.5674051642417908,0.6858504398826979,1785296135.4626453
1,7093,0.5560152530670166,0.6858511306532663,1785296135.5438218
1,7094,1.0064752101898193,0.6859041439933027,1785296135.6210089
1,7095,0.6328444480895996,0.6858786610878661,1785296135.7024074
1,7096,0.6717439889907837,0.6859316185696361,1785296135.7802546
1,7097,0.5722897052764893,0.6859584030100334,1785296135.8608148
1,7098,0.8774489760398865,0.6860374007521939,1785296135.94712
1,7099,0.520283043384552,0.6859857978279031,1785296136.0325727
1,7100,0.5167138576507568,0.6859342379958246,1785296136.1158884
1,7101,0.5239362120628357,0.6859609766277128,1785296136.2031195
1,7102,0.6185424327850342,0.6859094701710472,1785296136.2823389
1,7103,0.6469943523406982,0.685884070058382,1785296136.3599555
1,7104,0.4904662072658539,0.6859107961650688,1785296136.437432
1,7105,0.6034930348396301,0.6859114583333333,1785296136.5193734
1,7106,0.453050822019577,0.6858860891295293,1785296136.6005034
1,7107,0.5810438990592957,0.6858087010824313,1785296136.6856956
1,7108,0.7801638245582581,0.6858354140657511,1785296136.7634459
1,7109,0.6252140998840332,0.6858621048252912,1785296136.8445475
1,7110,0.538503110408783,0.6858367983367983,1785296136.9221933
1,7111,0.4889543652534485,0.685785536159601,1785296136.9997816
1,7112,0.7055609226226807,0.6857343165766514,1785296137.0819623
1,7113,0.7843669056892395,0.6857610049833887,1785296137.1646206
1,7114,0.6671265363693237,0.6856838937318389,1785296137.2457001
1,7115,0.8144201040267944,0.6856846473029046,1785296137.3262439
1,7116,0.830683708190918,0.6856854002488594,1785296137.402903
1,7117,0.6338929533958435,0.6856861525704809,1785296137.4813519
1,7118,0.4424543082714081,0.6856869042685454,1785296137.5629547
1,7119,0.6069216132164001,0.6856876553438277,1785296137.6435993
1,7120,0.7391591668128967,0.6856366459627329,1785296137.7247856
1,7121,0.628753662109375,0.6855598096026491,1785296137.811075
1,7122,0.6575779914855957,0.6855088953247828,1785296137.8962572
1,7123,1.151473879814148,0.6855097187758478,1785296137.977524
1,7124,0.9153086543083191,0.6854071930549814,1785296138.0577765
1,7125,0.602587878704071,0.6854597107438016,1785296138.13532
1,7126,0.6129313111305237,0.6854863692688972,1785296138.2131767
1,7127,1.013616681098938,0.685590421139554,1785296138.294475
1,7128,0.6889538168907166,0.6855912092447379,1785296138.3725564
1,7129,0.5755724906921387,0.6855404290429042,1785296138.4501207
1,7130,0.6482620239257812,0.6855154639175258,1785296138.532429
1,7131,0.37885403633117676,0.6856193322341303,1785296138.613773
1,7132,0.7142292857170105,0.6856458590852905,1785296138.6914694
1,7133,0.6417341828346252,0.685620881383855,1785296138.7744808
1,7134,0.7556236386299133,0.6856216550020584,1785296138.8567388
1,7135,0.6919548511505127,0.6856224279835391,1785296138.9420896
1,7136,0.6231330633163452,0.6855974907445496,1785296139.0214884
1,7137,0.7063533663749695,0.6855725740131579,1785296139.1025465
1,7138,0.5163962841033936,0.6855733662145499,1785296139.1832411
1,7139,0.6959483623504639,0.6855484798685292,1785296139.2660224
1,7140,0.6534578800201416,0.6854722792607802,1785296139.3436067
1,7141,0.6461590528488159,0.6854474548440066,1785296139.4213355
1,7142,0.6045522093772888,0.6853970045137464,1785296139.502873
1,7143,0.7537814974784851,0.6853978671041837,1785296139.5806005
1,7144,0.4892512559890747,0.6853731037310373,1785296139.65796
1,7145,0.6600246429443359,0.6853483606557377,1785296139.735786
1,7146,0.40251773595809937,0.6853492421138877,1785296139.8151205
1,7147,0.857263445854187,0.6854013104013104,1785296139.9003265
1,7148,0.6377571821212769,0.6854277527629963,1785296139.9810314
1,7149,0.6037367582321167,0.6853263093289689,1785296140.0587885
1,7150,0.5150535702705383,0.6853527607361963,1785296140.1365087
1,7151,0.5749971270561218,0.6853791905151267,1785296140.2168036
1,7152,0.6772348880767822,0.6853800572129137,1785296140.2994404
1,7153,0.763521671295166,0.6852787990196079,1785296140.3831131
1,7154,0.6994895935058594,0.6852031441404655,1785296140.465062
1,7155,0.5511531829833984,0.6851530612244898,1785296140.5460255
1,7156,0.7368741035461426,0.6851540187678499,1785296140.6260293
1,7157,0.5486827492713928,0.6850785073409462,1785296140.7036147
1,7158,0.6120859384536743,0.6851559315124337,1785296140.7813401
1,7159,0.7803932428359985,0.6851314180929096,1785296140.859336
1,7160,0.36408209800720215,0.685183299389002,1785296140.9399216
1,7161,0.6188775300979614,0.6852096905537459,1785296141.0217192
1,7162,0.6536986827850342,0.6851088726088727,1785296141.0999734
1,7163,0.4270873963832855,0.6851606997558991,1785296141.1776645
1,7164,0.5152530074119568,0.6851108174054493,1785296141.2624397
1,7165,0.5636085867881775,0.6851371951219513,1785296141.345539
1,7166,0.6801592707633972,0.6850619666802112,1785296141.4268088
1,7167,0.6480141282081604,0.6850121852152722,1785296141.5122786
1,7168,0.4853183329105377,0.685063946406821,1785296141.596238
1,7169,0.9040444493293762,0.6850142045454546,1785296141.6788218
1,7170,0.7180434465408325,0.6849391480730224,1785296141.7614167
1,7171,0.5421208143234253,0.6849401865369019,1785296141.8472624
1,7172,0.5456774234771729,0.6849665585731658,1785296141.9304464
1,7173,0.8377293348312378,0.684967585089141,1785296142.0126936
1,7174,0.8626710772514343,0.6849686107735925,1785296142.1008945
1,7175,0.5831652879714966,0.6849696356275303,1785296142.183351
1,7176,0.8675829768180847,0.6848694860380413,1785296142.2680006
1,7177,0.45470327138900757,0.6849463996763754,1785296142.3542223
1,7178,0.5929112434387207,0.6849474322684997,1785296142.4367058
1,7179,1.0582661628723145,0.6849737267582862,1785296142.5203779
1,7180,0.6806820034980774,0.6849242424242424,1785296142.6078632
1,7181,0.3787394165992737,0.6849505250403877,1785296142.6932876
1,7182,0.7487202882766724,0.6849263221639079,1785296142.7754207
1,7183,0.26186132431030273,0.6850282485875706,1785296142.856865
1,7184,0.6555020809173584,0.685029245663574,1785296142.9452198
1,7185,0.6158151626586914,0.6850050403225807,1785296143.0283926
1,7186,0.42624199390411377,0.6850312374042725,1785296143.110149
1,7187,0.693130612373352,0.6850322320709106,1785296143.1916513
1,7188,0.658233642578125,0.6850332259363673,1785296143.2782223
1,7189,0.6477946043014526,0.6850593800322061,1785296143.364818
1,7190,0.5865508317947388,0.685010060362173,1785296143.4480984
1,7191,0.519350528717041,0.685086484312148,1785296143.5344357
1,7192,0.5169864892959595,0.6850874547647768,1785296143.6217787
1,7193,0.8491228222846985,0.6850381832797428,1785296143.7043104
1,7194,0.770229160785675,0.6850642828445158,1785296143.7878191
1,7195,0.8985764980316162,0.6849397590361446,1785296143.8758373
1,7196,0.5836673378944397,0.6848906061822562,1785296143.9581182
1,7197,0.5298112630844116,0.6849418138041734,1785296144.04088
1,7198,0.6551107168197632,0.6849679101484155,1785296144.122936
1,7199,0.5280542969703674,0.6849689254210104,1785296144.2083366
1,7200,0.699751615524292,0.6849699398797595,1785296144.2903998
1,7201,0.5842834711074829,0.6850210336538461,1785296144.374388
1,7202,0.6372246146202087,0.6850220264317181,1785296144.4554791
1,7203,0.5398803353309631,0.6849729783827062,1785296144.5399146
1,7204,0.6194955110549927,0.6849489795918368,1785296144.6197727
1,7205,0.526076078414917,0.684975,1785296144.703922
1,7206,0.47557568550109863,0.6849760095961616,1785296144.7858796
1,7207,0.9396240711212158,0.6849770183852918,1785296144.8713102
1,7208,0.4172440469264984,0.6850529364762286,1785296144.9501855
1,7209,0.8917148113250732,0.6850039936102237,1785296145.0330467
1,7210,0.5545677542686462,0.6850049900199601,1785296145.1123152
1,7211,0.5091937184333801,0.6850309257781325,1785296145.1933205
1,7212,0.32163605093955994,0.6851067012365377,1785296145.2776427
1,7213,1.0161529779434204,0.6851574960127592,1785296145.3630323
1,7214,0.6545125246047974,0.685183339976086,1785296145.4435625
1,7215,0.80955970287323,0.6852340637450199,1785296145.5258548
1,7216,0.5550867319107056,0.6853096375945839,1785296145.606431
1,7217,0.6775203943252563,0.685360270700637,1785296145.692743
1,7218,0.5871158242225647,0.6853611221647433,1785296145.7746234
1,7219,0.8173623085021973,0.6853868337311058,1785296145.8566868
1,7220,0.7517404556274414,0.6853628230616302,1785296145.9362545
1,7221,0.9134986400604248,0.6853139904610492,1785296146.0166569
1,7222,0.5664288401603699,0.6853396901072706,1785296146.1013124
1,7223,0.5664368271827698,0.6853405480540111,1785296146.1836429
1,7224,0.6126084327697754,0.6852669710202461,1785296146.2640145
1,7225,0.6778081655502319,0.6853422619047619,1785296146.3442693
1,7226,0.46768665313720703,0.6852935343117811,1785296146.4274452
1,7227,0.6263672709465027,0.6852944091990484,1785296146.511
1,7228,0.6079339981079102,0.6853200554894966,1785296146.5982234
1,7229,0.7373654246330261,0.6853456814580031,1785296146.681116
1,7230,0.6885339617729187,0.6853217821782178,1785296146.7641697
1,7231,0.512397825717926,0.685297901821061,1785296146.8514857
1,7232,0.5863407254219055,0.6852987732489118,1785296146.9356377
1,7233,0.5543400049209595,0.6853243670886076,1785296147.0233102
1,7234,0.6341484785079956,0.6853252273625939,1785296147.1065426
1,7235,0.7810674905776978,0.6853260869565218,1785296147.1897173
1,7236,0.4203411042690277,0.6854010272619518,1785296147.2749183
1,7237,0.7189745903015137,0.6853771721958926,1785296147.3618057
1,7238,0.4462321698665619,0.6854026845637584,1785296147.4428425
1,7239,0.5575011968612671,0.6854281767955801,1785296147.5272768
1,7240,0.4852233827114105,0.6854536489151873,1785296147.6130319
1,7241,0.6588127017021179,0.6855283911671924,1785296147.7005115
1,7242,0.6861284375190735,0.6855538037051636,1785296147.7839255
1,7243,0.5379146933555603,0.6855791962174941,1785296147.8663166
1,7244,0.49007081985473633,0.6855553367467507,1785296147.953676
1,7245,0.7589489817619324,0.6854576771653543,1785296148.0371392
1,7246,0.3995095491409302,0.6855076741440378,1785296148.117759
1,7247,0.5713200569152832,0.685582218725413,1785296148.2030065
1,7248,0.5984183549880981,0.6856567046795123,1785296148.2828999
1,7249,0.7635844349861145,0.6855837264150944,1785296148.3672986
1,7250,0.42116066813468933,0.6856581532416502,1785296148.4484112
1,7251,0.6112020611763,0.6856834249803614,1785296148.5283823
1,7252,0.4738140404224396,0.6857822928936003,1785296148.6083398
1,7253,0.6060880422592163,0.6857339089481946,1785296148.6892042
1,7254,0.472183495759964,0.6857836406433896,1785296148.772904
1,7255,0.631001889705658,0.6857843137254902,1785296148.8529646
1,7256,0.5393022894859314,0.6857359858878871,1785296148.9328117
1,7257,0.6610152125358582,0.6857366771159875,1785296149.0124936
1,7258,0.8282949924468994,0.6857373678025852,1785296149.095915
1,7259,0.5298884510993958,0.6857625293657008,1785296149.179919
1,7260,0.4542195796966553,0.6858610567514677,1785296149.260942
1,7261,0.49286389350891113,0.6858861502347418,1785296149.3429432
1,7262,0.6243427395820618,0.6858867813844349,1785296149.4228206
1,7263,0.5926449298858643,0.6858874120406567,1785296149.5091252
1,7264,0.8217837810516357,0.6858880422039859,1785296149.589341
1,7265,0.5153031349182129,0.685888671875,1785296149.674015
1,7266,0.6210519671440125,0.6858893010542757,1785296149.7546225
1,7267,0.5314698815345764,0.685914324746292,1785296149.8391557
1,7268,0.8302634358406067,0.6858661724541553,1785296149.9202833
1,7269,0.49679040908813477,0.6858668096723869,1785296150.0017083
1,7270,0.5231232643127441,0.6858187134502924,1785296150.0829165
1,7271,0.6135302782058716,0.6858193686671863,1785296150.1666677
1,7272,0.659517765045166,0.6856982859368913,1785296150.2467363
1,7273,0.6309643983840942,0.6856259735202492,1785296150.3293839
1,7274,0.6196721792221069,0.6855780459322693,1785296150.4096951
1,7275,0.7376528382301331,0.6855544747081712,1785296150.4899368
1,7276,0.595878005027771,0.6856038506417736,1785296150.5741942
1,7277,0.569084644317627,0.6856045878693624,1785296150.6594255
1,7278,0.4910743832588196,0.685556743101438,1785296150.7403412
1,7279,0.5795585513114929,0.6855574980574981,1785296150.8212419
1,7280,0.6039142608642578,0.685631067961165,1785296150.9018486
1,7281,0.5084233283996582,0.6855347437888198,1785296150.9824924
1,7282,0.4238964915275574,0.6855597594101669,1785296151.0624218
1,7283,0.6240253448486328,0.6856332428238945,1785296151.1428807
1,7284,0.6726698875427246,0.6856824350523458,1785296151.2232258
1,7285,0.48478126525878906,0.6856831395348837,1785296151.308268
1,7286,0.6566370725631714,0.6856838434715227,1785296151.388472
1,7287,0.5483349561691284,0.685708752904725,1785296151.4710507
1,7288,0.5546644330024719,0.68568524970964,1785296151.554432
1,7289,0.40134119987487793,0.6857101393188855,1785296151.6350064
1,7290,0.5537638664245605,0.6857350096711798,1785296151.7161117
1,7291,0.7036256790161133,0.685614849187935,1785296151.796562
1,7292,0.44388115406036377,0.6856397371472749,1785296151.8811333
1,7293,0.5146766901016235,0.6856163060278208,1785296151.9610868
1,7294,0.3992730975151062,0.6857135959830051,1785296152.043017
1,7295,0.6018351316452026,0.6856660231660232,1785296152.1233711
1,7296,0.9543815851211548,0.6857149749131609,1785296152.2063558
1,7297,0.793075442314148,0.6856915509259259,1785296152.29198
1,7298,0.9008520245552063,0.6856440416505978,1785296152.372711
1,7299,0.362976610660553,0.6856688511950655,1785296152.4572246
1,7300,0.5785737037658691,0.6856936416184971,1785296152.5370529
1,7301,0.7222599387168884,0.6856702619414484,1785296152.6181686
1,7302,0.5956265330314636,0.6857190989603389,1785296152.7029588
1,7303,0.7352418899536133,0.6856716705157814,1785296152.7834196
1,7304,0.5289766788482666,0.6856723739899961,1785296152.8638067
1,7305,0.6713905334472656,0.6856009615384615,1785296152.944857
1,7306,0.8246880769729614,0.6855536332179931,1785296153.0304296
1,7307,0.5990050435066223,0.6854823212913144,1785296153.1157942
1,7308,0.7812796831130981,0.6854350749135613,1785296153.1963577
1,7309,0.6486036777496338,0.685411866359447,1785296153.2759001
1,7310,0.9718236923217773,0.6853646833013436,1785296153.3611336
1,7311,0.4999070465564728,0.6853415195702226,1785296153.4423394
1,7312,0.6306753158569336,0.6853423475258918,1785296153.5257065
1,7313,0.645134449005127,0.6853671395705522,1785296153.6110785
1,7314,0.49409350752830505,0.685367957071675,1785296153.692086
1,7315,0.4988255202770233,0.6852969348659004,1785296153.7734334
1,7316,0.4716718792915344,0.6852738414400613,1785296153.8539362
1,7317,0.5193365216255188,0.6852029096477795,1785296153.93588
1,7318,0.7632114887237549,0.6851798698813624,1785296154.0196726
1,7319,0.48945996165275574,0.6851807574598316,1785296154.1039402
1,7320,0.5797311663627625,0.6851816443594646,1785296154.1843507
1,7321,0.6534832119941711,0.6852542048929664,1785296154.267898
1,7322,0.6616041660308838,0.6852311807413068,1785296154.350175
1,7323,0.4641098976135254,0.6852081741787625,1785296154.4302661
1,7324,0.6436774134635925,0.6851851851851852,1785296154.5162697
1,7325,0.7265871167182922,0.68518606870229,1785296154.5976505
1,7326,0.8029757738113403,0.6852107974055703,1785296154.6790679
1,7327,0.6618252396583557,0.6851878337147216,1785296154.7599518
1,7328,0.561735987663269,0.6851648875333588,1785296154.8431883
1,7329,0.6124675273895264,0.6851657774390244,1785296154.9285324
1,7330,0.8460642099380493,0.6851190476190476,1785296155.0093997
1,7331,0.6288982629776001,0.685072353389185,1785296155.0904481
1,7332,0.7418505549430847,0.6850256947087933,1785296155.1719308
1,7333,0.4810206890106201,0.6850266362252664,1785296155.2555902
1,7334,0.6003610491752625,0.6850751236211488,1785296155.336333
1,7335,0.5179380774497986,0.6850760456273765,1785296155.4164486
1,7336,0.6049852967262268,0.6850532117065754,1785296155.496406
1,7337,0.5374717116355896,0.6850541413373861,1785296155.5813243
1,7338,0.5469766855239868,0.6850313330801368,1785296155.6629934
1,7339,0.5899162888526917,0.6850559984813971,1785296155.7470121
1,7340,0.4862130284309387,0.6849857685009487,1785296155.8274357
1,7341,0.6491388082504272,0.6849630121396054,1785296155.913185
1,7342,0.6424984931945801,0.6848691695108078,1785296155.992961
1,7343,0.5977519750595093,0.6847990902198635,1785296156.0786395
1,7344,0.6719548106193542,0.6848474801061007,1785296156.1621976
1,7345,0.8092620968818665,0.6848011363636364,1785296156.2447321
1,7346,0.5142298936843872,0.684825823551685,1785296156.3298368
1,7347,0.6997380256652832,0.6848268357305072,1785296156.412556
1,7348,0.9754616618156433,0.6848278471433976,1785296156.4931672
1,7349,0.6854453086853027,0.6848288577912254,1785296156.5783334
1,7350,0.5805976986885071,0.6848534971644612,1785296156.6585984
1,7351,0.7273851633071899,0.6847836356764928,1785296156.743547
1,7352,0.4936721920967102,0.6847846618813751,1785296156.8235774
1,7353,0.7256426811218262,0.6847384818731118,1785296156.9042573
1,7354,0.5415865778923035,0.6847867119667799,1785296156.9861302
1,7355,0.7128356099128723,0.6847169811320755,1785296157.0669863
1,7356,0.7627222537994385,0.6847180309317239,1785296157.153663
1,7357,0.7596484422683716,0.6846955128205128,1785296157.2405813
1,7358,0.8418489694595337,0.6847201281568036,1785296157.3198123
1,7359,0.5616026520729065,0.6847211755840241,1785296157.399861
1,7360,0.9695713520050049,0.6846986817325801,1785296157.4843466
1,7361,0.6671762466430664,0.6846291415662651,1785296157.5652356
1,7362,0.5898922681808472,0.684677267595032,1785296157.6465755
1,7363,0.7574664354324341,0.684584273890143,1785296157.7269878
1,7364,0.623292088508606,0.684585370440015,1785296157.8116937
1,7365,0.7858144640922546,0.684562969924812,1785296157.8962388
1,7366,0.5741095542907715,0.6845640736565201,1785296157.9790673
1,7367,0.4424072802066803,0.6846121337340345,1785296158.0633686
1,7368,0.5401882529258728,0.6846132181749907,1785296158.1449246
1,7369,0.5142900347709656,0.6846143018018018,1785296158.228983
1,7370,0.6133307218551636,0.6846622889305816,1785296158.3091526
1,7371,0.5530065894126892,0.6846399099774944,1785296158.3892624
1,7372,1.0359538793563843,0.6845941132358455,1785296158.4706004
1,7373,0.4972861707210541,0.6845249250374813,1785296158.552398
1,7374,0.4883148670196533,0.6845728737354815,1785296158.6368887
1,7375,0.5063444972038269,0.684503745318352,1785296158.7205207
1,7376,0.8143113851547241,0.6845048670909771,1785296158.8061419
1,7377,0.5959994792938232,0.6845059880239521,1785296158.8865
1,7378,0.8865867853164673,0.6844603441825664,1785296158.966087
1,7379,0.792317807674408,0.6845082273747195,1785296159.0476155
1,7380,0.4382864832878113,0.6845327102803739,1785296159.133474
1,7381,0.8020631670951843,0.6845338191330343,1785296159.2190413
1,7382,0.593101441860199,0.6845349271572656,1785296159.3002994
1,7383,0.8616839647293091,0.6845360343539956,1785296159.3806536
1,7384,0.6235783696174622,0.6844904815229563,1785296159.466445
1,7385,0.66834956407547,0.6845149253731343,1785296159.547153
1,7386,0.48176056146621704,0.6845393509884371,1785296159.627742
1,7387,0.966802716255188,0.6844472408650261,1785296159.7133586
1,7388,0.7163802981376648,0.6844250838613493,1785296159.7952197
1,7389,0.6531996726989746,0.6844495156482862,1785296159.875253
1,7390,0.9635470509529114,0.6844506517690875,1785296159.9606326
1,7391,0.4224124550819397,0.6845215934475056,1785296160.0408897
1,7392,0.6069750189781189,0.6845227018980276,1785296160.1237624
1,7393,0.48299574851989746,0.6844773065476191,1785296160.2092392
1,7394,0.49175482988357544,0.6844784306433619,1785296160.2891982
1,7395,0.609748125076294,0.6844795539033457,1785296160.3701894
1,7396,0.7528853416442871,0.6845039018952063,1785296160.4502606
1,7397,0.6675254702568054,0.6844585809806835,1785296160.5358987
1,7398,0.8176640272140503,0.6844132937244709,1785296160.6173387
1,7399,0.5483942627906799,0.6844840386043058,1785296160.7017179
1,7400,0.49085238575935364,0.6845315398886828,1785296160.7811282
1,7401,0.5683397650718689,0.6845558234421365,1785296160.8675554
1,7402,0.6750015616416931,0.6845800889877642,1785296160.947822
1,7403,0.6005287170410156,0.684581171237954,1785296161.0327623
1,7404,0.6156246066093445,0.6845127825120415,1785296161.112343
1,7405,0.8374742269515991,0.6844675925925926,1785296161.1952767
1,7406,0.4129066467285156,0.6845149944465013,1785296161.274946
1,7407,0.7567178010940552,0.6845623612139157,1785296161.3603299
1,7408,0.5226528644561768,0.684540325564188,1785296161.4443755
1,7409,0.4276549816131592,0.6845876479289941,1785296161.5275013
1,7410,0.46826040744781494,0.6845887245841035,1785296161.6073072
1,7411,0.6049925088882446,0.6846590909090909,1785296161.6862314
1,7412,0.4789784848690033,0.6847294052456594,1785296161.7695081
1,7413,0.6613337993621826,0.68477658788774,1785296161.8548741
1,7414,0.6390048265457153,0.6847083794758213,1785296161.9358418
1,7415,0.7323654294013977,0.684640221402214,1785296162.0210197
1,7416,0.5506645441055298,0.6846412762818148,1785296162.1014087
1,7417,0.7215015888214111,0.6846192846607669,1785296162.1821425
1,7418,0.6661111116409302,0.6845973092517508,1785296162.2670748
1,7419,0.5653680562973022,0.6845062638172439,1785296162.3517902
1,7420,0.7422963380813599,0.6844843462246777,1785296162.4332206
1,7421,0.5366159677505493,0.6844854565537555,1785296162.5140882
1,7422,0.9038769006729126,0.6844405594405595,1785296162.5944233
1,7423,0.6944877505302429,0.6845106696100074,1785296162.6734133
1,7424,0.6081110239028931,0.6845347554247885,1785296162.7563868
1,7425,0.7190493941307068,0.6845358455882353,1785296162.8375964
1,7426,0.5075368881225586,0.6845369349503859,1785296162.9232259
1,7427,0.715735673904419,0.6845839456282146,1785296163.0106416
1,7428,0.4749925434589386,0.684607969151671,1785296163.0943263
1,7429,0.8095037341117859,0.6845172540381792,1785296163.1762123
1,7430,0.5329574346542358,0.6845412844036697,1785296163.2571578
1,7431,0.6846897602081299,0.6845194424064563,1785296163.338196
1,7432,0.8082221150398254,0.684474697469747,1785296163.4187617
1,7433,0.6939760446548462,0.6844528958944281,1785296163.5003273
1,7434,0.5485655069351196,0.684431110296812,1785296163.5851812
1,7435,0.748648464679718,0.6843406593406594,1785296163.665044
1,7436,0.6574707627296448,0.6843189307945807,1785296163.7476099
1,7437,0.5514528155326843,0.6843658491947291,1785296163.834455
1,7438,0.7434278130531311,0.6843212586900842,1785296163.9179108
1,7439,0.7083372473716736,0.6842995610826628,1785296164.0022042
1,7440,0.4865685999393463,0.6843464351005485,1785296164.0830092
1,7441,0.7581480145454407,0.6843932748538012,1785296164.1648462
1,7442,0.5727508068084717,0.6843030690537084,1785296164.2455237
1,7443,0.7871284484863281,0.6843270635500365,1785296164.3269818
1,7444,0.596636176109314,0.6842825848849945,1785296164.4078412
1,7445,0.4473936855792999,0.6843293795620438,1785296164.4887745
1,7446,0.684860110282898,0.6843077344035023,1785296164.5729036
1,7447,0.7073275446891785,0.6842633114514952,1785296164.6574273
1,7448,0.6554350852966309,0.6842872767043383,1785296164.743138
1,7449,0.4959578514099121,0.684356778425656,1785296164.8239958
1,7450,0.554229199886322,0.6843579234972678,1785296164.9049375
1,7451,0.6543684005737305,0.6843363073561544,1785296164.991862
1,7452,0.6623126864433289,0.6843602111394248,1785296165.0747511
1,7453,0.7135140299797058,0.6843613537117904,1785296165.1555307
1,7454,0.6698166728019714,0.6843397599126956,1785296165.2366157
1,7455,0.5644904971122742,0.684340909090909,1785296165.318418
1,7456,0.5677409172058105,0.6843647764449291,1785296165.4034386
1,7457,0.6405308246612549,0.6843886264534884,1785296165.484894
1,7458,0.7426353693008423,0.684298946603705,1785296165.5661306
1,7459,0.617384672164917,0.6842320261437909,1785296165.6469753
1,7460,0.9928528070449829,0.6841651542649728,1785296165.7315936
1,7461,0.565941572189331,0.6841890420899854,1785296165.8165286
1,7462,0.6943594813346863,0.6840768951759159,1785296165.8969746
1,7463,0.7156227231025696,0.6839874909354605,1785296165.9806538
1,7464,0.7820314168930054,0.6840114171801377,1785296166.0619724
1,7465,0.6862066984176636,0.6840126811594203,1785296166.144022
1,7466,0.5245602130889893,0.6840365809489315,1785296166.2272372
1,7467,0.6564149856567383,0.6841057204923968,1785296166.3115675
1,7468,0.6765010356903076,0.6841069489685125,1785296166.3967924
1,7469,0.9712393283843994,0.6841307887120116,1785296166.483526
1,7470,0.7606527209281921,0.684132007233273,1785296166.5639353
1,7471,0.5921902060508728,0.6840880332610267,1785296166.6453447
1,7472,0.8122150897979736,0.6839989157932779,1785296166.7270343
1,7473,0.6155438423156738,0.6839776011560693,1785296166.8118088
1,7474,0.6266088485717773,0.6839337305886601,1785296166.8921423
1,7475,0.5301505327224731,0.6839801444043321,1785296166.9734542
1,7476,0.5501831769943237,0.6840039696860339,1785296167.0532956
1,7477,0.5953203439712524,0.683960137085137,1785296167.1333108
1,7478,0.7227937579154968,0.6839839523981248,1785296167.2188923
1,7479,0.590203046798706,0.6839852198990627,1785296167.3051212
1,7480,0.7546963095664978,0.6839864864864865,1785296167.385879
1,7481,0.4893370270729065,0.6839652377521613,1785296167.471509
1,7482,0.7131514549255371,0.6840340295282679,1785296167.551588
1,7483,0.6262010335922241,0.6840352771778258,1785296167.6316252
1,7484,0.7727794051170349,0.6841039942425333,1785296167.7167878
1,7485,0.7592514753341675,0.6840827338129496,1785296167.7966561
1,7486,0.6498758792877197,0.6840165408126573,1785296167.8807456
1,7487,0.5900293588638306,0.6839953271028038,1785296167.9619792
1,7488,0.7499862313270569,0.6840639597556594,1785296168.043081
1,7489,0.6061921715736389,0.6840427442528736,1785296168.1301026
1,7490,0.6819511651992798,0.6840215439856373,1785296168.2147233
1,7491,0.7225281000137329,0.6840003589375449,1785296168.301166
1,7492,0.5153857469558716,0.6839791890922139,1785296168.3818834
1,7493,0.7292789220809937,0.6840477044476327,1785296168.467137
1,7494,0.7411041259765625,0.6840489422732162,1785296168.5490532
1,7495,0.5109778046607971,0.6840725806451613,1785296168.6334338
1,7496,0.6831588745117188,0.6840066284485847,1785296168.7140455
1,7497,0.4564211666584015,0.6840302650429799,1785296168.7950203
1,7498,0.468951940536499,0.6840762620837809,1785296168.8793364
1,7499,0.48267894983291626,0.6840551181102362,1785296168.959392
1,7500,0.7828256487846375,0.6841234347048301,1785296169.040797
1,7501,0.6924698948860168,0.6841917024320457,1785296169.122361
1,7502,0.5170390605926514,0.6842152306042188,1785296169.2068872
1,7503,0.7437628507614136,0.6841940671908506,1785296169.289789
1,7504,0.5103723406791687,0.6842399071096821,1785296169.3745358
1,7505,0.6166241765022278,0.6842410714285714,1785296169.4603052
1,7506,0.3687886595726013,0.6842868618350589,1785296169.5400803
1,7507,0.4966665506362915,0.6842657030692363,1785296169.6249597
1,7508,0.6739040017127991,0.6842445594006422,1785296169.7067325
1,7509,0.5184605717658997,0.6842234308131241,1785296169.7869139
1,7510,0.738002359867096,0.6841577540106952,1785296169.8683887
1,7511,0.5443516969680786,0.6841589451176051,1785296169.9521105
1,7512,0.6580193042755127,0.684115603847524,1785296170.0328496
1,7513,0.5213635563850403,0.6840945512820513,1785296170.1172752
1,7514,0.8298952579498291,0.6840957636169456,1785296170.197849
1,7515,0.4240242838859558,0.6840747330960855,1785296170.2827988
1,7516,0.8759560585021973,0.6840537175382426,1785296170.3630793
1,7517,0.7477944493293762,0.6840993954480796,1785296170.4476137
1,7518,0.7346690893173218,0.6840117312477781,1785296170.5291362
1,7519,0.5576793551445007,0.6840129708599858,1785296170.6099343
1,7520,0.5213605761528015,0.6839920071047957,1785296170.6903026
1,7521,0.45300787687301636,0.6840376420454546,1785296170.7749345
1,7522,0.7241884469985962,0.6839944976925808,1785296170.8566425
1,7523,0.6214473247528076,0.6840400993612491,1785296170.9417393
1,7524,0.6236014366149902,0.6840856686768357,1785296171.0233638
1,7525,0.5721695423126221,0.6840647163120568,1785296171.1039345
1,7526,0.5539215803146362,0.6840437788018433,1785296171.188696
1,7527,0.7082842588424683,0.6840228561304039,1785296171.2693546
1,7528,0.806804358959198,0.6840240878498052,1785296171.3488324
1,7529,0.6573209762573242,0.6840031869688386,1785296171.4315765
1,7530,0.8559455275535583,0.6840044247787611,1785296171.5127156
1,7531,0.7818001508712769,0.6840056617126681,1785296171.5932825
1,7532,0.7537262439727783,0.6840290060134419,1785296171.6752534
1,7533,0.6523852348327637,0.684052333804809,1785296171.755937
1,7534,0.6179888248443604,0.6840314598798162,1785296171.839166
1,7535,0.8077901601791382,0.6840106007067138,1785296171.9225156
1,7536,0.47587624192237854,0.6840559872836454,1785296172.0084596
1,7537,0.5119010806083679,0.6840572033898306,1785296172.0884447
1,7538,0.5399588346481323,0.6840804800564773,1785296172.171128
1,7539,0.537983238697052,0.6841037402964009,1785296172.2551131
1,7540,0.7913625240325928,0.6841269841269841,1785296172.3358216
1,7541,0.4837399125099182,0.6840620592383639,1785296172.4163506
1,7542,0.5232338309288025,0.6840192104335566,1785296172.497812
1,7543,0.7828332781791687,0.684042459478506,1785296172.5784526
1,7544,0.6099177598953247,0.68404367735118,1785296172.6591258
1,7545,0.5124355554580688,0.6840008802816901,1785296172.7425776
1,7546,0.7094816565513611,0.6840021119324181,1785296172.8265803
1,7547,0.6015273928642273,0.6840253342716397,1785296172.9099092
1,7548,0.5514199733734131,0.6840925079141752,1785296172.9907694
1,7549,0.612798273563385,0.6840937060478199,1785296173.0706773
1,7550,0.7381862998008728,0.6840949033391915,1785296173.152345
1,7551,0.3161749541759491,0.6841839423752635,1785296173.232461
1,7552,0.7177876830101013,0.6841851071303127,1785296173.3135643
1,7553,0.4089536666870117,0.6842301615168539,1785296173.3946164
1,7554,0.6818504333496094,0.6842093717093717,1785296173.4809315
1,7555,0.7352410554885864,0.6842105263157895,1785296173.5624645
1,7556,0.7668333053588867,0.6842336022448263,1785296173.642421
1,7557,0.4041924476623535,0.6842785764375876,1785296173.7221034
1,7558,0.5184639692306519,0.6843016123378899,1785296173.8038256
1,7559,0.633072018623352,0.6842589348283111,1785296173.8850367
1,7560,0.8818113803863525,0.6842600700525394,1785296173.9703426
1,7561,0.6003046035766602,0.6842393207282913,1785296174.0585697
1,7562,0.640061616897583,0.6842185859292965,1785296174.1400573
1,7563,0.8603125810623169,0.6842416025192443,1785296174.228058
1,7564,0.663102924823761,0.6842208814270724,1785296174.3099663
1,7565,0.8958277702331543,0.6841783216783217,1785296174.3970227
1,7566,0.6193884015083313,0.6842013282069207,1785296174.4827316
1,7567,0.6608462333679199,0.6842461565338924,1785296174.5671773
1,7568,0.7904045581817627,0.6842909535452323,1785296174.6478539
1,7569,0.48442330956459045,0.6842266061452514,1785296174.7336814
1,7570,0.7226986885070801,0.6841841186736475,1785296174.8148797
1,7571,0.6263954043388367,0.6841852756454989,1785296174.8995948
1,7572,0.5167323350906372,0.6841428322288106,1785296174.9796922
1,7573,0.7566136717796326,0.6840568340306834,1785296175.0611324
1,7574,0.49791622161865234,0.6840580341582433,1785296175.146028
1,7575,0.4938506484031677,0.684037456445993,1785296175.2251542
1,7576,0.4933958053588867,0.6839733542319749,1785296175.3066518
1,7577,0.7336604595184326,0.6839310584958217,1785296175.386723
1,7578,0.6696826219558716,0.6838887922032718,1785296175.4694793
1,7579,0.7370880246162415,0.683955288796103,1785296175.5519085
1,7580,0.5579565167427063,0.6840217391304347,1785296175.631526
1,7581,0.8868306875228882,0.6841098748261474,1785296175.711104
1,7582,0.7576330900192261,0.6841327771984707,1785296175.7983348
1,7583,0.7689284682273865,0.6841122307157749,1785296175.8791516
1,7584,0.5776894092559814,0.6841134074331365,1785296175.9613976
1,7585,0.6738009452819824,0.6840711805555556,1785296176.043117
1,7586,0.5871434211730957,0.6840072891357167,1785296176.1276112
1,7587,0.3316929340362549,0.6840952463566967,1785296176.2127597
1,7588,0.503122091293335,0.6840964273326396,1785296176.2937584
1,7589,0.4721044600009918,0.6840976074895978,1785296176.3777354
1,7590,0.6536732912063599,0.6840771230502599,1785296176.4636817
1,7591,0.6307923793792725,0.6840783090783091,1785296176.5493906
1,7592,0.724048912525177,0.6841444405957742,1785296176.6355288
1,7593,0.5204426050186157,0.6841888850415513,1785296176.7210004
1,7594,0.6999614238739014,0.684168397369332,1785296176.8018878
1,7595,0.7753933072090149,0.6842776816608996,1785296176.8819757
1,7596,0.5580295920372009,0.6842571774472501,1785296176.965675
1,7597,0.6750103235244751,0.6842366874135546,1785296177.051652
1,7598,0.566337525844574,0.6842162115451089,1785296177.1357596
1,7599,0.5571340918540955,0.6841957498272287,1785296177.2198462
1,7600,0.5477049350738525,0.6841968911917099,1785296177.3051326
1,7601,0.5985418558120728,0.6841332872928176,1785296177.3910234
1,7602,0.48253554105758667,0.6841344494304453,1785296177.4748125
1,7603,0.39772623777389526,0.6841787439613527,1785296177.5573723
1,7604,0.720058798789978,0.6841798896171093,1785296177.6379137
1,7605,0.6175323724746704,0.6841810344827586,1785296177.7236087
1,7606,0.5406504273414612,0.6842252671492589,1785296177.804066
1,7607,0.6854324340820312,0.684183321847002,1785296177.8848407
1,7608,0.5717936754226685,0.6841414054426456,1785296177.9653504
1,7609,0.415989488363266,0.6841856060606061,1785296178.0461135
1,7610,0.7291748523712158,0.6842297762478485,1785296178.1272726
1,7611,0.5923526287078857,0.6842093943565037,1785296178.2079988
1,7612,0.7611677050590515,0.6842105263157895,1785296178.2932775
1,7613,0.6602413654327393,0.6842116574965612,1785296178.3729076
1,7614,0.5380480885505676,0.6842557579924373,1785296178.4523444
1,7615,0.5715460181236267,0.6842568728522337,1785296178.532511
1,7616,0.4514928460121155,0.6843009275163174,1785296178.6180468
1,7617,0.6484417915344238,0.6843020260989011,1785296178.6997738
1,7618,0.574884831905365,0.6843031239272228,1785296178.7803698
1,7619,0.6273536086082458,0.684304221002059,1785296178.8644185
1,7620,0.5115358829498291,0.6842838765008576,1785296178.9477942
1,7621,0.4875458776950836,0.6842849794238683,1785296179.0327501
1,7622,0.4641687870025635,0.6843075077134042,1785296179.1132936
1,7623,0.37888795137405396,0.6843942769019876,1785296179.1967142
1,7624,0.5510014295578003,0.6843739294278862,1785296179.2819724
1,7625,0.6690595149993896,0.6843321917808219,1785296179.3634703
1,7626,0.6151804327964783,0.6843546730571722,1785296179.4489548
1,7627,0.6446563005447388,0.6843343600273785,1785296179.5339715
1,7628,0.5604817271232605,0.6843568251796099,1785296179.6163652
1,7629,0.8080102801322937,0.6843579001367989,1785296179.7019477
1,7630,0.6828204393386841,0.6843589743589743,1785296179.7906232
1,7631,0.9856340289115906,0.68436004784689,1785296179.8723385
1,7632,0.6261847615242004,0.6843824735223779,1785296179.9529092
1,7633,0.7209984660148621,0.6843408469945356,1785296180.037744
1,7634,1.1258156299591064,0.6843632639125982,1785296180.1251605
1,7635,0.6286055445671082,0.6843643344709898,1785296180.210474
1,7636,0.6028804779052734,0.6843440805185943,1785296180.2896373
1,7637,0.9496579170227051,0.6843238403819918,1785296180.3754535
1,7638,0.5073320865631104,0.6843675417661098,1785296180.4591496
1,7639,0.6358485817909241,0.6843899113837764,1785296180.5434203
1,7640,0.6864611506462097,0.6844335604770017,1785296180.6240218
1,7641,0.8119862079620361,0.6843920299727521,1785296180.7069614
1,7642,0.744867205619812,0.6844143684031324,1785296180.794682
1,7643,0.6437109112739563,0.6843090537780804,1785296180.8770194
1,7644,0.6164294481277466,0.6842463422932971,1785296180.9598572
1,7645,0.5171281099319458,0.6842474489795919,1785296181.0396302
1,7646,0.7016552686691284,0.6842485549132948,1785296181.1210787
1,7647,0.5867841839790344,0.6842284160435078,1785296181.208714
1,7648,0.4539128243923187,0.6842932381923208,1785296181.2927768
1,7649,0.6836856007575989,0.6842518682065217,1785296181.375118
1,7650,0.6440081000328064,0.6842317487266554,1785296181.4576962
1,7651,0.6147053241729736,0.6842540733197556,1785296181.53854
1,7652,0.4699200391769409,0.6843400067865626,1785296181.6181707
1,7653,0.6695482134819031,0.6843834803256446,1785296181.7014594
1,7654,0.761117160320282,0.6843421498813157,1785296181.7898946
1,7655,0.5365654826164246,0.684364406779661,1785296181.872705
1,7656,0.5607830882072449,0.6844078278549645,1785296181.9539723
1,7657,0.5357587337493896,0.6844512195121951,1785296182.0357707
1,7658,0.8917661309242249,0.6844734168642059,1785296182.120579
1,7659,0.6639255881309509,0.684432125930941,1785296182.2051044
1,7660,0.7391775250434875,0.6843697123519459,1785296182.2885804
1,7661,0.5535733699798584,0.6843919147496617,1785296182.3690934
1,7662,0.5320656299591064,0.6844141021305377,1785296182.4537287
1,7663,0.6913878321647644,0.6843728870858689,1785296182.5392182
1,7664,0.37246450781822205,0.6844584319026699,1785296182.6210568
1,7665,0.5711677670478821,0.6844594594594594,1785296182.703274
1,7666,0.5649807453155518,0.6844182708544411,1785296182.7888148
1,7667,0.7237359285354614,0.6842927076299797,1785296182.8740997
1,7668,0.5928870439529419,0.6843148835639554,1785296182.9546857
1,7669,0.882529079914093,0.6843159581646424,1785296183.0361679
1,7670,0.7898160219192505,0.684295952782462,1785296183.121845
1,7671,0.551801860332489,0.6843181051921781,1785296183.2030456
1,7672,0.6732048392295837,0.6843613077182339,1785296183.2846482
1,7673,0.4486248195171356,0.6844044811320755,1785296183.3696172
1,7674,0.7186635732650757,0.684489727180869,1785296183.4554098
1,7675,0.7178564071655273,0.6845117845117845,1785296183.5366795
1,7676,0.5114654302597046,0.6845548636822618,1785296183.6188357
1,7677,0.6606043577194214,0.6845558546433378,1785296183.6994464
1,7678,0.7342831492424011,0.6845147998654557,1785296183.7832837
1,7679,0.6396495699882507,0.6845368190988568,1785296183.8694444
1,7680,0.8224756717681885,0.6844957983193277,1785296183.9547067
1,7681,0.5539122223854065,0.684559811827957,1785296184.0386212
1,7682,0.5514477491378784,0.6845188108834397,1785296184.1236167
1,7683,0.5813318490982056,0.6845407991940899,1785296184.2047358
1,7684,0.5707750916481018,0.6844998321584425,1785296184.2863257
1,7685,0.5195871591567993,0.6844588926174496,1785296184.366872
1,7686,0.5691872835159302,0.6844179805434418,1785296184.447921
1,7687,0.7994349598884583,0.6842932595573441,1785296184.532538
1,7688,0.5536198019981384,0.684294334562521,1785296184.6140125
1,7689,0.7049047946929932,0.684253518766756,1785296184.698226
1,7690,0.505579948425293,0.6842546063651591,1785296184.778568
1,7691,0.447761595249176,0.6842766242464836,1785296184.8591049
1,7692,0.9123632907867432,0.6843613993973887,1785296184.942535
1,7693,0.523947536945343,0.6843206157965194,1785296185.0296965
1,7694,0.6642124652862549,0.684258949481432,1785296185.110773
1,7695,0.7194350957870483,0.684301839464883,1785296185.196046
1,7696,0.7879062294960022,0.6842611166833835,1785296185.276899
1,7697,0.5149035453796387,0.6842621991978609,1785296185.3598046
1,7698,0.5176609754562378,0.6842215168727029,1785296185.4408467
1,7699,0.6708888411521912,0.6842434869739479,1785296185.5221114
1,7700,0.7722228765487671,0.6842237061769616,1785296185.604248
1,7701,0.5352879762649536,0.6842665220293725,1785296185.68424
1,7702,0.6508546471595764,0.6842676009342676,1785296185.7654338
1,7703,0.3842412233352661,0.6843103735823882,1785296185.8462121
1,7704,0.7416200637817383,0.6843322774258086,1785296185.9313471
1,7705,0.644826352596283,0.6842916666666666,1785296186.0163574
1,7706,0.4531286358833313,0.6842510829723426,1785296186.098111
1,7707,0.47545215487480164,0.684272984676882,1785296186.1827874
1,7708,0.7384610772132874,0.6842740592740593,1785296186.266466
1,7709,0.7690190076828003,0.6842959387483355,1785296186.3519926
1,7710,0.5561743974685669,0.6842554076539101,1785296186.4360204
1,7711,0.5839486122131348,0.6842149035262808,1785296186.51873
1,7712,0.5339383482933044,0.6841744263385434,1785296186.6051445
1,7713,0.8090553879737854,0.6841755319148937,1785296186.6924481
1,7714,0.6983492970466614,0.68419740777667,1785296186.773233
1,7715,0.4739344120025635,0.68421926910299,1785296186.8584287
1,7716,0.8988021016120911,0.6841996014613085,1785296186.9441779
1,7717,0.5051409602165222,0.6842214475431607,1785296187.0286689
1,7718,0.4250684678554535,0.6842847660139396,1785296187.112118
1,7719,0.4505908191204071,0.6843273059057731,1785296187.1955113
1,7720,0.6205267906188965,0.6843698175787728,1785296187.2793772
1,7721,0.6159188151359558,0.6843708554376657,1785296187.363472
1,7722,0.7566221952438354,0.6843097447795824,1785296187.4434328
1,7723,0.8178226947784424,0.6843315109343936,1785296187.5272558
1,7724,0.3976450562477112,0.6843739648890361,1785296187.6135354
1,7725,0.487342894077301,0.6843543046357616,1785296187.6976447
1,7726,0.6695651412010193,0.6843553459119497,1785296187.7799125
1,7727,0.7125717401504517,0.6843563864990073,1785296187.8658764
1,7728,0.5013123750686646,0.6843781012239497,1785296187.9518757
1,7729,0.7360309362411499,0.6843791335978836,1785296188.0374138
1,7730,0.4613034725189209,0.6844214876033058,1785296188.1229138
1,7731,0.4947890341281891,0.6844431592861864,1785296188.2106507
1,7732,0.7808236479759216,0.6844235216385861,1785296188.2954328
1,7733,0.5004297494888306,0.684445178335535,1785296188.3779743
1,7734,0.9829925298690796,0.6844874546054803,1785296188.4587514
1,7735,0.8463937044143677,0.6844884488448845,1785296188.538864
1,7736,0.7108485102653503,0.6844894424282415,1785296188.6214154
1,7737,0.7298449873924255,0.6844285949868074,1785296188.7054634
1,7738,0.6925134658813477,0.6844502143092648,1785296188.7870977
1,7739,0.6362811326980591,0.6844512195121951,1785296188.8730824
1,7740,0.6822360754013062,0.6844728171334432,1785296188.953808
1,7741,0.32216835021972656,0.6845561594202898,1785296189.0369623
1,7742,0.5434455871582031,0.6844748106684228,1785296189.1206725
1,7743,0.7973799705505371,0.6844552337063858,1785296189.209052
1,7744,0.699462890625,0.6844151036525172,1785296189.2984514
1,7745,0.673162579536438,0.6843955592105263,1785296189.3921597
1,7746,0.823883056640625,0.6843554751726406,1785296189.4875739
1,7747,0.5950981378555298,0.684335963182117,1785296189.5810418
1,7748,0.8826107978820801,0.6842959250739402,1785296189.674466
1,7749,1.0315546989440918,0.6843585742444153,1785296189.7729697
1,7750,0.7490159869194031,0.6843185550082101,1785296189.8559682
1,7751,0.8882946968078613,0.6843401181877873,1785296189.9454052
1,7752,0.45161330699920654,0.6843616672136528,1785296190.0278862
1,7753,0.5859548449516296,0.6843421916010499,1785296190.1087139
1,7754,0.4555068016052246,0.6843637258117415,1785296190.1928174
1,7755,0.836127519607544,0.6843852459016393,1785296190.2751553
1,7756,0.9218207001686096,0.6843862667977713,1785296190.3556118
1,7757,0.47412848472595215,0.684428243774574,1785296190.4422908
1,7758,0.6106148958206177,0.6844906649197511,1785296190.5369692
1,7759,0.6401344537734985,0.6844916502946955,1785296190.6261818
1,7760,0.4953076243400574,0.6844926350245499,1785296190.7128468
1,7761,0.7088186740875244,0.6845549738219895,1785296190.804405
1,7762,0.5985227227210999,0.6844946025515211,1785296190.8856544
1,7763,0.5968874096870422,0.6844751471550032,1785296190.9697998
1,7764,0.5827158689498901,0.6844557044785877,1785296191.0565505
1,7765,0.5664912462234497,0.6844771241830065,1785296191.1415136
1,7766,0.6556927561759949,0.6844781117281934,1785296191.2266586
1,7767,0.6930214762687683,0.6843974526453298,1785296191.3128574
1,7768,0.7349124550819397,0.6843984655566439,1785296191.3962586
1,7769,0.5589432716369629,0.6843994778067886,1785296191.4779944
1,7770,0.48371317982673645,0.6844208809135399,1785296191.559189
1,7771,0.8495075702667236,0.6844015003261579,1785296191.6443264
1,7772,0.524134635925293,0.684422888816433,1785296191.7245688
1,7773,0.4854715168476105,0.6844442633637549,1785296191.805873
1,7774,0.6171029210090637,0.684465623981753,1785296191.8873012
1,7775,0.7666290998458862,0.6844258957654723,1785296191.9732842
1,7776,0.6342790126800537,0.6844065450993162,1785296192.0593765
1,7777,0.7767871022224426,0.68438720703125,1785296192.1434538
1,7778,0.6968603730201721,0.6843272046859746,1785296192.2252073
1,7779,0.4622500240802765,0.6844095640858816,1785296192.30782
1,7780,0.46765533089637756,0.6844308943089431,1785296192.393027
1,7781,0.42986664175987244,0.6844928478543563,1785296192.4817693
1,7782,0.5481746792793274,0.6844938251543712,1785296192.5689971
1,7783,0.5395625829696655,0.6845151072124757,1785296192.6540046
1,7784,0.5642554759979248,0.6844754790516402,1785296192.737393
1,7785,0.32535743713378906,0.6845170454545455,1785296192.821519
1,7786,0.6518571376800537,0.6845382992534891,1785296192.905177
1,7787,0.6029534339904785,0.6844784231018819,1785296192.9888656
1,7788,0.6843392848968506,0.684479403178722,1785296193.0763407
1,7789,0.42393550276756287,0.684480382619974,1785296193.1577785
1,7790,0.9174175262451172,0.684481361426256,1785296193.2393663
1,7791,0.8228392004966736,0.6844823395981854,1785296193.322455
1,7792,0.6890116333961487,0.684503563330094,1785296193.402941
1,7793,0.5727890729904175,0.6844842940414507,1785296193.4841354
1,7794,0.7647930979728699,0.6844650372288766,1785296193.564919
1,7795,0.6121602654457092,0.6844457928802589,1785296193.6459546
1,7796,0.5414861440658569,0.6844265609835005,1785296193.7266505
1,7797,0.8471682667732239,0.684427554980595,1785296193.8078308
1,7798,0.48532193899154663,0.6843881344972519,1785296193.8920677
1,7799,0.4580502510070801,0.6843689398836458,1785296193.972287
1,7800,0.5601011514663696,0.684329563812601,1785296194.0546644
1,7801,0.8226931095123291,0.6842902131782945,1785296194.1389031
1,7802,0.3694397211074829,0.6843517920568292,1785296194.220344
1,7803,0.5493456125259399,0.6843729825693996,1785296194.302757
1,7804,0.6572778820991516,0.6844344949983866,1785296194.3830457
1,7805,0.6108993291854858,0.6844556451612903,1785296194.4627757
1,7806,0.9768137335777283,0.6844767816833279,1785296194.5428064
1,7807,0.5842387080192566,0.6844979045776918,1785296194.6254654
1,7808,0.6633140444755554,0.6844384466645183,1785296194.7075763
1,7809,0.6388473510742188,0.6844192976804123,1785296194.7892902
1,7810,0.7530221343040466,0.6844001610305959,1785296194.8698082
1,7811,0.6634501218795776,0.684441403734707,1785296194.95197
1,7812,0.5348619818687439,0.6845027357579658,1785296195.0317953
1,7813,0.5938295125961304,0.684543918918919,1785296195.1128252
1,7814,0.5424301028251648,0.6845448697330331,1785296195.1951468
1,7815,0.6049799919128418,0.6845056270096463,1785296195.2785041
1,7816,0.6372137665748596,0.6844664095146256,1785296195.3605812
1,7817,0.6864405870437622,0.6844473007712082,1785296195.4462037
1,7818,0.4694344997406006,0.6844482814005782,1785296195.5277333
1,7819,0.5662339329719543,0.684429190751445,1785296195.6140351
1,7820,0.4747791290283203,0.6844502407704655,1785296195.6979423
1,7821,0.5040454268455505,0.684431161745828,1785296195.7797446
1,7822,0.8090019226074219,0.6844120949631055,1785296195.8634088
1,7823,0.6294606328010559,0.6843729955099422,1785296195.9494653
1,7824,0.6704941987991333,0.6842537672330875,1785296196.03027
1,7825,0.7656003832817078,0.6841947115384616,1785296196.1153946
1,7826,0.7362720370292664,0.6841757449535405,1785296196.1968002
1,7827,0.4641554355621338,0.6841367713004485,1785296196.2767303
1,7828,0.6963351368904114,0.6841178354146654,1785296196.3635423
1,7829,0.6714744567871094,0.6841189180537772,1785296196.4480307
1,7830,0.6282247304916382,0.68414,1785296196.5331373
1,7831,0.6564202904701233,0.6841610684580934,1785296196.6141787
1,7832,0.5692852139472961,0.684162136232811,1785296196.696173
1,7833,0.783700168132782,0.6841632033248082,1785296196.7826335
1,7834,0.7888576984405518,0.6841043464365612,1785296196.86723
1,7835,0.6907767057418823,0.6841253993610223,1785296196.9535942
1,7836,0.6849845051765442,0.6841264771638454,1785296197.0348396
1,7837,0.6504235863685608,0.6840876436781609,1785296197.1166835
1,7838,0.8229883909225464,0.6841086817746569,1785296197.1983588
1,7839,0.37130725383758545,0.6841695915762603,1785296197.2794
1,7840,0.8151291608810425,0.684170653907496,1785296197.3629916
1,7841,0.8220826983451843,0.6841916454081632,1785296197.4480999
1,7842,0.27373427152633667,0.6842325470194454,1785296197.532463
1,7843,0.5694945454597473,0.684193753983429,1785296197.616729
1,7844,0.6477509140968323,0.6841549856642243,1785296197.7040904
1,7845,0.5720748901367188,0.6841162420382165,1785296197.787116
1,7846,0.8888274431228638,0.6840576249602037,1785296197.869777
1,7847,0.5678840279579163,0.6840388287714831,1785296197.9526932
1,7848,0.741420567035675,0.6840001590836781,1785296198.0396526
1,7849,0.5670077204704285,0.6840609096692112,1785296198.120613
1,7850,0.5287874341011047,0.6840421303656598,1785296198.2058678
1,7851,0.7327953577041626,0.6840034965034965,1785296198.2893844
1,7852,0.4933423399925232,0.6840244677470607,1785296198.3685746
1,7853,0.8067160248756409,0.6839858640406608,1785296198.4496756
1,7854,0.6995836496353149,0.6839671324229915,1785296198.535507
1,7855,0.4799143075942993,0.6839880952380952,1785296198.6173382
1,7856,0.5497844815254211,0.6839297048556015,1785296198.6967123
1,7857,0.6053013801574707,0.6839308375634517,1785296198.7780507
1,7858,0.6507952213287354,0.6839319695528069,1785296198.863594
1,7859,0.4905538260936737,0.68393310082435,1785296198.946509
1,7860,0.48851338028907776,0.6839540412044374,1785296199.027937
1,7861,0.5245001316070557,0.6839749683143219,1785296199.116329
1,7862,0.7405596971511841,0.6839958821666139,1785296199.1992989
1,7863,0.5857404470443726,0.6840563647878404,1785296199.2790666
1,7864,0.4557787775993347,0.6840178854067743,1785296199.363853
1,7865,0.5503930449485779,0.6840387658227848,1785296199.44936
1,7866,0.5589196085929871,0.6840596330275229,1785296199.533581
1,7867,0.5641584396362305,0.6840607210626186,1785296199.619148
1,7868,0.6706761717796326,0.6840420486879545,1785296199.7046847
1,7869,0.4696924388408661,0.6840233881163085,1785296199.7899184
1,7870,0.5069738030433655,0.684044233807267,1785296199.8747349
1,7871,0.7277578115463257,0.6840848073278585,1785296199.9555027
1,7872,0.5951645374298096,0.6840661509314809,1785296200.0368495
1,7873,0.8565999865531921,0.6840475063131313,1785296200.1216254
1,7874,0.535027265548706,0.6840288734616599,1785296200.2032309
1,7875,0.4943389296531677,0.6840102523659306,1785296200.2849228
1,7876,0.765395998954773,0.6839916430148218,1785296200.3674724
1,7877,0.6606191396713257,0.6839730453972257,1785296200.4562538
1,7878,0.4960967004299164,0.6839544595020486,1785296200.5390928
1,7879,0.4851619005203247,0.6838965028355387,1785296200.6199691
1,7880,0.7805151343345642,0.6838582677165355,1785296200.704511
1,7881,0.5505967736244202,0.683820056675063,1785296200.7871034
1,7882,0.5504826903343201,0.6837621970412339,1785296200.8703074
1,7883,0.7454732656478882,0.6837240402769037,1785296200.9556644
1,7884,0.5784802436828613,0.683725228059138,1785296201.038104
1,7885,0.7681951522827148,0.6837460691823899,1785296201.119939
1,7886,0.791678786277771,0.6837668972021377,1785296201.2019143
1,7887,0.7772167921066284,0.6837287869264613,1785296201.2830067
1,7888,0.7610142827033997,0.6837299717247879,1785296201.3637254
1,7889,0.5013600587844849,0.6836918969849246,1785296201.446406
1,7890,0.583210825920105,0.6836734693877551,1785296201.532515
1,7891,0.6470475792884827,0.6837139045825487,1785296201.6128533
1,7892,0.6266201138496399,0.6836954816441795,1785296201.693913
1,7893,0.5075027346611023,0.6836770702634881,1785296201.7738917
1,7894,0.6801093816757202,0.6837174662903731,1785296201.8541865
1,7895,0.5387618541717529,0.6837382445141066,1785296201.934652
1,7896,0.6642168760299683,0.683759009714823,1785296202.0155056
1,7897,0.6865077018737793,0.6837993421052632,1785296202.097696
1,7898,0.6974865198135376,0.6837613529595992,1785296202.1810236
1,7899,0.551010251045227,0.6837429555416406,1785296202.26236
1,7900,0.6760894656181335,0.6837050078247261,1785296202.3454921
1,7901,0.5848245024681091,0.6837257509386734,1785296202.4254193
1,7902,0.5264063477516174,0.6837660306537379,1785296202.5102777
1,7903,0.4869387745857239,0.6836890243902439,1785296202.5917606
1,7904,0.4777827262878418,0.6837097530478274,1785296202.6720839
1,7905,0.5783878564834595,0.68375,1785296202.7582595
1,7906,0.7429972290992737,0.6837121212121212,1785296202.8439403
1,7907,0.7542154788970947,0.6837328232354778,1785296202.925284
1,7908,0.7594808340072632,0.6836949734623791,1785296203.0061748
1,7909,0.5144018530845642,0.6837351747815231,1785296203.0873682
1,7910,0.8019487261772156,0.6837753510140405,1785296203.1673584
1,7911,0.5786988735198975,0.6837570180910792,1785296203.2479289
1,7912,0.9427899718284607,0.6837581852198317,1785296203.3324127
1,7913,0.6616421937942505,0.6837009039900249,1785296203.4179041
1,7914,0.5822985172271729,0.6836631349330009,1785296203.4978967
1,7915,0.7910804748535156,0.6836059190031153,1785296203.5779514
1,7916,0.702662467956543,0.6836265960759887,1785296203.6585376
1,7917,0.5252600312232971,0.683627801992528,1785296203.7387266
1,7918,0.5406715869903564,0.6836484593837535,1785296203.8191774
1,7919,0.6642504930496216,0.6836496577473553,1785296203.89918
1,7920,0.48397549986839294,0.6836508553654743,1785296203.9805005
1,7921,0.7439302802085876,0.683632618159204,1785296204.0663066
1,7922,0.4560564160346985,0.6836921044451352,1785296204.1446025
1,7923,0.8123029470443726,0.6836544437538844,1785296204.2288833
1,7924,0.7946288585662842,0.6836750543647095,1785296204.3131034
1,7925,0.9940310716629028,0.6836568322981367,1785296204.3974257
1,7926,0.6524772047996521,0.683677429369761,1785296204.4776947
1,7927,0.6999008059501648,0.6836592178770949,1785296204.5588653
1,7928,0.6063317060470581,0.6836798014272417,1785296204.6413226
1,7929,0.5605238080024719,0.6836809863523573,1785296204.7213616
1,7930,0.6902541518211365,0.6836434108527132,1785296204.8026779
1,7931,0.5030817985534668,0.6837027278363298,1785296204.882602
1,7932,0.5800493955612183,0.683723272389216,1785296204.9625304
1,7933,0.5807846188545227,0.6837050805452293,1785296205.0481915
1,7934,0.8787135481834412,0.6837062558067513,1785296205.1288216
1,7935,0.7234319448471069,0.6837267801857585,1785296205.2160141
1,7936,0.5979655385017395,0.6837279480037141,1785296205.304781
1,7937,0.6292908191680908,0.6837291150990099,1785296205.3881922
1,7938,0.6258656978607178,0.6836916176925456,1785296205.473122
1,7939,0.5423218011856079,0.6837314471243042,1785296205.5569363
1,7940,0.5709264278411865,0.6837519319938177,1785296205.6373153
1,7941,0.4642018973827362,0.6838303461063041,1785296205.71665
1,7942,0.8680633306503296,0.6837928637627433,1785296205.800149
1,7943,0.7524407505989075,0.683774706609018,1785296205.885498
1,7944,0.5573276281356812,0.6837758567459092,1785296205.9688294
1,7945,0.8904481530189514,0.6837577160493827,1785296206.052972
1,7946,0.5416298508644104,0.6837395865473619,1785296206.1382737
1,7947,0.7055509090423584,0.6837600246761258,1785296206.2195015
1,7948,0.6059603691101074,0.6837804502004317,1785296206.3048656
1,7949,0.9146840572357178,0.6837815967940813,1785296206.3921287
1,7950,0.4971056878566742,0.6837249614791988,1785296206.4741533
1,7951,0.7266483306884766,0.6837261244608749,1785296206.5585976
1,7952,0.5596045255661011,0.6837657838004312,1785296206.6479573
1,7953,0.6724468469619751,0.6837092056650246,1785296206.731803
1,7954,0.9953895211219788,0.6837873191751308,1785296206.8141403
1,7955,0.7433356046676636,0.6836923076923077,1785296206.8988664
1,7956,0.5840786695480347,0.6837511534912335,1785296206.9860673
1,7957,0.5222278833389282,0.6837907441574416,1785296207.0714018
1,7958,0.7393054366111755,0.6838110974485091,1785296207.1551058
1,7959,0.6299493908882141,0.6837930239704979,1785296207.2425737
1,7960,0.7094051837921143,0.6837749615975423,1785296207.3248718
1,7961,0.8483269214630127,0.683795300982801,1785296207.41445
1,7962,0.8014929890632629,0.6837772490021492,1785296207.4974892
1,7963,0.49312496185302734,0.6837975751995089,1785296207.5813053
1,7964,0.4687979817390442,0.6838562442467014,1785296207.6649728
1,7965,0.29184651374816895,0.6839148773006135,1785296207.746561
1,7966,0.5969907641410828,0.6839543084943269,1785296207.8314817
1,7967,0.5346204042434692,0.6839937155119559,1785296207.919233
1,7968,0.7368143796920776,0.6839947900704872,1785296207.999945
1,7969,0.6337217092514038,0.6840150122549019,1785296208.0823436
1,7970,0.4790186285972595,0.6840543644716692,1785296208.166787
1,7971,0.6511587500572205,0.6840936925903246,1785296208.2521262
1,7972,0.9376370906829834,0.6841521273339455,1785296208.3372936
1,7973,0.6773875951766968,0.6841531517747858,1785296208.4196596
1,7974,0.5823640823364258,0.6841350565922301,1785296208.5002563
1,7975,0.5389807224273682,0.6841743119266055,1785296208.586087
1,7976,0.7098720669746399,0.6841753286456741,1785296208.6661315
1,7977,0.7526537775993347,0.6842145476772616,1785296208.7465181
1,7978,0.5018490552902222,0.6842346471127406,1785296208.8315969
1,7979,0.7638460993766785,0.6842547342700062,1785296208.917657
1,7980,0.7824444770812988,0.684293893129771,1785296209.0002658
1,7981,0.7845321297645569,0.6842948717948718,1785296209.0805435
1,7982,0.7067216634750366,0.6842958498626793,1785296209.1609344
1,7983,0.6638017296791077,0.6843540268456376,1785296209.2416143
1,7984,0.6014024019241333,0.6843549862763038,1785296209.3227625
1,7985,0.5658260583877563,0.6843178353658537,1785296209.4037433
1,7986,0.6141440272331238,0.6843378543127095,1785296209.4886868
1,7987,0.6301910877227783,0.684300731261426,1785296209.5753288
1,7988,0.5799719095230103,0.6842826682911971,1785296209.656951
1,7989,0.7167319655418396,0.6842646163215591,1785296209.7398863
1,7990,0.6430792212486267,0.684265601217656,1785296209.8245132
1,7991,0.9411410093307495,0.6842285453438831,1785296209.910558
1,7992,0.5209609270095825,0.6842675692120475,1785296209.9935036
1,7993,0.5732465386390686,0.6842685523114356,1785296210.0777764
1,7994,0.4733807444572449,0.6843075402858012,1785296210.1571856
1,7995,0.7695589065551758,0.6843275075987842,1785296210.2375872
1,7996,0.5715025067329407,0.6843284715891826,1785296210.3188174
1,7997,0.6637921929359436,0.6843104495747266,1785296210.4023023
1,7998,0.7709709405899048,0.6843683571211661,1785296210.487726
1,7999,0.8073012232780457,0.6843882817243473,1785296210.5680854
1,8000,0.5532093048095703,0.6844081942336874,1785296210.6527462
1,8001,0.7493224143981934,0.6843143203883495,1785296210.73308
1,8002,0.5639286041259766,0.6843531998786776,1785296210.8166504
1,8003,0.6016097068786621,0.6843352031534263,1785296210.8973513
1,8004,0.6971335411071777,0.6843551076083662,1785296210.982283
1,8005,0.6960920691490173,0.6843181818181818,1785296211.0647469
1,8006,0.9027747511863708,0.6843759466828234,1785296211.1450603
1,8007,0.5363293290138245,0.6844147486371895,1785296211.2296455
1,8008,0.7660082578659058,0.6844535270965789,1785296211.3140244
1,8009,0.5607377290725708,0.6845111985472155,1785296211.396636
1,8010,0.8301743268966675,0.6845688350983359,1785296211.4772227
1,8011,0.8288601636886597,0.6845697217180883,1785296211.56085
1,8012,0.6898125410079956,0.6846273057151497,1785296211.6450784
1,8013,0.8619073629379272,0.6846281741233373,1785296211.7265346
1,8014,0.5525803565979004,0.6846668177697189,1785296211.809483
1,8015,0.5266384482383728,0.6847054380664652,1785296211.890582
1,8016,0.4822527766227722,0.6847062820900031,1785296211.9784825
1,8017,0.7289067506790161,0.6846882548309179,1785296212.0605865
1,8018,0.6977308988571167,0.6846702384545729,1785296212.1417353
1,8019,0.49977990984916687,0.6846710923355461,1785296212.2211375
1,8020,0.5739411115646362,0.6846719457013575,1785296212.3068764
1,8021,0.6164742708206177,0.6847104945717732,1785296212.3949215
1,8022,0.5842422842979431,0.684749020198975,1785296212.476452
1,8023,0.5986200571060181,0.6846745027124774,1785296212.5579462
1,8024,0.5899209976196289,0.6846565230491112,1785296212.6431782
1,8025,0.5455461144447327,0.6846762048192772,1785296212.7237923
1,8026,0.6781575083732605,0.6847335140018067,1785296212.8059742
1,8027,0.6543517708778381,0.6846967188440698,1785296212.8901353
1,8028,0.45767098665237427,0.6847539873608185,1785296212.9709914
1,8029,0.7632768154144287,0.6847360108303249,1785296213.0525756
1,8030,0.7010922431945801,0.6846804511278195,1785296213.1387668
1,8031,0.9022623300552368,0.6846437161755863,1785296213.2242248
1,8032,0.4964407682418823,0.68471971746318,1785296213.3055334
1,8033,0.6270512342453003,0.6847205528846154,1785296213.3905835
1,8034,0.6395230293273926,0.6847026133974167,1785296213.4752116
1,8035,0.505702555179596,0.6846846846846847,1785296213.563908
1,8036,0.5252556204795837,0.6846667667367157,1785296213.655567
1,8037,0.6340622901916504,0.6846676170468188,1785296213.7402961
1,8038,0.6270509958267212,0.6846872187218722,1785296213.825547
1,8039,0.6981847882270813,0.6846880623875224,1785296213.91641
1,8040,0.8548467755317688,0.6847076461769116,1785296213.9987571
1,8041,0.6358126401901245,0.6846710131894485,1785296214.0880904
1,8042,0.38170087337493896,0.6847280491459394,1785296214.178182
1,8043,0.5210562348365784,0.6847476033553026,1785296214.2598934
1,8044,0.6769589185714722,0.6847297094938605,1785296214.346823
1,8045,0.6517194509506226,0.6846931137724551,1785296214.4291685
1,8046,1.0193116664886475,0.6846939539060162,1785296214.5148413
1,8047,0.5768504738807678,0.6846386894075404,1785296214.5991335
1,8048,0.9338518977165222,0.6846208495363446,1785296214.6831124
1,8049,0.5660766959190369,0.6846590909090909,1785296214.7653487
1,8050,0.5803177356719971,0.6846225710014948,1785296214.8524024
1,8051,0.7296698093414307,0.6846234309623431,1785296214.9380257
1,8052,0.821732223033905,0.6846242904093218,1785296215.0219972
1,8053,0.7391485571861267,0.6846064814814815,1785296215.1035366
1,8054,0.8255370855331421,0.6846446700507615,1785296215.1855223
1,8055,0.9994442462921143,0.6847201492537314,1785296215.2666042
1,8056,0.6240776777267456,0.6846836765144733,1785296215.3493135
1,8057,0.5635257959365845,0.6846845167064439,1785296215.4292953
1,8058,0.9786694049835205,0.6846107963018193,1785296215.5145144
1,8059,0.44457483291625977,0.6846675611210495,1785296215.6004565
1,8060,0.4774346351623535,0.6847056631892697,1785296215.685905
1,8061,0.9527668952941895,0.6847251191895113,1785296215.7667582
1,8062,0.5617588758468628,0.684744563598451,1785296215.8478036
1,8063,0.5631959438323975,0.6847267718880286,1785296215.9335086
1,8064,0.6507238149642944,0.6847275974992557,1785296216.0141907
1,8065,0.9312632083892822,0.684765625,1785296216.099741
1,8066,0.6819076538085938,0.6847850342160071,1785296216.1829085
1,8067,0.6543744206428528,0.6848230220107079,1785296216.266166
1,8068,0.5219211578369141,0.6847866488254535,1785296216.349527
1,8069,0.5458563566207886,0.6847874554102259,1785296216.433026
1,8070,0.4657817780971527,0.6847882615156018,1785296216.5174813
1,8071,0.423417866230011,0.6848447712418301,1785296216.604234
1,8072,0.7115354537963867,0.6848641223641224,1785296216.6878493
1,8073,0.5228005647659302,0.6849020190023754,1785296216.7682989
1,8074,0.5221214294433594,0.6849213416444049,1785296216.85219
1,8075,0.5412763357162476,0.6849221068249258,1785296216.9402423
1,8076,0.8278828859329224,0.6849414120439039,1785296217.023679
1,8077,0.5081130862236023,0.6849236358244365,1785296217.1047864
1,8078,0.8185178637504578,0.6849243996442336,1785296217.1902177
1,8079,0.754923403263092,0.6849251630112626,1785296217.2708921
1,8080,0.5247169733047485,0.6849259259259259,1785296217.3576286
1,8081,0.9020720720291138,0.6849452014218009,1785296217.4393892
1,8082,0.636430025100708,0.6849089428486823,1785296217.5206795
1,8083,0.6242657899856567,0.6848912078152753,1785296217.6026971
1,8084,0.5976171493530273,0.6848734832790766,1785296217.6855037
1,8085,0.5389339923858643,0.6848742603550296,1785296217.77169
1,8086,0.4766089618206024,0.6848935226264419,1785296217.855171
1,8087,0.5248751640319824,0.684949733885275,1785296217.9418993
1,8088,0.5883615016937256,0.6849504877327816,1785296218.0235262
1,8089,0.8081835508346558,0.6849143026004728,1785296218.1101117
1,8090,0.6941673755645752,0.6849150664697193,1785296218.1943462
1,8091,0.7253665328025818,0.6848973715298287,1785296218.2751007
1,8092,0.7248556017875671,0.6848981399468557,1785296218.3567593
1,8093,0.4073498249053955,0.6849726977567887,1785296218.4394999
1,8094,0.49055004119873047,0.6849918855119504,1785296218.5198145
1,8095,0.48467451333999634,0.6850110619469026,1785296218.6013582
1,8096,0.6226108074188232,0.6849933647891477,1785296218.6850424
1,8097,0.5419338941574097,0.6850125294811321,1785296218.7714183
1,8098,0.7160016894340515,0.6849948423224286,1785296218.8571517
1,8099,0.8824350833892822,0.6849955804360637,1785296218.9424284
1,8100,0.5961092114448547,0.6849410898379971,1785296219.027746
1,8101,0.6098600625991821,0.6849418433451119,1785296219.1095426
1,8102,0.733169436454773,0.6849425964085958,1785296219.1910717
1,8103,0.8200552463531494,0.6849801353737492,1785296219.2769265
1,8104,0.5334450602531433,0.6849992644895557,1785296219.3581607
1,8105,0.5039629936218262,0.6850551470588235,1785296219.4459863
1,8106,0.6582100987434387,0.6850007350779183,1785296219.531395
1,8107,0.7600906491279602,0.6849830981775427,1785296219.6170304
1,8108,0.4682369828224182,0.6850022039377021,1785296219.699546
1,8109,0.6480405926704407,0.685002937720329,1785296219.7840884
1,8110,0.4087888300418854,0.6850403817914831,1785296219.8648746
1,8111,0.5407752394676208,0.6850227539635937,1785296219.9470978
1,8112,0.5442088842391968,0.68500513648371,1785296220.029273
1,8113,0.7753635048866272,0.6850242077464789,1785296220.1098363
1,8114,0.9257146120071411,0.6850066001760047,1785296220.19411
1,8115,0.8929151892662048,0.6850073313782992,1785296220.2758203
1,8116,0.5072296261787415,0.6849897390794488,1785296220.359416
1,8117,0.7327041625976562,0.6850087924970691,1785296220.4441423
1,8118,0.7643945813179016,0.6850278347494873,1785296220.5307434
1,8119,0.6852603554725647,0.6849736379613357,1785296220.6118028
1,8120,0.5388205647468567,0.6850475841874085,1785296220.6981077
1,8121,0.6456841826438904,0.6850665983606558,1785296220.7820017
1,8122,0.48983269929885864,0.685085601404741,1785296220.8636293
1,8123,0.5802998542785645,0.685122878876536,1785296220.9470773
1,8124,0.6302558183670044,0.6851052939455982,1785296221.0369146
1,8125,0.6652678847312927,0.685124269005848,1785296221.122549
1,8126,0.6646385192871094,0.6851615024846536,1785296221.2068539
1,8127,0.5043448805809021,0.6851804500292227,1785296221.2929182
1,8128,0.6673049330711365,0.685162868828513,1785296221.3749995
1,8129,0.5871139764785767,0.6851635514018691,1785296221.458636
1,8130,0.5562572479248047,0.6851642335766424,1785296221.5408762
1,8131,0.5221743583679199,0.6852196438995913,1785296221.6229854
1,8132,0.7499991059303284,0.685220309308433,1785296221.7049417
1,8133,0.4715476930141449,0.68525743873979,1785296221.78694
1,8134,0.6179990768432617,0.6851851851851852,1785296221.875257
1,8135,0.4225350618362427,0.6852405247813411,1785296221.9588273
1,8136,0.8395630717277527,0.6852411833284756,1785296222.0454297
1,8137,1.1235953569412231,0.6852600524475524,1785296222.127436
1,8138,0.8253296613693237,0.685260704922808,1785296222.2079828
1,8139,0.5808743834495544,0.6852977577169481,1785296222.288698
1,8140,0.617363452911377,0.6852983988355167,1785296222.3693452
1,8141,0.7914584279060364,0.685244470314319,1785296222.450612
1,8142,0.845332682132721,0.6852087576374746,1785296222.535736
1,8143,0.68543940782547,0.6852094240837696,1785296222.6167932
1,8144,0.6650618314743042,0.6852100901424832,1785296222.6981783
1,8145,0.7304292917251587,0.6852289244186046,1785296222.7820325
1,8146,0.5654747486114502,0.6852114210985178,1785296222.865693
1,8147,0.46510353684425354,0.6852120859965136,1785296222.9497886
1,8148,0.45766139030456543,0.6852127505082777,1785296223.0351367
1,8149,0.4382198750972748,0.6852134146341463,1785296223.1190143
1,8150,0.5169861316680908,0.6852322206095791,1785296223.205395
1,8151,0.5142143368721008,0.6852147417295414,1785296223.2863674
1,8152,0.7704477906227112,0.6851610095735422,1785296223.3716784
1,8153,0.5335254073143005,0.6851798143851509,1785296223.4570048
1,8154,0.5090228915214539,0.6851804870977095,1785296223.5399501
1,8155,0.7309033870697021,0.6851630434782608,1785296223.6259236
1,8156,0.6616500616073608,0.6851637206606781,1785296223.70645
1,8157,0.5098958611488342,0.6851643974507532,1785296223.7883973
1,8158,0.6473952531814575,0.6851650738488271,1785296223.8689268
1,8159,0.47900015115737915,0.6851838448176027,1785296223.9494646
1,8160,0.6495919227600098,0.6852026049204052,1785296224.0361278
1,8161,0.5730345249176025,0.6852394386574074,1785296224.1217346
1,8162,0.5853503942489624,0.6852400925658085,1785296224.2029772
1,8163,0.5818666815757751,0.6852407460960093,1785296224.2890594
1,8164,0.8345192670822144,0.6852956056663776,1785296224.3687696
1,8165,0.43936437368392944,0.6853143063583815,1785296224.4525306
1,8166,0.8112863302230835,0.6853149378792257,1785296224.5400038
1,8167,0.5566973090171814,0.6853336221837089,1785296224.6205907
1,8168,0.5483754873275757,0.6853522956973722,1785296224.7013717
1,8169,0.4431675970554352,0.6853529157043879,1785296224.7854965
1,8170,0.614507794380188,0.6854076479076479,1785296224.8698013
1,8171,0.4064459204673767,0.6854443162146566,1785296224.9516025
1,8172,0.4930341839790344,0.6854629362561292,1785296225.037391
1,8173,0.5081213712692261,0.6854815455594002,1785296225.1219556
1,8174,0.8209660649299622,0.6855001441337562,1785296225.2041867
1,8175,0.5033532381057739,0.6855007204610951,1785296225.285139
1,8176,0.6397389769554138,0.6855012964563526,1785296225.368669
1,8177,0.6310030221939087,0.6855558755760369,1785296225.453599
1,8178,0.5290612578392029,0.6856104232651886,1785296225.5430229
1,8179,0.8093904256820679,0.6856109671848014,1785296225.6276507
1,8180,0.750445544719696,0.6856294964028777,1785296225.7159998
1,8181,0.6527560949325562,0.6856300345224395,1785296225.8037422
1,8182,0.7477766275405884,0.6856125970664366,1785296225.8871157
1,8183,0.5568352937698364,0.6856311098332375,1785296225.97038
1,8184,0.7001982927322388,0.6856136820925554,1785296226.0531282
1,8185,0.7235835790634155,0.6856860632183908,1785296226.1367865
1,8186,0.6888822317123413,0.6857045389255961,1785296226.2205324
1,8187,0.677237868309021,0.6856871051120046,1785296226.3018882
1,8188,0.7476854920387268,0.6856517370083262,1785296226.382455
1,8189,0.9344905614852905,0.6856702066590127,1785296226.4638088
1,8190,0.43243321776390076,0.6856886657101865,1785296226.5455613
1,8191,0.5530239343643188,0.6857071141709696,1785296226.626206
1,8192,0.3703455626964569,0.685761399483797,1785296226.7061663
1,8193,0.4905011057853699,0.6857798165137615,1785296226.7872598
1,8194,0.7806669473648071,0.685780309544282,1785296226.8727357
1,8195,1.0383220911026,0.685852435530086,1785296226.9585543
1,8196,0.47995758056640625,0.6858708106559726,1785296227.0391047
1,8197,0.586860716342926,0.6858533791523482,1785296227.1241689
1,8198,0.6372272968292236,0.6858359576295449,1785296227.2082593
1,8199,0.5766622424125671,0.6858185460789925,1785296227.2924223
1,8200,0.4670255482196808,0.6858190271816881,1785296227.3756523
1,8201,0.6449304223060608,0.6858195080091534,1785296227.4559214
1,8202,0.5011172294616699,0.6858021160995139,1785296227.5398078
1,8203,0.48154139518737793,0.6858026014865638,1785296227.6245954
1,8204,0.5318315029144287,0.6857852243498143,1785296227.7046564
1,8205,0.45339953899383545,0.6858392857142858,1785296227.7893076
1,8206,0.49043557047843933,0.6858933161953727,1785296227.8692348
1,8207,0.6908606886863708,0.6858402341519132,1785296227.9563923
1,8208,0.5669493675231934,0.6858228661147587,1785296228.0411777
1,8209,0.4678490161895752,0.6858233447488584,1785296228.122158
1,8210,0.6597804427146912,0.6858416547788873,1785296228.2023063
1,8211,0.5206186175346375,0.6858599543639475,1785296228.2828035
1,8212,0.6193692088127136,0.6859138865126889,1785296228.3692334
1,8213,0.7705440521240234,0.685914338654504,1785296228.4498806
1,8214,0.7266422510147095,0.6858969791963523,1785296228.5326161
1,8215,0.5604277849197388,0.6859330484330485,1785296228.6188574
1,8216,0.5337757468223572,0.6858800911421248,1785296228.7002788
1,8217,0.5078489184379578,0.6858449601366743,1785296228.785082
1,8218,0.6979291439056396,0.6857920580700256,1785296228.8690717
1,8219,0.5217831134796143,0.6857925441092771,1785296228.9536078
1,8220,0.5285113453865051,0.6857752489331437,1785296229.0354214
1,8221,0.6258435249328613,0.6857935153583617,1785296229.1151946
1,8222,0.6124236583709717,0.6857940005686665,1785296229.1971366
1,8223,0.6326139569282532,0.6858122512791359,1785296229.2773924
1,8224,0.6435177326202393,0.6857772094344985,1785296229.3618808
1,8225,0.7651781439781189,0.6857954545454545,1785296229.4457846
1,8226,0.6926771998405457,0.6856894348196535,1785296229.5263078
1,8227,0.5863006114959717,0.6856899488926746,1785296229.6098297
1,8228,0.5847131013870239,0.6856195004257735,1785296229.6896334
1,8229,0.5549877882003784,0.6856200340522134,1785296229.7702804
1,8230,0.7379549145698547,0.6856028368794326,1785296229.851339
1,8231,0.6658141613006592,0.6856033749290982,1785296229.9335208
1,8232,0.7759759426116943,0.6856216331159626,1785296230.0178552
1,8233,0.8375772833824158,0.6856221655328798,1785296230.103662
1,8234,0.4784536361694336,0.6856404080476055,1785296230.183608
1,8235,0.3850371837615967,0.6856940509915014,1785296230.266142
1,8236,0.9157363772392273,0.6856768620787312,1785296230.348585
1,8237,0.6434765458106995,0.6856596828992072,1785296230.4291193
1,8238,0.4852912425994873,0.6856425134446645,1785296230.5144525
1,8239,0.5562688112258911,0.6856253537068477,1785296230.5967655
1,8240,0.42581239342689514,0.6856435643564357,1785296230.6773682
1,8241,0.30500075221061707,0.6856971153846154,1785296230.7601457
1,8242,0.5412393808364868,0.6856976251060221,1785296230.849974
1,8243,0.682681679725647,0.6857334652345958,1785296230.9364588
1,8244,0.8671497106552124,0.6857692851087878,1785296231.018836
1,8245,0.5803635716438293,0.6857874293785311,1785296231.100612
1,8246,0.7149063348770142,0.6857702626376729,1785296231.1826427
1,8247,0.5470744371414185,0.6858060417843026,1785296231.268864
1,8248,0.745592474937439,0.6858241603161163,1785296231.3502436
1,8249,0.7763370275497437,0.6858246331828443,1785296231.430895
1,8250,0.5317153334617615,0.6858074753173484,1785296231.517208
1,8251,0.8172320127487183,0.6858079526226735,1785296231.6012127
1,8252,0.5219112634658813,0.6858612912320271,1785296231.6826353
1,8253,0.7853032350540161,0.68589698421646,1785296231.7634544
1,8254,0.644116222858429,0.6858798253029023,1785296231.8439736
1,8255,0.6328201293945312,0.6858802816901408,1785296231.9253693
1,8256,0.779228687286377,0.6858455364686004,1785296232.0114315
1,8257,0.7041671872138977,0.6858284065315315,1785296232.0973387
1,8258,0.8590247631072998,0.6858640585420771,1785296232.1772091
1,8259,0.7288393378257751,0.6858996904895892,1785296232.259145
1,8260,0.5979666709899902,0.6858649789029536,1785296232.3407443
1,8261,0.6438818573951721,0.6858654386951631,1785296232.427582
1,8262,0.5710216164588928,0.6859010402024178,1785296232.512268
1,8263,0.8311382532119751,0.6858663575042159,1785296232.6032271
1,8264,0.5359336137771606,0.6858492554088227,1785296232.6981575
1,8265,0.7600759267807007,0.6858321629213483,1785296232.7942111
1,8266,0.9944453239440918,0.6858852850322943,1785296232.896484
1,8267,0.6872162818908691,0.6858506457046603,1785296232.9861054
1,8268,0.6071378588676453,0.6857809430255403,1785296233.069848
1,8269,0.3875974118709564,0.6858164983164983,1785296233.1570847
1,8270,0.5555382966995239,0.6857994389901824,1785296233.2442722
1,8271,0.6031235456466675,0.6857298093101515,1785296233.3258479
1,8272,0.5167672038078308,0.6856777403980936,1785296233.4140463
1,8273,0.5782142281532288,0.6856782511210763,1785296233.496895
1,8274,0.6871294379234314,0.6856612496497618,1785296233.5774875
1,8275,0.4486550986766815,0.6856792717086835,1785296233.6570458
1,8276,0.47182753682136536,0.6856972836740409,1785296233.7382512
1,8277,0.8727442026138306,0.6856627939529675,1785296233.8197486
1,8278,0.6908413171768188,0.6856458158410299,1785296233.9040387
1,8279,0.5598955154418945,0.6856463346390599,1785296233.9858654
1,8280,0.6034672260284424,0.6856293706293707,1785296234.068562
1,8281,0.4704168438911438,0.6856648489932886,1785296234.1537764
1,8282,0.6285662055015564,0.6857003075202683,1785296234.2440076
1,8283,0.5288010835647583,0.6856658747903857,1785296234.3313456
1,8284,0.6697678565979004,0.6856139983235541,1785296234.4108465
1,8285,0.7336682081222534,0.6856319832402235,1785296234.4968753
1,8286,0.7690393924713135,0.685615051661547,1785296234.5787098
1,8287,0.6618208885192871,0.6856330262423227,1785296234.6623409
1,8288,0.49176567792892456,0.6856684342729557,1785296234.7437356
1,8289,0.47813886404037476,0.6856166294642857,1785296234.823604
1,8290,0.6623396873474121,0.6856171548117155,1785296234.907962
1,8291,0.6570093631744385,0.685547964305633,1785296234.9956968
1,8292,0.3933505117893219,0.685583356565375,1785296235.0782838
1,8293,0.5654221773147583,0.6856013099219621,1785296235.162405
1,8294,0.47370368242263794,0.6856192532738925,1785296235.2434363
1,8295,0.7150667905807495,0.6856023676880223,1785296235.3243914
1,8296,0.4788103997707367,0.6855854915065441,1785296235.4135785
1,8297,0.8123788833618164,0.6856034242761693,1785296235.4970353
1,8298,0.5896890759468079,0.68560395212914,1785296235.5847664
1,8299,0.5150583386421204,0.6856392598775737,1785296235.6732717
1,8300,0.7279993295669556,0.6856050069541029,1785296235.7572534
1,8301,0.716753363609314,0.6856402947719689,1785296235.840664
1,8302,0.5354346632957458,0.6856581873783708,1785296235.9286563
1,8303,0.4226338863372803,0.6857108115619789,1785296236.0093305
1,8304,0.6106400489807129,0.6856939427618783,1785296236.0958397
1,8305,0.5868526697158813,0.6856770833333333,1785296236.1814222
1,8306,0.6130044460296631,0.685642876978617,1785296236.2670217
1,8307,0.45289015769958496,0.6856260410882843,1785296236.3481104
1,8308,0.6585749983787537,0.6856439078545656,1785296236.433389
1,8309,0.27758798003196716,0.685696448390677,1785296236.5181396
1,8310,0.6538787484169006,0.6856796116504854,1785296236.5982306
1,8311,0.6428911685943604,0.6856974486966168,1785296236.683518
1,8312,0.5862126350402832,0.6857499306903244,1785296236.7632272
1,8313,0.7754012942314148,0.6857330931263859,1785296236.8448339
1,8314,0.556220293045044,0.6856989470767526,1785296236.9323363
1,8315,0.7432076930999756,0.6857167590027701,1785296237.0173364
1,8316,0.6947997808456421,0.6857172528385489,1785296237.096864
1,8317,0.6839517951011658,0.6857177464008859,1785296237.1782806
1,8318,0.5279070138931274,0.6857528369775809,1785296237.2640388
1,8319,0.48459795117378235,0.6857360265633647,1785296237.3487122
1,8320,0.6193770170211792,0.6857192254495159,1785296237.4295888
1,8321,0.5714275240898132,0.685719717920354,1785296237.5131981
1,8322,0.5691733956336975,0.6857202101188831,1785296237.5941916
1,8323,0.5891033411026001,0.6857552515201769,1785296237.6788385
1,8324,0.5211784839630127,0.685790273556231,1785296237.759736
1,8325,0.6611048579216003,0.685825276243094,1785296237.8443127
1,8326,0.6533368229866028,0.6858084783209059,1785296237.9256942
1,8327,0.49469754099845886,0.685826200993926,1785296238.0112767
1,8328,0.5565510392189026,0.6858611647805686,1785296238.0944505
1,8329,0.6798639297485352,0.6858443708609272,1785296238.181363
1,8330,0.6090749502182007,0.6858275862068965,1785296238.2645397
1,8331,0.7113906145095825,0.6858280474351903,1785296238.3473144
1,8332,0.7839791178703308,0.6857595809208712,1785296238.431531
1,8333,0.5768791437149048,0.6857600606394708,1785296238.5193713
1,8334,0.6518468856811523,0.6857777624689997,1785296238.612695
1,8335,0.9355090856552124,0.6857093663911846,1785296238.6972187
1,8336,0.595802903175354,0.6856754337648031,1785296238.778197
1,8337,0.6501615047454834,0.6856931442731278,1785296238.8599224
1,8338,0.5525232553482056,0.6857108450316542,1785296238.944342
1,8339,0.641140341758728,0.6856941386901486,1785296239.0287547
1,8340,0.6326763033866882,0.6856946354883081,1785296239.115313
1,8341,0.5777996778488159,0.6857123212321232,1785296239.2026243
1,8342,0.7305760979652405,0.6857128127577674,1785296239.2827902
1,8343,0.571962296962738,0.6856961242440902,1785296239.3639035
1,8344,0.5206319093704224,0.685713794998626,1785296239.4493363
1,8345,0.635828971862793,0.685679945054945,1785296239.534956
1,8346,0.9659327268600464,0.6856976105465531,1785296239.6184475
1,8347,0.6421453952789307,0.6857152663371774,1785296239.7038019
1,8348,0.7555446624755859,0.6857157562448531,1785296239.7851062
1,8349,0.6051374673843384,0.6857505488474204,1785296239.868539
1,8350,0.655474066734314,0.6857167352537723,1785296239.9492059
1,8351,0.5642275810241699,0.6856486560614372,1785296240.0335522
1,8352,0.5480823516845703,0.6856148889498218,1785296240.1142316
1,8353,0.5368731021881104,0.6855640076754386,1785296240.1952589
1,8354,0.741532564163208,0.6855474102493834,1785296240.2770529
1,8355,0.7384501695632935,0.6854965753424658,1785296240.3578541
1,8356,0.5868868827819824,0.6854800054779513,1785296240.440972
1,8357,0.6138912439346313,0.6854976725082147,1785296240.522439
1,8358,0.48984020948410034,0.6855495483164522,1785296240.6033316
1,8359,0.7774298191070557,0.6855500821018062,1785296240.6833785
1,8360,0.49006548523902893,0.6855677154582763,1785296240.7655373
1,8361,0.45454245805740356,0.6855340536105032,1785296240.8465536
1,8362,0.448343425989151,0.6855516817063166,1785296240.926592
1,8363,0.614373505115509,0.6855009568069984,1785296241.0088189
1,8364,0.5295212268829346,0.6855015031429352,1785296241.0934339
1,8365,0.5995392799377441,0.6854337431693989,1785296241.178796
1,8366,1.0272605419158936,0.6854172357279432,1785296241.2654562
1,8367,0.6487171053886414,0.6853836701256144,1785296241.345912
1,8368,0.4451295733451843,0.6854183729183729,1785296241.4264376
1,8369,0.3784863352775574,0.685435998908297,1785296241.5070648
1,8370,0.6659844517707825,0.6854195088676671,1785296241.5878344
1,8371,0.6831990480422974,0.6853518821603928,1785296241.6689823
1,8372,0.4864746630191803,0.6853354240523589,1785296241.7528484
1,8373,0.733393669128418,0.6853530534351145,1785296241.8351622
1,8374,0.5502045154571533,0.6853366039792859,1785296241.9152682
1,8375,0.4706891179084778,0.6853371934604905,1785296242.00233
1,8376,0.4127286374568939,0.6853548079542359,1785296242.0858722
1,8377,0.7468562126159668,0.685338371459695,1785296242.1663578
1,8378,0.46550634503364563,0.6854240402940376,1785296242.2454114
1,8379,0.5521836280822754,0.6854416167664671,1785296242.3250759
1,8380,0.545535683631897,0.6854081632653061,1785296242.4095244
1,8381,0.47358524799346924,0.6854767410228509,1785296242.4894
1,8382,0.6799894571304321,0.6854772912700571,1785296242.5736659
1,8383,0.5509258508682251,0.685494834148994,1785296242.6532617
1,8384,0.6255469918251038,0.6854953791791247,1785296242.7376344
1,8385,0.647364616394043,0.6855129076086957,1785296242.818578
1,8386,0.4782157242298126,0.6854625101874491,1785296242.8989384
1,8387,0.5426265001296997,0.6854970124932103,1785296242.9793901
1,8388,0.5988901853561401,0.6854636166168884,1785296243.0616422
1,8389,0.6813854575157166,0.6854472041259501,1785296243.1465933
1,8390,0.6827300786972046,0.6854647218453188,1785296243.232076
1,8391,0.5323082804679871,0.6854652740097666,1785296243.321433
1,8392,0.3770545721054077,0.6855336316788717,1785296243.4026082
1,8393,0.9530368447303772,0.6855511117136659,1785296243.4858916
1,8394,0.6155117750167847,0.6855855245323936,1785296243.5656867
1,8395,0.5364724397659302,0.685619918699187,1785296243.6484985
1,8396,0.5873628258705139,0.6856204280682742,1785296243.7342641
1,8397,0.5078205466270447,0.6856378656554712,1785296243.8148634
1,8398,0.7969428896903992,0.6856722177091795,1785296243.897686
1,8399,0.7059226036071777,0.6857065511640498,1785296243.9814582
1,8400,0.6043660044670105,0.685723951285521,1785296244.0616307
1,8401,0.6537984609603882,0.6857244318181818,1785296244.1422749
1,8402,0.9966809749603271,0.6857249120908845,1785296244.2239897
1,8403,0.6365776062011719,0.6857084910762574,1785296244.3047237
1,8404,0.4967002868652344,0.6857596647742633,1785296244.3847835
1,8405,0.6163816452026367,0.685777027027027,1785296244.4657092
1,8406,0.5009380578994751,0.6857774925695758,1785296244.5465512
1,8407,0.46564218401908875,0.6858117233927606,1785296244.627518
1,8408,0.49535319209098816,0.6858290575209289,1785296244.715085
1,8409,0.922299861907959,0.6857788876889849,1785296244.8003473
1,8410,0.5800974369049072,0.6858130904183536,1785296244.8846092
1,8411,0.4800753593444824,0.6858472746896924,1785296244.9696448
1,8412,0.44221505522727966,0.6858645805233342,1785296245.0502503
1,8413,0.6006584763526917,0.685814455231931,1785296245.1353712
1,8414,0.836661696434021,0.6858317605823672,1785296245.2155647
1,8415,0.7102391123771667,0.6858659029649595,1785296245.2977529
1,8416,0.6600068807601929,0.6858158178388575,1785296245.383117
1,8417,0.4569361209869385,0.6857825969827587,1785296245.4666991
1,8418,0.5625626444816589,0.6857998922704013,1785296245.5499609
1,8419,0.5789492726325989,0.6858508346795907,1785296245.6339018
1,8420,0.5133423209190369,0.6858176312247645,1785296245.7154143
1,8421,0.5602982640266418,0.6858349031216362,1785296245.7961497
1,8422,0.5961901545524597,0.685852165725047,1785296245.8767002
1,8423,0.6157428622245789,0.685852608929532,1785296245.9613204
1,8424,0.4692361652851105,0.6858362463027695,1785296246.0430725
1,8425,0.6777269840240479,0.685853494623656,1785296246.1275136
1,8426,0.4969947636127472,0.6858371405536147,1785296246.2124538
1,8427,0.46426141262054443,0.6858879634605051,1785296246.2965662
1,8428,0.6848165392875671,0.6858716089175396,1785296246.3774416
1,8429,0.6713430881500244,0.6858384801288937,1785296246.4647176
1,8430,0.7811509370803833,0.6857885906040269,1785296246.5484896
1,8431,0.7350600957870483,0.6858058239398819,1785296246.631687
1,8432,0.7807334065437317,0.6857895089884626,1785296246.7173336
1,8433,0.7862632274627686,0.6858234978540773,1785296246.801774
1,8434,0.44046735763549805,0.6858574684902119,1785296246.882244
1,8435,0.49137020111083984,0.6858914209115281,1785296246.966733
1,8436,0.6754757165908813,0.6858918520503886,1785296247.0521102
1,8437,0.6039619445800781,0.6858587888531619,1785296247.1323454
1,8438,0.9223178625106812,0.6858759710688455,1785296247.2132454
1,8439,0.41330045461654663,0.6859266202463846,1785296247.2939513
1,8440,0.7807874083518982,0.6859605087014725,1785296247.375712
1,8441,0.533576250076294,0.6859776498929336,1785296247.4569926
1,8442,0.7569878101348877,0.685978057265186,1785296247.538707
1,8443,0.6649735569953918,0.6859617442482611,1785296247.6231694
1,8444,0.6289557218551636,0.6859788713559776,1785296247.7043426
1,8445,0.5406501889228821,0.6859792780748664,1785296247.7851403
1,8446,0.5785495042800903,0.685912857524726,1785296247.8669152
1,8447,0.5935478210449219,0.6859633885622661,1785296247.9482381
1,8448,0.6522504091262817,0.6858970077477959,1785296248.0321164
1,8449,0.5067306160926819,0.6859642094017094,1785296248.117803
1,8450,0.6496936678886414,0.6859312416555408,1785296248.1992302
1,8451,0.5795896649360657,0.6859316604378003,1785296248.286217
1,8452,0.622298002243042,0.6859320789965305,1785296248.3673196
1,8453,0.5391607284545898,0.6859324973319103,1785296248.4485242
1,8454,0.43974998593330383,0.6859662576687117,1785296248.5290258
1,8455,0.6741408109664917,0.6859666666666666,1785296248.6108165
1,8456,0.6716315746307373,0.6859337509997334,1785296248.6953855
1,8457,0.44966697692871094,0.6859508262260128,1785296248.7757359
1,8458,0.5670257210731506,0.685884625632827,1785296248.8557036
1,8459,0.6527786254882812,0.685851758124667,1785296248.9362028
1,8460,0.4943532645702362,0.6858854860186419,1785296249.017616
1,8461,0.5118328928947449,0.6859191959531417,1785296249.0984657
1,8462,0.5476477146148682,0.6859362523289859,1785296249.1816044
1,8463,0.7560851573944092,0.6859200372538584,1785296249.2623832
1,8464,0.6622653603553772,0.6858872040436286,1785296249.3464446
1,8465,0.5403324365615845,0.6858876329787233,1785296249.4304252
1,8466,0.5317164063453674,0.6858880616857219,1785296249.5105321
1,8467,0.5184313654899597,0.6859217171717171,1785296249.596629
1,8468,0.5448232889175415,0.6859055275046505,1785296249.6784604
1,8469,0.6323652267456055,0.6858395324123273,1785296249.763131
1,8470,0.7051123380661011,0.685839973439575,1785296249.8432863
1,8471,0.7344900369644165,0.6858404142326076,1785296249.9241207
1,8472,0.42360931634902954,0.6859072205999469,1785296250.003969
1,8473,0.41632094979286194,0.6858910562632696,1785296250.0853047
1,8474,0.538480281829834,0.6858583178561953,1785296250.1716974
1,8475,0.6035001873970032,0.685842175066313,1785296250.2517645
1,8476,1.0268197059631348,0.685826040837974,1785296250.336035
1,8477,0.7150354385375977,0.6858099151643691,1785296250.4171164
1,8478,0.7056460976600647,0.6857606679035251,1785296250.497267
1,8479,0.41577035188674927,0.6857942501324854,1785296250.577278
1,8480,1.124583125114441,0.6858278145695365,1785296250.6624353
1,8481,0.3467642664909363,0.6858613612288136,1785296250.7433293
1,8482,0.6089610457420349,0.685828700026476,1785296250.8239636
1,8483,0.5556997656822205,0.6858456855479089,1785296250.904614
1,8484,0.43771061301231384,0.6858792008467849,1785296250.987565
1,8485,0.7483828663825989,0.6859126984126984,1785296251.067593
1,8486,0.49205073714256287,0.6859461782597196,1785296251.1502175
1,8487,0.6551223397254944,0.6859465891062929,1785296251.2310195
1,8488,0.6157299876213074,0.6859469997356595,1785296251.314097
1,8489,0.4938678443431854,0.6859308932346723,1785296251.3950427
1,8490,0.8014764785766602,0.6859643328929986,1785296251.4783854
1,8491,0.5358905792236328,0.6859482303222398,1785296251.557765
1,8492,0.7936051487922668,0.6859486400844996,1785296251.64174
1,8493,0.5754045248031616,0.6859325501583949,1785296251.7279632
1,8494,0.8486708998680115,0.6858669833729216,1785296251.808701
1,8495,0.5443838834762573,0.6858509234828496,1785296251.8930428
1,8496,0.7351891994476318,0.685834872065418,1785296251.9733183
1,8497,0.45911186933517456,0.6858517932489452,1785296252.0536551
1,8498,0.4946117699146271,0.6858522277880306,1785296252.137798
1,8499,0.9766001105308533,0.6858691354770691,1785296252.218982
1,8500,0.6764322519302368,0.6858695652173913,1785296252.3038504
1,8501,0.45237529277801514,0.6859193888303478,1785296252.385097
1,8502,0.5669463872909546,0.6859362654727417,1785296252.465649
1,8503,0.42298266291618347,0.6859531332280148,1785296252.548421
1,8504,0.9166082143783569,0.6859535404053698,1785296252.6350443
1,8505,0.47179633378982544,0.685921052631579,1785296252.7164829
1,8506,0.5311030149459839,0.6858721389108129,1785296252.7975454
1,8507,0.9949923753738403,0.6858890057864282,1785296252.882815
1,8508,0.5145899057388306,0.6858729950039443,1785296252.9635246
1,8509,0.3128552734851837,0.685922712933754,1785296253.0493455
1,8510,0.8737080097198486,0.6859724047306176,1785296253.1297283
1,8511,0.4287967383861542,0.6859892275354703,1785296253.21502
1,8512,0.47660455107688904,0.6859896243761492,1785296253.2964644
1,8513,0.6210557818412781,0.6860064338235294,1785296253.3806765
1,8514,0.7189531922340393,0.6860068259385665,1785296253.464328
1,8515,0.4997924864292145,0.6860400262467191,1785296253.549596
1,8516,0.719342827796936,0.6860076095512989,1785296253.6302085
1,8517,0.5173066258430481,0.6860080010493179,1785296253.7111654
1,8518,0.5705665946006775,0.686008392341988,1785296253.7958238
1,8519,0.7525309324264526,0.6859760094389092,1785296253.8809814
1,8520,0.6626766324043274,0.6859272608125819,1785296253.9627676
1,8521,0.7596974968910217,0.6858949161425576,1785296254.0486853
1,8522,0.5231888294219971,0.6858953366518208,1785296254.1336248
1,8523,0.6584262847900391,0.6858630172865374,1785296254.2191896
1,8524,0.7808883190155029,0.6859125425504059,1785296254.3004236
1,8525,0.4313855469226837,0.6859620418848168,1785296254.381133
1,8526,0.7327728271484375,0.6859297304370584,1785296254.4634612
1,8527,0.7166121006011963,0.6858974358974359,1785296254.5452347
1,8528,0.5111961364746094,0.6858978550876276,1785296254.6258025
1,8529,0.7863290905952454,0.685881929916318,1785296254.7059236
1,8530,0.49616119265556335,0.6859150326797385,1785296254.7865603
1,8531,0.6626056432723999,0.6858991113434396,1785296254.8670976
1,8532,0.6484236717224121,0.6858668669976483,1785296254.951445
1,8533,0.6361370086669922,0.6858672936259144,1785296255.037952
1,8534,0.7829522490501404,0.6858513972316532,1785296255.1186545
1,8535,1.117394208908081,0.6857865535248042,1785296255.2038174
1,8536,0.8452392816543579,0.6858033150613417,1785296255.2879367
1,8537,0.7369067668914795,0.6858200678496869,1785296255.3690243
1,8538,0.6918450593948364,0.6858368118966867,1785296255.4554238
1,8539,0.7196530103683472,0.6858046426708398,1785296255.5356832
1,8540,0.8324030637741089,0.6858050847457627,1785296255.6221514
1,8541,0.561724066734314,0.6857729405630866,1785296255.7019455
1,8542,0.7704601883888245,0.6857896794370602,1785296255.7884128
1,8543,0.7461568713188171,0.6858064095883273,1785296255.8698223
1,8544,0.4826545715332031,0.6858068507423808,1785296255.9507446
1,8545,0.6615326404571533,0.6857747395833333,1785296256.032195
1,8546,0.31946346163749695,0.6858402759697996,1785296256.116875
1,8547,0.5562608242034912,0.6858244403956273,1785296256.2018704
1,8548,0.7234014272689819,0.6858086130627115,1785296256.2830741
1,8549,0.801025390625,0.6858090530697191,1785296256.3658679
1,8550,0.5087357759475708,0.6858257477243173,1785296256.446584
1,8551,0.825258195400238,0.6858749349973999,1785296256.5266607
1,8552,0.5734476447105408,0.68590785027294,1785296256.6082187
1,8553,0.57185298204422,0.685908264033264,1785296256.6897283
1,8554,0.6577731966972351,0.6858924395946999,1785296256.7735214
1,8555,0.4611787497997284,0.6859253246753246,1785296256.85666
1,8556,0.8605877161026001,0.6859419631264606,1785296256.936924
1,8557,0.6632230877876282,0.6859585929387332,1785296257.0224686
1,8558,0.47463491559028625,0.6859914352452634,1785296257.1041327
1,8559,0.7391543388366699,0.6859918266735859,1785296257.1850998
1,8560,0.633307158946991,0.6859922178988327,1785296257.2699203
1,8561,0.6459184288978577,0.6860088174273858,1785296257.3515973
1,8562,0.8086510300636292,0.6860416126523204,1785296257.4317794
1,8563,0.6423007845878601,0.6860581907724209,1785296257.5149348
1,8564,0.48760223388671875,0.686090956206271,1785296257.599779
1,8565,0.6580072641372681,0.6860751295336788,1785296257.680752
1,8566,0.5828737020492554,0.6860916860916861,1785296257.7642007
1,8567,0.8661128282546997,0.6861244174003107,1785296257.8484938
1,8568,0.5756096839904785,0.6861894900336526,1785296257.9288516
1,8569,0.5600224733352661,0.6862060041407867,1785296258.0096533
1,8570,0.4860324263572693,0.686254851228978,1785296258.095255
1,8571,0.9323502779006958,0.6862875064666322,1785296258.1791687
1,8572,0.5837031006813049,0.686303982415309,1785296258.2631798
1,8573,0.4622969627380371,0.686320449844881,1785296258.347524
1,8574,0.8454437255859375,0.6863046006720083,1785296258.4299138
1,8575,0.6413497924804688,0.6863210594315245,1785296258.5152812
1,8576,0.8892402052879333,0.6863052182898476,1785296258.596227
1,8577,0.5793706178665161,0.6862409607438017,1785296258.6783638
1,8578,0.665074348449707,0.6862735605473793,1785296258.7634525
1,8579,0.6488933563232422,0.6862577439339185,1785296258.8454726
1,8580,0.8335102200508118,0.6862741935483871,1785296258.9257889
1,8581,0.6395355463027954,0.6862906346749226,1785296259.0096831
1,8582,0.6074175238609314,0.6863231880319834,1785296259.0948794
1,8583,0.8540303707122803,0.6863073749355337,1785296259.179089
1,8584,0.6996787190437317,0.6863076823923692,1785296259.2605393
1,8585,0.46545174717903137,0.686291881443299,1785296259.342423
1,8586,0.633108377456665,0.6863082968307137,1785296259.4271657
1,8587,0.6006900072097778,0.6862925038639877,1785296259.5089123
1,8588,0.5732244253158569,0.6862928148338914,1785296259.5893002
1,8589,0.5132697224617004,0.6863092173017508,1785296259.6692135
1,8590,0.5268800854682922,0.6863256113256113,1785296259.7552092
1,8591,0.4639938771724701,0.6863259135357694,1785296259.8420074
1,8592,0.5614710450172424,0.686342294828917,1785296259.9221787
1,8593,0.8380552530288696,0.6863747427983539,1785296260.003079
1,8594,0.6649836301803589,0.6863589611725379,1785296260.087721
1,8595,0.4963371455669403,0.6863592544987146,1785296260.17168
1,8596,0.7161005735397339,0.6863113595476741,1785296260.2529566
1,8597,0.4418388605117798,0.6863277235354573,1785296260.332544
1,8598,0.4300873279571533,0.6863601335730799,1785296260.415186
1,8599,0.6889789700508118,0.6863283256291731,1785296260.498755
1,8600,0.7369166016578674,0.6863125802310654,1785296260.5843322
1,8601,0.42807456851005554,0.6862968429158111,1785296260.6721392
1,8602,0.7392528653144836,0.6862811136771876,1785296260.7550125
1,8603,0.8541370034217834,0.6862493586454592,1785296260.837918
1,8604,0.6923319697380066,0.6862015901513209,1785296260.9256086
1,8605,0.5830605030059814,0.6862179487179487,1785296261.0106592
1,8606,0.4700162410736084,0.6862342988977186,1785296261.0971267
1,8607,0.531010091304779,0.6862186058431573,1785296261.1791623
1,8608,0.40843015909194946,0.6862669741224698,1785296261.2596412
1,8609,0.6921731233596802,0.6862672899590164,1785296261.3401477
1,8610,0.7519709467887878,0.6862676056338028,1785296261.4251063
1,8611,0.5668510794639587,0.6862679211469535,1785296261.505949
1,8612,0.6657923460006714,0.686284233427182,1785296261.586829
1,8613,0.44542428851127625,0.6863485158648925,1785296261.6672766
1,8614,0.3646981418132782,0.6864127654131491,1785296261.7522795
1,8615,0.594010591506958,0.6864130434782608,1785296261.8319051
1,8616,0.7758194208145142,0.6864452825364357,1785296261.9167972
1,8617,0.3863735795021057,0.6864615286298569,1785296262.0024967
1,8618,0.7192975282669067,0.6864617940199336,1785296262.0826886
1,8619,0.5372737050056458,0.6864939959121104,1785296262.1632648
1,8620,0.633542537689209,0.6865102171136654,1785296262.2468233
1,8621,0.4247700572013855,0.6864945097037793,1785296262.3301833
1,8622,0.7017872929573059,0.6865107224917029,1785296262.4112911
1,8623,0.45831212401390076,0.6865588310362429,1785296262.491576
1,8624,0.9864817261695862,0.6865590711916305,1785296262.5756328
1,8625,0.5393629670143127,0.6865752551020409,1785296262.6563833
1,8626,0.6133464574813843,0.6865595511349145,1785296262.7418842
1,8627,0.63396155834198,0.6865597909229985,1785296262.8234227
1,8628,0.7052747011184692,0.6865440989039001,1785296262.9040415
1,8629,0.4631812870502472,0.6865761977573904,1785296262.9837499
1,8630,0.6506213545799255,0.686624203821656,1785296263.0675645
1,8631,0.7252147197723389,0.6866244268976057,1785296263.1483886
1,8632,0.5744675397872925,0.6865928189457601,1785296263.234581
1,8633,0.6625462174415588,0.6865771384928717,1785296263.3185296
1,8634,0.5477011203765869,0.6865773733774497,1785296263.3984516
1,8635,0.48173266649246216,0.6865617048346055,1785296263.483066
1,8636,0.5139667391777039,0.6865937420503688,1785296263.5630214
1,8637,0.6493729948997498,0.6866257629704985,1785296263.643371
1,8638,0.5900373458862305,0.6865783117213323,1785296263.7268207
1,8639,0.7839286923408508,0.6865467717336045,1785296263.8066776
1,8640,0.7726397514343262,0.686515247776366,1785296263.8897371
1,8641,0.5927877426147461,0.6865313770325203,1785296263.9703174
1,8642,0.49872374534606934,0.686499872999746,1785296264.053158
1,8643,0.6182767152786255,0.6864842559674962,1785296264.1347506
1,8644,0.5901704430580139,0.686484513835999,1785296264.2226183
1,8645,0.8215229511260986,0.6865323604060913,1785296264.3042798
1,8646,0.640967607498169,0.6865167470185232,1785296264.3887582
1,8647,0.6086851358413696,0.6864694317605277,1785296264.468802
1,8648,0.6523756980895996,0.6864855440020289,1785296264.5504286
1,8649,0.6479372978210449,0.6864699543610547,1785296264.634676
1,8650,0.34390541911125183,0.6865177439797212,1785296264.7149506
1,8651,0.6920088529586792,0.6865655093765839,1785296264.7993598
1,8652,0.6916562914848328,0.6865815809475551,1785296264.8798523
1,8653,0.4812435209751129,0.6865659827760892,1785296264.9649081
1,8654,0.5961325764656067,0.6865820460876171,1785296265.0456226
1,8655,0.6808056831359863,0.6865822784810126,1785296265.1306522
1,8656,0.6167532205581665,0.6865666919767147,1785296265.2117941
1,8657,0.6469225287437439,0.6865669281376519,1785296265.2977083
1,8658,0.5740071535110474,0.6865671641791045,1785296265.3777184
1,8659,0.466577410697937,0.6865832068791098,1785296265.4585023
1,8660,0.5760034322738647,0.6865992414664981,1785296265.5427651
1,8661,0.6159380674362183,0.6865678715874621,1785296265.6265726
1,8662,0.43683692812919617,0.6866154915339904,1785296265.7075274
1,8663,0.5917527079582214,0.6865683425972714,1785296265.787315
1,8664,0.5979305505752563,0.6865843647385703,1785296265.8717065
1,8665,0.5420413017272949,0.686584595959596,1785296265.9520962
1,8666,0.4512670934200287,0.6866163847513255,1785296266.0342226
1,8667,0.46822112798690796,0.6866166077738516,1785296266.1150086
1,8668,0.6447353363037109,0.6866010598031794,1785296266.195037
1,8669,0.6393927335739136,0.6866012865792129,1785296266.2789464
1,8670,0.5193806886672974,0.6865699873896596,1785296266.3636463
1,8671,0.703827440738678,0.6866174987392839,1785296266.449771
1,8672,0.6265161037445068,0.6866334761784724,1785296266.5307639
1,8673,0.6337648630142212,0.686554939516129,1785296266.6117332
1,8674,0.3556840717792511,0.6866181657848325,1785296266.6929142
1,8675,0.5324919819831848,0.6866656171284635,1785296266.7779958
1,8676,0.7663522958755493,0.6866028708133971,1785296266.862983
1,8677,0.8809911608695984,0.6866030966767371,1785296266.9473443
1,8678,0.9690243005752563,0.686603322426378,1785296267.0262787
1,8679,0.660216212272644,0.6865878208354304,1785296267.1066499
1,8680,0.4404086470603943,0.6866509433962265,1785296267.1907043
1,8681,0.5617206692695618,0.6866668762575453,1785296267.2772563
1,8682,0.8083670139312744,0.6866828011063616,1785296267.3592453
1,8683,0.7248884439468384,0.6866672951231775,1785296267.4433126
1,8684,0.6489598155021667,0.686651796933903,1785296267.5250866
1,8685,0.6544345617294312,0.6866206030150753,1785296267.6104815
1,8686,0.6884520053863525,0.6866051243406179,1785296267.6905344
1,8687,0.6184141635894775,0.6866053490708187,1785296267.771399
1,8688,0.7083085179328918,0.6865584986191313,1785296267.8538423
1,8689,0.6496955752372742,0.686543047188755,1785296267.9349895
1,8690,0.5288735628128052,0.6865589711417817,1785296268.019476
1,8691,0.6904405355453491,0.68654352734571,1785296268.1039
1,8692,0.38814273476600647,0.6865751191371959,1785296268.188964
1,8693,0.82914799451828,0.6866066950852557,1785296268.2746718
1,8694,0.6346055865287781,0.6865912509400852,1785296268.3563988
1,8695,0.5603854656219482,0.6865601503759399,1785296268.436752
1,8696,0.6744464039802551,0.6865603858682034,1785296268.5215795
1,8697,0.43832069635391235,0.686560621242485,1785296268.6032543
1,8698,0.6417370438575745,0.686560856498873,1785296268.6882644
1,8699,0.5347306728363037,0.6865454431647471,1785296268.7694428
1,8700,0.6581218838691711,0.6865613266583229,1785296268.8537762
1,8701,0.6272467970848083,0.6865459209209209,1785296268.9377742
1,8702,0.4550926387310028,0.6865774330748061,1785296269.0175056
1,8703,0.5523078441619873,0.6866245622811405,1785296269.1010273
1,8704,0.7565925121307373,0.6865622655663915,1785296269.1826246
1,8705,0.5965240001678467,0.686578125,1785296269.2676167
1,8706,0.5971453189849854,0.6866095976005998,1785296269.3482938
1,8707,0.5025092959403992,0.6866254372813593,1785296269.4326224
1,8708,0.4744238257408142,0.6866412690482139,1785296269.5125685
1,8709,0.5265924334526062,0.6866102647352648,1785296269.5942316
1,8710,0.5176340937614441,0.6865948813982522,1785296269.6791744
1,8711,0.5002793669700623,0.6866107089365951,1785296269.7610507
1,8712,0.7327109575271606,0.6865329423508859,1785296269.8413763
1,8713,0.6173731684684753,0.686564371257485,1785296269.9222646
1,8714,0.7440256476402283,0.686549014716887,1785296270.0081868
1,8715,0.6431890726089478,0.6865180798004987,1785296270.09373
1,8716,0.7028471231460571,0.6865339067564199,1785296270.1742694
1,8717,0.750863254070282,0.6864874127617149,1785296270.2583907
1,8718,0.6176491379737854,0.6864876650884625,1785296270.338361
1,8719,0.5583356022834778,0.6864412057797707,1785296270.4186883
1,8720,0.5219388604164124,0.686472602739726,1785296270.49934
1,8721,0.6138790845870972,0.686503984063745,1785296270.5815754
1,8722,0.613359808921814,0.6864886731391586,1785296270.6636357
1,8723,0.6580594778060913,0.6865200348432056,1785296270.7448473
1,8724,0.7759162187576294,0.6865047275441652,1785296270.8249953
1,8725,0.6418355107307434,0.686473880597015,1785296270.9053335
1,8726,0.5574786067008972,0.6864896791842825,1785296270.9856763
1,8727,0.8094316124916077,0.6864743908503232,1785296271.0657513
1,8728,0.4956361651420593,0.6865057171265225,1785296271.1497214
1,8729,0.531682014465332,0.686537027833002,1785296271.2304416
1,8730,0.4233127534389496,0.6865527950310559,1785296271.313161
1,8731,0.5815147161483765,0.6865530303030303,1785296271.4009125
1,8732,0.5585325956344604,0.6865377452197666,1785296271.4899566
1,8733,0.5251560211181641,0.6865379841112215,1785296271.5775394
1,8734,0.8170195817947388,0.686553735418218,1785296271.6605453
1,8735,0.6074014902114868,0.6865539702233251,1785296271.7440634
1,8736,0.6217382550239563,0.686523195236914,1785296271.8262112
1,8737,0.547090470790863,0.686554439484127,1785296271.907638
1,8738,0.703353762626648,0.6865391767914704,1785296271.9931834
1,8739,0.6080774664878845,0.6865394149727317,1785296272.0779507
1,8740,0.5917177796363831,0.6865241635687732,1785296272.1590679
1,8741,0.7959886789321899,0.6864934340931615,1785296272.2463012
1,8742,0.6296374797821045,0.6864782016348774,1785296272.326161
1,8743,0.6820045113563538,0.6864320208023774,1785296272.409853
1,8744,0.7025796175003052,0.6864322852191136,1785296272.4949074
1,8745,0.8090541958808899,0.6864170792079208,1785296272.580716
1,8746,0.46134066581726074,0.6864328136599851,1785296272.662208
1,8747,0.5958718657493591,0.686448540326571,1785296272.7433288
1,8748,0.8478082418441772,0.6864488003957457,1785296272.8252902
1,8749,1.341111183166504,0.6864954253214639,1785296272.9050229
1,8750,0.6683301329612732,0.6864647713226205,1785296272.9878044
1,8751,0.3835238814353943,0.6864804745427583,1785296273.0680735
1,8752,0.6059826612472534,0.6864807264640475,1785296273.1524918
1,8753,0.6857775449752808,0.686419219367589,1785296273.2364762
1,8754,0.5136744976043701,0.6864503581131144,1785296273.3160045
1,8755,0.501405656337738,0.6864506172839506,1785296273.3989613
1,8756,0.5190331935882568,0.6864354480375215,1785296273.481115
1,8757,0.8796597719192505,0.6864511352418559,1785296273.5621004
1,8758,0.5253147482872009,0.6864359733530718,1785296273.642506
1,8759,0.861507773399353,0.6864362358164775,1785296273.7231205
1,8760,0.7213614583015442,0.6864519112207151,1785296273.8124602
1,8761,0.6374447345733643,0.6864521696252466,1785296273.893685
1,8762,0.3724450170993805,0.6864678333744146,1785296273.978868
1,8763,0.6824393272399902,0.6864680877279448,1785296274.060408
1,8764,0.4922683835029602,0.6864529440748953,1785296274.1460848
1,8765,0.35419386625289917,0.6864839901477833,1785296274.2346492
1,8766,0.654267430305481,0.6864534597389805,1785296274.3182564
1,8767,0.7077484726905823,0.6864537173806007,1785296274.40202
1,8768,0.6387224793434143,0.686438592173271,1785296274.4896228
1,8769,0.5427054166793823,0.686408095472441,1785296274.5709298
1,8770,0.6866359114646912,0.6864544895448954,1785296274.6505969
1,8771,0.8657395839691162,0.6864701180521396,1785296274.7323134
1,8772,0.6448749899864197,0.6864242685025818,1785296274.8142993
1,8773,0.6303360462188721,0.6864245329400197,1785296274.9015281
1,8774,0.5622708797454834,0.6864094372081593,1785296274.9824986
1,8775,0.3008575439453125,0.6864404176904176,1785296275.066296
1,8776,0.5552701950073242,0.6864253254728568,1785296275.148128
1,8777,0.6253495216369629,0.6864102406679764,1785296275.2281678
1,8778,0.732383668422699,0.6864258531794746,1785296275.3127468
1,8779,0.7619078159332275,0.686426116838488,1785296275.3992188
1,8780,0.7024804949760437,0.6864263803680981,1785296275.4827626
1,8781,0.5342320203781128,0.6864573110893032,1785296275.5692651
1,8782,0.6439241766929626,0.6864422369389257,1785296275.6572716
1,8783,0.5645500421524048,0.686381191760667,1785296275.738625
1,8784,0.5396518111228943,0.6863967884285364,1785296275.819393
1,8785,0.5797620415687561,0.6863970588235294,1785296275.9010468
1,8786,0.4773530960083008,0.6863973290860084,1785296275.9842873
1,8787,0.6703673601150513,0.6863822880940715,1785296276.0693607
1,8788,0.6928846836090088,0.686382561841783,1785296276.1551437
1,8789,0.6291033029556274,0.6863828354554359,1785296276.2350059
1,8790,0.5746679306030273,0.6864137086903305,1785296276.3171175
1,8791,0.5095027685165405,0.686398678414097,1785296276.39716
1,8792,0.6186909675598145,0.6864295326645461,1785296276.4802907
1,8793,0.536085307598114,0.6863992172211351,1785296276.561076
1,8794,0.7952589988708496,0.6863536316947909,1785296276.645254
1,8795,0.5059520602226257,0.68635391198044,1785296276.7254486
1,8796,0.5520279407501221,0.6863236372525054,1785296276.8060336
1,8797,0.6771126389503479,0.6863391984359726,1785296276.8874094
1,8798,0.8845242261886597,0.6863547520156364,1785296276.973028
1,8799,0.7079118490219116,0.686355031753786,1785296277.053813
1,8800,0.5726243853569031,0.6863705738705739,1785296277.139868
1,8801,0.50058913230896,0.6863555908203125,1785296277.2214346
1,8802,0.5697409510612488,0.6863253600195265,1785296277.3040466
1,8803,0.6592505574226379,0.6862798926305514,1785296277.3862333
1,8804,0.6371468305587769,0.6862496950475726,1785296277.4682865
1,8805,0.42164331674575806,0.6862957317073171,1785296277.552973
1,8806,0.698595404624939,0.686311265544989,1785296277.635842
1,8807,0.8028308153152466,0.6862963188688445,1785296277.7209225
1,8808,0.515378475189209,0.6863270777479893,1785296277.8023007
1,8809,0.9342777132987976,0.6863425925925926,1785296277.8829408
1,8810,0.46935853362083435,0.6863733252131546,1785296277.9623876
1,8811,0.5855780839920044,0.6863431563565514,1785296278.0431192
1,8812,0.891622006893158,0.6862977842707573,1785296278.1293533
1,8813,0.8904430866241455,0.6863437195715677,1785296278.2142408
1,8814,0.5845522284507751,0.6863744220004867,1785296278.2942982
1,8815,0.6484318971633911,0.6864051094890511,1785296278.3777492
1,8816,0.40613728761672974,0.6864053758209682,1785296278.4589307
1,8817,0.5699981451034546,0.6863904426070039,1785296278.5428011
1,8818,0.46376046538352966,0.6863907123753951,1785296278.6262412
1,8819,0.5970409512519836,0.6863605979581915,1785296278.7070117
1,8820,0.6488004922866821,0.6863456865127582,1785296278.7935972
1,8821,0.834073543548584,0.6863459669582118,1785296278.8777673
1,8822,0.6409270763397217,0.6863310663104202,1785296278.9582112
1,8823,0.5080209970474243,0.6863313501699855,1785296279.0380719
1,8824,0.6033292412757874,0.6863468074775431,1785296279.1197627
1,8825,0.6477367877960205,0.6863319174757282,1785296279.2004032
1,8826,0.7573328018188477,0.6862867022567338,1785296279.282168
1,8827,0.5419900417327881,0.6863021591460456,1785296279.3623521
1,8828,0.5926386713981628,0.6863176085374727,1785296279.4484591
1,8829,0.44957706332206726,0.6863633608147429,1785296279.5288444
1,8830,0.2967585623264313,0.6863939393939394,1785296279.6089091
1,8831,0.4080604612827301,0.686394207464857,1785296279.6901007
1,8832,0.6242043375968933,0.6863793312333414,1785296279.7728317
1,8833,0.7387542724609375,0.6863493217054264,1785296279.8558376
1,8834,0.6344549655914307,0.6863041898764835,1785296279.9366992
1,8835,0.5869079828262329,0.686319612590799,1785296280.0187583
1,8836,0.5791994333267212,0.6863047688211087,1785296280.099223
1,8837,0.7019908428192139,0.686244554695063,1785296280.179143
1,8838,0.59739089012146,0.6861994918945076,1785296280.264659
1,8839,0.7216343879699707,0.6861846879535559,1785296280.3446186
1,8840,0.6232085227966309,0.6861850060459492,1785296280.4297574
1,8841,0.45690613985061646,0.6862004352030948,1785296280.5094998
1,8842,0.4631583094596863,0.686230964467005,1785296280.5892556
1,8843,0.6790012121200562,0.6861557515708071,1785296280.6705456
1,8844,0.771425724029541,0.6861711766127084,1785296280.7525668
1,8845,0.6999945640563965,0.6860960144927536,1785296280.8335686
1,8846,0.9674984216690063,0.6860963535377929,1785296280.91311
1,8847,0.4956573247909546,0.6861268710767745,1785296280.995523
1,8848,0.5586896538734436,0.6861272025102583,1785296281.0835297
1,8849,0.5231454968452454,0.6861124517374517,1785296281.1650503
1,8850,0.6742924451828003,0.6860826296743064,1785296281.246788
1,8851,0.656988263130188,0.6860980463096961,1785296281.3284318
1,8852,0.778541088104248,0.686053170966964,1785296281.409392
1,8853,0.49157366156578064,0.6860384522661523,1785296281.4901423
1,8854,0.5581451654434204,0.6860839961436491,1785296281.5712044
1,8855,0.9970442056655884,0.6861295180722892,1785296281.6511145
1,8856,0.5489208698272705,0.6861147916164779,1785296281.7318425
1,8857,0.4384385943412781,0.6861151252408478,1785296281.8128307
1,8858,0.7124601006507874,0.686130508066458,1785296281.893381
1,8859,0.5668644905090332,0.6861157920077035,1785296281.973672
1,8860,0.5951984524726868,0.6861161251504212,1785296282.0584464
1,8861,0.5739587545394897,0.6861014196342637,1785296282.1435835
1,8862,0.5082313418388367,0.6861167909550157,1785296282.2237597
1,8863,0.7598880529403687,0.6861171236171236,1785296282.3088317
1,8864,0.7117074728012085,0.6861174561192595,1785296282.3908656
1,8865,0.8455836176872253,0.6861478365384616,1785296282.4780316
1,8866,0.7393116354942322,0.6861331410718577,1785296282.5609345
1,8867,0.9489438533782959,0.686118452666987,1785296282.6425543
1,8868,0.6875375509262085,0.686133797742013,1785296282.7281265
1,8869,0.5717360973358154,0.6861341258405379,1785296282.8120775
1,8870,0.5190867185592651,0.6861494597839136,1785296282.9007907
1,8871,0.5835325121879578,0.6861347815650504,1785296282.994626
1,8872,0.6249048113822937,0.6861051115910727,1785296283.0851336
1,8873,0.7222529053688049,0.6860754558541267,1785296283.166542
1,8874,0.5262402892112732,0.6860907891580715,1785296283.247465
1,8875,0.4824104309082031,0.6860911270983213,1785296283.3270867
1,8876,0.5725175738334656,0.6860914648765284,1785296283.408819
1,8877,0.6080297231674194,0.6860918024928092,1785296283.4957383
1,8878,0.4629735052585602,0.6860921399472801,1785296283.5805311
1,8879,0.6772913336753845,0.6860475563009104,1785296283.6614387
1,8880,0.8155021071434021,0.686062874251497,1785296283.7430062
1,8881,0.37811279296875,0.6861081178160919,1785296283.8245802
1,8882,0.5865621566772461,0.686123413933445,1785296283.9053419
1,8883,0.5905171036720276,0.6860938247965533,1785296283.986146
1,8884,0.7702255845069885,0.6860642498205313,1785296284.0715234
1,8885,0.8306038975715637,0.6861094497607656,1785296284.156739
1,8886,1.0612680912017822,0.6861097823487204,1785296284.243334
1,8887,0.5596374273300171,0.6861101147776184,1785296284.3271446
1,8888,0.5513772964477539,0.6860955056179775,1785296284.4085412
1,8889,0.698924720287323,0.6860809034416826,1785296284.4898882
1,8890,0.5311595797538757,0.6860812425328554,1785296284.5704758
1,8891,0.5107423067092896,0.6861263736263736,1785296284.6512644
1,8892,0.5204254984855652,0.6861267016957249,1785296284.7349498
1,8893,0.8697857856750488,0.686127029608405,1785296284.8196423
1,8894,0.7958788275718689,0.6861422773931726,1785296284.9049354
1,8895,0.37618544697761536,0.6861873508353222,1785296284.9879546
1,8896,0.5955349206924438,0.6861876640419947,1785296285.0720608
1,8897,0.6412549018859863,0.6861730677480916,1785296285.1599617
1,8898,0.7364292144775391,0.6861137610302885,1785296285.2410517
1,8899,0.39291590452194214,0.6861438960419647,1785296285.3265858
1,8900,0.6792235374450684,0.6861144219308701,1785296285.412231
1,8901,0.478288471698761,0.6861147521448999,1785296285.4968371
1,8902,0.5186119675636292,0.6861001906123422,1785296285.578715
1,8903,0.5163571238517761,0.6860558599333015,1785296285.6623793
1,8904,0.8749300241470337,0.6860710883543701,1785296285.7457113
1,8905,0.8101469874382019,0.6860416666666667,1785296285.8288507
1,8906,0.5780467391014099,0.6860866460366579,1785296285.914312
1,8907,0.5507252216339111,0.6861018562589243,1785296285.9989038
1,8908,0.5022320747375488,0.6861467999048299,1785296286.0775187
1,8909,0.7891703248023987,0.6861322549952427,1785296286.1583521
1,8910,0.5572291612625122,0.6861325802615933,1785296286.242711
1,8911,0.5991821885108948,0.6861180456490727,1785296286.3237689
1,8912,0.8732260465621948,0.68610351794628,1785296286.4038942
1,8913,0.85682213306427,0.686074144486692,1785296286.4853368
1,8914,0.45447683334350586,0.6860744832501782,1785296286.5693374
1,8915,0.5593522787094116,0.6860896674584323,1785296286.6507225
1,8916,0.7031450271606445,0.6860751602944669,1785296286.7317722
1,8917,0.6446527242660522,0.6860903371320038,1785296286.8124065
1,8918,0.4934645891189575,0.6860758366959412,1785296286.8933852
1,8919,0.5855681300163269,0.686046511627907,1785296286.974818
1,8920,0.6054883003234863,0.6860023724792408,1785296287.057447
1,8921,0.5323185324668884,0.6859879032258065,1785296287.1404612
1,8922,0.6463320255279541,0.6859734408347167,1785296287.227377
1,8923,0.5702397227287292,0.6859738027501185,1785296287.3096216
1,8924,0.4477500915527344,0.6860037923678597,1785296287.3967829
1,8925,0.5810079574584961,0.6859745260663507,1785296287.4793136
1,8926,0.6620265245437622,0.6859748874674247,1785296287.5640266
1,8927,0.5073306560516357,0.6859456418758882,1785296287.6456864
1,8928,0.5905016660690308,0.6859756097560976,1785296287.7280855
1,8929,0.548629879951477,0.6859167850378788,1785296287.8125198
1,8930,0.6173067092895508,0.6859319526627219,1785296287.8979006
1,8931,0.5916093587875366,0.6859471131093232,1785296287.983312
1,8932,0.6125866770744324,0.685903122782115,1785296288.065303
1,8933,0.5200470685958862,0.6858739356669821,1785296288.145805
1,8934,0.47745785117149353,0.6859186568928825,1785296288.2310393
1,8935,0.557260274887085,0.6858894799054374,1785296288.314677
1,8936,0.6675616502761841,0.6858750886315292,1785296288.3957691
1,8937,0.7246151566505432,0.6858311672967864,1785296288.4821556
1,8938,0.7771318554878235,0.6858610914245216,1785296288.568104
1,8939,0.4392465054988861,0.6858910014170997,1785296288.653967
1,8940,0.8440227508544922,0.68586186540732,1785296288.743569
1,8941,0.7547220587730408,0.6858327431539188,1785296288.8275247
1,8942,0.5305404663085938,0.6858331366532924,1785296288.9124055
1,8943,0.5397618412971497,0.6857892873997169,1785296288.9972358
1,8944,0.8554062843322754,0.6858044350082567,1785296289.0797405
1,8945,0.5554580688476562,0.6857606132075472,1785296289.16051
1,8946,0.9216811060905457,0.6857757604338599,1785296289.248608
1,8947,0.6208603382110596,0.6858056341348421,1785296289.3321393
1,8948,0.6358922123908997,0.6858060334668866,1785296289.415296
1,8949,0.5327513217926025,0.6857769792648445,1785296289.4976547
1,8950,0.5566628575325012,0.6857921083627797,1785296289.5814342
1,8951,0.7887444496154785,0.6858072303344324,1785296289.6675367
1,8952,0.8018537759780884,0.685807628914528,1785296289.752824
1,8953,0.5613522529602051,0.685808027306968,1785296289.839019
1,8954,0.7658603191375732,0.6857790068251354,1785296289.9206877
1,8955,0.6243541836738586,0.6857794117647059,1785296290.0026479
1,8956,0.5102478861808777,0.6857798165137615,1785296290.0905747
1,8957,0.5189074277877808,0.6858096190028222,1785296290.1742203
1,8958,0.5442187786102295,0.6858394074770751,1785296290.2553408
1,8959,0.7262610793113708,0.6858838740009403,1785296290.3392704
1,8960,0.9500259160995483,0.6858548766157462,1785296290.4216723
1,8961,0.5891835689544678,0.6858699483082706,1785296290.5053177
1,8962,0.6223851442337036,0.6858850129198967,1785296290.590739
1,8963,0.5507363677024841,0.6858560356975105,1785296290.673896
1,8964,0.6069798469543457,0.6858417468889411,1785296290.7552793
1,8965,0.7683663368225098,0.6858714788732394,1785296290.835648
1,8966,0.829727292060852,0.6858278573104905,1785296290.924219
1,8967,0.6089850664138794,0.6858135851712811,1785296291.0094402
1,8968,0.681329607963562,0.6858579638752053,1785296291.0912619
1,8969,0.8165709972381592,0.685843691369606,1785296291.1782844
1,8970,0.5130192041397095,0.6858147713950762,1785296291.262016
1,8971,0.6784570813179016,0.6858298171589311,1785296291.3434312
1,8972,0.6525346040725708,0.6858009139910944,1785296291.4282672
1,8973,0.6889150738716125,0.6858305998125586,1785296291.5144393
1,8974,0.5690826177597046,0.685830990864371,1785296291.5951757
1,8975,0.5919189453125,0.6858021077283373,1785296291.6777637
1,8976,0.710486650466919,0.6858025052680871,1785296291.7603807
1,8977,0.5914998650550842,0.6858029026217228,1785296291.841783
1,8978,0.6880316138267517,0.6857886730634215,1785296291.9270043
1,8979,0.6513307094573975,0.6857598268600842,1785296292.0114408
1,8980,0.6674798130989075,0.6857309941520467,1785296292.0951335
1,8981,0.6048201322555542,0.6857314078578111,1785296292.1787283
1,8982,0.6274612545967102,0.6856733691840075,1785296292.2609415
1,8983,0.7017191648483276,0.6856884057971014,1785296292.3451874
1,8984,0.7366275191307068,0.6856742229492873,1785296292.4247437
1,8985,0.7950323820114136,0.6856746495327103,1785296292.5084822
1,8986,0.4321516454219818,0.6856604765241766,1785296292.5915766
1,8987,0.4280530512332916,0.685690098085007,1785296292.6733434
1,8988,0.5586459636688232,0.6856905206630867,1785296292.7507808
1,8989,0.899170458316803,0.685749299719888,1785296292.832673
1,8990,0.4806130826473236,0.6857642940490082,1785296292.9131577
1,8991,0.6083934307098389,0.6857792813812412,1785296292.9916065
1,8992,0.8031795024871826,0.6857796827618381,1785296293.075074
1,8993,0.6660866737365723,0.6857363572761194,1785296293.1576297
1,8994,0.5460789203643799,0.6857513406388436,1785296293.2402964
1,8995,0.6610912084579468,0.685766317016317,1785296293.3273635
1,8996,0.703403651714325,0.6858104171521789,1785296293.4105864
1,8997,0.5809327363967896,0.6857816868592731,1785296293.4959853
1,8998,0.6139903664588928,0.6857238527836013,1785296293.5848353
1,8999,0.4377392530441284,0.685738821611551,1785296293.6695318
1,9000,0.6259028315544128,0.6857246798603027,1785296293.7497463
1,9001,0.6135756373405457,0.6856959962756052,1785296293.8359215
1,9002,0.5211274027824402,0.6856673260414242,1785296293.9188528
1,9003,0.678154468536377,0.6856677524429967,1785296294.0001595
1,9004,0.9914133548736572,0.6856391021167714,1785296294.0815523
1,9005,0.33379173278808594,0.6856686046511627,1785296294.1622612
1,9006,0.5722143054008484,0.685625435945129,1785296294.245884
1,9007,0.5852103233337402,0.68564039981404,1785296294.3265035
1,9008,0.7364713549613953,0.6855972577271671,1785296294.4121938
1,9009,0.7092962265014648,0.6855541356877324,1785296294.4928322
1,9010,0.45231887698173523,0.6855691056910569,1785296294.572706
1,9011,0.6462708711624146,0.6855695541105434,1785296294.6530795
1,9012,0.4159119725227356,0.6856135361040168,1785296294.7349558
1,9013,0.8480237722396851,0.6856284818941504,1785296294.8126242
1,9014,0.7133451104164124,0.6856434207472731,1785296294.8926258
1,9015,0.6606820225715637,0.6856293503480279,1785296294.970443
1,9016,0.6007508039474487,0.6856297842727905,1785296295.0475748
1,9017,0.5687258839607239,0.6856737012987013,1785296295.1253896
1,9018,0.534899115562439,0.6856306515186645,1785296295.2073429
1,9019,0.6585078239440918,0.6855876216968011,1785296295.2853305
1,9020,0.5658769607543945,0.685617033603708,1785296295.363383
1,9021,0.6218626499176025,0.6856029888785913,1785296295.4413745
1,9022,0.7441087365150452,0.6855744730136669,1785296295.5209181
1,9023,0.4626717269420624,0.6855749189439555,1785296295.6020544
1,9024,0.5560585260391235,0.6856043065524426,1785296295.6879442
1,9025,0.48910337686538696,0.6856047453703704,1785296295.7680037
1,9026,0.897182285785675,0.6856051839851887,1785296295.8533301
1,9027,0.8488850593566895,0.685620083294771,1785296295.9347284
1,9028,0.6169213652610779,0.6856060606060606,1785296296.0172749
1,9029,0.6248602867126465,0.6856209528214616,1785296296.1027544
1,9030,0.7156557440757751,0.685621387283237,1785296296.1887503
1,9031,0.3217129409313202,0.685665164123902,1785296296.2730005
1,9032,0.756248950958252,0.6856655881673215,1785296296.3530893
1,9033,0.5594635009765625,0.6856371303142329,1785296296.433989
1,9034,0.4484250247478485,0.6856664356664357,1785296296.5185332
1,9035,0.5644492506980896,0.6856668591224019,1785296296.5992222
1,9036,0.6810258626937866,0.6856384206880628,1785296296.683441
1,9037,0.4906771779060364,0.6856388504155124,1785296296.763498
1,9038,0.4848715662956238,0.6856248557581353,1785296296.8496335
1,9039,0.38804739713668823,0.6856541301338256,1785296296.9300714
1,9040,0.4651848375797272,0.6857122260668973,1785296297.0106726
1,9041,0.5565578937530518,0.6857126383763837,1785296297.0888293
1,9042,0.4615442156791687,0.6857418722619322,1785296297.1673903
1,9043,0.42545413970947266,0.685785500230521,1785296297.24459
1,9044,0.8151963949203491,0.6857714911269878,1785296297.3226624
1,9045,0.765390157699585,0.6857430875576037,1785296297.4012902
1,9046,0.6773600578308105,0.6857146970744068,1785296297.4825974
1,9047,0.5040062069892883,0.685700713956702,1785296297.5622544
1,9048,0.9094817638397217,0.6857299102003224,1785296297.6410837
1,9049,0.7513312101364136,0.6857159300184162,1785296297.7211843
1,9050,0.8156284093856812,0.6857307249712313,1785296297.8063393
1,9051,0.5093986988067627,0.6857455131155085,1785296297.8898501
1,9052,1.1627857685089111,0.6857602944559467,1785296297.9760125
1,9053,0.5175783038139343,0.6857894434222631,1785296298.0567498
1,9054,0.6631020307540894,0.6858042078638767,1785296298.14333
1,9055,0.46940696239471436,0.6858045977011494,1785296298.223617
1,9056,0.5590626001358032,0.6858193518731326,1785296298.3082101
1,9057,0.9973187446594238,0.6858628216911765,1785296298.3906147
1,9058,0.6565911769866943,0.6858775557087067,1785296298.4766607
1,9059,0.6473977565765381,0.6858922829581994,1785296298.5579188
1,9060,0.6483851671218872,0.6859070034443169,1785296298.6426065
1,9061,0.5991776585578918,0.6858786730945822,1785296298.7238948
1,9062,0.7245970964431763,0.685864700481983,1785296298.8090746
1,9063,0.6371545195579529,0.6858650757228086,1785296298.8907728
1,9064,0.5398969650268555,0.68589412709337,1785296298.9770563
1,9065,0.7716161012649536,0.6858658256880734,1785296299.0583627
1,9066,0.5682207345962524,0.6858232056867691,1785296299.139671
1,9067,0.43779730796813965,0.6858665749656121,1785296299.219859
1,9068,0.6773632168769836,0.6858812743525098,1785296299.3028572
1,9069,0.5579751133918762,0.6858816452795601,1785296299.381242
1,9070,0.501914918422699,0.6859106529209622,1785296299.458958
1,9071,0.4264078140258789,0.6859253321117728,1785296299.536201
1,9072,0.7289035320281982,0.6858970689260362,1785296299.6145918
1,9073,0.4507635235786438,0.6858974358974359,1785296299.6925673
1,9074,0.6763157248497009,0.6858978027008469,1785296299.7706275
1,9075,0.648625373840332,0.6858695652173913,1785296299.8483026
1,9076,0.46237677335739136,0.6858985358041638,1785296299.931802
1,9077,0.490500807762146,0.6858989021043,1785296300.0113995
1,9078,0.6297906637191772,0.6858992682369083,1785296300.0952878
1,9079,0.5658797025680542,0.6858853452217649,1785296300.1767423
1,9080,0.7351240515708923,0.6858714285714286,1785296300.2575517
1,9081,0.6222058534622192,0.6858860831809872,1785296300.3378701
1,9082,0.6858960390090942,0.6858150559744117,1785296300.4214373
1,9083,0.5159558057785034,0.6858582686158063,1785296300.50461
1,9084,0.5831640958786011,0.6858871888559032,1785296300.5909963
1,9085,0.7350951433181763,0.6859018264840183,1785296300.6752777
1,9086,0.7145975232124329,0.6859021912805295,1785296300.7562656
1,9087,0.49229466915130615,0.6859453445915107,1785296300.836776
1,9088,0.5733696222305298,0.6859456992927219,1785296300.9226375
1,9089,0.5572232604026794,0.6859460538321168,1785296301.006899
1,9090,0.4490906894207001,0.6859749144811859,1785296301.0875344
1,9091,0.6807993054389954,0.6859752621979024,1785296301.1700172
1,9092,0.3609771430492401,0.6860183496694781,1785296301.2550678
1,9093,0.6144827604293823,0.6860044439380127,1785296301.335831
1,9094,0.5554713010787964,0.6860190248348144,1785296301.4186342
1,9095,0.5441415905952454,0.6860478359908884,1785296301.4977431
1,9096,0.47697913646698,0.6860196993851059,1785296301.579961
1,9097,0.601443886756897,0.6859488843351548,1785296301.657951
1,9098,0.4396584630012512,0.6859492374231733,1785296301.7430959
1,9099,0.6477454900741577,0.685892694583523,1785296301.8257403
1,9100,0.6546770334243774,0.6859215017064847,1785296301.9037497
1,9101,0.4440750479698181,0.6859360782529572,1785296301.9812562
1,9102,0.4171867072582245,0.6859932908801456,1785296302.0640755
1,9103,0.6056967973709106,0.685993633469759,1785296302.1419387
1,9104,0.732854425907135,0.6860081836781087,1785296302.2254155
1,9105,0.6840445399284363,0.6859801136363637,1785296302.306284
1,9106,0.7271766066551208,0.6859662576687117,1785296302.387408
1,9107,0.6871266961097717,0.6859950022716946,1785296302.4688506
1,9108,0.4223886728286743,0.6860379286849875,1785296302.5495067
1,9109,0.7287927269935608,0.6860382606721163,1785296302.634275
1,9110,0.7624887824058533,0.6860102156640182,1785296302.7189593
1,9111,0.5842583179473877,0.6860247389922832,1785296302.8021684
1,9112,0.5213192105293274,0.6860108917631041,1785296302.8874261
1,9113,0.7016606330871582,0.6860395871143375,1785296302.9687154
1,9114,0.4257766902446747,0.6860682694488546,1785296303.0540648
1,9115,0.6556971073150635,0.6860969387755103,1785296303.140576
1,9116,0.2765927314758301,0.6861539333484471,1785296303.2205374
1,9117,0.5431963801383972,0.6861825702629193,1785296303.3012497
1,9118,0.7682938575744629,0.6862111941989576,1785296303.3853166
1,9119,0.47809624671936035,0.6862681241504305,1785296303.466611
1,9120,0.6461995244026184,0.6862400906002265,1785296303.5478256
1,9121,0.8562742471694946,0.6862120697463768,1785296303.6293597
1,9122,0.46618160605430603,0.6862406610821825,1785296303.7151573
1,9123,0.5908831357955933,0.6862409461294704,1785296303.793021
1,9124,0.8161682486534119,0.686255374519122,1785296303.8753476
1,9125,0.6518121361732483,0.6862556561085973,1785296303.958035
1,9126,0.36447763442993164,0.6862983487898665,1785296304.0363202
1,9127,0.43729665875434875,0.6863127544097694,1785296304.1185615
1,9128,0.7428536415100098,0.686270630793579,1785296304.2022045
1,9129,0.4470102787017822,0.6862709086799277,1785296304.2801723
1,9130,0.883384108543396,0.686271186440678,1785296304.3614256
1,9131,0.5502063035964966,0.6862997062810664,1785296304.4445271
1,9132,0.534785270690918,0.6862858594985317,1785296304.5277133
1,9133,0.5303595066070557,0.6863002484191508,1785296304.6077952
1,9134,0.7885386943817139,0.6863146308421766,1785296304.692493
1,9135,0.884239673614502,0.6862866817155756,1785296304.7734103
1,9136,0.602310299873352,0.6862728503723764,1785296304.8595893
1,9137,0.5756328105926514,0.6863013312274369,1785296304.9472172
1,9138,0.5322999954223633,0.6862875028197609,1785296305.028918
1,9139,0.6148901581764221,0.6862736806495264,1785296305.111346
1,9140,0.5775167346000671,0.6863021420518602,1785296305.1958656
1,9141,0.713911235332489,0.6863305906221822,1785296305.277705
1,9142,0.6296212077140808,0.6862885958981294,1785296305.3593278
1,9143,0.846156656742096,0.6862888688598467,1785296305.4471629
1,9144,0.776256799697876,0.6863173011939626,1785296305.5291805
1,9145,0.6493996977806091,0.686303490990991,1785296305.611705
1,9146,0.44382721185684204,0.6863319072281018,1785296305.6971657
1,9147,0.6208553314208984,0.6863321701936065,1785296305.7837157
1,9148,0.4242441654205322,0.6863465001125366,1785296305.8658454
1,9149,0.6780567765235901,0.6863608235823583,1785296305.947686
1,9150,0.6137701272964478,0.6863470191226096,1785296306.0306122
1,9151,0.6220660209655762,0.6863472784525416,1785296306.1113324
1,9152,0.6163346171379089,0.6863475376658421,1785296306.1894264
1,9153,0.48776885867118835,0.6863618480215827,1785296306.2667782
1,9154,0.39674586057662964,0.6864042481456507,1785296306.3444881
1,9155,0.6356241106987,0.6864044943820224,1785296306.4230783
1,9156,0.5494169592857361,0.6864187822961132,1785296306.5078194
1,9157,0.510196328163147,0.686447102425876,1785296306.5903206
1,9158,0.5950151085853577,0.6864613743543678,1785296306.6702328
1,9159,0.8285923600196838,0.6864475752132915,1785296306.7544005
1,9160,0.48207274079322815,0.686489898989899,1785296306.8371685
1,9161,0.4791037440299988,0.6865322037701975,1785296306.918133
1,9162,0.7127649188041687,0.68649035225488,1785296306.9990375
1,9163,0.6990295648574829,0.6865186182144459,1785296307.0802097
1,9164,0.6966379880905151,0.6864908051132541,1785296307.1658535
1,9165,0.5289397239685059,0.6864770179372197,1785296307.2490408
1,9166,0.6873967051506042,0.6864492266308003,1785296307.3302076
1,9167,0.6142004132270813,0.6864494621246078,1785296307.4112902
1,9168,0.686555027961731,0.6864637015460453,1785296307.49696
1,9169,0.4634366035461426,0.686491935483871,1785296307.5818307
1,9170,0.65218186378479,0.6864921612541993,1785296307.6624823
1,9171,0.6057977676391602,0.6864783922973579,1785296307.7453997
1,9172,0.7847628593444824,0.6864786209984329,1785296307.8259234
1,9173,0.8517653346061707,0.6864228961504029,1785296307.9107907
1,9174,0.5687832236289978,0.6864231371671515,1785296307.993841
1,9175,0.5887361168861389,0.6863814317673378,1785296308.0761902
1,9176,0.6227962970733643,0.6863956609259674,1785296308.1570697
1,9177,0.7064584493637085,0.6863679561717353,1785296308.2368243
1,9178,0.8843156695365906,0.6863961547060139,1785296308.315139
1,9179,0.5404971837997437,0.686410371032633,1785296308.3929012
1,9180,0.6065270304679871,0.6864525139664804,1785296308.4707212
1,9181,0.48417243361473083,0.6864806747095621,1785296308.548128
1,9182,0.6550819277763367,0.6864529819075273,1785296308.6296551
1,9183,0.7625295519828796,0.686481129968736,1785296308.7078438
1,9184,0.5877547264099121,0.6864953114534494,1785296308.7869332
1,9185,0.47136354446411133,0.6864676339285715,1785296308.868388
1,9186,0.6442766785621643,0.6864678643160009,1785296308.94626
1,9187,0.5200098156929016,0.6864541499330656,1785296309.0263135
1,9188,0.5425946712493896,0.6864683247825117,1785296309.107593
1,9189,0.5736690163612366,0.686482493309545,1785296309.1891034
1,9190,0.7503843903541565,0.68646878483835,1785296309.276229
1,9191,0.6986623406410217,0.686455082478823,1785296309.3578298
1,9192,0.5822601914405823,0.6864692444840651,1785296309.4446254
1,9193,0.844222366809845,0.6864834001782532,1785296309.5278351
1,9194,0.5138266086578369,0.6864836266429049,1785296309.610073
1,9195,0.44879674911499023,0.6864838530066815,1785296309.6911864
1,9196,0.5375936627388,0.6864701625473169,1785296309.7776494
1,9197,0.7573574781417847,0.6864147373107747,1785296309.8608437
1,9198,0.4282550513744354,0.6864288893834855,1785296309.9428606
1,9199,0.4360753893852234,0.6864430351579884,1785296310.0249383
1,9200,0.5856470465660095,0.6864710789766407,1785296310.110294
1,9201,0.4761827886104584,0.6864574065836299,1785296310.1951947
1,9202,0.545269250869751,0.6864715365799422,1785296310.2818842
1,9203,0.579143762588501,0.6864856602934638,1785296310.3675952
1,9204,0.5551421642303467,0.6864858857523894,1785296310.4535596
1,9205,0.5950514078140259,0.6865,1785296310.535392
1,9206,0.5538182854652405,0.6865002221728504,1785296310.617503
1,9207,0.7368447184562683,0.686514326965793,1785296310.7042127
1,9208,0.6456623673439026,0.6865423051299134,1785296310.7864754
1,9209,0.7622289657592773,0.6865563943161634,1785296310.870733
1,9210,0.7506823539733887,0.6865843507214207,1785296310.9612112
1,9211,0.8464760780334473,0.6865845539280959,1785296311.042218
1,9212,0.6821568012237549,0.6865847570445973,1785296311.1229913
1,9213,0.9259240031242371,0.6866126885536823,1785296311.2018104
1,9214,0.534497857093811,0.6865574406742071,1785296311.2821102
1,9215,0.6341123580932617,0.6865715077605321,1785296311.3606963
1,9216,0.3923541307449341,0.6866132786521836,1785296311.4427028
1,9217,0.45530766248703003,0.6866273271276596,1785296311.5214882
1,9218,0.6324580907821655,0.6866413693773543,1785296311.6045003
1,9219,0.899199903011322,0.6866415595923793,1785296311.6857276
1,9220,0.5890113115310669,0.686655592469546,1785296311.7691784
1,9221,0.6110129356384277,0.6866557794508414,1785296311.8552904
1,9222,0.5730168223381042,0.6866698029665708,1785296311.9398897
1,9223,0.5823017358779907,0.686697653829128,1785296312.0224986
1,9224,0.7775253057479858,0.6866701703916795,1785296312.1097422
1,9225,0.53167724609375,0.6866841814159292,1785296312.1949267
1,9226,0.7221060991287231,0.6866843618668437,1785296312.2787936
1,9227,0.5132912397384644,0.6867260061919505,1785296312.3595417
1,9228,0.6051651835441589,0.6866570860048641,1785296312.4444902
1,9229,0.5197986364364624,0.6866710875331565,1785296312.5249972
1,9230,0.5277939438819885,0.6866850828729282,1785296312.6057484
1,9231,0.7593454122543335,0.6866852629253204,1785296312.6867151
1,9232,0.5828469395637512,0.68669924895074,1785296312.7673798
1,9233,0.5111917853355408,0.6867132287985865,1785296312.847262
1,9234,0.42697274684906006,0.6867410024287922,1785296312.9294798
1,9235,0.652509331703186,0.6867273730684327,1785296313.014435
1,9236,0.6325265169143677,0.6866861619951445,1785296313.0951731
1,9237,0.5501240491867065,0.686658759929391,1785296313.1826177
1,9238,0.6777331829071045,0.6866037943966468,1785296313.2656364
1,9239,0.57041335105896,0.6866315615350683,1785296313.3436232
1,9240,0.5514705181121826,0.6866593164277839,1785296313.428355
1,9241,0.7926334142684937,0.6866595017636684,1785296313.5123172
1,9242,0.5146072506904602,0.6866321357725369,1785296313.593281
1,9243,0.6766559481620789,0.6865910092551785,1785296313.6792862
1,9244,0.6904162168502808,0.6866049790702798,1785296313.7573695
1,9245,0.637763261795044,0.6866051762114538,1785296313.8352654
1,9246,0.8798272013664246,0.686619136754019,1785296313.9189436
1,9247,0.7704662084579468,0.6866193306913254,1785296313.9983618
1,9248,0.6080572009086609,0.6866195245432534,1785296314.0787377
1,9249,0.6340676546096802,0.686647227112676,1785296314.1598444
1,9250,0.7795748114585876,0.6866336633663367,1785296314.2408001
1,9251,0.5646939873695374,0.6866338539375275,1785296314.322629
1,9252,0.5463876724243164,0.6866340444248955,1785296314.407122
1,9253,0.5415588021278381,0.6866479771328057,1785296314.4880543
1,9254,0.7365633249282837,0.6866619037151023,1785296314.568886
1,9255,0.6500275135040283,0.6866346153846153,1785296314.6500072
1,9256,0.6933271884918213,0.6866073390463634,1785296314.7322538
1,9257,0.8497927188873291,0.6865938049209139,1785296314.813497
1,9258,0.5455617308616638,0.6865665495277838,1785296314.899346
1,9259,0.42895668745040894,0.6865942028985508,1785296314.9835615
1,9260,0.6650074124336243,0.6866218441273326,1785296315.0656242
1,9261,0.5179990530014038,0.6866220368744512,1785296315.152849
1,9262,0.557097852230072,0.686622229536976,1785296315.2340114
1,9263,0.6529967784881592,0.686608709960509,1785296315.3179557
1,9264,0.44146308302879333,0.686608905461724,1785296315.4007401
1,9265,0.5798158645629883,0.6865953947368421,1785296315.4812539
1,9266,0.6671919822692871,0.6866092962069722,1785296315.563704
1,9267,0.7729688286781311,0.6865820911880754,1785296315.6490448
1,9268,0.6102650165557861,0.6865959894806049,1785296315.7295809
1,9269,0.7186315655708313,0.6865824934268185,1785296315.810348
1,9270,0.5214861035346985,0.6866237677984666,1785296315.891176
1,9271,0.6388923525810242,0.6866102715724923,1785296315.9742615
1,9272,0.5805200934410095,0.6866104663893147,1785296316.0608482
1,9273,0.7283239960670471,0.6866106611208407,1785296316.1488996
1,9274,0.5520991086959839,0.6866108557671263,1785296316.2343478
1,9275,0.6564413905143738,0.6866384026258205,1785296316.3173113
1,9276,0.6179868578910828,0.6866385911179173,1785296316.4006019
1,9277,0.8286995887756348,0.6866797900262467,1785296316.4836564
1,9278,0.6000427007675171,0.6866936365624317,1785296316.5703974
1,9279,0.7873765230178833,0.6866801486663752,1785296316.6588428
1,9280,0.7761143445968628,0.6866666666666666,1785296316.7415297
1,9281,0.5214476585388184,0.6866395323426573,1785296316.822413
1,9282,0.4516119658946991,0.6866397203408346,1785296316.9065688
1,9283,0.46917861700057983,0.6866672127566623,1785296316.9865758
1,9284,0.7750595808029175,0.6866537453592487,1785296317.0666773
1,9285,0.7875092029571533,0.6867085152838428,1785296317.1470606
1,9286,0.5660222768783569,0.6867223313686968,1785296317.230106
1,9287,0.5999889373779297,0.6867497817546923,1785296317.3118646
1,9288,0.5214133858680725,0.6867772201614663,1785296317.394573
1,9289,0.6135128736495972,0.6867637434554974,1785296317.475846
1,9290,0.5368613004684448,0.6867775354416575,1785296317.5570357
1,9291,0.572728157043457,0.686818578281727,1785296317.6431262
1,9292,0.3772950768470764,0.686845977763244,1785296317.7293177
1,9293,0.5799038410186768,0.6868597428073234,1785296317.8167658
1,9294,0.619135856628418,0.6868462628023535,1785296317.8984067
1,9295,0.5217785239219666,0.6868464052287582,1785296317.9791481
1,9296,0.9178935289382935,0.686860161184927,1785296318.0606236
1,9297,0.6001176834106445,0.6868466898954704,1785296318.1426408
1,9298,0.5240657329559326,0.6868332244720227,1785296318.2271948
1,9299,0.45735275745391846,0.686833369612538,1785296318.3128858
1,9300,0.8155635595321655,0.6867927094668117,1785296318.3945925
1,9301,0.6336285471916199,0.6867520670147955,1785296318.4792697
1,9302,0.7235251069068909,0.6866978464215793,1785296318.5608668
1,9303,0.3915053606033325,0.6867252066115702,1785296318.642539
1,9304,0.6252894401550293,0.6866710154381387,1785296318.7258918
1,9305,0.6644986867904663,0.6866576086956522,1785296318.8070216
1,9306,0.47824332118034363,0.6866849597913497,1785296318.888512
1,9307,0.4906438887119293,0.686698717948718,1785296318.9685168
1,9308,0.9234687685966492,0.6866717358244623,1785296319.0536845
1,9309,0.5153295993804932,0.6866854908774979,1785296319.1379685
1,9310,0.6956650614738464,0.686685667752443,1785296319.218696
1,9311,0.5534915328025818,0.6866722752930959,1785296319.2986426
1,9312,0.848426342010498,0.6866860212719774,1785296319.3817787
1,9313,0.3933853209018707,0.6867268880208334,1785296319.4683945
1,9314,0.4634835124015808,0.6867134953352138,1785296319.5533314
1,9315,0.7620564699172974,0.6867272234273318,1785296319.6349292
1,9316,0.5093441605567932,0.6867002819345045,1785296319.7159927
1,9317,0.5745322704315186,0.6866869037294016,1785296319.798014
1,9318,0.6156830191612244,0.6866599826577064,1785296319.8805747
1,9319,0.4218002259731293,0.6866872561768531,1785296319.9642985
1,9320,0.6785751581192017,0.686660346695558,1785296320.0508282
1,9321,0.5719131231307983,0.6866199090121318,1785296320.1324084
1,9322,0.5530391335487366,0.6866200996317955,1785296320.2187693
1,9323,0.567394495010376,0.6866202901689042,1785296320.3045948
1,9324,0.7149489521980286,0.6866204806235116,1785296320.3861601
1,9325,0.5390177965164185,0.686620670995671,1785296320.4676886
1,9326,0.5184639692306519,0.6866343864964294,1785296320.5484571
1,9327,0.5638279914855957,0.6866210514928602,1785296320.6299887
1,9328,0.9828357696533203,0.6866347609777201,1785296320.7130957
1,9329,0.5309003591537476,0.6866214316608996,1785296320.794466
1,9330,0.5791507363319397,0.6866486486486486,1785296320.8807242
1,9331,0.5208749175071716,0.6866623432771293,1785296320.9669166
1,9332,0.5976172089576721,0.6866760319861681,1785296321.0479777
1,9333,0.841935396194458,0.6866897147796024,1785296321.1329174
1,9334,0.617035984992981,0.6867033916612659,1785296321.2166548
1,9335,0.8994741439819336,0.6867170626349892,1785296321.2963355
1,9336,0.5248233675956726,0.6866902396890521,1785296321.3790748
1,9337,0.6103366613388062,0.6867174006908463,1785296321.459775
1,9338,0.5758712291717529,0.6867445499676236,1785296321.5434847
1,9339,0.7483296394348145,0.6867177384548986,1785296321.6240888
1,9340,0.44329366087913513,0.6867448759439051,1785296321.7095857
1,9341,0.639439046382904,0.6867585202761001,1785296321.790236
1,9342,0.9072339534759521,0.6867317230968298,1785296321.87445
1,9343,0.575167179107666,0.6867049374730487,1785296321.957454
1,9344,0.8589292764663696,0.6867185815908601,1785296322.0400438
1,9345,0.5362927913665771,0.6867456896551725,1785296322.120734
1,9346,0.40825700759887695,0.6867458521870287,1785296322.2064972
1,9347,0.5964659452438354,0.6867325506247307,1785296322.28786
1,9348,0.6029240489006042,0.6867327159164334,1785296322.3689828
1,9349,0.5478050708770752,0.686759797588286,1785296322.449733
1,9350,0.5981895327568054,0.6867734122712594,1785296322.535261
1,9351,0.4992908239364624,0.6868004735256135,1785296322.6206336
1,9352,0.49563488364219666,0.6868006240585324,1785296322.7027254
1,9353,0.6561794281005859,0.6868142211703959,1785296322.786422
1,9354,0.5432650446891785,0.6867874811787481,1785296322.8726094
1,9355,0.6245580911636353,0.686760752688172,1785296322.954239
1,9356,0.833935022354126,0.6867474736615782,1785296323.0359004
1,9357,0.5105987787246704,0.686774505588994,1785296323.1172466
1,9358,0.5093618631362915,0.6867880937029873,1785296323.2012668
1,9359,0.6987694501876831,0.6867613880532875,1785296323.282488
1,9360,0.4388600289821625,0.6867883995703544,1785296323.3671486
1,9361,0.44307443499565125,0.6867885524054983,1785296323.4472077
1,9362,0.521984875202179,0.6867618638608546,1785296323.5310721
1,9363,0.6061300039291382,0.6867217689995706,1785296323.6099277
1,9364,0.43177056312561035,0.6867487658295771,1785296323.6887865
1,9365,0.7137565016746521,0.6866818669527897,1785296323.7689378
1,9366,0.6770204901695251,0.6866686333404849,1785296323.8525724
1,9367,0.7280253171920776,0.6866554054054054,1785296323.9345229
1,9368,0.8196980953216553,0.6866421831438988,1785296324.0157807
1,9369,0.707680881023407,0.6866155660377359,1785296324.097234
1,9370,0.9798096418380737,0.6866023579849947,1785296324.1852164
1,9371,0.5290109515190125,0.6866025503643378,1785296324.2673159
1,9372,0.4926336407661438,0.68658935076066,1785296324.3483055
1,9373,0.8002635836601257,0.6866029348757497,1785296324.4315705
1,9374,0.5494601726531982,0.6865763546798029,1785296324.5151045
1,9375,0.7227003574371338,0.6865765524625268,1785296324.5970347
1,9376,0.5811014771461487,0.6866035110254763,1785296324.6807008
1,9377,0.4536215662956238,0.6866438356164384,1785296324.7619543
1,9378,0.6021050214767456,0.6866707682430987,1785296324.8454275
1,9379,0.4775892496109009,0.6866976893453145,1785296324.936094
1,9380,0.3053872585296631,0.6867245989304813,1785296325.016955
1,9381,0.45745939016342163,0.6867381308810949,1785296325.1016393
1,9382,0.5482619404792786,0.6866848407098567,1785296325.1868324
1,9383,0.596989095211029,0.6866850149636596,1785296325.2708092
1,9384,0.7217851877212524,0.6866718315879461,1785296325.3519094
1,9385,0.7433782815933228,0.6866586538461539,1785296325.434733
1,9386,0.8805688619613647,0.6866454817346721,1785296325.5207202
1,9387,0.47869163751602173,0.6866189662537378,1785296325.6029346
1,9388,0.8169660568237305,0.6866591928251121,1785296325.6839051
1,9389,0.6207653284072876,0.6866326857386849,1785296325.764492
1,9390,0.7149661183357239,0.686632870864461,1785296325.8486562
1,9391,0.6713107824325562,0.6866197183098591,1785296325.9300494
1,9392,0.6776694059371948,0.6866065713676125,1785296326.014663
1,9393,0.5441911220550537,0.6866467576791809,1785296326.0942955
1,9394,0.7296233177185059,0.6866602687140115,1785296326.1797523
1,9395,0.7810572385787964,0.6866737739872069,1785296326.2659647
1,9396,0.9286608695983887,0.6866606267320401,1785296326.3470995
1,9397,0.5757136344909668,0.686674126172208,1785296326.432701
1,9398,0.6975041627883911,0.6866743021521415,1785296326.5142536
1,9399,0.541001558303833,0.6866744780570941,1785296326.5957463
1,9400,0.3997725248336792,0.6867012779552716,1785296326.6803966
1,9401,0.6086242198944092,0.6867014480408858,1785296326.761979
1,9402,0.48833543062210083,0.6866883116883117,1785296326.8441885
1,9403,0.570127546787262,0.686688484461473,1785296326.930316
1,9404,0.6429044008255005,0.6867285592679293,1785296327.011105
1,9405,0.6516976952552795,0.6867686170212766,1785296327.092596
1,9406,0.751515805721283,0.6867687726015741,1785296327.174371
1,9407,0.6312229633331299,0.6867689281156955,1785296327.2542045
1,9408,0.7662199139595032,0.6867956623431852,1785296327.3347483
1,9409,0.5725083351135254,0.6867825255102041,1785296327.4147012
1,9410,0.5419545769691467,0.6867959617428268,1785296327.495151
2,9411,0.5833024382591248,0.5,1785296348.7553673
2,9412,0.496271550655365,0.625,1785296348.8364484
2,9413,0.6419156789779663,0.6666666666666666,1785296348.9200406
2,9414,0.6104185581207275,0.703125,1785296349.00194
2,9415,0.4898015558719635,0.7,1785296349.0843444
2,9416,0.7542177438735962,0.6875,1785296349.1709754
2,9417,0.662819504737854,0.6875,1785296349.2533514
2,9418,0.5511195659637451,0.7109375,1785296349.3341348
2,9419,0.7965898513793945,0.6944444444444444,1785296349.4156897
2,9420,0.6287797093391418,0.6875,1785296349.4956145
2,9421,0.5907158255577087,0.6875,1785296349.5777311
2,9422,0.6682257652282715,0.6875,1785296349.6612191
2,9423,0.9121938943862915,0.6826923076923077,1785296349.746614
2,9424,0.6535995006561279,0.6919642857142857,1785296349.82932
2,9425,0.5378919839859009,0.6875,1785296349.9111552
2,9426,0.6363955140113831,0.6875,1785296349.9948213
2,9427,0.5882503390312195,0.6875,1785296350.0748653
2,9428,0.5375761389732361,0.6875,1785296350.159661
2,9429,0.5455243587493896,0.6842105263157895,1785296350.2425513
2,9430,0.5635537505149841,0.68125,1785296350.3231237
2,9431,0.5732196569442749,0.6875,1785296350.4039953
2,9432,0.7639912962913513,0.6818181818181818,1785296350.485521
2,9433,0.523652195930481,0.6875,1785296350.5655663
2,9434,0.5565811395645142,0.6796875,1785296350.6459546
2,9435,0.7002056837081909,0.685,1785296350.7268472
2,9436,0.32316234707832336,0.6947115384615384,1785296350.8115566
2,9437,0.4601691961288452,0.6967592592592593,1785296350.8969903
2,9438,0.5407200455665588,0.6986607142857143,1785296350.9821324
2,9439,0.590258777141571,0.7004310344827587,1785296351.06742
2,9440,0.5646039843559265,0.70625,1785296351.1529303
2,9441,0.5586889982223511,0.7056451612903226,1785296351.2352412
2,9442,0.7002451419830322,0.70703125,1785296351.3226519
2,9443,0.659665584564209,0.7102272727272727,1785296351.4042494
2,9444,0.5595446228981018,0.7169117647058824,1785296351.4869058
2,9445,0.4665699303150177,0.7232142857142857,1785296351.5706236
2,9446,0.4189078211784363,0.7274305555555556,1785296351.657123
2,9447,0.6600929498672485,0.7246621621621622,1785296351.7392807
2,9448,0.584892749786377,0.725328947368421,1785296351.8202972
2,9449,0.5642892718315125,0.7291666666666666,1785296351.9025455
2,9450,0.7540081739425659,0.725,1785296351.9846685
2,9451,0.6591741442680359,0.7225609756097561,1785296352.0658746
2,9452,0.681011438369751,0.7172619047619048,1785296352.152614
2,9453,0.7214021682739258,0.7165697674418605,1785296352.2378845
2,9454,0.5265241265296936,0.7159090909090909,1785296352.3206794
2,9455,0.7173863053321838,0.7097222222222223,1785296352.4025002
2,9456,0.7648298144340515,0.7078804347826086,1785296352.484962
2,9457,0.5130617022514343,0.7101063829787234,1785296352.5672014
2,9458,0.7309829592704773,0.7109375,1785296352.6457992
2,9459,0.5112345218658447,0.7079081632653061,1785296352.728558
2,9460,0.6061801910400391,0.705,1785296352.8063996
2,9461,0.5888668298721313,0.7058823529411765,1785296352.8889813
2,9462,0.6948850154876709,0.7067307692307693,1785296352.9683924
2,9463,0.7251033782958984,0.7040094339622641,1785296353.0518444
2,9464,0.5931165218353271,0.7048611111111112,1785296353.1302924
2,9465,0.4280399978160858,0.7056818181818182,1785296353.2076545
2,9466,0.6799453496932983,0.7053571428571429,1785296353.286377
2,9467,0.712830662727356,0.7083333333333334,1785296353.3673613
2,9468,0.8017892837524414,0.7068965517241379,1785296353.4490244
2,9469,0.6299984455108643,0.7044491525423728,1785296353.5329897
2,9470,0.5453107953071594,0.7052083333333333,1785296353.6132586
2,9471,0.5741032958030701,0.7079918032786885,1785296353.695323
2,9472,0.7069108486175537,0.7076612903225806,1785296353.775975
2,9473,0.905340850353241,0.7073412698412699,1785296353.8615944
2,9474,0.7357817888259888,0.708984375,1785296353.9491632
2,9475,0.529458224773407,0.7096153846153846,1785296354.0295358
2,9476,0.8661664128303528,0.7130681818181818,1785296354.1143591
2,9477,0.8570942878723145,0.7145522388059702,1785296354.1967018
2,9478,0.5392895340919495,0.7132352941176471,1785296354.2827559
2,9479,0.587177038192749,0.7137681159420289,1785296354.3642473
2,9480,0.6642882823944092,0.7133928571428572,1785296354.4508414
2,9481,0.7027555704116821,0.7121478873239436,1785296354.5367694
2,9482,0.5324420928955078,0.7118055555555556,1785296354.618596
2,9483,0.5646828413009644,0.7106164383561644,1785296354.7013788
2,9484,0.6622247099876404,0.7094594594594594,1785296354.7821968
2,9485,0.827286958694458,0.7066666666666667,1785296354.860545
2,9486,0.5411107540130615,0.7072368421052632,1785296354.9401326
2,9487,0.6360961198806763,0.7077922077922078,1785296355.0203109
2,9488,0.4482388198375702,0.7083333333333334,1785296355.098485
2,9489,0.4622706174850464,0.7080696202531646,1785296355.178159
2,9490,0.6450487375259399,0.70859375,1785296355.2563984
2,9491,0.41455280780792236,0.7098765432098766,1785296355.3342197
2,9492,0.6162281036376953,0.7103658536585366,1785296355.4122124
2,9493,0.3262304663658142,0.7115963855421686,1785296355.490435
2,9494,0.6318908929824829,0.7113095238095238,1785296355.5695226
2,9495,0.5344192981719971,0.711764705882353,1785296355.651719
2,9496,0.8682681322097778,0.7114825581395349,1785296355.732934
2,9497,0.6433932185173035,0.7112068965517241,1785296355.8171382
2,9498,0.5778059363365173,0.7095170454545454,1785296355.9026966
2,9499,0.541777491569519,0.711376404494382,1785296355.983696
2,9500,0.6961394548416138,0.7125,1785296356.0643728
2,9501,0.40620216727256775,0.7122252747252747,1785296356.1453018
2,9502,0.6753337383270264,0.7119565217391305,1785296356.2274165
2,9503,0.4664073586463928,0.7116935483870968,1785296356.3146098
2,9504,0.6460275053977966,0.7107712765957447,1785296356.3964005
2,9505,0.5053185820579529,0.7098684210526316,1785296356.482774
2,9506,0.7340997457504272,0.7102864583333334,1785296356.564825
2,9507,0.58510422706604,0.7094072164948454,1785296356.6467109
2,9508,0.5175608992576599,0.7091836734693877,1785296356.7291634
2,9509,0.9350286722183228,0.7089646464646465,1785296356.8134198
2,9510,0.8054419755935669,0.71,1785296356.8959227
2,9511,0.7794045209884644,0.7103960396039604,1785296356.9780912
2,9512,0.5438024997711182,0.710171568627451,1785296357.0657935
2,9513,0.6385210156440735,0.7093446601941747,1785296357.1482103
2,9514,0.987942636013031,0.7109375,1785296357.2347183
2,9515,0.7081332802772522,0.7083333333333334,1785296357.3174393
2,9516,0.5302516222000122,0.7081367924528302,1785296357.399271
2,9517,0.5914463400840759,0.7067757009345794,1785296357.4849637
2,9518,0.5527911186218262,0.7054398148148148,1785296357.566633
2,9519,0.6182662844657898,0.7029816513761468,1785296357.6492255
2,9520,0.4785829484462738,0.7028409090909091,1785296357.7321038
2,9521,0.5820828676223755,0.7021396396396397,1785296357.8163092
2,9522,0.5895203351974487,0.7003348214285714,1785296357.9015086
2,9523,0.4438651204109192,0.7002212389380531,1785296357.9837623
2,9524,0.45999735593795776,0.7006578947368421,1785296358.063129
2,9525,0.4680197834968567,0.7016304347826087,1785296358.1411216
2,9526,0.6360834240913391,0.7009698275862069,1785296358.2199564
2,9527,0.760545015335083,0.6997863247863247,1785296358.3005595
2,9528,0.6197277307510376,0.6991525423728814,1785296358.3830001
2,9529,0.5332752466201782,0.6985294117647058,1785296358.4632068
2,9530,0.5331194996833801,0.6989583333333333,1785296358.5458972
2,9531,0.5852208137512207,0.6993801652892562,1785296358.6235697
2,9532,0.5102849006652832,0.7003073770491803,1785296358.7061067
2,9533,0.5990644097328186,0.7002032520325203,1785296358.791943
2,9534,0.6158277988433838,0.6990927419354839,1785296358.878052
2,9535,0.6365405321121216,0.699,1785296358.9631314
2,9536,0.48114633560180664,0.7003968253968254,1785296359.0437224
2,9537,0.4600101709365845,0.7002952755905512,1785296359.1272898
2,9538,0.6628772616386414,0.70166015625,1785296359.210331
2,9539,0.5724154710769653,0.7010658914728682,1785296359.2906399
2,9540,0.49939942359924316,0.7009615384615384,1785296359.37223
2,9541,0.6501255631446838,0.7013358778625954,1785296359.4574053
2,9542,0.46188005805015564,0.7017045454545454,1785296359.5404398
2,9543,0.5734485387802124,0.7006578947368421,1785296359.6223958
2,9544,0.5696897506713867,0.7000932835820896,1785296359.703837
2,9545,0.7693511247634888,0.700925925925926,1785296359.7897282
2,9546,0.94874107837677,0.7012867647058824,1785296359.8726988
2,9547,0.6023983955383301,0.7007299270072993,1785296359.9532268
2,9548,0.4189205467700958,0.7010869565217391,1785296360.0338302
2,9549,0.5414950847625732,0.7018884892086331,1785296360.1185784
2,9550,0.520050585269928,0.7013392857142857,1785296360.2015378
2,9551,0.7072573900222778,0.700354609929078,1785296360.27971
2,9552,0.532008171081543,0.7002640845070423,1785296360.3578384
2,9553,0.5921511650085449,0.7001748251748252,1785296360.4362206
2,9554,0.37482231855392456,0.7013888888888888,1785296360.5136392
2,9555,0.6987754106521606,0.7012931034482759,1785296360.5919495
2,9556,0.6780421733856201,0.702054794520548,1785296360.6702294
2,9557,0.5948886871337891,0.7006802721088435,1785296360.7542584
2,9558,0.5675587058067322,0.700168918918919,1785296360.8378096
2,9559,0.49174582958221436,0.7013422818791947,1785296360.9151123
2,9560,0.634997546672821,0.7,1785296360.9952564
2,9561,0.5393638014793396,0.6995033112582781,1785296361.0758448
2,9562,0.45664453506469727,0.6994243421052632,1785296361.1578245
2,9563,0.6771773099899292,0.6973039215686274,1785296361.2420912
2,9564,0.682915210723877,0.6976461038961039,1785296361.3230703
2,9565,0.8981951475143433,0.6967741935483871,1785296361.405428
2,9566,0.7462455630302429,0.6967147435897436,1785296361.4891834
2,9567,0.5482856035232544,0.6970541401273885,1785296361.5704842
2,9568,0.4775558114051819,0.6965981012658228,1785296361.6525638
2,9569,0.8658989071846008,0.6957547169811321,1785296361.7383962
2,9570,0.8570244908332825,0.6953125,1785296361.82456
2,9571,0.5173771381378174,0.6948757763975155,1785296361.905644
2,9572,0.554611086845398,0.6959876543209876,1785296361.9867747
2,9573,0.682309627532959,0.6951687116564417,1785296362.0736969
2,9574,0.630730152130127,0.6947408536585366,1785296362.1589952
2,9575,0.5619949102401733,0.6950757575757576,1785296362.2405813
2,9576,0.9532753825187683,0.6950301204819277,1785296362.3263245
2,9577,0.5933790802955627,0.6942365269461078,1785296362.4075835
2,9578,0.47885239124298096,0.6938244047619048,1785296362.4907703
2,9579,0.6918056607246399,0.6923076923076923,1785296362.5692205
2,9580,0.5677444934844971,0.6919117647058823,1785296362.6492581
2,9581,0.6149398684501648,0.6922514619883041,1785296362.7309935
2,9582,0.620842456817627,0.6925872093023255,1785296362.8142002
2,9583,0.6960716247558594,0.6936416184971098,1785296362.896186
2,9584,0.735614001750946,0.6928879310344828,1785296362.9788756
2,9585,0.5492146015167236,0.6935714285714286,1785296363.0604048
2,9586,0.6360719203948975,0.6935369318181818,1785296363.1447597
2,9587,0.6751981973648071,0.6927966101694916,1785296363.2285707
2,9588,0.5533506274223328,0.6927668539325843,1785296363.3095706
2,9589,0.7459505200386047,0.6934357541899442,1785296363.3944058
2,9590,0.45888352394104004,0.6940972222222223,1785296363.48179
2,9591,0.6250464916229248,0.6944060773480663,1785296363.5633957
2,9592,0.7147297859191895,0.6947115384615384,1785296363.649312
2,9593,0.5812332034111023,0.6953551912568307,1785296363.7300599
2,9594,0.7067402601242065,0.6946331521739131,1785296363.8109534
2,9595,0.5074969530105591,0.6959459459459459,1785296363.8909633
2,9596,0.676953136920929,0.6955645161290323,1785296363.9715934
2,9597,0.6163474321365356,0.69451871657754,1785296364.0535219
2,9598,0.4333873391151428,0.6951462765957447,1785296364.1334076
2,9599,0.6608307957649231,0.6947751322751323,1785296364.219261
2,9600,0.7165632247924805,0.694078947368421,1785296364.304526
2,9601,0.6808526515960693,0.6946989528795812,1785296364.388024
2,9602,0.6903764009475708,0.6949869791666666,1785296364.4690368
2,9603,0.525219202041626,0.695919689119171,1785296364.550553
2,9604,0.4137269854545593,0.696520618556701,1785296364.6305444
2,9605,0.46312499046325684,0.6961538461538461,1785296364.7151237
2,9606,0.5321530699729919,0.6970663265306123,1785296364.798861
2,9607,0.5701979994773865,0.6963832487309645,1785296364.8792145
2,9608,0.6937130689620972,0.6966540404040404,1785296364.9635236
2,9609,0.6672323942184448,0.6959798994974874,1785296365.0499337
2,9610,0.5778635740280151,0.6953125,1785296365.1316483
2,9611,0.44327476620674133,0.695273631840796,1785296365.2132814
2,9612,0.7009299993515015,0.6946163366336634,1785296365.2957885
2,9613,0.5737119913101196,0.6945812807881774,1785296365.8064284
2,9614,0.5942402482032776,0.6948529411764706,1785296365.8878698
2,9615,0.423440545797348,0.6945121951219512,1785296365.9678252
2,9616,0.6722106337547302,0.6941747572815534,1785296366.0527391
2,9617,0.5367544293403625,0.6941425120772947,1785296366.1378558
2,9618,0.579084038734436,0.6935096153846154,1785296366.2184446
2,9619,0.5723595023155212,0.6934808612440191,1785296366.2993743
2,9620,0.5037268996238708,0.6934523809523809,1785296366.3795407
2,9621,0.5107462406158447,0.6934241706161137,1785296366.4605584
2,9622,0.28893959522247314,0.6942806603773585,1785296366.5406888
2,9623,0.598272979259491,0.6942488262910798,1785296366.6241546
2,9624,0.654814600944519,0.6942172897196262,1785296366.7077763
2,9625,0.6861477494239807,0.6944767441860465,1785296366.7890754
2,9626,0.536795973777771,0.6941550925925926,1785296366.871869
2,9627,0.5858474373817444,0.6941244239631337,1785296366.953508
2,9628,0.6045986413955688,0.6938073394495413,1785296367.031797
2,9629,0.5217525959014893,0.6940639269406392,1785296367.110271
2,9630,0.8438421487808228,0.6931818181818182,1785296367.188257
2,9631,0.4525790810585022,0.693156108597285,1785296367.2675068
2,9632,0.617711067199707,0.6925675675675675,1785296367.346554
2,9633,0.527635931968689,0.6914237668161435,1785296367.4277537
2,9634,0.39576828479766846,0.6922433035714286,1785296367.5055244
2,9635,0.5330348610877991,0.6916666666666667,1785296367.5861006
2,9636,0.6814159154891968,0.6922013274336283,1785296367.664101
2,9637,0.7656809091567993,0.6919052863436124,1785296367.7429671
2,9638,0.5636934041976929,0.6918859649122807,1785296367.8207424
2,9639,0.784804105758667,0.6921397379912664,1785296367.903591
2,9640,0.6182671189308167,0.6921195652173913,1785296367.981225
2,9641,0.5896434187889099,0.6920995670995671,1785296368.0615695
2,9642,0.7329904437065125,0.6915409482758621,1785296368.1427097
2,9643,0.8387933969497681,0.6917918454935622,1785296368.2229373
2,9644,0.609693706035614,0.6920405982905983,1785296368.3048708
2,9645,0.6672153472900391,0.6912234042553191,1785296368.3885357
2,9646,0.6532230377197266,0.6914724576271186,1785296368.4663322
2,9647,0.684878945350647,0.6911919831223629,1785296368.5445814
2,9648,0.4095868766307831,0.6917016806722689,1785296368.6218212
2,9649,0.5664560794830322,0.6919456066945606,1785296368.704589
2,9650,0.7270434498786926,0.6919270833333333,1785296368.7832148
2,9651,0.6511274576187134,0.691649377593361,1785296368.8632202
2,9652,0.6415406465530396,0.6911157024793388,1785296368.9458404
2,9653,0.6629577279090881,0.691358024691358,1785296369.0254853
2,9654,0.5313926935195923,0.6918545081967213,1785296369.1033745
2,9655,0.4956299662590027,0.6915816326530613,1785296369.187047
2,9656,0.5927331447601318,0.6910569105691057,1785296369.2656994
2,9657,0.5122336149215698,0.6912955465587044,1785296369.342836
2,9658,0.8287206888198853,0.6902721774193549,1785296369.4220643
2,9659,0.6050665974617004,0.6900100401606426,1785296369.5024452
2,9660,0.7859640121459961,0.68975,1785296369.5803711
2,9661,0.8102426528930664,0.68949203187251,1785296369.6640067
2,9662,0.4801996350288391,0.6892361111111112,1785296369.7420824
2,9663,0.7058156728744507,0.6887351778656127,1785296369.826253
2,9664,0.43637704849243164,0.6889763779527559,1785296369.90877
2,9665,0.5072537064552307,0.6889705882352941,1785296369.9884648
2,9666,0.8980733156204224,0.68896484375,1785296370.0668068
2,9667,0.5877330303192139,0.6882295719844358,1785296370.1481292
2,9668,0.5856881737709045,0.6882267441860465,1785296370.2264054
2,9669,0.9529141187667847,0.6887065637065637,1785296370.3081267
2,9670,0.601319432258606,0.6887019230769231,1785296370.3859286
2,9671,0.6758575439453125,0.6879789272030651,1785296370.467865
2,9672,0.5955749750137329,0.6877385496183206,1785296370.5454576
2,9673,0.8127814531326294,0.6879752851711026,1785296370.62319
2,9674,0.6895627379417419,0.6877367424242424,1785296370.7022562
2,9675,0.42871570587158203,0.6879716981132076,1785296370.7834013
2,9676,0.5927739143371582,0.6879699248120301,1785296370.8615031
2,9677,0.9229555726051331,0.6877340823970037,1785296370.9394662
2,9678,0.9138783812522888,0.6872667910447762,1785296371.0175216
2,9679,0.4667487144470215,0.6872676579925651,1785296371.094748
2,9680,0.6746349334716797,0.6868055555555556,1785296371.173173
2,9681,1.0836739540100098,0.6870387453874539,1785296371.2530456
2,9682,0.6583875417709351,0.6875,1785296371.3326259
2,9683,0.820067822933197,0.6872710622710623,1785296371.4155521
2,9684,0.45801252126693726,0.688184306569343,1785296371.4918988
2,9685,0.5210598707199097,0.6872727272727273,1785296371.5690389
2,9686,0.5425013303756714,0.6875,1785296371.6471648
2,9687,0.6087943315505981,0.6870487364620939,1785296371.726965
2,9688,0.7085268497467041,0.6872751798561151,1785296371.8056548
2,9689,0.5152151584625244,0.6875,1785296371.8869653
2,9690,0.4570852816104889,0.6879464285714286,1785296371.9651916
2,9691,0.5680446028709412,0.6879448398576512,1785296372.047572
2,9692,0.699550449848175,0.6875,1785296372.1302567
2,9693,0.569873034954071,0.6879416961130742,1785296372.2110722
2,9694,0.5394114255905151,0.6881602112676056,1785296372.292056
2,9695,0.5622100830078125,0.6881578947368421,1785296372.3743126
2,9696,0.6461993455886841,0.6879370629370629,1785296372.4585452
2,9697,0.4813922643661499,0.6877177700348432,1785296372.536255
2,9698,0.578575849533081,0.6875,1785296372.6190457
2,9699,0.5697470903396606,0.6877162629757786,1785296372.6976354
2,9700,1.0160274505615234,0.688146551724138,1785296372.7760131
2,9701,0.4712388515472412,0.688573883161512,1785296372.8566885
2,9702,0.5691641569137573,0.6887842465753424,1785296372.9354944
2,9703,0.5833786725997925,0.6887798634812287,1785296373.0154293
2,9704,0.6564890742301941,0.6889880952380952,1785296373.093785
2,9705,0.54587322473526,0.6891949152542373,1785296373.1745186
2,9706,0.6120225787162781,0.6894003378378378,1785296373.2566395
2,9707,0.6513276696205139,0.6887626262626263,1785296373.3344193
2,9708,0.4998127520084381,0.6885486577181208,1785296373.4124854
2,9709,0.5952624082565308,0.6885451505016722,1785296373.4910004
2,9710,0.5025716423988342,0.68875,1785296373.5687177
2,9711,0.424550861120224,0.6891611295681063,1785296373.6517787
2,9712,0.7470468878746033,0.6893625827814569,1785296373.733514
2,9713,0.4988333582878113,0.6893564356435643,1785296373.81158
2,9714,0.7120469212532043,0.6897615131578947,1785296373.896842
2,9715,0.599686861038208,0.6891393442622951,1785296373.974406
2,9716,0.6837325096130371,0.6895424836601307,1785296374.0554595
2,9717,0.543928861618042,0.6897394136807817,1785296374.1370347
2,9718,0.6389016509056091,0.6893262987012987,1785296374.215051
2,9719,0.39098212122917175,0.6897249190938511,1785296374.297477
2,9720,0.6792075634002686,0.6893145161290323,1785296374.375534
2,9721,0.5895664095878601,0.6897106109324759,1785296374.460515
2,9722,0.6152907609939575,0.6895032051282052,1785296374.5462635
2,9723,0.5873295068740845,0.6896964856230032,1785296374.626962
2,9724,0.41458162665367126,0.6900875796178344,1785296374.7124639
2,9725,0.7362194061279297,0.6896825396825397,1785296374.7937644
2,9726,0.7688430547714233,0.6892800632911392,1785296374.8769648
2,9727,0.5164566040039062,0.689077287066246,1785296374.9566388
2,9728,0.5694144368171692,0.688875786163522,1785296375.0354793
2,9729,0.43049344420433044,0.6894592476489029,1785296375.1128585
2,9730,0.6122702956199646,0.6888671875,1785296375.1935124
2,9731,0.6359583735466003,0.6886682242990654,1785296375.274385
2,9732,0.6302412748336792,0.6882763975155279,1785296375.356872
2,9733,0.5234193801879883,0.6882739938080495,1785296375.4374528
2,9734,0.5318630337715149,0.6884645061728395,1785296375.5181172
2,9735,0.4405612051486969,0.6884615384615385,1785296375.5985203
2,9736,0.7546360492706299,0.6882668711656442,1785296375.6843112
2,9737,0.7563110589981079,0.6882645259938838,1785296375.7631853
2,9738,0.6646870374679565,0.6875,1785296375.8446922
2,9739,0.8052697777748108,0.6875,1785296375.9276285
2,9740,0.5203426480293274,0.687689393939394,1785296376.0050056
2,9741,0.5258299112319946,0.6880664652567976,1785296376.0839288
2,9742,0.7123673558235168,0.6876882530120482,1785296376.1624155
2,9743,0.4599960744380951,0.6880630630630631,1785296376.2405562
2,9744,0.6522281765937805,0.688061377245509,1785296376.3184745
2,9745,0.5008701086044312,0.6878731343283582,1785296376.3994553
2,9746,0.5579109787940979,0.6880580357142857,1785296376.477651
2,9747,0.690592885017395,0.6878709198813057,1785296376.5601099
2,9748,0.837315559387207,0.6875,1785296376.6380239
2,9749,0.8455552458763123,0.6876843657817109,1785296376.720766
2,9750,0.49339357018470764,0.6876838235294118,1785296376.798589
2,9751,0.4775497317314148,0.6880498533724341,1785296376.8756828
2,9752,0.6903563737869263,0.6878654970760234,1785296376.955074
2,9753,0.5094409584999084,0.6876822157434402,1785296377.0363095
2,9754,0.5420336723327637,0.6876816860465116,1785296377.113934
2,9755,0.44070684909820557,0.6878623188405797,1785296377.1967595
2,9756,0.5106777548789978,0.6882225433526011,1785296377.277686
2,9757,0.8245198726654053,0.6880403458213257,1785296377.3554833
2,9758,0.5953639149665833,0.6878591954022989,1785296377.4329062
2,9759,0.517889678478241,0.6878581661891118,1785296377.5105813
2,9760,0.6325696706771851,0.6880357142857143,1785296377.5884998
2,9761,0.6295686960220337,0.6876780626780626,1785296377.6718054
2,9762,0.7562787532806396,0.6873224431818182,1785296377.7549615
2,9763,0.4642590880393982,0.6875,1785296377.8330185
2,9764,0.7012883424758911,0.6871468926553672,1785296377.9113557
2,9765,0.6175817847251892,0.6873239436619718,1785296377.988459
2,9766,0.5747977495193481,0.6871488764044944,1785296378.0662389
2,9767,0.4518168568611145,0.6871498599439776,1785296378.1440926
2,9768,0.6414758563041687,0.6869762569832403,1785296378.222671
2,9769,0.7748961448669434,0.6866295264623955,1785296378.3008928
2,9770,0.44497352838516235,0.6868055555555556,1785296378.3786032
2,9771,0.5370393991470337,0.6871537396121884,1785296378.4570868
2,9772,0.5613205432891846,0.6873273480662984,1785296378.534477
2,9773,0.5715145468711853,0.6866391184573003,1785296378.6169376
2,9774,0.35657262802124023,0.6869848901098901,1785296378.6986067
2,9775,0.486400842666626,0.6871575342465753,1785296378.7797148
2,9776,0.6456596255302429,0.6873292349726776,1785296378.866695
2,9777,0.6205296516418457,0.6868188010899182,1785296378.9496179
2,9778,0.5960035920143127,0.6869904891304348,1785296379.030971
2,9779,0.6996948719024658,0.6873306233062331,1785296379.1171975
2,9780,0.5218521356582642,0.6876689189189189,1785296379.2030547
2,9781,0.8030807971954346,0.6873315363881402,1785296379.283588
2,9782,0.468892365694046,0.6871639784946236,1785296379.3666084
2,9783,0.755868136882782,0.6871648793565683,1785296379.4484076
2,9784,0.7383631467819214,0.6868315508021391,1785296379.5330708
2,9785,0.48572850227355957,0.6871666666666667,1785296379.6128356
2,9786,0.6427965760231018,0.6875,1785296379.6963956
2,9787,0.7092641592025757,0.6881631299734748,1785296379.7767644
2,9788,0.7193301916122437,0.6886574074074074,1785296379.857878
2,9789,0.5940731763839722,0.6884894459102903,1785296379.939078
2,9790,0.7049303650856018,0.6888157894736842,1785296380.0195491
2,9791,0.5399573445320129,0.6886482939632546,1785296380.0995815
2,9792,0.6599940061569214,0.6886452879581152,1785296380.1808717
2,9793,0.620877742767334,0.6886422976501305,1785296380.263096
2,9794,1.0136103630065918,0.6884765625,1785296380.3422894
2,9795,0.50945645570755,0.687987012987013,1785296380.4272628
2,9796,0.6667002439498901,0.6875,1785296380.5057254
2,9797,0.5657769441604614,0.6873385012919897,1785296380.587381
2,9798,0.5403300523757935,0.6868556701030928,1785296380.6674263
2,9799,0.7539266347885132,0.6866966580976864,1785296380.7506475
2,9800,0.462202787399292,0.6862179487179487,1785296380.8339298
2,9801,0.6456528306007385,0.6862212276214834,1785296380.912095
2,9802,0.8419575691223145,0.6862244897959183,1785296380.9940383
2,9803,0.7371203899383545,0.6862277353689568,1785296381.078777
2,9804,0.46106505393981934,0.6868654822335025,1785296381.1618862
2,9805,0.41622084379196167,0.6873417721518987,1785296381.2425234
2,9806,0.46287092566490173,0.6875,1785296381.323833
2,9807,0.7852360010147095,0.6876574307304786,1785296381.409803
2,9808,0.4391465187072754,0.6879711055276382,1785296381.4925845
2,9809,0.5568980574607849,0.68781328320802,1785296381.5736008
2,9810,0.6262288689613342,0.6878125,1785296381.6592867
2,9811,0.8546894192695618,0.6879675810473815,1785296381.740241
2,9812,0.816562294960022,0.6876554726368159,1785296381.8225496
2,9813,0.4119737148284912,0.6876550868486352,1785296381.9072995
2,9814,0.41809433698654175,0.687809405940594,1785296381.9892657
2,9815,0.6842823624610901,0.6881172839506173,1785296382.0764565
2,9816,0.5506337881088257,0.6884236453201971,1785296382.1580777
2,9817,0.6905089020729065,0.6884213759213759,1785296382.239636
2,9818,0.6856820583343506,0.6881127450980392,1785296382.3204427
2,9819,0.5558838844299316,0.6885696821515892,1785296382.4002092
2,9820,0.5866257548332214,0.6884146341463414,1785296382.481211
2,9821,0.620064377784729,0.6882603406326034,1785296382.5678854
2,9822,0.8120410442352295,0.6885618932038835,1785296382.650548
2,9823,0.7099029421806335,0.687953995157385,1785296382.7363622
2,9824,0.44411858916282654,0.6882548309178744,1785296382.817691
2,9825,0.5229653120040894,0.6882530120481928,1785296382.9040728
2,9826,0.5337520837783813,0.6884014423076923,1785296382.9909272
2,9827,0.789131760597229,0.6886990407673861,1785296383.0728142
2,9828,0.610602855682373,0.6886961722488039,1785296383.1542776
2,9829,0.5339617729187012,0.6888424821002387,1785296383.2370899
2,9830,0.9778428673744202,0.6888392857142858,1785296383.3195384
2,9831,0.6946853399276733,0.6885391923990499,1785296383.4016135
2,9832,0.5418643355369568,0.6888329383886256,1785296383.4864485
2,9833,0.5680478811264038,0.6889775413711584,1785296383.567369
2,9834,0.6661561131477356,0.6889740566037735,1785296383.6543503
2,9835,0.43311262130737305,0.6892647058823529,1785296383.7372828
2,9836,0.4395436942577362,0.6895539906103286,1785296383.8189645
2,9837,0.46270400285720825,0.6899882903981265,1785296383.9005556
2,9838,0.7982431054115295,0.6901285046728972,1785296383.9827185
2,9839,0.7913041114807129,0.6898310023310024,1785296384.064719
2,9840,0.7580615282058716,0.6896802325581395,1785296384.1517153
2,9841,0.6375622749328613,0.6898201856148491,1785296384.2345505
2,9842,0.6636362671852112,0.6898148148148148,1785296384.3176148
2,9843,0.4031713604927063,0.690242494226328,1785296384.395936
2,9844,0.7318663597106934,0.689660138248848,1785296384.4739852
2,9845,0.588970422744751,0.6896551724137931,1785296384.5540128
2,9846,0.31534087657928467,0.6900802752293578,1785296384.6315928
2,9847,0.5370408296585083,0.6905034324942791,1785296384.7101905
2,9848,0.4109251797199249,0.6906392694063926,1785296384.7891932
2,9849,0.6115556955337524,0.6903473804100227,1785296384.8666022
2,9850,0.7594494819641113,0.6903409090909091,1785296384.945548
2,9851,0.6243416666984558,0.6904761904761905,1785296385.0286849
2,9852,0.4850931167602539,0.6901866515837104,1785296385.1123083
2,9853,0.6683409214019775,0.6900395033860045,1785296385.1934505
2,9854,0.7647534608840942,0.6897522522522522,1785296385.2775314
2,9855,0.5497227907180786,0.6897471910112359,1785296385.363084
2,9856,0.6150476336479187,0.6894618834080718,1785296385.4439442
2,9857,0.8204204440116882,0.6894574944071589,1785296385.5256517
2,9858,0.6468213796615601,0.689453125,1785296385.6056108
2,9859,0.7270352840423584,0.6891703786191536,1785296385.6868374
2,9860,0.594876766204834,0.6890277777777778,1785296385.7685547
2,9861,0.5008535981178284,0.689440133037694,1785296385.8539696
2,9862,0.4863569736480713,0.6894358407079646,1785296385.9382958
2,9863,0.5711266994476318,0.6892935982339956,1785296386.0194159
2,9864,0.5676009654998779,0.6891519823788547,1785296386.100352
2,9865,0.7108353972434998,0.689010989010989,1785296386.181789
2,9866,0.49508386850357056,0.6891447368421053,1785296386.262358
2,9867,0.5343112945556641,0.6888676148796499,1785296386.3469448
2,9868,0.639371395111084,0.6891375545851528,1785296386.4304373
2,9869,0.9058568477630615,0.6888616557734205,1785296386.5163105
2,9870,0.5620141625404358,0.6889945652173913,1785296386.5994763
2,9871,0.8445568680763245,0.6884490238611713,1785296386.6840858
2,9872,0.9079542756080627,0.6887175324675324,1785296386.763541
2,9873,0.5790206789970398,0.6887149028077754,1785296386.8476334
2,9874,0.7205560207366943,0.6885775862068966,1785296386.9261522
2,9875,0.5421051979064941,0.6883064516129033,1785296387.0036292
2,9876,0.7496663331985474,0.6879023605150214,1785296387.0816572
2,9877,0.6801016926765442,0.6883029978586723,1785296387.1654987
2,9878,0.6396872997283936,0.688034188034188,1785296387.2504609
2,9879,0.7259414792060852,0.6875,1785296387.3311286
2,9880,0.4618767201900482,0.6876329787234042,1785296387.4110012
2,9881,0.7208020687103271,0.6877653927813163,1785296387.4949543
2,9882,0.6233721971511841,0.6878972457627118,1785296387.577204
2,9883,0.7034185528755188,0.6876321353065539,1785296387.660261
2,9884,0.6702696681022644,0.6875,1785296387.7423513
2,9885,0.46037137508392334,0.6876315789473684,1785296387.8286786
2,9886,0.8892982006072998,0.6878939075630253,1785296387.9170482
2,9887,0.4960622191429138,0.6881551362683438,1785296388.0000129
2,9888,0.6023711562156677,0.6875,1785296388.086046
2,9889,0.5725405216217041,0.6872390396659708,1785296388.1678822
2,9890,0.4059101939201355,0.6873697916666667,1785296388.2552288
2,9891,0.5836619734764099,0.6872401247401247,1785296388.3374705
2,9892,0.559461772441864,0.6868516597510373,1785296388.4240983
2,9893,0.5465402007102966,0.6868530020703933,1785296388.5060153
2,9894,0.6788355708122253,0.6869834710743802,1785296388.5924578
2,9895,0.8435856103897095,0.6872422680412371,1785296388.674695
2,9896,0.766022801399231,0.6869855967078189,1785296388.7568388
2,9897,0.5846182703971863,0.686858316221766,1785296388.8346596
2,9898,0.6175473928451538,0.6871157786885246,1785296388.9130695
2,9899,0.5755515098571777,0.6871165644171779,1785296388.99554
2,9900,0.4468163847923279,0.6873724489795918,1785296389.0735998
2,9901,0.637157678604126,0.6873727087576375,1785296389.1527498
2,9902,0.5840929746627808,0.6875,1785296389.2303565
2,9903,0.7046791911125183,0.6872464503042597,1785296389.312392
2,9904,0.8527085781097412,0.6876265182186235,1785296389.389412
2,9905,0.8740217089653015,0.6873737373737374,1785296389.4724033
2,9906,0.6323369145393372,0.6873739919354839,1785296389.5509465
2,9907,0.7417909502983093,0.6868712273641852,1785296389.6362953
2,9908,0.6453630328178406,0.6868724899598394,1785296389.71782
2,9909,0.7266998887062073,0.6871242484969939,1785296389.7984881
2,9910,0.5271050930023193,0.687125,1785296389.8789968
2,9911,0.6298413872718811,0.687375249500998,1785296389.9603307
2,9912,0.6517466306686401,0.6872509960159362,1785296390.0454128
2,9913,0.5749506950378418,0.687375745526839,1785296390.1254375
2,9914,0.49289870262145996,0.6872519841269841,1785296390.208989
2,9915,0.6454968452453613,0.6871287128712872,1785296390.2893648
2,9916,0.6838419437408447,0.6867588932806324,1785296390.375682
2,9917,0.7810275554656982,0.6868836291913215,1785296390.4584167
2,9918,0.5774275064468384,0.686761811023622,1785296390.540708
2,9919,0.6107824444770813,0.6868860510805501,1785296390.6218002
2,9920,0.766912043094635,0.6871323529411765,1785296390.703417
2,9921,0.6057937145233154,0.6872553816046967,1785296390.7890282
2,9922,0.5514494776725769,0.6871337890625,1785296390.8702388
2,9923,0.5698848962783813,0.6875,1785296390.9514718
2,9924,0.4757247865200043,0.6875,1785296391.0316331
2,9925,0.7637926936149597,0.6876213592233009,1785296391.112843
2,9926,0.6115840077400208,0.6878633720930233,1785296391.1950684
2,9927,0.6260979175567627,0.6879835589941973,1785296391.2773376
2,9928,0.7124127149581909,0.6877413127413128,1785296391.3615224
2,9929,0.5410904884338379,0.6876204238921002,1785296391.4390786
2,9930,0.6475956439971924,0.6877403846153847,1785296391.5173695
2,9931,0.6209732294082642,0.6880998080614203,1785296391.598908
2,9932,0.6197640895843506,0.6875,1785296391.6762474
2,9933,0.4741020202636719,0.6871414913957935,1785296391.7550926
2,9934,0.5204757452011108,0.6869036259541985,1785296391.8347616
2,9935,0.7887119054794312,0.6871428571428572,1785296391.9145715
2,9936,0.5227975249290466,0.6872623574144486,1785296391.9953704
2,9937,0.5942190289497375,0.6869070208728653,1785296392.075787
2,9938,0.5554859638214111,0.6869081439393939,1785296392.1559074
2,9939,0.5763999819755554,0.6870274102079396,1785296392.2395508
2,9940,0.6328631639480591,0.6870283018867924,1785296392.3250885
2,9941,0.4369799494743347,0.6870291902071564,1785296392.4103405
2,9942,0.506159782409668,0.6871475563909775,1785296392.4942708
2,9943,0.5616658329963684,0.6873827392120075,1785296392.5758898
2,9944,0.7825794816017151,0.6873829588014981,1785296392.659784
2,9945,0.560673713684082,0.6873831775700935,1785296392.7453969
2,9946,0.5984097123146057,0.6872667910447762,1785296392.8275056
2,9947,0.5455070734024048,0.6873836126629422,1785296392.910871
2,9948,0.5618355870246887,0.6873838289962825,1785296392.9965782
2,9949,0.5084391832351685,0.6876159554730983,1785296393.0822957
2,9950,0.6983753442764282,0.6873842592592593,1785296393.1667824
2,9951,0.6447469592094421,0.6876155268022182,1785296393.2473507
2,9952,0.5185229182243347,0.6879612546125461,1785296393.3265717
2,9953,0.7618552446365356,0.6878453038674033,1785296393.4063706
2,9954,0.43736958503723145,0.6880744485294118,1785296393.4848971
2,9955,0.5651322603225708,0.6884174311926605,1785296393.568646
2,9956,0.7215859293937683,0.6884157509157509,1785296393.6492422
2,9957,0.5116567015647888,0.6886425959780622,1785296393.7298994
2,9958,0.7847064733505249,0.6884124087591241,1785296393.8114395
2,9959,0.8349751234054565,0.6884107468123861,1785296393.898116
2,9960,0.5897854566574097,0.68875,1785296393.978332
2,9961,0.6688830852508545,0.6890880217785844,1785296394.063303
2,9962,0.568281352519989,0.6890851449275363,1785296394.1438751
2,9963,0.49833226203918457,0.6890822784810127,1785296394.2293274
2,9964,0.6259021759033203,0.688966606498195,1785296394.315962
2,9965,0.717648983001709,0.6888513513513513,1785296394.4012103
2,9966,0.5569486618041992,0.6889613309352518,1785296394.4817705
2,9967,0.7973947525024414,0.6887342908438061,1785296394.5671673
2,9968,0.48588937520980835,0.6886200716845878,1785296394.654402
2,9969,0.5096917748451233,0.6887298747763864,1785296394.7353134
2,9970,0.7487271428108215,0.6888392857142858,1785296394.8203473
2,9971,0.5234087705612183,0.6890597147950089,1785296394.9007158
2,9972,0.5120785236358643,0.6888345195729537,1785296394.9845872
2,9973,0.6323381662368774,0.6890541740674956,1785296395.071477
2,9974,0.6410375833511353,0.68927304964539,1785296395.1584172
2,9975,0.6986890435218811,0.6891592920353983,1785296395.2423618
2,9976,0.7763913869857788,0.6890459363957597,1785296395.3287966
2,9977,0.7044355273246765,0.6889329805996472,1785296395.4091353
2,9978,0.6085399389266968,0.6890404929577465,1785296395.4918532
2,9979,0.5290674567222595,0.6890377855887522,1785296395.5723183
2,9980,0.6646742820739746,0.6892543859649123,1785296395.6594365
2,9981,0.7945394515991211,0.689470227670753,1785296395.7432053
2,9982,0.582483172416687,0.6893575174825175,1785296395.8290772
2,9983,0.5249916315078735,0.6894633507853403,1785296395.9133286
2,9984,0.6576540470123291,0.6892421602787456,1785296395.9966815
2,9985,0.5941474437713623,0.6895652173913044,1785296396.0766594
2,9986,0.6149954199790955,0.6892361111111112,1785296396.1571615
2,9987,0.8689509630203247,0.6895580589254766,1785296396.2436597
2,9988,0.7033388614654541,0.6893382352941176,1785296396.3290555
2,9989,0.7858507037162781,0.6893350604490501,1785296396.4101408
2,9990,0.9523272514343262,0.6894396551724138,1785296396.493577
2,9991,0.48346397280693054,0.6896514629948365,1785296396.5796971
2,9992,0.33303165435791016,0.6899699312714777,1785296396.6645727
2,9993,0.744185209274292,0.6898584905660378,1785296396.7458532
2,9994,0.4448978304862976,0.6901755136986302,1785296396.8272233
2,9995,0.7220878601074219,0.6901709401709402,1785296396.9142
2,9996,0.5137405395507812,0.6900597269624573,1785296397.0026412
2,9997,0.6787177920341492,0.6898424190800682,1785296397.0859766
2,9998,0.424226850271225,0.6899447278911565,1785296397.1732142
2,9999,0.6514191627502441,0.6899405772495756,1785296397.2556667
2,10000,0.5515864491462708,0.6898305084745763,1785296397.342866
2,10001,0.9795674085617065,0.6897208121827412,1785296397.426699
2,10002,0.8507378101348877,0.6897170608108109,1785296397.5106921
2,10003,0.39620476961135864,0.6899241146711635,1785296397.5925646
2,10004,0.6714739799499512,0.6901304713804713,1785296397.6752503
2,10005,0.5200048089027405,0.6901260504201681,1785296397.7578743
2,10006,0.6576646566390991,0.6898070469798657,1785296397.841695
2,10007,0.5492678880691528,0.6899078726968174,1785296397.9258482
2,10008,0.7133317589759827,0.6900083612040134,1785296398.0081036
2,10009,0.5074324011802673,0.6902128547579299,1785296398.0924823
2,10010,0.4862353205680847,0.6901041666666666,1785296398.1751
2,10011,0.6076986789703369,0.690099833610649,1785296398.2579322
2,10012,0.3583737015724182,0.6901993355481728,1785296398.3396547
2,10013,0.7350066900253296,0.6898839137645107,1785296398.4224474
2,10014,0.7769859433174133,0.6899834437086093,1785296398.500609
2,10015,0.7258139252662659,0.6900826446280992,1785296398.5810785
2,10016,0.7872081995010376,0.6898721122112211,1785296398.6678727
2,10017,0.6972451210021973,0.6898682042833608,1785296398.752863
2,10018,0.5956296324729919,0.6898643092105263,1785296398.8359158
2,10019,0.7055946588516235,0.6898604269293924,1785296398.9163663
2,10020,0.5404465794563293,0.6899590163934426,1785296398.9940534
2,10021,0.8158105611801147,0.689954991816694,1785296399.0764325
2,10022,0.3791307806968689,0.6900531045751634,1785296399.1565495
2,10023,0.5823244452476501,0.6901508972267537,1785296399.2378173
2,10024,0.8036715984344482,0.6902483713355049,1785296399.3196867
2,10025,0.929619312286377,0.6898373983739837,1785296399.4057877
2,10026,0.6208213567733765,0.690137987012987,1785296399.4960785
2,10027,0.5991694331169128,0.6901337115072933,1785296399.5830216
2,10028,0.5849752426147461,0.6902305825242718,1785296399.66695
2,10029,0.9560673236846924,0.6904281098546042,1785296399.7515004
2,10030,0.47266754508018494,0.6907258064516129,1785296399.834774
2,10031,0.7780633568763733,0.6909219001610306,1785296399.9216526
2,10032,0.759885847568512,0.691217845659164,1785296400.0064113
2,10033,0.7318246364593506,0.6915128410914928,1785296400.0920093
2,10034,0.6209455728530884,0.6915064102564102,1785296400.176768
2,10035,0.5018917322158813,0.6914,1785296400.2655814
2,10036,0.7439944744110107,0.6912939297124601,1785296400.3497205
2,10037,0.617901086807251,0.6911881977671451,1785296400.4317877
2,10038,0.6850745677947998,0.691281847133758,1785296400.516068
2,10039,0.6734474897384644,0.6914745627980922,1785296400.6052573
2,10040,0.575814962387085,0.691765873015873,1785296400.6906075
2,10041,0.5437194108963013,0.6920562599049128,1785296400.7687888
2,10042,0.6980568170547485,0.6917523734177216,1785296400.85155
2,10043,0.8971560001373291,0.6915481832543444,1785296400.9331622
2,10044,0.6609606146812439,0.6915417981072555,1785296401.0156686
2,10045,0.46421346068382263,0.6915354330708662,1785296401.095495
2,10046,0.6629725694656372,0.6912342767295597,1785296401.1790917
2,10047,0.6775148510932922,0.6912284144427001,1785296401.2592053
2,10048,0.473490446805954,0.6913205329153606,1785296401.3391993
2,10049,0.5367778539657593,0.6915101721439749,1785296401.428271
2,10050,0.4615722894668579,0.6916015625,1785296401.517702
2,10051,0.6066073179244995,0.6918876755070202,1785296401.6016731
2,10052,0.6208465695381165,0.6920755451713395,1785296401.6856697
2,10053,0.5177164077758789,0.6922628304821151,1785296401.7669475
2,10054,0.7251071929931641,0.6923524844720497,1785296401.8489058
2,10055,0.6321007609367371,0.6920542635658915,1785296401.932696
2,10056,0.6821134090423584,0.692047213622291,1785296402.0188327
2,10057,0.8332881927490234,0.6920401854714064,1785296402.1008735
2,10058,0.7710436582565308,0.6920331790123457,1785296402.1850765
2,10059,0.6173407435417175,0.6919298921417566,1785296402.2725055
2,10060,0.6146533489227295,0.6921153846153846,1785296402.3571029
2,10061,0.5026891231536865,0.6921082949308756,1785296402.4428418
2,10062,0.6429421901702881,0.691909509202454,1785296402.530075
2,10063,0.6869057416915894,0.6919027565084227,1785296402.6124878
2,10064,0.5898573398590088,0.6918004587155964,1785296402.6930325
2,10065,0.6041487455368042,0.691793893129771,1785296402.7783222
2,10066,0.6744582653045654,0.6916920731707317,1785296402.8640878
2,10067,0.64955073595047,0.6918759512937596,1785296402.9470513
2,10068,0.7626044750213623,0.6917743161094225,1785296403.0314052
2,10069,0.6936120986938477,0.6916729893778453,1785296403.110719
2,10070,0.5222167372703552,0.6914772727272728,1785296403.191373
2,10071,0.5110146999359131,0.691660363086233,1785296403.2707212
2,10072,0.5571062564849854,0.6919373111782477,1785296403.3493304
2,10073,0.43166252970695496,0.6921191553544495,1785296403.433774
2,10074,0.5015782117843628,0.6919239457831325,1785296403.5130603
2,10075,0.7581844925880432,0.6920112781954887,1785296403.592241
2,10076,0.625167965888977,0.6920983483483484,1785296403.6749842
2,10077,0.47305792570114136,0.6923725637181409,1785296403.7570536
2,10078,0.6008901596069336,0.6923652694610778,1785296403.842495
2,10079,0.7200653553009033,0.6924514200298953,1785296403.928568
2,10080,0.8059976100921631,0.6923507462686567,1785296404.0091524
2,10081,0.7976784110069275,0.6925298062593145,1785296404.0934274
2,10082,0.5989689230918884,0.6923363095238095,1785296404.178667
2,10083,0.6279364228248596,0.6922362555720654,1785296404.2594554
2,10084,0.6693724393844604,0.6923219584569733,1785296404.341158
2,10085,0.5358068943023682,0.6924074074074074,1785296404.42849
2,10086,0.4817095696926117,0.6924001479289941,1785296404.511875
2,10087,0.544594407081604,0.6926698670605613,1785296404.5994084
2,10088,0.5828278064727783,0.6925700589970502,1785296404.6831677
2,10089,0.5765925049781799,0.6927466863033873,1785296404.7646701
2,10090,0.7848532199859619,0.6925551470588235,1785296404.8504572
2,10091,0.6007229685783386,0.6926395007342144,1785296404.9319985
2,10092,0.5140048265457153,0.6926319648093842,1785296405.014203
2,10093,0.7455252408981323,0.6925329428989752,1785296405.0979853
2,10094,0.5496881008148193,0.6926169590643275,1785296405.1878076
2,10095,0.5591136813163757,0.6927007299270073,1785296405.2719314
2,10096,0.36734238266944885,0.692966472303207,1785296405.3534992
2,10097,0.5920605659484863,0.6929585152838428,1785296405.4357927
2,10098,0.5533801913261414,0.6929505813953488,1785296405.5144935
2,10099,0.8291828036308289,0.6929426705370102,1785296405.5968454
2,10100,0.5978240966796875,0.6928442028985508,1785296405.675211
2,10101,0.6080803871154785,0.6929269175108539,1785296405.754241
2,10102,0.6254643201828003,0.6929190751445087,1785296405.8331282
2,10103,0.5013430118560791,0.693001443001443,1785296405.9172046
2,10104,0.6173487305641174,0.6929034582132565,1785296405.997973
2,10105,0.49798086285591125,0.6927158273381295,1785296406.0835683
2,10106,0.7330852746963501,0.6927083333333334,1785296406.1657026
2,10107,0.49612104892730713,0.6928802008608321,1785296406.2485456
2,10108,0.9079196453094482,0.6930515759312321,1785296406.3287706
2,10109,0.4385697841644287,0.693222460658083,1785296406.4162555
2,10110,0.476976603269577,0.6930357142857143,1785296406.5002651
2,10111,0.5231518745422363,0.693027817403709,1785296406.5805964
2,10112,0.5557122826576233,0.6929309116809117,1785296406.666304
2,10113,0.66388338804245,0.6931009957325747,1785296406.7527947
2,10114,0.3082604706287384,0.6932705965909091,1785296406.837351
2,10115,0.43063366413116455,0.6933510638297873,1785296406.9205854
2,10116,0.8597170114517212,0.6932542492917847,1785296407.0069737
2,10117,0.6055675745010376,0.6932461103253182,1785296407.0896797
2,10118,0.6983617544174194,0.6928848870056498,1785296407.1763082
2,10119,0.5253162384033203,0.6930535966149506,1785296407.2570944
2,10120,0.49122533202171326,0.6930457746478873,1785296407.3417573
2,10121,0.5688230991363525,0.6930379746835443,1785296407.423347
2,10122,0.5317010283470154,0.6927668539325843,1785296407.5055902
2,10123,0.6209136247634888,0.6928471248246845,1785296407.584132
2,10124,0.6592099070549011,0.6928396358543417,1785296407.6628194
2,10125,0.5173717141151428,0.693006993006993,1785296407.7481263
2,10126,0.8768682479858398,0.6929120111731844,1785296407.8330085
2,10127,0.5419163703918457,0.6926429567642957,1785296407.913731
2,10128,0.4917507767677307,0.6924616991643454,1785296407.999906
2,10129,0.8679471015930176,0.6926286509040334,1785296408.0860167
2,10130,0.6271049380302429,0.6927083333333334,1785296408.1697574
2,10131,0.6744396686553955,0.692874479889043,1785296408.2509437
2,10132,0.8144644498825073,0.6930401662049861,1785296408.3325202
2,10133,0.572256326675415,0.6929460580912863,1785296408.4207263
2,10134,0.5314357280731201,0.6929385359116023,1785296408.5063238
2,10135,0.6799473166465759,0.6927586206896552,1785296408.5905685
2,10136,0.45141276717185974,0.6928374655647382,1785296408.6728697
2,10137,0.8636035919189453,0.6926581843191196,1785296408.7551858
2,10138,0.5860024690628052,0.6926510989010989,1785296408.837738
2,10139,0.5979388952255249,0.6926440329218106,1785296408.9217308
2,10140,0.6062396764755249,0.6925513698630137,1785296409.0025249
2,10141,0.4151882231235504,0.6925444596443229,1785296409.0850513
2,10142,0.7392202019691467,0.6928790983606558,1785296409.1726992
2,10143,0.5845671892166138,0.6929570259208732,1785296409.253722
2,10144,0.44502562284469604,0.6930347411444142,1785296409.3411798
2,10145,0.615727424621582,0.6929421768707483,1785296409.4309447
2,10146,0.5628232359886169,0.6929347826086957,1785296409.5183167
2,10147,0.6955394744873047,0.6930122116689281,1785296409.5967832
2,10148,0.5288252830505371,0.6930047425474255,1785296409.6763136
2,10149,0.7496180534362793,0.6930818673883626,1785296409.7554064
2,10150,0.41353222727775574,0.6931587837837838,1785296409.8346758
2,10151,0.6135223507881165,0.6931511470985156,1785296409.9143877
2,10152,0.7188696265220642,0.6932277628032345,1785296409.9937985
2,10153,0.6329413652420044,0.693135935397039,1785296410.0756304
2,10154,0.5389835834503174,0.6928763440860215,1785296410.1541626
2,10155,0.6490630507469177,0.6927852348993289,1785296410.2358334
2,10156,0.5120943188667297,0.693029490616622,1785296410.313615
2,10157,0.6218659281730652,0.6928547523427041,1785296410.3959417
2,10158,0.7176569104194641,0.6926804812834224,1785296410.4769588
2,10159,0.8715837001800537,0.6925901201602136,1785296410.5589492
2,10160,0.6626379489898682,0.6925,1785296410.6369288
2,10161,0.6549510359764099,0.6926597869507324,1785296410.7172272
2,10162,0.4863090217113495,0.6927360372340425,1785296410.7951105
2,10163,0.6011680364608765,0.6926460823373174,1785296410.8724744
2,10164,0.5572788715362549,0.6925563660477454,1785296410.952036
2,10165,0.49128589034080505,0.6927980132450331,1785296411.0336225
2,10166,0.48745912313461304,0.6929563492063492,1785296411.111818
2,10167,0.7065415978431702,0.692949141347424,1785296411.1920156
2,10168,0.5452544093132019,0.6930244063324539,1785296411.270254
2,10169,0.7329217195510864,0.6930994729907773,1785296411.3510196
2,10170,0.6085091233253479,0.6932565789473685,1785296411.4295714
2,10171,0.5722591280937195,0.6932490144546649,1785296411.5071213
2,10172,0.6361220479011536,0.6933234908136483,1785296411.5850978
2,10173,0.47307559847831726,0.6933158584534731,1785296411.6686842
2,10174,0.4325445890426636,0.6933082460732984,1785296411.753144
2,10175,0.7808191776275635,0.6933823529411764,1785296411.8367674
2,10176,0.6145401000976562,0.6932114882506527,1785296411.918054
2,10177,0.5982747077941895,0.693122555410691,1785296412.0000248
2,10178,0.5385669469833374,0.693115234375,1785296412.0785315
2,10179,0.6417943239212036,0.6930266579973993,1785296412.1605835
2,10180,0.7846609354019165,0.6931006493506493,1785296412.238977
2,10181,0.5422075390815735,0.6930933852140078,1785296412.3272705
2,10182,0.5410636067390442,0.6932480569948186,1785296412.413107
2,10183,0.6393658518791199,0.6932406209573092,1785296412.4972484
2,10184,0.40808629989624023,0.6933947028423773,1785296412.5796926
2,10185,0.5598998665809631,0.6933064516129033,1785296412.6599672
2,10186,0.8072600364685059,0.6932184278350515,1785296412.7479768
2,10187,0.7388813495635986,0.6935328185328186,1785296412.832454
2,10188,0.47908827662467957,0.6936053984575835,1785296412.9126914
2,10189,0.5984891653060913,0.6936777920410783,1785296412.9980698
2,10190,0.5888317227363586,0.6938301282051282,1785296413.083259
2,10191,0.5685379505157471,0.6939820742637645,1785296413.1624358
2,10192,0.5882121920585632,0.6940537084398977,1785296413.2421587
2,10193,0.47136613726615906,0.6938856960408685,1785296413.3232222
2,10194,0.550179123878479,0.6938775510204082,1785296413.4027045
2,10195,0.9713567495346069,0.6937101910828025,1785296413.4822865
2,10196,0.5894181728363037,0.6937022900763359,1785296413.5617683
2,10197,0.7342575192451477,0.6935355781448539,1785296413.6416185
2,10198,0.5967053174972534,0.6933692893401016,1785296413.7221448
2,10199,0.6116523146629333,0.693520278833967,1785296413.8016515
2,10200,0.42846593260765076,0.6935126582278481,1785296413.880385
2,10201,0.6201649904251099,0.6935050568900126,1785296413.96201
2,10202,0.5913839340209961,0.693655303030303,1785296414.0420952
2,10203,0.7277060747146606,0.6938051702395964,1785296414.1228087
2,10204,0.7388359904289246,0.6938759445843828,1785296414.2036712
2,10205,0.527733325958252,0.6941037735849057,1785296414.2828846
2,10206,0.5506355166435242,0.6940954773869347,1785296414.3618636
2,10207,0.5949735641479492,0.69400878293601,1785296414.442734
2,10208,0.5028657913208008,0.694000626566416,1785296414.5276763
2,10209,0.7580899000167847,0.6936795994993742,1785296414.6106534
2,10210,0.6262895464897156,0.693671875,1785296414.6952083
2,10211,0.47241532802581787,0.6937421972534332,1785296414.7741423
2,10212,0.7512117028236389,0.6938123441396509,1785296414.8558445
2,10213,0.5468178391456604,0.6939601494396015,1785296414.9412787
2,10214,0.661021888256073,0.6941075870646766,1785296415.0230246
2,10215,0.44864845275878906,0.6940217391304347,1785296415.102572
2,10216,0.6024262309074402,0.6939361042183623,1785296415.186723
2,10217,0.70036780834198,0.6940055762081785,1785296415.2663574
2,10218,0.7290052771568298,0.6940748762376238,1785296415.3456414
2,10219,0.6420391201972961,0.693912237330037,1785296415.426541
2,10220,0.5987365245819092,0.6939043209876543,1785296415.50752
2,10221,0.633486270904541,0.6938964241676943,1785296415.5873065
2,10222,1.1353228092193604,0.6939655172413793,1785296415.6679735
2,10223,0.5604695677757263,0.6939575645756457,1785296415.7503455
2,10224,0.45229482650756836,0.6941031941031941,1785296415.8327045
2,10225,0.5173147320747375,0.6942484662576687,1785296415.9239392
2,10226,0.7835559248924255,0.6942401960784313,1785296416.0142415
2,10227,0.6461906433105469,0.6943849449204407,1785296416.1005924
2,10228,0.6778172254562378,0.6942237163814181,1785296416.1857514
2,10229,0.7379969358444214,0.6941391941391941,1785296416.2730203
2,10230,0.612662672996521,0.6942835365853659,1785296416.3646085
2,10231,0.43456903100013733,0.6945797807551766,1785296416.4510334
2,10232,0.6348797678947449,0.6945711678832117,1785296416.5398383
2,10233,0.4883213937282562,0.6947144592952612,1785296416.6241171
2,10234,0.49480098485946655,0.694629854368932,1785296416.7086031
2,10235,0.47798657417297363,0.6946969696969697,1785296416.7904315
2,10236,0.4413277804851532,0.694839588377724,1785296416.874196
2,10237,0.5171838402748108,0.6948307134220073,1785296416.963682
2,10238,0.6508857607841492,0.6948218599033816,1785296417.0466347
2,10239,0.41253340244293213,0.694888419782871,1785296417.1304069
2,10240,0.844627320766449,0.6949548192771084,1785296417.2186403
2,10241,0.7867491245269775,0.6949458483754513,1785296417.3022215
2,10242,0.7565963268280029,0.6950871394230769,1785296417.3881502
2,10243,0.45077967643737793,0.6950030012004802,1785296417.4723363
2,10244,0.44395872950553894,0.694994004796163,1785296417.5564406
2,10245,0.5481117963790894,0.6950598802395209,1785296417.6368437
2,10246,0.682776689529419,0.6947517942583732,1785296417.7174542
2,10247,0.9876999258995056,0.6949671445639187,1785296417.8014061
2,10248,0.5658107995986938,0.6948836515513126,1785296417.8835032
2,10249,0.6660784482955933,0.6948748510131109,1785296417.964722
2,10250,0.5153123140335083,0.6949404761904762,1785296418.0474286
2,10251,0.5703272819519043,0.6948573127229488,1785296418.1267436
2,10252,0.7460870146751404,0.6946258907363421,1785296418.2123718
2,10253,0.5602290630340576,0.6944691577698695,1785296418.295802
2,10254,0.9368930459022522,0.6946090047393365,1785296418.3792424
2,10255,0.6726000905036926,0.6946005917159763,1785296418.4604158
2,10256,0.5522457957267761,0.6945183215130024,1785296418.5436752
2,10257,0.41992732882499695,0.6945100354191264,1785296418.6258755
2,10258,0.3216855525970459,0.6946491745283019,1785296418.7104545
2,10259,0.711753249168396,0.6947879858657244,1785296418.7902105
2,10260,0.6513773798942566,0.6947794117647059,1785296418.8736172
2,10261,0.7560123801231384,0.6948443008225617,1785296418.9592242
2,10262,0.6155174970626831,0.6948356807511737,1785296419.0395904
2,10263,0.5046097636222839,0.6949736225087925,1785296419.1186984
2,10264,0.6691631078720093,0.6950380562060889,1785296419.20357
2,10265,0.645992636680603,0.6948830409356725,1785296419.2838774
2,10266,0.518193244934082,0.6946553738317757,1785296419.3677545
2,10267,0.7493163347244263,0.6945740956826137,1785296419.4473531
2,10268,0.603235125541687,0.6943473193473193,1785296419.5297356
2,10269,0.5588864684104919,0.6944121071012805,1785296419.609212
2,10270,0.765324592590332,0.6943313953488373,1785296419.6893466
2,10271,0.6214954257011414,0.694178281068525,1785296419.7740202
2,10272,0.7398523092269897,0.6941705336426914,1785296419.8543656
2,10273,0.763668954372406,0.6942352259559675,1785296419.9346747
2,10274,0.5617544054985046,0.6942997685185185,1785296420.014232
2,10275,0.7290123105049133,0.6940751445086705,1785296420.096826
2,10276,0.5905283093452454,0.6940675519630485,1785296420.183732
2,10277,0.7822269201278687,0.6939158016147635,1785296420.2668731
2,10278,0.7681044936180115,0.6939084101382489,1785296420.348244
2,10279,0.7834324836730957,0.6939010356731876,1785296420.4304645
2,10280,0.7019789218902588,0.6938936781609195,1785296420.5128427
2,10281,0.5479949712753296,0.6938145809414467,1785296420.5975072
2,10282,0.5677383542060852,0.6936639908256881,1785296420.6801689
2,10283,0.6512924432754517,0.6935137457044673,1785296420.7635043
2,10284,0.5595085024833679,0.6935068649885584,1785296420.8511136
2,10285,0.6332911849021912,0.6934285714285714,1785296420.934073
2,10286,0.4792531430721283,0.6933504566210046,1785296421.0175247
2,10287,0.6573629975318909,0.69327251995439,1785296421.1013045
2,10288,0.7436663508415222,0.6933371298405467,1785296421.1862767
2,10289,0.7108612060546875,0.6931882821387941,1785296421.2737265
2,10290,0.6305274367332458,0.69296875,1785296421.360479
2,10291,0.6167385578155518,0.6928916004540295,1785296421.445885
2,10292,0.629289984703064,0.6930272108843537,1785296421.5289638
2,10293,0.5235533714294434,0.6929501698754247,1785296421.6140113
2,10294,0.5495545864105225,0.6929440045248869,1785296421.6987002
2,10295,0.9759312868118286,0.6927966101694916,1785296421.7781055
2,10296,0.4809280037879944,0.6928611738148984,1785296421.8675084
2,10297,0.6304398775100708,0.6927142051860203,1785296421.9524915
2,10298,0.6432909369468689,0.6925675675675675,1785296422.034367
2,10299,0.5941162705421448,0.6924212598425197,1785296422.116642
2,10300,0.39188456535339355,0.692556179775281,1785296422.1966484
2,10301,0.6199146509170532,0.6924803591470258,1785296422.278644
2,10302,1.0916508436203003,0.6925448430493274,1785296422.362279
2,10303,0.5555116534233093,0.6925391937290034,1785296422.4472294
2,10304,0.669242799282074,0.6925335570469798,1785296422.5246372
2,10305,0.5227810144424438,0.6925279329608939,1785296422.60597
2,10306,0.6156874895095825,0.6925920758928571,1785296422.683483
2,10307,0.7436630725860596,0.6925167224080268,1785296422.7669196
2,10308,0.8364996910095215,0.6924415367483296,1785296422.8486798
2,10309,0.59173184633255,0.6925055617352615,1785296422.927762
2,10310,0.5650078654289246,0.6925,1785296423.012899
2,10311,0.7270490527153015,0.6924250832408435,1785296423.0942764
2,10312,0.4629915654659271,0.6924889135254989,1785296423.1772456
2,10313,0.5328838229179382,0.6924141749723145,1785296423.2609258
2,10314,0.6861903667449951,0.6924087389380531,1785296423.3445718
2,10315,0.5999637842178345,0.6922651933701658,1785296423.4304385
2,10316,0.6387139558792114,0.6923289183222958,1785296423.5125997
2,10317,0.5674671530723572,0.692116868798236,1785296423.5899775
2,10318,0.7094910144805908,0.6921117841409692,1785296423.674359
2,10319,0.3881789445877075,0.6922442244224423,1785296423.7563567
2,10320,0.3958691358566284,0.6923763736263736,1785296423.8387434
2,10321,0.48688262701034546,0.692371020856202,1785296423.9166734
2,10322,0.7143369317054749,0.6925027412280702,1785296423.9942915
2,10323,0.5964337587356567,0.6924972617743702,1785296424.072784
2,10324,0.7055925130844116,0.6926285557986871,1785296424.1513238
2,10325,0.4685724377632141,0.6926229508196722,1785296424.233561
2,10326,0.48579028248786926,0.6926855895196506,1785296424.3188248
2,10327,0.42084991931915283,0.6928162486368593,1785296424.4065359
2,10328,0.419371634721756,0.6929466230936819,1785296424.4965613
2,10329,0.43415236473083496,0.6930767138193689,1785296424.5809362
2,10330,0.5934798121452332,0.6931385869565218,1785296424.6659174
2,10331,0.702751100063324,0.6931324647122693,1785296424.7479317
2,10332,0.8876188397407532,0.6929907809110629,1785296424.8336902
2,10333,0.513213574886322,0.6930525460455038,1785296424.911781
2,10334,0.5995434522628784,0.6930465367965368,1785296424.9936671
2,10335,0.7912300825119019,0.6930405405405405,1785296425.0805101
2,10336,0.5603891611099243,0.6931695464362851,1785296425.1618948
2,10337,0.5653984546661377,0.6929611650485437,1785296425.2477775
2,10338,0.686753511428833,0.6929552801724138,1785296425.329504
2,10339,0.5480449795722961,0.6930166846071044,1785296425.4094856
2,10340,0.7102934718132019,0.6932123655913979,1785296425.4919033
2,10341,0.6010667681694031,0.6930048335123523,1785296425.5695076
2,10342,0.47966572642326355,0.6930659871244635,1785296425.647543
2,10343,0.424990177154541,0.6931939978563773,1785296425.7257853
2,10344,0.5294313430786133,0.6931209850107066,1785296425.804057
2,10345,0.5700889229774475,0.6931149732620321,1785296425.8843465
2,10346,0.5590912103652954,0.6931757478632479,1785296425.9626563
2,10347,0.7789862751960754,0.6933697972251868,1785296426.0394247
2,10348,0.6097522974014282,0.6931636460554371,1785296426.1178594
2,10349,0.6484948992729187,0.693091054313099,1785296426.1962714
2,10350,0.6676435470581055,0.6928856382978723,1785296426.2744875
2,10351,0.6094495058059692,0.6927470775770457,1785296426.3521035
2,10352,0.7677248120307922,0.6928742038216561,1785296426.430852
2,10353,0.6763201355934143,0.6927359490986215,1785296426.508654
2,10354,0.5285651683807373,0.6928628177966102,1785296426.585845
2,10355,0.6359041929244995,0.6929232804232804,1785296426.6660392
2,10356,0.5281848311424255,0.6929175475687104,1785296426.7441244
2,10357,0.7565464973449707,0.6928458289334741,1785296426.8229716
2,10358,0.7822668552398682,0.6929720464135021,1785296426.901084
2,10359,0.7076665163040161,0.6929004214963119,1785296426.9790628
2,10360,0.7209575772285461,0.6927631578947369,1785296427.0571926
2,10361,0.8634485602378845,0.6927576235541535,1785296427.139492
2,10362,0.6423193216323853,0.6928177521008403,1785296427.2165682
2,10363,0.3263048827648163,0.6930745015739769,1785296427.2945366
2,10364,0.36640769243240356,0.69333071278826,1785296427.3750672
2,10365,0.6033968329429626,0.6930628272251309,1785296427.4624069
2,10366,0.610093355178833,0.6929916317991632,1785296427.543405
2,10367,0.6147946119308472,0.6930512016718914,1785296427.6205876
2,10368,0.6491115093231201,0.693241127348643,1785296427.7033656
2,10369,0.5759822726249695,0.6933654848800834,1785296427.7830899
2,10370,0.6504371762275696,0.6934244791666667,1785296427.8665657
2,10371,0.7559930086135864,0.6934183142559833,1785296427.9454436
2,10372,0.8310827016830444,0.6933471933471933,1785296428.0235949
2,10373,0.6840261816978455,0.6934060228452752,1785296428.1057994
2,10374,0.31255707144737244,0.6936592323651453,1785296428.1869128
2,10375,0.6539744734764099,0.6936528497409327,1785296428.2655447
2,10376,0.6564012169837952,0.6935170807453416,1785296428.344204
2,10377,0.7281298041343689,0.6932523267838676,1785296428.4231112
2,10378,0.8247337937355042,0.6932463842975206,1785296428.5017033
2,10379,0.609853208065033,0.6933049535603715,1785296428.5869691
2,10380,0.8168756365776062,0.6932345360824742,1785296428.6683867
2,10381,0.5583429932594299,0.6932929969104017,1785296428.7490017
2,10382,0.4979400932788849,0.6934156378600823,1785296428.8329697
2,10383,1.0578416585922241,0.6931526207605344,1785296428.9166422
2,10384,0.7054729461669922,0.6932109856262834,1785296428.9989967
2,10385,0.5237588882446289,0.6933974358974359,1785296429.0761192
2,10386,0.7373037338256836,0.6933913934426229,1785296429.1540012
2,10387,0.5696107149124146,0.6933213920163767,1785296429.236935
2,10388,0.637787401676178,0.6932515337423313,1785296429.3146598
2,10389,0.6258261203765869,0.6933733401430031,1785296429.3954108
2,10390,0.789035975933075,0.6931760204081633,1785296429.4733005
2,10391,0.566967785358429,0.6932339449541285,1785296429.5546489
2,10392,0.5707285404205322,0.6933553971486762,1785296429.6368752
2,10393,0.6123456954956055,0.6934766022380467,1785296429.7142503
2,10394,0.44843050837516785,0.6935975609756098,1785296429.791594
2,10395,0.99396812915802,0.6935913705583756,1785296429.873621
2,10396,0.44522613286972046,0.693775354969574,1785296429.9508832
2,10397,0.7891854047775269,0.6937689969604863,1785296430.0331802
2,10398,0.4425618052482605,0.6939524291497976,1785296430.1158507
2,10399,0.6021890640258789,0.694072295247725,1785296430.1975188
2,10400,0.8476282358169556,0.6940656565656566,1785296430.2758532
2,10401,0.6268490552902222,0.6942482341069627,1785296430.356869
2,10402,0.819232702255249,0.6942414314516129,1785296430.4405344
2,10403,0.5796635746955872,0.6941717019133937,1785296430.5228665
2,10404,0.5778304934501648,0.6942907444668008,1785296430.601037
2,10405,0.6186819076538086,0.69428391959799,1785296430.6793873
2,10406,0.6576143503189087,0.694339859437751,1785296430.7563949
2,10407,0.6029151678085327,0.694332998996991,1785296430.8367116
2,10408,0.5792765021324158,0.6942009018036072,1785296430.9195693
2,10409,0.5663509368896484,0.6941316316316316,1785296431.0003393
2,10410,0.6267861723899841,0.693875,1785296431.0783286
2,10411,0.6187556385993958,0.6938061938061938,1785296431.1573813
2,10412,0.45731326937675476,0.6937999001996008,1785296431.2422326
2,10413,0.9231307506561279,0.6938559322033898,1785296431.3289595
2,10414,0.5888718366622925,0.6938496015936255,1785296431.411312
2,10415,0.4811208248138428,0.6939676616915423,1785296431.494674
2,10416,0.4536692798137665,0.6940854870775348,1785296431.5786812
2,10417,0.41738244891166687,0.6942030784508441,1785296431.6556656
2,10418,0.5075687170028687,0.6941964285714286,1785296431.7328405
2,10419,0.40808820724487305,0.6943136769078295,1785296431.8105438
2,10420,0.4611453413963318,0.6944306930693069,1785296431.888593
2,10421,0.5594183206558228,0.6944856577645895,1785296431.9705634
2,10422,0.54820317029953,0.6943552371541502,1785296432.051693
2,10423,0.6389274597167969,0.6944101678183613,1785296432.1347418
2,10424,0.6047534346580505,0.6943417159763313,1785296432.212516
2,10425,0.6789791584014893,0.6945197044334975,1785296432.2930286
2,10426,0.7214314341545105,0.6945127952755905,1785296432.3749225
2,10427,0.8281031250953674,0.6943829891838741,1785296432.4556181
2,10428,0.7039148807525635,0.6943762278978389,1785296432.539882
2,10429,0.8005068302154541,0.6941854759568205,1785296432.6249504
2,10430,0.5328308343887329,0.6943014705882353,1785296432.708715
2,10431,0.42906826734542847,0.6944172380019589,1785296432.8004816
2,10432,0.3497912883758545,0.6945939334637965,1785296432.8912115
2,10433,0.6930619478225708,0.6945259042033236,1785296432.9807289
2,10434,0.5637068748474121,0.694580078125,1785296433.0627756
2,10435,0.47067397832870483,0.6945731707317073,1785296433.1452866
2,10436,0.6737174391746521,0.6946271929824561,1785296433.2333791
2,10437,0.6428700685501099,0.694437682570594,1785296433.3198924
2,10438,0.6381192207336426,0.6943701361867705,1785296433.4034417
2,10439,0.4400072693824768,0.6944849368318756,1785296433.4876919
2,10440,0.6348592638969421,0.6946601941747573,1785296433.5754719
2,10441,0.6961061954498291,0.6946532492725509,1785296433.6655247
2,10442,0.4816461503505707,0.6945857558139535,1785296433.747486
2,10443,0.7663408517837524,0.69445788964182,1785296433.8312266
2,10444,0.5097134113311768,0.6945116054158608,1785296433.9175515
2,10445,0.5682833790779114,0.6946256038647343,1785296434.0072958
2,10446,0.6023974418640137,0.6946187258687259,1785296434.0941477
2,10447,0.7215332984924316,0.6946118611378977,1785296434.1854875
2,10448,0.6896127462387085,0.6946050096339114,1785296434.2706642
2,10449,0.6558441519737244,0.6944177093358999,1785296434.353174
2,10450,0.5531485676765442,0.6942307692307692,1785296434.4360929
2,10451,0.5126941204071045,0.6941042267050913,1785296434.517799
2,10452,0.5177940130233765,0.6939779270633397,1785296434.5985708
2,10453,0.4448663294315338,0.6939717162032598,1785296434.682034
2,10454,0.8071604371070862,0.6937859195402298,1785296434.7635493
2,10455,0.4867863655090332,0.6936602870813398,1785296434.8443542
2,10456,0.7344160676002502,0.6937141491395793,1785296434.9259024
2,10457,0.619756281375885,0.6935291308500477,1785296435.0113082
2,10458,0.4678282141685486,0.6936426526717557,1785296435.0958889
2,10459,0.568730890750885,0.6935176358436607,1785296435.1770105
2,10460,0.48547711968421936,0.6934523809523809,1785296435.257262
2,10461,0.5176368951797485,0.6935656517602283,1785296435.3382692
2,10462,0.5990868806838989,0.6935004752851711,1785296435.4216568
2,10463,0.6356335878372192,0.6934354226020892,1785296435.5085876
2,10464,0.7298254370689392,0.6934890891840607,1785296435.5916758
2,10465,0.5930640697479248,0.6933649289099526,1785296435.6710904
2,10466,0.7783926129341125,0.6934777462121212,1785296435.7518544
2,10467,0.5605425834655762,0.6934720908230843,1785296435.837473
2,10468,0.7792069315910339,0.6935255198487713,1785296435.9166718
2,10469,0.8979171514511108,0.6935198300283286,1785296435.9996853
2,10470,0.6949350237846375,0.6934551886792453,1785296436.0806978
2,10471,0.5289655923843384,0.693449575871819,1785296436.161474
2,10472,0.6309299468994141,0.6930320150659134,1785296436.243072
2,10473,0.5706437826156616,0.6930268109125117,1785296436.3241053
2,10474,0.5203059911727905,0.6930803571428571,1785296436.402804
2,10475,0.2927449345588684,0.6933098591549296,1785296436.4807758
2,10476,0.49090832471847534,0.6931285178236398,1785296436.5587275
2,10477,0.5490356683731079,0.6930646672914714,1785296436.6431432
2,10478,0.5948352217674255,0.6928838951310862,1785296436.7255285
2,10479,0.6417140364646912,0.6929373246024322,1785296436.8045194
2,10480,0.6678900718688965,0.6927570093457944,1785296436.886054
2,10481,0.5156713724136353,0.6928104575163399,1785296436.97341
2,10482,0.6272321939468384,0.6929804104477612,1785296437.0583239
2,10483,0.42200562357902527,0.6931500465983225,1785296437.1366777
2,10484,0.5185132026672363,0.6931447858472998,1785296437.220261
2,10485,0.6314430236816406,0.6931976744186047,1785296437.303333
2,10486,0.5666351318359375,0.6931342936802974,1785296437.3856978
2,10487,0.7079096436500549,0.6932451253481894,1785296437.4634268
2,10488,0.5440322756767273,0.6930658627087198,1785296437.5409873
2,10489,0.6752985715866089,0.6929448563484708,1785296437.6230688
2,10490,0.47285351157188416,0.6930555555555555,1785296437.7005658
2,10491,0.6192150115966797,0.6931082331174838,1785296437.7833629
2,10492,0.7945446372032166,0.6929297597042514,1785296437.8636355
2,10493,0.4325593411922455,0.6930401662049861,1785296437.945732
2,10494,0.6925426721572876,0.6929773985239852,1785296438.024052
2,10495,0.708419680595398,0.6932027649769585,1785296438.109084
2,10496,0.7221086025238037,0.6931975138121547,1785296438.1915262
2,10497,0.5141271352767944,0.6933647654093836,1785296438.271954
2,10498,0.44316530227661133,0.6934742647058824,1785296438.3556585
2,10499,0.4696648418903351,0.6937557392102847,1785296438.4333782
2,10500,0.5552459359169006,0.6936353211009174,1785296438.5113993
2,10501,0.8083802461624146,0.693801558203483,1785296438.5880854
2,10502,0.4698565900325775,0.6937957875457875,1785296438.6659772
2,10503,0.6283990740776062,0.6936756633119854,1785296438.7451851
2,10504,0.4145709276199341,0.693898537477148,1785296438.8256242
2,10505,0.5966998338699341,0.6939497716894977,1785296438.9068131
2,10506,0.4739786386489868,0.6936587591240876,1785296438.9869287
2,10507,0.754400908946991,0.6936531449407475,1785296439.0725615
2,10508,0.6423294544219971,0.6934767759562842,1785296439.158609
2,10509,0.5964226722717285,0.6934713375796179,1785296439.2392566
2,10510,0.5737953186035156,0.6935795454545455,1785296439.3212512
2,10511,0.4305293560028076,0.693744323342416,1785296439.398669
2,10512,0.8259642720222473,0.6937386569872959,1785296439.4773023
2,10513,0.4811003804206848,0.6936763372620127,1785296439.559975
2,10514,0.9155771732330322,0.6936141304347826,1785296439.64302
2,10515,0.7378427982330322,0.6933257918552036,1785296439.7208374
2,10516,0.6380768418312073,0.6932640144665461,1785296439.8042543
2,10517,0.6003366112709045,0.6930329719963866,1785296439.8831584
2,10518,0.5298312902450562,0.6930279783393501,1785296439.9665384
2,10519,0.6854841709136963,0.6931357078449053,1785296440.0529132
2,10520,0.5582250356674194,0.6930743243243244,1785296440.1392
2,10521,0.6278955936431885,0.6929567956795679,1785296440.220645
2,10522,0.6229164600372314,0.6930080935251799,1785296440.3014543
2,10523,0.6905165314674377,0.6929469901168014,1785296440.3795943
2,10524,0.6613566279411316,0.6930543087971275,1785296440.4611113
2,10525,0.2962348759174347,0.6932735426008969,1785296440.543366
2,10526,0.4822157025337219,0.6931563620071685,1785296440.6277664
2,10527,0.5790492296218872,0.6930953446732319,1785296440.7087219
2,10528,0.47867125272750854,0.6931462432915921,1785296440.7929192
2,10529,0.4458306133747101,0.6931970509383378,1785296440.8761892
2,10530,0.5354344844818115,0.6932477678571428,1785296440.9612002
2,10531,0.33387860655784607,0.6934656556645852,1785296441.0455854
2,10532,0.54208904504776,0.6933489304812834,1785296441.1335952
2,10533,0.5722054839134216,0.6933993766696349,1785296441.2157242
2,10534,0.7509976625442505,0.6935053380782918,1785296441.3034804
2,10535,0.7456540465354919,0.6934444444444444,1785296441.3828511
2,10536,0.5403517484664917,0.6933836589698046,1785296441.463205
2,10537,0.6311867237091064,0.6933784383318545,1785296441.5423295
2,10538,0.7040995955467224,0.6933178191489362,1785296441.6209085
2,10539,0.54780113697052,0.6931465899025686,1785296441.7032487
2,10540,0.7375096678733826,0.6929756637168142,1785296441.781552
2,10541,0.6198792457580566,0.6928603006189213,1785296441.8593428
2,10542,0.6009470224380493,0.692910777385159,1785296441.9405818
2,10543,0.7816075682640076,0.6929060017652251,1785296442.0257905
2,10544,0.8492006659507751,0.6930114638447972,1785296442.109088
2,10545,0.7212939262390137,0.6930616740088106,1785296442.1932187
2,10546,0.7580093741416931,0.6930017605633803,1785296442.2788553
2,10547,0.6701127290725708,0.6927770448548812,1785296442.3628278
2,10548,0.6055687665939331,0.6926625659050967,1785296442.445261
2,10549,1.0519983768463135,0.6927677787532923,1785296442.5272353
2,10550,0.7432717084884644,0.6927083333333334,1785296442.6123838
2,10551,0.6052655577659607,0.6925942156003506,1785296442.7007318
2,10552,0.7137007713317871,0.6926992119089317,1785296442.7865856
2,10553,0.99875408411026,0.6925853018372703,1785296442.8698516
2,10554,0.5343510508537292,0.6924715909090909,1785296442.9497547
2,10555,0.48786428570747375,0.6924672489082969,1785296443.0276086
2,10556,0.5191246867179871,0.6924629144851658,1785296443.1068006
2,10557,0.552550733089447,0.692458587619878,1785296443.1924322
2,10558,0.621232271194458,0.6923998257839721,1785296443.270209
2,10559,0.5798968076705933,0.6925043516100957,1785296443.3532484
2,10560,0.5428406596183777,0.6925543478260869,1785296443.4333124
2,10561,0.30921629071235657,0.6927671589921807,1785296443.5150137
2,10562,0.6087565422058105,0.6927625868055556,1785296443.5939016
2,10563,0.5006650686264038,0.69275802254987,1785296443.6749313
2,10564,0.6938376426696777,0.6928076256499134,1785296443.7529721
2,10565,0.5364935398101807,0.6927489177489178,1785296443.8306615
2,10566,0.674771249294281,0.6927443771626297,1785296443.9087772
2,10567,0.5999106764793396,0.6929019014693172,1785296443.988418
2,10568,0.6725614070892334,0.6928432642487047,1785296444.0669827
2,10569,0.7462466955184937,0.692676876617774,1785296444.1499403
2,10570,0.5045020580291748,0.6927801724137931,1785296444.2309866
2,10571,0.4598170220851898,0.6929909560723514,1785296444.3126338
2,10572,0.7857469916343689,0.6930400172117039,1785296444.4013517
2,10573,0.5078099966049194,0.692981513327601,1785296444.4906962
2,10574,0.8274233937263489,0.6929768041237113,1785296444.573714
2,10575,0.7211444973945618,0.6929184549356223,1785296444.658994
2,10576,0.7308623194694519,0.6927530017152659,1785296444.7388515
2,10577,0.5596292018890381,0.6926949443016281,1785296444.82106
2,10578,0.8901360034942627,0.6926369863013698,1785296444.9023175
2,10579,0.7899380922317505,0.692579127459367,1785296444.9869585
2,10580,0.4583921730518341,0.6926282051282051,1785296445.0652988
2,10581,0.7381951808929443,0.6926771989752348,1785296445.1500242
2,10582,0.6228540539741516,0.6926194539249146,1785296445.2282357
2,10583,0.7124307155609131,0.6925618073316283,1785296445.3100238
2,10584,0.6636714935302734,0.692504258943782,1785296445.3882494
2,10585,0.632883608341217,0.6924468085106383,1785296445.4694812
2,10586,0.6677459478378296,0.6923363095238095,1785296445.5484111
2,10587,0.6019795536994934,0.6924915038232795,1785296445.6296325
2,10588,0.8254181146621704,0.6924342105263158,1785296445.7095072
2,10589,0.7030214071273804,0.692483036471586,1785296445.7881274
2,10590,0.47530633211135864,0.6924258474576271,1785296445.8665023
2,10591,0.7040715217590332,0.6924745977984759,1785296445.9467947
2,10592,0.5258249044418335,0.6925761421319797,1785296446.02645
2,10593,0.35435622930526733,0.6927303465765005,1785296446.1047823
2,10594,0.46420902013778687,0.6927259290540541,1785296446.1883671
2,10595,0.8112704157829285,0.6928270042194092,1785296446.2670796
2,10596,0.6447137594223022,0.6928225126475548,1785296446.3463237
2,10597,0.9028624296188354,0.6927653748946925,1785296446.4288223
2,10598,0.565392255783081,0.6928135521885522,1785296446.5127456
2,10599,0.429237961769104,0.6929142136248949,1785296446.5934367
2,10600,0.34571555256843567,0.6930147058823529,1785296446.676753
2,10601,0.7273198366165161,0.6929575986565911,1785296446.7572305
2,10602,0.5619274377822876,0.6929530201342282,1785296446.842568
2,10603,0.7541391253471375,0.6926341156747695,1785296446.923551
2,10604,0.5505733489990234,0.6926821608040201,1785296447.003991
2,10605,0.535727322101593,0.6926778242677825,1785296447.0836234
2,10606,0.6492182612419128,0.6925689799331104,1785296447.16325
2,10607,0.6598961353302002,0.6925125313283208,1785296447.2481306
2,10608,0.45384156703948975,0.6926648580968281,1785296447.3265576
2,10609,0.6759001016616821,0.6927126772310258,1785296447.4108872
2,10610,0.7738537788391113,0.69265625,1785296447.4938765
2,10611,0.8169012665748596,0.6927560366361366,1785296447.578529
2,10612,0.5159441828727722,0.6928036605657238,1785296447.6594472
2,10613,0.6298521161079407,0.6928512053200333,1785296447.744184
2,10614,0.366633802652359,0.6929505813953488,1785296447.8258905
2,10615,0.7136703729629517,0.6927904564315353,1785296447.9067929
2,10616,0.9131439328193665,0.6928378938640133,1785296447.9874983
2,10617,0.7091942429542542,0.6928334714167357,1785296448.0705626
2,10618,0.4502616226673126,0.6929842715231788,1785296448.1525538
2,10619,0.5271199345588684,0.6928763440860215,1785296448.2329664
2,10620,0.5075283646583557,0.6929235537190083,1785296448.313056
2,10621,0.5857163667678833,0.6928158546655656,1785296448.3924062
2,10622,0.7069567441940308,0.6928114686468647,1785296448.4737558
2,10623,0.4537169635295868,0.6929616652926628,1785296448.5598269
2,10624,0.8790229558944702,0.6930086490939045,1785296448.6442358
2,10625,0.5352290868759155,0.6930041152263374,1785296448.7250662
2,10626,0.6441292762756348,0.6929481907894737,1785296448.808814
2,10627,0.7429009675979614,0.6928923582580115,1785296448.8883257
2,10628,0.5614382028579712,0.6929905582922824,1785296448.9695566
2,10629,0.7405418157577515,0.6930373256767842,1785296449.0530338
2,10630,0.5778257250785828,0.6930327868852459,1785296449.1320622
2,10631,0.46528711915016174,0.6931306306306306,1785296449.211387
2,10632,0.6792867183685303,0.6931771685761048,1785296449.2906456
2,10633,0.59432053565979,0.6932747342600164,1785296449.3696108
2,10634,0.7256823778152466,0.6933210784313726,1785296449.4523652
2,10635,0.3918561339378357,0.693469387755102,1785296449.5402472
2,10636,0.632981538772583,0.6935664763458401,1785296449.625543
2,10637,0.7510708570480347,0.6936124694376528,1785296449.7046146
2,10638,0.8415049314498901,0.6934039087947883,1785296449.78599
2,10639,0.9715578556060791,0.6932465419039869,1785296449.8711166
2,10640,0.38286080956459045,0.6932418699186992,1785296449.9535284
2,10641,0.5577557682991028,0.6931864337936637,1785296450.0387328
2,10642,0.6673398613929749,0.6931310876623377,1785296450.1209843
2,10643,0.705482542514801,0.6930251419302514,1785296450.2071774
2,10644,0.7048826217651367,0.6929700162074555,1785296450.2891996
2,10645,0.5324229598045349,0.6930161943319838,1785296450.3743382
2,10646,0.7242447137832642,0.6929611650485437,1785296450.4611
2,10647,0.8221789002418518,0.6927546483427648,1785296450.5503159
2,10648,0.38855457305908203,0.6928513731825525,1785296450.6414948
2,10649,0.645605206489563,0.6928974979822438,1785296450.7306354
2,10650,0.4859153628349304,0.6928931451612903,1785296450.8154263
2,10651,0.8055672645568848,0.6929895245769541,1785296450.899108
2,10652,0.6602612733840942,0.6930857487922706,1785296450.9811223
2,10653,0.5617332458496094,0.6928298471440064,1785296451.0686376
2,10654,0.5584445595741272,0.6927753215434084,1785296451.1557915
2,10655,0.5503926277160645,0.6928212851405623,1785296451.2370152
2,10656,0.701413094997406,0.6928170144462279,1785296451.3188176
2,10657,0.6110314130783081,0.6927626303127506,1785296451.3997684
2,10658,0.6954278945922852,0.6926582532051282,1785296451.4853096
2,10659,0.44603776931762695,0.692654123298639,1785296451.5633657
2,10660,0.7670326828956604,0.69265,1785296451.6445541
2,10661,0.6013098955154419,0.6925459632294164,1785296451.7246659
2,10662,0.5333259701728821,0.6924920127795527,1785296451.8121953
2,10663,0.6992488503456116,0.6924880287310455,1785296451.8969612
2,10664,0.4872734844684601,0.692384370015949,1785296451.9803898
2,10665,0.731438159942627,0.6922808764940239,1785296452.066983
2,10666,0.4894031882286072,0.6923268312101911,1785296452.1489027
2,10667,0.6000234484672546,0.6923727128082736,1785296452.2317963
2,10668,0.5841143131256104,0.6924185214626392,1785296452.3137386
2,10669,0.6474564075469971,0.6922656870532169,1785296452.3938432
2,10670,0.9922822117805481,0.6922123015873016,1785296452.4750695
2,10671,0.636835515499115,0.6923076923076923,1785296452.5545218
2,10672,0.5466371774673462,0.6922543581616482,1785296452.6390195
2,10673,0.6358473896980286,0.692250593824228,1785296452.7224326
2,10674,0.72027987241745,0.692246835443038,1785296452.804096
2,10675,0.5293284058570862,0.6922924901185771,1785296452.8835573
2,10676,0.3771812915802002,0.6924861769352291,1785296452.9631417
2,10677,0.6089291572570801,0.6924822415153907,1785296453.0425472
2,10678,0.9328324794769287,0.6926261829652997,1785296453.123034
2,10679,0.5813962817192078,0.6927698975571316,1785296453.2023234
2,10680,0.9195963144302368,0.6928641732283465,1785296453.2820904
2,10681,0.4616524279117584,0.693007474429583,1785296453.3605263
2,10682,0.5269539952278137,0.6930522798742138,1785296453.4413576
2,10683,0.43443965911865234,0.6930970149253731,1785296453.5234048
2,10684,0.5719422101974487,0.6930435635792779,1785296453.6060631
2,10685,0.49586230516433716,0.6931372549019608,1785296453.6924305
2,10686,0.5935909748077393,0.6929858934169278,1785296453.771422
2,10687,0.37762343883514404,0.6931773688332028,1785296453.8543332
2,10688,0.6717931032180786,0.6932218309859155,1785296453.934899
2,10689,0.5521863102912903,0.6932173573103988,1785296454.016973
2,10690,0.5982820391654968,0.69326171875,1785296454.098336
2,10691,0.4959371089935303,0.6934035909445746,1785296454.1828535
2,10692,0.4930078983306885,0.6934477379095164,1785296454.2727911
2,10693,0.6545814275741577,0.693394388152767,1785296454.356117
2,10694,0.49054333567619324,0.6933897975077882,1785296454.445148
2,10695,0.5245587229728699,0.6934824902723735,1785296454.5287273
2,10696,0.5899931192398071,0.6934778382581649,1785296454.613592
2,10697,0.8595076203346252,0.6934731934731935,1785296454.698694
2,10698,0.5476254224777222,0.6934685559006211,1785296454.7818096
2,10699,0.5030728578567505,0.6935124127230411,1785296454.8640344
2,10700,0.5312638282775879,0.6935562015503876,1785296454.9458897
2,10701,0.701213538646698,0.6936483346243222,1785296455.0246105
2,10702,0.6037417650222778,0.6936435758513931,1785296455.107916
2,10703,0.7077855467796326,0.6936388244392885,1785296455.188259
2,10704,0.8348172903060913,0.6935857805255023,1785296455.2729461
2,10705,0.5867267847061157,0.6935810810810811,1785296455.3589084
2,10706,0.5211721658706665,0.6935281635802469,1785296455.4406753
2,10707,0.5392693877220154,0.6936680801850424,1785296455.520239
2,10708,0.5653847455978394,0.6937114791987673,1785296455.600057
2,10709,0.4590531587600708,0.693658583525789,1785296455.6847768
2,10710,0.5902519226074219,0.6935576923076923,1785296455.7647963
2,10711,0.8763906955718994,0.6935049961568025,1785296455.8533874
2,10712,0.5189639329910278,0.6935003840245776,1785296455.9367054
2,10713,0.5101627111434937,0.6935917114351496,1785296456.0231042
2,10714,0.6709939241409302,0.6935391104294478,1785296456.1095495
2,10715,0.5264990329742432,0.6934386973180077,1785296456.1877208
2,10716,0.5808533430099487,0.6934820061255743,1785296456.267347
2,10717,0.646014392375946,0.6935730680948737,1785296456.3481674
2,10718,0.6212368607521057,0.6934728593272171,1785296456.4261734
2,10719,0.6142062544822693,0.6933728036669213,1785296456.5069635
2,10720,0.521091639995575,0.6932251908396947,1785296456.5850618
2,10721,0.5532547831535339,0.6930778032036613,1785296456.6651568
2,10722,0.4691163897514343,0.6931211890243902,1785296456.7424827
2,10723,0.6273376941680908,0.6931645087585682,1785296456.8206756
2,10724,0.8075993657112122,0.6932553272450532,1785296456.8987098
2,10725,0.6619309782981873,0.6931558935361217,1785296456.9820971
2,10726,0.6467662453651428,0.6930566109422492,1785296457.0596993
2,10727,0.5816531777381897,0.6932422171602126,1785296457.1371691
2,10728,0.6512498259544373,0.6932852807283764,1785296457.2192156
2,10729,0.5403084754943848,0.6932335102350266,1785296457.3038769
2,10730,0.4997204542160034,0.6932765151515151,1785296457.391082
2,10731,0.6795182824134827,0.693272142316427,1785296457.4745905
2,10732,0.4321995973587036,0.6934568835098336,1785296457.5567148
2,10733,0.8461868762969971,0.6934996220710506,1785296457.642682
2,10734,0.7458347082138062,0.693495090634441,1785296457.7281227
2,10735,0.6605125069618225,0.6934905660377358,1785296457.808984
2,10736,0.4668568968772888,0.69348604826546,1785296457.8908699
2,10737,0.5202938318252563,0.6935286360211003,1785296457.972218
2,10738,0.9945510625839233,0.6935711596385542,1785296458.0586133
2,10739,0.6212879419326782,0.6935665914221218,1785296458.1427646
2,10740,0.5789110064506531,0.6935150375939849,1785296458.2256927
2,10741,0.7897976636886597,0.6935105184072127,1785296458.310855
2,10742,0.6576728820800781,0.6935529279279279,1785296458.39206
2,10743,0.49956101179122925,0.6935015003750937,1785296458.476646
2,10744,0.7634537220001221,0.6935438530734632,1785296458.558383
2,10745,0.8341143131256104,0.6934456928838951,1785296458.6411126
2,10746,0.7940375804901123,0.6934412425149701,1785296458.7261474
2,10747,0.5848361849784851,0.6934367988032909,1785296458.8065026
2,10748,0.37520715594291687,0.6935724962630793,1785296458.887643
2,10749,0.5091478228569031,0.693521284540702,1785296458.9727018
2,10750,0.8400878310203552,0.6935167910447761,1785296459.0550928
2,10751,0.7823997139930725,0.6935123042505593,1785296459.1369038
2,10752,0.44247591495513916,0.6934146795827124,1785296459.2173276
2,10753,0.5436299443244934,0.6934102755026061,1785296459.297313
2,10754,0.5923973321914673,0.6934058779761905,1785296459.378168
2,10755,0.6751245260238647,0.6932156133828996,1785296459.4644365
2,10756,0.5892937779426575,0.6931649331352154,1785296459.5461087
2,10757,0.5665448904037476,0.6932535263548627,1785296459.626912
2,10758,0.653950572013855,0.6933419881305638,1785296459.7069495
2,10759,0.49585649371147156,0.6933376575240919,1785296459.7904863
2,10760,0.9622966051101685,0.6933333333333334,1785296459.8714898
2,10761,0.5154616236686707,0.6933752775721688,1785296459.952686
2,10762,0.4956408441066742,0.6933709319526628,1785296460.0348358
2,10763,0.5478308200836182,0.6933203991130821,1785296460.115755
2,10764,0.5994227528572083,0.6933161004431314,1785296460.2024927
2,10765,0.6471346020698547,0.6932656826568265,1785296460.2831855
2,10766,0.6007508039474487,0.6931692477876106,1785296460.3629978
2,10767,0.5025852918624878,0.6932111274871039,1785296460.447694
2,10768,0.5646613836288452,0.6931608983799705,1785296460.5269413
2,10769,0.6104966402053833,0.6931107431935246,1785296460.6059175
2,10770,0.9155671000480652,0.6930606617647059,1785296460.6851711
2,10771,0.6464579105377197,0.6931484202792064,1785296460.7726223
2,10772,0.7190333604812622,0.6932360499265786,1785296460.852361
2,10773,0.5316567420959473,0.6931859867938371,1785296460.935116
2,10774,0.6051008701324463,0.6931818181818182,1785296461.0143347
2,10775,0.602422833442688,0.6931776556776557,1785296461.0987647
2,10776,0.5811751484870911,0.6931277452415813,1785296461.1856003
2,10777,0.43068182468414307,0.693215069495245,1785296461.2720387
2,10778,0.807998538017273,0.6932108918128655,1785296461.3554537
2,10779,0.9712029099464417,0.6930697589481373,1785296461.4338078
2,10780,0.80321204662323,0.6930656934306569,1785296461.5139031
2,10781,0.667634904384613,0.6930160466812546,1785296461.5925786
2,10782,0.6377485394477844,0.6928753644314869,1785296461.6798408
2,10783,0.7918934226036072,0.6928714493809177,1785296461.7620645
2,10784,0.4711090326309204,0.6930040029112081,1785296461.8459003
2,10785,0.8027210831642151,0.693,1785296461.9309907
2,10786,0.4564290940761566,0.6929960029069767,1785296462.015758
2,10787,0.5662124156951904,0.6929920116194626,1785296462.0976312
2,10788,0.572171151638031,0.6928973149492017,1785296462.1835315
2,10789,0.5539169311523438,0.6929387237128354,1785296462.26778
2,10790,0.518576443195343,0.6929347826086957,1785296462.3479862
2,10791,0.5240702629089355,0.6928855901520637,1785296462.428488
2,10792,0.7170668840408325,0.6928816931982634,1785296462.5098283
2,10793,0.7611209154129028,0.6929681851048446,1785296462.5931792
2,10794,0.8048652410507202,0.6928287572254336,1785296462.6744885
2,10795,0.5471261143684387,0.6926895306859205,1785296462.7561784
2,10796,0.543828547000885,0.692775974025974,1785296462.841972
2,10797,0.7014522552490234,0.6926820475847152,1785296462.9233382
2,10798,0.8476604223251343,0.6926783141210374,1785296463.0058193
2,10799,0.6682621240615845,0.6926295896328294,1785296463.0890827
2,10800,0.5446892380714417,0.6926708633093526,1785296463.170075
2,10801,0.6196628212928772,0.6927570093457944,1785296463.2530432
2,10802,0.8411402702331543,0.692663433908046,1785296463.3387039
2,10803,0.49635767936706543,0.6927943287867911,1785296463.4197526
2,10804,0.6986212730407715,0.6926560258249641,1785296463.502991
2,10805,0.5415002703666687,0.692652329749104,1785296463.5836246
2,10806,0.5273009538650513,0.6926486389684814,1785296463.668941
2,10807,0.5266602039337158,0.6925107372942019,1785296463.7542186
2,10808,0.7473787069320679,0.6925071530758226,1785296463.8401823
2,10809,0.7058814764022827,0.6924142244460328,1785296463.9206197
2,10810,0.5107441544532776,0.6924553571428571,1785296464.0046794
2,10811,0.7197747826576233,0.6925410421127766,1785296464.0853112
2,10812,0.8403762578964233,0.6926711840228246,1785296464.167829
2,10813,0.8108854293823242,0.692712045616536,1785296464.2541428
2,10814,0.8390792608261108,0.6927528490028491,1785296464.335099
2,10815,0.5583946108818054,0.6927046263345196,1785296464.4169605
2,10816,0.454764187335968,0.6927453769559033,1785296464.5023406
2,10817,0.6651911735534668,0.6926528073916134,1785296464.583709
2,10818,0.6887520551681519,0.6926047585227273,1785296464.6691024
2,10819,0.6616796851158142,0.6925567778566359,1785296464.7505922
2,10820,0.6367042660713196,0.692508865248227,1785296464.8314226
2,10821,0.6006843447685242,0.6925053153791637,1785296464.9173083
2,10822,0.5888864994049072,0.6925460339943342,1785296465.001896
2,10823,0.533928632736206,0.6926309271054494,1785296465.0827746
2,10824,0.936337411403656,0.6926272984441302,1785296465.1639683
2,10825,0.5640115141868591,0.6925795053003534,1785296465.2454119
2,10826,0.5139668583869934,0.6926200564971752,1785296465.3265722
2,10827,0.43064016103744507,0.6927046577275935,1785296465.408893
2,10828,0.5138532519340515,0.6927891396332864,1785296465.4932337
2,10829,0.43686553835868835,0.6927413671599718,1785296465.5746417
2,10830,0.5492695569992065,0.6928697183098591,1785296465.6548195
2,10831,0.5230960845947266,0.6928219563687544,1785296465.740379
2,10832,0.6993336081504822,0.6928182137834037,1785296465.8232462
2,10833,0.5714500546455383,0.6929023190442727,1785296465.9044223
2,10834,0.6708571314811707,0.6928985252808989,1785296465.9894018
2,10835,0.46650493144989014,0.6929824561403509,1785296466.070304
2,10836,0.5789448618888855,0.6929786115007013,1785296466.1550684
2,10837,0.6043154001235962,0.6929309740714786,1785296466.2353384
2,10838,0.6711267232894897,0.6926645658263305,1785296466.3172977
2,10839,0.7425742149353027,0.6927046885934219,1785296466.3983982
2,10840,0.5516395568847656,0.692701048951049,1785296466.4791899
2,10841,0.5934452414512634,0.6926974143955276,1785296466.560693
2,10842,0.49284547567367554,0.6927374301675978,1785296466.641971
2,10843,0.5581718683242798,0.6926465457083043,1785296466.7278125
2,10844,0.7435029745101929,0.6925993723849372,1785296466.8087478
2,10845,0.5481750965118408,0.6926393728222997,1785296466.8891356
2,10846,0.5431848764419556,0.6926793175487466,1785296466.9701333
2,10847,0.7018696069717407,0.6927192066805845,1785296467.0545352
2,10848,0.5360523462295532,0.692759040333797,1785296467.1349752
2,10849,0.5902496576309204,0.6927988186240445,1785296467.2161129
2,10850,0.6456298232078552,0.6927517361111111,1785296467.2966573
2,10851,0.5704132914543152,0.6927914642609299,1785296467.3769941
2,10852,0.6395684480667114,0.692874479889043,1785296467.4584477
2,10853,0.6238447427749634,0.6928274428274428,1785296467.5432758
2,10854,0.5524082183837891,0.6926939058171745,1785296467.6240726
2,10855,0.7331217527389526,0.6927768166089966,1785296467.70413
2,10856,0.6592686176300049,0.6927299446749654,1785296467.7856574
2,10857,0.4139021337032318,0.6928127159640636,1785296467.8705964
2,10858,0.49870777130126953,0.6927658839779005,1785296467.9525852
2,10859,0.8887615203857422,0.6929347826086957,1785296468.0361855
2,10860,0.4778316617012024,0.6929310344827586,1785296468.1215007
2,10861,0.3723646402359009,0.6930565127498277,1785296468.2042823
2,10862,0.725942850112915,0.6929665977961432,1785296468.2856412
2,10863,0.5429667234420776,0.6929198210598762,1785296468.370549
2,10864,0.5244622826576233,0.6929160935350757,1785296468.4583333
2,10865,0.807904839515686,0.6929123711340206,1785296468.5394182
2,10866,0.7282140851020813,0.6929086538461539,1785296468.6200285
2,10867,0.8148788809776306,0.6929049416609472,1785296468.7077556
2,10868,0.6375579833984375,0.6926868998628258,1785296468.7911258
2,10869,0.7735230326652527,0.6928118574366005,1785296468.8721113
2,10870,0.5260723233222961,0.6928938356164384,1785296468.959629
2,10871,0.7205259799957275,0.6928901437371663,1785296469.0404968
2,10872,0.6065222024917603,0.692843707250342,1785296469.1205945
2,10873,0.8323158621788025,0.6927973342447027,1785296469.206968
2,10874,0.7642639875411987,0.6929217896174863,1785296469.2925496
2,10875,0.6710103750228882,0.6929180887372014,1785296469.373409
2,10876,0.5092784762382507,0.6928717598908595,1785296469.4588408
2,10877,0.5853177905082703,0.6928680981595092,1785296469.541782
2,10878,0.4537324905395508,0.6929070163487738,1785296469.6268144
2,10879,0.8526959419250488,0.692860789652825,1785296469.70673
2,10880,0.5946768522262573,0.6927721088435375,1785296469.787524
2,10881,0.5881572365760803,0.6928535010197144,1785296469.8685718
2,10882,0.5423902869224548,0.692977241847826,1785296469.956184
2,10883,0.6753527522087097,0.6930159538357095,1785296470.0389953
2,10884,0.5674110054969788,0.6929698100407056,1785296470.1203537
2,10885,0.4539988040924072,0.6930508474576271,1785296470.2026086
2,10886,0.6707729697227478,0.6931317750677507,1785296470.287296
2,10887,0.8973124027252197,0.6930010155721056,1785296470.368886
2,10888,0.6076667308807373,0.6929972936400541,1785296470.4539204
2,10889,0.43218621611595154,0.6931203515889114,1785296470.5350518
2,10890,0.5691680908203125,0.6932854729729729,1785296470.6209025
2,10891,0.8836876153945923,0.6931971640783254,1785296470.703143
2,10892,0.46316322684288025,0.6934041835357625,1785296470.7849107
2,10893,0.6073459386825562,0.6933159136884693,1785296470.866592
2,10894,0.5125526189804077,0.6932698787061995,1785296470.9528205
2,10895,0.80885910987854,0.6932239057239057,1785296471.033911
2,10896,0.42652595043182373,0.6933041722745625,1785296471.1151707
2,10897,0.4219498336315155,0.6934263618022865,1785296471.1987424
2,10898,0.42040571570396423,0.6935063844086021,1785296471.279516
2,10899,0.5205729007720947,0.6935862995298858,1785296471.3635383
2,10900,0.7332343459129333,0.6934563758389262,1785296471.4450672
2,10901,0.7753711938858032,0.6934523809523809,1785296471.52687
2,10902,0.5182328820228577,0.6934483914209115,1785296471.6069975
2,10903,0.47855809330940247,0.6935281312793035,1785296471.6870115
2,10904,0.8598644733428955,0.6935240963855421,1785296471.7727246
2,10905,0.7751684188842773,0.6936036789297659,1785296471.8540168
2,10906,0.7314498424530029,0.6935160427807486,1785296471.9396234
2,10907,0.8030402660369873,0.6935955243820975,1785296472.022753
2,10908,0.7037837505340576,0.6936331775700935,1785296472.1069703
2,10909,0.4185161888599396,0.6936707805203469,1785296472.1876733
2,10910,0.8037071228027344,0.6936666666666667,1785296472.268753
2,10911,0.4938463270664215,0.6935792804796802,1785296472.3550935
2,10912,0.6932981014251709,0.6934920106524634,1785296472.4364228
2,10913,0.6163233518600464,0.6935296074517632,1785296472.5171282
2,10914,0.4896755516529083,0.6936502659574468,1785296472.6007764
2,10915,0.5447162985801697,0.6935215946843853,1785296472.6822772
2,10916,0.7663187384605408,0.6936005976095617,1785296472.7670321
2,10917,0.47357410192489624,0.693513603185136,1785296472.8496637
2,10918,0.8279904127120972,0.6935510610079576,1785296472.9305649
2,10919,0.830935001373291,0.6935470510271703,1785296473.0122168
2,10920,0.5182161927223206,0.6935016556291391,1785296473.0964584
2,10921,0.5456520915031433,0.6933322303110523,1785296473.1771252
2,10922,0.5541309118270874,0.693328373015873,1785296473.2586396
2,10923,0.41965654492378235,0.6933658294778585,1785296473.3435516
2,10924,0.7621451616287231,0.6933206737120211,1785296473.4250212
2,10925,0.6401789784431458,0.6932755775577558,1785296473.5072393
2,10926,0.8588045239448547,0.6934366754617414,1785296473.590295
2,10927,0.5612832903862,0.693432762030323,1785296473.674911
2,10928,0.7458094358444214,0.6933053359683794,1785296473.760667
2,10929,0.5853858590126038,0.6933426596445029,1785296473.8414125
2,10930,0.557523787021637,0.6933799342105263,1785296473.9225154
2,10931,0.6843023300170898,0.6933760683760684,1785296474.0078537
2,10932,0.9417829513549805,0.6934543363994744,1785296474.0933208
2,10933,0.4582939147949219,0.6934093893630991,1785296474.1753075
2,10934,0.47645503282546997,0.6934055118110236,1785296474.2561707
2,10935,0.5177907347679138,0.6934016393442622,1785296474.3375037
2,10936,0.691297173500061,0.6934387287024901,1785296474.4234982
2,10937,0.7210524082183838,0.6933529796987558,1785296474.5056927
2,10938,0.770426332950592,0.6933082460732984,1785296474.5867016
2,10939,0.49902576208114624,0.69330444735121,1785296474.6698983
2,10940,0.6872901916503906,0.693218954248366,1785296474.749441
2,10941,0.609942615032196,0.6932560418027433,1785296474.8333495
2,10942,0.6351587772369385,0.6932522845953003,1785296474.911986
2,10943,0.763774037361145,0.6933300717547293,1785296474.9910383
2,10944,1.0338473320007324,0.6934077574967406,1785296475.0703404
2,10945,0.5142877697944641,0.6934039087947883,1785296475.1490633
2,10946,0.6292295455932617,0.6934000651041666,1785296475.2281606
2,10947,0.6098035573959351,0.6934775536759922,1785296475.3061612
2,10948,0.5675656795501709,0.6934330299089727,1785296475.3861976
2,10949,0.5813636779785156,0.6934291747888239,1785296475.4681082
2,10950,0.6456182599067688,0.6933847402597403,1785296475.547245
2,10951,0.5796127319335938,0.6934214795587281,1785296475.6327481
2,10952,0.8061020374298096,0.6934987029831388,1785296475.7134974
2,10953,0.4925960898399353,0.6935758263123785,1785296475.797235
2,10954,0.581809937953949,0.6935718911917098,1785296475.8798342
2,10955,0.7113205790519714,0.6935275080906149,1785296475.9640343
2,10956,0.7928565740585327,0.6935236093143596,1785296476.0473607
2,10957,0.5086018443107605,0.6936409179056238,1785296476.1292562
2,10958,0.5413469076156616,0.6936773255813954,1785296476.2127857
2,10959,0.6512576341629028,0.6936329890251776,1785296476.2973619
2,10960,0.6864410638809204,0.6935887096774194,1785296476.3791175
2,10961,0.5431657433509827,0.6936653771760155,1785296476.4615488
2,10962,0.6241530776023865,0.6937822164948454,1785296476.5436716
2,10963,0.5541112422943115,0.6937781712813909,1785296476.6251094
2,10964,0.5307603478431702,0.6937741312741312,1785296476.709497
2,10965,0.6896554827690125,0.6939308681672026,1785296476.7924879
2,10966,0.47659263014793396,0.693806233933162,1785296476.8756938
2,10967,0.5430876612663269,0.6938423249839435,1785296476.9614656
2,10968,0.48525846004486084,0.693918485237484,1785296477.0462997
2,10969,0.46554169058799744,0.6939143681847338,1785296477.133806
2,10970,0.6711260676383972,0.6940304487179487,1785296477.2168736
2,10971,0.5184929370880127,0.6939862267777066,1785296477.2959077
2,10972,0.5469003319740295,0.694062099871959,1785296477.3734822
2,10973,0.6808151602745056,0.6939779270633397,1785296477.4531682
2,10974,0.7392802834510803,0.6938539002557544,1785296477.5359225
2,10975,0.5695046186447144,0.693849840255591,1785296477.6132321
2,10976,0.6185856461524963,0.6938058748403576,1785296477.6965406
2,10977,0.8094348311424255,0.693761965539247,1785296477.7768102
2,10978,0.722618043422699,0.693718112244898,1785296477.8619728
2,10979,0.2706645727157593,0.6938734862970045,1785296477.9440432
2,10980,0.6099393367767334,0.6938694267515924,1785296478.022246
2,10981,0.7625735998153687,0.6939051559516232,1785296478.1009037
2,10982,0.7577435970306396,0.6940203562340967,1785296478.178996
2,10983,0.5257841348648071,0.6939764780673872,1785296478.2571702
2,10984,0.560927152633667,0.6940120711562897,1785296478.3344796
2,10985,0.6167263388633728,0.6940873015873016,1785296478.4186642
2,10986,0.42546331882476807,0.6941227791878173,1785296478.5028827
2,10987,0.5135602951049805,0.6941978440076094,1785296478.582112
2,10988,0.5684959292411804,0.6940747782002535,1785296478.670441
2,10989,0.79021817445755,0.6938727042431919,1785296478.7539122
2,10990,0.40640905499458313,0.6939082278481012,1785296478.8410878
2,10991,0.659060001373291,0.693943706514864,1785296478.9203706
2,10992,0.6253747940063477,0.6939001264222503,1785296478.9979134
2,10993,0.8232356309890747,0.6938566013897662,1785296479.0757422
2,10994,0.7253211140632629,0.6937736742424242,1785296479.1542091
2,10995,0.6101595759391785,0.6936908517350158,1785296479.2341816
2,10996,0.671745240688324,0.6937263556116016,1785296479.31208
2,10997,0.4324580729007721,0.693683049779458,1785296479.3900588
2,10998,0.5958725810050964,0.6937185138539043,1785296479.4675295
2,10999,0.655716598033905,0.6936752674638137,1785296479.5468786
2,11000,0.5189021825790405,0.6936713836477988,1785296479.6241975
2,11001,0.4673757553100586,0.6937460716530484,1785296479.7095199
2,11002,0.7399824857711792,0.6937421482412061,1785296479.7872834
2,11003,0.5764886736869812,0.6937774639045825,1785296479.870856
2,11004,0.5895127058029175,0.6937735257214555,1785296479.9493032
2,11005,0.7721237540245056,0.693730407523511,1785296480.0317564
2,11006,0.7413188219070435,0.693609022556391,1785296480.1110368
2,11007,0.5948747396469116,0.693605197244834,1785296480.18895
2,11008,0.7078115344047546,0.6936013767209012,1785296480.267812
2,11009,0.6181960105895996,0.6937148217636022,1785296480.351396
2,11010,0.5072687268257141,0.6937109375,1785296480.4343872
2,11011,0.7022024393081665,0.6937070580886946,1785296480.5169947
2,11012,0.6422755718231201,0.6937031835205992,1785296480.5947278
2,11013,0.480960488319397,0.6936993137866501,1785296480.6782627
2,11014,0.5581793189048767,0.6936175187032418,1785296480.7588909
2,11015,0.7628867626190186,0.6936137071651091,1785296480.8406887
2,11016,0.4704589247703552,0.6938044831880449,1785296480.9254675
2,11017,0.5153965950012207,0.6938783447417548,1785296481.0092642
2,11018,0.7038695216178894,0.6938355099502488,1785296481.0908985
2,11019,0.6131151914596558,0.6939092604101926,1785296481.1734347
2,11020,0.5665667653083801,0.6939829192546584,1785296481.2557569
2,11021,0.4649476408958435,0.694056486654252,1785296481.3400533
2,11022,0.43756532669067383,0.6941299627791563,1785296481.4260972
2,11023,0.6242228150367737,0.6940871047737136,1785296481.510616
2,11024,0.6068422794342041,0.6941217472118959,1785296481.5925179
2,11025,0.6161861419677734,0.6941176470588235,1785296481.6750271
2,11026,0.8264970779418945,0.6940748762376238,1785296481.7607615
2,11027,0.7055432200431824,0.6939935064935064,1785296481.842648
2,11028,0.8086884021759033,0.6941440049443758,1785296481.9239714
2,11029,0.65535569190979,0.6941785052501545,1785296482.0127861
2,11030,0.6430374383926392,0.6942901234567901,1785296482.1033158
2,11031,0.7155084013938904,0.6942088217149908,1785296482.1886716
2,11032,0.44131094217300415,0.6942432182490752,1785296482.2664313
2,11033,0.6954506635665894,0.694162045594578,1785296482.3476565
2,11034,0.5103527903556824,0.6940809729064039,1785296482.4317138
2,11035,0.6219493746757507,0.694076923076923,1785296482.5101366
2,11036,0.5011036396026611,0.69414975399754,1785296482.5876002
2,11037,0.6541936993598938,0.6941072526121697,1785296482.6707804
2,11038,0.7749121189117432,0.6941799754299754,1785296482.7475429
2,11039,0.7609001398086548,0.6942909760589319,1785296482.829525
2,11040,0.7510339617729187,0.6942484662576687,1785296482.90749
2,11041,0.4761834442615509,0.6943209687308399,1785296482.992228
2,11042,0.5608237981796265,0.6942401960784313,1785296483.0787182
2,11043,0.6739160418510437,0.6942743417023882,1785296483.1577573
2,11044,0.7736707925796509,0.6942319461444308,1785296483.2453346
2,11045,0.4233895242214203,0.6943042813455658,1785296483.3306146
2,11046,0.6086881756782532,0.6943383251833741,1785296483.4148362
2,11047,0.615460216999054,0.6942959682345754,1785296483.5028653
2,11048,0.5624915361404419,0.6942918192918193,1785296483.5906122
2,11049,0.6833617687225342,0.6943258084197681,1785296483.6728494
2,11050,0.662481427192688,0.694359756097561,1785296483.7543747
2,11051,0.3835201859474182,0.6944698354661791,1785296483.835055
2,11052,0.5217639207839966,0.6944655907429963,1785296483.9201233
2,11053,0.6095561385154724,0.6943091905051735,1785296484.0020826
2,11054,0.7678866982460022,0.6943810827250608,1785296484.0814927
2,11055,0.8271989822387695,0.6943768996960487,1785296484.1590025
2,11056,0.6607809662818909,0.6943727217496962,1785296484.2374582
2,11057,0.6292033195495605,0.6942926533090468,1785296484.314965
2,11058,0.6927014589309692,0.6941747572815534,1785296484.3928301
2,11059,0.5981112122535706,0.6941328077622801,1785296484.4703748
2,11060,0.46952298283576965,0.6940530303030303,1785296484.5524943
2,11061,0.6724145412445068,0.6940869170199879,1785296484.639832
2,11062,0.5870375633239746,0.6940450968523002,1785296484.721232
2,11063,0.616646945476532,0.6941923774954628,1785296484.8015058
2,11064,0.8822756409645081,0.6942261185006046,1785296484.8802345
2,11065,0.5610547661781311,0.6942220543806646,1785296484.9652078
2,11066,0.480304092168808,0.6942934782608695,1785296485.0467272
2,11067,0.6476688385009766,0.6942139408569704,1785296485.124519
2,11068,0.5115187764167786,0.6942098914354644,1785296485.2045043
2,11069,0.6671406626701355,0.6942058468957203,1785296485.2878692
2,11070,0.5783203840255737,0.6943147590361446,1785296485.3673346
2,11071,0.6205452680587769,0.694310656231186,1785296485.4456909
2,11072,0.4279366433620453,0.694268953068592,1785296485.5246937
2,11073,0.5370662212371826,0.6942273000601323,1785296485.6022892
2,11074,0.5936235189437866,0.6941481370192307,1785296485.6807761
2,11075,0.722739577293396,0.6940690690690691,1785296485.763396
2,11076,0.5420867800712585,0.6941026410564226,1785296485.8448527
2,11077,0.6023672223091125,0.6940611877624475,1785296485.9265907
2,11078,0.679561972618103,0.6940197841726619,1785296486.009453
2,11079,0.6762463450431824,0.6940533253445177,1785296486.0889814
2,11080,0.7114181518554688,0.694124251497006,1785296486.172082
2,11081,0.5899885892868042,0.694008078994614,1785296486.2505295
2,11082,0.7168285846710205,0.6940041866028708,1785296486.3330722
2,11083,0.6238856315612793,0.6940376569037657,1785296486.4138365
2,11084,0.7270235419273376,0.6938844086021505,1785296486.4923325
2,11085,0.6775351166725159,0.6938805970149253,1785296486.57361
2,11086,0.4023851752281189,0.6939886634844868,1785296486.6552832
2,11087,0.6227025389671326,0.693984794275492,1785296486.7402835
2,11088,0.48467716574668884,0.6939809296781884,1785296486.817805
2,11089,0.5207594633102417,0.6940515187611673,1785296486.8980515
2,11090,0.5605587959289551,0.6941220238095238,1785296486.9789941
2,11091,0.6608439683914185,0.6940809042236764,1785296487.062867
2,11092,0.6276597380638123,0.6940026753864447,1785296487.1459384
2,11093,0.5765658020973206,0.6939988116458705,1785296487.2304573
2,11094,0.45016300678253174,0.69395783847981,1785296487.310358
2,11095,0.513218879699707,0.6939910979228486,1785296487.388367
2,11096,0.5456153154373169,0.6939872479240806,1785296487.465989
2,11097,0.5574536323547363,0.6940945465323058,1785296487.5434122
2,11098,0.5999451875686646,0.6940906398104265,1785296487.6207912
2,11099,0.5260787010192871,0.6941237418590882,1785296487.701525
2,11100,0.6791285276412964,0.6940458579881656,1785296487.7796412
2,11101,1.0894557237625122,0.6941528681253696,1785296487.8601935
2,11102,0.6450426578521729,0.6940381205673759,1785296487.9382613
2,11103,0.523698091506958,0.693960425280567,1785296488.0205698
2,11104,0.4882478713989258,0.6940304014167651,1785296488.0978677
2,11105,0.6352548599243164,0.6940634218289086,1785296488.181712
2,11106,0.5580548644065857,0.6939858490566038,1785296488.2590392
2,11107,0.4183849096298218,0.6940556865055981,1785296488.339078
2,11108,0.6096253991127014,0.6940518256772674,1785296488.4221623
2,11109,0.7892009019851685,0.6940111830488522,1785296488.4998596
2,11110,0.5495792627334595,0.6940441176470589,1785296488.5794413
2,11111,0.5950021147727966,0.693966784244562,1785296488.656732
2,11112,0.760762631893158,0.693816098707403,1785296488.7359486
2,11113,0.554560661315918,0.693775689958896,1785296488.8178046
2,11114,0.6235097050666809,0.6937353286384976,1785296488.8958712
2,11115,0.5629773736000061,0.6937683284457478,1785296488.9732656
2,11116,0.6349105834960938,0.6937646541617819,1785296489.0526514
2,11117,0.6422799229621887,0.6936511423550088,1785296489.130892
2,11118,0.6938652396202087,0.6936475409836066,1785296489.209937
2,11119,0.6402386426925659,0.6936073727325922,1785296489.2873986
2,11120,0.5081369280815125,0.6935307017543859,1785296489.3653092
2,11121,0.40051692724227905,0.6936367621274109,1785296489.4470983
2,11122,0.5028144717216492,0.6936696845794392,1785296489.52777
2,11123,0.5414235591888428,0.6935566258026854,1785296489.6151314
2,11124,0.6846470832824707,0.6935166277712952,1785296489.6944623
2,11125,0.5090579986572266,0.6935495626822158,1785296489.772147
2,11126,0.4883243441581726,0.6935460372960373,1785296489.84986
2,11127,0.4536173343658447,0.6935789167152009,1785296489.927453
2,11128,0.6720900535583496,0.6936117578579744,1785296490.005683
2,11129,0.6885923743247986,0.693608202443281,1785296490.0840507
2,11130,0.686455249786377,0.6935683139534884,1785296490.1620212
2,11131,0.6144728660583496,0.6935647879140034,1785296490.2401118
2,11132,0.8071120977401733,0.6937064459930313,1785296490.3180735
2,11133,0.5617925524711609,0.6936665699361578,1785296490.3997753
2,11134,0.6038221120834351,0.6936267401392111,1785296490.4819186
2,11135,0.6934689283370972,0.6935507246376812,1785296490.5626242
2,11136,0.5802227258682251,0.6935110081112399,1785296490.6398933
2,11137,0.7475824952125549,0.6934351476548929,1785296490.7217216
2,11138,0.7858572006225586,0.6935040509259259,1785296490.7998319
2,11139,0.5587092638015747,0.6935005783689995,1785296490.8803787
2,11140,0.30578720569610596,0.6936416184971098,1785296490.9629986
2,11141,0.786316990852356,0.6934936452917388,1785296491.047177
2,11142,0.5381499528884888,0.6935262702078522,1785296491.1314309
2,11143,0.38910236954689026,0.693594922100404,1785296491.2118356
2,11144,0.5291904807090759,0.6936634948096886,1785296491.2926435
2,11145,0.6311647295951843,0.6936239193083573,1785296491.3731592
2,11146,0.677878201007843,0.6935843894009217,1785296491.451564
2,11147,0.959036111831665,0.6936168681635003,1785296491.5310163
2,11148,0.6035212278366089,0.6936493095512083,1785296491.6166036
2,11149,0.47474125027656555,0.6936098332374928,1785296491.6985397
2,11150,0.6581406593322754,0.6936422413793103,1785296491.7762196
2,11151,0.7438008785247803,0.6936746122917863,1785296491.8591332
2,11152,0.3956437110900879,0.6937428243398392,1785296491.9422004
2,11153,0.5386673212051392,0.6937751004016064,1785296492.0227814
2,11154,0.46605145931243896,0.6937356651376146,1785296492.100294
2,11155,0.6218225359916687,0.6936604584527221,1785296492.1784456
2,11156,0.6511544585227966,0.6936569301260023,1785296492.2613513
2,11157,0.5671325325965881,0.6935818546078992,1785296492.3464808
2,11158,0.5868246555328369,0.6935426201372997,1785296492.424687
2,11159,0.4979531466960907,0.6935748999428245,1785296492.507465
2,11160,0.694119393825531,0.6935714285714286,1785296492.590137
2,11161,0.6590784192085266,0.693675042832667,1785296492.668191
2,11162,0.854346513748169,0.6936358447488584,1785296492.746437
2,11163,0.8066413402557373,0.6937393040501997,1785296492.8245587
2,11164,0.500013530254364,0.6937001140250855,1785296492.9072185
2,11165,0.6555384993553162,0.6935897435897436,1785296492.9911325
2,11166,0.43512749671936035,0.6935862756264237,1785296493.0683956
2,11167,0.608182430267334,0.6935472396129767,1785296493.146209
2,11168,0.5679109692573547,0.6935793515358362,1785296493.228129
2,11169,0.34803318977355957,0.6937180216031836,1785296493.3082783
2,11170,0.6391408443450928,0.69375,1785296493.3885572
2,11171,0.6775371432304382,0.693675468483816,1785296493.4714882
2,11172,0.708570122718811,0.6936364926220204,1785296493.5559235
2,11173,0.8095791339874268,0.6937039137833239,1785296493.6410947
2,11174,0.508368968963623,0.6937003968253969,1785296493.724219
2,11175,0.5876436233520508,0.6936614730878187,1785296493.8131711
2,11176,0.4958800673484802,0.6936225934314836,1785296493.901542
2,11177,0.5792621970176697,0.6935483870967742,1785296493.982836
2,11178,0.4566566050052643,0.6935449660633484,1785296494.0646288
2,11179,0.6493574976921082,0.6935062182023742,1785296494.147933
2,11180,0.7165942788124084,0.6935734463276836,1785296494.230121
2,11181,0.5023194551467896,0.6936405985319029,1785296494.3119986
2,11182,0.5315539836883545,0.6935665914221218,1785296494.3897357
2,11183,0.5960800647735596,0.6935631697687535,1785296494.4722133
2,11184,0.6659731864929199,0.693630214205186,1785296494.5503
2,11185,0.48115068674087524,0.6936971830985915,1785296494.6302543
2,11186,0.6562278270721436,0.6936936936936937,1785296494.7100034
2,11187,0.618727445602417,0.6936902082160945,1785296494.792397
2,11188,0.8317488431930542,0.6936515748031497,1785296494.870417
2,11189,0.6264207363128662,0.6936832490163013,1785296494.952366
2,11190,0.5958970785140991,0.6936095505617977,1785296495.032875
2,11191,0.5553486347198486,0.6936412128017967,1785296495.11926
2,11192,0.6084755659103394,0.6936728395061729,1785296495.208739
2,11193,0.7987608313560486,0.6936693774537297,1785296495.290781
2,11194,0.3952291011810303,0.6937359865470852,1785296495.3725357
2,11195,0.30191031098365784,0.6938725490196078,1785296495.4554436
2,11196,0.7792865633964539,0.6939039753639418,1785296495.5337496
2,11197,0.7410308122634888,0.693935366536094,1785296495.62029
2,11198,0.4686194956302643,0.6938618568232662,1785296495.7045026
2,11199,0.5413596630096436,0.693858300726663,1785296495.7877243
2,11200,0.6024217009544373,0.6937849162011173,1785296495.8677182
2,11201,0.6992109417915344,0.6937814070351759,1785296495.9485447
2,11202,0.6137540340423584,0.69384765625,1785296496.0282006
2,11203,0.6965370178222656,0.6938441160066927,1785296496.110247
2,11204,0.7913427352905273,0.6938057413600892,1785296496.1886303
2,11205,0.6766530275344849,0.6936281337047354,1785296496.2679646
2,11206,0.6057900190353394,0.6937291202672605,1785296496.3468983
2,11207,0.6014561653137207,0.693725653867557,1785296496.425337
2,11208,0.7785747647285461,0.6935831479421579,1785296496.5088556
2,11209,0.5095857381820679,0.6936145080600333,1785296496.5872583
2,11210,0.5661616325378418,0.6935416666666666,1785296496.6662352
2,11211,0.5392113327980042,0.6933995002776235,1785296496.7446008
2,11212,0.6649119853973389,0.693430910099889,1785296496.823702
2,11213,0.5188330411911011,0.6934276206322796,1785296496.9073164
2,11214,0.6396508812904358,0.693355044345898,1785296496.9899068
2,11215,0.45713505148887634,0.6933518005540166,1785296497.0673618
2,11216,0.7671049237251282,0.6931409191583611,1785296497.1456642
2,11217,0.5402392148971558,0.6931723851687881,1785296497.2249453
2,11218,0.5736388564109802,0.6932038163716814,1785296497.3034375
2,11219,0.7057381272315979,0.6930624654505252,1785296497.3863482
2,11220,0.4973336458206177,0.6930593922651934,1785296497.466741
2,11221,0.5395529866218567,0.6931253451131971,1785296497.5471575
2,11222,0.8581973910331726,0.6931567328918322,1785296497.6251724
2,11223,0.5091165900230408,0.6931536127964699,1785296497.7111654
2,11224,0.5169122219085693,0.6930815876515987,1785296497.7887743
2,11225,0.7435742020606995,0.6930785123966943,1785296497.8694713
2,11226,0.6609496474266052,0.6929721916299559,1785296497.948947
2,11227,1.0351256132125854,0.6929347826086957,1785296498.0279503
2,11228,0.8120452165603638,0.6928630363036303,1785296498.1060264
2,11229,0.5274721384048462,0.6927913688840022,1785296498.1853158
2,11230,0.5433678030967712,0.6928571428571428,1785296498.2647781
2,11231,0.5228080153465271,0.6928542009884678,1785296498.344405
2,11232,0.8352033495903015,0.6929541712403952,1785296498.4231083
2,11233,0.9024499654769897,0.6930540318156885,1785296498.5010424
2,11234,0.7410528659820557,0.6930167214912281,1785296498.579057
2,11235,0.6418667435646057,0.6930479452054794,1785296498.6570473
2,11236,0.561510443687439,0.6930449069003286,1785296498.7367346
2,11237,0.5716165900230408,0.6931102900930487,1785296498.8151755
2,11238,0.6246097683906555,0.6931414113785558,1785296498.8943787
2,11239,0.7590215802192688,0.69313832695462,1785296498.9777799
2,11240,0.580734133720398,0.6931352459016393,1785296499.0559409
2,11241,0.5649843811988831,0.6931663025669034,1785296499.1391118
2,11242,0.5739541053771973,0.6930608624454149,1785296499.218636
2,11243,0.7425358295440674,0.6930919258046918,1785296499.2988667
2,11244,0.6758920550346375,0.6930888767720829,1785296499.3776236
2,11245,0.60779869556427,0.6930858310626703,1785296499.4637465
2,11246,0.7945965528488159,0.693150871459695,1785296499.5462387
2,11247,0.5162995457649231,0.6930797495917257,1785296499.6296597
2,11248,0.6131210923194885,0.6930087051142546,1785296499.7102487
2,11249,0.487891286611557,0.693073681348559,1785296499.7882788
2,11250,0.706716775894165,0.6930366847826087,1785296499.8671315
2,11251,0.5305555462837219,0.6929997284084737,1785296499.9494483
2,11252,0.6354964375495911,0.6929628121606949,1785296500.028985
2,11253,0.4841301441192627,0.6929937601736299,1785296500.1082752
2,11254,0.8071505427360535,0.6928890997830802,1785296500.189169
2,11255,0.6610774397850037,0.692920054200542,1785296500.2701511
2,11256,0.4731350541114807,0.6928832611050921,1785296500.347546
2,11257,0.6771275997161865,0.6927788305360043,1785296500.4300885
2,11258,0.6988955736160278,0.6927421536796536,1785296500.513063
2,11259,0.6113780736923218,0.6928745267712277,1785296500.5905974
2,11260,0.5593881607055664,0.6927702702702703,1785296500.6731231
2,11261,0.6287909746170044,0.692733657482442,1785296500.756021
2,11262,0.43654152750968933,0.6928320734341252,1785296500.834291
2,11263,0.632713258266449,0.6928291958985429,1785296500.9142237
2,11264,0.6105582118034363,0.6928263214670982,1785296500.993493
2,11265,0.47543415427207947,0.6927897574123989,1785296501.0718725
2,11266,0.601615309715271,0.6927532327586207,1785296501.1493413
2,11267,0.4736975133419037,0.6927840603123318,1785296501.2317536
2,11268,0.5293759107589722,0.6928484930032293,1785296501.3098903
2,11269,0.3006623387336731,0.6929464766003227,1785296501.3915079
2,11270,0.6494646668434143,0.6928763440860215,1785296501.4689214
2,11271,0.5271320343017578,0.6928734551316497,1785296501.5466623
2,11272,0.33555224537849426,0.6930048335123523,1785296501.6244292
2,11273,0.6053163409233093,0.69296833064949,1785296501.702851
2,11274,0.5304006338119507,0.6928983369098712,1785296501.7817364
2,11275,0.7774316072463989,0.6929624664879357,1785296501.8612106
2,11276,0.5441174507141113,0.6930265273311897,1785296501.9399977
2,11277,0.556250810623169,0.6930235672201392,1785296502.0175807
2,11278,0.5194193124771118,0.6930875267665952,1785296502.0970285
2,11279,0.5495858788490295,0.693151417870519,1785296502.1816928
2,11280,0.4648840129375458,0.6931483957219251,1785296502.259522
2,11281,0.4198235869407654,0.6932455905932656,1785296502.337208
2,11282,0.38700610399246216,0.6932759081196581,1785296502.415843
2,11283,0.643726646900177,0.6931727175654031,1785296502.4944122
2,11284,0.5680726766586304,0.6930696371398078,1785296502.5737638
2,11285,0.6392033696174622,0.6930666666666667,1785296502.6570063
2,11286,1.078489065170288,0.6930303837953091,1785296502.7405396
2,11287,0.8014191389083862,0.6929275439531166,1785296502.82368
2,11288,0.522376298904419,0.692924653887114,1785296502.9019504
2,11289,0.7383860945701599,0.6928219797764769,1785296502.984498
2,11290,0.7005116939544678,0.6928523936170212,1785296503.0631814
2,11291,0.8505939245223999,0.6927830940988836,1785296503.146243
2,11292,0.7260850667953491,0.6928134962805526,1785296503.226307
2,11293,0.5385496616363525,0.692777482740308,1785296503.3051903
2,11294,0.4784590005874634,0.6927083333333334,1785296503.3858216
2,11295,0.5559166669845581,0.6926724137931034,1785296503.4643767
2,11296,0.5768020153045654,0.6927028101802757,1785296503.5422597
2,11297,0.8432034254074097,0.6926669316375199,1785296503.6215618
2,11298,0.5299263000488281,0.6925979872881356,1785296503.700348
2,11299,0.7066474556922913,0.6926283748014823,1785296503.7782285
2,11300,0.7563259601593018,0.6925925925925925,1785296503.8595362
2,11301,0.42233559489250183,0.6926560021152829,1785296503.9375281
2,11302,0.7065280079841614,0.6927193446088795,1785296504.0174356
2,11303,0.742890477180481,0.6925845219228738,1785296504.096425
2,11304,0.6769287586212158,0.6925818373812038,1785296504.178111
2,11305,0.5583080053329468,0.6925791556728232,1785296504.255643
2,11306,0.6481432914733887,0.69260944092827,1785296504.3342106
2,11307,0.46289974451065063,0.6926396942540854,1785296504.4151127
2,11308,0.43262979388237,0.6927028451001054,1785296504.4937606
2,11309,0.6035333275794983,0.6927659294365456,1785296504.5762932
2,11310,0.672461748123169,0.6926973684210527,1785296504.6556118
2,11311,0.6596542000770569,0.6927932667017359,1785296504.7355518
2,11312,0.5826769471168518,0.6928233438485805,1785296504.8149302
2,11313,0.8064777255058289,0.6926563321071991,1785296504.8950512
2,11314,0.6009193062782288,0.6926207983193278,1785296504.9735973
2,11315,0.6586979627609253,0.6926181102362204,1785296505.0566506
2,11316,0.48154985904693604,0.6926810073452256,1785296505.1342146
2,11317,0.6429314613342285,0.6926455165180913,1785296505.2203298
2,11318,0.40232762694358826,0.6927083333333334,1785296505.3010442
2,11319,0.7855162024497986,0.6926401257202724,1785296505.3848877
2,11320,0.8582167625427246,0.6926047120418848,1785296505.465638
2,11321,0.8017369508743286,0.69253663003663,1785296505.548731
2,11322,0.4905276596546173,0.6924686192468619,1785296505.627847
2,11323,0.42263326048851013,0.6924986931521171,1785296505.708247
2,11324,0.7919998168945312,0.6925940438871473,1785296505.7863832
2,11325,0.5858824253082275,0.6925261096605744,1785296505.870754
2,11326,0.7256698608398438,0.6925561064718163,1785296505.9491913
2,11327,0.5602583885192871,0.6925208659363589,1785296506.0269437
2,11328,0.30541926622390747,0.6926485922836287,1785296506.1046138
2,11329,0.7002429366111755,0.6927110474205316,1785296506.1823864
2,11330,0.5716570019721985,0.6927734375,1785296506.259783
2,11331,0.6433819532394409,0.6927381572097866,1785296506.3382244
2,11332,0.5116913914680481,0.6927354318418314,1785296506.4174001
2,11333,0.6014040112495422,0.6926352054082163,1785296506.4976962
2,11334,0.5917273163795471,0.6926325363825364,1785296506.5774298
2,11335,0.6400205492973328,0.6926948051948052,1785296506.6598291
2,11336,0.5908859372138977,0.6927570093457944,1785296506.7422714
2,11337,0.581850528717041,0.692754281266217,1785296506.8204908
2,11338,0.6078974604606628,0.6927515560165975,1785296506.8985884
2,11339,0.6974183320999146,0.692651632970451,1785296506.9761963
2,11340,0.5717625617980957,0.6926165803108808,1785296507.0544345
2,11341,0.6203429102897644,0.6927433972035215,1785296507.1358557
2,11342,0.5483576655387878,0.6927083333333334,1785296507.2153006
2,11343,0.6361103653907776,0.6927056389032592,1785296507.293173
2,11344,0.7297323942184448,0.6927029472595657,1785296507.371404
2,11345,0.563749372959137,0.6927002583979328,1785296507.4496777
2,11346,0.6671318411827087,0.6926975723140496,1785296507.5270796
2,11347,0.4666059613227844,0.6927271553949407,1785296507.604779
2,11348,0.4958059787750244,0.6926922084623323,1785296507.6820881
2,11349,0.5902215242385864,0.6926895306859205,1785296507.7598855
2,11350,0.4150009751319885,0.6926224226804124,1785296507.8377657
2,11351,0.7566471099853516,0.6926841834106131,1785296507.9185815
2,11352,0.5665181279182434,0.6926171472708548,1785296507.998183
2,11353,0.6462974548339844,0.6925501801338136,1785296508.0798962
2,11354,0.9025412201881409,0.6925154320987654,1785296508.1576574
2,11355,0.5078491568565369,0.6925449871465296,1785296508.2355082
2,11356,0.4500480592250824,0.6925745118191161,1785296508.3129914
2,11357,0.570332407951355,0.6925398048279404,1785296508.3911197
2,11358,0.8743573427200317,0.6925372176591376,1785296508.470273
2,11359,0.6118919849395752,0.6925025654181631,1785296508.548325
2,11360,0.755276083946228,0.6925,1785296508.626151
2,11361,0.7798714637756348,0.6924654023577652,1785296508.711185
2,11362,0.39494776725769043,0.6924948770491803,1785296508.7918808
2,11363,0.7167120575904846,0.6924923195084486,1785296508.8757567
2,11364,0.5200847387313843,0.692457778915046,1785296508.9590948
2,11365,0.6682007312774658,0.6923593350383632,1785296509.038463
2,11366,0.6112543344497681,0.6924527096114519,1785296509.1226137
2,11367,0.4293483793735504,0.6924501788451711,1785296509.2039514
2,11368,0.42970913648605347,0.6925434116445353,1785296509.2821882
2,11369,0.6999946236610413,0.692572741194487,1785296509.365651
2,11370,0.4366254508495331,0.6925701530612245,1785296509.450866
2,11371,0.4454771876335144,0.6926313105558388,1785296509.528187
2,11372,0.5974980592727661,0.6925968399592253,1785296509.6071582
2,11373,0.5923769474029541,0.6926260825267447,1785296509.6854508
2,11374,0.7104116678237915,0.692591649694501,1785296509.7658765
2,11375,0.6066822409629822,0.6926526717557252,1785296509.8447793
2,11376,0.6111857295036316,0.6927136317395728,1785296509.9229379
2,11377,0.7590768337249756,0.6926792069140824,1785296510.003863
2,11378,0.4674545228481293,0.6927083333333334,1785296510.081078
2,11379,0.6137792468070984,0.6928009141696293,1785296510.163559
2,11380,0.6509648561477661,0.692766497461929,1785296510.2418344
2,11381,0.5649702548980713,0.6928272450532724,1785296510.3254101
2,11382,0.5227229595184326,0.6927294624746451,1785296510.4031951
2,11383,0.6566780805587769,0.6927584896097314,1785296510.4879024
2,11384,0.5591460466384888,0.6926608409321175,1785296510.5664506
2,11385,0.7514347434043884,0.6926265822784811,1785296510.6475248
2,11386,0.7879548072814941,0.692623987854251,1785296510.7283955
2,11387,0.5396449565887451,0.692653009610521,1785296510.8110294
2,11388,0.7768329381942749,0.6926504044489383,1785296510.8919916
2,11389,0.7955529689788818,0.6927741283476503,1785296510.9715135
2,11390,0.5531946420669556,0.6927714646464647,1785296511.0541332
2,11391,0.5150915384292603,0.6927372539121656,1785296511.1326756
2,11392,0.5672882795333862,0.6927976791120081,1785296511.215445
2,11393,0.6288952827453613,0.692826525466465,1785296511.2983081
2,11394,0.5650134086608887,0.6929183467741935,1785296511.3803527
2,11395,0.8181016445159912,0.6928841309823678,1785296511.4589286
2,11396,0.7253382205963135,0.6928499496475328,1785296511.5386336
2,11397,0.4891001880168915,0.6927528938097635,1785296511.62236
2,11398,0.9020707607269287,0.6928445674044266,1785296511.7036705
2,11399,0.4666486382484436,0.6928104575163399,1785296511.781689
2,11400,0.5500150918960571,0.6928391959798995,1785296511.8605404
2,11401,0.5412219166755676,0.6928365143144148,1785296511.9409761
2,11402,0.4888417422771454,0.6928652108433735,1785296512.019657
2,11403,0.5503831505775452,0.6927997992975414,1785296512.1022825
2,11404,0.790845513343811,0.6926717652958877,1785296512.184753
2,11405,0.8950441479682922,0.6926378446115288,1785296512.2627554
2,11406,0.500731348991394,0.6926352705410822,1785296512.3457873
2,11407,0.41163042187690735,0.692663995993991,1785296512.4267817
2,11408,0.7316967844963074,0.6925988488488488,1785296512.5059829
2,11409,0.6080875396728516,0.6925650325162581,1785296512.5844314
2,11410,0.5178053379058838,0.692625,1785296512.6626732
2,11411,0.6159847974777222,0.6926224387806097,1785296512.7412925
2,11412,0.6642283797264099,0.6926823176823177,1785296512.8189797
2,11413,0.6005282402038574,0.6926485272091862,1785296512.8968606
2,11414,0.6351040005683899,0.6926771457085829,1785296512.975565
2,11415,0.7053676843643188,0.6926745635910224,1785296513.056763
2,11416,0.44380342960357666,0.6927031405782652,1785296513.141332
2,11417,0.7818949818611145,0.6926694070752367,1785296513.2256567
2,11418,0.5452889800071716,0.6926668326693227,1785296513.3072832
2,11419,0.6907580494880676,0.6926642608262817,1785296513.3888013
2,11420,0.7068943977355957,0.6926927860696518,1785296513.4710665
2,11421,0.6241277456283569,0.6927834410740925,1785296513.5496259
2,11422,0.7474210262298584,0.6926876242544732,1785296513.628314
2,11423,0.5455190539360046,0.6926539990064581,1785296513.70642
2,11424,0.840226411819458,0.6925893743793445,1785296513.7851622
2,11425,0.6588558554649353,0.6925248138957817,1785296513.863538
2,11426,0.6861827373504639,0.6925533234126984,1785296513.947829
2,11427,0.6212109923362732,0.6925508180466039,1785296514.0277681
2,11428,0.9050122499465942,0.6925173439048563,1785296514.1109548
2,11429,0.6720364689826965,0.692452947003467,1785296514.1924777
2,11430,0.6427064538002014,0.6923886138613862,1785296514.2743835
2,11431,0.9017572999000549,0.6923552696684809,1785296514.353992
2,11432,0.570684015750885,0.6923219584569733,1785296514.4325418
2,11433,0.5184869170188904,0.692257785467128,1785296514.512006
2,11434,0.6127753853797913,0.692286314229249,1785296514.5903773
2,11435,0.5403438210487366,0.6923456790123457,1785296514.6742592
2,11436,0.551642656326294,0.692312438302073,1785296514.752429
2,11437,0.5127350687980652,0.6923100641341885,1785296514.8345194
2,11438,0.5083068609237671,0.6923076923076923,1785296514.9124606
2,11439,0.8473629951477051,0.6923361261705273,1785296514.9925494
2,11440,0.6134395599365234,0.6923029556650246,1785296515.0743015
2,11441,0.521944522857666,0.692362136878385,1785296515.1576133
2,11442,0.8542674779891968,0.6923905019685039,1785296515.2404199
2,11443,0.5164119601249695,0.6924188391539596,1785296515.3185856
2,11444,0.8401508927345276,0.6924164208456244,1785296515.3968456
2,11445,0.5805084109306335,0.6925061425061425,1785296515.4813468
2,11446,0.6006695032119751,0.6924729862475442,1785296515.5590856
2,11447,0.6762144565582275,0.6925319096710849,1785296515.6408935
2,11448,0.489603728055954,0.6925907752698724,1785296515.7196543
2,11449,0.5586725473403931,0.6925882785679255,1785296515.799487
2,11450,0.817064642906189,0.6926164215686275,1785296515.8785737
2,11451,0.6512569189071655,0.6925832925036747,1785296515.9600227
2,11452,0.6366663575172424,0.6924889813907933,1785296516.0425034
2,11453,0.6317811012268066,0.6924559471365639,1785296516.1253133
2,11454,0.5910378694534302,0.6924229452054794,1785296516.210375
2,11455,0.8518915772438049,0.6924511002444987,1785296516.2913344
2,11456,0.6295602321624756,0.6924792277614858,1785296516.372814
2,11457,0.7200085520744324,0.6924157303370787,1785296516.45218
2,11458,0.5873239040374756,0.692474365234375,1785296516.5315394
2,11459,0.5885620713233948,0.6924109321620303,1785296516.6139026
2,11460,0.704915463924408,0.6924085365853658,1785296516.6962936
2,11461,0.5994502902030945,0.6924366162847392,1785296516.779148
2,11462,0.8404141068458557,0.6924037524366472,1785296516.8572254
2,11463,0.7271594405174255,0.692492693619094,1785296516.9395227
2,11464,0.6875221729278564,0.6925815481986368,1785296517.0222526
2,11465,0.5505653619766235,0.6925790754257908,1785296517.1002517
2,11466,0.6303847432136536,0.692546206225681,1785296517.1827984
2,11467,0.612817645072937,0.6925437530384054,1785296517.263639
2,11468,0.4808390736579895,0.6924198250728864,1785296517.346622
2,11469,0.6677566766738892,0.6923870811073336,1785296517.4299388
2,11470,0.6621906757354736,0.6923847087378641,1785296517.5090115
2,11471,0.467532217502594,0.692473313925279,1785296517.5916483
2,11472,0.49156713485717773,0.6925315227934045,1785296517.675615
2,11473,0.4761309027671814,0.6925290838584586,1785296517.7580647
2,11474,0.6064823865890503,0.6925266472868217,1785296517.8374953
2,11475,0.7997801303863525,0.6924636803874092,1785296517.9196663
2,11476,0.492391437292099,0.6924915295256534,1785296518.0016525
2,11477,0.7999780774116516,0.692458877600387,1785296518.0885582
2,11478,0.7200685739517212,0.6924262572533849,1785296518.1713827
2,11479,0.6135539412498474,0.6923634606089899,1785296518.2505226
2,11480,0.6755629181861877,0.6923913043478261,1785296518.3325834
2,11481,0.5644668936729431,0.6923587638821825,1785296518.4175506
2,11482,0.6614664196968079,0.692416747104247,1785296518.4987195
2,11483,0.4617113471031189,0.6924143753014954,1785296518.5864303
2,11484,0.5580434799194336,0.6924120057859209,1785296518.6678853
2,11485,0.5469130277633667,0.6923795180722891,1785296518.7532988
2,11486,0.49291351437568665,0.6924072736030829,1785296518.8390713
2,11487,0.5607708692550659,0.6924350024073183,1785296518.922958
2,11488,0.806656539440155,0.6922822425409048,1785296519.0065508
2,11489,0.6815317869186401,0.6922799422799423,1785296519.0941837
2,11490,0.6184598803520203,0.6923076923076923,1785296519.1762
2,11491,0.7445657253265381,0.6923053820278712,1785296519.2626858
2,11492,0.7435656189918518,0.6922730547550432,1785296519.3495054
2,11493,0.7841640710830688,0.6922407585213635,1785296519.4318316
2,11494,0.5489860773086548,0.6921785028790787,1785296519.5178304
2,11495,0.49483683705329895,0.6922062350119904,1785296519.5999835
2,11496,0.7681190967559814,0.6920841323106424,1785296519.6855533
2,11497,0.665925920009613,0.6921717776712986,1785296519.7676845
2,11498,0.5348266363143921,0.6921695402298851,1785296519.8494956
2,11499,0.706326425075531,0.6921673049305888,1785296519.935769
2,11500,0.4147113263607025,0.6921650717703349,1785296520.0186949
2,11501,0.7274740934371948,0.6921628407460545,1785296520.1021938
2,11502,0.44746583700180054,0.6921904875717018,1785296520.1868513
2,11503,0.647128701210022,0.6920986622073578,1785296520.2706554
2,11504,0.516887903213501,0.6921263132760267,1785296520.3574822
2,11505,0.8083515167236328,0.6920942720763723,1785296520.440635
2,11506,0.49431127309799194,0.6920622614503816,1785296520.5291858
2,11507,0.7074185609817505,0.6920600858369099,1785296520.612131
2,11508,0.5176138877868652,0.6919983317445186,1785296520.6945572
2,11509,0.48603206872940063,0.6920557408289661,1785296520.7783234
2,11510,0.6694578528404236,0.6920535714285714,1785296520.8554027
2,11511,0.44261303544044495,0.6921108995716325,1785296520.9337165
2,11512,0.6809720993041992,0.6921087059942912,1785296521.0123885
2,11513,0.6078311204910278,0.6921362339514978,1785296521.0907292
2,11514,0.7816275954246521,0.6920746197718631,1785296521.1699066
2,11515,0.8124687671661377,0.6920724465558195,1785296521.249445
2,11516,0.5940608978271484,0.6920999525166192,1785296521.3282115
2,11517,0.4948650896549225,0.6921570953962981,1785296521.4057705
2,11518,0.600569486618042,0.6921252371916509,1785296521.4832659
2,11519,0.49975019693374634,0.6921526789947843,1785296521.5611181
2,11520,0.6427429914474487,0.6921504739336493,1785296521.6389225
2,11521,0.7192364931106567,0.692029843675983,1785296521.7225077
2,11522,0.6358277797698975,0.6919093276515151,1785296521.802645
2,11523,0.5989848375320435,0.6918776620918126,1785296521.8806787
2,11524,0.6317279934883118,0.6917277672658467,1785296521.9588122
2,11525,0.6827097535133362,0.6916666666666667,1785296522.0391552
2,11526,0.5296881198883057,0.6916646975425331,1785296522.1167793
2,11527,0.5720226764678955,0.6916627302786963,1785296522.1948023
2,11528,0.6456869840621948,0.6916607648725213,1785296522.2726386
2,11529,0.570563554763794,0.691717791411043,1785296522.3545883
2,11530,0.6687647104263306,0.691686320754717,1785296522.432903
2,11531,0.8818739056587219,0.6917432814710043,1785296522.5147262
2,11532,0.5874316096305847,0.6917118284637135,1785296522.5928237
2,11533,0.6907987594604492,0.6916215261422516,1785296522.6706536
2,11534,0.7529351711273193,0.6917078625235404,1785296522.7488694
2,11535,0.4985179305076599,0.6917941176470588,1785296522.831768
2,11536,0.5017295479774475,0.6917626999059266,1785296522.909111
2,11537,0.5990237593650818,0.6917606958157029,1785296522.989835
2,11538,0.7564567923545837,0.6917293233082706,1785296523.0682762
2,11539,0.8440743088722229,0.6916979802724283,1785296523.1466982
2,11540,0.44187280535697937,0.691725352112676,1785296523.2243671
2,11541,0.5823886394500732,0.691752698263726,1785296523.3022254
2,11542,0.5118515491485596,0.6917800187617261,1785296523.3802516
2,11543,0.5989131331443787,0.6916901078293484,1785296523.460311
2,11544,1.1559867858886719,0.6917174320524836,1785296523.540297
2,11545,0.591500997543335,0.6917447306791569,1785296523.6237926
2,11546,0.9193825125694275,0.6916549625468165,1785296523.7036033
2,11547,0.598892092704773,0.6916237716424894,1785296523.7815144
2,11548,1.2690130472183228,0.6916510757717493,1785296523.859397
2,11549,0.5495566725730896,0.6917075736325385,1785296523.9367573
2,11550,0.5870271921157837,0.6917348130841121,1785296524.0145602
2,11551,0.6082730293273926,0.6917328351237739,1785296524.092462
2,11552,0.5190261602401733,0.6917308590102708,1785296524.1698012
2,11553,0.6039217710494995,0.6917288847410172,1785296524.251751
2,11554,0.5469146966934204,0.6917852145522388,1785296524.330246
2,11555,0.6251462697982788,0.6917540792540793,1785296524.412845
2,11556,0.4904111325740814,0.6917812208760484,1785296524.492127
2,11557,0.6368759870529175,0.6918374476013042,1785296524.5695245
2,11558,0.5538170337677002,0.6918063314711359,1785296524.6479733
2,11559,0.5532702803611755,0.6918624941833411,1785296524.731557
2,11560,0.5140112638473511,0.6919186046511628,1785296524.8090506
2,11561,0.6911997199058533,0.6919456066945606,1785296524.8888159
2,11562,0.5161563754081726,0.692001626394052,1785296524.96665
2,11563,0.6015548706054688,0.6919414770088249,1785296525.043718
2,11564,0.809686541557312,0.6919103992571959,1785296525.1213777
2,11565,0.5401068329811096,0.6919083526682135,1785296525.1989863
2,11566,0.46779894828796387,0.6920512523191095,1785296525.275689
2,11567,0.43764975666999817,0.6921070931849791,1785296525.359038
2,11568,0.8376688957214355,0.692133920296571,1785296525.4377213
2,11569,0.5572811365127563,0.6920738767948124,1785296525.5215583
2,11570,0.4785979390144348,0.6921006944444444,1785296525.602126
2,11571,0.5804299712181091,0.6920696436834799,1785296525.680047
2,11572,0.713857889175415,0.6920386216466234,1785296525.758292
2,11573,0.6607845425605774,0.692036523347203,1785296525.8364925
2,11574,0.5162019729614258,0.6920633086876156,1785296525.913991
2,11575,0.6210359334945679,0.6920900692840647,1785296525.9922662
2,11576,0.4947565495967865,0.6920302400738689,1785296526.0697985
2,11577,0.5152093172073364,0.6920569912321182,1785296526.151024
2,11578,0.5752993226051331,0.6920837177121771,1785296526.2292218
2,11579,0.5938222408294678,0.6919951590594744,1785296526.3150084
2,11580,0.5752226114273071,0.6919930875576037,1785296526.404033
2,11581,0.5231903791427612,0.6920198065407647,1785296526.4854429
2,11582,0.7637743353843689,0.6919889502762431,1785296526.5681558
2,11583,0.5711612105369568,0.6919581224114127,1785296526.653836
2,11584,0.4637625217437744,0.6920423183072677,1785296526.7357597
2,11585,0.6392307281494141,0.6920402298850574,1785296526.8177123
2,11586,0.7309267520904541,0.6919806985294118,1785296526.9006307
2,11587,0.5310573577880859,0.6919786403307303,1785296526.9795802
2,11588,0.6676071882247925,0.6919191919191919,1785296527.057695
2,11589,0.6057711243629456,0.6919171638366223,1785296527.135539
2,11590,0.7112550735473633,0.6918577981651376,1785296527.2140906
2,11591,0.7372191548347473,0.6918844566712518,1785296527.292508
2,11592,0.5890138149261475,0.691968377635197,1785296527.3705063
2,11593,0.714708685874939,0.6919377004122766,1785296527.4495454
2,11594,0.4969850480556488,0.6919642857142857,1785296527.5269072
2,11595,0.45336031913757324,0.6920194508009153,1785296527.604343
2,11596,0.7461528778076172,0.6920173833485819,1785296527.6829016
2,11597,0.5972462892532349,0.6920153177869227,1785296527.7610934
2,11598,0.43061378598213196,0.691984689213894,1785296527.8396053
2,11599,0.6943125128746033,0.6919826404751028,1785296527.9210064
2,11600,0.5978820323944092,0.6920091324200913,1785296527.9989583
2,11601,0.7505525350570679,0.6919785486079416,1785296528.081647
2,11602,0.42809247970581055,0.6920050182481752,1785296528.1595793
2,11603,0.6573989987373352,0.69203146374829,1785296528.2423398
2,11604,0.5243929624557495,0.6920863719234275,1785296528.319308
2,11605,0.5776746273040771,0.6920273348519362,1785296528.397344
2,11606,0.7630679607391357,0.6919968123861566,1785296528.4773164
2,11607,0.6664727926254272,0.6919663177059627,1785296528.5549197
2,11608,0.4821004569530487,0.6919642857142857,1785296528.6328425
2,11609,0.6524401307106018,0.6919338335607094,1785296528.716142
2,11610,0.6300709247589111,0.6919318181818181,1785296528.7957604
2,11611,0.6271464228630066,0.6919582008178101,1785296528.874538
2,11612,0.4697510004043579,0.6919277929155313,1785296528.9525185
2,11613,0.7225432395935059,0.6918406718111666,1785296529.030629
2,11614,0.6517541408538818,0.6918670598911071,1785296529.1088848
2,11615,0.5630240440368652,0.6918650793650793,1785296529.186105
2,11616,0.6053920388221741,0.6918064369900272,1785296529.2644408
2,11617,0.6124731302261353,0.6918328047122791,1785296529.341878
2,11618,0.4441971182823181,0.6918874547101449,1785296529.419607
2,11619,0.5772395730018616,0.6919137618832051,1785296529.4983437
2,11620,0.4467167854309082,0.6919400452488688,1785296529.5755787
2,11621,0.7134220600128174,0.6919097693351425,1785296529.6534941
2,11622,0.5126773118972778,0.6918795207956601,1785296529.7316277
2,11623,0.5342598557472229,0.6918492995933122,1785296529.809662
2,11624,0.6324713826179504,0.6918191056910569,1785296529.8875806
2,11625,0.8776357769966125,0.6917607223476298,1785296529.97147
2,11626,0.72931307554245,0.6917023916967509,1785296530.0503104
2,11627,0.6826910972595215,0.6917568786648625,1785296530.1334891
2,11628,0.8010438084602356,0.6917549594229035,1785296530.2165263
2,11629,0.5649538040161133,0.6917812077512393,1785296530.296035
2,11630,0.4300835430622101,0.6918355855855856,1785296530.3739858
2,11631,0.7322487235069275,0.6917773525438992,1785296530.4571934
2,11632,0.6334059834480286,0.6918316831683168,1785296530.5389848
2,11633,0.5520116090774536,0.6918297345928925,1785296530.6257994
2,11634,0.6827958822250366,0.691912095323741,1785296530.7103488
2,11635,0.5723095536231995,0.6918820224719101,1785296530.7892053
2,11636,0.7740169763565063,0.6918519766397125,1785296530.876062
2,11637,0.572833240032196,0.6918500224517288,1785296530.9534352
2,11638,0.3432353734970093,0.6919041741472173,1785296531.033779
2,11639,0.6017016172409058,0.6918741588156124,1785296531.1204681
2,11640,0.5576667785644531,0.6918161434977579,1785296531.2013862
2,11641,0.6491284370422363,0.6918702375616316,1785296531.2815182
2,11642,0.7611427307128906,0.6919242831541219,1785296531.360383
2,11643,0.4589427411556244,0.6918663233318406,1785296531.442873
2,11644,0.7087682485580444,0.6918084153983886,1785296531.524808
2,11645,0.7127742171287537,0.6917225950782998,1785296531.6068285
2,11646,0.6794037818908691,0.6916927549194991,1785296531.6906345
2,11647,0.5038983225822449,0.6916908806437193,1785296531.77524
2,11648,0.7759015560150146,0.6917727882037533,1785296531.8644602
2,11649,0.8227584362030029,0.6917708798570791,1785296531.9487033
2,11650,0.6810802221298218,0.6917410714285714,1785296532.0312068
2,11651,0.5385679006576538,0.6917670682730924,1785296532.1106763
2,11652,0.7657172083854675,0.6916536574487065,1785296532.1935074
2,11653,0.5213329792022705,0.6916518056174766,1785296532.2759967
2,11654,0.39155784249305725,0.691677807486631,1785296532.3544858
2,11655,0.6728843450546265,0.6916759465478842,1785296532.4361627
2,11656,0.4459209442138672,0.6917575690115761,1785296532.5146706
2,11657,0.43077534437179565,0.6918113039608367,1785296532.5923634
2,11658,0.6218341588973999,0.6918371886120996,1785296532.6703618
2,11659,0.6605490446090698,0.6918630502445531,1785296532.7502215
2,11660,0.5487540364265442,0.6918333333333333,1785296532.8301837
2,11661,0.8017718195915222,0.6918314082629943,1785296532.9092627
2,11662,0.5417207479476929,0.6918572380106572,1785296532.9884064
2,11663,0.6448420286178589,0.6917998224589437,1785296533.0671773
2,11664,0.5097088813781738,0.6917979148181012,1785296533.1475942
2,11665,0.902965247631073,0.6917960088691796,1785296533.2337294
2,11666,0.9912490844726562,0.6918772163120568,1785296533.3128655
2,11667,0.6808472275733948,0.691819893664156,1785296533.3978355
2,11668,0.6088004112243652,0.6917349424269265,1785296533.4859986
2,11669,0.7033892869949341,0.6916777335104028,1785296533.5681603
2,11670,0.6913594603538513,0.6916758849557522,1785296533.6502743
2,11671,0.7075070738792419,0.6917016806722689,1785296533.7349834
2,11672,0.4805053174495697,0.6917827144120248,1785296533.81532
2,11673,0.4753473103046417,0.6918360583296509,1785296533.899338
2,11674,0.4851500988006592,0.6918893551236749,1785296533.9805048
2,11675,0.6704136729240417,0.6919150110375276,1785296534.0605052
2,11676,0.5420780181884766,0.6918854810238305,1785296534.1396618
2,11677,0.6849416494369507,0.6918284075871195,1785296534.2199442
2,11678,0.6280084848403931,0.6917989417989417,1785296534.2985098
2,11679,0.7823952436447144,0.6918245923314236,1785296534.3806
2,11680,0.6384983062744141,0.6917676211453745,1785296534.4598694
2,11681,0.4183959364891052,0.6918483047115808,1785296534.5397186
2,11682,0.6108551621437073,0.6918188820422535,1785296534.6223373
2,11683,0.6267646551132202,0.6917894852617685,1785296534.7014823
2,11684,0.4787125289440155,0.6917875989445911,1785296534.778926
2,11685,0.4934690296649933,0.6917582417582417,1785296534.8601537
2,11686,0.47694119811058044,0.6918387521968365,1785296534.9413066
2,11687,0.5003675222396851,0.6918642951251647,1785296535.0188222
2,11688,0.5681172609329224,0.6918349429323969,1785296535.0961397
2,11689,0.5256616473197937,0.6917507678806494,1785296535.177286
2,11690,0.47036880254745483,0.6917214912280701,1785296535.257298
2,11691,0.568497359752655,0.6917470407715914,1785296535.3354404
2,11692,0.7483050227165222,0.691717791411043,1785296535.4161758
2,11693,0.5193852186203003,0.6917706964520368,1785296535.5003178
2,11694,0.7880053520202637,0.691768826619965,1785296535.5795164
2,11695,0.8217520117759705,0.6918763676148797,1785296535.6580992
2,11696,0.7304596304893494,0.6918471128608924,1785296535.7434797
2,11697,0.7261587977409363,0.6919545255793617,1785296535.825342
2,11698,0.5603969097137451,0.692034527972028,1785296535.9045343
2,11699,0.510648250579834,0.6919779379641765,1785296535.9905505
2,11700,0.9227733612060547,0.691975982532751,1785296536.0758064
2,11701,0.679296612739563,0.6920013094718463,1785296536.1561503
2,11702,0.39622926712036133,0.6920266143106457,1785296536.239615
2,11703,0.5395568013191223,0.6920791539467946,1785296536.323508
2,11704,0.5910917520523071,0.6921044027898866,1785296536.4026406
2,11705,0.7220699787139893,0.6920751633986928,1785296536.4818718
2,11706,0.5718927979469299,0.6921003919860628,1785296536.5598328
2,11707,0.4880552887916565,0.6921255986068785,1785296536.6384637
2,11708,0.7886608839035034,0.6921507832898173,1785296536.7170503
2,11709,0.7620934844017029,0.6921759460635059,1785296536.7941449
2,11710,0.7917866110801697,0.6921195652173913,1785296536.8718686
2,11711,0.5007763504981995,0.6921447196870926,1785296536.9500542
2,11712,0.4468249976634979,0.692251303214596,1785296537.0266266
2,11713,0.5858028531074524,0.6922221016066001,1785296537.1041572
2,11714,0.8001458048820496,0.692138671875,1785296537.184386
2,11715,0.4572479724884033,0.6921637744034708,1785296537.2688863
2,11716,0.6336529850959778,0.6921075455333912,1785296537.350932
2,11717,0.5372902750968933,0.6921868227134808,1785296537.4286373
2,11718,0.6391870379447937,0.6921306325823223,1785296537.5129008
2,11719,0.7369754910469055,0.6921556951061065,1785296537.5906816
2,11720,0.5836216807365417,0.6921266233766233,1785296537.6727116
2,11721,0.5752190947532654,0.6920705322371268,1785296537.7499945
2,11722,0.6088731288909912,0.6920144896193772,1785296537.8280294
2,11723,0.5956678986549377,0.6920395590142672,1785296537.9059362
2,11724,0.6311253309249878,0.6919835782195333,1785296537.9840171
2,11725,0.8541168570518494,0.6920086393088553,1785296538.061714
2,11726,0.5613896250724792,0.692060664939551,1785296538.139039
2,11727,0.5254456996917725,0.6920317220543807,1785296538.2206697
2,11728,0.4678135812282562,0.6920297670405522,1785296538.297856
2,11729,0.5271167159080505,0.6920817162570073,1785296538.375445
2,11730,0.6277801990509033,0.6919719827586207,1785296538.453533
2,11731,0.6020299792289734,0.6919161999138302,1785296538.5334654
2,11732,0.6352423429489136,0.6918335486649441,1785296538.611356
2,11733,0.6722851395606995,0.6918585880327163,1785296538.6932442
2,11734,0.640762209892273,0.6918567125645438,1785296538.7709715
2,11735,0.5063056945800781,0.6918817204301075,1785296538.8514624
2,11736,0.6406807899475098,0.6918798366294067,1785296538.930196
2,11737,0.6300675868988037,0.6918779544477869,1785296539.0149724
2,11738,0.458006888628006,0.6919297680412371,1785296539.0975993
2,11739,0.814030647277832,0.6919010304851868,1785296539.180657
2,11740,0.5675106644630432,0.6918991416309013,1785296539.2647398
2,11741,0.6316908597946167,0.6918972543972544,1785296539.3450186
2,11742,0.5908033847808838,0.6919489708404802,1785296539.4232469
2,11743,0.8562487363815308,0.6919470638662666,1785296539.5012162
2,11744,0.42139244079589844,0.6919987146529563,1785296539.579108
2,11745,0.8163133263587952,0.6919700214132762,1785296539.6570926
2,11746,0.47337713837623596,0.6919948630136986,1785296539.735773
2,11747,0.7033638954162598,0.6919929396662388,1785296539.813671
2,11748,0.6155900955200195,0.6919910179640718,1785296539.8915532
2,11749,0.5586045980453491,0.691962377084224,1785296539.9730809
2,11750,0.5823458433151245,0.6919604700854701,1785296540.0514517
2,11751,0.5889677405357361,0.6919318667236224,1785296540.1295822
2,11752,0.6147289276123047,0.6919833475661827,1785296540.20772
2,11753,0.5562755465507507,0.6920081092616304,1785296540.2854002
2,11754,0.6264557242393494,0.6920328498293515,1785296540.3631458
2,11755,0.5165653228759766,0.6920842217484009,1785296540.4423034
2,11756,0.7186386585235596,0.6919757033248082,1785296540.5239167
2,11757,0.7398290634155273,0.6919737963357477,1785296540.6020203
2,11758,0.7036332488059998,0.6919186541737649,1785296540.680031
2,11759,0.9241605997085571,0.6919965942954449,1785296540.7633853
2,11760,0.8035309314727783,0.6920212765957446,1785296540.8418112
2,11761,0.5338115692138672,0.6920193534666099,1785296540.9240823
2,11762,0.6891986727714539,0.6919642857142857,1785296541.0057075
2,11763,0.5525853633880615,0.691962388440289,1785296541.0872357
2,11764,0.6267545223236084,0.6920135938827527,1785296541.1702638
2,11765,0.5187695026397705,0.6920647558386412,1785296541.2507062
2,11766,0.5980885624885559,0.6920893463497453,1785296541.333429
2,11767,0.6546029448509216,0.6920343657191345,1785296541.4111853
2,11768,0.6187098026275635,0.6921119592875318,1785296541.4902031
2,11769,0.3956470489501953,0.6921629927935566,1785296541.5718234
2,11770,0.5692226886749268,0.6922404661016949,1785296541.649482
2,11771,0.4637708365917206,0.6922649301143583,1785296541.731188
2,11772,0.6328799724578857,0.6922893734123624,1785296541.8090317
2,11773,0.6209447979927063,0.6922873465933136,1785296541.889589
2,11774,0.6132899522781372,0.692258883248731,1785296541.9668758
2,11775,0.6472015976905823,0.6923361522198731,1785296542.0493417
2,11776,0.48381394147872925,0.6923605240912933,1785296542.1267278
2,11777,0.3888480067253113,0.6924376848331221,1785296542.2061417
2,11778,0.5394110679626465,0.6924355996621622,1785296542.2840996
2,11779,0.6061461567878723,0.6925126635711271,1785296542.3622231
2,11780,0.435806006193161,0.6925632911392405,1785296542.4406402
2,11781,0.5615190267562866,0.692613876001687,1785296542.5185375
2,11782,0.795117974281311,0.6925590219224284,1785296542.5970397
2,11783,0.6007705330848694,0.6925568900126422,1785296542.6755545
2,11784,0.6638704538345337,0.6925284330244313,1785296542.7540164
2,11785,0.768322229385376,0.6925263157894737,1785296542.8373294
2,11786,0.38533857464790344,0.6926294191919192,1785296542.9173467
2,11787,0.501247763633728,0.6926535549011359,1785296542.9956849
2,11788,0.5866880416870117,0.6926776703111859,1785296543.0740154
2,11789,0.6130277514457703,0.6926229508196722,1785296543.1536891
2,11790,0.8839272260665894,0.6926207983193278,1785296543.2333493
2,11791,0.6695489883422852,0.6925136497270055,1785296543.3179512
2,11792,0.6276006698608398,0.6924065910999161,1785296543.3971057
2,11793,0.46827107667922974,0.6924307595467898,1785296543.4844916
2,11794,0.4273638129234314,0.6925073406040269,1785296543.5651786
2,11795,0.5389367341995239,0.6924266247379455,1785296543.6428502
2,11796,0.5207786560058594,0.6924245599329422,1785296543.7230926
2,11797,0.7670267224311829,0.6924224968579807,1785296543.807291
2,11798,0.501273512840271,0.692446608040201,1785296543.884508
2,11799,0.6997045874595642,0.6924706990372541,1785296543.9643097
2,11800,1.0055302381515503,0.692520920502092,1785296544.0424337
2,11801,0.4994446933269501,0.6925710999581765,1785296544.1202471
2,11802,0.6058883666992188,0.6926212374581939,1785296544.1986969
2,11803,0.5779233574867249,0.6926190973673213,1785296544.281229
2,11804,0.5744263529777527,0.6925908521303258,1785296544.3596022
2,11805,0.5965222120285034,0.69258872651357,1785296544.4389708
2,11806,0.5387833118438721,0.6926648580968281,1785296544.5174356
2,11807,0.49788880348205566,0.6927148518982061,1785296544.5996697
2,11808,0.7865282297134399,0.6926605504587156,1785296544.679685
2,11809,0.5013336539268494,0.6926844518549395,1785296544.763218
2,11810,1.0457208156585693,0.6926041666666667,1785296544.843021
2,11811,0.7263398766517639,0.6926541024573094,1785296544.9231439
2,11812,0.5079920291900635,0.6926779766860949,1785296545.0015233
2,11813,0.5027974247932434,0.6927018310445276,1785296545.0845528
2,11814,0.6770046949386597,0.6926996672212978,1785296545.1634054
2,11815,0.546287477016449,0.6926975051975052,1785296545.2511363
2,11816,0.532509446144104,0.6925914380714879,1785296545.3330922
2,11817,0.5551158785820007,0.6926412546738678,1785296545.41186
2,11818,0.6473879814147949,0.692639119601329,1785296545.4890723
2,11819,0.5859142541885376,0.6926369863013698,1785296545.5662851
2,11820,0.486421138048172,0.6925570539419087,1785296545.6436825
2,11821,0.6469141244888306,0.692554956449606,1785296545.7222598
2,11822,0.5939053893089294,0.6925528606965174,1785296545.800267
2,11823,0.6158831715583801,0.6924989639452963,1785296545.8779843
2,11824,0.7819223403930664,0.6925486743993372,1785296545.9558218
2,11825,0.6126120090484619,0.6926501035196687,1785296546.0337253
2,11826,0.8909690380096436,0.6925962334437086,1785296546.1119516
2,11827,0.5305958986282349,0.6924648324369053,1785296546.19058
2,11828,0.6199026703834534,0.6924369313482217,1785296546.268972
2,11829,0.6358828544616699,0.6923315419594874,1785296546.3490896
2,11830,0.3256853520870209,0.6924070247933884,1785296546.4296343
2,11831,0.5195940136909485,0.69235336637753,1785296546.5105917
2,11832,0.8234483003616333,0.6922997522708505,1785296546.5910978
2,11833,0.5200293660163879,0.6923235658274866,1785296546.6758678
2,11834,0.7138990759849548,0.6923473597359736,1785296546.7566535
2,11835,0.6039705276489258,0.6923453608247423,1785296546.836427
2,11836,0.678566038608551,0.6922403132728772,1785296546.9223273
2,11837,0.5377912521362305,0.6922383601153688,1785296547.0043385
2,11838,0.6646239757537842,0.6922621499176277,1785296547.0840657
2,11839,0.6423139572143555,0.6922344586249486,1785296547.1670878
2,11840,0.884695291519165,0.6922067901234568,1785296547.2468257
2,11841,0.631152868270874,0.692230563554093,1785296547.328691
2,11842,0.5729842185974121,0.6922800164473685,1785296547.409408
2,11843,0.7589846253395081,0.6922523633374434,1785296547.493812
2,11844,0.783609926700592,0.6923017666392769,1785296547.5789149
2,11845,0.873753011226654,0.6922484599589322,1785296547.6564164
2,11846,0.4587027132511139,0.6922978243021346,1785296547.7392302
2,11847,0.6481539607048035,0.6922702092736972,1785296547.8189068
2,11848,0.5915873050689697,0.6922682526661198,1785296547.9000452
2,11849,0.6750789284706116,0.6922662976629766,1785296547.9849126
2,11850,0.35295552015304565,0.6923668032786885,1785296548.0627136
2,11851,0.5345487594604492,0.6923392052437526,1785296548.1402361
2,11852,0.4839106798171997,0.6923628173628174,1785296548.221121
2,11853,0.5540772080421448,0.6923352435530086,1785296548.3032496
2,11854,0.7175925970077515,0.692384410801964,1785296548.385958
2,11855,0.5915306806564331,0.6924079754601227,1785296548.4635715
2,11856,0.4846312999725342,0.6924570727718724,1785296548.5481858
2,11857,0.7561576962471008,0.692455046996322,1785296548.6249309
2,11858,0.9116759300231934,0.6924785539215687,1785296548.7024899
2,11859,0.6771587133407593,0.6924765210289914,1785296548.7857873
2,11860,0.7916721105575562,0.6924744897959184,1785296548.8658724
2,11861,0.5844359397888184,0.6924979600163199,1785296548.9473825
2,11862,0.7746285796165466,0.6924959216965743,1785296549.0305874
2,11863,0.6187505125999451,0.6925193640440277,1785296549.1104991
2,11864,0.6140887141227722,0.6924663814180929,1785296549.1891685
2,11865,0.5995635390281677,0.692489816700611,1785296549.2727902
2,11866,0.6214943528175354,0.6924877850162866,1785296549.3538406
2,11867,0.7177247405052185,0.6924603174603174,1785296549.4323661
2,11868,0.48170948028564453,0.6925345809601302,1785296549.5103745
2,11869,0.5083290338516235,0.6925325335502237,1785296549.5891244
2,11870,0.49096155166625977,0.692454268292683,1785296549.6674929
2,11871,0.4328240752220154,0.6925030475416497,1785296549.7511244
2,11872,0.5237292051315308,0.692501015434606,1785296549.8329616
2,11873,0.7492351531982422,0.6923974827446204,1785296549.9142969
2,11874,0.40345636010169983,0.6924208603896104,1785296549.9953816
2,11875,0.62205970287323,0.6923935091277891,1785296550.0792928
2,11876,0.6683980226516724,0.6924675587996756,1785296550.162669
2,11877,0.60699862241745,0.6924655451965951,1785296550.2415857
2,11878,0.5516775250434875,0.692438209076175,1785296550.3224967
2,11879,0.4579920470714569,0.6924615228837586,1785296550.4025939
2,11880,0.2932071089744568,0.6925607287449392,1785296550.4831417
2,11881,0.6856387853622437,0.6925333872925941,1785296550.5663693
2,11882,0.6768370866775513,0.6925060679611651,1785296550.6460633
2,11883,0.48215803503990173,0.6925040436716539,1785296550.72594
2,11884,0.5194913744926453,0.6924767582861763,1785296550.806202
2,11885,0.5434742569923401,0.6924494949494949,1785296550.8866122
2,11886,0.7195268869400024,0.6923717689822294,1785296550.96842
2,11887,0.5479345917701721,0.6923698021800565,1785296551.0477495
2,11888,0.6534360647201538,0.6922921711057304,1785296551.1316562
2,11889,0.4809119701385498,0.6922902379991932,1785296551.2094378
2,11890,0.5369386672973633,0.6922883064516129,1785296551.2910676
2,11891,0.7312604188919067,0.6921856106408706,1785296551.3690896
2,11892,0.718809962272644,0.6921585414987913,1785296551.4490027
2,11893,0.7590203285217285,0.6921063229963753,1785296551.527385
2,11894,0.3915177285671234,0.6921296296296297,1785296551.6045597
2,11895,0.49843502044677734,0.6921780684104628,1785296551.686263
2,11896,0.6576231718063354,0.6921761866452132,1785296551.7675085
2,11897,0.7294442653656006,0.6922496984318456,1785296551.8485398
2,11898,1.0380991697311401,0.6922477893890675,1785296551.9264123
2,11899,0.5123159289360046,0.6922207713941342,1785296552.003841
2,11900,0.7053984999656677,0.6921937751004016,1785296552.0815005
2,11901,0.6256081461906433,0.6921668004817343,1785296552.1646135
2,11902,0.5532510280609131,0.6921398475120385,1785296552.2426147
2,11903,0.7980837821960449,0.6921881267549138,1785296552.3228247
2,11904,0.5499426126480103,0.692261427425822,1785296552.400166
2,11905,0.4435180425643921,0.6922595190380761,1785296552.4789217
2,11906,0.6933364868164062,0.6922576121794872,1785296552.5569022
2,11907,0.48298946022987366,0.6922306768121747,1785296552.6345544
2,11908,0.5672491192817688,0.6921787429943955,1785296552.7128012
2,11909,0.5016494989395142,0.6921768707482994,1785296552.7917376
2,11910,0.5534263253211975,0.69225,1785296552.8688402
2,11911,0.8429781794548035,0.6923230707716913,1785296552.952904
2,11912,0.548037052154541,0.6923461231015188,1785296553.030454
2,11913,0.4677901864051819,0.692394127047543,1785296553.1130502
2,11914,0.5004830360412598,0.6923921725239617,1785296553.1940117
2,11915,0.7677996158599854,0.6923902195608782,1785296553.2724702
2,11916,0.705511748790741,0.6923633280127693,1785296553.350522
2,11917,0.6171294450759888,0.6923613881132828,1785296553.4287229
2,11918,0.5101288557052612,0.6923345295055822,1785296553.5081506
2,11919,0.4629226326942444,0.6923575129533679,1785296553.5873978
2,11920,0.616694986820221,0.6924302788844622,1785296553.6661694
2,11921,0.8400846719741821,0.6924034249303066,1785296553.751812
2,11922,0.5086913704872131,0.6923765923566879,1785296553.8301563
2,11923,0.565413236618042,0.6923995224830879,1785296553.908193
2,11924,0.5445587038993835,0.6923975735879078,1785296553.9878209
2,11925,0.5352435111999512,0.6924204771371769,1785296554.0654612
2,11926,0.44813498854637146,0.6924682034976153,1785296554.1434085
2,11927,0.8863208293914795,0.6923917361938816,1785296554.2212527
2,11928,0.6531749367713928,0.6923401509134234,1785296554.2989416
2,11929,0.6032884120941162,0.6923382294561334,1785296554.3784192
2,11930,0.6675101518630981,0.692311507936508,1785296554.4587889
2,11931,0.46576496958732605,0.692334391114637,1785296554.5384166
2,11932,0.5326778888702393,0.6923076923076923,1785296554.6171937
2,11933,0.42525917291641235,0.6923553309552121,1785296554.6951628
2,11934,0.4952884912490845,0.6923781695721077,1785296554.773262
2,11935,0.7523171901702881,0.6923267326732673,1785296554.8565104
2,11936,0.6117730140686035,0.6923248218527316,1785296554.9387102
2,11937,0.5854388475418091,0.6923476454293629,1785296555.0176277
2,11938,0.6623656153678894,0.6923210047468354,1785296555.098172
2,11939,0.7637861967086792,0.6922449584816133,1785296555.1768053
2,11940,0.8467348217964172,0.6922677865612649,1785296555.2551768
2,11941,0.7860668897628784,0.6923646779928881,1785296555.3341808
2,11942,0.4305001199245453,0.6924121248025277,1785296555.4146054
2,11943,0.617005467414856,0.6924595341492301,1785296555.4958441
2,11944,0.41465428471565247,0.6925069060773481,1785296555.573554
2,11945,0.5360015630722046,0.6925542406311637,1785296555.650592
2,11946,0.6523018479347229,0.6925029574132492,1785296555.7289586
2,11947,0.5821868181228638,0.6925009854158455,1785296555.8068814
2,11948,0.469637393951416,0.6924497635933806,1785296555.8842688
2,11949,0.5668795704841614,0.6924478141000394,1785296555.9662821
2,11950,0.7969654202461243,0.6924950787401575,1785296556.0430217
2,11951,0.8702235817909241,0.692443919716647,1785296556.1280885
2,11952,0.563051700592041,0.692343627065303,1785296556.2079127
2,11953,0.7047563791275024,0.6922925678332678,1785296556.2854884
2,11954,0.6251232028007507,0.6922169811320755,1785296556.3637776
2,11955,0.9901260137557983,0.6922151277013753,1785296556.446961
2,11956,0.7447555065155029,0.6921641791044776,1785296556.5249143
2,11957,0.800445556640625,0.692260502552022,1785296556.606868
2,11958,0.5120387077331543,0.6922586342229199,1785296556.6844633
2,11959,0.8404830694198608,0.692281286779129,1785296556.7632632
2,11960,0.5639462471008301,0.6922303921568628,1785296556.8460438
2,11961,0.5078977346420288,0.6922530380243042,1785296556.929198
2,11962,0.8030774593353271,0.6922511755485894,1785296557.0122583
2,11963,0.6747746467590332,0.6922003525264395,1785296557.093115
2,11964,0.6165004968643188,0.6922229835552075,1785296557.1741436
2,11965,0.6652979850769043,0.6921966731898239,1785296557.259388
2,11966,0.5025027990341187,0.6921948356807511,1785296557.3442123
2,11967,0.3773295283317566,0.6922418850215096,1785296557.4293735
2,11968,0.7070117592811584,0.6922888975762315,1785296557.5137355
2,11969,0.5740774869918823,0.6922870261821024,1785296557.5926917
2,11970,0.48338600993156433,0.6923583984375,1785296557.6732433
2,11971,0.6859326362609863,0.6922832877782117,1785296557.7578332
2,11972,0.7515852451324463,0.6922570257611241,1785296557.8426857
2,11973,0.48829561471939087,0.6922795552087397,1785296557.9223688
2,11974,0.570549488067627,0.6923020670826833,1785296558.0026085
2,11975,0.7906957268714905,0.6923732943469786,1785296558.0829983
2,11976,0.7463831901550293,0.6923470381917382,1785296558.1638067
2,11977,0.6954709887504578,0.6923208024931827,1785296558.2450683
2,11978,0.4162677526473999,0.6923432632398754,1785296558.3271754
2,11979,0.4481564462184906,0.6923413779680809,1785296558.4058404
2,11980,0.4885256290435791,0.6923881322957198,1785296558.4907444
2,11981,0.7178127765655518,0.6924105406456632,1785296558.5710118
2,11982,0.755870521068573,0.692408631415241,1785296558.6503916
2,11983,0.4969707131385803,0.692406723668869,1785296558.730407
2,11984,0.543322741985321,0.6924290986790986,1785296558.8092396
2,11985,0.6804226636886597,0.6924757281553398,1785296558.8891327
2,11986,0.5617817640304565,0.6924252717391305,1785296558.9712615
2,11987,0.4622701108455658,0.6924233604967016,1785296559.0514858
2,11988,0.5288952589035034,0.6923729635376261,1785296559.1311736
2,11989,0.5991683006286621,0.6923953082590151,1785296559.2114923
2,11990,0.6288282871246338,0.6923934108527132,1785296559.2962036
2,11991,0.5004082918167114,0.6924157303370787,1785296559.3756068
2,11992,0.7878725528717041,0.69231700232378,1785296559.4543905
2,11993,0.881943941116333,0.692194154084398,1785296559.5407734
2,11994,0.7925792336463928,0.6921681501547987,1785296559.6232069
2,11995,0.9107555150985718,0.692142166344294,1785296559.7010517
2,11996,0.7340697646141052,0.6921403712296984,1785296559.7805002
2,11997,0.6406267285346985,0.6920660997294164,1785296559.867681
2,11998,0.6956933736801147,0.692088485316847,1785296559.9448514
2,11999,0.8276243209838867,0.6920625724217845,1785296560.0259218
2,12000,0.5015454292297363,0.6921332046332046,1785296560.1074872
2,12001,0.6442349553108215,0.6920831725202624,1785296560.1890638
2,12002,0.7130881547927856,0.6921296296296297,1785296560.271355
2,12003,0.4089157283306122,0.6922001542614732,1785296560.35365
2,12004,0.5612546801567078,0.6921983423284502,1785296560.430853
2,12005,0.5810074210166931,0.6921965317919075,1785296560.5154264
2,12006,0.9520798921585083,0.6921947226502311,1785296560.5932329
2,12007,0.4217243194580078,0.6922410473623412,1785296560.6755927
2,12008,0.8770257234573364,0.6923113933795227,1785296560.753382
2,12009,0.7720232605934143,0.6923576375529049,1785296560.8357692
2,12010,0.5334666967391968,0.6923798076923077,1785296560.9155722
2,12011,0.4294605255126953,0.6924019607843137,1785296560.994183
2,12012,0.5315006375312805,0.6924481168332052,1785296561.0732002
2,12013,0.5938515663146973,0.6924462159047253,1785296561.1506836
2,12014,0.7100971937179565,0.6923963133640553,1785296561.2288415
2,12015,0.652908205986023,0.69239443378119,1785296561.3077316
2,12016,0.4817330241203308,0.6923925556408289,1785296561.388278
2,12017,0.5002922415733337,0.6923906789413119,1785296561.4691317
2,12018,0.5436209440231323,0.6924367331288344,1785296561.5477102
2,12019,0.616507887840271,0.6924348409352242,1785296561.6354454
2,12020,0.4861990511417389,0.6924090038314177,1785296561.7190592
2,12021,0.557793378829956,0.6923831865185752,1785296561.8010967
2,12022,0.6292301416397095,0.692333460949464,1785296561.8816097
2,12023,0.7947936654090881,0.6923076923076923,1785296561.965216
2,12024,0.4509800672531128,0.6922341239479725,1785296562.047561
2,12025,0.5253412127494812,0.6922562141491396,1785296562.130485
2,12026,0.7342857718467712,0.6922543960244648,1785296562.2125325
2,12027,0.4277746081352234,0.6922764615972488,1785296562.2942107
2,12028,0.7043980360031128,0.6922507639419404,1785296562.3733459
2,12029,0.6233289837837219,0.6923205421916762,1785296562.4536295
2,12030,0.7981845736503601,0.6922471374045801,1785296562.5342553
2,12031,0.7989965677261353,0.6921499427699351,1785296562.617648
2,12032,0.4351100027561188,0.6921720061022121,1785296562.6961231
2,12033,0.7077231407165527,0.6921463972550514,1785296562.7752101
2,12034,0.5302832126617432,0.6921922637195121,1785296562.855709
2,12035,0.8300625085830688,0.6921428571428572,1785296562.941109
2,12036,0.5148362517356873,0.6920458872810358,1785296563.0232482
2,12037,0.4731670320034027,0.69206794822992,1785296563.1050045
2,12038,0.5683231353759766,0.6921137747336378,1785296563.1849847
2,12039,0.7158339619636536,0.6920882464815519,1785296563.2656593
2,12040,0.33989131450653076,0.692134030418251,1785296563.3476062
2,12041,0.6155257821083069,0.6921322690992018,1785296563.4323394
2,12042,0.6904305219650269,0.692130509118541,1785296563.515561
2,12043,0.6283679008483887,0.6921287504747436,1785296563.596134
2,12044,0.7297385931015015,0.6920558086560364,1785296563.6763825
2,12045,0.5208927989006042,0.6920066413662239,1785296563.7615304
2,12046,0.414983868598938,0.6920523520485584,1785296563.845528
2,12047,0.6816220879554749,0.6920506257110353,1785296563.925602
2,12048,0.6307874917984009,0.6920015163002274,1785296564.006928
2,12049,0.6615644693374634,0.6919287608942781,1785296564.0901997
2,12050,0.6859666109085083,0.6919270833333333,1785296564.167856
2,12051,0.30059385299682617,0.6920200681560015,1785296564.2488358
2,12052,0.5049086213111877,0.6920183573050719,1785296564.3312306
2,12053,0.5817385911941528,0.6920875898600075,1785296564.4110446
2,12054,0.552583634853363,0.6921567700453858,1785296564.4984848
2,12055,0.6357519626617432,0.692225897920605,1785296564.5809367
2,12056,0.7088679075241089,0.692224111866969,1785296564.664748
2,12057,0.5853264927864075,0.6921751038911976,1785296564.7432363
2,12058,0.5714787244796753,0.6921261329305136,1785296564.822714
2,12059,0.44012007117271423,0.692147980369951,1785296564.9033332
2,12060,0.5916846990585327,0.6921698113207547,1785296564.9843507
2,12061,0.6537894010543823,0.6921916258015843,1785296565.063753
2,12062,0.5785555839538574,0.6921427224736049,1785296565.146753
2,12063,0.5849777460098267,0.6920702977761025,1785296565.22702
2,12064,0.7703840732574463,0.6920450263752826,1785296565.307166
2,12065,0.45970094203948975,0.692090395480226,1785296565.3857007
2,12066,0.5603083968162537,0.6920886671686747,1785296565.467842
2,12067,0.5371706485748291,0.692086940158073,1785296565.5485208
2,12068,0.533158540725708,0.6920617005267118,1785296565.6319826
2,12069,0.6102762818336487,0.6920599849567507,1785296565.7114336
2,12070,0.6203823685646057,0.6920582706766917,1785296565.7947938
2,12071,0.6168157458305359,0.6920095828635852,1785296565.8777566
2,12072,0.638458788394928,0.6919844102178813,1785296565.9596715
2,12073,0.6946828365325928,0.6920061960195268,1785296566.0406315
2,12074,0.7361322641372681,0.6919810435435435,1785296566.1185577
2,12075,0.6737239956855774,0.6920028142589119,1785296566.2003193
2,12076,0.4084574580192566,0.6920480120030007,1785296566.2810252
2,12077,0.8409243822097778,0.6920228721409823,1785296566.3606637
2,12078,0.6520538330078125,0.6919977511244377,1785296566.4447262
2,12079,0.6310048699378967,0.6919492319220681,1785296566.5260494
2,12080,0.6991305351257324,0.6919007490636704,1785296566.6038172
2,12081,0.7280005216598511,0.6919225009359791,1785296566.6812527
2,12082,0.5866648554801941,0.6918740643712575,1785296566.761138
2,12083,0.7845554351806641,0.6918490460157127,1785296566.843279
2,12084,0.7125215530395508,0.6918006731488406,1785296566.9231555
2,12085,0.7043908834457397,0.6917289719626168,1785296567.0040526
2,12086,0.5858304500579834,0.6917507473841554,1785296567.0853112
2,12087,0.5735980272293091,0.6917491595069107,1785296567.1652424
2,12088,0.6787168383598328,0.691747572815534,1785296567.2479436
2,12089,0.7275871634483337,0.6917459873086973,1785296567.3319154
2,12090,0.8064283728599548,0.6917910447761194,1785296567.4123733
2,12091,0.5124818086624146,0.6917661320402835,1785296567.4942732
2,12092,0.7197375297546387,0.6917645413870246,1785296567.5789256
2,12093,1.031090259552002,0.6918095415579575,1785296567.6584418
2,12094,0.5882993936538696,0.6918545081967213,1785296567.7355447
2,12095,0.6640573740005493,0.6918063314711359,1785296567.8135307
2,12096,0.6280121803283691,0.6918047282204021,1785296567.8917918
2,12097,0.7000603079795837,0.6917566058801637,1785296567.9711156
2,12098,0.7055602073669434,0.6917782738095238,1785296568.0542412
2,12099,0.6648603081703186,0.6917301970992934,1785296568.1385214
2,12100,0.5654259920120239,0.6917518587360595,1785296568.2197082
2,12101,0.724225640296936,0.691680602006689,1785296568.3027127
2,12102,0.5672943592071533,0.6916326151560178,1785296568.3858554
2,12103,0.766947865486145,0.6916310805792796,1785296568.463797
2,12104,0.6280917525291443,0.6916759465478842,1785296568.5421023
2,12105,0.6472548246383667,0.6916743970315399,1785296568.6257396
2,12106,0.6292506456375122,0.6916496661721068,1785296568.7098002
2,12107,0.5277739763259888,0.6916481275491286,1785296568.7885308
2,12108,0.9172837138175964,0.6916929206819866,1785296568.8694606
2,12109,0.8142077922821045,0.6916218969988884,1785296568.9518802
2,12110,0.46930837631225586,0.6916666666666667,1785296569.0305183
2,12111,0.6165919899940491,0.6917114031840059,1785296569.1121595
2,12112,0.5594743490219116,0.6916867135455218,1785296569.189579
2,12113,0.5173963308334351,0.6916851646318904,1785296569.271345
2,12114,0.8483988642692566,0.6916605029585798,1785296569.3497314
2,12115,0.6245829463005066,0.6917051756007394,1785296569.4319477
2,12116,0.6146297454833984,0.691680524759793,1785296569.5094492
2,12117,0.6418026089668274,0.6916558921315109,1785296569.5873806
2,12118,0.7147961854934692,0.6916081979320532,1785296569.6654205
2,12119,0.541150689125061,0.6916297526762643,1785296569.749374
2,12120,0.7868260741233826,0.6916282287822878,1785296569.8271468
2,12121,0.5715242624282837,0.691672814459609,1785296569.9072423
2,12122,0.43680518865585327,0.6916943215339233,1785296569.9856908
2,12123,0.4557704031467438,0.6917388499815702,1785296570.0632908
2,12124,0.6563063263893127,0.6917372881355932,1785296570.1419134
2,12125,0.5866003036499023,0.6916206261510129,1785296570.2190363
2,12126,0.4690472483634949,0.6916651325478645,1785296570.2964315
2,12127,0.5958451628684998,0.6917096061832904,1785296570.3785827
2,12128,0.5073508620262146,0.6917080573951435,1785296570.458557
2,12129,0.4675908088684082,0.6916835233541744,1785296570.5436068
2,12130,0.602221667766571,0.6916819852941176,1785296570.628491
2,12131,0.5449934005737305,0.6917034178610805,1785296570.7086275
2,12132,0.5465216636657715,0.6916559515062454,1785296570.7890801
2,12133,0.47183936834335327,0.6917003305178112,1785296570.869727
2,12134,0.36875802278518677,0.6917676211453745,1785296570.9527614
2,12135,0.8337510824203491,0.6917660550458715,1785296571.0337114
2,12136,0.5610789060592651,0.691787417461482,1785296571.1160512
2,12137,0.7208023071289062,0.6918087642097543,1785296571.1984813
2,12138,0.8086636066436768,0.6918530058651027,1785296571.2788947
2,12139,0.5388029217720032,0.691851410773177,1785296571.3590474
2,12140,0.5325638651847839,0.6918727106227106,1785296571.4387505
2,12141,0.59206622838974,0.6918939948736726,1785296571.5222907
2,12142,0.4769015312194824,0.6919152635431918,1785296571.6014261
2,12143,0.6869092583656311,0.6919365166483717,1785296571.6805446
2,12144,0.6491845846176147,0.6920034747622531,1785296571.7633727
2,12145,0.8963296413421631,0.6920932358318098,1785296571.8465972
2,12146,0.8226770162582397,0.6920687134502924,1785296571.9268248
2,12147,0.5391499400138855,0.692044208987943,1785296572.0068147
2,12148,0.4005676209926605,0.6920653761869978,1785296572.086516
2,12149,0.7834004759788513,0.6920408908360716,1785296572.166977
2,12150,0.6213715076446533,0.6919936131386861,1785296572.2487974
2,12151,0.46344783902168274,0.692060379423568,1785296572.3273695
2,12152,0.494190514087677,0.6921043034281547,1785296572.406822
2,12153,0.5567798018455505,0.6921254101348888,1785296572.4901996
2,12154,0.7806704044342041,0.6921237244897959,1785296572.5748076
2,12155,0.6187139749526978,0.692167577413479,1785296572.654877
2,12156,0.4870678782463074,0.6921203568827385,1785296572.732522
2,12157,0.7492418885231018,0.6920731707317073,1785296572.8124044
2,12158,0.5798147916793823,0.6919805312954876,1785296572.8905668
2,12159,0.5532721877098083,0.6920243724990905,1785296572.971229
2,12160,0.5629798769950867,0.692,1785296573.0523612
2,12161,0.5687558054924011,0.69197564521992,1785296573.1331923
2,12162,0.4591423571109772,0.6919740188953488,1785296573.2129
2,12163,0.7757815718650818,0.691995096258627,1785296573.2919612
2,12164,0.6429184675216675,0.6920161583151779,1785296573.369982
2,12165,0.4370797276496887,0.6920825771324864,1785296573.449982
2,12166,0.5026776194572449,0.6920128809869376,1785296573.5270793
2,12167,0.5171488523483276,0.6920339136742837,1785296573.6102266
2,12168,0.6510223746299744,0.6921002538071066,1785296573.689157
2,12169,0.4194396436214447,0.6921665458499456,1785296573.7706687
2,12170,0.6191307306289673,0.6921875,1785296573.854225
2,12171,0.458005428314209,0.6922084389713872,1785296573.931963
2,12172,0.4393136501312256,0.6922519913106444,1785296574.0101407
2,12173,0.4338787794113159,0.6922728917842924,1785296574.087476
2,12174,0.5997981429100037,0.6922485528219972,1785296574.1645591
2,12175,0.6892940402030945,0.6921790235081374,1785296574.2489648
2,12176,0.7688161730766296,0.6921547360809833,1785296574.3339417
2,12177,0.7387857437133789,0.6921530538489339,1785296574.4144878
2,12178,0.5858631134033203,0.6921287933526011,1785296574.4951632
2,12179,0.6872141361236572,0.6920594077284218,1785296574.573043
2,12180,0.6809704303741455,0.6920577617328519,1785296574.655761
2,12181,0.8582818508148193,0.692101226993865,1785296574.735921
2,12182,0.6770346760749817,0.6920995670995671,1785296574.8191419
2,12183,0.6375155448913574,0.6921204471691309,1785296574.9035313
2,12184,0.8014139533042908,0.6921187815428983,1785296574.9835408
2,12185,0.5532662272453308,0.6920945945945945,1785296575.0662715
2,12186,0.5434799194335938,0.6920704250720461,1785296575.14456
2,12187,0.5509784817695618,0.6920462729564278,1785296575.2217977
2,12188,0.5536754131317139,0.6920671346292296,1785296575.2990866
2,12189,0.7230200171470642,0.6920654911838791,1785296575.3789015
2,12190,0.7023677825927734,0.6920188848920863,1785296575.4615116
2,12191,0.7088671922683716,0.6919723121179432,1785296575.541528
2,12192,0.9108749628067017,0.6919257728253055,1785296575.6210234
2,12193,0.4593023955821991,0.6919466403162056,1785296575.7016265
2,12194,0.552924394607544,0.6919674928160919,1785296575.7793071
2,12195,0.559556245803833,0.6919658886894076,1785296575.8615735
2,12196,0.5901387929916382,0.6919867193108399,1785296575.9446778
2,12197,0.4829065203666687,0.6920075349838536,1785296576.0242143
2,12198,0.5462937951087952,0.6919610832137734,1785296576.1077807
2,12199,0.6491269469261169,0.691959483685909,1785296576.1920865
2,12200,0.6673201322555542,0.6919354838709677,1785296576.275775
2,12201,0.678808867931366,0.6919786814761734,1785296576.3582213
2,12202,0.6698697209358215,0.6919546919770774,1785296576.441908
2,12203,0.402774453163147,0.6919978517722879,1785296576.5261614
2,12204,0.4450632929801941,0.6919515032211883,1785296576.6123736
2,12205,0.7961366176605225,0.6918604651162791,1785296576.6939163
2,12206,0.6779689788818359,0.6918589055793991,1785296576.77604
2,12207,0.5571489334106445,0.6918796925277083,1785296576.8566785
2,12208,0.3789510428905487,0.6919228020014296,1785296576.93656
2,12209,0.6986379027366638,0.6918988924615934,1785296577.022334
2,12210,0.44860735535621643,0.6918973214285714,1785296577.104652
2,12211,0.8980768322944641,0.6919626918957515,1785296577.1899276
2,12212,0.4934651255607605,0.6919387937187723,1785296577.2724903
2,12213,0.4943859279155731,0.6919595076703532,1785296577.3542655
2,12214,0.6194036602973938,0.691980206847361,1785296577.4355044
2,12215,0.5010115504264832,0.691934046345811,1785296577.5211039
2,12216,0.6586665511131287,0.6918656450463293,1785296577.600203
2,12217,0.6498839259147644,0.6918863555397221,1785296577.6808906
2,12218,0.6946031451225281,0.6918847934472935,1785296577.7589316
2,12219,0.991463303565979,0.6919499822000712,1785296577.8357372
2,12220,0.9230424761772156,0.6920151245551601,1785296577.9123685
2,12221,0.5316890478134155,0.6920135183208822,1785296577.9938111
2,12222,0.6290450096130371,0.6920785917496444,1785296578.0717607
2,12223,0.4823146462440491,0.6920547458229648,1785296578.1523182
2,12224,0.6337807774543762,0.6919642857142857,1785296578.2304137
2,12225,0.6225149631500244,0.6920071047957371,1785296578.3130512
2,12226,0.8038632273674011,0.6920055042613636,1785296578.3946629
2,12227,0.6093496084213257,0.6919151579694711,1785296578.4779162
2,12228,0.48771360516548157,0.691957948899929,1785296578.5579045
2,12229,0.5151665806770325,0.6919785384888258,1785296578.6445668
2,12230,0.6964169144630432,0.6919326241134752,1785296578.7266557
2,12231,0.5421380996704102,0.6919310528181496,1785296578.8055727
2,12232,0.5742502808570862,0.6919516300496102,1785296578.8836176
2,12233,0.6639212369918823,0.6919500531349628,1785296578.9661207
2,12234,0.6317326426506042,0.6918820821529745,1785296579.0437467
2,12235,0.7274641394615173,0.6918141592920354,1785296579.1259093
2,12236,0.4202650785446167,0.6917684005661713,1785296579.204611
2,12237,0.6893969178199768,0.6917447824548992,1785296579.2871838
2,12238,0.4863138794898987,0.6917432814710043,1785296579.3690212
2,12239,0.6907356381416321,0.6917417815482503,1785296579.4523015
2,12240,0.5522542595863342,0.6917402826855124,1785296579.5323162
2,12241,0.45850682258605957,0.6917829388908513,1785296579.6146555
2,12242,0.6365182399749756,0.6918034957627118,1785296579.6923013
2,12243,0.8671342730522156,0.691824038122132,1785296579.7701561
2,12244,0.762978196144104,0.6917784050811574,1785296579.8478384
2,12245,0.6049241423606873,0.691820987654321,1785296579.9299862
2,12246,0.6865791082382202,0.6917974259520452,1785296580.008288
2,12247,0.46412795782089233,0.6918620021149101,1785296580.091024
2,12248,0.6167442798614502,0.6919265327695561,1785296580.168948
2,12249,0.9934793710708618,0.6919249735822472,1785296580.2496402
2,12250,0.7201425433158875,0.6919014084507042,1785296580.327415
2,12251,0.690369725227356,0.6917678634283703,1785296580.4066947
2,12252,0.5933316946029663,0.6916564039408867,1785296580.4889958
2,12253,0.8595545291900635,0.6916989096025326,1785296580.5752683
2,12254,0.5002852082252502,0.6916974331926864,1785296580.6599777
2,12255,0.4503229558467865,0.6918057996485062,1785296580.7427626
2,12256,0.9603701829910278,0.6918482080112438,1785296580.8270092
2,12257,0.6246404647827148,0.6918905865823674,1785296580.916075
2,12258,0.5960749387741089,0.6919329353932584,1785296580.9994342
2,12259,0.46916311979293823,0.691997191997192,1785296581.077616
2,12260,0.8020921349525452,0.6919736842105263,1785296581.1575925
2,12261,0.582895815372467,0.6919721150473518,1785296581.2368941
2,12262,0.4892532527446747,0.6920362903225806,1785296581.3156338
2,12263,0.6500921845436096,0.6919908867858394,1785296581.3992474
2,12264,0.853101372718811,0.6919455150665732,1785296581.4824312
2,12265,0.7532979249954224,0.6919220665499124,1785296581.5617802
2,12266,0.645650327205658,0.6918329831932774,1785296581.6507092
2,12267,0.5610921382904053,0.6918314665733286,1785296581.7346728
2,12268,0.9893549680709839,0.6918736878936319,1785296581.8160253
2,12269,0.5136082768440247,0.691894018887723,1785296581.8954246
2,12270,0.4018864631652832,0.6919143356643357,1785296581.9768572
2,12271,0.8105230331420898,0.6919127927298148,1785296582.062684
2,12272,0.7126480340957642,0.6919767645003494,1785296582.1469033
2,12273,0.733863115310669,0.6919970310862732,1785296582.2306023
2,12274,0.6089304685592651,0.6919954608938548,1785296582.315853
2,12275,0.44847092032432556,0.6920593368237348,1785296582.3945465
2,12276,0.5869909524917603,0.692079553384508,1785296582.477328
2,12277,0.4689246118068695,0.6920779560516219,1785296582.5588398
2,12278,0.5817405581474304,0.6921417364016736,1785296582.637538
2,12279,0.6012450456619263,0.6921619031021262,1785296582.7179759
2,12280,0.7946258783340454,0.6921820557491289,1785296582.796111
2,12281,0.5249682664871216,0.6922021943573667,1785296582.8802514
2,12282,0.6918163299560547,0.692178795264624,1785296582.95863
2,12283,0.576551079750061,0.6922206752523494,1785296583.0413282
2,12284,0.6583525538444519,0.6921972860125261,1785296583.121561
2,12285,0.6301834583282471,0.6922391304347826,1785296583.2055821
2,12286,0.6412099003791809,0.6921505563282336,1785296583.2857962
2,12287,0.529797375202179,0.6921706638859924,1785296583.364633
2,12288,0.6562715768814087,0.6921907574704657,1785296583.4469302
2,12289,0.5916167497634888,0.6921674192427927,1785296583.5293171
2,12290,0.4838699698448181,0.6922092013888889,1785296583.6095605
2,12291,0.5860055088996887,0.6921858729607775,1785296583.6946244
2,12292,0.8093525171279907,0.6922059333795975,1785296583.7756193
2,12293,0.6437914371490479,0.6921609434616719,1785296583.8602598
2,12294,0.5910921096801758,0.6922026699029126,1785296583.9449542
2,12295,0.8380206823348999,0.6922443674176777,1785296584.0236113
2,12296,0.5752307772636414,0.6922427234927235,1785296584.108475
2,12297,0.5793771743774414,0.6922843782473156,1785296584.1875854
2,12298,0.6547120213508606,0.69226108033241,1785296584.2705026
2,12299,0.7195706367492676,0.6923243336794739,1785296584.3544524
2,12300,0.5933406352996826,0.6923226643598616,1785296584.4363687
2,12301,0.6034494638442993,0.6923209961950882,1785296584.5214863
2,12302,0.6292324066162109,0.6923193291839558,1785296584.6010318
2,12303,0.5336689949035645,0.6923176633252679,1785296584.6805816
2,12304,0.6320779919624329,0.6922512093987561,1785296584.7590923
2,12305,0.39212965965270996,0.6922495682210709,1785296584.838949
2,12306,0.6523119211196899,0.6922479281767956,1785296584.9177847
2,12307,0.4224003553390503,0.6922462892647566,1785296585.0028396
2,12308,0.5219886898994446,0.6923093512767425,1785296585.0808282
2,12309,0.6251177787780762,0.6922430148327009,1785296585.158943
2,12310,0.5009005069732666,0.6922629310344828,1785296585.239146
2,12311,0.625596284866333,0.692325922095829,1785296585.3213747
2,12312,0.7157166004180908,0.6923888697450035,1785296585.4049528
2,12313,0.8793210387229919,0.6924517740268687,1785296585.4889007
2,12314,0.5729008913040161,0.6925146349862259,1785296585.5746088
2,12315,0.5818709135055542,0.6925344234079174,1785296585.6581345
2,12316,0.6117885112762451,0.6924466620784584,1785296585.7407234
2,12317,0.48281094431877136,0.6924234606123151,1785296585.8220077
2,12318,0.6545412540435791,0.6924432599724897,1785296585.9003968
2,12319,0.6094748377799988,0.6925060158129942,1785296585.982872
2,12320,0.6446638703346252,0.6925257731958763,1785296586.0615513
2,12321,0.5944952964782715,0.6925025764342151,1785296586.143286
2,12322,0.5487167835235596,0.6925437843406593,1785296586.2210276
2,12323,0.512336254119873,0.6925635084105733,1785296586.306882
2,12324,0.5302814841270447,0.6925617707618394,1785296586.3941739
2,12325,0.9742088317871094,0.6925600343053173,1785296586.4782481
2,12326,0.46680572628974915,0.6926225994513031,1785296586.5567393
2,12327,0.68352872133255,0.6925994172094617,1785296586.6345236
2,12328,0.8193057775497437,0.6925762508567512,1785296586.712444
2,12329,0.622673511505127,0.6926173347036656,1785296586.794441
2,12330,0.6888188123703003,0.6925941780821918,1785296586.8777812
2,12331,0.5777296423912048,0.6926352276617597,1785296586.9571388
2,12332,0.5940092206001282,0.6925906913073238,1785296587.034407
2,12333,0.5572012662887573,0.6925889497092029,1785296587.1139019
2,12334,0.6068704128265381,0.692608584131327,1785296587.1924808
2,12335,0.718253493309021,0.6925854700854701,1785296587.2730453
2,12336,0.6168990731239319,0.692541011619959,1785296587.3516295
2,12337,0.49700212478637695,0.6925819952169456,1785296587.4345665
2,12338,0.6410964727401733,0.6925375683060109,1785296587.5147626
2,12339,0.3438972234725952,0.6925998634346193,1785296587.595549
2,12340,0.43008241057395935,0.6926194539249146,1785296587.672597
2,12341,0.7004579305648804,0.6925963834868646,1785296587.7542317
2,12342,0.6578548550605774,0.6925093792633015,1785296587.8323524
2,12343,0.6125094890594482,0.6924863620866007,1785296587.9154458
2,12344,0.6896464824676514,0.6924633605998637,1785296587.9938064
2,12345,0.6086630821228027,0.6924829642248722,1785296588.0730214
2,12346,0.6898584365844727,0.6924812670299727,1785296588.1509688
2,12347,0.5019034743309021,0.6924795709908069,1785296588.2337494
2,12348,0.9414229989051819,0.6924353301565691,1785296588.3116949
2,12349,0.7211904525756836,0.6924336509016672,1785296588.393867
2,12350,0.8036749958992004,0.6924107142857143,1785296588.4717436
2,12351,0.6858694553375244,0.6924090445426726,1785296588.5526688
2,12352,0.7131182551383972,0.6924711080897349,1785296588.635691
2,12353,0.8297054767608643,0.6924694189602446,1785296588.718522
2,12354,0.6543494462966919,0.6924677309782609,1785296588.7968814
2,12355,0.9045290946960449,0.6924235993208828,1785296588.8749702
2,12356,0.40103134512901306,0.6924855736591989,1785296588.9561274
2,12357,0.6468620300292969,0.6924838819138106,1785296589.038941
2,12358,0.5541349649429321,0.6924609905020352,1785296589.1196792
2,12359,0.6111568808555603,0.692480501865039,1785296589.197625
2,12360,0.49662232398986816,0.6924576271186441,1785296589.278612
2,12361,0.6233717203140259,0.6924983056590986,1785296589.3618164
2,12362,0.7506000399589539,0.6924754403794038,1785296589.444516
2,12363,0.5078282356262207,0.6924314256688113,1785296589.5222354
2,12364,0.995590090751648,0.6923874407582938,1785296589.6002297
2,12365,0.6225347518920898,0.6924492385786802,1785296589.6777222
2,12366,0.7398883700370789,0.6924687077131259,1785296589.7581937
2,12367,0.8057827353477478,0.6925304362529591,1785296589.838824
2,12368,0.42861002683639526,0.6925498647734956,1785296589.919337
2,12369,0.5892810225486755,0.692548158161541,1785296589.9977582
2,12370,0.4972965717315674,0.6925464527027027,1785296590.0754805
2,12371,0.8234106302261353,0.6925236406619385,1785296590.1537204
2,12372,0.5021528601646423,0.6925852464550979,1785296590.2318134
2,12373,0.47949010133743286,0.6926468106648667,1785296590.3092449
2,12374,0.515801727771759,0.692623987854251,1785296590.3875246
2,12375,0.5338378548622131,0.6926433389544688,1785296590.4690268
2,12376,0.9597437977790833,0.6926205327039784,1785296590.5479324
2,12377,0.6197571754455566,0.6926188068756319,1785296590.629835
2,12378,0.5692624449729919,0.6926381401617251,1785296590.709052
2,12379,0.6441209316253662,0.6926153587066353,1785296590.7916577
2,12380,0.5489919781684875,0.6926136363636364,1785296590.8717012
2,12381,0.8061195611953735,0.6925908784920902,1785296590.9532776
2,12382,0.7044572830200195,0.6925891655450875,1785296591.0354571
2,12383,0.5789137482643127,0.6925033636057853,1785296591.1125498
2,12384,0.6297197341918945,0.6925016812373908,1785296591.1956003
2,12385,0.48163700103759766,0.6924579831932773,1785296591.2786722
2,12386,0.5259677171707153,0.6924563172043011,1785296591.3615396
2,12387,0.42318981885910034,0.6924756466241182,1785296591.438823
2,12388,0.6453913450241089,0.6923900268636669,1785296591.5220187
2,12389,0.6579378247261047,0.6924303457536086,1785296591.604523
2,12390,0.9315330982208252,0.6923867449664429,1785296591.685928
2,12391,0.7225653529167175,0.6924270379067426,1785296591.7659662
2,12392,0.8064863681793213,0.6924463447350772,1785296591.847261
2,12393,0.3387673795223236,0.6925075427422058,1785296591.9285743
2,12394,0.5995455980300903,0.6924849195710456,1785296592.0069966
2,12395,0.4357743263244629,0.6925460636515913,1785296592.0889099
2,12396,0.6673997640609741,0.6925443737441394,1785296592.1663969
2,12397,0.655768096446991,0.6925845329762303,1785296592.2451456
2,12398,0.44007912278175354,0.6925200803212851,1785296592.323333
2,12399,0.6286495327949524,0.6924556707929074,1785296592.401839
2,12400,0.6932339072227478,0.6923913043478261,1785296592.4797907
2,12401,0.6700621843338013,0.692389669007021,1785296592.557507
2,12402,0.6751049757003784,0.6923044786096256,1785296592.6354291
2,12403,0.4694177508354187,0.6922193451386569,1785296592.7138839
2,12404,0.5723786354064941,0.6922595190380761,1785296592.7909322
2,12405,0.7078604698181152,0.6922370617696161,1785296592.8686893
2,12406,0.6976405382156372,0.6923189252336449,1785296592.9458945
2,12407,0.5462138652801514,0.6923173173173173,1785296593.0235183
2,12408,0.5692927241325378,0.6923157104736491,1785296593.1019056
2,12409,0.6230352520942688,0.692251583861287,1785296593.1792648
2,12410,0.6983160972595215,0.69225,1785296593.2592163
2,12411,0.5520663857460022,0.6922484171942686,1785296593.3384516
2,12412,0.9363311529159546,0.6922051965356429,1785296593.4171374
2,12413,0.6798949837684631,0.6921411921411922,1785296593.4987094
2,12414,0.5364124178886414,0.6920772303595206,1785296593.5783594
2,12415,0.6915662288665771,0.6920757071547421,1785296593.6637597
2,12416,0.653841495513916,0.6920741849634066,1785296593.743844
2,12417,0.48082756996154785,0.692093448619887,1785296593.8243234
2,12418,0.8368396162986755,0.692133477393617,1785296593.907241
2,12419,0.5795482993125916,0.692173479561316,1785296593.9853325
2,12420,0.49665674567222595,0.6921511627906977,1785296594.0677323
2,12421,0.6262500286102295,0.6921081036200598,1785296594.145872
2,12422,0.824804425239563,0.6920650730411687,1785296594.224214
2,12423,0.606461763381958,0.6920220710255559,1785296594.3063586
2,12424,0.8780476450920105,0.6919790975447909,1785296594.3860488
2,12425,0.4236292243003845,0.6919983416252073,1785296594.4642417
2,12426,0.5728929042816162,0.691996850132626,1785296594.5420048
2,12427,0.5978635549545288,0.6918917799138217,1785296594.6204123
2,12428,0.3189782202243805,0.691952451954937,1785296594.7002401
2,12429,0.4447309970855713,0.6920130838025836,1785296594.7775273
2,12430,0.49555009603500366,0.6920322847682119,1785296594.8546216
2,12431,0.5352581143379211,0.6920100959947038,1785296594.936131
2,12432,0.5243481397628784,0.6919879219060225,1785296595.013713
2,12433,0.5993108749389648,0.6919450876612636,1785296595.0956523
2,12434,0.5038366317749023,0.6919642857142857,1785296595.1730206
2,12435,0.9038330316543579,0.6919628099173554,1785296595.2523284
2,12436,0.4435899257659912,0.6920026437541309,1785296595.3306475
2,12437,0.7670907378196716,0.6919392137429798,1785296595.4090621
2,12438,0.5630455017089844,0.691937747688243,1785296595.487551
2,12439,0.8865185976028442,0.691874380983823,1785296595.5710206
2,12440,0.8833250999450684,0.6919141914191419,1785296595.6490238
2,12441,0.5372549295425415,0.6918921148135929,1785296595.7296126
2,12442,0.5170668959617615,0.6919112796833773,1785296595.8072693
2,12443,0.6205628514289856,0.6918686119353775,1785296595.885348
2,12444,0.574489951133728,0.6918877719182597,1785296595.9638617
2,12445,0.6330728530883789,0.6918039538714992,1785296596.0425887
2,12446,0.5677183866500854,0.6917819499341239,1785296596.1211193
2,12447,0.47021639347076416,0.6918216990451103,1785296596.2033966
2,12448,0.36653897166252136,0.6918819947333772,1785296596.2871847
2,12449,0.4063371419906616,0.6919422507403751,1785296596.3688123
2,12450,0.4288271367549896,0.6920024671052631,1785296596.4466443
2,12451,0.6126571297645569,0.6920009865175929,1785296596.5247114
2,12452,0.5881056189537048,0.6919995069033531,1785296596.6023417
2,12453,0.6577688455581665,0.691998028261584,1785296596.6817908
2,12454,0.46262288093566895,0.6919965505913273,1785296596.7613332
2,12455,0.628399133682251,0.6919745484400657,1785296596.839176
2,12456,0.42780107259750366,0.6920141168745896,1785296596.916761
2,12457,0.6201688051223755,0.6919510994420742,1785296596.9962046
2,12458,0.7180243730545044,0.6919291338582677,1785296597.0748978
2,12459,0.5530891418457031,0.6919071826828468,1785296597.1574774
2,12460,0.49716001749038696,0.691905737704918,1785296597.240085
2,12461,0.5052520036697388,0.6919042936742051,1785296597.3216865
2,12462,0.5800957679748535,0.6919028505897772,1785296597.4034402
2,12463,0.9640601277351379,0.6919014084507042,1785296597.4819782
2,12464,0.4753934442996979,0.6919818271119843,1785296597.5580738
2,12465,0.7715112566947937,0.6920008183306056,1785296597.635815
2,12466,0.5472939014434814,0.6919993455497382,1785296597.7136428
2,12467,0.4979795217514038,0.6919774288518155,1785296597.793063
2,12468,0.33559244871139526,0.6920372792674951,1785296597.8704176
2,12469,0.5453708171844482,0.692056227525335,1785296597.9524891
2,12470,0.588250458240509,0.6919730392156863,1785296598.0303783
2,12471,0.635566234588623,0.6919307415877164,1785296598.111249
2,12472,0.34052348136901855,0.6919905290659699,1785296598.1886911
2,12473,0.587593674659729,0.6919278485145283,1785296598.2660031
2,12474,0.6937452554702759,0.6919671997389034,1785296598.3434887
2,12475,0.5452631711959839,0.6919657422512235,1785296598.4256692
2,12476,0.6357780694961548,0.6919235159817352,1785296598.5048838
2,12477,0.7317922115325928,0.6919220736876427,1785296598.5885692
2,12478,0.8577666878700256,0.6919206323337679,1785296598.6723118
2,12479,0.7610324025154114,0.6919191919191919,1785296598.7501144
2,12480,0.3418728709220886,0.6919788273615635,1785296598.8278818
2,12481,0.4973132312297821,0.6919570172582221,1785296598.9059207
2,12482,0.6156798601150513,0.6919759114583334,1785296598.9838002
2,12483,0.40410369634628296,0.6920354702245363,1785296599.0615647
2,12484,0.8130662441253662,0.6920339947950553,1785296599.1401057
2,12485,0.47570574283599854,0.6920528455284553,1785296599.2172635
2,12486,0.4526445269584656,0.6920716840052016,1785296599.2952003
2,12487,0.4959501028060913,0.6920905102372441,1785296599.3766723
2,12488,0.669841468334198,0.6921093242365172,1785296599.4550595
2,12489,0.6097714900970459,0.6921687236115622,1785296599.5340886
2,12490,0.46968647837638855,0.6922077922077922,1785296599.6119835
2,12491,0.5953919887542725,0.6921656929568322,1785296599.6936243
2,12492,0.5328125357627869,0.6921844581440623,1785296599.7708912
2,12493,0.6454609036445618,0.692203211157963,1785296599.8492334
2,12494,0.5110596418380737,0.6922219520103762,1785296599.9270234
2,12495,0.5975815057754517,0.6922001620745543,1785296600.0050747
2,12496,0.8239076733589172,0.6921783862605314,1785296600.0831537
2,12497,0.6926496028900146,0.6921768707482994,1785296600.165296
2,12498,0.5539206862449646,0.692215835492228,1785296600.2427151
2,12499,0.6327292919158936,0.6922143088378115,1785296600.32488
2,12500,0.5847875475883484,0.6921723300970873,1785296600.405817
2,12501,0.5529640316963196,0.6922112584923973,1785296600.4838574
2,12502,0.5820488333702087,0.6921693078913325,1785296600.5612543
2,12503,0.575202226638794,0.6921475913352731,1785296600.6391275
2,12504,0.43739089369773865,0.6921864899806076,1785296600.7163608
2,12505,0.5048532485961914,0.6921647819063005,1785296600.800408
2,12506,0.5127533674240112,0.6922238372093024,1785296600.8776743
2,12507,0.8650687336921692,0.6922223119147562,1785296600.9558342
2,12508,0.8586941361427307,0.6922207876049064,1785296601.0345845
2,12509,0.7395237684249878,0.6922394320748628,1785296601.1165826
2,12510,0.5963560342788696,0.6922379032258065,1785296601.196291
2,12511,0.4951934516429901,0.6922363753627861,1785296601.2739925
2,12512,0.7991399168968201,0.6921744036105738,1785296601.353633
2,12513,0.7466537952423096,0.6921326135997422,1785296601.4364748
2,12514,0.8479251265525818,0.6920505798969072,1785296601.5201032
2,12515,0.5171019434928894,0.6920289855072463,1785296601.5976403
2,12516,0.3483182489871979,0.6920878943979395,1785296601.6798127
2,12517,0.4329119920730591,0.6920864177663341,1785296601.7597456
2,12518,0.7675336003303528,0.6920849420849421,1785296601.8434765
2,12519,0.5548428893089294,0.6921437761338051,1785296601.9208667
2,12520,0.5936635732650757,0.6921623794212218,1785296601.9985244
2,12521,0.8091315031051636,0.6921809707489553,1785296602.0826588
2,12522,0.6452476382255554,0.6921392994858612,1785296602.161451
2,12523,0.6217452883720398,0.6920976549951815,1785296602.2442484
2,12524,0.7277724742889404,0.6920961785484907,1785296602.325804
2,12525,0.4816781282424927,0.6921147672552167,1785296602.405775
2,12526,0.5828622579574585,0.6921132862644416,1785296602.4844499
2,12527,0.7232996225357056,0.6921318575553417,1785296602.5638466
2,12528,0.5802760124206543,0.692150416933932,1785296602.6411448
2,12529,0.5872750878334045,0.6921689644116704,1785296602.7229455
2,12530,0.4051961898803711,0.692207532051282,1785296602.8003695
2,12531,0.5053462982177734,0.6922460749759692,1785296602.8796685
2,12532,0.45508503913879395,0.692224535554132,1785296602.9568594
2,12533,0.7674965262413025,0.6922430355427474,1785296603.0374186
2,12534,0.6670670509338379,0.6922215108834827,1785296603.1156034
2,12535,0.5141459107398987,0.69228,1785296603.1971378
2,12536,0.6738263368606567,0.6922584772872681,1785296603.2752109
2,12537,0.7531481981277466,0.692336904381196,1785296603.3545003
2,12538,0.5280744433403015,0.6923753196930946,1785296603.4316254
2,12539,0.8483206033706665,0.6923737615851709,1785296603.5142586
2,12540,0.5696576833724976,0.6923522364217253,1785296603.5919285
2,12541,0.6915044188499451,0.6922908016608113,1785296603.6740406
2,12542,0.8455519676208496,0.6922892720306514,1785296603.7524552
2,12543,0.5742557048797607,0.6922677944462177,1785296603.8334281
2,12544,0.4003627896308899,0.6923261008296108,1785296603.9106755
2,12545,0.707053005695343,0.6923444976076555,1785296603.9921358
2,12546,0.5954734086990356,0.6923230229591837,1785296604.0701563
2,12547,0.5405816435813904,0.6923214854956965,1785296604.1520593
2,12548,0.6251262426376343,0.6923000318674315,1785296604.229177
2,12549,0.5787328481674194,0.6922985027078687,1785296604.3095243
2,12550,0.6040055155754089,0.6922770700636943,1785296604.3877978
2,12551,0.6218360066413879,0.6922158548233047,1785296604.4684267
2,12552,0.36881721019744873,0.6922541374920432,1785296604.5501306
2,12553,0.6440480947494507,0.6922526248806873,1785296604.628848
2,12554,0.4715830981731415,0.6922312340966921,1785296604.7097106
2,12555,0.4721307158470154,0.6922297297297297,1785296604.7885218
2,12556,0.7923362851142883,0.6922083598219961,1785296604.8701804
2,12557,0.6041422486305237,0.6921870034953924,1785296604.948203
2,12558,0.4787557125091553,0.6921855146124524,1785296605.0305479
2,12559,0.6350162029266357,0.6921443315338203,1785296605.1098008
2,12560,0.5710886120796204,0.6921428571428572,1785296605.1874955
2,12561,0.6755088567733765,0.692181053633767,1785296605.2704346
2,12562,0.6535167694091797,0.6921795685279187,1785296605.3525789
2,12563,0.5259354114532471,0.6922177291468443,1785296605.433716
2,12564,0.7064681649208069,0.6922162333544705,1785296605.5132034
2,12565,0.5264676809310913,0.6922147385103011,1785296605.5918536
2,12566,0.48683542013168335,0.6921736375158428,1785296605.6701856
2,12567,0.4441903233528137,0.6921325625593918,1785296605.7523203
2,12568,0.4576426148414612,0.6922300506649778,1785296605.8284662
2,12569,0.5375310778617859,0.6921889838556505,1785296605.9101977
2,12570,0.6404457092285156,0.6921875,1785296605.989776
2,12571,0.5338870286941528,0.692225561531161,1785296606.0668416
2,12572,0.5258558988571167,0.6922240670461733,1785296606.1442263
2,12573,0.9116848707199097,0.6922423332279481,1785296606.2266178
2,12574,0.5181828141212463,0.6922210809102401,1785296606.3054328
2,12575,0.4914006292819977,0.692259083728278,1785296606.3857346
2,12576,0.6621633172035217,0.6922773215413771,1785296606.467248
2,12577,0.5417181253433228,0.6922758130723082,1785296606.5509953
2,12578,0.6323065757751465,0.6923137626262627,1785296606.6320817
2,12579,0.47158417105674744,0.6923122436099716,1785296606.7096426
2,12580,0.746148943901062,0.6922910094637224,1785296606.7889593
2,12581,0.7237290740013123,0.6922894985808893,1785296606.8679173
2,12582,0.6739688515663147,0.6922879886506935,1785296606.946504
2,12583,0.5802379846572876,0.692345572013867,1785296607.0278842
2,12584,0.7684121131896973,0.6922849716446124,1785296607.106295
2,12585,0.6150847673416138,0.692263779527559,1785296607.1886446
2,12586,0.5706885457038879,0.6922622795969773,1785296607.268873
2,12587,0.5119661688804626,0.6922411079634876,1785296607.3514357
2,12588,0.45384615659713745,0.6922396161107615,1785296607.433883
2,12589,0.5485153198242188,0.6922381251966027,1785296607.5127819
2,12590,0.5905837416648865,0.6922562893081761,1785296607.5930102
2,12591,0.5736921429634094,0.6922351461804463,1785296607.6752942
2,12592,0.6106958389282227,0.6921943746071653,1785296607.7538216
2,12593,0.5344791412353516,0.6922125353440151,1785296607.8354533
2,12594,0.6492416858673096,0.692191425879397,1785296607.9132493
2,12595,0.644343376159668,0.6921114599686028,1785296607.995169
2,12596,0.7355100512504578,0.6920707784055242,1785296608.0739021
2,12597,0.6309434175491333,0.6921085660495764,1785296608.1539676
2,12598,0.5789658427238464,0.6920875156838143,1785296608.236227
2,12599,0.46240365505218506,0.6921448730009407,1785296608.3141575
2,12600,0.4846820831298828,0.6922021943573667,1785296608.391926
2,12601,0.5077374577522278,0.6922007207771859,1785296608.4692535
2,12602,0.7857658863067627,0.6921992481203008,1785296608.5539923
2,12603,0.7132472991943359,0.692139054181021,1785296608.6345985
2,12604,0.6500495076179504,0.6921571696931748,1785296608.7127943
2,12605,0.5642963647842407,0.6921948356807511,1785296608.7918713
2,12606,0.7353459596633911,0.6922129224030038,1785296608.8715456
2,12607,0.7614961862564087,0.6921723490772599,1785296608.9535024
2,12608,0.5252653360366821,0.6921708880550344,1785296609.0307462
2,12609,0.7666164636611938,0.6921498905908097,1785296609.1125653
2,12610,0.8532979488372803,0.6921484375,1785296609.1907165
2,12611,0.5936238765716553,0.6921665104654795,1785296609.2691193
2,12612,0.5186256170272827,0.6922040911930044,1785296609.3468547
2,12613,0.6033416390419006,0.6921831095847643,1785296609.4292183
2,12614,0.619432806968689,0.6922206616729089,1785296609.5081666
2,12615,0.5471798181533813,0.6922191887675507,1785296609.5856485
2,12616,0.6677989959716797,0.6922372114784778,1785296609.6641042
2,12617,0.5117562413215637,0.692274711568444,1785296609.7455351
2,12618,0.5482335686683655,0.69227322319202,1785296609.8234706
2,12619,0.6139219999313354,0.6922522592708009,1785296609.905364
2,12620,0.68897545337677,0.6922118380062305,1785296609.9885082
2,12621,0.46762967109680176,0.6921909062597321,1785296610.0674489
2,12622,0.5758107304573059,0.692208904109589,1785296610.1449687
2,12623,0.7838945984840393,0.6922074385309679,1785296610.2273123
2,12624,0.5964470505714417,0.6921865276913504,1785296610.3053794
2,12625,0.9724328517913818,0.692165629860031,1785296610.3874493
2,12626,0.7469438910484314,0.6922030472636815,1785296610.4653418
2,12627,0.5906572937965393,0.6921821572894,1785296610.5451417
2,12628,0.31216174364089966,0.692258390304537,1785296610.622422
2,12629,0.6326806545257568,0.6922180801491147,1785296610.7030835
2,12630,0.589813232421875,0.6922166149068323,1785296610.7813077
2,12631,0.5629412531852722,0.6922539583980131,1785296610.8635619
2,12632,0.760893702507019,0.6922524829298572,1785296610.9426286
2,12633,0.42398056387901306,0.6923091839900714,1785296611.0198503
2,12634,0.5575338006019592,0.6923270781637717,1785296611.0975413
2,12635,0.6046230792999268,0.6923255813953488,1785296611.1752965
2,12636,0.6209614276885986,0.692227216367018,1785296611.2534134
2,12637,0.4888519048690796,0.6922644871397583,1785296611.3313956
2,12638,0.6791349649429321,0.6922823729863693,1785296611.409458
2,12639,0.5740448832511902,0.6922808919170022,1785296611.4915144
2,12640,0.5467939972877502,0.6923374613003096,1785296611.574105
2,12641,0.566664457321167,0.6923553079541938,1785296611.6537545
2,12642,0.6066134572029114,0.692315129950495,1785296611.7319455
2,12643,0.5120285153388977,0.6923136405815032,1785296611.810005
2,12644,0.4581349492073059,0.6923314780457638,1785296611.888155
2,12645,0.8605204820632935,0.6923686244204018,1785296611.9653704
2,12646,0.5925166010856628,0.6923671199011124,1785296612.0446572
2,12647,0.4799872636795044,0.692327000308928,1785296612.125283
2,12648,0.44790664315223694,0.6923448116121063,1785296612.204067
2,12649,0.6062770485877991,0.6923240197591849,1785296612.2845159
2,12650,0.437896728515625,0.6923418209876543,1785296612.3622823
2,12651,0.6430355906486511,0.6923788954026535,1785296612.4430594
2,12652,0.6891049742698669,0.6923581122763726,1785296612.5205996
2,12653,0.7497588992118835,0.6923951588035769,1785296612.5985358
2,12654,0.5242139101028442,0.6923936498150431,1785296612.6759572
2,12655,0.5058373808860779,0.6924306625577812,1785296612.7575803
2,12656,0.6174700260162354,0.6924483980283426,1785296612.83548
2,12657,0.801215648651123,0.6924853711117955,1785296612.91662
2,12658,0.438754141330719,0.6925800492610837,1785296612.993104
2,12659,0.6010118722915649,0.6925592489996922,1785296613.0746443
2,12660,0.7433592081069946,0.6925384615384615,1785296613.1578126
2,12661,0.6328292489051819,0.6925176868655798,1785296613.2355664
2,12662,0.64279705286026,0.6924969249692496,1785296613.3155904
2,12663,0.5548562407493591,0.692514601905933,1785296613.3971648
2,12664,0.49034759402275085,0.6925514751075599,1785296613.478271
2,12665,0.46816131472587585,0.6925115207373271,1785296613.5559144
2,12666,0.7610362768173218,0.6925099815724816,1785296613.6338904
2,12667,0.6508589386940002,0.6924316856002456,1785296613.7175362
2,12668,0.7435016632080078,0.6924493554327809,1785296613.7962732
2,12669,0.5574706196784973,0.6924478367597422,1785296613.8744977
2,12670,0.5442147254943848,0.6924463190184049,1785296613.9533498
2,12671,0.6695696115493774,0.692425636307881,1785296614.036564
2,12672,0.47110337018966675,0.6924624463519313,1785296614.1153271
2,12673,0.7149949073791504,0.6924609255286546,1785296614.1929572
2,12674,0.6015568971633911,0.6924785539215687,1785296614.2757394
2,12675,0.591037392616272,0.6924770290964778,1785296614.3540561
2,12676,0.6905607581138611,0.6925329148805879,1785296614.4370453
2,12677,0.5923186540603638,0.6925696357514539,1785296614.515672
2,12678,0.6915990114212036,0.692625458996328,1785296614.5981617
2,12679,0.41749459505081177,0.6926812480881004,1785296614.676134
2,12680,0.6126719117164612,0.6926796636085627,1785296614.758519
2,12681,0.6315659284591675,0.6926780800978294,1785296614.8395312
2,12682,0.531826376914978,0.6927147004889975,1785296614.9223456
2,12683,0.5434203743934631,0.6927322028719829,1785296615.0061877
2,12684,0.7101896405220032,0.6926542455711667,1785296615.0841439
2,12685,0.9441485404968262,0.6926335877862595,1785296615.16622
2,12686,0.6203585863113403,0.6926701770451771,1785296615.2434971
2,12687,0.7844609022140503,0.6925923100396705,1785296615.3213336
2,12688,0.6071709394454956,0.6925526235509457,1785296615.3995526
2,12689,0.5691127777099609,0.6924939005794449,1785296615.4820175
2,12690,0.42321112751960754,0.692530487804878,1785296615.5599468
2,12691,0.4774931073188782,0.6925480036574215,1785296615.6421564
2,12692,0.6182037591934204,0.6925655088360756,1785296615.7245765
2,12693,0.6818215250968933,0.6925449284191288,1785296615.806599
2,12694,0.4551908075809479,0.6925433922046285,1785296615.8906083
2,12695,0.4777643084526062,0.6925228310502283,1785296615.9688654
2,12696,0.5793907642364502,0.6925022824102252,1785296616.0462854
2,12697,0.7614627480506897,0.6925197748707028,1785296616.1285455
2,12698,0.680431604385376,0.6924992396593674,1785296616.2062433
2,12699,0.8129217028617859,0.6924977196716328,1785296616.2894032
2,12700,0.7137750387191772,0.6924582066869301,1785296616.3672302
2,12701,0.5702708959579468,0.6925136736554239,1785296616.448506
2,12702,0.794417142868042,0.6925121506682868,1785296616.5264285
2,12703,0.5183359384536743,0.692472669298512,1785296616.6080472
2,12704,0.46007952094078064,0.6925091074681239,1785296616.6860723
2,12705,0.4666888117790222,0.6925644916540212,1785296616.771715
2,12706,0.981980562210083,0.6926008798543689,1785296616.8536053
2,12707,0.5020703673362732,0.6926182893539582,1785296616.9316578
2,12708,0.45881712436676025,0.6926167374166161,1785296617.014057
2,12709,0.6247284412384033,0.6925772961503486,1785296617.0972028
2,12710,0.6444289088249207,0.6925757575757576,1785296617.1794553
2,12711,0.7260013818740845,0.6925552862768858,1785296617.257886
2,12712,0.7250806093215942,0.6925348273773471,1785296617.3407848
2,12713,0.695229709148407,0.6925522252497729,1785296617.4244351
2,12714,0.5617724657058716,0.692531779661017,1785296617.503024
2,12715,0.7190693020820618,0.6925113464447806,1785296617.5808766
2,12716,0.5252974629402161,0.6924909255898367,1785296617.659454
2,12717,0.7290010452270508,0.692527214998488,1785296617.7375708
2,12718,0.5597158670425415,0.6925445888754534,1785296617.8157666
2,12719,0.6887239217758179,0.6925430643699003,1785296617.8965464
2,12720,0.5107614994049072,0.6925037764350453,1785296617.9776123
2,12721,0.6163029074668884,0.6924267592872244,1785296618.0593264
2,12722,0.7774493098258972,0.6924441425120773,1785296618.1415973
2,12723,0.5343072414398193,0.6924615152429822,1785296618.2228527
2,12724,0.6068557500839233,0.692460018105009,1785296618.3014197
2,12725,0.8407700657844543,0.6924019607843137,1785296618.3802264
2,12726,0.5352504849433899,0.6923627864897467,1785296618.4585543
2,12727,0.6051124334335327,0.6923990051251131,1785296618.5365903
2,12728,0.6444031000137329,0.6924163652802894,1785296618.6145554
2,12729,0.5358342528343201,0.6924148840012052,1785296618.6924963
2,12730,0.5821958184242249,0.692394578313253,1785296618.7718008
2,12731,0.49691998958587646,0.6924495633845227,1785296618.8494394
2,12732,0.5809880495071411,0.6923916315472607,1785296618.9271088
2,12733,0.7259042859077454,0.6923713511886849,1785296619.0092359
2,12734,0.619579017162323,0.6923510830324909,1785296619.086948
2,12735,0.6778865456581116,0.6922932330827067,1785296619.1691344
2,12736,0.43880170583724976,0.692310583283223,1785296619.2467353
2,12737,0.5978788137435913,0.6922903516681695,1785296619.3290534
2,12738,0.5749137997627258,0.6922889122596154,1785296619.4117832
2,12739,1.0400875806808472,0.6923062481225594,1785296619.4901516
2,12740,0.530962347984314,0.6923048048048048,1785296619.567627
2,12741,0.5095288157463074,0.6922845992194536,1785296619.6495306
2,12742,0.5024867057800293,0.6923206782713085,1785296619.7268567
2,12743,0.8141502141952515,0.6922254725472547,1785296619.809152
2,12744,0.4943961501121521,0.6922240551889622,1785296619.891916
2,12745,0.7474210262298584,0.6922226386806597,1785296619.969658
2,12746,0.6917479038238525,0.6922212230215827,1785296620.0485172
2,12747,0.9035123586654663,0.6922572670062931,1785296620.128678
2,12748,0.7584702968597412,0.6922745656081486,1785296620.2122753
2,12749,0.709403932094574,0.6922918538484576,1785296620.2912047
2,12750,0.5925747752189636,0.6922717065868264,1785296620.3683164
2,12751,0.4667752981185913,0.6922515713858126,1785296620.445979
2,12752,0.48409217596054077,0.6922688509874326,1785296620.5246894
2,12753,0.5807002782821655,0.6922861202512713,1785296620.6030319
2,12754,0.6590269207954407,0.6922846889952153,1785296620.6817625
2,12755,0.5531628727912903,0.6922272047832586,1785296620.7594836
2,12756,0.7884676456451416,0.6922257919904363,1785296620.8374555
2,12757,0.6945468187332153,0.6922243800418285,1785296620.9230406
2,12758,0.5876706838607788,0.6922416367980884,1785296621.0050337
2,12759,0.6669367551803589,0.6922402209614811,1785296621.08432
2,12760,0.8951798677444458,0.6922388059701493,1785296621.162342
2,12761,0.5925427675247192,0.6922187406744256,1785296621.2403636
2,12762,0.728498101234436,0.6921986873508353,1785296621.318441
2,12763,0.5366772413253784,0.6921786459886669,1785296621.3967311
2,12764,0.5632560849189758,0.6922145199761479,1785296621.4741476
2,12765,0.42139148712158203,0.6922317436661699,1785296621.5531924
2,12766,0.5278449654579163,0.6922675804529201,1785296621.631167
2,12767,0.599157989025116,0.6922475424486149,1785296621.7086346
2,12768,0.4657630920410156,0.6922833531864205,1785296621.7861254
2,12769,0.7867889404296875,0.6923005358737719,1785296621.8644023
2,12770,0.479598730802536,0.6922619047619047,1785296621.942234
2,12771,0.688873827457428,0.6922047009818506,1785296622.0252762
2,12772,0.5898412466049194,0.6922033016061868,1785296622.102644
2,12773,0.5798804759979248,0.6921833184656556,1785296622.1853147
2,12774,0.5478910803794861,0.6921819262782402,1785296622.2674081
2,12775,0.6301289796829224,0.6922176820208024,1785296622.3507636
2,12776,0.6229497194290161,0.6922162804515746,1785296622.4284298
2,12777,0.546846330165863,0.6921963171963172,1785296622.5114794
2,12778,0.5336829423904419,0.6922320368171021,1785296622.5903685
2,12779,0.5919249653816223,0.6921935292371624,1785296622.6730657
2,12780,0.5937435626983643,0.6922292284866469,1785296622.7514985
2,12781,0.4980999529361725,0.6922278255710471,1785296622.8296034
2,12782,0.5574460029602051,0.6921893534994069,1785296622.9072268
2,12783,0.5766540765762329,0.6921879632374741,1785296622.990439
2,12784,0.752913773059845,0.6921680497925311,1785296623.0683324
2,12785,0.6589576601982117,0.6921851851851852,1785296623.1454844
2,12786,0.7488937973976135,0.692239336492891,1785296623.223136
2,12787,0.5766769647598267,0.6922009179745336,1785296623.3063579
2,12788,0.44907253980636597,0.6922365304914151,1785296623.3838468
2,12789,0.8012136220932007,0.6922351287363125,1785296623.464021
2,12790,0.577586829662323,0.6921967455621302,1785296623.5423422
2,12791,0.6343581080436707,0.6922323277136941,1785296623.6198416
2,12792,0.8766530156135559,0.6922494086339445,1785296623.697099
2,12793,0.47014567255973816,0.692229530002956,1785296623.780975
2,12794,0.3998644948005676,0.6922835401891253,1785296623.861751
2,12795,0.5148321986198425,0.6922821270310192,1785296623.9400487
2,12796,0.5353215932846069,0.6922622563496751,1785296624.0190878
2,12797,0.6092070937156677,0.6922423974018306,1785296624.1012106
2,12798,0.6965113878250122,0.6922594451003542,1785296624.1801562
2,12799,0.7649965882301331,0.692202714665093,1785296624.2585979
2,12800,0.8368512392044067,0.6921828908554573,1785296624.3367631
2,12801,0.6424452662467957,0.6921815098790917,1785296624.4147456
2,12802,0.6413220167160034,0.6922169811320755,1785296624.4932826
2,12803,0.5098133087158203,0.6922892720306514,1785296624.5718303
2,12804,0.53654545545578,0.6922878609310548,1785296624.6495564
2,12805,0.43962717056274414,0.6923232695139911,1785296624.727238
2,12806,0.45290595293045044,0.6923586572438163,1785296624.8050134
2,12807,0.532066822052002,0.692357226964969,1785296624.8863456
2,12808,0.48746269941329956,0.6923741907004121,1785296624.963353
2,12809,0.6748147010803223,0.6923911444542512,1785296625.0418954
2,12810,0.6067000031471252,0.6923713235294118,1785296625.120891
2,12811,0.47454819083213806,0.6924066451043811,1785296625.1988392
2,12812,0.7171459197998047,0.6923500881834215,1785296625.2768958
2,12813,0.5832433104515076,0.692311930649427,1785296625.3548393
2,12814,0.5284132361412048,0.6923105170387779,1785296625.4326355
2,12815,0.5057766437530518,0.6923091042584435,1785296625.516272
2,12816,0.7620528340339661,0.6922526423957722,1785296625.5943246
2,12817,0.6132375001907349,0.6922329028470795,1785296625.6764052
2,12818,0.5948516726493835,0.692231514084507,1785296625.7535436
2,12819,0.639914870262146,0.6921751246699912,1785296625.8355463
2,12820,0.47517165541648865,0.6922287390029326,1785296625.9134102
2,12821,0.7772827744483948,0.6922456757549106,1785296625.992714
2,12822,0.6098201870918274,0.6921526963657679,1785296626.0705717
2,12823,0.53795325756073,0.6921513331380018,1785296626.1485455
2,12824,0.5673376321792603,0.6921133567662566,1785296626.2312515
2,12825,0.5842258930206299,0.6921120058565153,1785296626.3133953
2,12826,0.9276404976844788,0.6920923594847775,1785296626.3920245
2,12827,0.4989129602909088,0.6921093064091308,1785296626.4700818
2,12828,0.8374766707420349,0.6920896723229959,1785296626.5491319
2,12829,0.47299474477767944,0.6920517695232524,1785296626.6310036
2,12830,0.5520734786987305,0.6920138888888889,1785296626.7084582
2,12831,0.5891480445861816,0.692012569424145,1785296626.7905252
2,12832,0.6633877158164978,0.6919564582115721,1785296626.87254
2,12833,0.46992480754852295,0.6919916739702016,1785296626.9504087
2,12834,0.6591334342956543,0.6919721086448598,1785296627.0329318
2,12835,0.5426133275032043,0.691970802919708,1785296627.1144025
2,12836,0.6474282741546631,0.691969497956801,1785296627.193186
2,12837,0.6064285635948181,0.6920046688065363,1785296627.2758954
2,12838,0.5549929141998291,0.6920215869311552,1785296627.357331
2,12839,0.5699876546859741,0.6920020414114902,1785296627.4346235
2,12840,0.7890774011611938,0.6919825072886298,1785296627.5180604
2,12841,0.6459346413612366,0.6919447682891285,1785296627.600169
2,12842,0.6130160689353943,0.6919434731934732,1785296627.6778238
2,12843,0.5919167399406433,0.6919057675502476,1785296627.7561116
2,12844,0.5168404579162598,0.6919044845661037,1785296627.8335211
2,12845,0.5618168115615845,0.6918486171761281,1785296627.9106677
2,12846,0.6566914319992065,0.6918655413271245,1785296627.9930682
2,12847,0.5774118900299072,0.6918642711667151,1785296628.0703642
2,12848,0.5573212504386902,0.6918811809191391,1785296628.1482778
2,12849,0.6730108261108398,0.6918435591741785,1785296628.2311718
2,12850,0.5746629238128662,0.6918786337209303,1785296628.313624
2,12851,0.6884363889694214,0.6918773612321999,1785296628.394661
2,12852,0.8433361053466797,0.6918216153399187,1785296628.4770958
2,12853,1.019474744796753,0.6918385129247749,1785296628.5555713
2,12854,0.6529456377029419,0.6918916957026713,1785296628.6327481
2,12855,0.7060890197753906,0.6918722786647314,1785296628.7164176
2,12856,0.5476847887039185,0.6918891468369124,1785296628.797766
2,12857,0.6061944961547852,0.6918878735131999,1785296628.8762338
2,12858,0.614794909954071,0.6919047273781903,1785296628.9539933
2,12859,0.9324479103088379,0.6918853290808931,1785296629.0322454
2,12860,0.47515928745269775,0.6919021739130434,1785296629.1100643
2,12861,0.6280555725097656,0.6918827875977978,1785296629.192322
2,12862,0.6435422897338867,0.6918996234067207,1785296629.2711372
2,12863,0.5877032279968262,0.6918440486533449,1785296629.3540761
2,12864,0.4912065863609314,0.6918427909669947,1785296629.431544
2,12865,0.8103618621826172,0.6918596237337192,1785296629.5146658
2,12866,0.8208779096603394,0.6918583622685185,1785296629.5936224
2,12867,0.6841360330581665,0.6918390222736477,1785296629.6764834
2,12868,0.6137441992759705,0.6918377674956623,1785296629.7538788
2,12869,0.5109395980834961,0.6918726510552182,1785296629.83189
2,12870,0.5866232514381409,0.691889450867052,1785296629.9096856
2,12871,0.5662755966186523,0.6918881826061832,1785296629.9915516
2,12872,0.5575078725814819,0.6918508087810514,1785296630.0687606
2,12873,0.4696199297904968,0.6918676003465204,1785296630.1505194
2,12874,0.619232177734375,0.69188438221709,1785296630.2281065
2,12875,0.5516757369041443,0.6918470418470418,1785296630.310182
2,12876,0.5368003249168396,0.6918457876514714,1785296630.3876076
2,12877,0.5898544788360596,0.6918445341794058,1785296630.469889
2,12878,0.6234936118125916,0.6918613033448674,1785296630.5480998
2,12879,0.8423601388931274,0.6918600461228019,1785296630.630465
2,12880,0.6273511052131653,0.6918587896253602,1785296630.7079513
2,12881,0.5681735873222351,0.6918575338519158,1785296630.7896452
2,12882,0.46914607286453247,0.6918562788018433,1785296630.8673737
2,12883,0.580888569355011,0.6918730204434207,1785296630.945437
2,12884,0.7615646123886108,0.6918897524467472,1785296631.0249124
2,12885,0.7155377268791199,0.6918705035971223,1785296631.1081889
2,12886,0.7109631299972534,0.6917973245109321,1785296631.189151
2,12887,0.7246896028518677,0.6918140638481449,1785296631.2662656
2,12888,0.7497686743736267,0.6918307935595169,1785296631.3441548
2,12889,0.6057788729667664,0.691811583788445,1785296631.421799
2,12890,0.6973695755004883,0.6918103448275862,1785296631.5003264
2,12891,0.4765193462371826,0.6917911519678254,1785296631.577631
2,12892,0.8568405508995056,0.6917360712234348,1785296631.655909
2,12893,0.5433847308158875,0.6916989664082688,1785296631.7366278
2,12894,0.5124353170394897,0.6917157003444316,1785296631.8142593
2,12895,0.5220683217048645,0.691696556671449,1785296631.8963966
2,12896,0.7493007779121399,0.6916774239816409,1785296631.9746192
2,12897,0.6679900288581848,0.6917120734155434,1785296632.058259
2,12898,0.5962762832641602,0.691764621559633,1785296632.1354923
2,12899,0.4554190933704376,0.6917992261392949,1785296632.2178104
2,12900,0.6313077807426453,0.6917800859598854,1785296632.295656
2,12901,0.7224937677383423,0.6917967631051275,1785296632.3782806
2,12902,0.5228320360183716,0.6917597365406644,1785296632.4557467
2,12903,0.8770542144775391,0.6917406241053535,1785296632.5395184
2,12904,0.6628060340881348,0.6917036348025186,1785296632.6180534
2,12905,0.4654361307621002,0.6916845493562231,1785296632.7011616
2,12906,0.5555074214935303,0.6917191075514875,1785296632.7838323
2,12907,0.6336239576339722,0.6916642836717186,1785296632.8659708
2,12908,0.4382246732711792,0.6916809605488851,1785296632.9478924
2,12909,0.5176006555557251,0.6917333523863961,1785296633.0267282
2,12910,0.4095239043235779,0.69175,1785296633.1038947
2,12911,0.5578054189682007,0.6917487860611254,1785296633.187495
2,12912,0.6854546070098877,0.691747572815534,1785296633.266289
2,12913,0.568574070930481,0.691728518412789,1785296633.344614
2,12914,0.6018308401107788,0.6917451484018264,1785296633.4227786
2,12915,0.7310022115707397,0.6917261055634807,1785296633.5010054
2,12916,0.6254254579544067,0.6917070735881347,1785296633.5795743
2,12917,0.6760992407798767,0.6916524094667807,1785296633.6577065
2,12918,0.8008324503898621,0.691633409350057,1785296633.736528
2,12919,0.42862454056739807,0.6916322314049587,1785296633.8138914
2,12920,0.5942752361297607,0.6916666666666667,1785296633.893727
2,12921,0.6529062986373901,0.6917188835089718,1785296633.9743953
2,12922,0.6109032034873962,0.6916642938496583,1785296634.0526505
2,12923,0.7193441390991211,0.691645317392542,1785296634.1318448
2,12924,0.5938675999641418,0.69159077973819,1785296634.20931
2,12925,0.46782493591308594,0.6916251778093884,1785296634.2877283
2,12926,0.5715373158454895,0.6916240045506257,1785296634.365639
2,12927,0.5983384847640991,0.6916050611316463,1785296634.444368
2,12928,0.692480206489563,0.6915328311540648,1785296634.5299122
2,12929,0.7978264093399048,0.6915316851378233,1785296634.6111565
2,12930,0.6065470576286316,0.6915660511363636,1785296634.6910367
2,12931,0.5880728363990784,0.691564896336268,1785296634.7689612
2,12932,0.44997692108154297,0.6915814877910278,1785296634.8461037
2,12933,0.645964503288269,0.6915980698268521,1785296634.9250493
2,12934,0.5167111158370972,0.69159690692395,1785296635.0027108
2,12935,0.5406224727630615,0.691595744680851,1785296635.0851626
2,12936,0.9315237998962402,0.6915768576290414,1785296635.163297
2,12937,0.8911876678466797,0.6916288630564219,1785296635.2426643
2,12938,0.4956982731819153,0.6916808390022676,1785296635.32438
2,12939,0.6613503098487854,0.6916973646925475,1785296635.4070837
2,12940,0.44879990816116333,0.6917315864022663,1785296635.4845753
2,12941,0.8723512887954712,0.6917834890965732,1785296635.562241
2,12942,0.7123851180076599,0.6917645809739524,1785296635.640564
2,12943,0.7230890989303589,0.6917810642513444,1785296635.7236362
2,12944,0.6395955681800842,0.6917975382003395,1785296635.8024828
2,12945,0.5042049288749695,0.6918140028288543,1785296635.8797562
2,12946,0.6064035892486572,0.6918127828054299,1785296635.9569478
2,12947,0.8141443729400635,0.691793893129771,1785296636.0387022
2,12948,0.573174774646759,0.6918103448275862,1785296636.1166325
2,12949,0.7047138214111328,0.6918267872280305,1785296636.1984875
2,12950,0.6472126245498657,0.6917725988700565,1785296636.2771227
2,12951,0.4862116575241089,0.6918243434058176,1785296636.3583946
2,12952,0.6421099901199341,0.6918407679277244,1785296636.4368582
2,12953,0.5692745447158813,0.6918571831780976,1785296636.5178812
2,12954,0.46481502056121826,0.6918735891647856,1785296636.5963
2,12955,0.6944596767425537,0.6918370944992948,1785296636.678578
2,12956,0.5813876986503601,0.6918182459108855,1785296636.7615523
2,12957,0.49452468752861023,0.6918170284747674,1785296636.838617
2,12958,0.4511774182319641,0.691886273957159,1785296636.9154253
2,12959,0.555065393447876,0.6919378698224852,1785296636.9963484
2,12960,0.5194371938705444,0.6919718309859155,1785296637.0739036
2,12961,0.4694594442844391,0.6919881723458181,1785296637.1523533
2,12962,0.5141674280166626,0.6919869087837838,1785296637.234825
2,12963,0.5115115642547607,0.6920032367013791,1785296637.315642
2,12964,0.5840287804603577,0.6920195554305009,1785296637.397953
2,12965,0.4664534032344818,0.6920358649789029,1785296637.47527
2,12966,0.5860866904258728,0.6920345894263217,1785296637.5546403
2,12967,0.5336776375770569,0.6920157436041608,1785296637.6326196
2,12968,0.5895418524742126,0.6920671725688589,1785296637.7147865
2,12969,0.5598822236061096,0.6920834504074178,1785296637.7950113
2,12970,0.6155623197555542,0.6920821629213483,1785296637.8785388
2,12971,0.8243362903594971,0.6920282224094355,1785296637.9588675
2,12972,0.5620801448822021,0.6920269511510387,1785296638.0416882
2,12973,0.6048966646194458,0.6920081392085321,1785296638.1188474
2,12974,0.6129001379013062,0.692006874298541,1785296638.1965744
2,12975,0.47271522879600525,0.6919705469845723,1785296638.279372
2,12976,0.7406993508338928,0.6920043466068424,1785296638.3581252
2,12977,0.48054039478302,0.6920030838239417,1785296638.4363186
2,12978,0.4022909700870514,0.6920543721973094,1785296638.5138001
2,12979,0.38282477855682373,0.6921231437377416,1785296638.5917404
2,12980,0.6256920695304871,0.692156862745098,1785296638.669649
2,12981,0.49543261528015137,0.6922255670680482,1785296638.7522569
2,12982,0.6433486938476562,0.6922767357222844,1785296638.8306358
2,12983,0.3929774761199951,0.6923103834312903,1785296638.9126313
2,12984,0.6006017923355103,0.692309037493005,1785296638.990539
2,12985,0.4994870126247406,0.6923426573426573,1785296639.0686178
2,12986,0.682424783706665,0.6923937360178971,1785296639.1469438
2,12987,0.5172489285469055,0.6924098406485882,1785296639.2253187
2,12988,0.4430050253868103,0.692443404136389,1785296639.3094122
2,12989,0.5701010823249817,0.6924245599329422,1785296639.388539
2,12990,0.9182665944099426,0.6924057262569833,1785296639.4691157
2,12991,0.7778841257095337,0.6923170901982686,1785296639.5518296
2,12992,0.697584867477417,0.6923331937465104,1785296639.634315
2,12993,0.5833751559257507,0.6923492883058889,1785296639.7135482
2,12994,0.5935401916503906,0.6923479352678571,1785296639.7916107
2,12995,0.5220909118652344,0.6923465829846583,1785296639.8696227
2,12996,0.813388466835022,0.6923103736754044,1785296639.9473848
2,12997,0.590348482131958,0.6922741845553387,1785296640.0277321
2,12998,0.5044959187507629,0.6922728539576366,1785296640.1051412
2,12999,0.7343500256538391,0.6922192811368069,1785296640.187776
2,13000,0.5001916885375977,0.6922179665738162,1785296640.2689273
2,13001,0.8141654133796692,0.692181843497633,1785296640.3471587
2,13002,0.4830113351345062,0.6921805400890868,1785296640.4281845
2,13003,0.8650841116905212,0.6921792374060673,1785296640.505905
2,13004,0.7291185855865479,0.6922301057317752,1785296640.5861988
2,13005,0.5210063457489014,0.6922287899860918,1785296640.6634698
2,13006,0.4607088565826416,0.6922622358175751,1785296640.7407541
2,13007,0.3977552652359009,0.6923130386433138,1785296640.8190627
2,13008,0.42401131987571716,0.6923290717065036,1785296640.8970194
2,13009,0.6484021544456482,0.6923103639899972,1785296640.975307
2,13010,0.49081951379776,0.6923263888888889,1785296641.0533774
2,13011,0.3558708131313324,0.6923597611774507,1785296641.1364822
2,13012,0.32157665491104126,0.6924278178789561,1785296641.2144144
2,13013,0.6575154066085815,0.6923917568692756,1785296641.2961197
2,13014,0.6303773522377014,0.6923210321864595,1785296641.3754897
2,13015,0.6903260946273804,0.6923023578363384,1785296641.4556377
2,13016,0.5225421190261841,0.692301026067665,1785296641.5376694
2,13017,0.8739773035049438,0.6923343498752426,1785296641.6156747
2,13018,0.7345612049102783,0.6922637195121951,1785296641.6983075
2,13019,0.6708388328552246,0.6922450817400942,1785296641.7777734
2,13020,0.7314800024032593,0.69226108033241,1785296641.8609283
2,13021,0.5980605483055115,0.6922424536139573,1785296641.9389842
2,13022,0.8236734867095947,0.6922584440753046,1785296642.021912
2,13023,0.4747907519340515,0.69225712704124,1785296642.1051457
2,13024,0.5050574541091919,0.6922731045932484,1785296642.1835277
2,13025,0.6411848068237305,0.6922544951590595,1785296642.2614872
2,13026,0.5504152774810791,0.6922704646017699,1785296642.3388371
2,13027,0.5802948474884033,0.6922518661874482,1785296642.4213657
2,13028,0.6096246838569641,0.6922678275290216,1785296642.499375
2,13029,0.4145148694515228,0.692266510085659,1785296642.5805957
2,13030,0.5760964751243591,0.6922651933701658,1785296642.6603267
2,13031,0.817122220993042,0.6923329190831262,1785296642.737052
2,13032,0.7571555376052856,0.6923488404196576,1785296642.8198667
2,13033,0.42534270882606506,0.6923475020701076,1785296642.8985488
2,13034,0.7380743026733398,0.6923806567328918,1785296642.9809713
2,13035,0.5453014969825745,0.6924137931034483,1785296643.0628731
2,13036,0.6117416620254517,0.6923779646993933,1785296643.143643
2,13037,0.5090987086296082,0.6923938516680452,1785296643.2205129
2,13038,0.8053827881813049,0.6923925027563396,1785296643.3045144
2,13039,0.6135420799255371,0.6923739322127308,1785296643.3827798
2,13040,0.45406830310821533,0.6923725895316805,1785296643.4604933
2,13041,0.5828680396080017,0.6923023960341503,1785296643.5383043
2,13042,0.522070050239563,0.6922666574889867,1785296643.6169777
2,13043,0.5056824088096619,0.6923341590971649,1785296643.698451
2,13044,0.6020946502685547,0.6922984314804623,1785296643.7782407
2,13045,0.6315957903862,0.6923486932599725,1785296643.8571808
2,13046,0.6647865176200867,0.6923817381738174,1785296643.9366233
2,13047,0.8275337219238281,0.6924147649161396,1785296644.0145
2,13048,0.6482561826705933,0.6924134139637164,1785296644.0922737
2,13049,0.43137305974960327,0.6923948887056883,1785296644.1704595
2,13050,0.437579482793808,0.6924278846153846,1785296644.2526784
2,13051,0.49184831976890564,0.6924608624004395,1785296644.3309433
2,13052,0.4504058361053467,0.6924938220757826,1785296644.4090245
2,13053,0.6713134050369263,0.6924924512764206,1785296644.4876308
2,13054,0.5870400667190552,0.6925253841931943,1785296644.566311
2,13055,0.6167829036712646,0.6925240054869685,1785296644.6469967
2,13056,0.4948521852493286,0.6925569116840373,1785296644.7245219
2,13057,0.5206096768379211,0.6925212503427475,1785296644.8061326
2,13058,0.8066091537475586,0.6925027412280702,1785296644.8844442
2,13059,0.7427071332931519,0.6925013702384215,1785296644.9650328
2,13060,0.5175984501838684,0.6925171232876712,1785296645.0427094
2,13061,0.3484463691711426,0.6925499863051219,1785296645.1241455
2,13062,0.5437748432159424,0.692565717415115,1785296645.2016597
2,13063,0.7046589255332947,0.6925472214618122,1785296645.281959
2,13064,1.1011147499084473,0.692614258347017,1785296645.358479
2,13065,0.512876033782959,0.6926641586867305,1785296645.440351
2,13066,0.6521202325820923,0.6926627461706784,1785296645.5182955
2,13067,0.5779130458831787,0.6926613344271261,1785296645.5998683
2,13068,0.7053108215332031,0.692694095133953,1785296645.6817687
2,13069,0.5982059240341187,0.6926926755944247,1785296645.7595477
2,13070,0.8265011310577393,0.6926741803278689,1785296645.8376412
2,13071,0.576217770576477,0.6927239825184376,1785296645.9155154
2,13072,0.6558080911636353,0.6927054888039322,1785296645.9933896
2,13073,0.5493706464767456,0.6927040677040677,1785296646.0709035
2,13074,0.8104548454284668,0.6926855895196506,1785296646.1503828
2,13075,0.6218557357788086,0.6927012278308322,1785296646.2316494
2,13076,0.8380209803581238,0.6926316148390617,1785296646.310991
2,13077,0.6111321449279785,0.6926643032451595,1785296646.389271
2,13078,0.741449773311615,0.6926458560523446,1785296646.4672282
2,13079,0.43606752157211304,0.6926785227582447,1785296646.5451713
2,13080,0.7062971591949463,0.6926941416893733,1785296646.6234467
2,13081,0.5993584394454956,0.6926927267774449,1785296646.705687
2,13082,0.62371826171875,0.6926742919389978,1785296646.7865562
2,13083,0.5290592908859253,0.6927069153280697,1785296646.8638656
2,13084,0.5444011092185974,0.6927395209580839,1785296646.9411638
2,13085,0.44437751173973083,0.6927721088435375,1785296647.0233536
2,13086,0.47362834215164185,0.6927706746463548,1785296647.101916
2,13087,0.7848618626594543,0.6928032363339679,1785296647.1797504
2,13088,0.5190101265907288,0.692818787384448,1785296647.257771
2,13089,0.6482829451560974,0.692834329980973,1785296647.3413079
2,13090,0.5167090892791748,0.6927989130434783,1785296647.424387
2,13091,0.4814909100532532,0.6928144525944037,1785296647.5031247
2,13092,0.6854549646377563,0.6927960347637153,1785296647.581597
2,13093,0.8194200992584229,0.6927945967960901,1785296647.6645172
2,13094,0.6400638818740845,0.6927761943539631,1785296647.7467844
2,13095,0.6858111023902893,0.692791723202171,1785296647.8287585
2,13096,0.5163456797599792,0.6928072436245253,1785296647.9103196
2,13097,0.44197726249694824,0.6928227556278818,1785296647.9917462
2,13098,0.4166298806667328,0.6928552060737527,1785296648.0712786
2,13099,0.500092625617981,0.6928368121442126,1785296648.1538272
2,13100,0.8931382298469543,0.6928353658536586,1785296648.236644
2,13101,0.7125682830810547,0.6928508534272555,1785296648.319784
2,13102,0.5180212259292603,0.6928663326110509,1785296648.3976817
2,13103,0.8366144299507141,0.6928479555916599,1785296648.475881
2,13104,0.6152107119560242,0.6927957498646453,1785296648.553928
2,13105,0.6696499586105347,0.6927943166441136,1785296648.6322055
2,13106,0.7712722420692444,0.692775974025974,1785296648.7106502
2,13107,0.5153966546058655,0.6928083581282121,1785296648.7893567
2,13108,0.9491455554962158,0.6927900216333153,1785296648.8681378
2,13109,0.5020949840545654,0.6927885915112193,1785296648.9495378
2,13110,0.57984459400177,0.6928209459459459,1785296649.0319214
2,13111,0.55377596616745,0.6928363955687652,1785296649.1095166
2,13112,0.5942646861076355,0.6928011885467315,1785296649.1891506
2,13113,0.6973952054977417,0.6927997569538212,1785296649.268971
2,13114,0.3792741298675537,0.6928489470842333,1785296649.346268
2,13115,0.6755425333976746,0.6928643724696356,1785296649.428249
2,13116,0.5486497282981873,0.6928123313545602,1785296649.5075245
2,13117,0.510658860206604,0.6928277582951173,1785296649.586483
2,13118,0.5995090007781982,0.6928094660194175,1785296649.6652846
2,13119,0.6470787525177002,0.6927911836074414,1785296649.7427545
2,13120,0.5370631217956543,0.6927897574123989,1785296649.8201036
2,13121,0.7256337404251099,0.6927546483427648,1785296649.8979578
2,13122,0.5394612550735474,0.6927700700431034,1785296649.9755895
2,13123,0.47033748030662537,0.6928023161863722,1785296650.0531847
2,13124,0.4582040011882782,0.6928345449649973,1785296650.130769
2,13125,0.5236290097236633,0.6928331090174966,1785296650.211614
2,13126,0.46205323934555054,0.6928653121636168,1785296650.2906423
2,13127,0.5933804512023926,0.6928974979822438,1785296650.3725836
2,13128,0.5397830009460449,0.6928960462614309,1785296650.4541826
2,13129,0.7223484516143799,0.6928777897284216,1785296650.5385184
2,13130,0.4853767454624176,0.6928931451612903,1785296650.6185331
2,13131,0.5007807016372681,0.6929252889008332,1785296650.6963375
2,13132,0.6403143405914307,0.6928902471789361,1785296650.773873
2,13133,0.4813593626022339,0.6928887993553586,1785296650.851095
2,13134,0.6741100549697876,0.6928873523093448,1785296650.9302237
2,13135,0.7271439433097839,0.6928859060402685,1785296651.0100954
2,13136,0.42641109228134155,0.6928844605475041,1785296651.087448
2,13137,0.403151273727417,0.6929333243895894,1785296651.1686757
2,13138,0.5039954781532288,0.6929318669527897,1785296651.249435
2,13139,0.6170265674591064,0.6928801287208367,1785296651.3321884
2,13140,0.5830588936805725,0.6928786863270777,1785296651.410238
2,13141,0.8524129390716553,0.6928604931653712,1785296651.492401
2,13142,0.56312096118927,0.6928255627009646,1785296651.5703573
2,13143,0.5824965238571167,0.6928073935172784,1785296651.6524997
2,13144,0.9766690731048584,0.6928059721478308,1785296651.7358308
2,13145,0.49077528715133667,0.6927878179384204,1785296651.8161314
2,13146,0.556924045085907,0.6927529443254818,1785296651.8977072
2,13147,0.8576616644859314,0.6927682633128178,1785296651.9754207
2,13148,0.5766726732254028,0.6927668539325843,1785296652.05297
2,13149,0.8284757137298584,0.692715298208077,1785296652.1355703
2,13150,0.7404121160507202,0.6927139037433155,1785296652.21354
2,13151,0.6364850401878357,0.6927125100240578,1785296652.2952788
2,13152,0.5127416253089905,0.692711117049706,1785296652.376666
2,13153,0.6652299761772156,0.6927097248196634,1785296652.4577537
2,13154,0.596349835395813,0.6927083333333334,1785296652.5361829
2,13155,0.6041982173919678,0.6926234979973298,1785296652.6183414
2,13156,0.7562781572341919,0.6926221302722905,1785296652.7004936
2,13157,0.5491515398025513,0.6926207632772885,1785296652.7791495
2,13158,0.4892158508300781,0.6926027214514408,1785296652.8573027
2,13159,0.7021304368972778,0.6926180314750601,1785296652.9394517
2,13160,0.7010181546211243,0.6926,1785296653.022315
2,13161,0.8177130222320557,0.6926319648093842,1785296653.1006892
2,13162,0.66885906457901,0.6926139392324094,1785296653.1839924
2,13163,0.5587848424911499,0.6926292299493738,1785296653.2632952
2,13164,0.4838719964027405,0.6926112147043154,1785296653.3406646
2,13165,0.6289315223693848,0.6925765645805593,1785296653.4179497
2,13166,0.7342110276222229,0.6925419329073482,1785296653.4959862
2,13167,0.622278094291687,0.6925239552834709,1785296653.5778015
2,13168,0.5944811701774597,0.69252261841405,1785296653.6554947
2,13169,0.4449794590473175,0.692537909018356,1785296653.7372506
2,13170,0.6604568362236023,0.6925698138297872,1785296653.8153076
2,13171,0.5685922503471375,0.6926017016750864,1785296653.8927145
2,13172,0.5408251285552979,0.6925671185539607,1785296653.9718084
2,13173,0.5383890271186829,0.6925823810789263,1785296654.0493221
2,13174,0.5377346873283386,0.6925976354941552,1785296654.1271276
2,13175,0.4518732726573944,0.6926294820717132,1785296654.204339
2,13176,0.6259590983390808,0.6926281200212427,1785296654.2839684
2,13177,0.5777410864830017,0.692610167241837,1785296654.366366
2,13178,0.4386715590953827,0.6926419851380042,1785296654.4434545
2,13179,0.3872544467449188,0.6926737861501725,1785296654.5249999
2,13180,0.7381224036216736,0.6926889920424403,1785296654.6031682
2,13181,0.5466873645782471,0.6926710421638823,1785296654.680411
2,13182,0.7247728705406189,0.6926199628844114,1785296654.7582264
2,13183,0.7261203527450562,0.6926683010866684,1785296654.8417346
2,13184,0.7165920734405518,0.6926834923158453,1785296654.9210844
2,13185,0.33461838960647583,0.6926986754966887,1785296654.9987943
2,13186,0.560796856880188,0.6926807468220338,1785296655.0806732
2,13187,0.45239219069480896,0.6927124702144559,1785296655.1577327
2,13188,0.5019952654838562,0.6927441768131286,1785296655.2367892
2,13189,0.7841354608535767,0.6927593278645144,1785296655.3211174
2,13190,0.5933118462562561,0.6927910052910053,1785296655.4062195
2,13191,0.8537669777870178,0.6928391959798995,1785296655.4838712
2,13192,0.6713855266571045,0.6928212585933369,1785296655.5683897
2,13193,0.7639711499214172,0.6928363732487444,1785296655.646901
2,13194,0.558279812335968,0.6928679968287527,1785296655.7301414
2,13195,0.48710379004478455,0.6928335535006604,1785296655.8083174
2,13196,0.5250567197799683,0.692832144743793,1785296655.885845
2,13197,0.7429671287536621,0.6928472405598098,1785296655.9641511
2,13198,0.5576282739639282,0.6928293294614573,1785296656.043088
2,13199,0.7048736214637756,0.6928444180522565,1785296656.1234918
2,13200,0.6967151761054993,0.6928594986807388,1785296656.2010539
2,13201,0.7865960597991943,0.6928251121076233,1785296656.286017
2,13202,0.5370594263076782,0.6928072257383966,1785296656.368482
2,13203,0.7109036445617676,0.6928223042446612,1785296656.4463453
2,13204,0.8299176692962646,0.6928373748023194,1785296656.5241725
2,13205,0.7569270133972168,0.6927865612648222,1785296656.6022635
2,13206,0.5938026309013367,0.6928016332982087,1785296656.6806183
2,13207,0.6402517557144165,0.6928166973926785,1785296656.762081
2,13208,0.8098856806755066,0.6927823854660348,1785296656.8395305
2,13209,0.4703487157821655,0.6927974466964991,1785296656.9167464
2,13210,0.7686789035797119,0.6928125,1785296656.9948175
2,13211,0.520704448223114,0.692827545382794,1785296657.0728362
2,13212,0.6292026042938232,0.692776827985271,1785296657.1507957
2,13213,0.6843627691268921,0.6927754404417565,1785296657.2345638
2,13214,0.3786727488040924,0.6928069137749737,1785296657.317448
2,13215,0.7873347401618958,0.6927562417871223,1785296657.3958035
2,13216,0.9862270355224609,0.6928041250656858,1785296657.4735863
2,13217,0.6065066456794739,0.6928191489361702,1785296657.5513628
2,13218,0.6411200761795044,0.6928505777310925,1785296657.6304178
2,13219,0.4795631170272827,0.692849173011289,1785296657.7096858
2,13220,0.6220111846923828,0.6928313648293963,1785296657.7923043
2,13221,0.8459691405296326,0.6928627656782996,1785296657.8703678
2,13222,0.619138240814209,0.6928613588667366,1785296657.9514666
2,13223,0.6581753492355347,0.6928763440860215,1785296658.0302193
2,13224,0.8313177227973938,0.69290770844258,1785296658.1082575
2,13225,0.7736590504646301,0.6929226736566186,1785296658.1872244
2,13226,0.4275072515010834,0.6929376310272537,1785296658.2654073
2,13227,0.7161630392074585,0.6929525805606497,1785296658.3469164
2,13228,0.6970693469047546,0.6929347826086957,1785296658.4307
2,13229,0.5395549535751343,0.6929660905996334,1785296658.5146458
2,13230,0.808006227016449,0.6929646596858638,1785296658.5937347
2,13231,0.5878229141235352,0.6929305155718398,1785296658.675736
2,13232,0.4859532117843628,0.692929094714809,1785296658.7538874
2,13233,0.4460831880569458,0.6929276746010986,1785296658.831926
2,13234,0.5716938972473145,0.6929262552301255,1785296658.9098709
2,13235,0.3877028822898865,0.6929901960784314,1785296658.9872293
2,13236,0.6376407742500305,0.6930050967067434,1785296659.0657744
2,13237,0.29766422510147095,0.6930526522079958,1785296659.1457255
2,13238,0.5498219728469849,0.6930675287356322,1785296659.2228158
2,13239,0.4811544418334961,0.6930497518934448,1785296659.3061202
2,13240,0.6502768397331238,0.6930319843342037,1785296659.384949
2,13241,0.5457873940467834,0.6930142260506396,1785296659.4646034
2,13242,0.4685482978820801,0.6929801670146137,1785296659.5422354
2,13243,0.734343945980072,0.692962431515784,1785296659.6228843
2,13244,0.5377317667007446,0.6929610067814294,1785296659.7009902
2,13245,0.9494011998176575,0.6929921773142113,1785296659.7841198
2,13246,0.39737027883529663,0.6930233315954119,1785296659.8621871
2,13247,0.6810874938964844,0.6930056033359395,1785296659.9414837
2,13248,0.6343761682510376,0.6929878843147472,1785296660.0203865
2,13249,0.47929325699806213,0.692986454805939,1785296660.1030843
2,13250,0.6393795013427734,0.6930013020833333,1785296660.1849937
2,13251,0.8227964043617249,0.6929998698255663,1785296660.2627857
2,13252,0.6310315132141113,0.6929821707444039,1785296660.3434367
2,13253,0.5144551992416382,0.6929482175383814,1785296660.4210143
2,13254,0.4888220429420471,0.6929793184183143,1785296660.4989789
2,13255,0.7074031233787537,0.6929616384915475,1785296660.5781775
2,13256,0.5404356718063354,0.6929602184087363,1785296660.6558132
2,13257,0.638447642326355,0.6929587990642059,1785296660.7372441
2,13258,0.8690265417098999,0.6929898648648649,1785296660.816611
2,13259,0.544633150100708,0.692988438555469,1785296660.8943539
2,13260,0.7724353075027466,0.6929707792207792,1785296660.9720101
2,13261,0.6175342798233032,0.6929693586081537,1785296661.0564268
2,13262,0.4601922929286957,0.6930166147455867,1785296661.1339695
2,13263,0.5924302935600281,0.6929989618479108,1785296661.2116346
2,13264,0.46755585074424744,0.6929975350285418,1785296661.2932687
2,13265,0.46679556369781494,0.6930123216601816,1785296661.3759737
2,13266,0.467580646276474,0.6930271006224067,1785296661.453641
2,13267,0.6555970907211304,0.692993259009593,1785296661.531276
2,13268,0.8386108875274658,0.6930404354587869,1785296661.609335
2,13269,0.5711429119110107,0.6930875874578907,1785296661.6889396
2,13270,0.7262396812438965,0.693086139896373,1785296661.7666256
2,13271,0.6565408706665039,0.6930846930846931,1785296661.8482614
2,13272,0.5132397413253784,0.6930832470222682,1785296661.9296088
2,13273,0.8627011179924011,0.6930979808439037,1785296662.0076473
2,13274,0.7296820878982544,0.6931450569358178,1785296662.0861506
2,13275,0.6294366717338562,0.6931112548512289,1785296662.1681895
2,13276,0.5496380925178528,0.6931098034143818,1785296662.2466526
2,13277,0.4371769428253174,0.6931568399275925,1785296662.3291957
2,13278,0.49058064818382263,0.6931715356773527,1785296662.4068632
2,13279,0.8865702152252197,0.6931862238304471,1785296662.488886
2,13280,0.6655902862548828,0.6931686046511628,1785296662.5674062
2,13281,0.5710917115211487,0.6931187031774735,1785296662.6488252
2,13282,0.6045777797698975,0.6931333935950413,1785296662.728205
2,13283,0.6701297760009766,0.6931480764265427,1785296662.8087523
2,13284,0.74656081199646,0.6931627516778524,1785296662.8861997
2,13285,0.771526038646698,0.6931612903225807,1785296662.9641366
2,13286,0.66670823097229,0.6931759545923633,1785296663.043019
2,13287,0.946590006351471,0.6931906112973949,1785296663.1257184
2,13288,0.67580246925354,0.693237493553378,1785296663.2033668
2,13289,0.605388879776001,0.6932360144367105,1785296663.2833126
2,13290,0.6819956302642822,0.6931862113402062,1785296663.3610978
2,13291,0.645110547542572,0.6931847461994332,1785296663.4413514
2,13292,0.5627106428146362,0.693167181865018,1785296663.5231564
2,13293,0.5828019976615906,0.693197913984033,1785296663.6061504
2,13294,0.6833070516586304,0.6932125386199794,1785296663.6845086
2,13295,0.758461594581604,0.6931949806949806,1785296663.7660606
2,13296,0.625992476940155,0.6931613484302624,1785296663.8435583
2,13297,0.5855415463447571,0.6931598919475174,1785296663.9256072
2,13298,0.44971323013305664,0.6932066615226338,1785296664.0035365
2,13299,0.6420957446098328,0.6931730521985087,1785296664.0857053
2,13300,0.7278430461883545,0.6931394601542417,1785296664.166756
2,13301,0.4482068121433258,0.6931380107941403,1785296664.244189
2,13302,0.6472566723823547,0.6930723278520041,1785296664.3230839
2,13303,0.500555157661438,0.6930869509375803,1785296664.4057152
2,13304,0.9033995866775513,0.6931176168464304,1785296664.4860497
2,13305,0.5885729193687439,0.6931001283697048,1785296664.5670311
2,13306,0.5152327418327332,0.6931147330595483,1785296664.644487
2,13307,0.8936886191368103,0.693097254298178,1785296664.7226796
2,13308,0.5471320152282715,0.6931118522319138,1785296664.8001938
2,13309,0.5972523093223572,0.6931424724288279,1785296664.8782952
2,13310,0.6189531683921814,0.6931410256410256,1785296664.9564836
2,13311,0.4314752519130707,0.6931876441937964,1785296665.0402548
2,13312,0.6819555163383484,0.6932022039979497,1785296665.1232677
2,13313,0.6419976353645325,0.6931847296951064,1785296665.2008395
2,13314,0.4737878739833832,0.6931512551229508,1785296665.2786393
2,13315,0.5761763453483582,0.6931338028169014,1785296665.360706
2,13316,0.5073445439338684,0.6931323604710702,1785296665.4385114
2,13317,0.4577578008174896,0.6931309188635781,1785296665.5178995
2,13318,0.617013692855835,0.6931454708290685,1785296665.595484
2,13319,0.6303879022598267,0.6931600153491941,1785296665.6790206
2,13320,0.6631901860237122,0.6931265984654732,1785296665.7567077
2,13321,0.7180056571960449,0.6930931986704167,1785296665.839065
2,13322,0.5346717238426208,0.6930917689161554,1785296665.9174216
2,13323,0.575170636177063,0.6931063122923588,1785296665.996873
2,13324,0.597774863243103,0.6930729432805314,1785296666.0745666
2,13325,0.5295200347900391,0.6930395913154533,1785296666.1519923
2,13326,0.46325820684432983,0.6930541368743616,1785296666.232442
2,13327,0.4741571545600891,0.6930846310952259,1785296666.315306
2,13328,0.5259647369384766,0.6930672537008677,1785296666.398473
2,13329,0.39475446939468384,0.6930977290125032,1785296666.4765863
2,13330,0.271525114774704,0.6931600765306123,1785296666.553889
2,13331,0.5104057788848877,0.6931905126243305,1785296666.6357534
2,13332,0.4308689534664154,0.6932209331973483,1785296666.713323
2,13333,0.787360668182373,0.6932354065765995,1785296666.7984402
2,13334,0.621930718421936,0.6932020897043832,1785296666.8763702
2,13335,0.6496869325637817,0.6932006369426752,1785296666.9544032
2,13336,0.49672242999076843,0.6932628629648497,1785296667.030927
2,13337,0.7871691584587097,0.6932613954672778,1785296667.1086223
2,13338,0.5963054299354553,0.6932599287169042,1785296667.186385
2,13339,0.5323265790939331,0.6932743700687197,1785296667.2692347
2,13340,0.7392498254776001,0.6932888040712468,1785296667.3473263
2,13341,0.8535768389701843,0.6933191299923683,1785296667.4264896
2,13342,0.8014953136444092,0.6933176500508647,1785296667.5048497
2,13343,0.5908651947975159,0.6933161708619374,1785296667.5884883
2,13344,0.6181544065475464,0.6932829181494662,1785296667.6670878
2,13345,0.5237774848937988,0.6932655654383736,1785296667.749137
2,13346,0.5230962634086609,0.6932799796747967,1785296667.8271565
2,13347,0.5631915330886841,0.6932308864617729,1785296667.909294
2,13348,0.5425999164581299,0.6932294311833418,1785296667.9880202
2,13349,0.8324716091156006,0.6932438436151307,1785296668.0690453
2,13350,0.7295699715614319,0.6932741116751269,1785296668.1463718
2,13351,0.4259340465068817,0.6933043643745243,1785296668.226653
2,13352,0.5914515852928162,0.6933187468290208,1785296668.3045533
2,13353,0.5698249936103821,0.6933014202383971,1785296668.3866804
2,13354,0.5486959218978882,0.6932524087221096,1785296668.4645767
2,13355,0.8386071920394897,0.6932667934093789,1785296668.5435255
2,13356,0.9269113540649414,0.693249493157628,1785296668.6218307
2,13357,0.5012753009796143,0.6932005320496579,1785296668.701875
2,13358,0.4949924647808075,0.6931832573454914,1785296668.780313
2,13359,0.4329177737236023,0.6932292985565967,1785296668.861952
2,13360,0.6462308168411255,0.693243670886076,1785296668.9393477
2,13361,0.6422814726829529,0.6932422171602126,1785296669.022831
2,13362,0.7151253819465637,0.6932407641700404,1785296669.1045027
2,13363,0.4623677134513855,0.6932551226916266,1785296669.1842752
2,13364,0.8192894458770752,0.6932852807283764,1785296669.2666123
2,13365,0.6561580896377563,0.69326801517067,1785296669.3464913
2,13366,0.7285021543502808,0.693298154701719,1785296669.4247468
2,13367,0.6283102035522461,0.6933282789992419,1785296669.5029252
2,13368,0.7380304336547852,0.6933268064679131,1785296669.5822065
2,13369,0.8112851977348328,0.6933411214953271,1785296669.6598814
2,13370,0.6167336702346802,0.6933554292929293,1785296669.7374196
2,13371,0.6270875334739685,0.6933697298661954,1785296669.817705
2,13372,0.44956544041633606,0.6934313478041393,1785296669.8952904
2,13373,0.45950013399124146,0.6934298511228867,1785296669.9730096
2,13374,0.6193776726722717,0.6934125882946519,1785296670.050788
2,13375,0.44630786776542664,0.6934268600252207,1785296670.1330068
2,13376,0.5689688920974731,0.6933780887544125,1785296670.2105756
2,13377,0.7594316005706787,0.6933766070078144,1785296670.290873
2,13378,0.6198914051055908,0.693390877016129,1785296670.3742714
2,13379,0.5054639577865601,0.6934051398337112,1785296670.456112
2,13380,0.866081714630127,0.6934036523929471,1785296670.5330708
2,13381,0.8197837471961975,0.6933706874842609,1785296670.6108687
2,13382,0.7439417243003845,0.693384944612286,1785296670.6886663
2,13383,0.5981869101524353,0.6933991945633023,1785296670.766334
2,13384,0.5832498073577881,0.6933977101157524,1785296670.8442364
2,13385,0.6287465691566467,0.6933647798742139,1785296670.925559
2,13386,0.76661217212677,0.6933633048289738,1785296671.003546
2,13387,0.4543076455593109,0.6933775458888609,1785296671.0854957
2,13388,0.7216647863388062,0.6933446455505279,1785296671.163212
2,13389,0.5054621696472168,0.6933274692133702,1785296671.2410476
2,13390,0.6109011769294739,0.6933417085427136,1785296671.3190317
2,13391,0.8300352096557617,0.6933716402913841,1785296671.4016724
2,13392,0.6814432144165039,0.6933701657458563,1785296671.4801953
2,13393,0.7348691821098328,0.6933686919407481,1785296671.5621057
2,13394,0.5001845359802246,0.6933985943775101,1785296671.645236
2,13395,0.5729416608810425,0.6933971141781682,1785296671.722625
2,13396,0.6602669954299927,0.6933799548419468,1785296671.8014276
2,13397,0.7980940341949463,0.6933941560070228,1785296671.8842778
2,13398,0.5892899036407471,0.6933926780341023,1785296671.9623163
2,13399,0.5064663887023926,0.6933912008022061,1785296672.046428
2,13400,0.515275776386261,0.693374060150376,1785296672.1261535
2,13401,0.6853876113891602,0.6933569280881985,1785296672.2040563
2,13402,0.5686332583427429,0.693371117234469,1785296672.2831032
2,13403,0.6753635406494141,0.6934009516654145,1785296672.364753
2,13404,0.5250105857849121,0.6934307711567351,1785296672.4422886
2,13405,0.4145549535751343,0.6934605757196496,1785296672.522847
2,13406,0.5815094709396362,0.693506006006006,1785296672.6021936
2,13407,0.5083732604980469,0.6935045033775331,1785296672.681721
2,13408,0.8004102110862732,0.6934873686843421,1785296672.7597673
2,13409,0.6706662178039551,0.693485871467867,1785296672.8406992
2,13410,0.8470748066902161,0.693484375,1785296672.9189699
2,13411,0.5623159408569336,0.6934828792801799,1785296672.9968185
2,13412,0.557013213634491,0.6934657671164418,1785296673.0753927
2,13413,0.5889078378677368,0.6934798900824382,1785296673.1564958
2,13414,0.4242957830429077,0.6935096153846154,1785296673.2355282
2,13415,0.37426242232322693,0.6935549313358302,1785296673.3157997
2,13416,0.5470944046974182,0.6935534198701947,1785296673.3929884
2,13417,0.7031511664390564,0.6935675068629897,1785296673.4763963
2,13418,0.7754310369491577,0.6935348053892215,1785296673.5590663
2,13419,0.8823187351226807,0.6935333000748316,1785296673.637612
2,13420,0.5582690238952637,0.6935317955112219,1785296673.7153132
2,13421,0.6459168791770935,0.693530291697831,1785296673.7976592
2,13422,0.4660837948322296,0.6935599451645065,1785296673.8796134
2,13423,0.5128995776176453,0.693574009469225,1785296673.9566345
2,13424,0.8935335874557495,0.6935724962630793,1785296674.0410514
2,13425,0.6172511577606201,0.6935865504358655,1785296674.1203518
2,13426,0.40898260474205017,0.6935850348605578,1785296674.198301
2,13427,0.5377843976020813,0.6935990789146129,1785296674.2797947
2,13428,0.4862430989742279,0.6936131159780986,1785296674.3576574
2,13429,0.3771096467971802,0.6936737994526001,1785296674.4396982
2,13430,0.9478665590286255,0.6936722636815921,1785296674.5215092
2,13431,0.6383770704269409,0.6936240984829645,1785296674.599691
2,13432,0.589587926864624,0.693607036300348,1785296674.6820445
2,13433,0.7383034229278564,0.693636589609744,1785296674.7603908
2,13434,0.5178709626197815,0.6936040009940357,1785296674.8386896
2,13435,1.0472389459609985,0.6936490683229813,1785296674.9168985
2,13436,0.622146725654602,0.6936941132637854,1785296674.9946165
2,13437,0.5365102291107178,0.693677054879563,1785296675.0723648
2,13438,0.6513687968254089,0.6936600049652433,1785296675.1506138
2,13439,0.6011841893196106,0.6936739885827748,1785296675.2324524
2,13440,0.6065248847007751,0.6936569478908189,1785296675.3152835
2,13441,0.5353679656982422,0.6936554204911932,1785296675.3930588
2,13442,0.6693533658981323,0.6936538938492064,1785296675.4746597
2,13443,0.9021745920181274,0.6936368708157699,1785296675.5566251
2,13444,0.6077714562416077,0.6936663361427863,1785296675.6385286
2,13445,0.7784299850463867,0.6936183395291202,1785296675.7163618
2,13446,0.4952819347381592,0.6936168235877106,1785296675.7944589
2,13447,0.5503404140472412,0.6936307901907357,1785296675.8722303
2,13448,0.5664765238761902,0.6936602278355621,1785296675.9504988
2,13449,0.5503071546554565,0.6935813320128744,1785296676.0345826
2,13450,0.3006320893764496,0.693641707920792,1785296676.112198
2,13451,0.5454038381576538,0.6936556545409552,1785296676.194229
2,13452,0.6258929967880249,0.6936386689757545,1785296676.2726953
2,13453,0.6271048784255981,0.6936371506307197,1785296676.356219
2,13454,0.7567774057388306,0.6936356330365975,1785296676.4345436
2,13455,0.48178550601005554,0.6936495673671199,1785296676.5144472
2,13456,0.6521650552749634,0.6936326000988631,1785296676.5921597
2,13457,0.713304877281189,0.6936619718309859,1785296676.6728
2,13458,0.7038111090660095,0.693660449604743,1785296676.7515807
2,13459,0.6085033416748047,0.6936589281304025,1785296676.8300912
2,13460,0.794409990310669,0.6936111111111111,1785296676.9092438
2,13461,0.6957466006278992,0.6935941742779561,1785296676.9920838
2,13462,0.6970383524894714,0.6936235192497532,1785296677.071076
2,13463,0.49213746190071106,0.6936065877128054,1785296677.1529102
2,13464,0.6294599771499634,0.6936513320177602,1785296677.2357593
2,13465,0.5884130001068115,0.6936806411837237,1785296677.3135455
2,13466,0.4899543225765228,0.6936482988165681,1785296677.395756
2,13467,0.6265515089035034,0.6936621888094652,1785296677.478042
2,13468,0.6203658580780029,0.6936144652538196,1785296677.5566998
2,13469,0.5819873213768005,0.6935975609756098,1785296677.6392155
2,13470,0.5552905201911926,0.6936114532019705,1785296677.7173786
2,13471,0.5759168267250061,0.6935945579906427,1785296677.7997413
2,13472,0.40829622745513916,0.6936238306253077,1785296677.8806431
2,13473,0.4920916259288788,0.693683854294856,1785296677.962375
2,13474,0.5741103291511536,0.6936669537401575,1785296678.0464292
2,13475,0.5633531212806702,0.6936961869618696,1785296678.1242566
2,13476,0.4756723642349243,0.693694663059518,1785296678.2025619
2,13477,0.7709455490112305,0.6937238750922056,1785296678.284398
2,13478,0.6118435263633728,0.6936916175024582,1785296678.3614974
2,13479,0.5214458703994751,0.693659375768002,1785296678.4429166
2,13480,0.4805752635002136,0.6936425061425061,1785296678.5209324
2,13481,0.7285701036453247,0.6936256448047163,1785296678.603688
2,13482,0.66046142578125,0.6936548379174853,1785296678.681557
2,13483,0.6991282105445862,0.6936840166953105,1785296678.7593238
2,13484,0.6471365690231323,0.6936978399607265,1785296678.836912
2,13485,0.4271549582481384,0.6937269938650307,1785296678.9171515
2,13486,0.49756795167922974,0.6937254661432777,1785296678.9949121
2,13487,0.8676538467407227,0.6936932793720874,1785296679.0734477
2,13488,0.5645467638969421,0.6937070868072585,1785296679.151502
2,13489,0.48788657784461975,0.6937668546212307,1785296679.229716
2,13490,0.6476916074752808,0.693795955882353,1785296679.3072157
2,13491,0.6557980179786682,0.6937637833864249,1785296679.3900197
2,13492,0.445158451795578,0.6937928711415973,1785296679.472155
2,13493,0.5620549321174622,0.693791329904482,1785296679.5503705
2,13494,0.5627865791320801,0.6938203966699314,1785296679.6278548
2,13495,0.5488324761390686,0.6938341493268054,1785296679.7055047
2,13496,0.6129370331764221,0.6938173029858052,1785296679.7841518
2,13497,0.8029926419258118,0.6938157572791779,1785296679.8623416
2,13498,0.8076943159103394,0.6938295009784736,1785296679.9397848
2,13499,0.3788934350013733,0.6938890926876987,1785296680.0206482
2,13500,0.5510377287864685,0.6939028117359414,1785296680.0981271
2,13501,0.5223095417022705,0.6939012466389636,1785296680.1754773
2,13502,0.7447808384895325,0.6938996823069403,1785296680.253178
2,13503,0.5750667452812195,0.6938675787930614,1785296680.3307428
2,13504,0.5387519598007202,0.6938660234489497,1785296680.408968
2,13505,0.6563230752944946,0.6938339438339438,1785296680.488454
2,13506,0.5646460056304932,0.6938323974609375,1785296680.5663347
2,13507,0.8853425979614258,0.6938003417134488,1785296680.644125
2,13508,0.6969980001449585,0.6938293069790141,1785296680.7223563
2,13509,0.8533483743667603,0.6938430104903635,1785296680.8050954
2,13510,0.8929080963134766,0.6938262195121951,1785296680.888857
2,13511,0.6068814992904663,0.6938094367227505,1785296680.966992
2,13512,0.6139273643493652,0.6937774256460263,1785296681.050641
2,13513,0.4838213324546814,0.6937606629295637,1785296681.1283414
2,13514,0.6471155881881714,0.6937439083820662,1785296681.2067347
2,13515,0.7906073331832886,0.6937423873325214,1785296681.287033
2,13516,0.550574779510498,0.693756088650755,1785296681.36514
2,13517,0.4765954315662384,0.6937697832968103,1785296681.4472022
2,13518,0.6814340353012085,0.6937834712755598,1785296681.529557
2,13519,0.5827425718307495,0.6937971525918715,1785296681.6104472
2,13520,0.7025325894355774,0.6937804136253042,1785296681.6883512
2,13521,0.4767523407936096,0.6938092921430309,1785296681.7670395
2,13522,0.5768666863441467,0.693838156614786,1785296681.8448188
2,13523,0.4958690106868744,0.6938214198881595,1785296681.9279103
2,13524,0.5377060770988464,0.6937743072435586,1785296682.0059621
2,13525,0.6705766320228577,0.6937272174969623,1785296682.0873077
2,13526,0.5513288378715515,0.6937257045675413,1785296682.1652124
2,13527,0.4712302088737488,0.6937393733300947,1785296682.2426457
2,13528,0.46846556663513184,0.6937378581835842,1785296682.3201728
2,13529,0.49900949001312256,0.6937515173585822,1785296682.40035
2,13530,0.7359835505485535,0.69375,1785296682.4790635
2,13531,0.5200186371803284,0.6937636495996118,1785296682.5618722
2,13532,0.4140734374523163,0.6938076176613295,1785296682.6393008
2,13533,0.9011411070823669,0.693836405529954,1785296682.7222528
2,13534,0.8399453163146973,0.6938045586808923,1785296682.8007836
2,13535,0.6591602563858032,0.6937878787878788,1785296682.8835468
2,13536,0.5754541158676147,0.6937712069801261,1785296682.961522
2,13537,0.746121883392334,0.693799975769324,1785296683.0454981
2,13538,0.4223198890686035,0.693843871124031,1785296683.1225402
2,13539,0.5178756713867188,0.6938271978687334,1785296683.2028947
2,13540,0.5992092490196228,0.6938256658595642,1785296683.2801971
2,13541,0.49988436698913574,0.6938090050835148,1785296683.3589485
2,13542,0.532738208770752,0.6937772265246854,1785296683.43809
2,13543,0.8416519165039062,0.6937605855310912,1785296683.5216315
2,13544,0.697994589805603,0.6937288340590227,1785296683.6003928
2,13545,0.4895133376121521,0.6937575574365176,1785296683.6778557
2,13546,0.7155294418334961,0.6937409332688588,1785296683.7561917
2,13547,0.6943556666374207,0.6937394247038917,1785296683.8354049
2,13548,0.6771486401557922,0.6937379168680522,1785296683.9136431
2,13549,0.5772064328193665,0.6937213094950471,1785296683.9944494
2,13550,0.5195742249488831,0.693719806763285,1785296684.0723376
2,13551,0.6376121044158936,0.6936881188118812,1785296684.155647
2,13552,0.5591184496879578,0.6936866248189281,1785296684.237447
2,13553,0.36269697546958923,0.6937303886072894,1785296684.314994
2,13554,0.7716550827026367,0.6937590492277992,1785296684.3927126
2,13555,0.38407301902770996,0.6938178528347406,1785296684.4705868
2,13556,0.702168345451355,0.6937560299083454,1785296684.5502508
2,13557,0.4997583031654358,0.6937394502049674,1785296684.6274762
2,13558,0.8322015404701233,0.6937379459980714,1785296684.7057674
2,13559,0.8813557624816895,0.6937665702578935,1785296684.7841363
2,13560,0.88267582654953,0.6937349397590361,1785296684.8630052
2,13561,0.5636492967605591,0.6936732112743917,1785296684.9460776
2,13562,0.4891124963760376,0.6936867774566474,1785296685.0261488
2,13563,0.5642176866531372,0.6936702383818926,1785296685.1088803
2,13564,0.6674636602401733,0.6936386615310544,1785296685.1873143
2,13565,0.8520914316177368,0.6936371841155234,1785296685.2701647
2,13566,0.5807201862335205,0.6936507459095284,1785296685.3483024
2,13567,0.6621463298797607,0.6936492662978109,1785296685.4296863
2,13568,0.4756152629852295,0.6936327561327561,1785296685.5080829
2,13569,0.5993408560752869,0.6936463092089444,1785296685.590011
2,13570,0.7608879208564758,0.6936448317307692,1785296685.6688473
2,13571,0.5401791334152222,0.6935832732516222,1785296685.7519088
2,13572,0.9099279046058655,0.6935968284478616,1785296685.831233
2,13573,0.6875825524330139,0.6935803507086236,1785296685.9100451
2,13574,0.6294996738433838,0.6935939000960615,1785296685.9873888
2,13575,0.5025202631950378,0.693577430972389,1785296686.0662396
2,13576,0.8449641466140747,0.6935759721555449,1785296686.1438944
2,13577,0.6215135455131531,0.6935595152387809,1785296686.2255113
2,13578,0.8268635869026184,0.6936180422264875,1785296686.3023336
2,13579,0.6904911994934082,0.6936165747181579,1785296686.3834176
2,13580,0.6982452869415283,0.6936151079136691,1785296686.4615555
2,13581,0.561767041683197,0.6936286262287221,1785296686.5439467
2,13582,0.5930812358856201,0.6936121764141898,1785296686.623921
2,13583,0.4521864056587219,0.6936256889527918,1785296686.7017388
2,13584,0.5406663417816162,0.6936092477240058,1785296686.784265
2,13585,0.8978492021560669,0.693562874251497,1785296686.8669474
2,13586,0.5925798416137695,0.6935165229885057,1785296687.3682914
2,13587,0.7363865971565247,0.6935001197031362,1785296687.4467297
2,13588,0.5548831224441528,0.6934986835806606,1785296687.525977
2,13589,0.6371684074401855,0.6935122038765255,1785296687.6055353
2,13590,0.826454758644104,0.6935107655502393,1785296687.6844404
2,13591,0.5630427598953247,0.6935242764888783,1785296687.7702076
2,13592,0.8481454849243164,0.6935377809660449,1785296687.8478022
2,13593,0.5773584842681885,0.6935363375567775,1785296687.927124
2,13594,0.71070796251297,0.6935348948374761,1785296688.0070293
2,13595,0.6917287707328796,0.6935483870967742,1785296688.088221
2,13596,0.4637618660926819,0.693561872909699,1785296688.1661298
2,13597,0.8526731729507446,0.6936201337473131,1785296688.2439473
2,13598,0.5405446887016296,0.6936186723973257,1785296688.3226473
2,13599,0.6835264563560486,0.6935724516591072,1785296688.4018238
2,13600,0.6491098403930664,0.6935710023866348,1785296688.480277
2,13601,0.6770609617233276,0.693584466714388,1785296688.5585122
2,13602,0.7363188862800598,0.6935531965648855,1785296688.638672
2,13603,0.9269852638244629,0.6935368471261627,1785296688.718598
2,13604,0.7034512758255005,0.6935056032427277,1785296688.7994397
2,13605,0.977198600769043,0.6935041716328963,1785296688.8785932
2,13606,0.5783583521842957,0.6935325309818875,1785296688.9567568
2,13607,0.6437826156616211,0.6934864188706219,1785296689.0344386
2,13608,0.6246705055236816,0.6934701048118151,1785296689.1128755
2,13609,0.6127426028251648,0.6934389140271493,1785296689.190955
2,13610,0.7975025773048401,0.6934821428571428,1785296689.274479
2,13611,0.7270045280456543,0.6934658414663175,1785296689.354952
2,13612,0.6749763488769531,0.6934495478343646,1785296689.4385102
2,13613,0.6329944729804993,0.6934035212943136,1785296689.5190141
2,13614,0.4825150966644287,0.6934467174119886,1785296689.5993402
2,13615,0.6061815023422241,0.6934898929845422,1785296689.6770706
2,13616,0.6839213967323303,0.6934736091298146,1785296689.7600076
2,13617,0.7080864906311035,0.6934721892084621,1785296689.838428
2,13618,0.5598931908607483,0.6935153279467681,1785296689.9166896
2,13619,0.5637182593345642,0.6934990496555001,1785296689.9990652
2,13620,0.7479428052902222,0.6934530878859857,1785296690.0774794
2,13621,0.6041540503501892,0.6934368321063881,1785296690.1596694
2,13622,0.6195288896560669,0.6934354226020892,1785296690.2379127
2,13623,0.5758635401725769,0.6934636838357465,1785296690.3176525
2,13624,0.7750009298324585,0.6934919316563835,1785296690.3954022
2,13625,0.813630998134613,0.6935053380782918,1785296690.4786477
2,13626,0.754448413848877,0.6935039136622391,1785296690.556298
2,13627,0.47013795375823975,0.6934876689589756,1785296690.6367476
2,13628,0.7382508516311646,0.6935010668563301,1785296690.7149863
2,13629,0.5404192209243774,0.6934403887177056,1785296690.7997918
2,13630,0.7088828086853027,0.693438981042654,1785296690.8784442
2,13631,0.5898799896240234,0.6934375740345889,1785296690.9569454
2,13632,0.6682463884353638,0.6934065608716248,1785296691.034694
2,13633,0.689384937286377,0.6934495619228037,1785296691.117492
2,13634,0.4098864197731018,0.6935073390151515,1785296691.195442
2,13635,0.6491420269012451,0.6935059171597633,1785296691.2761974
2,13636,0.5733228921890259,0.6935044959772835,1785296691.3540947
2,13637,0.4419006407260895,0.6935178613674,1785296691.4336958
2,13638,0.476351797580719,0.693531220435194,1785296691.511361
2,13639,0.5307997465133667,0.6935593520926933,1785296691.5898457
2,13640,0.5823200345039368,0.6935431442080379,1785296691.6683135
2,13641,0.5960251092910767,0.6935417159064051,1785296691.7472503
2,13642,0.6334958076477051,0.6935698251417769,1785296691.825211
2,13643,0.5376884937286377,0.6935683912119065,1785296691.907206
2,13644,0.6183720827102661,0.6935521965044875,1785296691.988518
2,13645,0.799290120601654,0.6935360094451003,1785296692.0703785
2,13646,0.6602703332901001,0.6935345845136922,1785296692.1491594
2,13647,0.6296758055686951,0.6935479112579656,1785296692.2311194
2,13648,0.7689771056175232,0.6935759792354884,1785296692.3131592
2,13649,0.50761479139328,0.693604033970276,1785296692.3913925
2,13650,0.5906864404678345,0.6936173349056604,1785296692.469107
2,13651,0.7512925267219543,0.6935864182975713,1785296692.5480146
2,13652,0.5222032070159912,0.6935997171145686,1785296692.626241
2,13653,0.3384881615638733,0.6936424699505067,1785296692.7083488
2,13654,0.6886300444602966,0.6936410226201697,1785296692.7871072
2,13655,0.6158742308616638,0.6936542991755006,1785296692.8668182
2,13656,0.8586069345474243,0.6936381300047103,1785296692.9446445
2,13657,0.44019097089767456,0.6936366847186249,1785296693.026804
2,13658,0.7910971641540527,0.6936499529190208,1785296693.103534
2,13659,0.6305299997329712,0.693663214874088,1785296693.1846752
2,13660,0.5932091474533081,0.6936911764705882,1785296693.2627745
2,13661,0.5924975275993347,0.6936897200658668,1785296693.3455765
2,13662,0.4998708665370941,0.69368826434619,1785296693.423133
2,13663,0.9801859259605408,0.6937308958382319,1785296693.5032468
2,13664,0.7788206934928894,0.6937588152327221,1785296693.581968
2,13665,0.5716205835342407,0.6937426556991775,1785296693.6642299
2,13666,0.5934818387031555,0.6937118186090225,1785296693.741923
2,13667,0.5722471475601196,0.6936956777073057,1785296693.8232915
2,13668,0.6124866604804993,0.6936795443870362,1785296693.903074
2,13669,0.8952126502990723,0.6936780934491664,1785296693.9811652
2,13670,0.5266501307487488,0.6936766431924882,1785296694.0590086
2,13671,0.520012617111206,0.693689861534851,1785296694.1412072
2,13672,0.898037314414978,0.6936884091975598,1785296694.2239773
2,13673,0.6773670315742493,0.6936576354679803,1785296694.3035028
2,13674,0.47059306502342224,0.693670848968105,1785296694.3851545
2,13675,0.4968496263027191,0.6936840562719813,1785296694.4629772
2,13676,0.8357794284820557,0.6936972573839663,1785296694.5449734
2,13677,0.6161519289016724,0.693681157722053,1785296694.626033
2,13678,0.4739541709423065,0.6937382849109653,1785296694.7076507
2,13679,0.6943212747573853,0.6937221831810728,1785296694.786322
2,13680,0.5836663246154785,0.6937060889929743,1785296694.8639297
2,13681,0.81248939037323,0.693690002341372,1785296694.9425602
2,13682,0.6969097852706909,0.693717813670412,1785296695.0204608
2,13683,0.7036868929862976,0.6936724783524456,1785296695.1029642
2,13684,0.6306363940238953,0.6936710341600374,1785296695.1807714
2,13685,0.631037712097168,0.693654970760234,1785296695.2604988
2,13686,0.8425220251083374,0.6936242984097287,1785296695.3388538
2,13687,0.7103117108345032,0.6936374795417348,1785296695.4168205
2,13688,0.48418477177619934,0.6936214352501169,1785296695.4993343
2,13689,0.5206453204154968,0.6935907922411778,1785296695.5798047
2,13690,0.8048908710479736,0.6936039719626168,1785296695.6584845
2,13691,0.42772531509399414,0.6936171455267461,1785296695.737693
2,13692,0.5569579005241394,0.6935865249883232,1785296695.815464
2,13693,0.5285524129867554,0.6935705113238384,1785296695.8971994
2,13694,0.6053460836410522,0.6935982726423903,1785296695.9744725
2,13695,0.5880506038665771,0.6935968494749125,1785296696.0518994
2,13696,0.727826714515686,0.6935954269715352,1785296696.1296728
2,13697,0.4850156605243683,0.6935940051317938,1785296696.207798
2,13698,0.5486586689949036,0.6935488572761194,1785296696.2872536
2,13699,0.5333850383758545,0.6935620191186757,1785296696.3679013
2,13700,0.8945764899253845,0.6935168997668998,1785296696.4503646
2,13701,0.6463817358016968,0.6934572360755069,1785296696.5284321
2,13702,0.7483353614807129,0.6933976001863933,1785296696.6110158
2,13703,0.663426399230957,0.6933816678313534,1785296696.6914263
2,13704,0.6039551496505737,0.6933948532836516,1785296696.7694452
2,13705,0.5408937931060791,0.6933934807916181,1785296696.8518736
2,13706,0.5505707859992981,0.693421205772812,1785296696.9331465
2,13707,0.5419749021530151,0.693419827786828,1785296697.0115652
2,13708,0.6196638345718384,0.6934475337366217,1785296697.094394
2,13709,0.5498990416526794,0.6934606885322168,1785296697.1770325
2,13710,0.6621587872505188,0.6934593023255814,1785296697.2558868
2,13711,0.5893213748931885,0.6934579167635434,1785296697.3386056
2,13712,0.5054736137390137,0.6934565318456531,1785296697.4178789
2,13713,0.6788663864135742,0.6934406228212875,1785296697.4989133
2,13714,0.5660631060600281,0.6934682853159851,1785296697.577066
2,13715,0.856086790561676,0.6934814169570267,1785296697.6553323
2,13716,0.5685043931007385,0.6935090571295867,1785296697.732953
2,13717,0.5387884378433228,0.6934786394241932,1785296697.8114495
2,13718,0.6219516396522522,0.6934917595171773,1785296697.8901546
2,13719,0.6362770199775696,0.6935193780459503,1785296697.9709268
2,13720,0.7420572638511658,0.6934744779582367,1785296698.0537183
2,13721,0.49167534708976746,0.6934730920900023,1785296698.136642
2,13722,0.5018402934074402,0.6934427179962894,1785296698.2155848
2,13723,0.5337193012237549,0.6934848133549734,1785296698.2927191
2,13724,0.8256440162658691,0.6934979137691237,1785296698.3742495
2,13725,0.5248047113418579,0.6934965237543453,1785296698.4556944
2,13726,0.5478097796440125,0.6934806533827618,1785296698.5385573
2,13727,0.5655933618545532,0.6934358350706509,1785296698.6165166
2,13728,0.6189786791801453,0.693448934691987,1785296698.6961575
2,13729,0.8034653663635254,0.6934041444778885,1785296698.7746067
2,13730,0.5955813527107239,0.6933738425925926,1785296698.8524795
2,13731,0.5575839281082153,0.6934014117102523,1785296698.9307168
2,13732,0.4207712709903717,0.6934289680703378,1785296699.0082033
2,13733,0.7360532283782959,0.693442054129077,1785296699.087781
2,13734,0.9850416779518127,0.6934262257169288,1785296699.1669104
2,13735,0.6914305686950684,0.6934537572254336,1785296699.2453117
2,13736,0.4829445779323578,0.6934812760055479,1785296699.3231032
2,13737,0.42107895016670227,0.6935232262537555,1785296699.4051268
2,13738,0.47936105728149414,0.6935507162661737,1785296699.4839334
2,13739,0.6216659545898438,0.693534881034881,1785296699.5633168
2,13740,0.5904593467712402,0.6935334872979215,1785296699.6404846
2,13741,0.6451985239982605,0.6935609558993304,1785296699.721062
2,13742,0.5188971161842346,0.6935739843028624,1785296699.8000803
2,13743,0.9341599941253662,0.6935437341333949,1785296699.8827364
2,13744,0.6377736330032349,0.6935567604983849,1785296699.9610386
2,13745,0.5952646136283875,0.6935697808535178,1785296700.040222
2,13746,0.6379358172416687,0.6935827952029521,1785296700.1185665
2,13747,0.4322509765625,0.6935669817846437,1785296700.196082
2,13748,0.4344797134399414,0.693608805901337,1785296700.2784166
2,13749,0.9025797843933105,0.693592993777368,1785296700.3595202
2,13750,0.7724680304527283,0.6936203917050692,1785296700.4404926
2,13751,0.48466193675994873,0.6935901865929509,1785296700.5194726
2,13752,0.7231693267822266,0.6936031782588669,1785296700.5975893
2,13753,0.4457169771194458,0.6936161639419756,1785296700.6756477
2,13754,0.6797244548797607,0.693614755985267,1785296700.7536986
2,13755,0.7805059552192688,0.6936421173762946,1785296700.8356164
2,13756,0.6056677103042603,0.6936694661757938,1785296700.9136517
2,13757,0.6175569295883179,0.6936536691971474,1785296700.9923112
2,13758,0.7874255180358887,0.6936953771849126,1785296701.0692747
2,13759,0.6403046250343323,0.6936652103931938,1785296701.1508152
2,13760,0.7150474786758423,0.6936350574712644,1785296701.229139
2,13761,0.8654975891113281,0.6936480119512756,1785296701.3077579
2,13762,0.5579147338867188,0.6936465992647058,1785296701.3851357
2,13763,0.6012226343154907,0.6936021134849529,1785296701.4678283
2,13764,0.6951844692230225,0.6936007119889757,1785296701.5504112
2,13765,0.9556232690811157,0.693613662456946,1785296701.6325336
2,13766,0.7062264680862427,0.693612258953168,1785296701.7151203
2,13767,0.6287357211112976,0.6936395455588708,1785296701.7954016
2,13768,0.7448791265487671,0.6936524782010096,1785296701.8735864
2,13769,0.7762390375137329,0.6936223904565267,1785296701.9557269
2,13770,0.48212242126464844,0.6936209862385321,1785296702.0342853
2,13771,0.6797784566879272,0.6936195826645265,1785296702.113118
2,13772,0.3579511046409607,0.6936754928931683,1785296702.1917908
2,13773,0.6034823656082153,0.693688402475361,1785296702.271208
2,13774,0.6052725315093994,0.6936440192483959,1785296702.3500197
2,13775,0.5221719145774841,0.6936139747995418,1785296702.4329472
2,13776,0.49842119216918945,0.6936125744388456,1785296702.515137
2,13777,0.7942038774490356,0.6936111747194871,1785296702.5945518
2,13778,0.721072793006897,0.6935811584249084,1785296702.6726165
2,13779,0.6686475276947021,0.6935940718699931,1785296702.754735
2,13780,0.6275023221969604,0.6935783752860412,1785296702.8377962
2,13781,0.5894641280174255,0.6935340883093114,1785296702.9158883
2,13782,0.5983026623725891,0.6934898215919487,1785296702.9942975
2,13783,0.5311713218688965,0.6935027441115938,1785296703.0763211
2,13784,0.5718884468078613,0.6935299497027893,1785296703.1586564
2,13785,0.7822619676589966,0.6935285714285714,1785296703.236851
2,13786,0.5798678398132324,0.6935414762340036,1785296703.3166244
2,13787,0.7223563194274902,0.6934829792095042,1785296703.3947918
2,13788,0.6901767253875732,0.6934673366834171,1785296703.4725857
2,13789,0.5686222314834595,0.693451701301667,1785296703.5555224
2,13790,0.45673900842666626,0.6934788812785389,1785296703.635966
2,13791,0.5440949201583862,0.6934917826980141,1785296703.7145855
2,13792,0.5081861019134521,0.6934761524418074,1785296703.7929444
2,13793,0.6902478933334351,0.6934605293178189,1785296703.874156
2,13794,0.7476956248283386,0.6935161952554745,1785296703.95153
2,13795,0.45432978868484497,0.6935290763968073,1785296704.02995
2,13796,0.8323034644126892,0.6934992020063839,1785296704.1082103
2,13797,0.6090587377548218,0.6934693412354684,1785296704.187721
2,13798,0.7148650288581848,0.6934964676390155,1785296704.269004
2,13799,0.5177427530288696,0.6934381408065619,1785296704.3511167
2,13800,0.55088210105896,0.6934083143507973,1785296704.4298317
2,13801,0.519554853439331,0.693435436119335,1785296704.5079024
2,13802,0.43489140272140503,0.6934483151183971,1785296704.5862753
2,13803,0.5731582045555115,0.6934185067152288,1785296704.664765
2,13804,0.8447158336639404,0.6934029358215749,1785296704.7430983
2,13805,0.959086537361145,0.6934158134243459,1785296704.8262618
2,13806,0.6796121001243591,0.6934571201091901,1785296704.9034634
2,13807,0.4739574193954468,0.6934984080054583,1785296704.9815767
2,13808,0.5698723196983337,0.6935112551159618,1785296705.0597332
2,13809,0.8229132294654846,0.693509888611048,1785296705.1416006
2,13810,0.5853142738342285,0.6934801136363636,1785296705.2195113
2,13811,0.6102325916290283,0.6934787548284481,1785296705.2973497
2,13812,0.6696041226387024,0.6935057928214448,1785296705.3755686
2,13813,0.6352806091308594,0.6935470133999546,1785296705.4541905
2,13814,0.5729284286499023,0.6935598319709355,1785296705.5316164
2,13815,0.5698425769805908,0.6935584562996595,1785296705.6132104
2,13816,0.9117408990859985,0.6935996368588289,1785296705.6919258
2,13817,0.748522162437439,0.6935698888132517,1785296705.773244
2,13818,0.4178195893764496,0.6935968693284936,1785296705.8510787
2,13819,0.6354394555091858,0.6935813109548651,1785296705.929087
2,13820,0.6413553953170776,0.6935799319727891,1785296706.0071297
2,13821,0.5460817217826843,0.6935643844933121,1785296706.0846467
2,13822,0.7127541899681091,0.6935913417951043,1785296706.1629817
2,13823,0.8010972738265991,0.6935474733741219,1785296706.242624
2,13824,0.7600081562995911,0.6935319438151336,1785296706.3205864
2,13825,0.710677444934845,0.6935730464326161,1785296706.4006753
2,13826,0.6423353552818298,0.6935150588768116,1785296706.4790618
2,13827,0.645260214805603,0.6934853973285036,1785296706.5597882
2,13828,0.7028576135635376,0.6934981892258941,1785296706.6376393
2,13829,0.5441351532936096,0.693468544919665,1785296706.7197587
2,13830,0.5630654096603394,0.693481334841629,1785296706.796842
2,13831,0.752626895904541,0.6934941189776068,1785296706.8749964
2,13832,0.8617145419120789,0.6935210312075983,1785296706.9539123
2,13833,0.4837719202041626,0.6935620619489035,1785296707.0333066
2,13834,0.6230108141899109,0.6935748191681737,1785296707.1114805
2,13835,0.8242160081863403,0.6935593220338983,1785296707.1935825
2,13836,0.5308154821395874,0.6935720741075463,1785296707.272272
2,13837,0.5824060440063477,0.6935707025073413,1785296707.3537743
2,13838,0.665313720703125,0.6936116757000903,1785296707.4319077
2,13839,0.5276524424552917,0.6936385188530142,1785296707.5098753
2,13840,0.5216369032859802,0.6936653498871331,1785296707.588554
2,13841,0.7451804876327515,0.6936498533062514,1785296707.668774
2,13842,0.6195685267448425,0.6936484657039711,1785296707.7474673
2,13843,0.6454499959945679,0.6936470787277239,1785296707.826601
2,13844,0.682100236415863,0.6936738836265224,1785296707.9046283
2,13845,0.49339964985847473,0.6936583990980835,1785296707.982745
2,13846,0.6868941783905029,0.6936288322813345,1785296708.0636213
2,13847,0.6039005517959595,0.6936274509803921,1785296708.1457438
2,13848,0.5311056971549988,0.6936401532221721,1785296708.223565
2,13849,0.5339606404304504,0.6936387699932417,1785296708.3030634
2,13850,0.7080634236335754,0.6936655405405405,1785296708.3807323
2,13851,0.6819206476211548,0.6936782256248593,1785296708.4620163
2,13852,0.511911928653717,0.6936768347591176,1785296708.540043
2,13853,0.7150721549987793,0.6936473103758721,1785296708.618038
2,13854,0.6189601421356201,0.6936459270927092,1785296708.695376
2,13855,0.6155482530593872,0.6936304836895388,1785296708.7768128
2,13856,0.5573670864105225,0.6936150472334683,1785296708.8586102
2,13857,0.5906915664672852,0.6935996177198112,1785296708.9387317
2,13858,0.622010350227356,0.6935841951438849,1785296709.020317
2,13859,0.5892265439033508,0.6935547314003147,1785296709.1020777
2,13860,0.46844008564949036,0.6935393258426966,1785296709.1821434
2,13861,0.4655778110027313,0.6935379689957313,1785296709.2595396
2,13862,0.6607409715652466,0.6935646900269542,1785296709.3384805
2,13863,0.7385969758033752,0.6935633280934201,1785296709.4206119
2,13864,0.5791465640068054,0.6935759991019308,1785296709.4984665
2,13865,0.6166161298751831,0.6935886644219977,1785296709.5814729
2,13866,0.4425160586833954,0.6936153500897666,1785296709.6587708
2,13867,0.3868415951728821,0.6936560466681625,1785296709.7361732
2,13868,0.5602854490280151,0.6936827052489906,1785296709.814607
2,13869,0.6499450206756592,0.6936532854900201,1785296709.8927946
2,13870,0.6731845140457153,0.6936378923766816,1785296709.9711304
2,13871,0.5333124995231628,0.6936925577224837,1785296710.0485961
2,13872,0.5708855986595154,0.6936631555356343,1785296710.1261132
2,13873,0.6860167980194092,0.6936197624915976,1785296710.2045586
2,13874,0.8012318015098572,0.6936323924731183,1785296710.2822263
2,13875,0.7025562524795532,0.6936450167973124,1785296710.3645554
2,13876,0.41585832834243774,0.6936856247201075,1785296710.4423363
2,13877,0.48162150382995605,0.693698231475263,1785296710.5223641
2,13878,0.7334762215614319,0.6937108325872874,1785296710.6007376
2,13879,0.7486246824264526,0.6937094428283732,1785296710.6791408
2,13880,0.6168451905250549,0.6936661073825503,1785296710.7569838
2,13881,0.621012806892395,0.693664728248714,1785296710.8343096
2,13882,0.42432355880737305,0.693691301431127,1785296710.9117732
2,13883,0.5577349662780762,0.6936479991057456,1785296710.9937189
2,13884,0.5495560169219971,0.6936745641484131,1785296711.0721817
2,13885,0.7494814991950989,0.6936173184357541,1785296711.154545
2,13886,0.7225053906440735,0.6936019883824843,1785296711.2327166
2,13887,0.6658711433410645,0.6936145856600402,1785296711.3159697
2,13888,0.295660138130188,0.6936550915587316,1785296711.3934252
2,13889,0.5254348516464233,0.6936676713552132,1785296711.471515
2,13890,0.9091546535491943,0.6936662946428571,1785296711.549628
2,13891,0.5141333341598511,0.6936649185449676,1785296711.627648
2,13892,0.6694183945655823,0.6936635430611334,1785296711.7062943
2,13893,0.5809966325759888,0.6937039928619229,1785296711.7888808
2,13894,0.5934869647026062,0.6937026092774309,1785296711.870956
2,13895,0.7259620428085327,0.6936733556298774,1785296711.9517949
2,13896,0.7002913951873779,0.6936441150245207,1785296712.0353663
2,13897,0.5896921157836914,0.6936427457098284,1785296712.1146073
2,13898,0.7345495223999023,0.693655303030303,1785296712.1925342
2,13899,0.7786792516708374,0.6936400089106706,1785296712.2711327
2,13900,0.8857188820838928,0.6936247216035635,1785296712.3490274
2,13901,0.4906688332557678,0.6936233578267647,1785296712.4267383
2,13902,0.8370562791824341,0.6936219946571683,1785296712.5052512
2,13903,0.41333433985710144,0.6936484531493434,1785296712.5852163
2,13904,0.6152500510215759,0.6936192701379618,1785296712.663159
2,13905,0.6892274022102356,0.6935901001112347,1785296712.7458193
2,13906,0.6949799656867981,0.693602646797153,1785296712.8232222
2,13907,0.4705469012260437,0.6936151879030464,1785296712.9058604
2,13908,0.5720208287239075,0.6936416184971098,1785296712.9835613
2,13909,0.4605982303619385,0.6936541453656369,1785296713.0623765
2,13910,0.5627821087837219,0.6936666666666667,1785296713.1394904
2,13911,0.679789662361145,0.6936652966007554,1785296713.223208
2,13912,0.6049502491950989,0.6936639271434918,1785296713.308419
2,13913,0.7062483429908752,0.693648678658672,1785296713.387858
2,13914,0.5524870157241821,0.693661190053286,1785296713.469703
2,13915,0.6486666202545166,0.6937153163152053,1785296713.548905
2,13916,0.5907855033874512,0.6937416777629827,1785296713.6296396
2,13917,0.6546277403831482,0.6937680275127579,1785296713.7075193
2,13918,0.5442240238189697,0.6937666370896185,1785296713.7898774
2,13919,0.6986092329025269,0.6937375249500998,1785296713.8720033
2,13920,0.5539032816886902,0.69375,1785296713.9496136
2,13921,0.5510632991790771,0.6937070494347152,1785296714.029866
2,13922,0.4380643963813782,0.6937333776595744,1785296714.107754
2,13923,0.6653019785881042,0.693718147573676,1785296714.190724
2,13924,0.6572491526603699,0.6937167700487372,1785296714.2705626
2,13925,0.5062545537948608,0.6937292358803987,1785296714.3480773
2,13926,0.6340566873550415,0.6937416961913198,1785296714.4251952
2,13927,0.5180069208145142,0.6937818242196148,1785296714.5071201
2,13928,0.38254743814468384,0.6938081009296149,1785296714.5845547
2,13929,0.5418097376823425,0.6938343660101792,1785296714.6620207
2,13930,0.3486279845237732,0.6938882743362832,1785296714.7408044
2,13931,0.5384530425071716,0.6938592125635922,1785296714.8189962
2,13932,0.6291825175285339,0.6938301636444051,1785296714.8962853
2,13933,0.49952101707458496,0.6938149458324121,1785296714.979049
2,13934,0.44616609811782837,0.6938549955791335,1785296715.0568693
2,13935,0.54290771484375,0.6938950276243094,1785296715.1385314
2,13936,0.5342947244644165,0.693893614670791,1785296715.2167256
2,13937,0.8194434642791748,0.6938783962889331,1785296715.300677
2,13938,0.7209135890007019,0.6938769876325088,1785296715.3784413
2,13939,0.5148748755455017,0.6938755795981453,1785296715.4584463
2,13940,0.6378442645072937,0.6938603752759381,1785296715.5364544
2,13941,0.704150915145874,0.6938589715294637,1785296715.6143677
2,13942,0.6199033260345459,0.6938989408649603,1785296715.691736
2,13943,0.8132324814796448,0.6938699536730641,1785296715.7697105
2,13944,0.5380257368087769,0.6938547640052933,1785296715.8478668
2,13945,0.5365839004516602,0.6938395810363837,1785296715.92528
2,13946,0.7513027787208557,0.6938381834215167,1785296716.003446
2,13947,0.6238968968391418,0.6938367864227463,1785296716.0850728
2,13948,0.776943027973175,0.6938629352137505,1785296716.1632323
2,13949,0.6634647250175476,0.6938339942718661,1785296716.2442174
2,13950,0.48844411969184875,0.6938325991189427,1785296716.3224366
2,13951,0.7211188673973083,0.6938174410922704,1785296716.4042363
2,13952,0.8437291979789734,0.6938022897402025,1785296716.482669
2,13953,0.558127760887146,0.6938146599163548,1785296716.5623887
2,13954,0.7893040180206299,0.693785761443662,1785296716.6409905
2,13955,0.7096242904663086,0.6937706270627063,1785296716.7226923
2,13956,0.6790539622306824,0.6937692476902771,1785296716.8008525
2,13957,0.5351413488388062,0.6937816142511546,1785296716.8807015
2,13958,0.567242443561554,0.6937390061565524,1785296716.9580102
2,13959,0.8256236910820007,0.6937651132116949,1785296717.0388627
2,13960,0.6399298906326294,0.6937225274725275,1785296717.1167068
2,13961,0.6372051239013672,0.6937348934300154,1785296717.1945093
2,13962,0.3650045096874237,0.6937609841827768,1785296717.2723086
2,13963,0.6305043697357178,0.6937458818361519,1785296717.3504868
2,13964,0.652614414691925,0.6937307861220905,1785296717.428531
2,13965,0.5463000535964966,0.6937294182217344,1785296717.5068436
2,13966,0.7203670740127563,0.693741769095698,1785296717.5851362
2,13967,0.6732099056243896,0.693781544876015,1785296717.6623783
2,13968,0.7727797031402588,0.6937801667397981,1785296717.7408323
2,13969,0.42287734150886536,0.6937924983549024,1785296717.8242397
2,13970,0.5206865072250366,0.6938048245614035,1785296717.906345
2,13971,0.6778333783149719,0.6937897390923043,1785296717.9857764
2,13972,0.6160551905632019,0.6937335598421744,1785296718.0655026
2,13973,0.6315488219261169,0.693718496603112,1785296718.149101
2,13974,0.5287362337112427,0.693703439964943,1785296718.2262647
2,13975,1.122654914855957,0.6937020810514787,1785296718.3049767
2,13976,0.37317967414855957,0.6937417871222076,1785296718.3823311
2,13977,0.47518453001976013,0.6937404204072696,1785296718.4659276
2,13978,0.49006420373916626,0.6937527364273205,1785296718.5436823
2,13979,0.4275667369365692,0.6937787261982928,1785296718.624296
2,13980,0.4447460174560547,0.693804704595186,1785296718.7061255
2,13981,0.6826068162918091,0.6937759789980311,1785296718.783808
2,13982,0.5403765439987183,0.6937882764654418,1785296718.864039
2,13983,0.9833981990814209,0.6937732342007435,1785296718.9418893
2,13984,0.6393404603004456,0.69377186270223,1785296719.0198305
2,13985,0.5440406799316406,0.6937841530054645,1785296719.098735
2,13986,0.5448748469352722,0.6937964379370629,1785296719.176412
2,13987,0.7169361710548401,0.6937267861044352,1785296719.2557397
2,13988,0.6681584119796753,0.6937663826998689,1785296719.333616
2,13989,0.5109037160873413,0.69375136492684,1785296719.4157608
2,13990,0.871857762336731,0.6937909388646288,1785296719.4935386
2,13991,0.6585648059844971,0.6937895655970312,1785296719.5720592
2,13992,0.5462114810943604,0.6937745525971192,1785296719.649398
2,13993,0.7124866247177124,0.6937868208596989,1785296719.7292986
2,13994,0.7978540658950806,0.6937581806282722,1785296719.8077161
2,13995,0.48830458521842957,0.6937977099236641,1785296719.8895624
2,13996,0.5969773530960083,0.6938099651112081,1785296719.967675
2,13997,0.6976066827774048,0.6938494658818399,1785296720.0500314
2,13998,0.4130508303642273,0.6938753269398431,1785296720.1309338
2,13999,0.5197272896766663,0.6939011767269557,1785296720.208777
2,14000,0.8592209815979004,0.6939133986928104,1785296720.2896032
2,14001,0.45523861050605774,0.6939256153343498,1785296720.371636
2,14002,0.4557569622993469,0.6939242160278746,1785296720.4532003
2,14003,0.6102862358093262,0.693936424994557,1785296720.5309136
2,14004,0.6178902983665466,0.6939078145407053,1785296720.6127536
2,14005,0.5478503704071045,0.6939200217627857,1785296720.6909368
2,14006,0.6213304996490479,0.6939186248912097,1785296720.7693398
2,14007,0.5391897559165955,0.6939308244507287,1785296720.8490098
2,14008,0.5937677621841431,0.6939158329708569,1785296720.9267972
2,14009,0.6967892646789551,0.6938872580995868,1785296721.0073047
2,14010,0.7031610012054443,0.6938858695652174,1785296721.08542
2,14011,0.8424185514450073,0.6938844816344273,1785296721.1679676
2,14012,0.9994049072265625,0.6938559322033898,1785296721.2485368
2,14013,0.5650156736373901,0.6938409732782967,1785296721.3255603
2,14014,0.5956726670265198,0.6938260208514335,1785296721.4038146
2,14015,0.6207668781280518,0.6938382193268187,1785296721.4831452
2,14016,0.6129802465438843,0.6938232739904473,1785296721.561801
2,14017,0.4599195718765259,0.6938219014543087,1785296721.639864
2,14018,0.7935143709182739,0.69384765625,1785296721.7167141
2,14019,0.4470883309841156,0.6938462790193101,1785296721.7938993
2,14020,0.6096299886703491,0.6938449023861172,1785296721.87133
2,14021,0.633192241191864,0.6938299718065496,1785296721.9489617
2,14022,0.6347951889038086,0.6938557025151778,1785296722.0265498
2,14023,0.6049497127532959,0.6938678734012573,1785296722.1093798
2,14024,0.6747496724128723,0.6938664932813178,1785296722.1883287
2,14025,0.5242998600006104,0.6938921993499458,1785296722.265501
2,14026,0.47169995307922363,0.6938908145580589,1785296722.3444848
2,14027,0.6245157122612,0.6938352826510721,1785296722.4225006
2,14028,0.6202529668807983,0.6938474447812906,1785296722.5015244
2,14029,0.6962734460830688,0.6938460705780471,1785296722.58341
2,14030,0.7180783152580261,0.6938041125541126,1785296722.6628418
2,14031,0.5688357353210449,0.6938027483228738,1785296722.74151
2,14032,0.455565869808197,0.6938284292514063,1785296722.8194845
2,14033,0.7296279668807983,0.6938405797101449,1785296722.8973608
2,14034,0.7231757640838623,0.6938121756055363,1785296722.9756284
2,14035,0.7090390920639038,0.6937837837837838,1785296723.0580282
2,14036,0.5280303955078125,0.6937824254215305,1785296723.1357143
2,14037,0.5123294591903687,0.6937810676464232,1785296723.2128468
2,14038,0.6076642870903015,0.6937932152117545,1785296723.290497
2,14039,0.4771000146865845,0.6938053575286239,1785296723.3722835
2,14040,0.6199991106987,0.6938039956803456,1785296723.454834
2,14041,0.5927269458770752,0.6938026344202116,1785296723.5323021
2,14042,0.45587727427482605,0.6938147668393783,1785296723.6094608
2,14043,0.5882938504219055,0.6937864234837039,1785296723.6912308
2,14044,0.6545839309692383,0.6938120414328873,1785296723.769334
2,14045,0.5645664930343628,0.6938106796116504,1785296723.8517609
2,14046,0.5657256245613098,0.693809318377912,1785296723.9303503
2,14047,0.8119124174118042,0.6938214362734527,1785296724.0102715
2,14048,0.6128394603729248,0.6938470245795602,1785296724.0875885
2,14049,0.5327072143554688,0.6938860745850399,1785296724.1680636
2,14050,0.9883410334587097,0.6938577586206897,1785296724.2466478
2,14051,0.4370388984680176,0.693923723335488,1785296724.3236732
2,14052,0.7637978196144104,0.6939088754847049,1785296724.4017916
2,14053,0.5556582808494568,0.6939344174025415,1785296724.4800808
2,14054,0.4355788826942444,0.6939599483204134,1785296724.5628679
2,14055,0.8316496014595032,0.6939451022604951,1785296724.644645
2,14056,0.6522719264030457,0.6939168101592768,1785296724.7275012
2,14057,0.4888112246990204,0.6939288788465677,1785296724.805556
2,14058,0.8213179111480713,0.6939140490533563,1785296724.8840187
2,14059,0.4145629107952118,0.6939395568939557,1785296724.9616866
2,14060,0.6134330034255981,0.6939650537634409,1785296725.0402203
2,14061,0.559490442276001,0.6939636637282305,1785296725.1181757
2,14062,0.6231994032859802,0.6939219690455718,1785296725.1959596
2,14063,0.8822426199913025,0.6938937244788309,1785296725.2738233
2,14064,0.6996433734893799,0.6938520627417275,1785296725.3520265
2,14065,0.49281084537506104,0.6938641245972073,1785296725.4295228
2,14066,0.6460025906562805,0.6938896048109966,1785296725.5079935
2,14067,0.38278669118881226,0.6939419153961778,1785296725.5853465
2,14068,0.6772745251655579,0.693927114641477,1785296725.664513
2,14069,0.48746511340141296,0.6939257351362953,1785296725.7415302
2,14070,0.5753520131111145,0.6939243562231759,1785296725.8212671
2,14071,0.7947006225585938,0.6939632053207466,1785296725.9040403
2,14072,0.7000944018363953,0.693961818961819,1785296725.981792
2,14073,1.0025542974472046,0.6939604331975123,1785296726.0639856
2,14074,0.5683687925338745,0.6939858490566038,1785296726.1435475
2,14075,0.7102121114730835,0.6939576634512326,1785296726.2260034
2,14076,0.6696377396583557,0.6939562794684955,1785296726.3039243
2,14077,0.538287341594696,0.6939548960788515,1785296726.3843172
2,14078,0.804168701171875,0.6939401242502142,1785296726.463187
2,14079,0.5112103819847107,0.6939253587491968,1785296726.542429
2,14080,0.7061218619346619,0.6938704496788008,1785296726.6208072
2,14081,0.8655498623847961,0.6938824662813102,1785296726.7025998
2,14082,0.5187989473342896,0.6938811001712328,1785296726.7814486
2,14083,0.5252834558486938,0.6938797346458377,1785296726.8634713
2,14084,0.6029021739959717,0.6938783697047497,1785296726.9410408
2,14085,0.421074241399765,0.6938770053475936,1785296727.0213094
2,14086,0.45161935687065125,0.6938756415739948,1785296727.0996444
2,14087,0.7575147151947021,0.6938475518494761,1785296727.1779397
2,14088,0.5758794546127319,0.6938862761864044,1785296727.2556784
2,14089,0.7218002676963806,0.6938982688608677,1785296727.337861
2,14090,0.46528729796409607,0.6939369658119658,1785296727.4152532
2,14091,0.4822591245174408,0.6939489425336467,1785296727.4967918
2,14092,0.5239452123641968,0.6939609141392568,1785296727.5762544
2,14093,0.42610135674476624,0.6939728806320734,1785296727.6538718
2,14094,0.7608943581581116,0.6939314688300597,1785296727.7317934
2,14095,0.6488540172576904,0.6939167556029883,1785296727.810104
2,14096,0.7557022571563721,0.6938620358514724,1785296727.8885064
2,14097,0.7295052409172058,0.6938606784723704,1785296727.9709167
2,14098,0.5734176635742188,0.693859321672355,1785296728.054556
2,14099,0.7488337755203247,0.6938313073149925,1785296728.132086
2,14100,0.6930150985717773,0.6938299573560768,1785296728.210817
2,14101,0.6320000886917114,0.693815284587508,1785296728.2928567
2,14102,0.7917001247406006,0.6937606564364877,1785296728.3716483
2,14103,0.4690782129764557,0.6937593223950564,1785296728.4511392
2,14104,0.5539457201957703,0.6937579889220281,1785296728.52896
2,14105,0.5042592287063599,0.693716719914803,1785296728.6069899
2,14106,0.5882940292358398,0.6937020868824532,1785296728.6843817
2,14107,0.7822726964950562,0.6937273791781988,1785296728.7619865
2,14108,0.5635415315628052,0.6937393571732652,1785296728.8414505
2,14109,0.7941785454750061,0.6937380293679506,1785296728.9190018
2,14110,0.7792173624038696,0.6936835106382979,1785296728.995378
2,14111,0.7305668592453003,0.6936821952776006,1785296729.0730934
2,14112,0.5862101912498474,0.6936542960442365,1785296729.1502068
2,14113,0.7175178527832031,0.6936264086753137,1785296729.2269747
2,14114,0.5535798072814941,0.6936383928571429,1785296729.3042958
2,14115,0.35660645365715027,0.6936902231668438,1785296729.3817394
